case_id,citizen_id,first_name,last_name,gender,birth_date,target_group,problem_type,request_date,assistance_date,assistance_type,case_source,urgency_level,case_result,close_date,channel,province,district,agency
SOC00001,1955805695341,ชไมพร,สุนทรวงศ์,หญิง,1998-05-14,คนไร้ที่พึ่ง,ขาดผู้ดูแล,2023-11-15,2023-11-22,ประสานส่งต่อหน่วยงาน,ประชาชนแจ้งด้วยตนเอง,ปกติ,ติดตามผลและปิดเคส,2023-12-02,เครือข่ายชุมชน,จันทบุรี,คลองใหม่,ศูนย์ช่วยเหลือสังคม 1300
SOC00002,7258690001749,กมลชนก,เกษมสุข,ชาย,1961-05-06,ผู้ประสบปัญหาทางสังคมทั่วไป,ปัญหาสุขภาพและการดำรงชีพ,2023-06-15,2023-06-28,ช่วยเหลือสิ่งของเครื่องใช้จำเป็น,หน่วยงานภาครัฐส่งต่อ,ปกติ,ให้คำปรึกษาและปิดเคส,2023-07-25,หน่วยงานส่งต่อ,บุรีรัมย์,บ้านใหม่,สำนักงานพัฒนาสังคมและความมั่นคงของมนุษย์จังหวัด
SOC00003,5224821529491,วาสนา,ภูมิใจ,ชาย,2003-02-23,ผู้มีรายได้น้อย,ความรุนแรงในครอบครัว,2024-05-22,2024-05-26,จัดหาที่พักชั่วคราว,ประชาชนแจ้งด้วยตนเอง,เร่งด่วน,ส่งต่อหน่วยงานและปิดเคส,2024-06-09,หน่วยงานส่งต่อ,พิจิตร,คลองใหม่,ศูนย์ช่วยเหลือสังคม 1300
SOC00004,2696728529820,สายฝน,อ่อนละมุน,หญิง,1960-06-21,ผู้สูงอายุ,ประสบเหตุฉุกเฉิน,2024-10-17,2024-10-19,ช่วยเหลือสิ่งของเครื่องใช้จำเป็น,องค์กรปกครองส่วนท้องถิ่นส่งต่อ,ฉุกเฉิน,ติดตามผลและปิดเคส,2024-11-04,Walk-in,อุตรดิตถ์,ทุ่งสุข,ศูนย์คุ้มครองคนไร้ที่พึ่ง
SOC00005,4187314354202,กรรณิการ์,ชำนาญกิจ,หญิง,1986-04-06,ผู้ประสบปัญหาทางสังคมทั่วไป,รายได้ไม่เพียงพอ,2025-06-24,2025-06-26,ช่วยเหลือเงินสงเคราะห์,หน่วยงานภาครัฐส่งต่อ,เร่งด่วน,ช่วยเหลือและปิดเคส,2025-07-26,สายด่วน พม. 1300,ลพบุรี,ศรีพัฒนา,บ้านพักเด็กและครอบครัว
SOC00006,6001213402611,ชญานิศ,ประเสริฐศรี,ชาย,2017-04-15,เด็กและเยาวชน,ขาดผู้ดูแล,2025-01-18,2025-01-21,ช่วยเหลือเงินสงเคราะห์,ญาติ/ครอบครัวแจ้ง,ปกติ,ติดตามผลและปิดเคส,2025-02-13,เครือข่ายชุมชน,อุตรดิตถ์,ทุ่งสุข,สำนักงานพัฒนาสังคมและความมั่นคงของมนุษย์จังหวัด
SOC00007,2284721441643,นันทนา,วงศ์คำ,ชาย,1978-10-27,คนพิการ,หนี้สินครัวเรือน,2026-03-08,2026-03-12,ให้คำปรึกษา,สายด่วน พม. 1300,เร่งด่วน,ติดตามผลและปิดเคส,2026-04-10,เครือข่ายชุมชน,ปทุมธานี,คลองหลวง,สำนักงานพัฒนาสังคมและความมั่นคงของมนุษย์จังหวัด
SOC00008,5433990413969,พัชราภา,ร่มเย็น,ชาย,1974-02-04,ผู้มีรายได้น้อย,รายได้ไม่เพียงพอ,2026-02-01,2026-02-10,ช่วยเหลือสิ่งของเครื่องใช้จำเป็น,สายด่วน พม. 1300,ปกติ,ช่วยเหลือและปิดเคส,2026-02-25,Walk-in,ลำปาง,เมือง,ศูนย์คุ้มครองคนไร้ที่พึ่ง
SOC00009,8240399515252,เมธาวี,พรมศรี,ชาย,2022-05-30,เด็กและเยาวชน,ความรุนแรงในครอบครัว,2024-05-26,2024-06-06,ให้คำปรึกษา,เครือข่ายชุมชนแจ้ง,ปกติ,ส่งต่อหน่วยงานและปิดเคส,2024-07-03,สายด่วน พม. 1300,นครราชสีมา,พิมาย,สำนักงานพัฒนาสังคมและความมั่นคงของมนุษย์จังหวัด
SOC00010,1446676889069,ณัฐวุฒิ,สุขเกษม,ชาย,2016-12-06,เด็กและเยาวชน,ประสบเหตุฉุกเฉิน,2025-02-05,2025-02-18,จัดหาที่พักชั่วคราว,หน่วยงานภาครัฐส่งต่อ,ปกติ,ติดตามผลและปิดเคส,2025-03-12,เครือข่ายชุมชน,เชียงราย,เชียงของ,สำนักงานพัฒนาสังคมและความมั่นคงของมนุษย์จังหวัด
SOC00011,6291383137886,นันทนา,เจริญผล,ชาย,1942-04-15,ผู้สูงอายุ,รายได้ไม่เพียงพอ,2025-07-19,2025-08-05,ช่วยเหลือเงินสงเคราะห์,ญาติ/ครอบครัวแจ้ง,ปกติ,ติดตามผลและปิดเคส,2025-08-19,ระบบออนไลน์,ลพบุรี,คลองใหม่,สำนักงานพัฒนาสังคมและความมั่นคงของมนุษย์จังหวัด
SOC00012,4492446098303,พัชรินทร์,สุขสวัสดิ์,หญิง,1938-09-20,ผู้สูงอายุ,รายได้ไม่เพียงพอ,2026-07-13,2026-07-20,ช่วยเหลือเงินสงเคราะห์,หน่วยงานภาครัฐส่งต่อ,เร่งด่วน,ช่วยเหลือและปิดเคส,2026-08-10,ระบบออนไลน์,ขอนแก่น,บ้านไผ่,ศูนย์ช่วยเหลือสังคม 1300
SOC00013,6664024796872,จุฑามาศ,แสงทอง,ชาย,1947-05-16,ผู้สูงอายุ,รายได้ไม่เพียงพอ,2024-11-21,2024-12-08,ช่วยเหลือเงินสงเคราะห์,สายด่วน พม. 1300,ปกติ,ติดตามผลและปิดเคส,2024-12-22,ระบบออนไลน์,มหาสารคาม,เมือง,ศูนย์คุ้มครองคนไร้ที่พึ่ง
SOC00014,8796185655585,รัชนี,บุญเกิด,ชาย,2012-05-31,เด็กและเยาวชน,รายได้ไม่เพียงพอ,2026-06-09,2026-06-28,ประสานส่งต่อหน่วยงาน,ญาติ/ครอบครัวแจ้ง,ปกติ,ส่งต่อหน่วยงานและปิดเคส,2026-07-26,สายด่วน พม. 1300,ลำพูน,หนองกลาง,บ้านพักเด็กและครอบครัว
SOC00015,2056539513638,พชร,วัฒนกุล,หญิง,2005-09-24,ผู้มีรายได้น้อย,ปัญหาสุขภาพและการดำรงชีพ,2023-05-01,2023-05-17,ช่วยเหลือเงินสงเคราะห์,องค์กรปกครองส่วนท้องถิ่นส่งต่อ,ปกติ,ติดตามผลและปิดเคส,2023-06-13,หน่วยงานส่งต่อ,ลพบุรี,บ้านใหม่,ศูนย์ช่วยเหลือสังคม 1300
SOC00016,4806263249604,สุรีย์พร,เพิ่มพูน,ชาย,1983-05-24,สตรีและครอบครัว,ว่างงาน,2026-06-29,2026-07-16,ช่วยเหลือเงินสงเคราะห์,ญาติ/ครอบครัวแจ้ง,ปกติ,ติดตามผลและปิดเคส,2026-07-18,หน่วยงานส่งต่อ,บุรีรัมย์,เมือง,ศูนย์คุ้มครองคนไร้ที่พึ่ง
SOC00017,5045662977004,กาญจนา,มงคลชัย,ชาย,2006-05-12,ผู้มีรายได้น้อย,ความรุนแรงในครอบครัว,2026-08-22,2026-08-24,ช่วยเหลือสิ่งของเครื่องใช้จำเป็น,สายด่วน พม. 1300,เร่งด่วน,ส่งต่อหน่วยงานและปิดเคส,2026-08-24,Walk-in,นครศรีธรรมราช,ศรีพัฒนา,ศูนย์ช่วยเหลือสังคม 1300
SOC00018,2284721441643,นันทนา,วงศ์คำ,ชาย,1978-10-27,คนพิการ,ปัญหาสุขภาพและการดำรงชีพ,2023-05-01,2023-05-07,ประสานส่งต่อหน่วยงาน,ญาติ/ครอบครัวแจ้ง,ปกติ,ให้คำปรึกษาและปิดเคส,2023-05-29,หน่วยงานส่งต่อ,นราธิวาส,ทุ่งสุข,สำนักงานพัฒนาสังคมและความมั่นคงของมนุษย์จังหวัด
SOC00019,2382583517311,พิมพ์ชนก,พรหมมา,ชาย,2009-06-23,เด็กและเยาวชน,รายได้ไม่เพียงพอ,2023-07-23,2023-07-28,ให้คำปรึกษา,องค์กรปกครองส่วนท้องถิ่นส่งต่อ,ปกติ,ช่วยเหลือและปิดเคส,2023-08-26,ระบบออนไลน์,กระบี่,ทุ่งสุข,บ้านพักเด็กและครอบครัว
SOC00020,8334995448384,สุภาวดี,นิ่มนวล,ชาย,1956-02-07,คนไร้ที่พึ่ง,หนี้สินครัวเรือน,2026-01-17,2026-01-18,ช่วยเหลือเงินสงเคราะห์,ญาติ/ครอบครัวแจ้ง,เร่งด่วน,ให้คำปรึกษาและปิดเคส,2026-01-22,Walk-in,จันทบุรี,หนองกลาง,ศูนย์ช่วยเหลือสังคม 1300
SOC00021,7201827019170,ธนพร,อุดมศักดิ์,ชาย,1999-06-04,ผู้มีรายได้น้อย,ขาดผู้ดูแล,2022-08-03,2022-08-16,ช่วยเหลือสิ่งของเครื่องใช้จำเป็น,หน่วยงานภาครัฐส่งต่อ,ปกติ,ช่วยเหลือและปิดเคส,2022-08-23,หน่วยงานส่งต่อ,สงขลา,สะเดา,ศูนย์คุ้มครองคนไร้ที่พึ่ง
SOC00022,4268248756425,พรรณภา,เจริญผล,ชาย,1964-08-07,ผู้มีรายได้น้อย,ความรุนแรงในครอบครัว,2025-05-17,2025-05-30,ช่วยเหลือด้านที่อยู่อาศัย,สายด่วน พม. 1300,ปกติ,ให้คำปรึกษาและปิดเคส,2025-06-20,ระบบออนไลน์,ขอนแก่น,บ้านไผ่,ศูนย์ช่วยเหลือสังคม 1300
SOC00023,7099437880414,ขวัญฤดี,ทองมาก,ชาย,1975-08-05,ผู้ประสบปัญหาทางสังคมทั่วไป,ที่อยู่อาศัย,2026-04-25,2026-05-12,ช่วยเหลือเงินสงเคราะห์,สายด่วน พม. 1300,ปกติ,ให้คำปรึกษาและปิดเคส,2026-05-12,สายด่วน พม. 1300,ขอนแก่น,น้ำพอง,ศูนย์ช่วยเหลือสังคม 1300
SOC00024,3357147437383,ปกรณ์,แสงทอง,ชาย,1997-04-20,ผู้มีรายได้น้อย,หนี้สินครัวเรือน,2025-09-09,2025-09-17,ช่วยเหลือเงินสงเคราะห์,หน่วยงานภาครัฐส่งต่อ,ปกติ,ติดตามผลและปิดเคส,2025-10-17,Walk-in,ลำปาง,เมือง,ศูนย์พัฒนาการจัดสวัสดิการสังคมผู้สูงอายุ
SOC00025,8906697935488,ปวีณา,รัตนวงศ์,หญิง,1995-10-19,สตรีและครอบครัว,ที่อยู่อาศัย,2024-02-19,2024-02-21,ช่วยเหลือสิ่งของเครื่องใช้จำเป็น,ประชาชนแจ้งด้วยตนเอง,ฉุกเฉิน,ให้คำปรึกษาและปิดเคส,2024-03-14,สายด่วน พม. 1300,พิจิตร,คลองใหม่,ศูนย์คุ้มครองคนไร้ที่พึ่ง
SOC00026,3402808904127,วรเมธ,บุญส่ง,ชาย,1970-12-12,สตรีและครอบครัว,ความรุนแรงในครอบครัว,2022-08-08,2022-08-16,ให้คำปรึกษา,หน่วยงานภาครัฐส่งต่อ,ปกติ,ส่งต่อหน่วยงานและปิดเคส,2022-09-06,ระบบออนไลน์,เชียงราย,เมืองเชียงราย,ศูนย์พัฒนาการจัดสวัสดิการสังคมผู้สูงอายุ
SOC00027,2007476414141,ขวัญฤดี,สุวรรณวงศ์,ชาย,2008-09-22,เด็กและเยาวชน,ขาดผู้ดูแล,2024-07-30,2024-08-09,ช่วยเหลือเงินสงเคราะห์,ประชาชนแจ้งด้วยตนเอง,ปกติ,ช่วยเหลือและปิดเคส,2024-08-28,หน่วยงานส่งต่อ,สมุทรปราการ,เมือง,บ้านพักเด็กและครอบครัว
SOC00028,3402808904127,วรเมธ,บุญส่ง,ชาย,1970-12-12,สตรีและครอบครัว,รายได้ไม่เพียงพอ,2024-12-23,2025-01-11,ช่วยเหลือเงินสงเคราะห์,ประชาชนแจ้งด้วยตนเอง,ปกติ,ให้คำปรึกษาและปิดเคส,2025-02-08,ระบบออนไลน์,สมุทรสาคร,ทุ่งสุข,ศูนย์พัฒนาการจัดสวัสดิการสังคมผู้สูงอายุ
SOC00029,3899298774505,กาญจนา,ตั้งมั่น,หญิง,1982-12-13,สตรีและครอบครัว,รายได้ไม่เพียงพอ,2026-06-23,2026-07-11,ช่วยเหลือเงินสงเคราะห์,สายด่วน พม. 1300,ปกติ,ส่งต่อหน่วยงานและปิดเคส,2026-07-19,สายด่วน พม. 1300,ลำปาง,บ้านใหม่,ศูนย์พัฒนาการจัดสวัสดิการสังคมผู้สูงอายุ
SOC00030,5372769401023,พรทิพย์,กุลวงศ์,หญิง,2015-12-24,เด็กและเยาวชน,ว่างงาน,2025-11-06,2025-11-18,จัดหาที่พักชั่วคราว,เครือข่ายชุมชนแจ้ง,ปกติ,ส่งต่อหน่วยงานและปิดเคส,2025-11-29,หน่วยงานส่งต่อ,กระบี่,บ้านใหม่,ศูนย์คุ้มครองคนไร้ที่พึ่ง
SOC00031,3350353810225,สุรีย์พร,เกิดผล,หญิง,1975-03-25,ผู้มีรายได้น้อย,ที่อยู่อาศัย,2026-01-14,2026-01-28,ให้คำปรึกษา,ญาติ/ครอบครัวแจ้ง,ปกติ,ช่วยเหลือและปิดเคส,2026-02-15,สายด่วน พม. 1300,น่าน,เมือง,สำนักงานพัฒนาสังคมและความมั่นคงของมนุษย์จังหวัด
SOC00032,1446676889069,ณัฐวุฒิ,สุขเกษม,ชาย,2016-12-06,เด็กและเยาวชน,ว่างงาน,2024-01-15,2024-02-02,ช่วยเหลือเงินสงเคราะห์,สายด่วน พม. 1300,ปกติ,ส่งต่อหน่วยงานและปิดเคส,2024-02-04,Walk-in,นราธิวาส,ศรีพัฒนา,ศูนย์พัฒนาการจัดสวัสดิการสังคมผู้สูงอายุ
SOC00033,8876900213829,สุรศักดิ์,อ่อนละมุน,ชาย,1985-09-20,ผู้ประสบปัญหาทางสังคมทั่วไป,รายได้ไม่เพียงพอ,2026-05-09,2026-05-16,ช่วยเหลือเงินสงเคราะห์,เครือข่ายชุมชนแจ้ง,ปกติ,ช่วยเหลือและปิดเคส,2026-06-07,ระบบออนไลน์,สงขลา,สะเดา,บ้านพักเด็กและครอบครัว
SOC00034,6615556094415,นิภาพร,นาคทอง,หญิง,1964-09-02,ผู้สูงอายุ,ความรุนแรงในครอบครัว,2025-12-21,2025-12-31,จัดหาที่พักชั่วคราว,สายด่วน พม. 1300,ปกติ,ส่งต่อหน่วยงานและปิดเคส,2026-01-23,เครือข่ายชุมชน,ยะลา,บ้านใหม่,ศูนย์พัฒนาการจัดสวัสดิการสังคมผู้สูงอายุ
SOC00035,4010769542037,สมฤดี,ทรัพย์เจริญ,หญิง,2022-12-05,เด็กและเยาวชน,ความรุนแรงในครอบครัว,2025-09-09,2025-09-21,ช่วยเหลือเงินสงเคราะห์,ประชาชนแจ้งด้วยตนเอง,ปกติ,ช่วยเหลือและปิดเคส,2025-10-13,เครือข่ายชุมชน,เชียงราย,เมืองเชียงราย,ศูนย์พัฒนาการจัดสวัสดิการสังคมผู้สูงอายุ
SOC00036,5647182724311,เอกภพ,บัวแก้ว,หญิง,1951-06-20,ผู้สูงอายุ,ปัญหาสุขภาพและการดำรงชีพ,2023-01-13,2023-01-30,ประสานส่งต่อหน่วยงาน,หน่วยงานภาครัฐส่งต่อ,ปกติ,ช่วยเหลือและปิดเคส,2023-01-30,Walk-in,สมุทรสาคร,บ้านใหม่,ศูนย์ช่วยเหลือสังคม 1300
SOC00037,8992828955173,กัญญารัตน์,ทองมาก,หญิง,2006-09-10,คนพิการ,ความรุนแรงในครอบครัว,2026-07-16,2026-07-31,ช่วยเหลือด้านที่อยู่อาศัย,ประชาชนแจ้งด้วยตนเอง,ปกติ,ติดตามผลและปิดเคส,2026-08-24,หน่วยงานส่งต่อ,ลพบุรี,หนองกลาง,ศูนย์คุ้มครองคนไร้ที่พึ่ง
SOC00038,4492446098303,พัชรินทร์,สุขสวัสดิ์,หญิง,1938-09-20,ผู้สูงอายุ,ที่อยู่อาศัย,2023-07-15,2023-07-18,จัดหาที่พักชั่วคราว,ญาติ/ครอบครัวแจ้ง,ปกติ,ให้คำปรึกษาและปิดเคส,2023-08-01,หน่วยงานส่งต่อ,สมุทรสาคร,บ้านใหม่,ศูนย์ช่วยเหลือสังคม 1300
SOC00039,6777833703632,รวิศ,มิตรดี,หญิง,1986-09-25,ผู้มีรายได้น้อย,รายได้ไม่เพียงพอ,2026-06-30,2026-07-08,ช่วยเหลือสิ่งของเครื่องใช้จำเป็น,ญาติ/ครอบครัวแจ้ง,ปกติ,ให้คำปรึกษาและปิดเคส,2026-07-22,เครือข่ายชุมชน,สมุทรปราการ,บ้านใหม่,ศูนย์พัฒนาการจัดสวัสดิการสังคมผู้สูงอายุ
SOC00040,7366960558128,วชิรวิทย์,พรมศรี,หญิง,1961-05-10,คนไร้ที่พึ่ง,หนี้สินครัวเรือน,2025-05-16,2025-05-23,ช่วยเหลือเงินสงเคราะห์,ญาติ/ครอบครัวแจ้ง,เร่งด่วน,ส่งต่อหน่วยงานและปิดเคส,2025-06-18,หน่วยงานส่งต่อ,พิษณุโลก,เมือง,บ้านพักเด็กและครอบครัว
SOC00041,7648088792161,ชนิดา,มิตรดี,หญิง,1955-01-24,ผู้สูงอายุ,ขาดผู้ดูแล,2024-04-26,2024-05-08,ประสานส่งต่อหน่วยงาน,ญาติ/ครอบครัวแจ้ง,ปกติ,ให้คำปรึกษาและปิดเคส,2024-05-22,Walk-in,ระยอง,ศรีพัฒนา,ศูนย์คุ้มครองคนไร้ที่พึ่ง
SOC00042,5538896382323,ชลธิชา,ไชยวงศ์,ชาย,1979-01-10,ผู้มีรายได้น้อย,ที่อยู่อาศัย,2023-07-16,2023-07-19,ช่วยเหลือเงินสงเคราะห์,ประชาชนแจ้งด้วยตนเอง,ปกติ,ให้คำปรึกษาและปิดเคส,2023-08-07,Walk-in,สุพรรณบุรี,หนองกลาง,บ้านพักเด็กและครอบครัว
SOC00043,4104853624513,สิทธิโชค,เพชรรัตน์,ชาย,1951-06-16,ผู้สูงอายุ,ว่างงาน,2025-08-31,2025-09-15,ช่วยเหลือด้านที่อยู่อาศัย,สายด่วน พม. 1300,ปกติ,ช่วยเหลือและปิดเคส,2025-09-23,สายด่วน พม. 1300,สงขลา,สิงหนคร,ศูนย์พัฒนาการจัดสวัสดิการสังคมผู้สูงอายุ
SOC00044,4871562621101,ณิชา,สมานมิตร,หญิง,1960-05-07,ผู้สูงอายุ,ที่อยู่อาศัย,2026-06-08,2026-06-14,ช่วยเหลือเงินสงเคราะห์,หน่วยงานภาครัฐส่งต่อ,ปกติ,ส่งต่อหน่วยงานและปิดเคส,2026-07-03,เครือข่ายชุมชน,อุบลราชธานี,เมือง,ศูนย์ช่วยเหลือสังคม 1300
SOC00045,5076148346258,สิทธิโชค,ปัญญาดี,ชาย,1951-12-09,ผู้สูงอายุ,หนี้สินครัวเรือน,2024-03-17,2024-03-27,ช่วยเหลือเงินสงเคราะห์,เครือข่ายชุมชนแจ้ง,ปกติ,ติดตามผลและปิดเคส,2024-03-31,เครือข่ายชุมชน,ฉะเชิงเทรา,คลองใหม่,ศูนย์คุ้มครองคนไร้ที่พึ่ง
SOC00046,1287022820071,กาญจนา,โชคชัย,ชาย,1966-05-18,ผู้มีรายได้น้อย,ขาดผู้ดูแล,2022-03-02,2022-03-04,ให้คำปรึกษา,เครือข่ายชุมชนแจ้ง,เร่งด่วน,ช่วยเหลือและปิดเคส,2022-03-26,Walk-in,เชียงใหม่,แม่ริม,บ้านพักเด็กและครอบครัว
SOC00047,6305001939581,สุชาดา,มงคลชัย,ชาย,2001-11-07,สตรีและครอบครัว,ขาดผู้ดูแล,2025-11-17,2025-11-22,ประสานส่งต่อหน่วยงาน,เครือข่ายชุมชนแจ้ง,ปกติ,ช่วยเหลือและปิดเคส,2025-11-22,เครือข่ายชุมชน,แพร่,เมือง,ศูนย์คุ้มครองคนไร้ที่พึ่ง
SOC00048,3950591975773,ชยุต,จันทร์หอม,หญิง,1953-11-23,ผู้สูงอายุ,หนี้สินครัวเรือน,2022-05-31,2022-06-03,ให้คำปรึกษา,ประชาชนแจ้งด้วยตนเอง,ปกติ,ให้คำปรึกษาและปิดเคส,2022-06-21,หน่วยงานส่งต่อ,ราชบุรี,เมือง,ศูนย์พัฒนาการจัดสวัสดิการสังคมผู้สูงอายุ
SOC00049,7232545485018,ศุภชัย,จิตมั่น,ชาย,1982-04-11,ผู้มีรายได้น้อย,รายได้ไม่เพียงพอ,2022-03-21,2022-04-06,ช่วยเหลือเงินสงเคราะห์,ญาติ/ครอบครัวแจ้ง,ปกติ,ส่งต่อหน่วยงานและปิดเคส,2022-05-04,Walk-in,ลพบุรี,ทุ่งสุข,ศูนย์ช่วยเหลือสังคม 1300
SOC00050,4130455906299,รุจิรา,วัฒนกุล,ชาย,1970-12-07,ผู้ประสบปัญหาทางสังคมทั่วไป,ที่อยู่อาศัย,2022-06-03,2022-06-07,ช่วยเหลือเงินสงเคราะห์,ประชาชนแจ้งด้วยตนเอง,เร่งด่วน,ช่วยเหลือและปิดเคส,2022-06-25,หน่วยงานส่งต่อ,นครปฐม,ทุ่งสุข,ศูนย์คุ้มครองคนไร้ที่พึ่ง
SOC00051,7569771275880,วาสนา,ศรีสุข,หญิง,1951-09-25,ผู้ประสบปัญหาทางสังคมทั่วไป,ว่างงาน,2023-02-02,2023-02-05,ช่วยเหลือเงินสงเคราะห์,ญาติ/ครอบครัวแจ้ง,ปกติ,ติดตามผลและปิดเคส,2023-02-10,เครือข่ายชุมชน,อุตรดิตถ์,หนองกลาง,บ้านพักเด็กและครอบครัว
SOC00052,4742535924346,วรัญญา,สุขเกษม,หญิง,1967-08-09,ผู้มีรายได้น้อย,ปัญหาสุขภาพและการดำรงชีพ,2026-04-18,2026-04-27,จัดหาที่พักชั่วคราว,เครือข่ายชุมชนแจ้ง,ปกติ,ช่วยเหลือและปิดเคส,2026-05-04,เครือข่ายชุมชน,ตราด,คลองใหม่,สำนักงานพัฒนาสังคมและความมั่นคงของมนุษย์จังหวัด
SOC00053,5538779952867,พงศกร,โพธิ์ทอง,ชาย,2006-11-20,เด็กและเยาวชน,ปัญหาสุขภาพและการดำรงชีพ,2026-04-14,2026-04-25,ให้คำปรึกษา,ญาติ/ครอบครัวแจ้ง,ปกติ,ให้คำปรึกษาและปิดเคส,2026-04-27,ระบบออนไลน์,น่าน,เมือง,บ้านพักเด็กและครอบครัว
SOC00054,5863969138748,กมลชนก,นาคทอง,ชาย,1957-12-19,ผู้สูงอายุ,หนี้สินครัวเรือน,2026-01-29,2026-01-31,ช่วยเหลือเงินสงเคราะห์,ญาติ/ครอบครัวแจ้ง,เร่งด่วน,ให้คำปรึกษาและปิดเคส,2026-02-24,เครือข่ายชุมชน,ฉะเชิงเทรา,ทุ่งสุข,ศูนย์ช่วยเหลือสังคม 1300
SOC00055,5874525905810,ภาคิน,วงศ์คำ,ชาย,1957-03-05,ผู้มีรายได้น้อย,รายได้ไม่เพียงพอ,2023-11-04,2023-11-05,ช่วยเหลือเงินสงเคราะห์,องค์กรปกครองส่วนท้องถิ่นส่งต่อ,ฉุกเฉิน,ให้คำปรึกษาและปิดเคส,2023-11-07,หน่วยงานส่งต่อ,พิจิตร,ทุ่งสุข,สำนักงานพัฒนาสังคมและความมั่นคงของมนุษย์จังหวัด
SOC00056,1005015899325,กมลชนก,สุทธิวงศ์,หญิง,1966-03-20,ผู้ประสบปัญหาทางสังคมทั่วไป,ปัญหาสุขภาพและการดำรงชีพ,2022-02-06,2022-02-11,ประสานส่งต่อหน่วยงาน,หน่วยงานภาครัฐส่งต่อ,ปกติ,ส่งต่อหน่วยงานและปิดเคส,2022-02-13,เครือข่ายชุมชน,ลำพูน,บ้านใหม่,ศูนย์พัฒนาการจัดสวัสดิการสังคมผู้สูงอายุ
SOC00057,7200506975946,อรทัย,สวัสดิผล,ชาย,1978-08-05,คนพิการ,ว่างงาน,2023-07-19,2023-07-23,ช่วยเหลือเงินสงเคราะห์,เครือข่ายชุมชนแจ้ง,เร่งด่วน,ติดตามผลและปิดเคส,2023-08-12,สายด่วน พม. 1300,สระบุรี,คลองใหม่,สำนักงานพัฒนาสังคมและความมั่นคงของมนุษย์จังหวัด
SOC00058,1119003715413,อัญชลี,พิทักษ์วงศ์,หญิง,1960-02-02,ผู้สูงอายุ,หนี้สินครัวเรือน,2022-05-21,2022-05-23,ช่วยเหลือเงินสงเคราะห์,องค์กรปกครองส่วนท้องถิ่นส่งต่อ,เร่งด่วน,ให้คำปรึกษาและปิดเคส,2022-05-30,สายด่วน พม. 1300,ร้อยเอ็ด,ทุ่งสุข,ศูนย์ช่วยเหลือสังคม 1300
SOC00059,5467617875522,จันทร์เพ็ญ,ไชยวงศ์,หญิง,1949-03-27,ผู้สูงอายุ,ประสบเหตุฉุกเฉิน,2026-03-21,2026-04-11,ช่วยเหลือเงินสงเคราะห์,ประชาชนแจ้งด้วยตนเอง,ปกติ,ติดตามผลและปิดเคส,2026-04-25,สายด่วน พม. 1300,เชียงราย,เมืองเชียงราย,บ้านพักเด็กและครอบครัว
SOC00060,4649540570562,รวิศ,บุญธรรม,ชาย,1944-11-03,ผู้สูงอายุ,หนี้สินครัวเรือน,2026-05-27,2026-05-30,ช่วยเหลือเงินสงเคราะห์,ญาติ/ครอบครัวแจ้ง,ปกติ,ช่วยเหลือและปิดเคส,2026-06-03,สายด่วน พม. 1300,ลพบุรี,หนองกลาง,ศูนย์ช่วยเหลือสังคม 1300
SOC00061,8561834889023,ชยุต,พึ่งบุญ,ชาย,1959-03-16,คนไร้ที่พึ่ง,ปัญหาสุขภาพและการดำรงชีพ,2025-08-17,2025-08-26,จัดหาที่พักชั่วคราว,องค์กรปกครองส่วนท้องถิ่นส่งต่อ,ปกติ,ให้คำปรึกษาและปิดเคส,2025-09-19,หน่วยงานส่งต่อ,นครราชสีมา,ปากช่อง,สำนักงานพัฒนาสังคมและความมั่นคงของมนุษย์จังหวัด
SOC00062,7069019795497,ชยพล,สุวรรณศรี,ชาย,1992-03-16,ผู้ประสบปัญหาทางสังคมทั่วไป,ความรุนแรงในครอบครัว,2025-10-15,2025-10-30,ช่วยเหลือเงินสงเคราะห์,สายด่วน พม. 1300,ปกติ,ช่วยเหลือและปิดเคส,2025-11-07,หน่วยงานส่งต่อ,ร้อยเอ็ด,หนองกลาง,สำนักงานพัฒนาสังคมและความมั่นคงของมนุษย์จังหวัด
SOC00063,4809391044889,ชไมพร,สุขใจ,ชาย,1961-02-24,ผู้ประสบปัญหาทางสังคมทั่วไป,รายได้ไม่เพียงพอ,2024-02-27,2024-03-11,ช่วยเหลือเงินสงเคราะห์,องค์กรปกครองส่วนท้องถิ่นส่งต่อ,ปกติ,ช่วยเหลือและปิดเคส,2024-03-14,หน่วยงานส่งต่อ,ลพบุรี,คลองใหม่,ศูนย์คุ้มครองคนไร้ที่พึ่ง
SOC00064,8947118853604,วนิดา,แสนดี,ชาย,1949-03-17,ผู้สูงอายุ,หนี้สินครัวเรือน,2023-10-30,2023-10-31,ช่วยเหลือด้านที่อยู่อาศัย,ญาติ/ครอบครัวแจ้ง,ฉุกเฉิน,ส่งต่อหน่วยงานและปิดเคส,2023-11-11,Walk-in,มหาสารคาม,ทุ่งสุข,บ้านพักเด็กและครอบครัว
SOC00065,7072672362103,เมธาวี,ธรรมคุณ,ชาย,1988-06-04,สตรีและครอบครัว,หนี้สินครัวเรือน,2024-10-15,2024-10-22,จัดหาที่พักชั่วคราว,หน่วยงานภาครัฐส่งต่อ,เร่งด่วน,ช่วยเหลือและปิดเคส,2024-10-28,สายด่วน พม. 1300,พิจิตร,ทุ่งสุข,ศูนย์พัฒนาการจัดสวัสดิการสังคมผู้สูงอายุ
SOC00066,7881006384375,ชยพล,แสนดี,ชาย,1966-05-08,ผู้สูงอายุ,ประสบเหตุฉุกเฉิน,2025-07-29,2025-08-04,ช่วยเหลือเงินสงเคราะห์,ญาติ/ครอบครัวแจ้ง,เร่งด่วน,ช่วยเหลือและปิดเคส,2025-08-04,หน่วยงานส่งต่อ,ระยอง,คลองใหม่,ศูนย์พัฒนาการจัดสวัสดิการสังคมผู้สูงอายุ
SOC00067,5004805414414,อริสรา,วงศ์สวัสดิ์,ชาย,1943-04-21,ผู้สูงอายุ,ว่างงาน,2024-01-11,2024-01-26,จัดหาที่พักชั่วคราว,องค์กรปกครองส่วนท้องถิ่นส่งต่อ,ปกติ,ส่งต่อหน่วยงานและปิดเคส,2024-02-19,ระบบออนไลน์,ปราจีนบุรี,หนองกลาง,ศูนย์พัฒนาการจัดสวัสดิการสังคมผู้สูงอายุ
SOC00068,3019247215310,วิศรุต,ทองสุข,หญิง,2023-08-27,เด็กและเยาวชน,รายได้ไม่เพียงพอ,2024-01-29,2024-02-03,ช่วยเหลือเงินสงเคราะห์,สายด่วน พม. 1300,ปกติ,ส่งต่อหน่วยงานและปิดเคส,2024-02-13,Walk-in,ลำพูน,ทุ่งสุข,ศูนย์พัฒนาการจัดสวัสดิการสังคมผู้สูงอายุ
SOC00069,6977211830230,ภาคิน,นิ่มนวล,ชาย,1956-09-06,ผู้มีรายได้น้อย,ที่อยู่อาศัย,2023-12-27,2023-12-31,ประสานส่งต่อหน่วยงาน,ประชาชนแจ้งด้วยตนเอง,ปกติ,ติดตามผลและปิดเคส,2024-01-12,Walk-in,ร้อยเอ็ด,ทุ่งสุข,ศูนย์ช่วยเหลือสังคม 1300
SOC00070,2156750551055,กัญญารัตน์,สุนทรวงศ์,หญิง,1992-11-20,สตรีและครอบครัว,ว่างงาน,2024-11-28,2024-12-05,ช่วยเหลือเงินสงเคราะห์,เครือข่ายชุมชนแจ้ง,ปกติ,ช่วยเหลือและปิดเคส,2024-12-09,Walk-in,ร้อยเอ็ด,เมือง,สำนักงานพัฒนาสังคมและความมั่นคงของมนุษย์จังหวัด
SOC00071,3636405672556,พชร,แสงจันทร์,ชาย,2021-08-13,เด็กและเยาวชน,รายได้ไม่เพียงพอ,2025-12-25,2026-01-01,ช่วยเหลือด้านที่อยู่อาศัย,ญาติ/ครอบครัวแจ้ง,ปกติ,ส่งต่อหน่วยงานและปิดเคส,2026-01-05,สายด่วน พม. 1300,กาฬสินธุ์,ทุ่งสุข,บ้านพักเด็กและครอบครัว
SOC00072,7871986306216,ปวีณา,เรืองฤทธิ์,หญิง,2002-09-18,ผู้ประสบปัญหาทางสังคมทั่วไป,ว่างงาน,2023-01-13,2023-01-24,จัดหาที่พักชั่วคราว,องค์กรปกครองส่วนท้องถิ่นส่งต่อ,ปกติ,ส่งต่อหน่วยงานและปิดเคส,2023-02-08,สายด่วน พม. 1300,จันทบุรี,บ้านใหม่,ศูนย์คุ้มครองคนไร้ที่พึ่ง
SOC00073,4336679348757,นิภาพร,อินทร์แก้ว,หญิง,1963-06-27,ผู้สูงอายุ,ที่อยู่อาศัย,2022-01-01,2022-01-22,ช่วยเหลือเงินสงเคราะห์,สายด่วน พม. 1300,ปกติ,ให้คำปรึกษาและปิดเคส,2022-01-27,Walk-in,นครปฐม,ศรีพัฒนา,บ้านพักเด็กและครอบครัว
SOC00074,1972231012448,พัชรินทร์,จิตต์มั่น,หญิง,2024-01-15,เด็กและเยาวชน,ว่างงาน,2023-04-11,2023-04-25,จัดหาที่พักชั่วคราว,หน่วยงานภาครัฐส่งต่อ,ปกติ,ให้คำปรึกษาและปิดเคส,2023-05-25,ระบบออนไลน์,ระยอง,ศรีพัฒนา,ศูนย์ช่วยเหลือสังคม 1300
SOC00075,1779423479423,จิราภรณ์,สวัสดี,ชาย,1966-09-05,คนไร้ที่พึ่ง,ขาดผู้ดูแล,2022-11-18,2022-12-08,ให้คำปรึกษา,เครือข่ายชุมชนแจ้ง,ปกติ,ส่งต่อหน่วยงานและปิดเคส,2022-12-11,หน่วยงานส่งต่อ,สมุทรสาคร,บ้านใหม่,ศูนย์ช่วยเหลือสังคม 1300
SOC00076,1159799300603,ภูริณัฐ,สุทธิวงศ์,ชาย,1989-09-19,สตรีและครอบครัว,ปัญหาสุขภาพและการดำรงชีพ,2026-04-04,2026-04-24,ช่วยเหลือเงินสงเคราะห์,ญาติ/ครอบครัวแจ้ง,ปกติ,ติดตามผลและปิดเคส,2026-05-23,สายด่วน พม. 1300,ตราด,หนองกลาง,ศูนย์ช่วยเหลือสังคม 1300
SOC00077,2020484977586,อาภาภรณ์,เกียรติไพศาล,ชาย,1970-12-03,ผู้มีรายได้น้อย,ประสบเหตุฉุกเฉิน,2023-11-11,2023-11-12,ให้คำปรึกษา,ญาติ/ครอบครัวแจ้ง,เร่งด่วน,ให้คำปรึกษาและปิดเคส,2023-12-05,หน่วยงานส่งต่อ,ฉะเชิงเทรา,ศรีพัฒนา,ศูนย์คุ้มครองคนไร้ที่พึ่ง
SOC00078,4703764944885,วาสนา,แสงทอง,ชาย,2004-02-02,เด็กและเยาวชน,ความรุนแรงในครอบครัว,2024-08-12,2024-08-17,ช่วยเหลือสิ่งของเครื่องใช้จำเป็น,สายด่วน พม. 1300,เร่งด่วน,ช่วยเหลือและปิดเคส,2024-08-23,สายด่วน พม. 1300,อุตรดิตถ์,คลองใหม่,สำนักงานพัฒนาสังคมและความมั่นคงของมนุษย์จังหวัด
SOC00079,1036515935046,รัตนา,ตั้งมั่น,ชาย,1959-02-19,ผู้ประสบปัญหาทางสังคมทั่วไป,หนี้สินครัวเรือน,2026-07-30,2026-08-02,ช่วยเหลือเงินสงเคราะห์,หน่วยงานภาครัฐส่งต่อ,เร่งด่วน,ส่งต่อหน่วยงานและปิดเคส,2026-08-15,ระบบออนไลน์,สุพรรณบุรี,ทุ่งสุข,ศูนย์คุ้มครองคนไร้ที่พึ่ง
SOC00080,5895763449804,ธนกฤต,อินทร์แก้ว,หญิง,1952-05-31,ผู้สูงอายุ,รายได้ไม่เพียงพอ,2025-12-19,2025-12-21,ช่วยเหลือเงินสงเคราะห์,ญาติ/ครอบครัวแจ้ง,เร่งด่วน,ติดตามผลและปิดเคส,2026-01-12,ระบบออนไลน์,พระนครศรีอยุธยา,หนองกลาง,ศูนย์คุ้มครองคนไร้ที่พึ่ง
SOC00081,7604242971330,ปัญญา,แสนดี,หญิง,1971-09-25,สตรีและครอบครัว,ปัญหาสุขภาพและการดำรงชีพ,2024-01-18,2024-02-02,ช่วยเหลือเงินสงเคราะห์,ประชาชนแจ้งด้วยตนเอง,ปกติ,ส่งต่อหน่วยงานและปิดเคส,2024-02-21,เครือข่ายชุมชน,จันทบุรี,บ้านใหม่,ศูนย์คุ้มครองคนไร้ที่พึ่ง
SOC00082,1459598089791,บุษบา,ศรีสมบัติ,หญิง,2007-08-17,เด็กและเยาวชน,ความรุนแรงในครอบครัว,2026-06-08,2026-06-10,ช่วยเหลือด้านที่อยู่อาศัย,เครือข่ายชุมชนแจ้ง,ปกติ,ติดตามผลและปิดเคส,2026-07-04,หน่วยงานส่งต่อ,ยะลา,คลองใหม่,บ้านพักเด็กและครอบครัว
SOC00083,1279326264943,ปกรณ์,สุวรรณวงศ์,หญิง,2010-12-14,เด็กและเยาวชน,ขาดผู้ดูแล,2023-09-20,2023-09-26,ช่วยเหลือเงินสงเคราะห์,ญาติ/ครอบครัวแจ้ง,ปกติ,ติดตามผลและปิดเคส,2023-10-13,Walk-in,มหาสารคาม,ศรีพัฒนา,สำนักงานพัฒนาสังคมและความมั่นคงของมนุษย์จังหวัด
SOC00084,4681324578448,ชลธิชา,สืบสาย,หญิง,1976-01-20,ผู้มีรายได้น้อย,หนี้สินครัวเรือน,2025-10-28,2025-11-07,ช่วยเหลือเงินสงเคราะห์,ญาติ/ครอบครัวแจ้ง,ปกติ,ติดตามผลและปิดเคส,2025-11-26,Walk-in,กาฬสินธุ์,คลองใหม่,ศูนย์คุ้มครองคนไร้ที่พึ่ง
SOC00085,3659961914821,ปกรณ์,รัตนวงศ์,ชาย,2004-07-14,เด็กและเยาวชน,ขาดผู้ดูแล,2025-11-13,2025-11-16,ช่วยเหลือเงินสงเคราะห์,องค์กรปกครองส่วนท้องถิ่นส่งต่อ,ปกติ,ติดตามผลและปิดเคส,2025-12-01,หน่วยงานส่งต่อ,ลำปาง,บ้านใหม่,ศูนย์พัฒนาการจัดสวัสดิการสังคมผู้สูงอายุ
SOC00086,2416387552781,ปกรณ์,คำแสน,ชาย,1980-01-16,ผู้มีรายได้น้อย,ว่างงาน,2025-02-06,2025-02-20,ช่วยเหลือด้านที่อยู่อาศัย,เครือข่ายชุมชนแจ้ง,ปกติ,ให้คำปรึกษาและปิดเคส,2025-03-09,เครือข่ายชุมชน,สงขลา,สะเดา,บ้านพักเด็กและครอบครัว
SOC00087,7607873870776,ธนภัทร,สุวรรณวงศ์,ชาย,1957-06-02,ผู้สูงอายุ,รายได้ไม่เพียงพอ,2025-11-06,2025-11-21,ช่วยเหลือด้านที่อยู่อาศัย,ประชาชนแจ้งด้วยตนเอง,ปกติ,ติดตามผลและปิดเคส,2025-12-08,ระบบออนไลน์,ยะลา,บ้านใหม่,ศูนย์พัฒนาการจัดสวัสดิการสังคมผู้สูงอายุ
SOC00088,7571303492442,พรทิพย์,จันทร์ฉาย,หญิง,2005-05-18,คนไร้ที่พึ่ง,ปัญหาสุขภาพและการดำรงชีพ,2026-08-03,2026-08-09,ช่วยเหลือเงินสงเคราะห์,หน่วยงานภาครัฐส่งต่อ,ปกติ,ช่วยเหลือและปิดเคส,2026-08-24,ระบบออนไลน์,ร้อยเอ็ด,ทุ่งสุข,บ้านพักเด็กและครอบครัว
SOC00089,3879640882302,วชิรวิทย์,สุทธิวงศ์,ชาย,1950-08-09,ผู้สูงอายุ,ที่อยู่อาศัย,2026-06-28,2026-07-13,จัดหาที่พักชั่วคราว,ญาติ/ครอบครัวแจ้ง,ปกติ,ช่วยเหลือและปิดเคส,2026-07-23,เครือข่ายชุมชน,พัทลุง,หนองกลาง,ศูนย์ช่วยเหลือสังคม 1300
SOC00090,8814171986492,ศิวกร,รัตนกุล,หญิง,1982-09-06,ผู้ประสบปัญหาทางสังคมทั่วไป,ความรุนแรงในครอบครัว,2024-12-12,2024-12-18,ช่วยเหลือด้านที่อยู่อาศัย,องค์กรปกครองส่วนท้องถิ่นส่งต่อ,ปกติ,ช่วยเหลือและปิดเคส,2024-12-23,ระบบออนไลน์,เชียงใหม่,แม่ริม,ศูนย์คุ้มครองคนไร้ที่พึ่ง
SOC00091,2609163845734,ปิยะพงษ์,มั่นคง,หญิง,1965-02-01,ผู้สูงอายุ,รายได้ไม่เพียงพอ,2022-01-15,2022-01-26,จัดหาที่พักชั่วคราว,หน่วยงานภาครัฐส่งต่อ,ปกติ,ส่งต่อหน่วยงานและปิดเคส,2022-02-10,Walk-in,สมุทรปราการ,บ้านใหม่,ศูนย์พัฒนาการจัดสวัสดิการสังคมผู้สูงอายุ
SOC00092,5071782280422,ชยุต,บุญส่ง,ชาย,1956-07-08,ผู้สูงอายุ,ปัญหาสุขภาพและการดำรงชีพ,2025-04-20,2025-04-23,ช่วยเหลือด้านที่อยู่อาศัย,หน่วยงานภาครัฐส่งต่อ,เร่งด่วน,ช่วยเหลือและปิดเคส,2025-05-07,Walk-in,พิจิตร,เมือง,บ้านพักเด็กและครอบครัว
SOC00093,6050845771638,ศุภลักษณ์,เกิดผล,ชาย,2001-03-28,ผู้ประสบปัญหาทางสังคมทั่วไป,ขาดผู้ดูแล,2022-04-28,2022-05-07,ช่วยเหลือสิ่งของเครื่องใช้จำเป็น,หน่วยงานภาครัฐส่งต่อ,ปกติ,ติดตามผลและปิดเคส,2022-06-02,Walk-in,อุบลราชธานี,คลองใหม่,ศูนย์พัฒนาการจัดสวัสดิการสังคมผู้สูงอายุ
SOC00094,6942314063865,มนัสวี,อุดมศักดิ์,ชาย,1963-12-17,ผู้สูงอายุ,ปัญหาสุขภาพและการดำรงชีพ,2024-10-28,2024-10-31,ให้คำปรึกษา,หน่วยงานภาครัฐส่งต่อ,เร่งด่วน,ช่วยเหลือและปิดเคส,2024-11-23,ระบบออนไลน์,ลำพูน,บ้านใหม่,บ้านพักเด็กและครอบครัว
SOC00095,2643168295290,พรรณภา,มิตรดี,ชาย,2002-12-20,สตรีและครอบครัว,ความรุนแรงในครอบครัว,2024-09-08,2024-09-14,ให้คำปรึกษา,หน่วยงานภาครัฐส่งต่อ,ปกติ,ช่วยเหลือและปิดเคส,2024-09-20,หน่วยงานส่งต่อ,ชลบุรี,บางละมุง,ศูนย์คุ้มครองคนไร้ที่พึ่ง
SOC00096,3460345240830,พงศกร,สุนทรวงศ์,ชาย,1995-08-03,สตรีและครอบครัว,หนี้สินครัวเรือน,2025-02-07,2025-02-09,ช่วยเหลือเงินสงเคราะห์,หน่วยงานภาครัฐส่งต่อ,ปกติ,ส่งต่อหน่วยงานและปิดเคส,2025-02-22,หน่วยงานส่งต่อ,นนทบุรี,บางใหญ่,ศูนย์พัฒนาการจัดสวัสดิการสังคมผู้สูงอายุ
SOC00097,2016140203933,กฤษฎา,เจริญผล,ชาย,2023-12-05,เด็กและเยาวชน,ที่อยู่อาศัย,2023-09-26,2023-10-02,ช่วยเหลือเงินสงเคราะห์,สายด่วน พม. 1300,เร่งด่วน,ส่งต่อหน่วยงานและปิดเคส,2023-10-12,สายด่วน พม. 1300,สมุทรสาคร,บ้านใหม่,สำนักงานพัฒนาสังคมและความมั่นคงของมนุษย์จังหวัด
SOC00098,1114485059968,อรทัย,กุลวงศ์,ชาย,2006-08-14,ผู้ประสบปัญหาทางสังคมทั่วไป,ประสบเหตุฉุกเฉิน,2024-09-11,2024-09-14,ช่วยเหลือเงินสงเคราะห์,ประชาชนแจ้งด้วยตนเอง,ปกติ,ให้คำปรึกษาและปิดเคส,2024-09-23,Walk-in,สงขลา,เมืองสงขลา,ศูนย์พัฒนาการจัดสวัสดิการสังคมผู้สูงอายุ
SOC00099,6175018023820,กาญจนา,อ่อนละมุน,หญิง,1954-02-05,ผู้สูงอายุ,รายได้ไม่เพียงพอ,2025-01-19,2025-01-20,ช่วยเหลือเงินสงเคราะห์,ญาติ/ครอบครัวแจ้ง,เร่งด่วน,ช่วยเหลือและปิดเคส,2025-02-06,สายด่วน พม. 1300,พิษณุโลก,หนองกลาง,บ้านพักเด็กและครอบครัว
SOC00100,5931255930678,นรินทร์,บุญส่ง,ชาย,1939-12-10,ผู้สูงอายุ,รายได้ไม่เพียงพอ,2024-08-23,2024-08-25,ช่วยเหลือเงินสงเคราะห์,ญาติ/ครอบครัวแจ้ง,ปกติ,ช่วยเหลือและปิดเคส,2024-08-26,สายด่วน พม. 1300,ขอนแก่น,น้ำพอง,ศูนย์คุ้มครองคนไร้ที่พึ่ง
SOC00101,6434290193809,พัชรินทร์,เจริญผล,ชาย,1957-08-11,ผู้สูงอายุ,ความรุนแรงในครอบครัว,2025-06-13,2025-06-25,ช่วยเหลือสิ่งของเครื่องใช้จำเป็น,สายด่วน พม. 1300,ปกติ,ช่วยเหลือและปิดเคส,2025-07-08,Walk-in,กระบี่,บ้านใหม่,บ้านพักเด็กและครอบครัว
SOC00102,4912356015731,ธีรวัฒน์,นาคทอง,ชาย,1969-02-14,ผู้ประสบปัญหาทางสังคมทั่วไป,ที่อยู่อาศัย,2023-06-14,2023-06-26,ช่วยเหลือเงินสงเคราะห์,เครือข่ายชุมชนแจ้ง,ปกติ,ติดตามผลและปิดเคส,2023-07-02,เครือข่ายชุมชน,กรุงเทพมหานคร,บางเขน,ศูนย์ช่วยเหลือสังคม 1300
SOC00103,7311927639501,อัญชลี,ทองดี,ชาย,1952-07-15,คนพิการ,ประสบเหตุฉุกเฉิน,2026-02-25,2026-03-15,ช่วยเหลือเงินสงเคราะห์,เครือข่ายชุมชนแจ้ง,ปกติ,ให้คำปรึกษาและปิดเคส,2026-03-22,หน่วยงานส่งต่อ,ตรัง,ศรีพัฒนา,ศูนย์ช่วยเหลือสังคม 1300
SOC00104,8961874810092,สุรศักดิ์,แสงจันทร์,ชาย,1994-08-18,คนพิการ,รายได้ไม่เพียงพอ,2026-08-01,2026-08-10,ช่วยเหลือสิ่งของเครื่องใช้จำเป็น,สายด่วน พม. 1300,ปกติ,ติดตามผลและปิดเคส,2026-08-22,สายด่วน พม. 1300,ร้อยเอ็ด,ทุ่งสุข,สำนักงานพัฒนาสังคมและความมั่นคงของมนุษย์จังหวัด
SOC00105,6418265070212,พัชรินทร์,ธรรมคุณ,หญิง,1990-09-26,สตรีและครอบครัว,ความรุนแรงในครอบครัว,2025-05-23,2025-05-25,ช่วยเหลือด้านที่อยู่อาศัย,องค์กรปกครองส่วนท้องถิ่นส่งต่อ,ฉุกเฉิน,ติดตามผลและปิดเคส,2025-06-08,หน่วยงานส่งต่อ,ราชบุรี,บ้านใหม่,สำนักงานพัฒนาสังคมและความมั่นคงของมนุษย์จังหวัด
SOC00106,5499312856054,วรวิทย์,บุญธรรม,หญิง,2014-10-03,เด็กและเยาวชน,หนี้สินครัวเรือน,2023-12-22,2024-01-10,ช่วยเหลือเงินสงเคราะห์,หน่วยงานภาครัฐส่งต่อ,ปกติ,ช่วยเหลือและปิดเคส,2024-01-21,สายด่วน พม. 1300,สุราษฎร์ธานี,คลองใหม่,ศูนย์คุ้มครองคนไร้ที่พึ่ง
SOC00107,2648215185615,ศิรินภา,เรืองฤทธิ์,หญิง,2024-02-24,เด็กและเยาวชน,หนี้สินครัวเรือน,2024-07-18,2024-07-20,ช่วยเหลือเงินสงเคราะห์,หน่วยงานภาครัฐส่งต่อ,เร่งด่วน,ให้คำปรึกษาและปิดเคส,2024-08-05,Walk-in,จันทบุรี,บ้านใหม่,ศูนย์พัฒนาการจัดสวัสดิการสังคมผู้สูงอายุ
SOC00108,6770693544191,ณัฐวุฒิ,คุ้มภัย,หญิง,1976-03-02,ผู้ประสบปัญหาทางสังคมทั่วไป,ที่อยู่อาศัย,2026-07-06,2026-07-22,ช่วยเหลือเงินสงเคราะห์,ญาติ/ครอบครัวแจ้ง,ปกติ,ส่งต่อหน่วยงานและปิดเคส,2026-08-20,สายด่วน พม. 1300,แพร่,ศรีพัฒนา,ศูนย์พัฒนาการจัดสวัสดิการสังคมผู้สูงอายุ
SOC00109,7193309946432,ณัฐพงษ์,ธรรมคุณ,ชาย,1982-04-23,ผู้ประสบปัญหาทางสังคมทั่วไป,ความรุนแรงในครอบครัว,2023-09-10,2023-09-27,ช่วยเหลือเงินสงเคราะห์,ประชาชนแจ้งด้วยตนเอง,ปกติ,ให้คำปรึกษาและปิดเคส,2023-10-14,เครือข่ายชุมชน,อุตรดิตถ์,ศรีพัฒนา,สำนักงานพัฒนาสังคมและความมั่นคงของมนุษย์จังหวัด
SOC00110,1153238619508,จิราภรณ์,ศรีนวล,หญิง,2010-11-23,เด็กและเยาวชน,ขาดผู้ดูแล,2025-01-09,2025-01-26,ช่วยเหลือเงินสงเคราะห์,หน่วยงานภาครัฐส่งต่อ,ปกติ,ติดตามผลและปิดเคส,2025-02-19,Walk-in,สระแก้ว,ศรีพัฒนา,ศูนย์ช่วยเหลือสังคม 1300
SOC00111,8307617966931,กมลชนก,ศรีนวล,หญิง,1971-11-03,สตรีและครอบครัว,ว่างงาน,2022-07-16,2022-07-18,ช่วยเหลือสิ่งของเครื่องใช้จำเป็น,หน่วยงานภาครัฐส่งต่อ,ปกติ,ให้คำปรึกษาและปิดเคส,2022-07-27,ระบบออนไลน์,พิษณุโลก,หนองกลาง,บ้านพักเด็กและครอบครัว
SOC00112,4920132833501,รัชนี,รัตนวงศ์,หญิง,1947-05-23,ผู้สูงอายุ,รายได้ไม่เพียงพอ,2026-07-06,2026-07-13,ช่วยเหลือเงินสงเคราะห์,องค์กรปกครองส่วนท้องถิ่นส่งต่อ,ปกติ,ช่วยเหลือและปิดเคส,2026-07-28,ระบบออนไลน์,อุดรธานี,ศรีพัฒนา,สำนักงานพัฒนาสังคมและความมั่นคงของมนุษย์จังหวัด
SOC00113,3892952290471,พีรพัฒน์,บุญธรรม,หญิง,1977-03-13,ผู้มีรายได้น้อย,ประสบเหตุฉุกเฉิน,2024-01-19,2024-02-04,ช่วยเหลือด้านที่อยู่อาศัย,หน่วยงานภาครัฐส่งต่อ,ปกติ,ช่วยเหลือและปิดเคส,2024-02-24,เครือข่ายชุมชน,นครราชสีมา,ปากช่อง,บ้านพักเด็กและครอบครัว
SOC00114,8153529877837,พชร,ประดับศรี,ชาย,1970-10-25,ผู้มีรายได้น้อย,ประสบเหตุฉุกเฉิน,2025-06-26,2025-06-27,ช่วยเหลือสิ่งของเครื่องใช้จำเป็น,เครือข่ายชุมชนแจ้ง,เร่งด่วน,ให้คำปรึกษาและปิดเคส,2025-07-03,Walk-in,จันทบุรี,คลองใหม่,บ้านพักเด็กและครอบครัว
SOC00115,6025487269245,ศิรินภา,กุลวงศ์,ชาย,1994-03-12,ผู้ประสบปัญหาทางสังคมทั่วไป,รายได้ไม่เพียงพอ,2025-06-12,2025-06-21,ช่วยเหลือเงินสงเคราะห์,องค์กรปกครองส่วนท้องถิ่นส่งต่อ,ปกติ,ให้คำปรึกษาและปิดเคส,2025-07-02,เครือข่ายชุมชน,ปราจีนบุรี,ทุ่งสุข,ศูนย์พัฒนาการจัดสวัสดิการสังคมผู้สูงอายุ
SOC00116,1140292518312,ศุภลักษณ์,จารุวัฒน์,ชาย,2004-06-22,เด็กและเยาวชน,ขาดผู้ดูแล,2025-02-24,2025-03-01,ให้คำปรึกษา,ประชาชนแจ้งด้วยตนเอง,ปกติ,ส่งต่อหน่วยงานและปิดเคส,2025-03-04,ระบบออนไลน์,สกลนคร,ศรีพัฒนา,สำนักงานพัฒนาสังคมและความมั่นคงของมนุษย์จังหวัด
SOC00117,4030663922367,กาญจนา,สุวรรณศรี,ชาย,1957-11-14,ผู้สูงอายุ,ประสบเหตุฉุกเฉิน,2026-06-19,2026-06-27,ช่วยเหลือเงินสงเคราะห์,ประชาชนแจ้งด้วยตนเอง,ปกติ,ให้คำปรึกษาและปิดเคส,2026-06-29,หน่วยงานส่งต่อ,สงขลา,เมืองสงขลา,บ้านพักเด็กและครอบครัว
SOC00118,6891795333954,เกศรินทร์,เรืองฤทธิ์,ชาย,1984-05-07,ผู้มีรายได้น้อย,ความรุนแรงในครอบครัว,2026-03-17,2026-03-20,ช่วยเหลือเงินสงเคราะห์,ญาติ/ครอบครัวแจ้ง,ปกติ,ติดตามผลและปิดเคส,2026-03-22,สายด่วน พม. 1300,ปทุมธานี,ธัญบุรี,สำนักงานพัฒนาสังคมและความมั่นคงของมนุษย์จังหวัด
SOC00119,8812706443560,วชิรวิทย์,เกษมสุข,หญิง,1963-06-01,ผู้สูงอายุ,ว่างงาน,2026-02-23,2026-02-26,ช่วยเหลือเงินสงเคราะห์,หน่วยงานภาครัฐส่งต่อ,ปกติ,ส่งต่อหน่วยงานและปิดเคส,2026-03-05,สายด่วน พม. 1300,อุบลราชธานี,ศรีพัฒนา,ศูนย์ช่วยเหลือสังคม 1300
SOC00120,8440504636601,สายฝน,จำปาแก้ว,หญิง,1966-08-21,คนพิการ,ว่างงาน,2026-05-09,2026-05-22,ช่วยเหลือเงินสงเคราะห์,เครือข่ายชุมชนแจ้ง,ปกติ,ช่วยเหลือและปิดเคส,2026-06-17,สายด่วน พม. 1300,นครสวรรค์,บ้านใหม่,ศูนย์พัฒนาการจัดสวัสดิการสังคมผู้สูงอายุ
SOC00121,6602393035595,วราภรณ์,คำดี,ชาย,2004-07-18,ผู้ประสบปัญหาทางสังคมทั่วไป,รายได้ไม่เพียงพอ,2024-10-02,2024-10-03,ช่วยเหลือเงินสงเคราะห์,สายด่วน พม. 1300,เร่งด่วน,ติดตามผลและปิดเคส,2024-10-05,Walk-in,สุราษฎร์ธานี,เมือง,ศูนย์คุ้มครองคนไร้ที่พึ่ง
SOC00122,8702933405911,พิกุล,ศรีสง่า,ชาย,1965-11-01,ผู้มีรายได้น้อย,ประสบเหตุฉุกเฉิน,2024-04-21,2024-05-03,ช่วยเหลือเงินสงเคราะห์,องค์กรปกครองส่วนท้องถิ่นส่งต่อ,ปกติ,ติดตามผลและปิดเคส,2024-05-22,สายด่วน พม. 1300,อุบลราชธานี,ศรีพัฒนา,สำนักงานพัฒนาสังคมและความมั่นคงของมนุษย์จังหวัด
SOC00123,3019247215310,วิศรุต,ทองสุข,หญิง,2023-08-27,เด็กและเยาวชน,ที่อยู่อาศัย,2025-01-08,2025-01-09,ช่วยเหลือเงินสงเคราะห์,ญาติ/ครอบครัวแจ้ง,เร่งด่วน,ช่วยเหลือและปิดเคส,2025-01-15,Walk-in,ตรัง,ศรีพัฒนา,ศูนย์คุ้มครองคนไร้ที่พึ่ง
SOC00124,6577609981502,วิภาวี,เกษมสุข,ชาย,1992-08-18,ผู้ประสบปัญหาทางสังคมทั่วไป,หนี้สินครัวเรือน,2026-03-24,2026-04-08,ช่วยเหลือเงินสงเคราะห์,หน่วยงานภาครัฐส่งต่อ,ปกติ,ติดตามผลและปิดเคส,2026-04-16,เครือข่ายชุมชน,กาฬสินธุ์,ทุ่งสุข,ศูนย์คุ้มครองคนไร้ที่พึ่ง
SOC00125,7972318178827,ธนา,วัฒนกุล,หญิง,2005-06-07,สตรีและครอบครัว,ประสบเหตุฉุกเฉิน,2022-01-15,2022-01-17,ช่วยเหลือเงินสงเคราะห์,เครือข่ายชุมชนแจ้ง,เร่งด่วน,ติดตามผลและปิดเคส,2022-02-07,หน่วยงานส่งต่อ,พิษณุโลก,ศรีพัฒนา,บ้านพักเด็กและครอบครัว
SOC00126,7796041239748,นิตยา,ประเสริฐศรี,หญิง,2000-05-29,ผู้ประสบปัญหาทางสังคมทั่วไป,ประสบเหตุฉุกเฉิน,2026-06-30,2026-07-04,ช่วยเหลือเงินสงเคราะห์,สายด่วน พม. 1300,ปกติ,ให้คำปรึกษาและปิดเคส,2026-07-05,Walk-in,จันทบุรี,เมือง,บ้านพักเด็กและครอบครัว
SOC00127,5668932373375,สุภาวดี,สุขเกษม,ชาย,2016-12-31,เด็กและเยาวชน,ประสบเหตุฉุกเฉิน,2024-02-22,2024-03-01,ช่วยเหลือเงินสงเคราะห์,ประชาชนแจ้งด้วยตนเอง,ปกติ,ให้คำปรึกษาและปิดเคส,2024-03-25,สายด่วน พม. 1300,สกลนคร,ศรีพัฒนา,สำนักงานพัฒนาสังคมและความมั่นคงของมนุษย์จังหวัด
SOC00128,7411660149308,ณิชา,ศรีสุข,หญิง,1961-08-07,ผู้สูงอายุ,หนี้สินครัวเรือน,2025-11-21,2025-12-02,ช่วยเหลือเงินสงเคราะห์,สายด่วน พม. 1300,ปกติ,ติดตามผลและปิดเคส,2025-12-14,Walk-in,ชลบุรี,พนัสนิคม,ศูนย์พัฒนาการจัดสวัสดิการสังคมผู้สูงอายุ
SOC00129,8687267231381,กรรณิการ์,คงเจริญ,ชาย,1985-08-03,ผู้มีรายได้น้อย,ว่างงาน,2025-04-06,2025-04-09,ช่วยเหลือเงินสงเคราะห์,ญาติ/ครอบครัวแจ้ง,ปกติ,ติดตามผลและปิดเคส,2025-04-14,สายด่วน พม. 1300,เชียงใหม่,สันทราย,ศูนย์คุ้มครองคนไร้ที่พึ่ง
SOC00130,8354749751882,กัญญารัตน์,จิตต์มั่น,หญิง,1954-08-04,ผู้สูงอายุ,ปัญหาสุขภาพและการดำรงชีพ,2022-11-17,2022-12-05,จัดหาที่พักชั่วคราว,ญาติ/ครอบครัวแจ้ง,ปกติ,ช่วยเหลือและปิดเคส,2022-12-09,เครือข่ายชุมชน,กระบี่,บ้านใหม่,สำนักงานพัฒนาสังคมและความมั่นคงของมนุษย์จังหวัด
SOC00131,8307617966931,กมลชนก,ศรีนวล,หญิง,1971-11-03,สตรีและครอบครัว,ขาดผู้ดูแล,2026-07-13,2026-07-21,จัดหาที่พักชั่วคราว,องค์กรปกครองส่วนท้องถิ่นส่งต่อ,ปกติ,ติดตามผลและปิดเคส,2026-08-19,Walk-in,ลำพูน,ทุ่งสุข,สำนักงานพัฒนาสังคมและความมั่นคงของมนุษย์จังหวัด
SOC00132,4469110189890,ธีรภัทร,คุ้มภัย,หญิง,1976-02-04,คนไร้ที่พึ่ง,รายได้ไม่เพียงพอ,2025-02-27,2025-03-02,ช่วยเหลือเงินสงเคราะห์,สายด่วน พม. 1300,เร่งด่วน,ให้คำปรึกษาและปิดเคส,2025-03-15,ระบบออนไลน์,ร้อยเอ็ด,ทุ่งสุข,ศูนย์พัฒนาการจัดสวัสดิการสังคมผู้สูงอายุ
SOC00133,5145560296082,พชร,ตั้งมั่น,ชาย,1991-01-02,ผู้ประสบปัญหาทางสังคมทั่วไป,รายได้ไม่เพียงพอ,2026-06-29,2026-07-16,ให้คำปรึกษา,เครือข่ายชุมชนแจ้ง,ปกติ,ให้คำปรึกษาและปิดเคส,2026-07-30,หน่วยงานส่งต่อ,ลพบุรี,ศรีพัฒนา,ศูนย์พัฒนาการจัดสวัสดิการสังคมผู้สูงอายุ
SOC00134,7791821701292,อภิญญา,จารุวัฒน์,หญิง,1996-10-02,สตรีและครอบครัว,หนี้สินครัวเรือน,2025-08-16,2025-08-24,ประสานส่งต่อหน่วยงาน,เครือข่ายชุมชนแจ้ง,ปกติ,ช่วยเหลือและปิดเคส,2025-09-03,เครือข่ายชุมชน,สมุทรปราการ,คลองใหม่,ศูนย์ช่วยเหลือสังคม 1300
SOC00135,2443182373342,ธนา,บุญช่วย,หญิง,2020-04-12,เด็กและเยาวชน,ประสบเหตุฉุกเฉิน,2025-08-21,2025-08-27,ช่วยเหลือเงินสงเคราะห์,องค์กรปกครองส่วนท้องถิ่นส่งต่อ,เร่งด่วน,ให้คำปรึกษาและปิดเคส,2025-09-17,หน่วยงานส่งต่อ,สุพรรณบุรี,บ้านใหม่,ศูนย์คุ้มครองคนไร้ที่พึ่ง
SOC00136,7069373225208,วนิดา,ธนากุล,หญิง,2004-04-27,เด็กและเยาวชน,หนี้สินครัวเรือน,2023-07-31,2023-08-11,ให้คำปรึกษา,ญาติ/ครอบครัวแจ้ง,ปกติ,ส่งต่อหน่วยงานและปิดเคส,2023-08-25,เครือข่ายชุมชน,สงขลา,เมืองสงขลา,ศูนย์คุ้มครองคนไร้ที่พึ่ง
SOC00137,7847287882876,วรเมธ,สุวรรณวงศ์,หญิง,1971-08-04,คนไร้ที่พึ่ง,ประสบเหตุฉุกเฉิน,2024-10-12,2024-10-19,ช่วยเหลือเงินสงเคราะห์,องค์กรปกครองส่วนท้องถิ่นส่งต่อ,ปกติ,ช่วยเหลือและปิดเคส,2024-11-18,เครือข่ายชุมชน,ลำปาง,เมือง,สำนักงานพัฒนาสังคมและความมั่นคงของมนุษย์จังหวัด
SOC00138,6129283251391,ชลธิชา,พึ่งบุญ,หญิง,2011-02-20,เด็กและเยาวชน,รายได้ไม่เพียงพอ,2022-09-03,2022-09-23,ช่วยเหลือสิ่งของเครื่องใช้จำเป็น,เครือข่ายชุมชนแจ้ง,ปกติ,ช่วยเหลือและปิดเคส,2022-09-28,เครือข่ายชุมชน,ลำพูน,บ้านใหม่,ศูนย์ช่วยเหลือสังคม 1300
SOC00139,7740352402564,วรรณวิสา,ทองมาก,หญิง,1964-05-26,ผู้ประสบปัญหาทางสังคมทั่วไป,ความรุนแรงในครอบครัว,2023-01-11,2023-02-01,จัดหาที่พักชั่วคราว,เครือข่ายชุมชนแจ้ง,ปกติ,ส่งต่อหน่วยงานและปิดเคส,2023-02-10,Walk-in,ระยอง,เมือง,ศูนย์คุ้มครองคนไร้ที่พึ่ง
SOC00140,2630581397593,กัลยา,พูลเพิ่ม,ชาย,2020-06-19,คนพิการ,ที่อยู่อาศัย,2022-09-09,2022-09-14,ช่วยเหลือเงินสงเคราะห์,สายด่วน พม. 1300,เร่งด่วน,ช่วยเหลือและปิดเคส,2022-09-20,สายด่วน พม. 1300,ชลบุรี,เมืองชลบุรี,บ้านพักเด็กและครอบครัว
SOC00141,4598003894962,ธนา,ทวีทรัพย์,ชาย,1975-08-21,ผู้ประสบปัญหาทางสังคมทั่วไป,ประสบเหตุฉุกเฉิน,2025-06-10,2025-06-11,จัดหาที่พักชั่วคราว,ประชาชนแจ้งด้วยตนเอง,เร่งด่วน,ช่วยเหลือและปิดเคส,2025-07-01,ระบบออนไลน์,สกลนคร,คลองใหม่,ศูนย์ช่วยเหลือสังคม 1300
SOC00142,8503599380806,พิกุล,วัฒนศรี,ชาย,1972-12-18,ผู้ประสบปัญหาทางสังคมทั่วไป,หนี้สินครัวเรือน,2023-07-31,2023-07-31,ช่วยเหลือด้านที่อยู่อาศัย,หน่วยงานภาครัฐส่งต่อ,ฉุกเฉิน,ส่งต่อหน่วยงานและปิดเคส,2023-08-04,หน่วยงานส่งต่อ,ขอนแก่น,ชุมแพ,ศูนย์ช่วยเหลือสังคม 1300
SOC00143,3956559687992,รัตนา,คำดี,หญิง,1975-07-05,ผู้มีรายได้น้อย,ความรุนแรงในครอบครัว,2022-01-11,2022-01-16,ช่วยเหลือด้านที่อยู่อาศัย,องค์กรปกครองส่วนท้องถิ่นส่งต่อ,เร่งด่วน,ให้คำปรึกษาและปิดเคส,2022-01-30,สายด่วน พม. 1300,ลพบุรี,ศรีพัฒนา,ศูนย์คุ้มครองคนไร้ที่พึ่ง
SOC00144,1006605605860,ชไมพร,ทองอินทร์,ชาย,1976-02-25,ผู้มีรายได้น้อย,หนี้สินครัวเรือน,2023-10-28,2023-11-13,ช่วยเหลือเงินสงเคราะห์,สายด่วน พม. 1300,ปกติ,ติดตามผลและปิดเคส,2023-12-03,หน่วยงานส่งต่อ,น่าน,หนองกลาง,ศูนย์คุ้มครองคนไร้ที่พึ่ง
SOC00145,1153238619508,จิราภรณ์,ศรีนวล,หญิง,2010-11-23,เด็กและเยาวชน,ประสบเหตุฉุกเฉิน,2023-09-29,2023-10-01,ช่วยเหลือเงินสงเคราะห์,สายด่วน พม. 1300,เร่งด่วน,ติดตามผลและปิดเคส,2023-10-02,หน่วยงานส่งต่อ,สงขลา,หาดใหญ่,ศูนย์พัฒนาการจัดสวัสดิการสังคมผู้สูงอายุ
SOC00146,4558227849073,ศิริพร,เพิ่มพูน,ชาย,1936-05-05,ผู้สูงอายุ,ที่อยู่อาศัย,2024-11-11,2024-11-20,จัดหาที่พักชั่วคราว,องค์กรปกครองส่วนท้องถิ่นส่งต่อ,ปกติ,ติดตามผลและปิดเคส,2024-11-25,Walk-in,พัทลุง,เมือง,สำนักงานพัฒนาสังคมและความมั่นคงของมนุษย์จังหวัด
SOC00147,7326725368021,วราภรณ์,วิริยะกุล,หญิง,1983-07-06,ผู้ประสบปัญหาทางสังคมทั่วไป,หนี้สินครัวเรือน,2024-05-06,2024-05-23,ช่วยเหลือเงินสงเคราะห์,ประชาชนแจ้งด้วยตนเอง,ปกติ,ให้คำปรึกษาและปิดเคส,2024-06-13,สายด่วน พม. 1300,ลำพูน,คลองใหม่,ศูนย์คุ้มครองคนไร้ที่พึ่ง
SOC00148,7513468553822,สิริกานต์,วัฒนชัย,หญิง,1941-12-27,ผู้สูงอายุ,ที่อยู่อาศัย,2024-05-11,2024-05-20,ช่วยเหลือสิ่งของเครื่องใช้จำเป็น,หน่วยงานภาครัฐส่งต่อ,ปกติ,ส่งต่อหน่วยงานและปิดเคส,2024-05-25,หน่วยงานส่งต่อ,มหาสารคาม,บ้านใหม่,สำนักงานพัฒนาสังคมและความมั่นคงของมนุษย์จังหวัด
SOC00149,6631677191388,รุจิรา,สุทธิวงศ์,ชาย,1994-11-09,คนไร้ที่พึ่ง,ขาดผู้ดูแล,2026-03-10,2026-03-23,ช่วยเหลือเงินสงเคราะห์,ญาติ/ครอบครัวแจ้ง,ปกติ,ให้คำปรึกษาและปิดเคส,2026-03-24,Walk-in,จันทบุรี,หนองกลาง,บ้านพักเด็กและครอบครัว
SOC00150,2347442790261,จิราภรณ์,โพธิ์ทอง,ชาย,1957-08-28,ผู้สูงอายุ,ว่างงาน,2023-01-28,2023-02-12,ช่วยเหลือสิ่งของเครื่องใช้จำเป็น,ประชาชนแจ้งด้วยตนเอง,ปกติ,ช่วยเหลือและปิดเคส,2023-02-28,Walk-in,สงขลา,สิงหนคร,สำนักงานพัฒนาสังคมและความมั่นคงของมนุษย์จังหวัด
SOC00151,4421196577241,ชาญวิทย์,สุขใจ,ชาย,1996-01-11,คนไร้ที่พึ่ง,ประสบเหตุฉุกเฉิน,2024-03-30,2024-04-18,ช่วยเหลือสิ่งของเครื่องใช้จำเป็น,เครือข่ายชุมชนแจ้ง,ปกติ,ส่งต่อหน่วยงานและปิดเคส,2024-05-09,ระบบออนไลน์,ปทุมธานี,คลองหลวง,ศูนย์คุ้มครองคนไร้ที่พึ่ง
SOC00152,4824054681927,เอกภพ,ศรีจันทร์,ชาย,1953-07-03,ผู้สูงอายุ,ขาดผู้ดูแล,2024-06-07,2024-06-13,ช่วยเหลือด้านที่อยู่อาศัย,สายด่วน พม. 1300,ปกติ,ให้คำปรึกษาและปิดเคส,2024-06-22,Walk-in,ขอนแก่น,ชุมแพ,บ้านพักเด็กและครอบครัว
SOC00153,3694581823047,สุวิมล,อ่อนละมุน,หญิง,1969-04-18,สตรีและครอบครัว,ประสบเหตุฉุกเฉิน,2023-05-13,2023-05-17,จัดหาที่พักชั่วคราว,ประชาชนแจ้งด้วยตนเอง,ปกติ,ส่งต่อหน่วยงานและปิดเคส,2023-05-20,หน่วยงานส่งต่อ,ชลบุรี,บางละมุง,ศูนย์คุ้มครองคนไร้ที่พึ่ง
SOC00154,7701100476394,ธีรภัทร,บุญส่ง,ชาย,1976-08-09,ผู้มีรายได้น้อย,ความรุนแรงในครอบครัว,2022-07-03,2022-07-03,ช่วยเหลือสิ่งของเครื่องใช้จำเป็น,องค์กรปกครองส่วนท้องถิ่นส่งต่อ,ฉุกเฉิน,ติดตามผลและปิดเคส,2022-07-28,ระบบออนไลน์,ราชบุรี,บ้านใหม่,ศูนย์คุ้มครองคนไร้ที่พึ่ง
SOC00155,8271399955733,พรชัย,ใจดี,ชาย,1992-05-19,คนไร้ที่พึ่ง,รายได้ไม่เพียงพอ,2024-04-10,2024-04-15,ช่วยเหลือเงินสงเคราะห์,สายด่วน พม. 1300,เร่งด่วน,ช่วยเหลือและปิดเคส,2024-05-05,Walk-in,สกลนคร,ทุ่งสุข,ศูนย์คุ้มครองคนไร้ที่พึ่ง
SOC00156,5647182724311,เอกภพ,บัวแก้ว,หญิง,1951-06-20,ผู้สูงอายุ,ประสบเหตุฉุกเฉิน,2025-11-10,2025-11-12,ประสานส่งต่อหน่วยงาน,ประชาชนแจ้งด้วยตนเอง,ฉุกเฉิน,ส่งต่อหน่วยงานและปิดเคส,2025-11-20,หน่วยงานส่งต่อ,น่าน,ศรีพัฒนา,ศูนย์ช่วยเหลือสังคม 1300
SOC00157,2197023286417,สุพัตรา,เกษมสุข,ชาย,2002-11-11,ผู้มีรายได้น้อย,ว่างงาน,2026-07-01,2026-07-01,ช่วยเหลือสิ่งของเครื่องใช้จำเป็น,หน่วยงานภาครัฐส่งต่อ,ฉุกเฉิน,ส่งต่อหน่วยงานและปิดเคส,2026-07-17,Walk-in,นครราชสีมา,ปากช่อง,ศูนย์ช่วยเหลือสังคม 1300
SOC00158,6154240759810,พัชรินทร์,มิตรดี,หญิง,1941-09-05,ผู้สูงอายุ,ว่างงาน,2025-10-20,2025-10-31,ให้คำปรึกษา,เครือข่ายชุมชนแจ้ง,ปกติ,ส่งต่อหน่วยงานและปิดเคส,2025-11-09,หน่วยงานส่งต่อ,สระแก้ว,เมือง,ศูนย์ช่วยเหลือสังคม 1300
SOC00159,5955023006223,ปัทมา,เพชรรัตน์,หญิง,1942-01-23,ผู้สูงอายุ,รายได้ไม่เพียงพอ,2024-01-13,2024-01-15,ประสานส่งต่อหน่วยงาน,ประชาชนแจ้งด้วยตนเอง,ปกติ,ให้คำปรึกษาและปิดเคส,2024-02-02,Walk-in,สุพรรณบุรี,เมือง,บ้านพักเด็กและครอบครัว
SOC00160,5633241530936,รวิศ,เข็มทอง,ชาย,1957-01-08,คนพิการ,หนี้สินครัวเรือน,2023-05-28,2023-06-02,ช่วยเหลือสิ่งของเครื่องใช้จำเป็น,สายด่วน พม. 1300,ปกติ,ให้คำปรึกษาและปิดเคส,2023-06-18,หน่วยงานส่งต่อ,จันทบุรี,ทุ่งสุข,ศูนย์ช่วยเหลือสังคม 1300
SOC00161,7721811610341,บุษบา,แสนดี,ชาย,1994-02-03,คนพิการ,ว่างงาน,2023-06-03,2023-06-05,ประสานส่งต่อหน่วยงาน,ญาติ/ครอบครัวแจ้ง,เร่งด่วน,ติดตามผลและปิดเคส,2023-06-11,ระบบออนไลน์,ลำปาง,หนองกลาง,สำนักงานพัฒนาสังคมและความมั่นคงของมนุษย์จังหวัด
SOC00162,5885038937342,วรัญญา,สืบสาย,หญิง,1959-12-08,ผู้ประสบปัญหาทางสังคมทั่วไป,ปัญหาสุขภาพและการดำรงชีพ,2023-04-12,2023-04-25,ช่วยเหลือสิ่งของเครื่องใช้จำเป็น,เครือข่ายชุมชนแจ้ง,ปกติ,ช่วยเหลือและปิดเคส,2023-05-10,หน่วยงานส่งต่อ,ตรัง,หนองกลาง,สำนักงานพัฒนาสังคมและความมั่นคงของมนุษย์จังหวัด
SOC00163,5908646124684,สุภาวดี,พิทักษ์วงศ์,ชาย,1961-05-19,ผู้มีรายได้น้อย,ที่อยู่อาศัย,2022-07-13,2022-07-22,ช่วยเหลือเงินสงเคราะห์,ประชาชนแจ้งด้วยตนเอง,ปกติ,ส่งต่อหน่วยงานและปิดเคส,2022-08-09,ระบบออนไลน์,สุรินทร์,บ้านใหม่,ศูนย์ช่วยเหลือสังคม 1300
SOC00164,2580717310193,วรัญญา,วัฒนศรี,ชาย,1975-04-01,ผู้มีรายได้น้อย,ประสบเหตุฉุกเฉิน,2025-09-13,2025-09-28,ช่วยเหลือเงินสงเคราะห์,หน่วยงานภาครัฐส่งต่อ,ปกติ,ติดตามผลและปิดเคส,2025-10-28,ระบบออนไลน์,ตรัง,เมือง,ศูนย์พัฒนาการจัดสวัสดิการสังคมผู้สูงอายุ
SOC00165,2416387552781,ปกรณ์,คำแสน,ชาย,1980-01-16,ผู้มีรายได้น้อย,รายได้ไม่เพียงพอ,2022-02-07,2022-02-16,ช่วยเหลือเงินสงเคราะห์,ญาติ/ครอบครัวแจ้ง,ปกติ,ติดตามผลและปิดเคส,2022-02-26,หน่วยงานส่งต่อ,นราธิวาส,เมือง,ศูนย์คุ้มครองคนไร้ที่พึ่ง
SOC00166,2353403266706,วายุ,นิลแก้ว,ชาย,1992-02-27,ผู้มีรายได้น้อย,ความรุนแรงในครอบครัว,2026-03-03,2026-03-24,ช่วยเหลือเงินสงเคราะห์,เครือข่ายชุมชนแจ้ง,ปกติ,ติดตามผลและปิดเคส,2026-03-28,Walk-in,สระแก้ว,เมือง,บ้านพักเด็กและครอบครัว
SOC00167,8532637779129,จิราภรณ์,บัวทอง,หญิง,2005-04-10,คนพิการ,ขาดผู้ดูแล,2023-12-04,2023-12-05,ช่วยเหลือเงินสงเคราะห์,หน่วยงานภาครัฐส่งต่อ,ฉุกเฉิน,ส่งต่อหน่วยงานและปิดเคส,2023-12-10,ระบบออนไลน์,ลพบุรี,หนองกลาง,ศูนย์ช่วยเหลือสังคม 1300
SOC00168,7714071128675,ปัญญา,สุนทรวงศ์,ชาย,2006-11-03,ผู้ประสบปัญหาทางสังคมทั่วไป,ว่างงาน,2025-04-12,2025-04-19,ช่วยเหลือเงินสงเคราะห์,สายด่วน พม. 1300,ปกติ,ช่วยเหลือและปิดเคส,2025-05-19,สายด่วน พม. 1300,สระบุรี,บ้านใหม่,ศูนย์คุ้มครองคนไร้ที่พึ่ง
SOC00169,6714863599539,ณิชา,สุขวัฒนา,ชาย,1997-05-28,สตรีและครอบครัว,ความรุนแรงในครอบครัว,2026-06-20,2026-06-25,ช่วยเหลือด้านที่อยู่อาศัย,ประชาชนแจ้งด้วยตนเอง,เร่งด่วน,ส่งต่อหน่วยงานและปิดเคส,2026-06-26,ระบบออนไลน์,ชลบุรี,เมืองชลบุรี,ศูนย์พัฒนาการจัดสวัสดิการสังคมผู้สูงอายุ
SOC00170,3907210586268,พัชรินทร์,วัฒนกุล,หญิง,1965-02-12,ผู้สูงอายุ,รายได้ไม่เพียงพอ,2026-05-30,2026-06-01,ช่วยเหลือด้านที่อยู่อาศัย,หน่วยงานภาครัฐส่งต่อ,ฉุกเฉิน,ให้คำปรึกษาและปิดเคส,2026-07-01,สายด่วน พม. 1300,กระบี่,เมือง,สำนักงานพัฒนาสังคมและความมั่นคงของมนุษย์จังหวัด
SOC00171,3947399378807,ชยุต,เพชรรัตน์,ชาย,1993-05-03,คนไร้ที่พึ่ง,ว่างงาน,2026-08-01,2026-08-11,ช่วยเหลือด้านที่อยู่อาศัย,ญาติ/ครอบครัวแจ้ง,ปกติ,ส่งต่อหน่วยงานและปิดเคส,2026-08-24,ระบบออนไลน์,ภูเก็ต,กะทู้,สำนักงานพัฒนาสังคมและความมั่นคงของมนุษย์จังหวัด
SOC00172,2682275953923,ชไมพร,สุขวัฒนา,ชาย,2001-11-16,ผู้ประสบปัญหาทางสังคมทั่วไป,ความรุนแรงในครอบครัว,2026-03-15,2026-03-15,ประสานส่งต่อหน่วยงาน,องค์กรปกครองส่วนท้องถิ่นส่งต่อ,ฉุกเฉิน,ให้คำปรึกษาและปิดเคส,2026-03-26,หน่วยงานส่งต่อ,ขอนแก่น,เมืองขอนแก่น,บ้านพักเด็กและครอบครัว
SOC00173,2990855004931,สุวิมล,ธนากุล,ชาย,1998-07-14,ผู้ประสบปัญหาทางสังคมทั่วไป,ขาดผู้ดูแล,2025-01-26,2025-02-10,ช่วยเหลือเงินสงเคราะห์,เครือข่ายชุมชนแจ้ง,ปกติ,ให้คำปรึกษาและปิดเคส,2025-02-18,ระบบออนไลน์,สุราษฎร์ธานี,คลองใหม่,ศูนย์คุ้มครองคนไร้ที่พึ่ง
SOC00174,2028627553510,เบญจพร,ศรีประภา,ชาย,1954-12-08,ผู้สูงอายุ,หนี้สินครัวเรือน,2024-01-16,2024-01-24,ช่วยเหลือเงินสงเคราะห์,สายด่วน พม. 1300,ปกติ,ส่งต่อหน่วยงานและปิดเคส,2024-02-14,หน่วยงานส่งต่อ,อุบลราชธานี,ศรีพัฒนา,สำนักงานพัฒนาสังคมและความมั่นคงของมนุษย์จังหวัด
SOC00175,4399706834036,วายุ,เจริญสุข,ชาย,1943-01-05,ผู้สูงอายุ,ปัญหาสุขภาพและการดำรงชีพ,2023-02-28,2023-03-01,ช่วยเหลือเงินสงเคราะห์,เครือข่ายชุมชนแจ้ง,เร่งด่วน,ส่งต่อหน่วยงานและปิดเคส,2023-03-11,เครือข่ายชุมชน,สุราษฎร์ธานี,หนองกลาง,ศูนย์พัฒนาการจัดสวัสดิการสังคมผู้สูงอายุ
SOC00176,4560828573997,ปวีณา,กุลวงศ์,ชาย,1954-12-13,คนพิการ,ความรุนแรงในครอบครัว,2023-09-09,2023-09-19,ประสานส่งต่อหน่วยงาน,ประชาชนแจ้งด้วยตนเอง,ปกติ,ช่วยเหลือและปิดเคส,2023-10-12,หน่วยงานส่งต่อ,ปราจีนบุรี,คลองใหม่,ศูนย์คุ้มครองคนไร้ที่พึ่ง
SOC00177,1679964183456,ชนิดา,รุ่งสวัสดิ์,หญิง,2002-07-27,เด็กและเยาวชน,หนี้สินครัวเรือน,2025-05-01,2025-05-05,ให้คำปรึกษา,เครือข่ายชุมชนแจ้ง,เร่งด่วน,ช่วยเหลือและปิดเคส,2025-05-21,ระบบออนไลน์,จันทบุรี,คลองใหม่,ศูนย์คุ้มครองคนไร้ที่พึ่ง
SOC00178,1246854237102,ชยพล,ธรรมรักษ์,หญิง,1940-03-02,ผู้สูงอายุ,ที่อยู่อาศัย,2026-07-01,2026-07-14,ช่วยเหลือเงินสงเคราะห์,สายด่วน พม. 1300,ปกติ,ติดตามผลและปิดเคส,2026-08-03,Walk-in,สมุทรปราการ,คลองใหม่,ศูนย์คุ้มครองคนไร้ที่พึ่ง
SOC00179,5372769401023,พรทิพย์,กุลวงศ์,หญิง,2015-12-24,เด็กและเยาวชน,ประสบเหตุฉุกเฉิน,2024-07-22,2024-08-10,ประสานส่งต่อหน่วยงาน,ญาติ/ครอบครัวแจ้ง,ปกติ,ติดตามผลและปิดเคส,2024-08-19,เครือข่ายชุมชน,พระนครศรีอยุธยา,เมือง,สำนักงานพัฒนาสังคมและความมั่นคงของมนุษย์จังหวัด
SOC00180,4543633079937,เมธาวี,นิลแก้ว,หญิง,1943-12-13,ผู้สูงอายุ,ที่อยู่อาศัย,2026-03-02,2026-03-08,ช่วยเหลือเงินสงเคราะห์,หน่วยงานภาครัฐส่งต่อ,ปกติ,ให้คำปรึกษาและปิดเคส,2026-03-10,ระบบออนไลน์,ลพบุรี,หนองกลาง,ศูนย์คุ้มครองคนไร้ที่พึ่ง
SOC00181,5405931520462,วนิดา,มงคลชัย,หญิง,1996-06-14,สตรีและครอบครัว,ปัญหาสุขภาพและการดำรงชีพ,2023-08-05,2023-08-07,ช่วยเหลือเงินสงเคราะห์,ประชาชนแจ้งด้วยตนเอง,เร่งด่วน,ส่งต่อหน่วยงานและปิดเคส,2023-08-17,Walk-in,นนทบุรี,บางบัวทอง,ศูนย์ช่วยเหลือสังคม 1300
SOC00182,8736958089081,รวิศ,ศรีจันทร์,หญิง,1960-03-01,ผู้สูงอายุ,หนี้สินครัวเรือน,2023-08-23,2023-08-27,ช่วยเหลือเงินสงเคราะห์,หน่วยงานภาครัฐส่งต่อ,เร่งด่วน,ช่วยเหลือและปิดเคส,2023-09-12,เครือข่ายชุมชน,สกลนคร,เมือง,สำนักงานพัฒนาสังคมและความมั่นคงของมนุษย์จังหวัด
SOC00183,7622134403618,จุฑามาศ,คงมั่น,ชาย,2015-06-21,เด็กและเยาวชน,ความรุนแรงในครอบครัว,2023-11-10,2023-11-12,ช่วยเหลือเงินสงเคราะห์,ญาติ/ครอบครัวแจ้ง,ปกติ,ส่งต่อหน่วยงานและปิดเคส,2023-11-18,หน่วยงานส่งต่อ,พระนครศรีอยุธยา,คลองใหม่,ศูนย์พัฒนาการจัดสวัสดิการสังคมผู้สูงอายุ
SOC00184,2763077652277,ปาริชาติ,สุนทรวงศ์,หญิง,1962-07-08,คนพิการ,ที่อยู่อาศัย,2025-12-28,2026-01-01,จัดหาที่พักชั่วคราว,ประชาชนแจ้งด้วยตนเอง,เร่งด่วน,ติดตามผลและปิดเคส,2026-01-15,ระบบออนไลน์,สกลนคร,บ้านใหม่,ศูนย์คุ้มครองคนไร้ที่พึ่ง
SOC00185,8583739014548,ธีรภัทร,ศรีสง่า,หญิง,1958-02-12,ผู้สูงอายุ,ขาดผู้ดูแล,2026-06-18,2026-07-01,ประสานส่งต่อหน่วยงาน,สายด่วน พม. 1300,ปกติ,ให้คำปรึกษาและปิดเคส,2026-07-12,ระบบออนไลน์,นราธิวาส,เมือง,บ้านพักเด็กและครอบครัว
SOC00186,2059499672164,ภูริณัฐ,รัตนวงศ์,หญิง,2008-03-05,เด็กและเยาวชน,ขาดผู้ดูแล,2023-06-14,2023-06-24,ช่วยเหลือสิ่งของเครื่องใช้จำเป็น,สายด่วน พม. 1300,ปกติ,ส่งต่อหน่วยงานและปิดเคส,2023-07-05,ระบบออนไลน์,สมุทรสาคร,หนองกลาง,สำนักงานพัฒนาสังคมและความมั่นคงของมนุษย์จังหวัด
SOC00187,2860863018482,วรเมธ,ทวีทรัพย์,ชาย,1972-10-04,คนพิการ,ขาดผู้ดูแล,2022-09-12,2022-09-29,ช่วยเหลือเงินสงเคราะห์,ญาติ/ครอบครัวแจ้ง,ปกติ,ส่งต่อหน่วยงานและปิดเคส,2022-10-19,ระบบออนไลน์,ปัตตานี,ทุ่งสุข,ศูนย์ช่วยเหลือสังคม 1300
SOC00188,8338090748565,วิภาวี,อารีรักษ์,หญิง,2019-06-21,คนพิการ,ว่างงาน,2026-03-06,2026-03-26,ช่วยเหลือเงินสงเคราะห์,ญาติ/ครอบครัวแจ้ง,ปกติ,ให้คำปรึกษาและปิดเคส,2026-04-13,สายด่วน พม. 1300,แพร่,ศรีพัฒนา,ศูนย์คุ้มครองคนไร้ที่พึ่ง
SOC00189,8653892544450,ธัญชนก,ศรีนวล,ชาย,1996-11-23,สตรีและครอบครัว,รายได้ไม่เพียงพอ,2026-02-12,2026-02-14,ช่วยเหลือสิ่งของเครื่องใช้จำเป็น,ญาติ/ครอบครัวแจ้ง,ฉุกเฉิน,ติดตามผลและปิดเคส,2026-03-12,Walk-in,แพร่,เมือง,ศูนย์ช่วยเหลือสังคม 1300
SOC00190,2110407965764,ลลิตา,ศรีนวล,ชาย,2012-12-23,เด็กและเยาวชน,ความรุนแรงในครอบครัว,2023-04-03,2023-04-10,ช่วยเหลือเงินสงเคราะห์,ญาติ/ครอบครัวแจ้ง,เร่งด่วน,ติดตามผลและปิดเคส,2023-04-15,Walk-in,กระบี่,บ้านใหม่,บ้านพักเด็กและครอบครัว
SOC00191,4690478151303,สิทธิโชค,สมานมิตร,ชาย,1946-09-13,ผู้สูงอายุ,ที่อยู่อาศัย,2023-10-20,2023-11-03,ช่วยเหลือเงินสงเคราะห์,ประชาชนแจ้งด้วยตนเอง,ปกติ,ช่วยเหลือและปิดเคส,2023-11-27,ระบบออนไลน์,สระบุรี,หนองกลาง,สำนักงานพัฒนาสังคมและความมั่นคงของมนุษย์จังหวัด
SOC00192,8630586817476,ชยพล,ไชยวงศ์,หญิง,1956-12-10,คนไร้ที่พึ่ง,ปัญหาสุขภาพและการดำรงชีพ,2026-05-01,2026-05-20,ช่วยเหลือด้านที่อยู่อาศัย,หน่วยงานภาครัฐส่งต่อ,ปกติ,ให้คำปรึกษาและปิดเคส,2026-05-29,Walk-in,นครราชสีมา,ปากช่อง,ศูนย์ช่วยเหลือสังคม 1300
SOC00193,8721260273856,กิตติพงศ์,พิพัฒน์กุล,หญิง,1979-04-11,สตรีและครอบครัว,ขาดผู้ดูแล,2026-02-06,2026-02-08,ช่วยเหลือด้านที่อยู่อาศัย,องค์กรปกครองส่วนท้องถิ่นส่งต่อ,ปกติ,ให้คำปรึกษาและปิดเคส,2026-02-12,ระบบออนไลน์,ราชบุรี,คลองใหม่,ศูนย์คุ้มครองคนไร้ที่พึ่ง
SOC00194,6063912569281,ศุภชัย,จันทร์หอม,ชาย,1997-12-25,คนพิการ,ความรุนแรงในครอบครัว,2024-02-07,2024-02-21,ช่วยเหลือเงินสงเคราะห์,ญาติ/ครอบครัวแจ้ง,ปกติ,ให้คำปรึกษาและปิดเคส,2024-02-24,เครือข่ายชุมชน,สงขลา,หาดใหญ่,ศูนย์พัฒนาการจัดสวัสดิการสังคมผู้สูงอายุ
SOC00195,6720112086082,กรรณิการ์,แสงจันทร์,ชาย,2003-04-07,เด็กและเยาวชน,ขาดผู้ดูแล,2023-05-07,2023-05-18,ช่วยเหลือเงินสงเคราะห์,หน่วยงานภาครัฐส่งต่อ,ปกติ,ติดตามผลและปิดเคส,2023-05-31,ระบบออนไลน์,อุตรดิตถ์,บ้านใหม่,ศูนย์ช่วยเหลือสังคม 1300
SOC00196,1140292518312,ศุภลักษณ์,จารุวัฒน์,ชาย,2004-06-22,เด็กและเยาวชน,ปัญหาสุขภาพและการดำรงชีพ,2022-06-07,2022-06-11,ช่วยเหลือเงินสงเคราะห์,เครือข่ายชุมชนแจ้ง,ปกติ,ส่งต่อหน่วยงานและปิดเคส,2022-06-17,ระบบออนไลน์,กระบี่,เมือง,ศูนย์คุ้มครองคนไร้ที่พึ่ง
SOC00197,3083468472662,วาสนา,เกียรติไพศาล,ชาย,1985-11-16,คนพิการ,หนี้สินครัวเรือน,2023-11-27,2023-12-08,ช่วยเหลือเงินสงเคราะห์,สายด่วน พม. 1300,ปกติ,ส่งต่อหน่วยงานและปิดเคส,2024-01-04,เครือข่ายชุมชน,นครปฐม,ทุ่งสุข,ศูนย์คุ้มครองคนไร้ที่พึ่ง
SOC00198,6058464981804,สิทธิโชค,ศรีสุข,ชาย,1983-09-26,ผู้ประสบปัญหาทางสังคมทั่วไป,ความรุนแรงในครอบครัว,2023-09-21,2023-10-02,ช่วยเหลือเงินสงเคราะห์,ญาติ/ครอบครัวแจ้ง,ปกติ,ช่วยเหลือและปิดเคส,2023-10-28,หน่วยงานส่งต่อ,ลพบุรี,เมือง,สำนักงานพัฒนาสังคมและความมั่นคงของมนุษย์จังหวัด
SOC00199,8136977151174,นรินทร์,เจริญสุข,หญิง,2003-12-21,เด็กและเยาวชน,หนี้สินครัวเรือน,2026-06-06,2026-06-09,ช่วยเหลือด้านที่อยู่อาศัย,เครือข่ายชุมชนแจ้ง,ปกติ,ส่งต่อหน่วยงานและปิดเคส,2026-06-22,สายด่วน พม. 1300,บุรีรัมย์,ศรีพัฒนา,ศูนย์พัฒนาการจัดสวัสดิการสังคมผู้สูงอายุ
SOC00200,5213927845395,วราภรณ์,เรืองฤทธิ์,ชาย,1980-01-10,ผู้มีรายได้น้อย,ว่างงาน,2024-12-03,2024-12-14,ช่วยเหลือเงินสงเคราะห์,สายด่วน พม. 1300,ปกติ,ให้คำปรึกษาและปิดเคส,2025-01-03,เครือข่ายชุมชน,สุพรรณบุรี,บ้านใหม่,ศูนย์ช่วยเหลือสังคม 1300
SOC00201,7104762217057,ปกรณ์,สวัสดี,ชาย,2023-10-31,เด็กและเยาวชน,ขาดผู้ดูแล,2026-04-01,2026-04-17,ช่วยเหลือเงินสงเคราะห์,สายด่วน พม. 1300,ปกติ,ให้คำปรึกษาและปิดเคส,2026-05-06,สายด่วน พม. 1300,ร้อยเอ็ด,ศรีพัฒนา,ศูนย์พัฒนาการจัดสวัสดิการสังคมผู้สูงอายุ
SOC00202,3907210586268,พัชรินทร์,วัฒนกุล,หญิง,1965-02-12,ผู้สูงอายุ,รายได้ไม่เพียงพอ,2025-02-04,2025-02-05,ช่วยเหลือสิ่งของเครื่องใช้จำเป็น,ญาติ/ครอบครัวแจ้ง,ฉุกเฉิน,ให้คำปรึกษาและปิดเคส,2025-02-12,Walk-in,อุบลราชธานี,เมือง,ศูนย์ช่วยเหลือสังคม 1300
SOC00203,1246854237102,ชยพล,ธรรมรักษ์,หญิง,1940-03-02,ผู้สูงอายุ,ความรุนแรงในครอบครัว,2025-02-03,2025-02-10,ช่วยเหลือเงินสงเคราะห์,องค์กรปกครองส่วนท้องถิ่นส่งต่อ,เร่งด่วน,ให้คำปรึกษาและปิดเคส,2025-02-24,หน่วยงานส่งต่อ,สุราษฎร์ธานี,ทุ่งสุข,ศูนย์คุ้มครองคนไร้ที่พึ่ง
SOC00204,2235985228481,ณัฐธิดา,ภูมิใจ,ชาย,1959-07-14,ผู้สูงอายุ,ความรุนแรงในครอบครัว,2026-04-29,2026-05-01,ช่วยเหลือด้านที่อยู่อาศัย,ญาติ/ครอบครัวแจ้ง,เร่งด่วน,ติดตามผลและปิดเคส,2026-05-12,สายด่วน พม. 1300,ชลบุรี,ศรีราชา,สำนักงานพัฒนาสังคมและความมั่นคงของมนุษย์จังหวัด
SOC00205,8218855103869,ศิริพร,ทองอินทร์,ชาย,1975-06-24,ผู้ประสบปัญหาทางสังคมทั่วไป,ความรุนแรงในครอบครัว,2024-11-24,2024-12-07,ช่วยเหลือสิ่งของเครื่องใช้จำเป็น,เครือข่ายชุมชนแจ้ง,ปกติ,ส่งต่อหน่วยงานและปิดเคส,2025-01-05,สายด่วน พม. 1300,อุตรดิตถ์,คลองใหม่,ศูนย์ช่วยเหลือสังคม 1300
SOC00206,3523346331181,อาทิตยา,วัฒนชัย,หญิง,1982-03-19,ผู้มีรายได้น้อย,ความรุนแรงในครอบครัว,2025-01-28,2025-02-03,ช่วยเหลือด้านที่อยู่อาศัย,ประชาชนแจ้งด้วยตนเอง,ปกติ,ช่วยเหลือและปิดเคส,2025-02-26,เครือข่ายชุมชน,ราชบุรี,ทุ่งสุข,ศูนย์พัฒนาการจัดสวัสดิการสังคมผู้สูงอายุ
SOC00207,4906403102464,สายฝน,สมบูรณ์ผล,หญิง,2008-05-01,ผู้มีรายได้น้อย,ประสบเหตุฉุกเฉิน,2026-01-24,2026-02-09,ช่วยเหลือเงินสงเคราะห์,สายด่วน พม. 1300,ปกติ,ช่วยเหลือและปิดเคส,2026-03-06,สายด่วน พม. 1300,สมุทรสาคร,เมือง,ศูนย์พัฒนาการจัดสวัสดิการสังคมผู้สูงอายุ
SOC00208,5064539365071,ภัทรพล,จันทร์ฉาย,หญิง,2006-01-22,เด็กและเยาวชน,ประสบเหตุฉุกเฉิน,2026-05-26,2026-06-01,ช่วยเหลือเงินสงเคราะห์,องค์กรปกครองส่วนท้องถิ่นส่งต่อ,ปกติ,ให้คำปรึกษาและปิดเคส,2026-06-28,เครือข่ายชุมชน,ปัตตานี,หนองกลาง,สำนักงานพัฒนาสังคมและความมั่นคงของมนุษย์จังหวัด
SOC00209,7996579409231,กฤษฎา,วัฒนกุล,ชาย,1975-04-28,คนพิการ,ว่างงาน,2025-03-28,2025-04-02,ช่วยเหลือเงินสงเคราะห์,เครือข่ายชุมชนแจ้ง,ปกติ,ติดตามผลและปิดเคส,2025-04-20,ระบบออนไลน์,พิษณุโลก,ศรีพัฒนา,ศูนย์คุ้มครองคนไร้ที่พึ่ง
SOC00210,2316928251381,วชิรวิทย์,พรหมมา,ชาย,1991-12-13,สตรีและครอบครัว,ความรุนแรงในครอบครัว,2024-04-08,2024-04-11,ให้คำปรึกษา,ญาติ/ครอบครัวแจ้ง,เร่งด่วน,ช่วยเหลือและปิดเคส,2024-05-02,Walk-in,มหาสารคาม,ศรีพัฒนา,บ้านพักเด็กและครอบครัว
SOC00211,7932533333335,ภาคิน,บุญธรรม,หญิง,2003-05-21,สตรีและครอบครัว,ที่อยู่อาศัย,2024-04-29,2024-05-09,ช่วยเหลือเงินสงเคราะห์,ประชาชนแจ้งด้วยตนเอง,ปกติ,ส่งต่อหน่วยงานและปิดเคส,2024-06-05,Walk-in,พิจิตร,ทุ่งสุข,ศูนย์พัฒนาการจัดสวัสดิการสังคมผู้สูงอายุ
SOC00212,2359976046107,ศิวกร,วัฒนกุล,ชาย,2007-07-18,เด็กและเยาวชน,ว่างงาน,2024-03-29,2024-04-03,ช่วยเหลือเงินสงเคราะห์,เครือข่ายชุมชนแจ้ง,ปกติ,ติดตามผลและปิดเคส,2024-04-14,ระบบออนไลน์,สระบุรี,หนองกลาง,ศูนย์คุ้มครองคนไร้ที่พึ่ง
SOC00213,4317959057583,วชิรวิทย์,คงเจริญ,หญิง,1968-10-24,ผู้ประสบปัญหาทางสังคมทั่วไป,ปัญหาสุขภาพและการดำรงชีพ,2026-02-22,2026-03-08,จัดหาที่พักชั่วคราว,สายด่วน พม. 1300,ปกติ,ให้คำปรึกษาและปิดเคส,2026-04-03,ระบบออนไลน์,นครศรีธรรมราช,ทุ่งสุข,ศูนย์ช่วยเหลือสังคม 1300
SOC00214,4597099625827,พงศกร,ธรรมวงศ์,ชาย,1988-02-06,ผู้ประสบปัญหาทางสังคมทั่วไป,ที่อยู่อาศัย,2022-06-05,2022-06-05,ช่วยเหลือเงินสงเคราะห์,ญาติ/ครอบครัวแจ้ง,ฉุกเฉิน,ช่วยเหลือและปิดเคส,2022-06-12,สายด่วน พม. 1300,มหาสารคาม,เมือง,บ้านพักเด็กและครอบครัว
SOC00215,4871562621101,ณิชา,สมานมิตร,หญิง,1960-05-07,ผู้สูงอายุ,รายได้ไม่เพียงพอ,2025-03-23,2025-03-24,ช่วยเหลือเงินสงเคราะห์,ญาติ/ครอบครัวแจ้ง,ฉุกเฉิน,ช่วยเหลือและปิดเคส,2025-04-01,ระบบออนไลน์,อุดรธานี,ทุ่งสุข,สำนักงานพัฒนาสังคมและความมั่นคงของมนุษย์จังหวัด
SOC00216,5677722032104,ณัฐวุฒิ,ทรัพย์เจริญ,หญิง,2016-05-27,เด็กและเยาวชน,ที่อยู่อาศัย,2026-05-30,2026-06-06,ช่วยเหลือเงินสงเคราะห์,หน่วยงานภาครัฐส่งต่อ,เร่งด่วน,ช่วยเหลือและปิดเคส,2026-06-16,ระบบออนไลน์,ราชบุรี,ทุ่งสุข,สำนักงานพัฒนาสังคมและความมั่นคงของมนุษย์จังหวัด
SOC00217,7246430645709,ชลธิชา,สวัสดี,หญิง,2012-06-05,เด็กและเยาวชน,ขาดผู้ดูแล,2022-06-18,2022-06-22,ช่วยเหลือเงินสงเคราะห์,ประชาชนแจ้งด้วยตนเอง,เร่งด่วน,ให้คำปรึกษาและปิดเคส,2022-07-22,ระบบออนไลน์,สงขลา,สิงหนคร,ศูนย์พัฒนาการจัดสวัสดิการสังคมผู้สูงอายุ
SOC00218,7698078210401,พิมพ์ชนก,เรืองฤทธิ์,ชาย,2012-06-12,คนพิการ,ความรุนแรงในครอบครัว,2022-08-27,2022-09-15,ช่วยเหลือด้านที่อยู่อาศัย,ญาติ/ครอบครัวแจ้ง,ปกติ,ส่งต่อหน่วยงานและปิดเคส,2022-10-01,Walk-in,มหาสารคาม,ทุ่งสุข,บ้านพักเด็กและครอบครัว
SOC00219,6931577564112,กรรณิการ์,บุญช่วย,ชาย,2001-01-13,คนพิการ,หนี้สินครัวเรือน,2024-09-02,2024-09-08,ช่วยเหลือเงินสงเคราะห์,ญาติ/ครอบครัวแจ้ง,เร่งด่วน,ติดตามผลและปิดเคส,2024-09-14,ระบบออนไลน์,สุราษฎร์ธานี,ศรีพัฒนา,ศูนย์พัฒนาการจัดสวัสดิการสังคมผู้สูงอายุ
SOC00220,8112974341114,อริสรา,นิ่มนวล,ชาย,1994-03-16,คนพิการ,ปัญหาสุขภาพและการดำรงชีพ,2026-02-28,2026-03-06,ช่วยเหลือเงินสงเคราะห์,สายด่วน พม. 1300,ปกติ,ติดตามผลและปิดเคส,2026-03-24,หน่วยงานส่งต่อ,จันทบุรี,หนองกลาง,ศูนย์คุ้มครองคนไร้ที่พึ่ง
SOC00221,3330387062795,ณิชา,ภูมิใจ,ชาย,1988-09-12,คนพิการ,หนี้สินครัวเรือน,2022-10-23,2022-10-26,ช่วยเหลือเงินสงเคราะห์,เครือข่ายชุมชนแจ้ง,ปกติ,ส่งต่อหน่วยงานและปิดเคส,2022-10-30,สายด่วน พม. 1300,อุบลราชธานี,ศรีพัฒนา,สำนักงานพัฒนาสังคมและความมั่นคงของมนุษย์จังหวัด
SOC00222,6798520112903,ธวัชชัย,ทวีทรัพย์,ชาย,2015-01-19,เด็กและเยาวชน,ปัญหาสุขภาพและการดำรงชีพ,2024-10-30,2024-11-14,ช่วยเหลือด้านที่อยู่อาศัย,เครือข่ายชุมชนแจ้ง,ปกติ,ติดตามผลและปิดเคส,2024-12-05,เครือข่ายชุมชน,สุรินทร์,หนองกลาง,ศูนย์พัฒนาการจัดสวัสดิการสังคมผู้สูงอายุ
SOC00223,3256095832457,วิศรุต,ฤทธิไกร,ชาย,1945-12-20,ผู้สูงอายุ,ปัญหาสุขภาพและการดำรงชีพ,2023-01-07,2023-01-07,ช่วยเหลือเงินสงเคราะห์,หน่วยงานภาครัฐส่งต่อ,ฉุกเฉิน,ช่วยเหลือและปิดเคส,2023-02-04,หน่วยงานส่งต่อ,ราชบุรี,ทุ่งสุข,ศูนย์คุ้มครองคนไร้ที่พึ่ง
SOC00224,8259809644730,มยุรี,ธรรมรักษ์,หญิง,1981-04-03,ผู้มีรายได้น้อย,ว่างงาน,2023-09-24,2023-09-26,ช่วยเหลือเงินสงเคราะห์,เครือข่ายชุมชนแจ้ง,ปกติ,ส่งต่อหน่วยงานและปิดเคส,2023-10-14,ระบบออนไลน์,อุตรดิตถ์,เมือง,ศูนย์พัฒนาการจัดสวัสดิการสังคมผู้สูงอายุ
SOC00225,4266212027472,เพ็ญนภา,ยอดแก้ว,ชาย,1982-07-30,คนพิการ,ความรุนแรงในครอบครัว,2025-11-05,2025-11-23,ช่วยเหลือเงินสงเคราะห์,เครือข่ายชุมชนแจ้ง,ปกติ,ส่งต่อหน่วยงานและปิดเคส,2025-12-17,สายด่วน พม. 1300,ระยอง,หนองกลาง,สำนักงานพัฒนาสังคมและความมั่นคงของมนุษย์จังหวัด
SOC00226,7223281060540,นันทนา,แสงทอง,หญิง,1973-04-20,ผู้มีรายได้น้อย,ว่างงาน,2023-02-16,2023-02-22,ช่วยเหลือเงินสงเคราะห์,หน่วยงานภาครัฐส่งต่อ,ปกติ,ช่วยเหลือและปิดเคส,2023-03-21,เครือข่ายชุมชน,ปราจีนบุรี,คลองใหม่,ศูนย์คุ้มครองคนไร้ที่พึ่ง
SOC00227,5379144200861,รัตนา,ประดับศรี,ชาย,1997-05-26,คนพิการ,ประสบเหตุฉุกเฉิน,2026-03-11,2026-03-19,จัดหาที่พักชั่วคราว,ญาติ/ครอบครัวแจ้ง,ปกติ,ให้คำปรึกษาและปิดเคส,2026-04-07,สายด่วน พม. 1300,ยะลา,เมือง,ศูนย์คุ้มครองคนไร้ที่พึ่ง
SOC00228,1174743688351,เมธาวี,ทองมาก,ชาย,1986-05-25,ผู้ประสบปัญหาทางสังคมทั่วไป,ที่อยู่อาศัย,2022-08-18,2022-08-20,ช่วยเหลือเงินสงเคราะห์,องค์กรปกครองส่วนท้องถิ่นส่งต่อ,ฉุกเฉิน,ช่วยเหลือและปิดเคส,2022-09-12,หน่วยงานส่งต่อ,ระยอง,ทุ่งสุข,บ้านพักเด็กและครอบครัว
SOC00229,3053576212498,ธัญชนก,จันทร์หอม,ชาย,1956-06-25,ผู้มีรายได้น้อย,ปัญหาสุขภาพและการดำรงชีพ,2022-07-24,2022-07-30,ช่วยเหลือเงินสงเคราะห์,สายด่วน พม. 1300,ปกติ,ส่งต่อหน่วยงานและปิดเคส,2022-08-17,Walk-in,นครศรีธรรมราช,หนองกลาง,สำนักงานพัฒนาสังคมและความมั่นคงของมนุษย์จังหวัด
SOC00230,3621235436062,วิศรุต,แก้วกาญจน์,ชาย,1942-08-14,ผู้สูงอายุ,หนี้สินครัวเรือน,2022-12-31,2023-01-02,จัดหาที่พักชั่วคราว,หน่วยงานภาครัฐส่งต่อ,ฉุกเฉิน,ช่วยเหลือและปิดเคส,2023-01-13,สายด่วน พม. 1300,จันทบุรี,หนองกลาง,บ้านพักเด็กและครอบครัว
SOC00231,4178859319180,รุจิรา,คงเจริญ,ชาย,1993-07-17,คนพิการ,รายได้ไม่เพียงพอ,2022-11-01,2022-11-03,ให้คำปรึกษา,เครือข่ายชุมชนแจ้ง,เร่งด่วน,ติดตามผลและปิดเคส,2022-11-27,ระบบออนไลน์,ระยอง,ศรีพัฒนา,ศูนย์ช่วยเหลือสังคม 1300
SOC00232,7081007014439,พิมพ์ชนก,สมานมิตร,ชาย,2006-03-24,เด็กและเยาวชน,ปัญหาสุขภาพและการดำรงชีพ,2024-02-22,2024-02-29,ช่วยเหลือเงินสงเคราะห์,สายด่วน พม. 1300,ปกติ,ช่วยเหลือและปิดเคส,2024-03-06,สายด่วน พม. 1300,อุดรธานี,ศรีพัฒนา,สำนักงานพัฒนาสังคมและความมั่นคงของมนุษย์จังหวัด
SOC00233,6021285211145,รวิศ,ศรีสุข,หญิง,1977-08-15,ผู้ประสบปัญหาทางสังคมทั่วไป,หนี้สินครัวเรือน,2023-12-05,2023-12-11,ช่วยเหลือเงินสงเคราะห์,ประชาชนแจ้งด้วยตนเอง,ปกติ,ให้คำปรึกษาและปิดเคส,2023-12-27,สายด่วน พม. 1300,ปราจีนบุรี,หนองกลาง,ศูนย์ช่วยเหลือสังคม 1300
SOC00234,5863969138748,กมลชนก,นาคทอง,ชาย,1957-12-19,ผู้สูงอายุ,รายได้ไม่เพียงพอ,2026-08-01,2026-08-17,ช่วยเหลือสิ่งของเครื่องใช้จำเป็น,หน่วยงานภาครัฐส่งต่อ,ปกติ,ให้คำปรึกษาและปิดเคส,2026-08-24,Walk-in,สุรินทร์,ศรีพัฒนา,บ้านพักเด็กและครอบครัว
SOC00235,8917447989352,ณัฐธิดา,พรมศรี,ชาย,2015-03-31,คนพิการ,ขาดผู้ดูแล,2025-04-28,2025-05-10,ช่วยเหลือเงินสงเคราะห์,สายด่วน พม. 1300,ปกติ,ส่งต่อหน่วยงานและปิดเคส,2025-05-27,เครือข่ายชุมชน,จันทบุรี,เมือง,ศูนย์พัฒนาการจัดสวัสดิการสังคมผู้สูงอายุ
SOC00236,1238468717378,สุรศักดิ์,รุ่งเรือง,ชาย,2022-09-27,เด็กและเยาวชน,ที่อยู่อาศัย,2026-03-21,2026-04-06,จัดหาที่พักชั่วคราว,หน่วยงานภาครัฐส่งต่อ,ปกติ,ให้คำปรึกษาและปิดเคส,2026-05-03,สายด่วน พม. 1300,พระนครศรีอยุธยา,ศรีพัฒนา,สำนักงานพัฒนาสังคมและความมั่นคงของมนุษย์จังหวัด
SOC00237,1564579403090,ภาคิน,พูลเพิ่ม,ชาย,2012-07-28,เด็กและเยาวชน,ประสบเหตุฉุกเฉิน,2026-08-05,2026-08-24,ช่วยเหลือด้านที่อยู่อาศัย,ญาติ/ครอบครัวแจ้ง,ปกติ,ช่วยเหลือและปิดเคส,2026-08-24,ระบบออนไลน์,กรุงเทพมหานคร,บางกะปิ,ศูนย์ช่วยเหลือสังคม 1300
SOC00238,6284583757082,จักรพันธ์,แก้วกาญจน์,ชาย,1978-05-26,คนพิการ,ประสบเหตุฉุกเฉิน,2022-07-19,2022-07-22,จัดหาที่พักชั่วคราว,เครือข่ายชุมชนแจ้ง,ปกติ,ให้คำปรึกษาและปิดเคส,2022-08-07,ระบบออนไลน์,ตราด,เมือง,ศูนย์คุ้มครองคนไร้ที่พึ่ง
SOC00239,3130178026844,พรชัย,ธนากุล,ชาย,1951-07-24,ผู้สูงอายุ,ที่อยู่อาศัย,2024-08-27,2024-08-28,ช่วยเหลือสิ่งของเครื่องใช้จำเป็น,องค์กรปกครองส่วนท้องถิ่นส่งต่อ,เร่งด่วน,ติดตามผลและปิดเคส,2024-09-25,ระบบออนไลน์,ลพบุรี,บ้านใหม่,ศูนย์พัฒนาการจัดสวัสดิการสังคมผู้สูงอายุ
SOC00240,5834245476820,เพ็ญนภา,เกียรติไพศาล,ชาย,1982-07-21,คนไร้ที่พึ่ง,ที่อยู่อาศัย,2024-03-26,2024-04-05,ช่วยเหลือเงินสงเคราะห์,องค์กรปกครองส่วนท้องถิ่นส่งต่อ,ปกติ,ให้คำปรึกษาและปิดเคส,2024-04-15,Walk-in,ฉะเชิงเทรา,หนองกลาง,ศูนย์คุ้มครองคนไร้ที่พึ่ง
SOC00241,6928030073187,ธวัชชัย,อ่อนละมุน,ชาย,1947-01-14,ผู้สูงอายุ,หนี้สินครัวเรือน,2024-07-11,2024-07-11,ช่วยเหลือเงินสงเคราะห์,ญาติ/ครอบครัวแจ้ง,ฉุกเฉิน,ให้คำปรึกษาและปิดเคส,2024-08-03,หน่วยงานส่งต่อ,ตรัง,หนองกลาง,ศูนย์ช่วยเหลือสังคม 1300
SOC00242,5348041820164,พรทิพย์,สุขใจ,ชาย,1965-03-30,ผู้มีรายได้น้อย,ปัญหาสุขภาพและการดำรงชีพ,2022-09-16,2022-09-27,ช่วยเหลือเงินสงเคราะห์,ญาติ/ครอบครัวแจ้ง,ปกติ,ให้คำปรึกษาและปิดเคส,2022-10-05,หน่วยงานส่งต่อ,ระยอง,เมือง,ศูนย์พัฒนาการจัดสวัสดิการสังคมผู้สูงอายุ
SOC00243,7217531176802,ธัญชนก,สุขใจ,หญิง,1967-11-26,ผู้มีรายได้น้อย,ปัญหาสุขภาพและการดำรงชีพ,2024-06-25,2024-07-13,ประสานส่งต่อหน่วยงาน,ประชาชนแจ้งด้วยตนเอง,ปกติ,ให้คำปรึกษาและปิดเคส,2024-07-24,เครือข่ายชุมชน,นครปฐม,ศรีพัฒนา,สำนักงานพัฒนาสังคมและความมั่นคงของมนุษย์จังหวัด
SOC00244,4317959057583,วชิรวิทย์,คงเจริญ,หญิง,1968-10-24,ผู้ประสบปัญหาทางสังคมทั่วไป,ขาดผู้ดูแล,2023-12-06,2023-12-26,ช่วยเหลือด้านที่อยู่อาศัย,เครือข่ายชุมชนแจ้ง,ปกติ,ส่งต่อหน่วยงานและปิดเคส,2024-01-24,หน่วยงานส่งต่อ,ขอนแก่น,น้ำพอง,ศูนย์ช่วยเหลือสังคม 1300
SOC00245,7871986306216,ปวีณา,เรืองฤทธิ์,หญิง,2002-09-18,ผู้ประสบปัญหาทางสังคมทั่วไป,หนี้สินครัวเรือน,2024-02-20,2024-02-26,ช่วยเหลือสิ่งของเครื่องใช้จำเป็น,ประชาชนแจ้งด้วยตนเอง,เร่งด่วน,ให้คำปรึกษาและปิดเคส,2024-03-02,Walk-in,ระยอง,บ้านใหม่,สำนักงานพัฒนาสังคมและความมั่นคงของมนุษย์จังหวัด
SOC00246,2241236265259,รัชนี,เกษมสุข,หญิง,1955-06-16,ผู้สูงอายุ,หนี้สินครัวเรือน,2024-01-22,2024-01-24,ช่วยเหลือเงินสงเคราะห์,เครือข่ายชุมชนแจ้ง,ปกติ,ติดตามผลและปิดเคส,2024-01-28,สายด่วน พม. 1300,ลพบุรี,บ้านใหม่,บ้านพักเด็กและครอบครัว
SOC00247,5565278476865,ปวีณา,เกียรติไพศาล,หญิง,2017-07-12,เด็กและเยาวชน,หนี้สินครัวเรือน,2024-03-03,2024-03-24,ช่วยเหลือเงินสงเคราะห์,สายด่วน พม. 1300,ปกติ,ติดตามผลและปิดเคส,2024-03-24,เครือข่ายชุมชน,สุราษฎร์ธานี,ศรีพัฒนา,ศูนย์ช่วยเหลือสังคม 1300
SOC00248,1711069285392,ปิยธิดา,รุ่งเรือง,หญิง,1960-06-23,ผู้ประสบปัญหาทางสังคมทั่วไป,ความรุนแรงในครอบครัว,2022-04-16,2022-04-18,ช่วยเหลือเงินสงเคราะห์,ประชาชนแจ้งด้วยตนเอง,ฉุกเฉิน,ส่งต่อหน่วยงานและปิดเคส,2022-05-06,ระบบออนไลน์,ลพบุรี,หนองกลาง,สำนักงานพัฒนาสังคมและความมั่นคงของมนุษย์จังหวัด
SOC00249,6050845771638,ศุภลักษณ์,เกิดผล,ชาย,2001-03-28,ผู้ประสบปัญหาทางสังคมทั่วไป,ประสบเหตุฉุกเฉิน,2024-06-30,2024-07-06,ช่วยเหลือด้านที่อยู่อาศัย,องค์กรปกครองส่วนท้องถิ่นส่งต่อ,เร่งด่วน,ส่งต่อหน่วยงานและปิดเคส,2024-08-02,Walk-in,นครราชสีมา,สีคิ้ว,บ้านพักเด็กและครอบครัว
SOC00250,2351403231447,อริสรา,รัตนวงศ์,ชาย,2002-01-22,คนพิการ,หนี้สินครัวเรือน,2025-12-16,2025-12-26,ช่วยเหลือเงินสงเคราะห์,เครือข่ายชุมชนแจ้ง,ปกติ,ให้คำปรึกษาและปิดเคส,2026-01-23,เครือข่ายชุมชน,ตราด,หนองกลาง,บ้านพักเด็กและครอบครัว
SOC00251,4543437896570,วิภาวี,พิทักษ์วงศ์,หญิง,2017-11-25,เด็กและเยาวชน,ว่างงาน,2026-07-11,2026-07-18,ช่วยเหลือด้านที่อยู่อาศัย,ประชาชนแจ้งด้วยตนเอง,เร่งด่วน,ติดตามผลและปิดเคส,2026-08-11,หน่วยงานส่งต่อ,จันทบุรี,คลองใหม่,ศูนย์ช่วยเหลือสังคม 1300
SOC00252,8414064445998,ธิดารัตน์,บุญช่วย,หญิง,1966-01-22,ผู้ประสบปัญหาทางสังคมทั่วไป,รายได้ไม่เพียงพอ,2024-08-29,2024-09-01,ช่วยเหลือเงินสงเคราะห์,สายด่วน พม. 1300,ปกติ,ส่งต่อหน่วยงานและปิดเคส,2024-09-18,Walk-in,จันทบุรี,ทุ่งสุข,สำนักงานพัฒนาสังคมและความมั่นคงของมนุษย์จังหวัด
SOC00253,4939550292741,พรทิพย์,จำปาแก้ว,ชาย,2002-12-04,คนพิการ,ขาดผู้ดูแล,2025-02-14,2025-02-20,จัดหาที่พักชั่วคราว,สายด่วน พม. 1300,เร่งด่วน,ส่งต่อหน่วยงานและปิดเคส,2025-02-23,หน่วยงานส่งต่อ,สุพรรณบุรี,ทุ่งสุข,ศูนย์ช่วยเหลือสังคม 1300
SOC00254,4703764944885,วาสนา,แสงทอง,ชาย,2004-02-02,เด็กและเยาวชน,ว่างงาน,2026-02-05,2026-02-10,ช่วยเหลือเงินสงเคราะห์,องค์กรปกครองส่วนท้องถิ่นส่งต่อ,เร่งด่วน,ช่วยเหลือและปิดเคส,2026-03-08,Walk-in,ฉะเชิงเทรา,หนองกลาง,ศูนย์พัฒนาการจัดสวัสดิการสังคมผู้สูงอายุ
SOC00255,8147042507422,นภัสสร,ธรรมคุณ,ชาย,2006-10-12,ผู้ประสบปัญหาทางสังคมทั่วไป,ที่อยู่อาศัย,2024-02-13,2024-02-29,ช่วยเหลือเงินสงเคราะห์,หน่วยงานภาครัฐส่งต่อ,ปกติ,ช่วยเหลือและปิดเคส,2024-03-30,ระบบออนไลน์,ราชบุรี,ทุ่งสุข,สำนักงานพัฒนาสังคมและความมั่นคงของมนุษย์จังหวัด
SOC00256,8630586817476,ชยพล,ไชยวงศ์,หญิง,1956-12-10,คนไร้ที่พึ่ง,หนี้สินครัวเรือน,2023-11-09,2023-11-17,ช่วยเหลือเงินสงเคราะห์,หน่วยงานภาครัฐส่งต่อ,ปกติ,ช่วยเหลือและปิดเคส,2023-11-22,สายด่วน พม. 1300,มหาสารคาม,เมือง,ศูนย์คุ้มครองคนไร้ที่พึ่ง
SOC00257,5018625824481,มนัสวี,บุญช่วย,ชาย,2003-11-29,เด็กและเยาวชน,รายได้ไม่เพียงพอ,2025-10-04,2025-10-16,ช่วยเหลือเงินสงเคราะห์,สายด่วน พม. 1300,ปกติ,ส่งต่อหน่วยงานและปิดเคส,2025-11-12,หน่วยงานส่งต่อ,กระบี่,ทุ่งสุข,บ้านพักเด็กและครอบครัว
SOC00258,6844038585389,ปาริชาติ,อารีรักษ์,หญิง,1951-01-01,ผู้สูงอายุ,ขาดผู้ดูแล,2023-08-10,2023-08-17,ช่วยเหลือเงินสงเคราะห์,ประชาชนแจ้งด้วยตนเอง,เร่งด่วน,ให้คำปรึกษาและปิดเคส,2023-09-09,เครือข่ายชุมชน,เชียงใหม่,สันทราย,สำนักงานพัฒนาสังคมและความมั่นคงของมนุษย์จังหวัด
SOC00259,2347442790261,จิราภรณ์,โพธิ์ทอง,ชาย,1957-08-28,ผู้สูงอายุ,ความรุนแรงในครอบครัว,2024-12-06,2024-12-24,ช่วยเหลือเงินสงเคราะห์,ประชาชนแจ้งด้วยตนเอง,ปกติ,ช่วยเหลือและปิดเคส,2025-01-17,Walk-in,สมุทรปราการ,ศรีพัฒนา,บ้านพักเด็กและครอบครัว
SOC00260,7069373225208,วนิดา,ธนากุล,หญิง,2004-04-27,เด็กและเยาวชน,ความรุนแรงในครอบครัว,2023-11-22,2023-12-07,ให้คำปรึกษา,องค์กรปกครองส่วนท้องถิ่นส่งต่อ,ปกติ,ติดตามผลและปิดเคส,2024-01-02,หน่วยงานส่งต่อ,ลำปาง,หนองกลาง,ศูนย์พัฒนาการจัดสวัสดิการสังคมผู้สูงอายุ
SOC00261,1492665879551,ชไมพร,วิริยะกุล,หญิง,1953-12-10,ผู้สูงอายุ,หนี้สินครัวเรือน,2026-05-11,2026-05-13,ประสานส่งต่อหน่วยงาน,ญาติ/ครอบครัวแจ้ง,ฉุกเฉิน,ให้คำปรึกษาและปิดเคส,2026-06-08,เครือข่ายชุมชน,ตรัง,ศรีพัฒนา,ศูนย์พัฒนาการจัดสวัสดิการสังคมผู้สูงอายุ
SOC00262,1287900655090,ธนภัทร,สวัสดิผล,ชาย,1991-04-18,ผู้ประสบปัญหาทางสังคมทั่วไป,ขาดผู้ดูแล,2026-04-04,2026-04-15,ช่วยเหลือเงินสงเคราะห์,ประชาชนแจ้งด้วยตนเอง,ปกติ,ส่งต่อหน่วยงานและปิดเคส,2026-05-09,ระบบออนไลน์,นครปฐม,หนองกลาง,ศูนย์พัฒนาการจัดสวัสดิการสังคมผู้สูงอายุ
SOC00263,7159338166682,ชไมพร,พูนทรัพย์,ชาย,1968-06-20,ผู้ประสบปัญหาทางสังคมทั่วไป,หนี้สินครัวเรือน,2025-07-02,2025-07-08,ช่วยเหลือด้านที่อยู่อาศัย,เครือข่ายชุมชนแจ้ง,ปกติ,ช่วยเหลือและปิดเคส,2025-07-30,สายด่วน พม. 1300,สกลนคร,คลองใหม่,สำนักงานพัฒนาสังคมและความมั่นคงของมนุษย์จังหวัด
SOC00264,3892952290471,พีรพัฒน์,บุญธรรม,หญิง,1977-03-13,ผู้มีรายได้น้อย,หนี้สินครัวเรือน,2022-11-24,2022-12-07,ช่วยเหลือเงินสงเคราะห์,สายด่วน พม. 1300,ปกติ,ช่วยเหลือและปิดเคส,2022-12-13,เครือข่ายชุมชน,สมุทรปราการ,บ้านใหม่,ศูนย์ช่วยเหลือสังคม 1300
SOC00265,5058987582109,ศิริพร,รัตนวงศ์,ชาย,1944-12-21,ผู้สูงอายุ,หนี้สินครัวเรือน,2025-08-20,2025-08-22,ช่วยเหลือเงินสงเคราะห์,ประชาชนแจ้งด้วยตนเอง,เร่งด่วน,ติดตามผลและปิดเคส,2025-09-05,เครือข่ายชุมชน,ราชบุรี,ศรีพัฒนา,ศูนย์คุ้มครองคนไร้ที่พึ่ง
SOC00266,4811096907581,กฤษฎา,สวัสดี,ชาย,2002-10-20,สตรีและครอบครัว,รายได้ไม่เพียงพอ,2025-02-26,2025-03-12,ช่วยเหลือเงินสงเคราะห์,สายด่วน พม. 1300,ปกติ,ให้คำปรึกษาและปิดเคส,2025-03-20,Walk-in,เชียงราย,เมืองเชียงราย,บ้านพักเด็กและครอบครัว
SOC00267,8107121784585,ศุภชัย,สุทธิวงศ์,ชาย,1939-05-06,ผู้สูงอายุ,ปัญหาสุขภาพและการดำรงชีพ,2026-03-18,2026-04-04,ช่วยเหลือเงินสงเคราะห์,ญาติ/ครอบครัวแจ้ง,ปกติ,ติดตามผลและปิดเคส,2026-04-30,หน่วยงานส่งต่อ,ชลบุรี,พนัสนิคม,บ้านพักเด็กและครอบครัว
SOC00268,7572433352471,เพ็ญนภา,วัฒนกุล,หญิง,1971-11-23,ผู้มีรายได้น้อย,ขาดผู้ดูแล,2024-09-25,2024-10-16,จัดหาที่พักชั่วคราว,เครือข่ายชุมชนแจ้ง,ปกติ,ช่วยเหลือและปิดเคส,2024-11-08,ระบบออนไลน์,ชลบุรี,พนัสนิคม,ศูนย์พัฒนาการจัดสวัสดิการสังคมผู้สูงอายุ
SOC00269,2210557742255,ณัฐวุฒิ,บุญเรือง,ชาย,1964-12-05,ผู้สูงอายุ,ปัญหาสุขภาพและการดำรงชีพ,2024-09-25,2024-10-01,ช่วยเหลือด้านที่อยู่อาศัย,หน่วยงานภาครัฐส่งต่อ,ปกติ,ติดตามผลและปิดเคส,2024-10-01,สายด่วน พม. 1300,ปทุมธานี,คลองหลวง,ศูนย์ช่วยเหลือสังคม 1300
SOC00270,2686280356044,เบญจพร,เพิ่มพูน,หญิง,1988-11-08,คนไร้ที่พึ่ง,หนี้สินครัวเรือน,2023-10-24,2023-11-11,จัดหาที่พักชั่วคราว,ญาติ/ครอบครัวแจ้ง,ปกติ,ส่งต่อหน่วยงานและปิดเคส,2023-11-20,เครือข่ายชุมชน,อุดรธานี,คลองใหม่,ศูนย์ช่วยเหลือสังคม 1300
SOC00271,3483833195887,สุรศักดิ์,นาคะ,ชาย,2002-12-28,คนพิการ,ประสบเหตุฉุกเฉิน,2024-10-25,2024-10-29,ช่วยเหลือสิ่งของเครื่องใช้จำเป็น,ญาติ/ครอบครัวแจ้ง,ปกติ,ช่วยเหลือและปิดเคส,2024-10-30,ระบบออนไลน์,ลพบุรี,คลองใหม่,บ้านพักเด็กและครอบครัว
SOC00272,2034926444824,พัชราภา,แสนดี,หญิง,1979-01-22,ผู้มีรายได้น้อย,ปัญหาสุขภาพและการดำรงชีพ,2026-06-20,2026-06-22,ประสานส่งต่อหน่วยงาน,สายด่วน พม. 1300,ฉุกเฉิน,ให้คำปรึกษาและปิดเคส,2026-07-14,ระบบออนไลน์,อุดรธานี,บ้านใหม่,ศูนย์คุ้มครองคนไร้ที่พึ่ง
SOC00273,1762634084546,นภัสสร,เพชรรัตน์,หญิง,1995-03-11,ผู้มีรายได้น้อย,ขาดผู้ดูแล,2023-07-12,2023-07-23,ช่วยเหลือเงินสงเคราะห์,หน่วยงานภาครัฐส่งต่อ,ปกติ,ช่วยเหลือและปิดเคส,2023-08-21,Walk-in,กระบี่,ทุ่งสุข,ศูนย์พัฒนาการจัดสวัสดิการสังคมผู้สูงอายุ
SOC00274,3182451883395,นิภาพร,บัวทอง,หญิง,1959-08-29,ผู้สูงอายุ,ปัญหาสุขภาพและการดำรงชีพ,2022-04-28,2022-05-15,ช่วยเหลือเงินสงเคราะห์,เครือข่ายชุมชนแจ้ง,ปกติ,ให้คำปรึกษาและปิดเคส,2022-05-25,เครือข่ายชุมชน,ลพบุรี,ทุ่งสุข,ศูนย์คุ้มครองคนไร้ที่พึ่ง
SOC00275,2235985228481,ณัฐธิดา,ภูมิใจ,ชาย,1959-07-14,ผู้สูงอายุ,ปัญหาสุขภาพและการดำรงชีพ,2022-01-11,2022-01-20,ช่วยเหลือสิ่งของเครื่องใช้จำเป็น,ประชาชนแจ้งด้วยตนเอง,ปกติ,ติดตามผลและปิดเคส,2022-01-23,หน่วยงานส่งต่อ,เชียงใหม่,แม่ริม,ศูนย์คุ้มครองคนไร้ที่พึ่ง
SOC00276,6891795333954,เกศรินทร์,เรืองฤทธิ์,ชาย,1984-05-07,ผู้มีรายได้น้อย,รายได้ไม่เพียงพอ,2025-02-28,2025-03-01,ช่วยเหลือด้านที่อยู่อาศัย,หน่วยงานภาครัฐส่งต่อ,ฉุกเฉิน,ให้คำปรึกษาและปิดเคส,2025-03-09,สายด่วน พม. 1300,สกลนคร,หนองกลาง,บ้านพักเด็กและครอบครัว
SOC00277,6747064910082,กาญจนา,จารุวัฒน์,หญิง,1972-05-19,สตรีและครอบครัว,ที่อยู่อาศัย,2024-03-01,2024-03-09,ประสานส่งต่อหน่วยงาน,ญาติ/ครอบครัวแจ้ง,ปกติ,ช่วยเหลือและปิดเคส,2024-03-27,หน่วยงานส่งต่อ,สงขลา,หาดใหญ่,บ้านพักเด็กและครอบครัว
SOC00278,5449099631143,นฤมล,ปัญญาดี,หญิง,2005-01-20,ผู้มีรายได้น้อย,ประสบเหตุฉุกเฉิน,2023-04-08,2023-04-22,ช่วยเหลือเงินสงเคราะห์,องค์กรปกครองส่วนท้องถิ่นส่งต่อ,ปกติ,ติดตามผลและปิดเคส,2023-04-27,Walk-in,กระบี่,บ้านใหม่,ศูนย์ช่วยเหลือสังคม 1300
SOC00279,2832727268067,นิตยา,เกียรติไพศาล,หญิง,1960-05-24,ผู้ประสบปัญหาทางสังคมทั่วไป,ขาดผู้ดูแล,2024-03-10,2024-03-12,ช่วยเหลือเงินสงเคราะห์,ประชาชนแจ้งด้วยตนเอง,เร่งด่วน,ให้คำปรึกษาและปิดเคส,2024-04-06,เครือข่ายชุมชน,ราชบุรี,เมือง,สำนักงานพัฒนาสังคมและความมั่นคงของมนุษย์จังหวัด
SOC00280,4285272977581,กัลยา,บุญธรรม,ชาย,1970-10-21,คนไร้ที่พึ่ง,รายได้ไม่เพียงพอ,2023-12-29,2024-01-06,ประสานส่งต่อหน่วยงาน,ญาติ/ครอบครัวแจ้ง,ปกติ,ช่วยเหลือและปิดเคส,2024-02-04,Walk-in,จันทบุรี,ศรีพัฒนา,บ้านพักเด็กและครอบครัว
SOC00281,6720112086082,กรรณิการ์,แสงจันทร์,ชาย,2003-04-07,เด็กและเยาวชน,ว่างงาน,2022-08-15,2022-08-30,ช่วยเหลือเงินสงเคราะห์,เครือข่ายชุมชนแจ้ง,ปกติ,ให้คำปรึกษาและปิดเคส,2022-09-14,เครือข่ายชุมชน,นราธิวาส,เมือง,ศูนย์คุ้มครองคนไร้ที่พึ่ง
SOC00282,8663551263876,เกศรินทร์,เพชรรัตน์,ชาย,1964-07-16,ผู้สูงอายุ,ว่างงาน,2022-03-28,2022-03-30,ช่วยเหลือเงินสงเคราะห์,หน่วยงานภาครัฐส่งต่อ,ฉุกเฉิน,ติดตามผลและปิดเคส,2022-04-18,สายด่วน พม. 1300,สระบุรี,บ้านใหม่,ศูนย์พัฒนาการจัดสวัสดิการสังคมผู้สูงอายุ
SOC00283,5641634976130,นรินทร์,สวัสดิผล,ชาย,2024-12-15,เด็กและเยาวชน,ประสบเหตุฉุกเฉิน,2022-11-21,2022-12-06,ช่วยเหลือเงินสงเคราะห์,องค์กรปกครองส่วนท้องถิ่นส่งต่อ,ปกติ,ติดตามผลและปิดเคส,2022-12-22,หน่วยงานส่งต่อ,ราชบุรี,ทุ่งสุข,ศูนย์คุ้มครองคนไร้ที่พึ่ง
SOC00284,5211057895007,วาสนา,มงคลชัย,หญิง,1994-07-18,ผู้มีรายได้น้อย,ขาดผู้ดูแล,2022-01-21,2022-02-04,ช่วยเหลือเงินสงเคราะห์,หน่วยงานภาครัฐส่งต่อ,ปกติ,ช่วยเหลือและปิดเคส,2022-02-13,เครือข่ายชุมชน,พิษณุโลก,ศรีพัฒนา,ศูนย์ช่วยเหลือสังคม 1300
SOC00285,7076286750735,กาญจนา,รัตนกุล,ชาย,1972-05-14,ผู้มีรายได้น้อย,ความรุนแรงในครอบครัว,2026-08-20,2026-08-20,ช่วยเหลือเงินสงเคราะห์,เครือข่ายชุมชนแจ้ง,ฉุกเฉิน,ช่วยเหลือและปิดเคส,2026-08-24,เครือข่ายชุมชน,ปทุมธานี,เมืองปทุมธานี,ศูนย์คุ้มครองคนไร้ที่พึ่ง
SOC00286,6579075718815,ชาญวิทย์,นพคุณ,หญิง,1956-11-25,ผู้สูงอายุ,ที่อยู่อาศัย,2026-01-19,2026-01-27,ช่วยเหลือเงินสงเคราะห์,เครือข่ายชุมชนแจ้ง,ปกติ,ติดตามผลและปิดเคส,2026-01-29,สายด่วน พม. 1300,สุพรรณบุรี,บ้านใหม่,ศูนย์พัฒนาการจัดสวัสดิการสังคมผู้สูงอายุ
SOC00287,2094396151876,เกศรินทร์,พึ่งบุญ,หญิง,1982-11-13,คนพิการ,ว่างงาน,2026-03-12,2026-03-25,ช่วยเหลือเงินสงเคราะห์,สายด่วน พม. 1300,ปกติ,ติดตามผลและปิดเคส,2026-04-12,Walk-in,สกลนคร,ศรีพัฒนา,ศูนย์คุ้มครองคนไร้ที่พึ่ง
SOC00288,3881417380974,วราภรณ์,พูลเพิ่ม,ชาย,1990-06-25,ผู้มีรายได้น้อย,ประสบเหตุฉุกเฉิน,2026-08-04,2026-08-11,ช่วยเหลือด้านที่อยู่อาศัย,ประชาชนแจ้งด้วยตนเอง,ปกติ,ให้คำปรึกษาและปิดเคส,2026-08-24,สายด่วน พม. 1300,สุพรรณบุรี,ศรีพัฒนา,สำนักงานพัฒนาสังคมและความมั่นคงของมนุษย์จังหวัด
SOC00289,1320153639801,ภูริณัฐ,ฤทธิไกร,ชาย,2021-12-03,เด็กและเยาวชน,ว่างงาน,2026-07-18,2026-08-04,จัดหาที่พักชั่วคราว,องค์กรปกครองส่วนท้องถิ่นส่งต่อ,ปกติ,ส่งต่อหน่วยงานและปิดเคส,2026-08-06,สายด่วน พม. 1300,สมุทรปราการ,คลองใหม่,ศูนย์พัฒนาการจัดสวัสดิการสังคมผู้สูงอายุ
SOC00290,2125938423592,ปกรณ์,มิตรดี,หญิง,1971-07-18,สตรีและครอบครัว,ที่อยู่อาศัย,2025-09-07,2025-09-28,ช่วยเหลือเงินสงเคราะห์,ญาติ/ครอบครัวแจ้ง,ปกติ,ติดตามผลและปิดเคส,2025-10-25,สายด่วน พม. 1300,สระแก้ว,คลองใหม่,สำนักงานพัฒนาสังคมและความมั่นคงของมนุษย์จังหวัด
SOC00291,1646642912139,วรเมธ,รัตนกุล,ชาย,2002-11-01,ผู้มีรายได้น้อย,ขาดผู้ดูแล,2024-08-30,2024-09-03,ช่วยเหลือด้านที่อยู่อาศัย,สายด่วน พม. 1300,ปกติ,ให้คำปรึกษาและปิดเคส,2024-09-05,Walk-in,สระแก้ว,บ้านใหม่,สำนักงานพัฒนาสังคมและความมั่นคงของมนุษย์จังหวัด
SOC00292,8545371554212,อาทิตย์,แสนดี,ชาย,1988-05-29,คนพิการ,ปัญหาสุขภาพและการดำรงชีพ,2022-08-03,2022-08-10,ช่วยเหลือเงินสงเคราะห์,สายด่วน พม. 1300,เร่งด่วน,ติดตามผลและปิดเคส,2022-08-27,Walk-in,บุรีรัมย์,ทุ่งสุข,ศูนย์พัฒนาการจัดสวัสดิการสังคมผู้สูงอายุ
SOC00293,6780686362783,บุษบา,วัฒนชัย,หญิง,2016-10-29,คนพิการ,ว่างงาน,2025-01-17,2025-01-30,ช่วยเหลือเงินสงเคราะห์,ญาติ/ครอบครัวแจ้ง,ปกติ,ให้คำปรึกษาและปิดเคส,2025-02-05,หน่วยงานส่งต่อ,สกลนคร,คลองใหม่,ศูนย์คุ้มครองคนไร้ที่พึ่ง
SOC00294,5231827650698,กิตติพงศ์,บุญเกิด,หญิง,1959-07-05,ผู้สูงอายุ,ว่างงาน,2025-10-26,2025-10-29,ช่วยเหลือเงินสงเคราะห์,สายด่วน พม. 1300,ปกติ,ติดตามผลและปิดเคส,2025-11-20,หน่วยงานส่งต่อ,นนทบุรี,บางใหญ่,ศูนย์คุ้มครองคนไร้ที่พึ่ง
SOC00295,4974925388431,สุชาดา,นิ่มนวล,ชาย,2003-09-12,ผู้มีรายได้น้อย,หนี้สินครัวเรือน,2022-06-25,2022-06-26,ช่วยเหลือเงินสงเคราะห์,ญาติ/ครอบครัวแจ้ง,เร่งด่วน,ส่งต่อหน่วยงานและปิดเคส,2022-07-03,เครือข่ายชุมชน,ลำปาง,ทุ่งสุข,ศูนย์คุ้มครองคนไร้ที่พึ่ง
SOC00296,7319271730342,ชยุต,เจริญสุข,ชาย,2019-01-31,เด็กและเยาวชน,ขาดผู้ดูแล,2025-06-26,2025-06-28,ช่วยเหลือเงินสงเคราะห์,ประชาชนแจ้งด้วยตนเอง,ฉุกเฉิน,ส่งต่อหน่วยงานและปิดเคส,2025-07-12,สายด่วน พม. 1300,สมุทรปราการ,ทุ่งสุข,ศูนย์ช่วยเหลือสังคม 1300
SOC00297,8264653465243,นภัสสร,กุลวงศ์,หญิง,1965-09-21,คนไร้ที่พึ่ง,ประสบเหตุฉุกเฉิน,2026-07-01,2026-07-09,ช่วยเหลือเงินสงเคราะห์,ประชาชนแจ้งด้วยตนเอง,ปกติ,ให้คำปรึกษาและปิดเคส,2026-07-14,Walk-in,ตรัง,คลองใหม่,บ้านพักเด็กและครอบครัว
SOC00298,4079131974271,สิริกานต์,โชคชัย,ชาย,2006-09-03,เด็กและเยาวชน,หนี้สินครัวเรือน,2026-04-16,2026-04-19,ประสานส่งต่อหน่วยงาน,สายด่วน พม. 1300,เร่งด่วน,ส่งต่อหน่วยงานและปิดเคส,2026-05-19,เครือข่ายชุมชน,สกลนคร,ศรีพัฒนา,สำนักงานพัฒนาสังคมและความมั่นคงของมนุษย์จังหวัด
SOC00299,6942314063865,มนัสวี,อุดมศักดิ์,ชาย,1963-12-17,ผู้สูงอายุ,ประสบเหตุฉุกเฉิน,2023-05-09,2023-05-15,ช่วยเหลือเงินสงเคราะห์,องค์กรปกครองส่วนท้องถิ่นส่งต่อ,เร่งด่วน,ส่งต่อหน่วยงานและปิดเคส,2023-06-05,เครือข่ายชุมชน,นครศรีธรรมราช,ศรีพัฒนา,บ้านพักเด็กและครอบครัว
SOC00300,7475073156831,วิภาวี,รัตนวงศ์,หญิง,1949-05-04,ผู้สูงอายุ,ที่อยู่อาศัย,2025-08-08,2025-08-27,ช่วยเหลือสิ่งของเครื่องใช้จำเป็น,ประชาชนแจ้งด้วยตนเอง,ปกติ,ให้คำปรึกษาและปิดเคส,2025-09-21,สายด่วน พม. 1300,ปราจีนบุรี,บ้านใหม่,ศูนย์พัฒนาการจัดสวัสดิการสังคมผู้สูงอายุ
SOC00301,4560828573997,ปวีณา,กุลวงศ์,ชาย,1954-12-13,คนพิการ,หนี้สินครัวเรือน,2026-05-01,2026-05-05,ช่วยเหลือเงินสงเคราะห์,ประชาชนแจ้งด้วยตนเอง,เร่งด่วน,ช่วยเหลือและปิดเคส,2026-05-08,สายด่วน พม. 1300,ชลบุรี,ศรีราชา,ศูนย์พัฒนาการจัดสวัสดิการสังคมผู้สูงอายุ
SOC00302,7648088792161,ชนิดา,มิตรดี,หญิง,1955-01-24,ผู้สูงอายุ,ว่างงาน,2026-02-13,2026-02-16,ช่วยเหลือเงินสงเคราะห์,เครือข่ายชุมชนแจ้ง,ปกติ,ติดตามผลและปิดเคส,2026-02-25,Walk-in,กระบี่,บ้านใหม่,สำนักงานพัฒนาสังคมและความมั่นคงของมนุษย์จังหวัด
SOC00303,2471753028534,บุษบา,เพิ่มพูน,หญิง,1977-11-17,ผู้ประสบปัญหาทางสังคมทั่วไป,ที่อยู่อาศัย,2026-02-28,2026-03-18,ช่วยเหลือเงินสงเคราะห์,ประชาชนแจ้งด้วยตนเอง,ปกติ,ติดตามผลและปิดเคส,2026-03-19,Walk-in,พิจิตร,บ้านใหม่,สำนักงานพัฒนาสังคมและความมั่นคงของมนุษย์จังหวัด
SOC00304,2971321562550,นันทนา,วิริยะกุล,หญิง,1977-02-24,สตรีและครอบครัว,หนี้สินครัวเรือน,2024-05-09,2024-05-14,จัดหาที่พักชั่วคราว,ประชาชนแจ้งด้วยตนเอง,เร่งด่วน,ติดตามผลและปิดเคส,2024-05-21,สายด่วน พม. 1300,เชียงใหม่,หางดง,บ้านพักเด็กและครอบครัว
SOC00305,8400897548223,เมธาวี,ศรีจันทร์,หญิง,1960-06-01,คนพิการ,ความรุนแรงในครอบครัว,2025-02-15,2025-02-15,ช่วยเหลือเงินสงเคราะห์,องค์กรปกครองส่วนท้องถิ่นส่งต่อ,ฉุกเฉิน,ส่งต่อหน่วยงานและปิดเคส,2025-02-25,เครือข่ายชุมชน,ปราจีนบุรี,ศรีพัฒนา,ศูนย์พัฒนาการจัดสวัสดิการสังคมผู้สูงอายุ
SOC00306,8107121784585,ศุภชัย,สุทธิวงศ์,ชาย,1939-05-06,ผู้สูงอายุ,ปัญหาสุขภาพและการดำรงชีพ,2026-08-06,2026-08-23,ให้คำปรึกษา,ประชาชนแจ้งด้วยตนเอง,ปกติ,ช่วยเหลือและปิดเคส,2026-08-24,เครือข่ายชุมชน,เชียงใหม่,สันทราย,ศูนย์พัฒนาการจัดสวัสดิการสังคมผู้สูงอายุ
SOC00307,2471753028534,บุษบา,เพิ่มพูน,หญิง,1977-11-17,ผู้ประสบปัญหาทางสังคมทั่วไป,ขาดผู้ดูแล,2022-12-29,2023-01-05,จัดหาที่พักชั่วคราว,องค์กรปกครองส่วนท้องถิ่นส่งต่อ,ปกติ,ให้คำปรึกษาและปิดเคส,2023-02-04,สายด่วน พม. 1300,สมุทรปราการ,บ้านใหม่,ศูนย์ช่วยเหลือสังคม 1300
SOC00308,1203775389306,ศิรินภา,จันทร์ฉาย,หญิง,1995-04-09,สตรีและครอบครัว,ว่างงาน,2025-01-17,2025-02-01,ช่วยเหลือด้านที่อยู่อาศัย,ญาติ/ครอบครัวแจ้ง,ปกติ,ติดตามผลและปิดเคส,2025-02-20,เครือข่ายชุมชน,นครสวรรค์,หนองกลาง,บ้านพักเด็กและครอบครัว
SOC00309,5045662977004,กาญจนา,มงคลชัย,ชาย,2006-05-12,ผู้มีรายได้น้อย,หนี้สินครัวเรือน,2025-12-14,2025-12-16,ช่วยเหลือเงินสงเคราะห์,หน่วยงานภาครัฐส่งต่อ,ปกติ,ให้คำปรึกษาและปิดเคส,2026-01-02,Walk-in,กรุงเทพมหานคร,บางกะปิ,ศูนย์คุ้มครองคนไร้ที่พึ่ง
SOC00310,2990617869446,กัลยา,ประดับศรี,หญิง,1949-06-27,ผู้สูงอายุ,ขาดผู้ดูแล,2024-04-10,2024-04-29,ให้คำปรึกษา,ประชาชนแจ้งด้วยตนเอง,ปกติ,ส่งต่อหน่วยงานและปิดเคส,2024-04-30,เครือข่ายชุมชน,ตราด,ทุ่งสุข,บ้านพักเด็กและครอบครัว
SOC00311,1128286796427,รัชนี,ธรรมคุณ,หญิง,1960-09-26,ผู้ประสบปัญหาทางสังคมทั่วไป,ที่อยู่อาศัย,2024-08-25,2024-09-09,ให้คำปรึกษา,สายด่วน พม. 1300,ปกติ,ส่งต่อหน่วยงานและปิดเคส,2024-09-18,สายด่วน พม. 1300,พิษณุโลก,บ้านใหม่,บ้านพักเด็กและครอบครัว
SOC00312,1742216325548,กัลยา,ศรีสุข,ชาย,2006-08-31,ผู้ประสบปัญหาทางสังคมทั่วไป,หนี้สินครัวเรือน,2025-09-14,2025-09-23,ช่วยเหลือด้านที่อยู่อาศัย,หน่วยงานภาครัฐส่งต่อ,ปกติ,ติดตามผลและปิดเคส,2025-10-03,หน่วยงานส่งต่อ,พัทลุง,ทุ่งสุข,ศูนย์คุ้มครองคนไร้ที่พึ่ง
SOC00313,8251165373959,ณิชา,นาคทอง,หญิง,2021-06-09,เด็กและเยาวชน,หนี้สินครัวเรือน,2025-01-02,2025-01-02,ช่วยเหลือเงินสงเคราะห์,สายด่วน พม. 1300,ฉุกเฉิน,ส่งต่อหน่วยงานและปิดเคส,2025-01-24,สายด่วน พม. 1300,ขอนแก่น,บ้านไผ่,ศูนย์คุ้มครองคนไร้ที่พึ่ง
SOC00314,4685487069309,สุรศักดิ์,วิริยะกุล,ชาย,1997-06-26,ผู้มีรายได้น้อย,ปัญหาสุขภาพและการดำรงชีพ,2026-02-07,2026-02-07,จัดหาที่พักชั่วคราว,สายด่วน พม. 1300,ฉุกเฉิน,ติดตามผลและปิดเคส,2026-02-19,หน่วยงานส่งต่อ,ลำปาง,คลองใหม่,ศูนย์คุ้มครองคนไร้ที่พึ่ง
SOC00315,6977211830230,ภาคิน,นิ่มนวล,ชาย,1956-09-06,ผู้มีรายได้น้อย,ความรุนแรงในครอบครัว,2024-05-20,2024-06-10,ช่วยเหลือเงินสงเคราะห์,สายด่วน พม. 1300,ปกติ,ส่งต่อหน่วยงานและปิดเคส,2024-06-20,Walk-in,สงขลา,เมืองสงขลา,สำนักงานพัฒนาสังคมและความมั่นคงของมนุษย์จังหวัด
SOC00316,1166285723581,จักรพันธ์,ไชยวงศ์,หญิง,1968-08-10,คนไร้ที่พึ่ง,ปัญหาสุขภาพและการดำรงชีพ,2023-09-13,2023-09-19,ช่วยเหลือเงินสงเคราะห์,ประชาชนแจ้งด้วยตนเอง,เร่งด่วน,ติดตามผลและปิดเคส,2023-09-21,หน่วยงานส่งต่อ,สุพรรณบุรี,บ้านใหม่,สำนักงานพัฒนาสังคมและความมั่นคงของมนุษย์จังหวัด
SOC00317,6880206256355,ธีรวัฒน์,แสงเพชร,ชาย,1940-01-09,ผู้สูงอายุ,ประสบเหตุฉุกเฉิน,2023-03-16,2023-03-18,ช่วยเหลือเงินสงเคราะห์,องค์กรปกครองส่วนท้องถิ่นส่งต่อ,เร่งด่วน,ส่งต่อหน่วยงานและปิดเคส,2023-04-14,หน่วยงานส่งต่อ,พิษณุโลก,หนองกลาง,ศูนย์ช่วยเหลือสังคม 1300
SOC00318,3143859781531,นพดล,ธนากุล,ชาย,1996-01-06,ผู้มีรายได้น้อย,รายได้ไม่เพียงพอ,2026-04-08,2026-04-12,ช่วยเหลือเงินสงเคราะห์,เครือข่ายชุมชนแจ้ง,ปกติ,ติดตามผลและปิดเคส,2026-04-26,สายด่วน พม. 1300,สุพรรณบุรี,ศรีพัฒนา,ศูนย์พัฒนาการจัดสวัสดิการสังคมผู้สูงอายุ
SOC00319,3014027596212,บุษบา,แสงจันทร์,หญิง,1960-12-23,คนพิการ,ประสบเหตุฉุกเฉิน,2024-04-06,2024-04-11,ช่วยเหลือด้านที่อยู่อาศัย,องค์กรปกครองส่วนท้องถิ่นส่งต่อ,ปกติ,ส่งต่อหน่วยงานและปิดเคส,2024-04-27,ระบบออนไลน์,นครปฐม,หนองกลาง,สำนักงานพัฒนาสังคมและความมั่นคงของมนุษย์จังหวัด
SOC00320,3182451883395,นิภาพร,บัวทอง,หญิง,1959-08-29,ผู้สูงอายุ,หนี้สินครัวเรือน,2024-12-26,2025-01-02,ช่วยเหลือเงินสงเคราะห์,สายด่วน พม. 1300,เร่งด่วน,ให้คำปรึกษาและปิดเคส,2025-01-05,สายด่วน พม. 1300,ปทุมธานี,ลำลูกกา,บ้านพักเด็กและครอบครัว
SOC00321,2028627553510,เบญจพร,ศรีประภา,ชาย,1954-12-08,ผู้สูงอายุ,หนี้สินครัวเรือน,2024-02-15,2024-02-18,ช่วยเหลือเงินสงเคราะห์,ญาติ/ครอบครัวแจ้ง,ปกติ,ติดตามผลและปิดเคส,2024-02-19,ระบบออนไลน์,สระแก้ว,หนองกลาง,ศูนย์คุ้มครองคนไร้ที่พึ่ง
SOC00322,5944550586756,วรเมธ,มั่นคง,หญิง,1986-01-07,สตรีและครอบครัว,ปัญหาสุขภาพและการดำรงชีพ,2022-02-13,2022-02-14,ช่วยเหลือเงินสงเคราะห์,เครือข่ายชุมชนแจ้ง,ฉุกเฉิน,ส่งต่อหน่วยงานและปิดเคส,2022-02-28,Walk-in,น่าน,หนองกลาง,ศูนย์พัฒนาการจัดสวัสดิการสังคมผู้สูงอายุ
SOC00323,3411108989471,วราภรณ์,พรมศรี,หญิง,2011-10-06,เด็กและเยาวชน,หนี้สินครัวเรือน,2025-12-07,2025-12-14,ช่วยเหลือเงินสงเคราะห์,องค์กรปกครองส่วนท้องถิ่นส่งต่อ,ปกติ,ติดตามผลและปิดเคส,2025-12-25,หน่วยงานส่งต่อ,อุบลราชธานี,คลองใหม่,บ้านพักเด็กและครอบครัว
SOC00324,2689565144790,ณิชา,แสงเพชร,ชาย,2000-09-16,คนพิการ,ว่างงาน,2024-07-28,2024-08-18,ช่วยเหลือเงินสงเคราะห์,ญาติ/ครอบครัวแจ้ง,ปกติ,ติดตามผลและปิดเคส,2024-08-24,ระบบออนไลน์,สงขลา,สะเดา,ศูนย์ช่วยเหลือสังคม 1300
SOC00325,5953433031307,สุชาดา,นพคุณ,ชาย,1998-08-10,ผู้ประสบปัญหาทางสังคมทั่วไป,ที่อยู่อาศัย,2023-03-01,2023-03-22,ช่วยเหลือเงินสงเคราะห์,เครือข่ายชุมชนแจ้ง,ปกติ,ให้คำปรึกษาและปิดเคส,2023-04-02,หน่วยงานส่งต่อ,สมุทรสาคร,ทุ่งสุข,ศูนย์ช่วยเหลือสังคม 1300
SOC00326,4948355451249,พชร,มงคลชัย,หญิง,2013-05-31,เด็กและเยาวชน,รายได้ไม่เพียงพอ,2022-02-14,2022-02-27,ช่วยเหลือด้านที่อยู่อาศัย,ประชาชนแจ้งด้วยตนเอง,ปกติ,ช่วยเหลือและปิดเคส,2022-03-06,Walk-in,มหาสารคาม,ทุ่งสุข,ศูนย์ช่วยเหลือสังคม 1300
SOC00327,4004278741939,รัชนี,ธรรมรักษ์,หญิง,2008-02-21,ผู้มีรายได้น้อย,รายได้ไม่เพียงพอ,2026-03-11,2026-03-12,ช่วยเหลือเงินสงเคราะห์,ประชาชนแจ้งด้วยตนเอง,ฉุกเฉิน,ช่วยเหลือและปิดเคส,2026-03-17,Walk-in,เชียงราย,เมืองเชียงราย,ศูนย์ช่วยเหลือสังคม 1300
SOC00328,4104853624513,สิทธิโชค,เพชรรัตน์,ชาย,1951-06-16,ผู้สูงอายุ,ปัญหาสุขภาพและการดำรงชีพ,2026-06-28,2026-07-05,ช่วยเหลือเงินสงเคราะห์,สายด่วน พม. 1300,ปกติ,ติดตามผลและปิดเคส,2026-07-05,Walk-in,สุรินทร์,หนองกลาง,สำนักงานพัฒนาสังคมและความมั่นคงของมนุษย์จังหวัด
SOC00329,8961874810092,สุรศักดิ์,แสงจันทร์,ชาย,1994-08-18,คนพิการ,ประสบเหตุฉุกเฉิน,2025-06-04,2025-06-24,ช่วยเหลือเงินสงเคราะห์,สายด่วน พม. 1300,ปกติ,ส่งต่อหน่วยงานและปิดเคส,2025-07-24,ระบบออนไลน์,เชียงราย,เชียงของ,ศูนย์คุ้มครองคนไร้ที่พึ่ง
SOC00330,3615783861595,รุจิรา,วัฒนศรี,ชาย,1964-08-29,คนไร้ที่พึ่ง,ปัญหาสุขภาพและการดำรงชีพ,2025-06-24,2025-07-09,ช่วยเหลือเงินสงเคราะห์,ประชาชนแจ้งด้วยตนเอง,ปกติ,ให้คำปรึกษาและปิดเคส,2025-08-01,หน่วยงานส่งต่อ,ชลบุรี,ศรีราชา,ศูนย์คุ้มครองคนไร้ที่พึ่ง
SOC00331,5449099631143,นฤมล,ปัญญาดี,หญิง,2005-01-20,ผู้มีรายได้น้อย,ว่างงาน,2023-02-18,2023-02-25,ให้คำปรึกษา,หน่วยงานภาครัฐส่งต่อ,เร่งด่วน,ช่วยเหลือและปิดเคส,2023-03-11,สายด่วน พม. 1300,นครราชสีมา,ปากช่อง,ศูนย์ช่วยเหลือสังคม 1300
SOC00332,7788604342606,ปิยธิดา,ทองดี,ชาย,1959-01-22,ผู้สูงอายุ,รายได้ไม่เพียงพอ,2025-08-29,2025-08-31,ช่วยเหลือด้านที่อยู่อาศัย,เครือข่ายชุมชนแจ้ง,ปกติ,ติดตามผลและปิดเคส,2025-09-28,Walk-in,สงขลา,สิงหนคร,สำนักงานพัฒนาสังคมและความมั่นคงของมนุษย์จังหวัด
SOC00333,5298047499741,ปัญญา,พิทักษ์วงศ์,ชาย,1958-12-07,ผู้สูงอายุ,ประสบเหตุฉุกเฉิน,2025-06-21,2025-06-29,ช่วยเหลือเงินสงเคราะห์,สายด่วน พม. 1300,ปกติ,ส่งต่อหน่วยงานและปิดเคส,2025-07-18,ระบบออนไลน์,นราธิวาส,คลองใหม่,สำนักงานพัฒนาสังคมและความมั่นคงของมนุษย์จังหวัด
SOC00334,1955805695341,ชไมพร,สุนทรวงศ์,หญิง,1998-05-14,คนไร้ที่พึ่ง,ว่างงาน,2025-05-14,2025-06-01,ช่วยเหลือเงินสงเคราะห์,ประชาชนแจ้งด้วยตนเอง,ปกติ,ติดตามผลและปิดเคส,2025-06-24,เครือข่ายชุมชน,จันทบุรี,บ้านใหม่,ศูนย์ช่วยเหลือสังคม 1300
SOC00335,1698987571443,ปราณี,เจริญผล,ชาย,1979-05-14,ผู้มีรายได้น้อย,ขาดผู้ดูแล,2026-07-14,2026-07-18,ช่วยเหลือเงินสงเคราะห์,ประชาชนแจ้งด้วยตนเอง,เร่งด่วน,ส่งต่อหน่วยงานและปิดเคส,2026-08-12,Walk-in,ยะลา,บ้านใหม่,ศูนย์คุ้มครองคนไร้ที่พึ่ง
SOC00336,6305001939581,สุชาดา,มงคลชัย,ชาย,2001-11-07,สตรีและครอบครัว,รายได้ไม่เพียงพอ,2022-04-05,2022-04-18,ช่วยเหลือสิ่งของเครื่องใช้จำเป็น,องค์กรปกครองส่วนท้องถิ่นส่งต่อ,ปกติ,ติดตามผลและปิดเคส,2022-05-18,เครือข่ายชุมชน,อุดรธานี,หนองกลาง,สำนักงานพัฒนาสังคมและความมั่นคงของมนุษย์จังหวัด
SOC00337,7584503377666,สมฤดี,คำแสน,ชาย,1974-10-31,ผู้มีรายได้น้อย,ประสบเหตุฉุกเฉิน,2023-01-06,2023-01-07,ช่วยเหลือสิ่งของเครื่องใช้จำเป็น,ญาติ/ครอบครัวแจ้ง,เร่งด่วน,ให้คำปรึกษาและปิดเคส,2023-01-16,หน่วยงานส่งต่อ,สกลนคร,บ้านใหม่,บ้านพักเด็กและครอบครัว
SOC00338,8997055713690,ขวัญฤดี,มิตรดี,ชาย,1952-09-08,ผู้สูงอายุ,ขาดผู้ดูแล,2026-07-02,2026-07-08,จัดหาที่พักชั่วคราว,องค์กรปกครองส่วนท้องถิ่นส่งต่อ,ปกติ,ให้คำปรึกษาและปิดเคส,2026-07-10,หน่วยงานส่งต่อ,น่าน,ทุ่งสุข,ศูนย์คุ้มครองคนไร้ที่พึ่ง
SOC00339,5565278476865,ปวีณา,เกียรติไพศาล,หญิง,2017-07-12,เด็กและเยาวชน,ขาดผู้ดูแล,2024-01-18,2024-01-24,ช่วยเหลือเงินสงเคราะห์,องค์กรปกครองส่วนท้องถิ่นส่งต่อ,ปกติ,ให้คำปรึกษาและปิดเคส,2024-01-31,ระบบออนไลน์,บุรีรัมย์,ศรีพัฒนา,สำนักงานพัฒนาสังคมและความมั่นคงของมนุษย์จังหวัด
SOC00340,4205654565185,พีรพัฒน์,วิริยะกุล,หญิง,2015-12-04,คนพิการ,ขาดผู้ดูแล,2025-04-18,2025-04-23,ประสานส่งต่อหน่วยงาน,ประชาชนแจ้งด้วยตนเอง,เร่งด่วน,ส่งต่อหน่วยงานและปิดเคส,2025-05-02,หน่วยงานส่งต่อ,ขอนแก่น,ชุมแพ,ศูนย์พัฒนาการจัดสวัสดิการสังคมผู้สูงอายุ
SOC00341,8951075466650,สายฝน,รุ่งสวัสดิ์,ชาย,1957-02-03,ผู้ประสบปัญหาทางสังคมทั่วไป,ปัญหาสุขภาพและการดำรงชีพ,2024-10-19,2024-11-03,ช่วยเหลือเงินสงเคราะห์,สายด่วน พม. 1300,ปกติ,ส่งต่อหน่วยงานและปิดเคส,2024-11-04,สายด่วน พม. 1300,ชลบุรี,เมืองชลบุรี,ศูนย์คุ้มครองคนไร้ที่พึ่ง
SOC00342,7319271730342,ชยุต,เจริญสุข,ชาย,2019-01-31,เด็กและเยาวชน,ประสบเหตุฉุกเฉิน,2024-11-21,2024-12-05,ช่วยเหลือเงินสงเคราะห์,เครือข่ายชุมชนแจ้ง,ปกติ,ให้คำปรึกษาและปิดเคส,2024-12-21,ระบบออนไลน์,สระบุรี,เมือง,ศูนย์ช่วยเหลือสังคม 1300
SOC00343,6304723236747,นันทนา,สืบสาย,หญิง,1963-10-06,คนไร้ที่พึ่ง,ความรุนแรงในครอบครัว,2023-07-17,2023-07-18,ช่วยเหลือสิ่งของเครื่องใช้จำเป็น,สายด่วน พม. 1300,ฉุกเฉิน,ติดตามผลและปิดเคส,2023-08-14,สายด่วน พม. 1300,สุรินทร์,หนองกลาง,ศูนย์พัฒนาการจัดสวัสดิการสังคมผู้สูงอายุ
SOC00344,6284583757082,จักรพันธ์,แก้วกาญจน์,ชาย,1978-05-26,คนพิการ,ว่างงาน,2026-08-18,2026-08-24,ช่วยเหลือด้านที่อยู่อาศัย,หน่วยงานภาครัฐส่งต่อ,ปกติ,ติดตามผลและปิดเคส,2026-08-24,สายด่วน พม. 1300,กระบี่,คลองใหม่,ศูนย์พัฒนาการจัดสวัสดิการสังคมผู้สูงอายุ
SOC00345,1711412438634,กฤษฎา,จิตต์มั่น,หญิง,1990-02-20,ผู้มีรายได้น้อย,หนี้สินครัวเรือน,2023-05-18,2023-06-06,ประสานส่งต่อหน่วยงาน,สายด่วน พม. 1300,ปกติ,ติดตามผลและปิดเคส,2023-06-23,Walk-in,ลำปาง,ศรีพัฒนา,ศูนย์คุ้มครองคนไร้ที่พึ่ง
SOC00346,6400846882430,มนัสวี,พูลเพิ่ม,ชาย,1991-01-28,ผู้ประสบปัญหาทางสังคมทั่วไป,ประสบเหตุฉุกเฉิน,2024-07-05,2024-07-12,ช่วยเหลือด้านที่อยู่อาศัย,ญาติ/ครอบครัวแจ้ง,เร่งด่วน,ส่งต่อหน่วยงานและปิดเคส,2024-07-29,เครือข่ายชุมชน,นนทบุรี,บางใหญ่,บ้านพักเด็กและครอบครัว
SOC00347,3352295168467,ชนิดา,จำปาแก้ว,หญิง,2020-07-02,เด็กและเยาวชน,ว่างงาน,2026-04-10,2026-04-12,ช่วยเหลือเงินสงเคราะห์,เครือข่ายชุมชนแจ้ง,ปกติ,ติดตามผลและปิดเคส,2026-05-04,ระบบออนไลน์,อุดรธานี,เมือง,ศูนย์ช่วยเหลือสังคม 1300
SOC00348,1662630763628,ชยุต,ร่มเย็น,หญิง,1988-10-04,ผู้มีรายได้น้อย,ความรุนแรงในครอบครัว,2024-07-10,2024-07-14,ช่วยเหลือด้านที่อยู่อาศัย,เครือข่ายชุมชนแจ้ง,ปกติ,ติดตามผลและปิดเคส,2024-07-28,เครือข่ายชุมชน,ปราจีนบุรี,เมือง,สำนักงานพัฒนาสังคมและความมั่นคงของมนุษย์จังหวัด
SOC00349,7141714885654,สิริกานต์,จันทร์หอม,ชาย,1982-06-12,คนพิการ,ว่างงาน,2025-11-01,2025-11-03,ช่วยเหลือเงินสงเคราะห์,ประชาชนแจ้งด้วยตนเอง,ปกติ,ติดตามผลและปิดเคส,2025-11-27,Walk-in,สุพรรณบุรี,หนองกลาง,สำนักงานพัฒนาสังคมและความมั่นคงของมนุษย์จังหวัด
SOC00350,3003495601885,นภัสสร,แสนดี,หญิง,1965-01-05,ผู้มีรายได้น้อย,ขาดผู้ดูแล,2023-08-19,2023-08-25,ให้คำปรึกษา,องค์กรปกครองส่วนท้องถิ่นส่งต่อ,ปกติ,ให้คำปรึกษาและปิดเคส,2023-09-08,หน่วยงานส่งต่อ,นครศรีธรรมราช,เมือง,ศูนย์พัฒนาการจัดสวัสดิการสังคมผู้สูงอายุ
SOC00351,3747354168121,สมฤดี,ฤทธิไกร,หญิง,2012-10-26,เด็กและเยาวชน,ที่อยู่อาศัย,2024-11-30,2024-12-02,ช่วยเหลือเงินสงเคราะห์,เครือข่ายชุมชนแจ้ง,ปกติ,ช่วยเหลือและปิดเคส,2024-12-13,Walk-in,ชลบุรี,บางละมุง,ศูนย์พัฒนาการจัดสวัสดิการสังคมผู้สูงอายุ
SOC00352,7217531176802,ธัญชนก,สุขใจ,หญิง,1967-11-26,ผู้มีรายได้น้อย,ที่อยู่อาศัย,2025-11-12,2025-12-03,ช่วยเหลือเงินสงเคราะห์,องค์กรปกครองส่วนท้องถิ่นส่งต่อ,ปกติ,ติดตามผลและปิดเคส,2026-01-01,ระบบออนไลน์,เชียงราย,พาน,สำนักงานพัฒนาสังคมและความมั่นคงของมนุษย์จังหวัด
SOC00353,8999644550274,บุษบา,สุทธิวงศ์,ชาย,1983-10-03,คนพิการ,ความรุนแรงในครอบครัว,2025-08-09,2025-08-16,ช่วยเหลือเงินสงเคราะห์,องค์กรปกครองส่วนท้องถิ่นส่งต่อ,เร่งด่วน,ช่วยเหลือและปิดเคส,2025-08-21,หน่วยงานส่งต่อ,สงขลา,สะเดา,ศูนย์คุ้มครองคนไร้ที่พึ่ง
SOC00354,4311230866931,อาภาภรณ์,บุญช่วย,ชาย,1967-08-20,คนพิการ,ประสบเหตุฉุกเฉิน,2025-03-19,2025-03-24,ช่วยเหลือสิ่งของเครื่องใช้จำเป็น,ญาติ/ครอบครัวแจ้ง,เร่งด่วน,ช่วยเหลือและปิดเคส,2025-03-29,Walk-in,พิจิตร,ทุ่งสุข,ศูนย์คุ้มครองคนไร้ที่พึ่ง
SOC00355,6122534688276,พงศกร,ทวีทรัพย์,หญิง,1955-05-01,ผู้สูงอายุ,ขาดผู้ดูแล,2025-06-05,2025-06-11,ช่วยเหลือเงินสงเคราะห์,ญาติ/ครอบครัวแจ้ง,เร่งด่วน,ให้คำปรึกษาและปิดเคส,2025-06-24,Walk-in,ปัตตานี,เมือง,บ้านพักเด็กและครอบครัว
SOC00356,2395356945446,พงศกร,นาคทอง,ชาย,1967-11-02,ผู้มีรายได้น้อย,ประสบเหตุฉุกเฉิน,2023-11-25,2023-12-01,ช่วยเหลือสิ่งของเครื่องใช้จำเป็น,องค์กรปกครองส่วนท้องถิ่นส่งต่อ,ปกติ,ส่งต่อหน่วยงานและปิดเคส,2023-12-24,Walk-in,นครราชสีมา,พิมาย,ศูนย์คุ้มครองคนไร้ที่พึ่ง
SOC00357,1263947911978,กมลชนก,มิตรดี,หญิง,1999-01-17,ผู้มีรายได้น้อย,ขาดผู้ดูแล,2024-01-05,2024-01-10,ให้คำปรึกษา,ญาติ/ครอบครัวแจ้ง,เร่งด่วน,ติดตามผลและปิดเคส,2024-01-26,หน่วยงานส่งต่อ,พัทลุง,หนองกลาง,ศูนย์ช่วยเหลือสังคม 1300
SOC00358,7571303492442,พรทิพย์,จันทร์ฉาย,หญิง,2005-05-18,คนไร้ที่พึ่ง,รายได้ไม่เพียงพอ,2026-08-20,2026-08-24,ช่วยเหลือเงินสงเคราะห์,หน่วยงานภาครัฐส่งต่อ,ปกติ,ช่วยเหลือและปิดเคส,2026-08-24,สายด่วน พม. 1300,เชียงราย,พาน,ศูนย์พัฒนาการจัดสวัสดิการสังคมผู้สูงอายุ
SOC00359,4399706834036,วายุ,เจริญสุข,ชาย,1943-01-05,ผู้สูงอายุ,ประสบเหตุฉุกเฉิน,2026-02-14,2026-03-01,ช่วยเหลือเงินสงเคราะห์,เครือข่ายชุมชนแจ้ง,ปกติ,ให้คำปรึกษาและปิดเคส,2026-03-16,สายด่วน พม. 1300,สมุทรสาคร,ศรีพัฒนา,ศูนย์ช่วยเหลือสังคม 1300
SOC00360,7047418035150,วรเมธ,สมบูรณ์ผล,ชาย,1971-01-18,ผู้ประสบปัญหาทางสังคมทั่วไป,ที่อยู่อาศัย,2026-07-10,2026-07-28,ช่วยเหลือเงินสงเคราะห์,หน่วยงานภาครัฐส่งต่อ,ปกติ,ส่งต่อหน่วยงานและปิดเคส,2026-08-24,เครือข่ายชุมชน,นครปฐม,ทุ่งสุข,บ้านพักเด็กและครอบครัว
SOC00361,5396977354222,วรัญญา,คุ้มภัย,ชาย,1940-07-08,ผู้สูงอายุ,รายได้ไม่เพียงพอ,2024-02-25,2024-02-27,ช่วยเหลือเงินสงเคราะห์,องค์กรปกครองส่วนท้องถิ่นส่งต่อ,ฉุกเฉิน,ส่งต่อหน่วยงานและปิดเคส,2024-03-10,สายด่วน พม. 1300,อุดรธานี,บ้านใหม่,ศูนย์พัฒนาการจัดสวัสดิการสังคมผู้สูงอายุ
SOC00362,3203539051522,พรรณภา,นาคทอง,ชาย,1958-03-27,ผู้สูงอายุ,ประสบเหตุฉุกเฉิน,2023-06-15,2023-06-20,ช่วยเหลือสิ่งของเครื่องใช้จำเป็น,สายด่วน พม. 1300,ปกติ,ให้คำปรึกษาและปิดเคส,2023-07-18,Walk-in,สุรินทร์,หนองกลาง,สำนักงานพัฒนาสังคมและความมั่นคงของมนุษย์จังหวัด
SOC00363,1567960319344,เอกภพ,ทองสุข,ชาย,2004-11-03,ผู้มีรายได้น้อย,ความรุนแรงในครอบครัว,2025-02-24,2025-03-03,ช่วยเหลือเงินสงเคราะห์,ญาติ/ครอบครัวแจ้ง,เร่งด่วน,ส่งต่อหน่วยงานและปิดเคส,2025-03-07,Walk-in,สมุทรปราการ,บ้านใหม่,ศูนย์ช่วยเหลือสังคม 1300
SOC00364,2973145815481,ปัญญา,มงคลชัย,ชาย,1981-11-30,สตรีและครอบครัว,ที่อยู่อาศัย,2025-11-28,2025-12-02,ให้คำปรึกษา,หน่วยงานภาครัฐส่งต่อ,เร่งด่วน,ติดตามผลและปิดเคส,2025-12-12,เครือข่ายชุมชน,ตราด,เมือง,ศูนย์คุ้มครองคนไร้ที่พึ่ง
SOC00365,1319209136948,นิตยา,แสงจันทร์,หญิง,1966-01-05,ผู้ประสบปัญหาทางสังคมทั่วไป,ว่างงาน,2026-01-02,2026-01-22,ช่วยเหลือเงินสงเคราะห์,สายด่วน พม. 1300,ปกติ,ส่งต่อหน่วยงานและปิดเคส,2026-02-02,เครือข่ายชุมชน,ราชบุรี,เมือง,ศูนย์พัฒนาการจัดสวัสดิการสังคมผู้สูงอายุ
SOC00366,7034118231848,เกศรินทร์,คุ้มภัย,ชาย,1955-07-26,ผู้สูงอายุ,ที่อยู่อาศัย,2026-05-29,2026-05-31,ช่วยเหลือด้านที่อยู่อาศัย,ญาติ/ครอบครัวแจ้ง,เร่งด่วน,ช่วยเหลือและปิดเคส,2026-06-24,ระบบออนไลน์,สุราษฎร์ธานี,ศรีพัฒนา,ศูนย์คุ้มครองคนไร้ที่พึ่ง
SOC00367,2696728529820,สายฝน,อ่อนละมุน,หญิง,1960-06-21,ผู้สูงอายุ,ประสบเหตุฉุกเฉิน,2026-05-18,2026-05-20,ช่วยเหลือสิ่งของเครื่องใช้จำเป็น,สายด่วน พม. 1300,ปกติ,ช่วยเหลือและปิดเคส,2026-06-10,Walk-in,ตราด,ศรีพัฒนา,ศูนย์ช่วยเหลือสังคม 1300
SOC00368,6202598011187,นพดล,สิงห์ทอง,หญิง,1994-05-02,ผู้มีรายได้น้อย,ขาดผู้ดูแล,2025-12-22,2026-01-09,ช่วยเหลือสิ่งของเครื่องใช้จำเป็น,หน่วยงานภาครัฐส่งต่อ,ปกติ,ให้คำปรึกษาและปิดเคส,2026-01-10,หน่วยงานส่งต่อ,อุบลราชธานี,หนองกลาง,บ้านพักเด็กและครอบครัว
SOC00369,3355275778301,ปาริชาติ,วัฒนศรี,หญิง,1969-10-09,ผู้ประสบปัญหาทางสังคมทั่วไป,ประสบเหตุฉุกเฉิน,2023-05-02,2023-05-16,ให้คำปรึกษา,ประชาชนแจ้งด้วยตนเอง,ปกติ,ให้คำปรึกษาและปิดเคส,2023-06-14,ระบบออนไลน์,ตราด,ศรีพัฒนา,สำนักงานพัฒนาสังคมและความมั่นคงของมนุษย์จังหวัด
SOC00370,2860863018482,วรเมธ,ทวีทรัพย์,ชาย,1972-10-04,คนพิการ,ที่อยู่อาศัย,2025-11-20,2025-11-24,ช่วยเหลือเงินสงเคราะห์,องค์กรปกครองส่วนท้องถิ่นส่งต่อ,เร่งด่วน,ส่งต่อหน่วยงานและปิดเคส,2025-12-19,Walk-in,บุรีรัมย์,ศรีพัฒนา,ศูนย์ช่วยเหลือสังคม 1300
SOC00371,5782467502958,กาญจนา,ธรรมวงศ์,หญิง,1990-02-27,ผู้ประสบปัญหาทางสังคมทั่วไป,ความรุนแรงในครอบครัว,2026-08-23,2026-08-24,ช่วยเหลือเงินสงเคราะห์,ประชาชนแจ้งด้วยตนเอง,ปกติ,ติดตามผลและปิดเคส,2026-08-24,หน่วยงานส่งต่อ,ชลบุรี,ศรีราชา,สำนักงานพัฒนาสังคมและความมั่นคงของมนุษย์จังหวัด
SOC00372,2710064061060,พีรพัฒน์,ตั้งมั่น,ชาย,1969-06-24,สตรีและครอบครัว,ที่อยู่อาศัย,2023-10-11,2023-10-16,จัดหาที่พักชั่วคราว,สายด่วน พม. 1300,ปกติ,ให้คำปรึกษาและปิดเคส,2023-11-11,หน่วยงานส่งต่อ,เชียงใหม่,แม่ริม,สำนักงานพัฒนาสังคมและความมั่นคงของมนุษย์จังหวัด
SOC00373,7266682994163,ศุภลักษณ์,มั่นคง,ชาย,1969-12-13,สตรีและครอบครัว,ปัญหาสุขภาพและการดำรงชีพ,2025-10-16,2025-10-18,ช่วยเหลือสิ่งของเครื่องใช้จำเป็น,ญาติ/ครอบครัวแจ้ง,เร่งด่วน,ให้คำปรึกษาและปิดเคส,2025-11-17,หน่วยงานส่งต่อ,ตรัง,ศรีพัฒนา,ศูนย์ช่วยเหลือสังคม 1300
SOC00374,6021879251115,อริสรา,แก้วกาญจน์,ชาย,2010-09-26,เด็กและเยาวชน,ความรุนแรงในครอบครัว,2024-04-21,2024-04-27,ช่วยเหลือเงินสงเคราะห์,ญาติ/ครอบครัวแจ้ง,เร่งด่วน,ให้คำปรึกษาและปิดเคส,2024-05-03,Walk-in,ยะลา,บ้านใหม่,ศูนย์พัฒนาการจัดสวัสดิการสังคมผู้สูงอายุ
SOC00375,2872134217030,ปาริชาติ,ศรีจันทร์,หญิง,2000-06-30,ผู้มีรายได้น้อย,ว่างงาน,2025-09-15,2025-09-16,ให้คำปรึกษา,ประชาชนแจ้งด้วยตนเอง,ฉุกเฉิน,ให้คำปรึกษาและปิดเคส,2025-10-15,ระบบออนไลน์,มหาสารคาม,ศรีพัฒนา,ศูนย์พัฒนาการจัดสวัสดิการสังคมผู้สูงอายุ
SOC00376,7339680622881,ขวัญฤดี,ชำนาญกิจ,ชาย,1986-01-09,ผู้มีรายได้น้อย,ว่างงาน,2022-04-03,2022-04-09,ให้คำปรึกษา,เครือข่ายชุมชนแจ้ง,เร่งด่วน,ติดตามผลและปิดเคส,2022-05-07,Walk-in,ปราจีนบุรี,ศรีพัฒนา,ศูนย์ช่วยเหลือสังคม 1300
SOC00377,7628574485502,อาทิตยา,เจริญผล,ชาย,1995-03-08,คนพิการ,ความรุนแรงในครอบครัว,2026-04-07,2026-04-07,ช่วยเหลือด้านที่อยู่อาศัย,สายด่วน พม. 1300,ฉุกเฉิน,ติดตามผลและปิดเคส,2026-04-21,Walk-in,สระบุรี,ทุ่งสุข,ศูนย์พัฒนาการจัดสวัสดิการสังคมผู้สูงอายุ
SOC00378,4781461527241,ชยุต,เข็มทอง,ชาย,2006-11-01,เด็กและเยาวชน,หนี้สินครัวเรือน,2023-02-09,2023-02-14,ช่วยเหลือเงินสงเคราะห์,ญาติ/ครอบครัวแจ้ง,ปกติ,ส่งต่อหน่วยงานและปิดเคส,2023-02-20,ระบบออนไลน์,พิจิตร,ทุ่งสุข,ศูนย์ช่วยเหลือสังคม 1300
SOC00379,6741799148907,ชาญวิทย์,ชัยมงคล,หญิง,2002-08-20,เด็กและเยาวชน,ขาดผู้ดูแล,2025-08-04,2025-08-07,ช่วยเหลือเงินสงเคราะห์,หน่วยงานภาครัฐส่งต่อ,เร่งด่วน,ส่งต่อหน่วยงานและปิดเคส,2025-08-08,ระบบออนไลน์,อุตรดิตถ์,หนองกลาง,ศูนย์คุ้มครองคนไร้ที่พึ่ง
SOC00380,6262808476946,วรรณวิสา,อ่อนละมุน,ชาย,1991-02-03,คนพิการ,ขาดผู้ดูแล,2026-06-16,2026-06-18,ช่วยเหลือเงินสงเคราะห์,ญาติ/ครอบครัวแจ้ง,ฉุกเฉิน,ให้คำปรึกษาและปิดเคส,2026-06-27,เครือข่ายชุมชน,สุราษฎร์ธานี,บ้านใหม่,ศูนย์คุ้มครองคนไร้ที่พึ่ง
SOC00381,5306326527501,วาสนา,สมานมิตร,ชาย,2005-01-26,ผู้มีรายได้น้อย,ว่างงาน,2022-08-07,2022-08-09,ช่วยเหลือเงินสงเคราะห์,ประชาชนแจ้งด้วยตนเอง,ฉุกเฉิน,ให้คำปรึกษาและปิดเคส,2022-08-21,เครือข่ายชุมชน,นราธิวาส,ศรีพัฒนา,ศูนย์คุ้มครองคนไร้ที่พึ่ง
SOC00382,2871362990999,ชไมพร,ตั้งมั่น,หญิง,2007-01-09,เด็กและเยาวชน,รายได้ไม่เพียงพอ,2026-04-17,2026-05-02,ช่วยเหลือเงินสงเคราะห์,ญาติ/ครอบครัวแจ้ง,ปกติ,ให้คำปรึกษาและปิดเคส,2026-05-21,ระบบออนไลน์,นครสวรรค์,ทุ่งสุข,ศูนย์พัฒนาการจัดสวัสดิการสังคมผู้สูงอายุ
SOC00383,6822597867864,พัชราภา,วัฒนชัย,ชาย,1975-05-20,สตรีและครอบครัว,ที่อยู่อาศัย,2026-02-16,2026-02-19,ช่วยเหลือเงินสงเคราะห์,องค์กรปกครองส่วนท้องถิ่นส่งต่อ,เร่งด่วน,ส่งต่อหน่วยงานและปิดเคส,2026-03-20,Walk-in,พิจิตร,หนองกลาง,บ้านพักเด็กและครอบครัว
SOC00384,3499348823745,สิทธิโชค,คงมั่น,ชาย,1949-12-27,ผู้สูงอายุ,หนี้สินครัวเรือน,2025-12-02,2025-12-18,ให้คำปรึกษา,ประชาชนแจ้งด้วยตนเอง,ปกติ,ติดตามผลและปิดเคส,2026-01-05,เครือข่ายชุมชน,อุตรดิตถ์,ศรีพัฒนา,ศูนย์พัฒนาการจัดสวัสดิการสังคมผู้สูงอายุ
SOC00385,3063114888172,ปวีณา,มีทรัพย์,ชาย,1983-11-28,สตรีและครอบครัว,ที่อยู่อาศัย,2025-09-04,2025-09-05,ช่วยเหลือเงินสงเคราะห์,เครือข่ายชุมชนแจ้ง,เร่งด่วน,ช่วยเหลือและปิดเคส,2025-09-28,สายด่วน พม. 1300,พัทลุง,บ้านใหม่,ศูนย์ช่วยเหลือสังคม 1300
SOC00386,3383093442551,วาสนา,รัตนกุล,หญิง,1952-07-13,ผู้ประสบปัญหาทางสังคมทั่วไป,ที่อยู่อาศัย,2025-05-29,2025-06-04,ช่วยเหลือเงินสงเคราะห์,สายด่วน พม. 1300,เร่งด่วน,ช่วยเหลือและปิดเคส,2025-06-29,หน่วยงานส่งต่อ,นราธิวาส,เมือง,ศูนย์พัฒนาการจัดสวัสดิการสังคมผู้สูงอายุ
SOC00387,1755042253701,ศิริพร,พิพัฒน์กุล,หญิง,1955-04-25,ผู้ประสบปัญหาทางสังคมทั่วไป,ที่อยู่อาศัย,2023-12-01,2023-12-13,ช่วยเหลือเงินสงเคราะห์,องค์กรปกครองส่วนท้องถิ่นส่งต่อ,ปกติ,ติดตามผลและปิดเคส,2023-12-28,Walk-in,สระแก้ว,ทุ่งสุข,ศูนย์พัฒนาการจัดสวัสดิการสังคมผู้สูงอายุ
SOC00388,8240399515252,เมธาวี,พรมศรี,ชาย,2022-05-30,เด็กและเยาวชน,ความรุนแรงในครอบครัว,2025-08-25,2025-09-05,ให้คำปรึกษา,ประชาชนแจ้งด้วยตนเอง,ปกติ,ส่งต่อหน่วยงานและปิดเคส,2025-09-28,เครือข่ายชุมชน,น่าน,ทุ่งสุข,บ้านพักเด็กและครอบครัว
SOC00389,1391387674337,สุภาวดี,ฤทธิไกร,หญิง,2004-10-31,สตรีและครอบครัว,หนี้สินครัวเรือน,2026-01-22,2026-02-06,จัดหาที่พักชั่วคราว,สายด่วน พม. 1300,ปกติ,ช่วยเหลือและปิดเคส,2026-02-08,สายด่วน พม. 1300,ลำพูน,ศรีพัฒนา,ศูนย์คุ้มครองคนไร้ที่พึ่ง
SOC00390,2560547895188,จุฑามาศ,นิ่มนวล,ชาย,1939-08-18,ผู้สูงอายุ,ว่างงาน,2022-09-09,2022-09-16,จัดหาที่พักชั่วคราว,องค์กรปกครองส่วนท้องถิ่นส่งต่อ,ปกติ,ส่งต่อหน่วยงานและปิดเคส,2022-10-14,เครือข่ายชุมชน,จันทบุรี,ศรีพัฒนา,ศูนย์พัฒนาการจัดสวัสดิการสังคมผู้สูงอายุ
SOC00391,7456596735218,อนุชา,รัตนกุล,หญิง,1977-01-08,ผู้ประสบปัญหาทางสังคมทั่วไป,ประสบเหตุฉุกเฉิน,2022-09-18,2022-09-29,ให้คำปรึกษา,สายด่วน พม. 1300,ปกติ,ส่งต่อหน่วยงานและปิดเคส,2022-10-27,สายด่วน พม. 1300,สกลนคร,บ้านใหม่,ศูนย์ช่วยเหลือสังคม 1300
SOC00392,6981481048466,นรินทร์,วิริยะกุล,ชาย,2024-06-08,เด็กและเยาวชน,รายได้ไม่เพียงพอ,2026-06-23,2026-07-05,ช่วยเหลือเงินสงเคราะห์,ญาติ/ครอบครัวแจ้ง,ปกติ,ติดตามผลและปิดเคส,2026-07-29,หน่วยงานส่งต่อ,นครสวรรค์,ศรีพัฒนา,บ้านพักเด็กและครอบครัว
SOC00393,2502522677138,กรรณิการ์,บัวแก้ว,ชาย,1948-07-07,ผู้สูงอายุ,หนี้สินครัวเรือน,2024-10-27,2024-11-02,ช่วยเหลือเงินสงเคราะห์,หน่วยงานภาครัฐส่งต่อ,เร่งด่วน,ติดตามผลและปิดเคส,2024-11-12,Walk-in,แพร่,หนองกลาง,ศูนย์คุ้มครองคนไร้ที่พึ่ง
SOC00394,7892267323974,นันทนา,ร่มเย็น,หญิง,2020-12-04,เด็กและเยาวชน,ขาดผู้ดูแล,2026-06-06,2026-06-23,ช่วยเหลือเงินสงเคราะห์,เครือข่ายชุมชนแจ้ง,ปกติ,ติดตามผลและปิดเคส,2026-07-09,สายด่วน พม. 1300,ขอนแก่น,ชุมแพ,ศูนย์ช่วยเหลือสังคม 1300
SOC00395,6030773995799,ธนกฤต,ศรีนวล,หญิง,1964-01-13,ผู้สูงอายุ,ว่างงาน,2025-12-21,2026-01-11,ให้คำปรึกษา,หน่วยงานภาครัฐส่งต่อ,ปกติ,ให้คำปรึกษาและปิดเคส,2026-02-02,ระบบออนไลน์,พิษณุโลก,ทุ่งสุข,บ้านพักเด็กและครอบครัว
SOC00396,8147042507422,นภัสสร,ธรรมคุณ,ชาย,2006-10-12,ผู้ประสบปัญหาทางสังคมทั่วไป,ที่อยู่อาศัย,2026-01-23,2026-01-28,ช่วยเหลือเงินสงเคราะห์,ญาติ/ครอบครัวแจ้ง,ปกติ,ช่วยเหลือและปิดเคส,2026-02-10,ระบบออนไลน์,ปทุมธานี,คลองหลวง,ศูนย์ช่วยเหลือสังคม 1300
SOC00397,4079131974271,สิริกานต์,โชคชัย,ชาย,2006-09-03,เด็กและเยาวชน,ว่างงาน,2025-01-06,2025-01-26,ช่วยเหลือเงินสงเคราะห์,องค์กรปกครองส่วนท้องถิ่นส่งต่อ,ปกติ,ส่งต่อหน่วยงานและปิดเคส,2025-02-15,ระบบออนไลน์,อุดรธานี,บ้านใหม่,บ้านพักเด็กและครอบครัว
SOC00398,5150776389513,สิริกานต์,ศรีสง่า,หญิง,1982-10-12,คนพิการ,ที่อยู่อาศัย,2024-01-22,2024-01-29,ช่วยเหลือเงินสงเคราะห์,ญาติ/ครอบครัวแจ้ง,ปกติ,ช่วยเหลือและปิดเคส,2024-02-17,หน่วยงานส่งต่อ,ลำพูน,ทุ่งสุข,ศูนย์คุ้มครองคนไร้ที่พึ่ง
SOC00399,8601658106211,ชไมพร,เกษมสุข,ชาย,2015-01-21,เด็กและเยาวชน,ความรุนแรงในครอบครัว,2025-12-05,2025-12-22,ช่วยเหลือเงินสงเคราะห์,องค์กรปกครองส่วนท้องถิ่นส่งต่อ,ปกติ,ให้คำปรึกษาและปิดเคส,2026-01-04,เครือข่ายชุมชน,สระแก้ว,ศรีพัฒนา,ศูนย์คุ้มครองคนไร้ที่พึ่ง
SOC00400,6854204602659,มยุรี,วัฒนชัย,ชาย,1988-09-08,คนไร้ที่พึ่ง,ขาดผู้ดูแล,2022-12-29,2023-01-09,ช่วยเหลือเงินสงเคราะห์,สายด่วน พม. 1300,ปกติ,ให้คำปรึกษาและปิดเคส,2023-02-02,สายด่วน พม. 1300,ลำพูน,เมือง,ศูนย์ช่วยเหลือสังคม 1300
SOC00401,6221876707493,ปิยะพงษ์,สุวรรณศรี,หญิง,2002-10-21,คนพิการ,ที่อยู่อาศัย,2024-10-29,2024-11-10,ช่วยเหลือเงินสงเคราะห์,สายด่วน พม. 1300,ปกติ,ให้คำปรึกษาและปิดเคส,2024-12-03,หน่วยงานส่งต่อ,ชลบุรี,บางละมุง,ศูนย์พัฒนาการจัดสวัสดิการสังคมผู้สูงอายุ
SOC00402,4475392043321,ลลิตา,นพคุณ,หญิง,2005-06-16,สตรีและครอบครัว,ว่างงาน,2022-02-26,2022-03-12,ช่วยเหลือเงินสงเคราะห์,ประชาชนแจ้งด้วยตนเอง,ปกติ,ติดตามผลและปิดเคส,2022-04-02,หน่วยงานส่งต่อ,ปราจีนบุรี,ศรีพัฒนา,สำนักงานพัฒนาสังคมและความมั่นคงของมนุษย์จังหวัด
SOC00403,4426288684545,กัลยา,ธรรมรักษ์,ชาย,2005-12-08,ผู้ประสบปัญหาทางสังคมทั่วไป,รายได้ไม่เพียงพอ,2026-07-27,2026-08-17,ประสานส่งต่อหน่วยงาน,ประชาชนแจ้งด้วยตนเอง,ปกติ,ติดตามผลและปิดเคส,2026-08-24,ระบบออนไลน์,นราธิวาส,ศรีพัฒนา,ศูนย์ช่วยเหลือสังคม 1300
SOC00404,8461705364111,ปราณี,ธรรมคุณ,ชาย,1986-01-01,สตรีและครอบครัว,หนี้สินครัวเรือน,2025-08-15,2025-08-21,ช่วยเหลือด้านที่อยู่อาศัย,เครือข่ายชุมชนแจ้ง,เร่งด่วน,ช่วยเหลือและปิดเคส,2025-08-24,หน่วยงานส่งต่อ,ชลบุรี,พนัสนิคม,บ้านพักเด็กและครอบครัว
SOC00405,7814056200513,ภาคิน,ชัยมงคล,หญิง,1990-04-15,ผู้มีรายได้น้อย,หนี้สินครัวเรือน,2025-09-12,2025-10-03,ช่วยเหลือเงินสงเคราะห์,หน่วยงานภาครัฐส่งต่อ,ปกติ,ส่งต่อหน่วยงานและปิดเคส,2025-10-20,สายด่วน พม. 1300,มหาสารคาม,ศรีพัฒนา,สำนักงานพัฒนาสังคมและความมั่นคงของมนุษย์จังหวัด
SOC00406,3204662753417,ชไมพร,วงศ์คำ,ชาย,1942-10-08,ผู้สูงอายุ,ว่างงาน,2025-09-08,2025-09-17,ช่วยเหลือเงินสงเคราะห์,ประชาชนแจ้งด้วยตนเอง,ปกติ,ให้คำปรึกษาและปิดเคส,2025-10-05,ระบบออนไลน์,สุรินทร์,บ้านใหม่,ศูนย์พัฒนาการจัดสวัสดิการสังคมผู้สูงอายุ
SOC00407,7569632092212,อริสรา,โชคชัย,ชาย,1963-02-16,ผู้สูงอายุ,ประสบเหตุฉุกเฉิน,2023-09-03,2023-09-05,ช่วยเหลือเงินสงเคราะห์,องค์กรปกครองส่วนท้องถิ่นส่งต่อ,ปกติ,ติดตามผลและปิดเคส,2023-09-19,หน่วยงานส่งต่อ,พิษณุโลก,ทุ่งสุข,ศูนย์พัฒนาการจัดสวัสดิการสังคมผู้สูงอายุ
SOC00408,7193309946432,ณัฐพงษ์,ธรรมคุณ,ชาย,1982-04-23,ผู้ประสบปัญหาทางสังคมทั่วไป,ปัญหาสุขภาพและการดำรงชีพ,2025-07-01,2025-07-06,ช่วยเหลือเงินสงเคราะห์,สายด่วน พม. 1300,เร่งด่วน,ช่วยเหลือและปิดเคส,2025-07-18,สายด่วน พม. 1300,กาฬสินธุ์,คลองใหม่,ศูนย์คุ้มครองคนไร้ที่พึ่ง
SOC00409,4408319012839,พิกุล,มิตรดี,หญิง,1969-11-16,คนพิการ,ที่อยู่อาศัย,2025-07-30,2025-08-12,จัดหาที่พักชั่วคราว,สายด่วน พม. 1300,ปกติ,ติดตามผลและปิดเคส,2025-08-29,Walk-in,สงขลา,สะเดา,สำนักงานพัฒนาสังคมและความมั่นคงของมนุษย์จังหวัด
SOC00410,2510068330946,วรัญญา,ธรรมรักษ์,ชาย,1977-08-10,ผู้ประสบปัญหาทางสังคมทั่วไป,ขาดผู้ดูแล,2023-04-16,2023-04-19,ช่วยเหลือเงินสงเคราะห์,เครือข่ายชุมชนแจ้ง,เร่งด่วน,ส่งต่อหน่วยงานและปิดเคส,2023-04-27,Walk-in,ปราจีนบุรี,เมือง,ศูนย์พัฒนาการจัดสวัสดิการสังคมผู้สูงอายุ
SOC00411,5891941916019,ปวีณา,ศรีสมบัติ,ชาย,1972-07-20,ผู้มีรายได้น้อย,ที่อยู่อาศัย,2026-07-20,2026-07-29,ประสานส่งต่อหน่วยงาน,ประชาชนแจ้งด้วยตนเอง,ปกติ,ส่งต่อหน่วยงานและปิดเคส,2026-08-13,เครือข่ายชุมชน,นครราชสีมา,พิมาย,ศูนย์พัฒนาการจัดสวัสดิการสังคมผู้สูงอายุ
SOC00412,2521329022787,ชไมพร,ทองสุข,ชาย,2007-03-27,เด็กและเยาวชน,ปัญหาสุขภาพและการดำรงชีพ,2025-11-03,2025-11-08,ช่วยเหลือเงินสงเคราะห์,สายด่วน พม. 1300,ปกติ,ติดตามผลและปิดเคส,2025-11-27,เครือข่ายชุมชน,นนทบุรี,บางบัวทอง,ศูนย์คุ้มครองคนไร้ที่พึ่ง
SOC00413,4649540570562,รวิศ,บุญธรรม,ชาย,1944-11-03,ผู้สูงอายุ,ปัญหาสุขภาพและการดำรงชีพ,2025-04-05,2025-04-24,ช่วยเหลือด้านที่อยู่อาศัย,ประชาชนแจ้งด้วยตนเอง,ปกติ,ติดตามผลและปิดเคส,2025-05-24,Walk-in,สระบุรี,เมือง,สำนักงานพัฒนาสังคมและความมั่นคงของมนุษย์จังหวัด
SOC00414,5943697160306,นรินทร์,ศรีประภา,ชาย,1961-04-30,ผู้สูงอายุ,รายได้ไม่เพียงพอ,2024-10-05,2024-10-23,ช่วยเหลือเงินสงเคราะห์,เครือข่ายชุมชนแจ้ง,ปกติ,ให้คำปรึกษาและปิดเคส,2024-10-23,สายด่วน พม. 1300,เชียงใหม่,สันทราย,ศูนย์พัฒนาการจัดสวัสดิการสังคมผู้สูงอายุ
SOC00415,7081007014439,พิมพ์ชนก,สมานมิตร,ชาย,2006-03-24,เด็กและเยาวชน,ว่างงาน,2025-05-01,2025-05-22,ช่วยเหลือด้านที่อยู่อาศัย,หน่วยงานภาครัฐส่งต่อ,ปกติ,ให้คำปรึกษาและปิดเคส,2025-05-24,สายด่วน พม. 1300,ชลบุรี,ศรีราชา,ศูนย์ช่วยเหลือสังคม 1300
SOC00416,2154988760982,ศิริพร,เมืองแก้ว,ชาย,1963-08-01,ผู้มีรายได้น้อย,ขาดผู้ดูแล,2025-04-03,2025-04-20,ช่วยเหลือสิ่งของเครื่องใช้จำเป็น,หน่วยงานภาครัฐส่งต่อ,ปกติ,ติดตามผลและปิดเคส,2025-04-29,เครือข่ายชุมชน,ยะลา,เมือง,บ้านพักเด็กและครอบครัว
SOC00417,6058464981804,สิทธิโชค,ศรีสุข,ชาย,1983-09-26,ผู้ประสบปัญหาทางสังคมทั่วไป,หนี้สินครัวเรือน,2022-02-09,2022-02-26,ช่วยเหลือเงินสงเคราะห์,เครือข่ายชุมชนแจ้ง,ปกติ,ส่งต่อหน่วยงานและปิดเคส,2022-03-23,ระบบออนไลน์,นราธิวาส,คลองใหม่,ศูนย์พัฒนาการจัดสวัสดิการสังคมผู้สูงอายุ
SOC00418,3637347331594,เบญจพร,แสงทอง,ชาย,1980-08-10,ผู้ประสบปัญหาทางสังคมทั่วไป,ขาดผู้ดูแล,2024-07-05,2024-07-07,ช่วยเหลือเงินสงเคราะห์,ประชาชนแจ้งด้วยตนเอง,ปกติ,ติดตามผลและปิดเคส,2024-07-19,สายด่วน พม. 1300,สระบุรี,คลองใหม่,สำนักงานพัฒนาสังคมและความมั่นคงของมนุษย์จังหวัด
SOC00419,2815398330313,ภาคิน,เพิ่มพูน,ชาย,1995-03-25,คนพิการ,ขาดผู้ดูแล,2026-03-22,2026-03-27,ช่วยเหลือเงินสงเคราะห์,ญาติ/ครอบครัวแจ้ง,เร่งด่วน,ส่งต่อหน่วยงานและปิดเคส,2026-04-26,ระบบออนไลน์,สมุทรปราการ,คลองใหม่,ศูนย์คุ้มครองคนไร้ที่พึ่ง
SOC00420,3149668833523,วิศรุต,เกษมสุข,หญิง,1985-09-18,คนไร้ที่พึ่ง,ความรุนแรงในครอบครัว,2025-02-08,2025-02-11,ช่วยเหลือเงินสงเคราะห์,เครือข่ายชุมชนแจ้ง,ปกติ,ติดตามผลและปิดเคส,2025-02-27,สายด่วน พม. 1300,บุรีรัมย์,หนองกลาง,ศูนย์พัฒนาการจัดสวัสดิการสังคมผู้สูงอายุ
SOC00421,5668932373375,สุภาวดี,สุขเกษม,ชาย,2016-12-31,เด็กและเยาวชน,ที่อยู่อาศัย,2026-08-15,2026-08-24,ช่วยเหลือเงินสงเคราะห์,สายด่วน พม. 1300,ปกติ,ช่วยเหลือและปิดเคส,2026-08-24,Walk-in,เชียงใหม่,สันทราย,ศูนย์ช่วยเหลือสังคม 1300
SOC00422,7365848629379,นันทนา,ทรัพย์เจริญ,ชาย,2008-12-30,ผู้ประสบปัญหาทางสังคมทั่วไป,ขาดผู้ดูแล,2026-04-28,2026-05-07,ช่วยเหลือเงินสงเคราะห์,สายด่วน พม. 1300,ปกติ,ให้คำปรึกษาและปิดเคส,2026-05-30,ระบบออนไลน์,กรุงเทพมหานคร,บางกะปิ,ศูนย์ช่วยเหลือสังคม 1300
SOC00423,3130178026844,พรชัย,ธนากุล,ชาย,1951-07-24,ผู้สูงอายุ,รายได้ไม่เพียงพอ,2025-12-18,2025-12-18,ช่วยเหลือเงินสงเคราะห์,เครือข่ายชุมชนแจ้ง,ฉุกเฉิน,ให้คำปรึกษาและปิดเคส,2025-12-25,สายด่วน พม. 1300,ชลบุรี,เมืองชลบุรี,ศูนย์คุ้มครองคนไร้ที่พึ่ง
SOC00424,4064175905122,สิทธิโชค,ประเสริฐศรี,หญิง,2025-10-07,เด็กและเยาวชน,ว่างงาน,2024-06-23,2024-06-26,ช่วยเหลือเงินสงเคราะห์,หน่วยงานภาครัฐส่งต่อ,เร่งด่วน,ติดตามผลและปิดเคส,2024-07-11,Walk-in,นครสวรรค์,คลองใหม่,ศูนย์ช่วยเหลือสังคม 1300
SOC00425,8794221720068,ปราณี,รุ่งเรือง,หญิง,1939-04-11,ผู้สูงอายุ,ที่อยู่อาศัย,2026-08-17,2026-08-24,ช่วยเหลือเงินสงเคราะห์,สายด่วน พม. 1300,ปกติ,ช่วยเหลือและปิดเคส,2026-08-24,เครือข่ายชุมชน,อุบลราชธานี,เมือง,ศูนย์ช่วยเหลือสังคม 1300
SOC00426,4117368689091,ธนา,พิทักษ์วงศ์,หญิง,1960-09-04,ผู้สูงอายุ,รายได้ไม่เพียงพอ,2026-04-12,2026-04-27,ช่วยเหลือเงินสงเคราะห์,สายด่วน พม. 1300,ปกติ,ติดตามผลและปิดเคส,2026-05-27,หน่วยงานส่งต่อ,นนทบุรี,ปากเกร็ด,สำนักงานพัฒนาสังคมและความมั่นคงของมนุษย์จังหวัด
SOC00427,6747467430119,ภาคิน,ศรีประภา,ชาย,1953-06-17,คนพิการ,ขาดผู้ดูแล,2024-06-17,2024-06-20,ช่วยเหลือเงินสงเคราะห์,องค์กรปกครองส่วนท้องถิ่นส่งต่อ,เร่งด่วน,ติดตามผลและปิดเคส,2024-06-25,เครือข่ายชุมชน,เชียงใหม่,สันทราย,สำนักงานพัฒนาสังคมและความมั่นคงของมนุษย์จังหวัด
SOC00428,6338929481538,ชุติมา,มิตรดี,ชาย,2005-06-24,คนไร้ที่พึ่ง,รายได้ไม่เพียงพอ,2022-05-16,2022-05-29,ช่วยเหลือสิ่งของเครื่องใช้จำเป็น,ประชาชนแจ้งด้วยตนเอง,ปกติ,ให้คำปรึกษาและปิดเคส,2022-06-15,Walk-in,ฉะเชิงเทรา,หนองกลาง,ศูนย์พัฒนาการจัดสวัสดิการสังคมผู้สูงอายุ
SOC00429,4183267553743,รุจิรา,พิพัฒน์กุล,ชาย,1991-07-17,ผู้ประสบปัญหาทางสังคมทั่วไป,ขาดผู้ดูแล,2023-03-09,2023-03-25,ช่วยเหลือเงินสงเคราะห์,หน่วยงานภาครัฐส่งต่อ,ปกติ,ติดตามผลและปิดเคส,2023-04-09,Walk-in,พระนครศรีอยุธยา,ทุ่งสุข,บ้านพักเด็กและครอบครัว
SOC00430,5895763449804,ธนกฤต,อินทร์แก้ว,หญิง,1952-05-31,ผู้สูงอายุ,ว่างงาน,2026-05-17,2026-05-23,ช่วยเหลือเงินสงเคราะห์,ประชาชนแจ้งด้วยตนเอง,ปกติ,ส่งต่อหน่วยงานและปิดเคส,2026-05-28,ระบบออนไลน์,กาฬสินธุ์,ทุ่งสุข,สำนักงานพัฒนาสังคมและความมั่นคงของมนุษย์จังหวัด
SOC00431,4669274952659,สิทธิโชค,วงศ์สวัสดิ์,ชาย,2008-11-01,ผู้ประสบปัญหาทางสังคมทั่วไป,หนี้สินครัวเรือน,2024-07-20,2024-08-01,จัดหาที่พักชั่วคราว,สายด่วน พม. 1300,ปกติ,ติดตามผลและปิดเคส,2024-08-26,ระบบออนไลน์,ลำปาง,บ้านใหม่,บ้านพักเด็กและครอบครัว
SOC00432,7299832843044,เอกภพ,เข็มทอง,ชาย,2012-10-04,เด็กและเยาวชน,รายได้ไม่เพียงพอ,2024-05-30,2024-06-02,ช่วยเหลือเงินสงเคราะห์,องค์กรปกครองส่วนท้องถิ่นส่งต่อ,ปกติ,ส่งต่อหน่วยงานและปิดเคส,2024-06-22,เครือข่ายชุมชน,สกลนคร,เมือง,บ้านพักเด็กและครอบครัว
SOC00433,4027002142600,ภัทรพล,มั่นคง,หญิง,1980-09-17,ผู้มีรายได้น้อย,ว่างงาน,2026-08-10,2026-08-18,ช่วยเหลือเงินสงเคราะห์,สายด่วน พม. 1300,ปกติ,ช่วยเหลือและปิดเคส,2026-08-24,Walk-in,ระยอง,ทุ่งสุข,ศูนย์ช่วยเหลือสังคม 1300
SOC00434,1314132430524,วรรณวิสา,สืบสาย,ชาย,1992-08-10,ผู้มีรายได้น้อย,รายได้ไม่เพียงพอ,2024-02-10,2024-02-18,ช่วยเหลือเงินสงเคราะห์,ประชาชนแจ้งด้วยตนเอง,ปกติ,ให้คำปรึกษาและปิดเคส,2024-03-13,เครือข่ายชุมชน,ปทุมธานี,ลำลูกกา,สำนักงานพัฒนาสังคมและความมั่นคงของมนุษย์จังหวัด
SOC00435,7622134403618,จุฑามาศ,คงมั่น,ชาย,2015-06-21,เด็กและเยาวชน,ความรุนแรงในครอบครัว,2026-08-16,2026-08-23,ช่วยเหลือเงินสงเคราะห์,องค์กรปกครองส่วนท้องถิ่นส่งต่อ,เร่งด่วน,ติดตามผลและปิดเคส,2026-08-24,ระบบออนไลน์,นนทบุรี,เมืองนนทบุรี,ศูนย์พัฒนาการจัดสวัสดิการสังคมผู้สูงอายุ
SOC00436,5971094264981,เพ็ญนภา,ธรรมคุณ,ชาย,1993-03-05,ผู้มีรายได้น้อย,ปัญหาสุขภาพและการดำรงชีพ,2022-11-12,2022-11-18,ช่วยเหลือเงินสงเคราะห์,องค์กรปกครองส่วนท้องถิ่นส่งต่อ,ปกติ,ช่วยเหลือและปิดเคส,2022-12-12,หน่วยงานส่งต่อ,กาฬสินธุ์,คลองใหม่,บ้านพักเด็กและครอบครัว
SOC00437,3805999728646,สายฝน,แสงทอง,หญิง,1975-08-27,ผู้ประสบปัญหาทางสังคมทั่วไป,ปัญหาสุขภาพและการดำรงชีพ,2026-03-23,2026-03-26,ช่วยเหลือเงินสงเคราะห์,หน่วยงานภาครัฐส่งต่อ,ปกติ,ให้คำปรึกษาและปิดเคส,2026-04-01,เครือข่ายชุมชน,กระบี่,เมือง,ศูนย์พัฒนาการจัดสวัสดิการสังคมผู้สูงอายุ
SOC00438,2580717310193,วรัญญา,วัฒนศรี,ชาย,1975-04-01,ผู้มีรายได้น้อย,ขาดผู้ดูแล,2024-05-23,2024-05-27,ประสานส่งต่อหน่วยงาน,องค์กรปกครองส่วนท้องถิ่นส่งต่อ,เร่งด่วน,ส่งต่อหน่วยงานและปิดเคส,2024-05-28,สายด่วน พม. 1300,ภูเก็ต,กะทู้,ศูนย์พัฒนาการจัดสวัสดิการสังคมผู้สูงอายุ
SOC00439,3053576212498,ธัญชนก,จันทร์หอม,ชาย,1956-06-25,ผู้มีรายได้น้อย,ที่อยู่อาศัย,2025-10-02,2025-10-15,ช่วยเหลือเงินสงเคราะห์,หน่วยงานภาครัฐส่งต่อ,ปกติ,ส่งต่อหน่วยงานและปิดเคส,2025-11-03,หน่วยงานส่งต่อ,เชียงใหม่,แม่ริม,สำนักงานพัฒนาสังคมและความมั่นคงของมนุษย์จังหวัด
SOC00440,1340388966012,พัชรินทร์,รุ่งเรือง,ชาย,2010-01-21,คนพิการ,รายได้ไม่เพียงพอ,2026-02-28,2026-03-19,ช่วยเหลือเงินสงเคราะห์,ประชาชนแจ้งด้วยตนเอง,ปกติ,ส่งต่อหน่วยงานและปิดเคส,2026-04-04,สายด่วน พม. 1300,กระบี่,ศรีพัฒนา,ศูนย์ช่วยเหลือสังคม 1300
SOC00441,2987816718185,ณัฐพงษ์,นิลแก้ว,หญิง,2020-08-10,เด็กและเยาวชน,ว่างงาน,2024-11-22,2024-11-30,จัดหาที่พักชั่วคราว,ญาติ/ครอบครัวแจ้ง,ปกติ,ส่งต่อหน่วยงานและปิดเคส,2024-12-06,สายด่วน พม. 1300,แพร่,หนองกลาง,ศูนย์พัฒนาการจัดสวัสดิการสังคมผู้สูงอายุ
SOC00442,3083468472662,วาสนา,เกียรติไพศาล,ชาย,1985-11-16,คนพิการ,ความรุนแรงในครอบครัว,2026-06-30,2026-07-04,ช่วยเหลือด้านที่อยู่อาศัย,องค์กรปกครองส่วนท้องถิ่นส่งต่อ,เร่งด่วน,ติดตามผลและปิดเคส,2026-07-21,ระบบออนไลน์,สุพรรณบุรี,ศรีพัฒนา,บ้านพักเด็กและครอบครัว
SOC00443,7996579409231,กฤษฎา,วัฒนกุล,ชาย,1975-04-28,คนพิการ,ปัญหาสุขภาพและการดำรงชีพ,2024-07-26,2024-08-05,ช่วยเหลือเงินสงเคราะห์,ญาติ/ครอบครัวแจ้ง,ปกติ,ช่วยเหลือและปิดเคส,2024-08-09,เครือข่ายชุมชน,ชลบุรี,เมืองชลบุรี,ศูนย์คุ้มครองคนไร้ที่พึ่ง
SOC00444,6154240759810,พัชรินทร์,มิตรดี,หญิง,1941-09-05,ผู้สูงอายุ,ที่อยู่อาศัย,2022-06-19,2022-06-22,ช่วยเหลือเงินสงเคราะห์,หน่วยงานภาครัฐส่งต่อ,เร่งด่วน,ส่งต่อหน่วยงานและปิดเคส,2022-06-22,ระบบออนไลน์,สุรินทร์,บ้านใหม่,บ้านพักเด็กและครอบครัว
SOC00445,7141714885654,สิริกานต์,จันทร์หอม,ชาย,1982-06-12,คนพิการ,ที่อยู่อาศัย,2025-07-01,2025-07-09,ช่วยเหลือด้านที่อยู่อาศัย,สายด่วน พม. 1300,ปกติ,ติดตามผลและปิดเคส,2025-07-09,สายด่วน พม. 1300,พิจิตร,บ้านใหม่,ศูนย์ช่วยเหลือสังคม 1300
SOC00446,6237216689566,กัญญารัตน์,เข็มทอง,หญิง,1953-01-15,คนพิการ,หนี้สินครัวเรือน,2023-06-17,2023-06-20,ช่วยเหลือเงินสงเคราะห์,สายด่วน พม. 1300,ปกติ,ติดตามผลและปิดเคส,2023-07-14,เครือข่ายชุมชน,จันทบุรี,ทุ่งสุข,ศูนย์ช่วยเหลือสังคม 1300
SOC00447,3636405672556,พชร,แสงจันทร์,ชาย,2021-08-13,เด็กและเยาวชน,ว่างงาน,2023-08-07,2023-08-12,ช่วยเหลือเงินสงเคราะห์,ประชาชนแจ้งด้วยตนเอง,ปกติ,ช่วยเหลือและปิดเคส,2023-09-10,หน่วยงานส่งต่อ,ตรัง,เมือง,บ้านพักเด็กและครอบครัว
SOC00448,3203539051522,พรรณภา,นาคทอง,ชาย,1958-03-27,ผู้สูงอายุ,ขาดผู้ดูแล,2022-08-31,2022-09-21,ประสานส่งต่อหน่วยงาน,ญาติ/ครอบครัวแจ้ง,ปกติ,ส่งต่อหน่วยงานและปิดเคส,2022-10-01,ระบบออนไลน์,บุรีรัมย์,คลองใหม่,สำนักงานพัฒนาสังคมและความมั่นคงของมนุษย์จังหวัด
SOC00449,5771373915310,สิริกานต์,ชำนาญกิจ,ชาย,1961-11-28,ผู้สูงอายุ,ขาดผู้ดูแล,2022-08-22,2022-09-01,ช่วยเหลือเงินสงเคราะห์,หน่วยงานภาครัฐส่งต่อ,ปกติ,ติดตามผลและปิดเคส,2022-09-23,เครือข่ายชุมชน,นราธิวาส,ทุ่งสุข,สำนักงานพัฒนาสังคมและความมั่นคงของมนุษย์จังหวัด
SOC00450,3696838873931,อนุชา,จิตต์มั่น,ชาย,2020-03-21,เด็กและเยาวชน,ปัญหาสุขภาพและการดำรงชีพ,2026-08-01,2026-08-17,ประสานส่งต่อหน่วยงาน,องค์กรปกครองส่วนท้องถิ่นส่งต่อ,ปกติ,ส่งต่อหน่วยงานและปิดเคส,2026-08-24,เครือข่ายชุมชน,ภูเก็ต,เมืองภูเก็ต,บ้านพักเด็กและครอบครัว
SOC00451,2059499672164,ภูริณัฐ,รัตนวงศ์,หญิง,2008-03-05,เด็กและเยาวชน,ขาดผู้ดูแล,2025-05-25,2025-05-27,ช่วยเหลือด้านที่อยู่อาศัย,เครือข่ายชุมชนแจ้ง,ปกติ,ส่งต่อหน่วยงานและปิดเคส,2025-06-07,สายด่วน พม. 1300,ปัตตานี,เมือง,ศูนย์ช่วยเหลือสังคม 1300
SOC00452,2381483219562,วรัญญา,วิริยะกุล,ชาย,1940-01-09,ผู้สูงอายุ,ที่อยู่อาศัย,2023-09-10,2023-09-17,ช่วยเหลือเงินสงเคราะห์,ญาติ/ครอบครัวแจ้ง,เร่งด่วน,ติดตามผลและปิดเคส,2023-09-21,ระบบออนไลน์,ภูเก็ต,ถลาง,ศูนย์พัฒนาการจัดสวัสดิการสังคมผู้สูงอายุ
SOC00453,8812706443560,วชิรวิทย์,เกษมสุข,หญิง,1963-06-01,ผู้สูงอายุ,ที่อยู่อาศัย,2023-10-20,2023-11-02,จัดหาที่พักชั่วคราว,องค์กรปกครองส่วนท้องถิ่นส่งต่อ,ปกติ,ส่งต่อหน่วยงานและปิดเคส,2023-12-02,ระบบออนไลน์,สงขลา,หาดใหญ่,สำนักงานพัฒนาสังคมและความมั่นคงของมนุษย์จังหวัด
SOC00454,1662630763628,ชยุต,ร่มเย็น,หญิง,1988-10-04,ผู้มีรายได้น้อย,รายได้ไม่เพียงพอ,2025-08-23,2025-08-30,ช่วยเหลือเงินสงเคราะห์,องค์กรปกครองส่วนท้องถิ่นส่งต่อ,เร่งด่วน,ส่งต่อหน่วยงานและปิดเคส,2025-09-08,สายด่วน พม. 1300,ภูเก็ต,กะทู้,บ้านพักเด็กและครอบครัว
SOC00455,8814171986492,ศิวกร,รัตนกุล,หญิง,1982-09-06,ผู้ประสบปัญหาทางสังคมทั่วไป,รายได้ไม่เพียงพอ,2024-03-04,2024-03-07,ช่วยเหลือเงินสงเคราะห์,ญาติ/ครอบครัวแจ้ง,ปกติ,ให้คำปรึกษาและปิดเคส,2024-04-05,Walk-in,กาฬสินธุ์,เมือง,ศูนย์คุ้มครองคนไร้ที่พึ่ง
SOC00456,8264653465243,นภัสสร,กุลวงศ์,หญิง,1965-09-21,คนไร้ที่พึ่ง,ขาดผู้ดูแล,2026-04-30,2026-05-14,ช่วยเหลือเงินสงเคราะห์,สายด่วน พม. 1300,ปกติ,ช่วยเหลือและปิดเคส,2026-05-14,หน่วยงานส่งต่อ,เชียงราย,แม่สาย,ศูนย์ช่วยเหลือสังคม 1300
SOC00457,8538122527796,กิตติพงศ์,บัวแก้ว,หญิง,1985-09-28,ผู้ประสบปัญหาทางสังคมทั่วไป,ที่อยู่อาศัย,2025-01-05,2025-01-26,ช่วยเหลือเงินสงเคราะห์,สายด่วน พม. 1300,ปกติ,ส่งต่อหน่วยงานและปิดเคส,2025-01-29,Walk-in,สมุทรสาคร,ทุ่งสุข,ศูนย์พัฒนาการจัดสวัสดิการสังคมผู้สูงอายุ
SOC00458,5802602110896,เกศรินทร์,พิทักษ์วงศ์,หญิง,2016-09-17,เด็กและเยาวชน,ว่างงาน,2025-01-22,2025-02-06,ช่วยเหลือเงินสงเคราะห์,ประชาชนแจ้งด้วยตนเอง,ปกติ,ส่งต่อหน่วยงานและปิดเคส,2025-02-20,เครือข่ายชุมชน,นนทบุรี,เมืองนนทบุรี,บ้านพักเด็กและครอบครัว
SOC00459,6736952382863,พิมพ์ชนก,วงศ์สวัสดิ์,หญิง,2004-09-22,ผู้ประสบปัญหาทางสังคมทั่วไป,ประสบเหตุฉุกเฉิน,2022-03-01,2022-03-06,ช่วยเหลือสิ่งของเครื่องใช้จำเป็น,สายด่วน พม. 1300,ปกติ,ติดตามผลและปิดเคส,2022-03-20,สายด่วน พม. 1300,ตราด,ทุ่งสุข,บ้านพักเด็กและครอบครัว
SOC00460,2916748425911,กฤษฎา,วงศ์คำ,หญิง,1984-10-30,ผู้ประสบปัญหาทางสังคมทั่วไป,ประสบเหตุฉุกเฉิน,2025-08-03,2025-08-24,ช่วยเหลือเงินสงเคราะห์,สายด่วน พม. 1300,ปกติ,ช่วยเหลือและปิดเคส,2025-09-11,เครือข่ายชุมชน,น่าน,หนองกลาง,สำนักงานพัฒนาสังคมและความมั่นคงของมนุษย์จังหวัด
SOC00461,1378211934057,จักรพันธ์,บุญเรือง,หญิง,1959-11-19,คนไร้ที่พึ่ง,ขาดผู้ดูแล,2026-04-27,2026-05-09,จัดหาที่พักชั่วคราว,สายด่วน พม. 1300,ปกติ,ช่วยเหลือและปิดเคส,2026-05-19,หน่วยงานส่งต่อ,ปราจีนบุรี,เมือง,ศูนย์พัฒนาการจัดสวัสดิการสังคมผู้สูงอายุ
SOC00462,8111204268163,ชาญวิทย์,คงเจริญ,หญิง,1971-10-27,สตรีและครอบครัว,รายได้ไม่เพียงพอ,2025-07-30,2025-08-01,ช่วยเหลือสิ่งของเครื่องใช้จำเป็น,สายด่วน พม. 1300,ฉุกเฉิน,ให้คำปรึกษาและปิดเคส,2025-08-13,หน่วยงานส่งต่อ,ลำปาง,เมือง,ศูนย์ช่วยเหลือสังคม 1300
SOC00463,3023876434160,ภัทรพล,บุญส่ง,หญิง,1974-10-04,ผู้มีรายได้น้อย,ประสบเหตุฉุกเฉิน,2026-06-08,2026-06-09,ช่วยเหลือเงินสงเคราะห์,ญาติ/ครอบครัวแจ้ง,ฉุกเฉิน,ช่วยเหลือและปิดเคส,2026-06-13,ระบบออนไลน์,กรุงเทพมหานคร,บางเขน,บ้านพักเด็กและครอบครัว
SOC00464,8621378426380,ณัฐวุฒิ,อุดมศักดิ์,ชาย,1987-09-07,ผู้มีรายได้น้อย,หนี้สินครัวเรือน,2023-10-03,2023-10-13,ช่วยเหลือเงินสงเคราะห์,องค์กรปกครองส่วนท้องถิ่นส่งต่อ,ปกติ,ส่งต่อหน่วยงานและปิดเคส,2023-10-24,หน่วยงานส่งต่อ,เชียงใหม่,หางดง,ศูนย์พัฒนาการจัดสวัสดิการสังคมผู้สูงอายุ
SOC00465,8060391396078,ปราณี,โชคชัย,หญิง,1989-04-07,ผู้มีรายได้น้อย,รายได้ไม่เพียงพอ,2022-07-06,2022-07-18,ช่วยเหลือด้านที่อยู่อาศัย,ประชาชนแจ้งด้วยตนเอง,ปกติ,ให้คำปรึกษาและปิดเคส,2022-08-03,Walk-in,มหาสารคาม,บ้านใหม่,ศูนย์คุ้มครองคนไร้ที่พึ่ง
SOC00466,5041600482458,ธวัชชัย,ธรรมคุณ,ชาย,1972-12-17,ผู้ประสบปัญหาทางสังคมทั่วไป,ความรุนแรงในครอบครัว,2026-05-22,2026-06-12,ช่วยเหลือเงินสงเคราะห์,องค์กรปกครองส่วนท้องถิ่นส่งต่อ,ปกติ,ให้คำปรึกษาและปิดเคส,2026-06-18,ระบบออนไลน์,อุบลราชธานี,บ้านใหม่,บ้านพักเด็กและครอบครัว
SOC00467,1326275584128,ศุภลักษณ์,นิลแก้ว,ชาย,1985-03-17,สตรีและครอบครัว,หนี้สินครัวเรือน,2025-02-13,2025-02-15,จัดหาที่พักชั่วคราว,ประชาชนแจ้งด้วยตนเอง,ปกติ,ติดตามผลและปิดเคส,2025-02-20,สายด่วน พม. 1300,ระยอง,คลองใหม่,บ้านพักเด็กและครอบครัว
SOC00468,7099437880414,ขวัญฤดี,ทองมาก,ชาย,1975-08-05,ผู้ประสบปัญหาทางสังคมทั่วไป,ขาดผู้ดูแล,2024-04-23,2024-04-27,ช่วยเหลือเงินสงเคราะห์,เครือข่ายชุมชนแจ้ง,เร่งด่วน,ให้คำปรึกษาและปิดเคส,2024-05-09,หน่วยงานส่งต่อ,เชียงใหม่,สันทราย,ศูนย์คุ้มครองคนไร้ที่พึ่ง
SOC00469,4369565420184,ภัทรพล,จำปาแก้ว,หญิง,1961-01-01,ผู้ประสบปัญหาทางสังคมทั่วไป,ว่างงาน,2022-06-04,2022-06-11,ช่วยเหลือเงินสงเคราะห์,เครือข่ายชุมชนแจ้ง,ปกติ,ส่งต่อหน่วยงานและปิดเคส,2022-06-20,หน่วยงานส่งต่อ,จันทบุรี,ศรีพัฒนา,บ้านพักเด็กและครอบครัว
SOC00470,2688860530653,ศิวกร,สุทธิวงศ์,หญิง,2008-01-29,เด็กและเยาวชน,ที่อยู่อาศัย,2025-06-16,2025-06-20,ประสานส่งต่อหน่วยงาน,เครือข่ายชุมชนแจ้ง,ปกติ,ช่วยเหลือและปิดเคส,2025-06-26,Walk-in,นครสวรรค์,เมือง,บ้านพักเด็กและครอบครัว
SOC00471,4394773336137,นันทนา,พรมศรี,หญิง,2016-05-28,เด็กและเยาวชน,รายได้ไม่เพียงพอ,2025-03-21,2025-04-03,ช่วยเหลือสิ่งของเครื่องใช้จำเป็น,องค์กรปกครองส่วนท้องถิ่นส่งต่อ,ปกติ,ติดตามผลและปิดเคส,2025-04-24,หน่วยงานส่งต่อ,สุพรรณบุรี,คลองใหม่,ศูนย์คุ้มครองคนไร้ที่พึ่ง
SOC00472,5846260039739,อาทิตย์,นาคะ,ชาย,2011-12-10,เด็กและเยาวชน,ปัญหาสุขภาพและการดำรงชีพ,2026-06-08,2026-06-10,ช่วยเหลือเงินสงเคราะห์,องค์กรปกครองส่วนท้องถิ่นส่งต่อ,เร่งด่วน,ให้คำปรึกษาและปิดเคส,2026-06-30,เครือข่ายชุมชน,นนทบุรี,เมืองนนทบุรี,ศูนย์ช่วยเหลือสังคม 1300
SOC00473,2094396151876,เกศรินทร์,พึ่งบุญ,หญิง,1982-11-13,คนพิการ,หนี้สินครัวเรือน,2024-11-30,2024-12-03,ช่วยเหลือเงินสงเคราะห์,หน่วยงานภาครัฐส่งต่อ,ปกติ,ติดตามผลและปิดเคส,2024-12-31,Walk-in,ขอนแก่น,เมืองขอนแก่น,ศูนย์คุ้มครองคนไร้ที่พึ่ง
SOC00474,5525563112574,ศิริพร,ฤทธิไกร,หญิง,2005-12-21,เด็กและเยาวชน,ประสบเหตุฉุกเฉิน,2024-07-08,2024-07-13,ช่วยเหลือด้านที่อยู่อาศัย,ประชาชนแจ้งด้วยตนเอง,เร่งด่วน,ติดตามผลและปิดเคส,2024-07-21,หน่วยงานส่งต่อ,นครสวรรค์,หนองกลาง,ศูนย์พัฒนาการจัดสวัสดิการสังคมผู้สูงอายุ
SOC00475,4879943199151,ศศิธร,พึ่งบุญ,ชาย,1960-04-06,คนไร้ที่พึ่ง,ความรุนแรงในครอบครัว,2022-10-30,2022-11-18,ช่วยเหลือเงินสงเคราะห์,องค์กรปกครองส่วนท้องถิ่นส่งต่อ,ปกติ,ส่งต่อหน่วยงานและปิดเคส,2022-12-06,หน่วยงานส่งต่อ,นครสวรรค์,เมือง,ศูนย์คุ้มครองคนไร้ที่พึ่ง
SOC00476,3763431847089,ภูริณัฐ,คำดี,ชาย,2009-01-31,เด็กและเยาวชน,ว่างงาน,2025-07-04,2025-07-23,ช่วยเหลือด้านที่อยู่อาศัย,องค์กรปกครองส่วนท้องถิ่นส่งต่อ,ปกติ,ให้คำปรึกษาและปิดเคส,2025-08-01,ระบบออนไลน์,เชียงราย,พาน,ศูนย์พัฒนาการจัดสวัสดิการสังคมผู้สูงอายุ
SOC00477,3352295168467,ชนิดา,จำปาแก้ว,หญิง,2020-07-02,เด็กและเยาวชน,หนี้สินครัวเรือน,2023-06-13,2023-06-16,ช่วยเหลือเงินสงเคราะห์,หน่วยงานภาครัฐส่งต่อ,เร่งด่วน,ติดตามผลและปิดเคส,2023-07-15,สายด่วน พม. 1300,ชลบุรี,เมืองชลบุรี,ศูนย์พัฒนาการจัดสวัสดิการสังคมผู้สูงอายุ
SOC00478,5633241530936,รวิศ,เข็มทอง,ชาย,1957-01-08,คนพิการ,ขาดผู้ดูแล,2022-03-08,2022-03-15,ประสานส่งต่อหน่วยงาน,สายด่วน พม. 1300,ปกติ,ติดตามผลและปิดเคส,2022-04-11,สายด่วน พม. 1300,นราธิวาส,ศรีพัฒนา,บ้านพักเด็กและครอบครัว
SOC00479,4993489079986,พิกุล,จิตต์มั่น,หญิง,1965-03-27,ผู้สูงอายุ,ประสบเหตุฉุกเฉิน,2023-05-26,2023-05-30,ให้คำปรึกษา,ญาติ/ครอบครัวแจ้ง,ปกติ,ติดตามผลและปิดเคส,2023-06-21,ระบบออนไลน์,พิษณุโลก,บ้านใหม่,บ้านพักเด็กและครอบครัว
SOC00480,8006542978009,ณัฐวุฒิ,อินทร์แก้ว,หญิง,1949-02-15,ผู้สูงอายุ,ว่างงาน,2025-10-02,2025-10-23,ประสานส่งต่อหน่วยงาน,องค์กรปกครองส่วนท้องถิ่นส่งต่อ,ปกติ,ส่งต่อหน่วยงานและปิดเคส,2025-10-30,หน่วยงานส่งต่อ,ตรัง,ศรีพัฒนา,ศูนย์พัฒนาการจัดสวัสดิการสังคมผู้สูงอายุ
SOC00481,6806173360847,ปัทมา,ศรีสง่า,ชาย,1969-01-23,ผู้มีรายได้น้อย,ปัญหาสุขภาพและการดำรงชีพ,2025-10-30,2025-11-02,ช่วยเหลือสิ่งของเครื่องใช้จำเป็น,เครือข่ายชุมชนแจ้ง,ปกติ,ส่งต่อหน่วยงานและปิดเคส,2025-11-18,เครือข่ายชุมชน,ขอนแก่น,น้ำพอง,ศูนย์ช่วยเหลือสังคม 1300
SOC00482,6747467430119,ภาคิน,ศรีประภา,ชาย,1953-06-17,คนพิการ,ขาดผู้ดูแล,2024-04-27,2024-05-17,ช่วยเหลือเงินสงเคราะห์,เครือข่ายชุมชนแจ้ง,ปกติ,ติดตามผลและปิดเคส,2024-05-24,เครือข่ายชุมชน,อุตรดิตถ์,เมือง,ศูนย์พัฒนาการจัดสวัสดิการสังคมผู้สูงอายุ
SOC00483,5163302379447,ภูริณัฐ,อ่อนละมุน,หญิง,2023-09-19,เด็กและเยาวชน,ความรุนแรงในครอบครัว,2024-08-08,2024-08-12,ช่วยเหลือเงินสงเคราะห์,ญาติ/ครอบครัวแจ้ง,เร่งด่วน,ช่วยเหลือและปิดเคส,2024-09-10,สายด่วน พม. 1300,ปทุมธานี,คลองหลวง,สำนักงานพัฒนาสังคมและความมั่นคงของมนุษย์จังหวัด
SOC00484,5002343513059,อภิญญา,เมืองแก้ว,หญิง,1937-02-16,ผู้สูงอายุ,ความรุนแรงในครอบครัว,2022-10-14,2022-10-17,ช่วยเหลือด้านที่อยู่อาศัย,หน่วยงานภาครัฐส่งต่อ,เร่งด่วน,ช่วยเหลือและปิดเคส,2022-10-17,ระบบออนไลน์,สุราษฎร์ธานี,บ้านใหม่,สำนักงานพัฒนาสังคมและความมั่นคงของมนุษย์จังหวัด
SOC00485,1508678020559,นพดล,สืบสาย,หญิง,1997-10-05,ผู้มีรายได้น้อย,ประสบเหตุฉุกเฉิน,2022-10-21,2022-10-23,ช่วยเหลือเงินสงเคราะห์,สายด่วน พม. 1300,ฉุกเฉิน,ติดตามผลและปิดเคส,2022-11-05,หน่วยงานส่งต่อ,ปทุมธานี,ลำลูกกา,ศูนย์พัฒนาการจัดสวัสดิการสังคมผู้สูงอายุ
SOC00486,6612237501771,ชไมพร,ศรีประภา,ชาย,1965-06-10,ผู้มีรายได้น้อย,ว่างงาน,2023-08-11,2023-08-18,ให้คำปรึกษา,เครือข่ายชุมชนแจ้ง,เร่งด่วน,ติดตามผลและปิดเคส,2023-08-26,Walk-in,สุพรรณบุรี,ศรีพัฒนา,สำนักงานพัฒนาสังคมและความมั่นคงของมนุษย์จังหวัด
SOC00487,4029326420003,จิราภรณ์,รุ่งสวัสดิ์,หญิง,1985-06-05,ผู้มีรายได้น้อย,ขาดผู้ดูแล,2026-04-19,2026-05-05,ช่วยเหลือด้านที่อยู่อาศัย,เครือข่ายชุมชนแจ้ง,ปกติ,ให้คำปรึกษาและปิดเคส,2026-05-21,ระบบออนไลน์,ตรัง,ศรีพัฒนา,ศูนย์คุ้มครองคนไร้ที่พึ่ง
SOC00488,5587313741118,สิทธิโชค,นาคะ,ชาย,2007-10-21,ผู้มีรายได้น้อย,รายได้ไม่เพียงพอ,2023-05-21,2023-06-09,ช่วยเหลือเงินสงเคราะห์,หน่วยงานภาครัฐส่งต่อ,ปกติ,ติดตามผลและปิดเคส,2023-06-24,สายด่วน พม. 1300,แพร่,บ้านใหม่,ศูนย์ช่วยเหลือสังคม 1300
SOC00489,8212698320536,รุจิรา,ชูศรี,หญิง,1976-06-25,ผู้ประสบปัญหาทางสังคมทั่วไป,ประสบเหตุฉุกเฉิน,2026-03-06,2026-03-08,จัดหาที่พักชั่วคราว,สายด่วน พม. 1300,ปกติ,ช่วยเหลือและปิดเคส,2026-03-25,หน่วยงานส่งต่อ,สุราษฎร์ธานี,หนองกลาง,ศูนย์คุ้มครองคนไร้ที่พึ่ง
SOC00490,1245594224587,กิตติพงศ์,รุ่งสวัสดิ์,หญิง,1970-04-26,ผู้มีรายได้น้อย,ที่อยู่อาศัย,2025-11-15,2025-11-19,ช่วยเหลือเงินสงเคราะห์,เครือข่ายชุมชนแจ้ง,เร่งด่วน,ให้คำปรึกษาและปิดเคส,2025-11-21,เครือข่ายชุมชน,แพร่,เมือง,สำนักงานพัฒนาสังคมและความมั่นคงของมนุษย์จังหวัด
SOC00491,4479406795336,ปิยธิดา,ตั้งมั่น,ชาย,1976-11-21,สตรีและครอบครัว,รายได้ไม่เพียงพอ,2022-01-21,2022-02-04,ช่วยเหลือเงินสงเคราะห์,ประชาชนแจ้งด้วยตนเอง,ปกติ,ติดตามผลและปิดเคส,2022-02-22,เครือข่ายชุมชน,กรุงเทพมหานคร,ดินแดง,ศูนย์ช่วยเหลือสังคม 1300
SOC00492,2650938094689,ชญานิศ,จำปาแก้ว,หญิง,2004-04-09,ผู้ประสบปัญหาทางสังคมทั่วไป,หนี้สินครัวเรือน,2026-02-06,2026-02-16,ช่วยเหลือด้านที่อยู่อาศัย,ญาติ/ครอบครัวแจ้ง,ปกติ,ส่งต่อหน่วยงานและปิดเคส,2026-03-17,Walk-in,น่าน,หนองกลาง,บ้านพักเด็กและครอบครัว
SOC00493,2959019459064,สุชาดา,เกียรติไพศาล,หญิง,2000-08-16,ผู้ประสบปัญหาทางสังคมทั่วไป,ความรุนแรงในครอบครัว,2026-05-02,2026-05-05,ให้คำปรึกษา,สายด่วน พม. 1300,เร่งด่วน,ช่วยเหลือและปิดเคส,2026-05-09,เครือข่ายชุมชน,สมุทรสาคร,เมือง,สำนักงานพัฒนาสังคมและความมั่นคงของมนุษย์จังหวัด
SOC00494,3194531526914,พรรณภา,ศรีสุข,หญิง,1948-09-05,ผู้สูงอายุ,รายได้ไม่เพียงพอ,2026-08-24,2026-08-24,ช่วยเหลือด้านที่อยู่อาศัย,องค์กรปกครองส่วนท้องถิ่นส่งต่อ,ปกติ,ส่งต่อหน่วยงานและปิดเคส,2026-08-24,เครือข่ายชุมชน,สุรินทร์,หนองกลาง,ศูนย์คุ้มครองคนไร้ที่พึ่ง
SOC00495,4912356015731,ธีรวัฒน์,นาคทอง,ชาย,1969-02-14,ผู้ประสบปัญหาทางสังคมทั่วไป,ความรุนแรงในครอบครัว,2025-05-25,2025-05-26,ประสานส่งต่อหน่วยงาน,สายด่วน พม. 1300,เร่งด่วน,ติดตามผลและปิดเคส,2025-06-04,เครือข่ายชุมชน,ราชบุรี,หนองกลาง,สำนักงานพัฒนาสังคมและความมั่นคงของมนุษย์จังหวัด
SOC00496,4064175905122,สิทธิโชค,ประเสริฐศรี,หญิง,2025-10-07,เด็กและเยาวชน,หนี้สินครัวเรือน,2022-01-22,2022-02-04,จัดหาที่พักชั่วคราว,เครือข่ายชุมชนแจ้ง,ปกติ,ติดตามผลและปิดเคส,2022-02-09,หน่วยงานส่งต่อ,กรุงเทพมหานคร,บางเขน,ศูนย์ช่วยเหลือสังคม 1300
SOC00497,7076286750735,กาญจนา,รัตนกุล,ชาย,1972-05-14,ผู้มีรายได้น้อย,ปัญหาสุขภาพและการดำรงชีพ,2026-06-21,2026-07-01,ให้คำปรึกษา,หน่วยงานภาครัฐส่งต่อ,ปกติ,ช่วยเหลือและปิดเคส,2026-07-25,ระบบออนไลน์,นครปฐม,ทุ่งสุข,ศูนย์คุ้มครองคนไร้ที่พึ่ง
SOC00498,8921345682015,พชร,สมบูรณ์ผล,หญิง,1964-04-17,ผู้สูงอายุ,หนี้สินครัวเรือน,2024-12-07,2024-12-19,ช่วยเหลือด้านที่อยู่อาศัย,ประชาชนแจ้งด้วยตนเอง,ปกติ,ติดตามผลและปิดเคส,2024-12-28,หน่วยงานส่งต่อ,กระบี่,คลองใหม่,ศูนย์พัฒนาการจัดสวัสดิการสังคมผู้สูงอายุ
SOC00499,1864211334809,สุวิมล,ศรีนวล,หญิง,1939-07-02,ผู้สูงอายุ,ว่างงาน,2026-08-22,2026-08-24,ช่วยเหลือเงินสงเคราะห์,สายด่วน พม. 1300,เร่งด่วน,ส่งต่อหน่วยงานและปิดเคส,2026-08-24,หน่วยงานส่งต่อ,พระนครศรีอยุธยา,ศรีพัฒนา,บ้านพักเด็กและครอบครัว
SOC00500,2379738487106,ณัฐพงษ์,วงศ์สวัสดิ์,หญิง,1969-02-20,ผู้ประสบปัญหาทางสังคมทั่วไป,หนี้สินครัวเรือน,2024-12-18,2024-12-24,ช่วยเหลือสิ่งของเครื่องใช้จำเป็น,ประชาชนแจ้งด้วยตนเอง,เร่งด่วน,ให้คำปรึกษาและปิดเคส,2025-01-21,ระบบออนไลน์,ชลบุรี,เมืองชลบุรี,ศูนย์คุ้มครองคนไร้ที่พึ่ง
