row_order,category_level,level_type,tsic_division_code,tsic_division_name,tsic_group_code,tsic_group_name,tsic_class_code,tsic_class_name,product_code,item_name,weight,index_2021_01,index_2021_02,index_2021_03,index_2021_04,index_2021_05,index_2021_06,index_2021_07,index_2021_08,index_2021_09,index_2021_10,index_2021_11,index_2021_12,index_2022_01,index_2022_02,index_2022_03,index_2022_04,index_2022_05,index_2022_06,index_2022_07,index_2022_08,index_2022_09,index_2022_10,index_2022_11,index_2022_12,index_2023_01,index_2023_02,index_2023_03,index_2023_04,index_2023_05,index_2023_06,index_2023_07,index_2023_08,index_2023_09,index_2023_10,index_2023_11,index_2023_12,index_2024_01,index_2024_02,index_2024_03,index_2024_04,index_2024_05,index_2024_06,index_2024_07,index_2024_08,index_2024_09,index_2024_10,index_2024_11,index_2024_12,index_2025_01,index_2025_02,index_2025_03,index_2025_04,index_2025_05,index_2025_06,index_2025_07,index_2025_08,index_2025_09,index_2025_10,index_2025_11,index_2025_12,index_2026_01,index_2026_02,index_2026_03,index_2026_04,index_2026_05,index_2026_06,mom_change_pct,yoy_change_pct,base_year,source_agency,source_file
1,0,TOTAL,,ดัชนีรวมยังไม่ได้ปรับฤดูกาล,,,,,,ดัชนีรวมยังไม่ได้ปรับฤดูกาล,100.0,95.126511,96.66893,114.880191,94.67315,102.071922,102.726442,93.465683,91.562025,100.022845,98.165441,102.833525,107.803334,101.969197,102.782868,114.409466,96.431438,103.743825,104.91807,100.798045,104.237525,103.576923,99.81092,99.93735,102.610755,99.721578,100.93047,112.574689,92.37132,105.11336,101.275699,98.822698,99.081786,97.679703,96.70845,98.416989,98.345082,95.859473,98.653667,107.879914,94.071293,102.767092,99.774574,99.760059,99.363921,97.371929,95.890236,98.718133,99.514635,96.049718,98.036601,108.315688,93.316421,103.570114,99.855242,95.760196,94.616482,97.594189,96.620236,95.358741,99.574473,96.925174,97.278496,110.992297,93.866963,98.727958,94.695729,-4.084182,-5.166993,2559 = 100,สำนักงานเศรษฐกิจอุตสาหกรรม (สศอ.) กระทรวงอุตสาหกรรม,Shipment.xlsx
2,1,DIVISION_2DIGIT,10,การผลิตผลิตภัณฑ์อาหาร,,,,,,การผลิตผลิตภัณฑ์อาหาร,15.780701,89.498174,90.938104,110.642877,98.553872,103.829148,104.215417,98.066453,96.203194,101.450048,101.276919,101.679571,103.646222,102.321361,104.798425,115.977314,101.718893,111.050352,111.944242,109.021177,112.02421,104.398797,106.97284,103.422876,102.834271,102.128838,105.432689,119.618663,95.221927,108.330524,100.571029,101.717418,103.173172,103.29251,105.386283,101.276473,98.077761,102.475541,103.643734,111.275866,103.172791,114.307044,107.146105,112.566295,112.245287,106.925454,106.019136,102.920904,99.39677,102.940533,102.78776,109.591549,104.206074,121.583679,112.929092,111.857927,106.837287,108.272118,109.079483,104.831524,103.839372,101.839268,104.658616,120.984539,109.616544,116.560812,109.871778,-5.738665,-2.707287,2559 = 100,สำนักงานเศรษฐกิจอุตสาหกรรม (สศอ.) กระทรวงอุตสาหกรรม,Shipment.xlsx
3,2,GROUP_4DIGIT,10,การผลิตผลิตภัณฑ์อาหาร,1011,การผลิตเนื้อสัตว์ (ยกเว้นสัตว์ปีก),,,,การผลิตเนื้อสัตว์ (ยกเว้นสัตว์ปีก),0.290882,103.266333,92.860174,108.144015,100.124848,100.316355,100.229937,102.213404,86.380869,88.762818,99.846216,101.771421,116.083611,91.163012,84.192608,107.523867,105.193659,91.069584,84.924607,88.499261,82.680365,80.522822,85.241604,88.25461,97.296435,92.593633,87.754312,102.38785,96.744348,100.616847,100.51655,108.819962,111.839623,108.630866,115.128405,111.929107,121.697128,114.872382,108.668453,114.542986,116.887418,113.135225,114.203904,115.627629,114.81219,113.772226,118.323283,118.807146,123.162785,122.829608,109.151257,122.154328,113.077818,111.856094,113.668485,117.411653,114.421477,118.075724,126.937726,123.338309,127.564269,121.920549,113.520087,126.409799,119.033374,126.961901,125.064644,-1.494351,10.025786,2559 = 100,สำนักงานเศรษฐกิจอุตสาหกรรม (สศอ.) กระทรวงอุตสาหกรรม,Shipment.xlsx
4,3,CLASS_5DIGIT,10,การผลิตผลิตภัณฑ์อาหาร,1011,การผลิตเนื้อสัตว์ (ยกเว้นสัตว์ปีก),10112,การผลิตเนื้อสัตว์ (ยกเว้นสัตว์ปีก) สด แช่เย็น หรือแช่แข็ง,,การผลิตเนื้อสัตว์ (ยกเว้นสัตว์ปีก) สด แช่เย็น หรือแช่แข็ง,0.290882,103.266333,92.860174,108.144015,100.124848,100.316355,100.229937,102.213404,86.380869,88.762818,99.846216,101.771421,116.083611,91.163012,84.192608,107.523867,105.193659,91.069584,84.924607,88.499261,82.680365,80.522822,85.241604,88.25461,97.296435,92.593633,87.754312,102.38785,96.744348,100.616847,100.51655,108.819962,111.839623,108.630866,115.128405,111.929107,121.697128,114.872382,108.668453,114.542986,116.887418,113.135225,114.203904,115.627629,114.81219,113.772226,118.323283,118.807146,123.162785,122.829608,109.151257,122.154328,113.077818,111.856094,113.668485,117.411653,114.421477,118.075724,126.937726,123.338309,127.564269,121.920549,113.520087,126.409799,119.033374,126.961901,125.064644,-1.494351,10.025786,2559 = 100,สำนักงานเศรษฐกิจอุตสาหกรรม (สศอ.) กระทรวงอุตสาหกรรม,Shipment.xlsx
5,4,PRODUCT_ITEM,10,การผลิตผลิตภัณฑ์อาหาร,1011,การผลิตเนื้อสัตว์ (ยกเว้นสัตว์ปีก),10112,การผลิตเนื้อสัตว์ (ยกเว้นสัตว์ปีก) สด แช่เย็น หรือแช่แข็ง,10112-010,เนื้อสุกรแช่แข็งและแช่เย็น,0.290882,103.266333,92.860174,108.144015,100.124848,100.316355,100.229937,102.213404,86.380869,88.762818,99.846216,101.771421,116.083611,91.163012,84.192608,107.523867,105.193659,91.069584,84.924607,88.499261,82.680365,80.522822,85.241604,88.25461,97.296435,92.593633,87.754312,102.38785,96.744348,100.616847,100.51655,108.819962,111.839623,108.630866,115.128405,111.929107,121.697128,114.872382,108.668453,114.542986,116.887418,113.135225,114.203904,115.627629,114.81219,113.772226,118.323283,118.807146,123.162785,122.829608,109.151257,122.154328,113.077818,111.856094,113.668485,117.411653,114.421477,118.075724,126.937726,123.338309,127.564269,121.920549,113.520087,126.409799,119.033374,126.961901,125.064644,-1.494351,10.025786,2559 = 100,สำนักงานเศรษฐกิจอุตสาหกรรม (สศอ.) กระทรวงอุตสาหกรรม,Shipment.xlsx
6,2,GROUP_4DIGIT,10,การผลิตผลิตภัณฑ์อาหาร,1012,การฆ่าสัตว์ปีกและการผลิตเนื้อสัตว์ปีกสด แช่เย็น หรือแช่แข็ง,,,,การฆ่าสัตว์ปีกและการผลิตเนื้อสัตว์ปีกสด แช่เย็น หรือแช่แข็ง,1.198092,102.154402,100.455606,113.657972,98.621051,104.042394,100.735362,93.441059,82.505807,94.254339,95.77651,108.023822,106.331676,106.667834,103.927697,108.093138,93.341523,103.386525,107.696894,103.143965,110.198011,105.766061,108.846285,109.413876,107.344792,101.939073,105.281638,110.970049,94.196348,108.713251,102.608157,102.810327,108.849925,106.362394,106.509444,110.919957,106.708581,107.239932,104.156392,106.792669,93.257339,104.625127,98.420749,105.837745,110.890388,103.508121,110.554853,116.876408,107.067424,106.254631,103.089118,104.178913,96.200807,111.244724,101.380872,104.575222,105.879952,104.903419,107.054954,109.937559,108.928364,103.044514,101.259723,100.15528,93.955292,106.077675,107.15307,1.013781,5.693578,2559 = 100,สำนักงานเศรษฐกิจอุตสาหกรรม (สศอ.) กระทรวงอุตสาหกรรม,Shipment.xlsx
7,3,CLASS_5DIGIT,10,การผลิตผลิตภัณฑ์อาหาร,1012,การฆ่าสัตว์ปีกและการผลิตเนื้อสัตว์ปีกสด แช่เย็น หรือแช่แข็ง,10120,การฆ่าสัตว์ปีกและการผลิตเนื้อสัตว์ปีกสด แช่เย็น หรือแช่แข็ง,,การฆ่าสัตว์ปีกและการผลิตเนื้อสัตว์ปีกสด แช่เย็น หรือแช่แข็ง,1.198092,102.154402,100.455606,113.657972,98.621051,104.042394,100.735362,93.441059,82.505807,94.254339,95.77651,108.023822,106.331676,106.667834,103.927697,108.093138,93.341523,103.386525,107.696894,103.143965,110.198011,105.766061,108.846285,109.413876,107.344792,101.939073,105.281638,110.970049,94.196348,108.713251,102.608157,102.810327,108.849925,106.362394,106.509444,110.919957,106.708581,107.239932,104.156392,106.792669,93.257339,104.625127,98.420749,105.837745,110.890388,103.508121,110.554853,116.876408,107.067424,106.254631,103.089118,104.178913,96.200807,111.244724,101.380872,104.575222,105.879952,104.903419,107.054954,109.937559,108.928364,103.044514,101.259723,100.15528,93.955292,106.077675,107.15307,1.013781,5.693578,2559 = 100,สำนักงานเศรษฐกิจอุตสาหกรรม (สศอ.) กระทรวงอุตสาหกรรม,Shipment.xlsx
8,4,PRODUCT_ITEM,10,การผลิตผลิตภัณฑ์อาหาร,1012,การฆ่าสัตว์ปีกและการผลิตเนื้อสัตว์ปีกสด แช่เย็น หรือแช่แข็ง,10120,การฆ่าสัตว์ปีกและการผลิตเนื้อสัตว์ปีกสด แช่เย็น หรือแช่แข็ง,10120-010,เนื้อไก่แช่แข็งและแข่เย็น,1.198092,102.154402,100.455606,113.657972,98.621051,104.042394,100.735362,93.441059,82.505807,94.254339,95.77651,108.023822,106.331676,106.667834,103.927697,108.093138,93.341523,103.386525,107.696894,103.143965,110.198011,105.766061,108.846285,109.413876,107.344792,101.939073,105.281638,110.970049,94.196348,108.713251,102.608157,102.810327,108.849925,106.362394,106.509444,110.919957,106.708581,107.239932,104.156392,106.792669,93.257339,104.625127,98.420749,105.837745,110.890388,103.508121,110.554853,116.876408,107.067424,106.254631,103.089118,104.178913,96.200807,111.244724,101.380872,104.575222,105.879952,104.903419,107.054954,109.937559,108.928364,103.044514,101.259723,100.15528,93.955292,106.077675,107.15307,1.013781,5.693578,2559 = 100,สำนักงานเศรษฐกิจอุตสาหกรรม (สศอ.) กระทรวงอุตสาหกรรม,Shipment.xlsx
9,2,GROUP_4DIGIT,10,การผลิตผลิตภัณฑ์อาหาร,1013,การผลิตผลิตภัณฑ์เนื้อสัตว์และเนื้อสัตว์ปีก,,,,การผลิตผลิตภัณฑ์เนื้อสัตว์และเนื้อสัตว์ปีก,0.418483,112.664776,95.593893,108.758812,102.236811,98.537497,95.557134,98.268536,80.947406,81.473504,93.327141,108.824879,123.809611,107.824825,100.856024,104.724502,102.297433,106.656842,103.790727,107.266784,107.640864,106.179831,106.390574,106.637275,116.123166,100.847304,96.673181,106.986661,102.948958,104.646449,99.504244,106.599543,105.220727,103.872863,109.251438,113.949646,118.194451,105.980114,103.830425,108.537467,109.572375,110.293094,105.514274,114.886761,115.102799,111.467464,116.621787,123.201624,125.910038,116.521176,107.356159,120.058539,117.332036,117.750119,117.323133,117.778573,120.346914,120.076283,121.881314,126.816401,127.24949,123.599376,113.521009,120.026712,113.149625,108.435282,112.71796,3.949524,-3.925204,2559 = 100,สำนักงานเศรษฐกิจอุตสาหกรรม (สศอ.) กระทรวงอุตสาหกรรม,Shipment.xlsx
10,3,CLASS_5DIGIT,10,การผลิตผลิตภัณฑ์อาหาร,1013,การผลิตผลิตภัณฑ์เนื้อสัตว์และเนื้อสัตว์ปีก,10131,การผลิตเนื้อสัตว์และเนื้อสัตว์ปีกที่ทำให้แห้ง  ทำเค็ม  หรือรมควัน,,การผลิตเนื้อสัตว์และเนื้อสัตว์ปีกที่ทำให้แห้ง  ทำเค็ม  หรือรมควัน,0.07762,87.257042,88.512007,104.731581,105.588095,87.024962,91.138241,92.772743,90.589219,98.654684,107.829,110.902199,135.000228,92.059524,90.795243,99.661606,95.178299,95.050165,86.366112,88.048181,83.409851,81.613512,90.629668,94.547163,117.498093,87.098971,87.485806,101.544047,88.117197,89.545626,81.101844,102.414247,105.315726,92.951754,102.432001,116.644797,132.458698,102.540812,112.431599,112.215211,115.228559,103.409324,91.87899,102.555971,108.936881,92.52407,106.035945,111.342982,140.060126,115.569866,106.229311,129.018448,118.100954,119.381697,102.528034,112.327721,117.415926,103.479365,108.131337,120.466255,143.430382,125.434104,114.371149,129.520999,108.381267,97.016701,99.917213,2.989704,-2.546445,2559 = 100,สำนักงานเศรษฐกิจอุตสาหกรรม (สศอ.) กระทรวงอุตสาหกรรม,Shipment.xlsx
11,4,PRODUCT_ITEM,10,การผลิตผลิตภัณฑ์อาหาร,1013,การผลิตผลิตภัณฑ์เนื้อสัตว์และเนื้อสัตว์ปีก,10131,การผลิตเนื้อสัตว์และเนื้อสัตว์ปีกที่ทำให้แห้ง  ทำเค็ม  หรือรมควัน,10131-010,แฮม,0.036246,89.306458,98.83141,117.305554,110.37429,82.998012,87.294067,86.552222,86.319704,103.329535,105.638111,109.530027,122.520611,93.835032,99.385026,105.394797,97.098594,98.266723,89.365418,84.102474,85.467136,79.543452,87.402022,89.149508,111.913341,82.5828,85.157111,96.641862,83.011852,86.125938,78.494351,118.697897,123.110211,112.73546,120.843156,129.244269,130.024867,123.525422,123.733028,133.745162,134.19359,126.852651,111.271147,123.348266,131.190227,113.154546,126.332252,133.587381,159.914559,143.43343,127.973722,158.505608,145.091508,139.681302,123.58632,137.869596,140.576775,127.915592,131.783702,147.737789,155.514147,146.79,136.96831,148.631878,122.42096,117.396901,122.617493,4.44696,-0.783927,2559 = 100,สำนักงานเศรษฐกิจอุตสาหกรรม (สศอ.) กระทรวงอุตสาหกรรม,Shipment.xlsx
12,4,PRODUCT_ITEM,10,การผลิตผลิตภัณฑ์อาหาร,1013,การผลิตผลิตภัณฑ์เนื้อสัตว์และเนื้อสัตว์ปีก,10131,การผลิตเนื้อสัตว์และเนื้อสัตว์ปีกที่ทำให้แห้ง  ทำเค็ม  หรือรมควัน,10131-020,เบคอน,0.041374,85.461604,79.471463,93.715869,101.395042,90.552862,94.506017,98.222369,94.329623,94.559177,109.748377,112.104322,145.933276,90.504051,83.269971,94.638916,93.495981,92.232228,83.738502,91.504905,81.60752,83.427034,93.457319,99.275899,122.390741,91.055463,89.525911,105.838716,92.589848,92.541521,83.386198,88.14859,89.726469,75.619795,86.302495,105.606746,134.590911,84.156773,102.530728,93.353416,98.613818,82.871273,74.890056,84.340416,89.441339,74.450279,88.254909,91.855277,122.666205,91.159367,87.179632,103.18556,94.455273,101.597774,84.07945,89.95119,97.125344,82.07146,87.410152,96.574416,132.844129,106.724793,94.5744,112.778485,96.081479,79.16217,80.030124,1.096426,-4.816071,2559 = 100,สำนักงานเศรษฐกิจอุตสาหกรรม (สศอ.) กระทรวงอุตสาหกรรม,Shipment.xlsx
13,3,CLASS_5DIGIT,10,การผลิตผลิตภัณฑ์อาหาร,1013,การผลิตผลิตภัณฑ์เนื้อสัตว์และเนื้อสัตว์ปีก,10132,การผลิตไส้กรอก  ลูกชิ้น  และผลิตภัณฑ์อื่นที่คล้ายกัน  ที่ทำจากเนื้อสัตว์และเนื้อสัตว์ปีก,,การผลิตไส้กรอก  ลูกชิ้น  และผลิตภัณฑ์อื่นที่คล้ายกัน  ที่ทำจากเนื้อสัตว์และเนื้อสัตว์ปีก,0.192391,137.649798,98.99178,102.536842,95.616471,86.311985,85.747289,88.523098,93.357066,87.358979,89.146744,110.286796,124.473151,111.019454,94.239981,95.987679,100.825174,100.981077,98.644913,101.267091,103.320106,98.714841,105.123722,109.86333,120.756015,105.757203,98.227197,106.243202,108.66035,113.599656,103.554915,106.877018,104.98694,104.280463,108.974086,117.962521,124.352547,108.990265,102.777757,105.852212,112.172191,111.578825,104.371142,116.666805,120.321821,111.286941,116.540848,129.722409,135.503204,122.655085,107.464522,111.270288,121.508943,115.786247,111.17512,112.161275,118.12177,122.512573,125.218251,125.698054,134.730333,129.716714,117.61587,117.347226,115.59805,104.642003,103.018477,-1.551505,-7.336752,2559 = 100,สำนักงานเศรษฐกิจอุตสาหกรรม (สศอ.) กระทรวงอุตสาหกรรม,Shipment.xlsx
14,4,PRODUCT_ITEM,10,การผลิตผลิตภัณฑ์อาหาร,1013,การผลิตผลิตภัณฑ์เนื้อสัตว์และเนื้อสัตว์ปีก,10132,การผลิตไส้กรอก  ลูกชิ้น  และผลิตภัณฑ์อื่นที่คล้ายกัน  ที่ทำจากเนื้อสัตว์และเนื้อสัตว์ปีก,10132-010,ไส้กรอก,0.192391,137.649798,98.99178,102.536842,95.616471,86.311985,85.747289,88.523098,93.357066,87.358979,89.146744,110.286796,124.473151,111.019454,94.239981,95.987679,100.825174,100.981077,98.644913,101.267091,103.320106,98.714841,105.123722,109.86333,120.756015,105.757203,98.227197,106.243202,108.66035,113.599656,103.554915,106.877018,104.98694,104.280463,108.974086,117.962521,124.352547,108.990265,102.777757,105.852212,112.172191,111.578825,104.371142,116.666805,120.321821,111.286941,116.540848,129.722409,135.503204,122.655085,107.464522,111.270288,121.508943,115.786247,111.17512,112.161275,118.12177,122.512573,125.218251,125.698054,134.730333,129.716714,117.61587,117.347226,115.59805,104.642003,103.018477,-1.551505,-7.336752,2559 = 100,สำนักงานเศรษฐกิจอุตสาหกรรม (สศอ.) กระทรวงอุตสาหกรรม,Shipment.xlsx
15,3,CLASS_5DIGIT,10,การผลิตผลิตภัณฑ์อาหาร,1013,การผลิตผลิตภัณฑ์เนื้อสัตว์และเนื้อสัตว์ปีก,10139,การผลิตผลิตภัณฑ์อื่นๆ จากเนื้อสัตว์และเนื้อสัตว์ปีก,,การผลิตผลิตภัณฑ์อื่นๆ จากเนื้อสัตว์และเนื้อสัตว์ปีก,0.148472,93.572095,94.893268,118.92669,109.063448,120.398074,110.578955,113.769899,59.826214,64.864838,91.162619,105.844507,117.099393,111.92723,114.688854,118.69258,107.927043,120.079443,119.568204,125.088608,125.907579,128.696154,116.271892,108.777589,109.401092,101.672593,99.462593,110.795412,103.30208,100.939475,103.876047,108.428042,105.474004,109.054194,113.176001,107.340731,102.757481,103.877596,100.697827,110.094327,103.246496,112.225838,114.12401,119.026647,111.563476,121.6049,122.260895,120.951597,106.081569,109.070165,107.804852,126.762204,111.517593,119.441933,133.024564,127.907176,124.762575,125.596114,124.745714,131.585386,109.096484,114.713312,107.770417,118.535236,112.469817,119.32021,131.978767,10.608895,-0.786169,2559 = 100,สำนักงานเศรษฐกิจอุตสาหกรรม (สศอ.) กระทรวงอุตสาหกรรม,Shipment.xlsx
16,4,PRODUCT_ITEM,10,การผลิตผลิตภัณฑ์อาหาร,1013,การผลิตผลิตภัณฑ์เนื้อสัตว์และเนื้อสัตว์ปีก,10139,การผลิตผลิตภัณฑ์อื่นๆ จากเนื้อสัตว์และเนื้อสัตว์ปีก,10139-010,เนื้อไก่ปรุงรส,0.148472,93.572095,94.893268,118.92669,109.063448,120.398074,110.578955,113.769899,59.826214,64.864838,91.162619,105.844507,117.099393,111.92723,114.688854,118.69258,107.927043,120.079443,119.568204,125.088608,125.907579,128.696154,116.271892,108.777589,109.401092,101.672593,99.462593,110.795412,103.30208,100.939475,103.876047,108.428042,105.474004,109.054194,113.176001,107.340731,102.757481,103.877596,100.697827,110.094327,103.246496,112.225838,114.12401,119.026647,111.563476,121.6049,122.260895,120.951597,106.081569,109.070165,107.804852,126.762204,111.517593,119.441933,133.024564,127.907176,124.762575,125.596114,124.745714,131.585386,109.096484,114.713312,107.770417,118.535236,112.469817,119.32021,131.978767,10.608895,-0.786169,2559 = 100,สำนักงานเศรษฐกิจอุตสาหกรรม (สศอ.) กระทรวงอุตสาหกรรม,Shipment.xlsx
17,2,GROUP_4DIGIT,10,การผลิตผลิตภัณฑ์อาหาร,1021,การผลิตสัตว์น้ำและผลิตภัณฑ์สัตว์น้ำสด แช่เย็น หรือแช่แข็ง,,,,การผลิตสัตว์น้ำและผลิตภัณฑ์สัตว์น้ำสด แช่เย็น หรือแช่แข็ง,1.155645,81.37713,77.090994,95.603672,95.854168,94.025111,100.964267,102.707964,100.307033,104.311855,119.167309,115.935739,112.654759,98.583003,98.290066,107.991846,97.569348,104.385053,106.070807,100.959137,109.507779,107.466918,119.307286,107.068485,100.090955,79.229628,79.565517,92.069473,90.309832,97.530286,93.876957,98.330616,106.506116,95.422423,105.60087,102.971247,97.589955,92.518408,97.768564,106.896457,100.651991,107.210554,99.099834,104.590585,102.020639,103.366951,112.964139,118.146019,106.965658,89.103872,95.177811,97.181536,95.414138,99.409187,98.458523,93.790869,97.014003,104.000469,105.089546,113.072334,102.232438,96.226054,82.293859,101.042773,96.143656,101.89643,108.264467,6.24952,9.959467,2559 = 100,สำนักงานเศรษฐกิจอุตสาหกรรม (สศอ.) กระทรวงอุตสาหกรรม,Shipment.xlsx
18,3,CLASS_5DIGIT,10,การผลิตผลิตภัณฑ์อาหาร,1021,การผลิตสัตว์น้ำและผลิตภัณฑ์สัตว์น้ำสด แช่เย็น หรือแช่แข็ง,10211,การผลิตปลาและผลิตภัณฑ์จากปลาสด แช่เย็น หรือแช่แข็ง,,การผลิตปลาและผลิตภัณฑ์จากปลาสด แช่เย็น หรือแช่แข็ง,0.438466,92.130762,88.695855,112.285684,105.603283,91.228374,90.086545,88.910679,90.893272,98.298415,107.245169,109.496859,125.125103,103.830167,115.05702,126.364406,106.072045,108.145255,110.735928,106.60266,117.030354,119.981397,118.058582,119.358957,127.447945,108.782249,94.13772,109.870908,96.734227,100.685627,102.241632,101.810037,119.169762,107.680194,112.477474,119.442892,113.91668,120.605775,131.89679,131.623524,123.154843,131.277868,120.941824,133.299978,121.467574,118.933522,126.386763,134.22771,114.876935,105.44945,114.333646,114.850337,117.137079,117.236862,109.449951,111.775085,117.070916,113.034373,106.552456,129.553459,120.990155,124.600502,101.893071,126.10829,120.660901,122.839566,130.957164,6.608293,19.650272,2559 = 100,สำนักงานเศรษฐกิจอุตสาหกรรม (สศอ.) กระทรวงอุตสาหกรรม,Shipment.xlsx
19,4,PRODUCT_ITEM,10,การผลิตผลิตภัณฑ์อาหาร,1021,การผลิตสัตว์น้ำและผลิตภัณฑ์สัตว์น้ำสด แช่เย็น หรือแช่แข็ง,10211,การผลิตปลาและผลิตภัณฑ์จากปลาสด แช่เย็น หรือแช่แข็ง,10211-010,ปลาแช่แข็ง,0.294231,89.607194,88.640802,117.795257,109.430272,97.450031,94.173551,86.398333,88.336623,92.032523,102.480356,107.977555,125.677505,105.645551,124.909203,136.151627,112.155609,117.307502,118.508667,116.848731,124.789529,128.786248,126.513592,127.754632,141.173931,119.129193,103.716295,115.134083,101.755815,105.403831,109.271735,103.065499,123.181696,112.275521,113.753574,121.50715,111.914258,128.675631,148.222237,141.670898,129.292653,144.261056,121.871607,140.012047,126.256618,115.885021,127.734027,137.962163,111.778567,105.483582,117.083325,118.217025,122.931098,124.547034,114.906902,116.333936,123.954967,117.168975,109.8283,139.000285,123.564185,137.721599,107.270485,134.243489,135.147231,136.607181,131.831197,-3.496144,14.728702,2559 = 100,สำนักงานเศรษฐกิจอุตสาหกรรม (สศอ.) กระทรวงอุตสาหกรรม,Shipment.xlsx
20,4,PRODUCT_ITEM,10,การผลิตผลิตภัณฑ์อาหาร,1021,การผลิตสัตว์น้ำและผลิตภัณฑ์สัตว์น้ำสด แช่เย็น หรือแช่แข็ง,10211,การผลิตปลาและผลิตภัณฑ์จากปลาสด แช่เย็น หรือแช่แข็ง,10211-020,เนื้อปลาบด,0.144235,97.278684,88.80816,101.046498,97.796464,78.53658,81.749306,94.035708,96.108678,111.080447,116.965094,112.596144,123.998236,100.126896,94.959176,106.399081,93.661952,89.454839,94.880021,85.701309,101.202118,102.020047,100.810884,102.232301,99.447782,87.675127,74.598021,99.134358,86.4905,91.060782,87.900658,99.248972,110.985664,98.30601,109.87431,115.231933,118.001495,104.14377,98.59389,111.127503,110.634091,104.79297,119.045123,119.607774,111.698221,125.152276,123.638428,126.609657,121.197415,105.379821,108.724471,107.982504,105.31764,102.324564,98.31811,102.47531,103.027878,104.600042,99.869939,110.282517,115.739294,97.834277,90.92348,109.512989,91.109686,94.754484,129.174191,36.325149,31.383924,2559 = 100,สำนักงานเศรษฐกิจอุตสาหกรรม (สศอ.) กระทรวงอุตสาหกรรม,Shipment.xlsx
21,3,CLASS_5DIGIT,10,การผลิตผลิตภัณฑ์อาหาร,1021,การผลิตสัตว์น้ำและผลิตภัณฑ์สัตว์น้ำสด แช่เย็น หรือแช่แข็ง,10212,การผลิตสัตว์น้ำและผลิตภัณฑ์สัตว์น้ำ (ยกเว้นปลา) สด แช่เย็น หรือแช่แข็ง,,การผลิตสัตว์น้ำและผลิตภัณฑ์สัตว์น้ำ (ยกเว้นปลา) สด แช่เย็น หรือแช่แข็ง,0.717178,74.802609,69.996051,85.404677,89.893785,95.734971,107.614654,111.143303,106.062388,107.988332,126.456229,119.87232,105.03068,95.375008,88.039139,96.75929,92.370997,102.086153,103.218661,97.508818,104.908652,99.815856,120.070714,99.554376,83.365526,61.161842,70.656411,81.186088,86.382105,95.601184,88.762989,96.203378,98.763857,87.928307,101.396673,92.900865,87.608176,75.346443,76.903359,91.778902,86.894271,92.496357,85.746149,87.038328,90.131235,93.849911,104.757858,108.314047,102.128887,79.110565,83.466378,86.379241,82.133236,88.50976,91.73862,82.795738,84.751672,98.47735,104.195157,102.996157,90.764406,78.878576,70.311355,85.718298,81.154382,89.092283,94.39068,5.947088,2.890887,2559 = 100,สำนักงานเศรษฐกิจอุตสาหกรรม (สศอ.) กระทรวงอุตสาหกรรม,Shipment.xlsx
22,4,PRODUCT_ITEM,10,การผลิตผลิตภัณฑ์อาหาร,1021,การผลิตสัตว์น้ำและผลิตภัณฑ์สัตว์น้ำสด แช่เย็น หรือแช่แข็ง,10212,การผลิตสัตว์น้ำและผลิตภัณฑ์สัตว์น้ำ (ยกเว้นปลา) สด แช่เย็น หรือแช่แข็ง,10212-010,กุ้งแช่แข็ง,0.625978,73.190972,67.318753,82.038787,89.154914,94.243996,104.805136,113.381047,108.817238,108.330622,130.0628,122.235545,106.42019,93.297581,84.79245,94.12026,89.464407,102.303098,104.748581,98.540409,109.373945,101.483895,124.486279,102.553665,84.213472,60.269107,67.289922,77.685426,83.286208,94.113234,89.279853,97.480208,101.920982,88.385412,103.122595,94.448916,88.342787,72.953081,74.678985,87.473846,85.858498,93.846869,83.470884,84.967017,91.596515,95.987576,106.812157,112.488682,103.740518,78.566503,82.259837,84.869728,82.707573,87.62699,92.163812,84.130605,87.422106,101.591932,105.32423,106.111495,91.718274,77.002022,68.670451,85.219636,81.305093,89.652019,97.034658,8.234771,5.284988,2559 = 100,สำนักงานเศรษฐกิจอุตสาหกรรม (สศอ.) กระทรวงอุตสาหกรรม,Shipment.xlsx
23,4,PRODUCT_ITEM,10,การผลิตผลิตภัณฑ์อาหาร,1021,การผลิตสัตว์น้ำและผลิตภัณฑ์สัตว์น้ำสด แช่เย็น หรือแช่แข็ง,10212,การผลิตสัตว์น้ำและผลิตภัณฑ์สัตว์น้ำ (ยกเว้นปลา) สด แช่เย็น หรือแช่แข็ง,10212-020,ปลาหมึกแช่แข็ง,0.091201,85.864481,88.372351,108.507294,94.965211,105.968652,126.898475,95.783995,87.153791,105.63894,101.701633,103.65174,95.493436,109.633947,110.323594,114.872928,112.321097,100.597099,92.717676,90.428241,74.260003,88.366856,89.763391,78.968012,77.545443,67.289349,93.763137,105.213749,107.631566,105.814099,85.215361,87.439541,77.09415,84.790857,89.550383,82.275432,82.56599,91.773876,92.170904,121.327722,94.003552,83.226788,101.362992,101.255286,80.07392,79.177516,90.657665,79.660406,91.067057,82.844872,91.747774,96.740159,78.191128,94.56887,88.820209,73.633551,66.422482,77.099645,96.445479,81.613261,84.217296,91.758765,81.574108,89.140991,80.119942,85.250393,76.243082,-10.565712,-14.160209,2559 = 100,สำนักงานเศรษฐกิจอุตสาหกรรม (สศอ.) กระทรวงอุตสาหกรรม,Shipment.xlsx
24,2,GROUP_4DIGIT,10,การผลิตผลิตภัณฑ์อาหาร,1022,การผลิตสัตว์น้ำบรรจุกระป๋อง,,,,การผลิตสัตว์น้ำบรรจุกระป๋อง,0.943238,94.741151,96.320895,122.954749,85.573959,96.594537,99.699833,97.127643,99.289937,89.933049,108.907674,104.717194,104.139379,92.0968,112.57176,117.347546,96.837233,116.661264,120.997664,113.388223,113.670613,113.991737,117.191017,108.340276,118.807784,96.595583,96.361214,100.059986,80.444011,93.489277,77.578596,85.919763,83.645871,80.38451,90.183716,91.580789,89.1138,87.858887,100.963558,99.01297,87.706543,94.481686,108.549159,113.931383,112.268797,130.476857,125.886639,119.511191,109.139475,113.581097,97.522065,109.34215,96.571746,112.816755,106.243095,122.397671,118.814113,111.240191,117.818064,118.845713,112.32638,102.951907,77.423625,111.309506,95.339291,111.323431,110.569361,-0.677368,4.072044,2559 = 100,สำนักงานเศรษฐกิจอุตสาหกรรม (สศอ.) กระทรวงอุตสาหกรรม,Shipment.xlsx
25,3,CLASS_5DIGIT,10,การผลิตผลิตภัณฑ์อาหาร,1022,การผลิตสัตว์น้ำบรรจุกระป๋อง,10221,การผลิตปลาบรรจุกระป๋อง,,การผลิตปลาบรรจุกระป๋อง,0.943238,94.741151,96.320895,122.954749,85.573959,96.594537,99.699833,97.127643,99.289937,89.933049,108.907674,104.717194,104.139379,92.0968,112.57176,117.347546,96.837233,116.661264,120.997664,113.388223,113.670613,113.991737,117.191017,108.340276,118.807784,96.595583,96.361214,100.059986,80.444011,93.489277,77.578596,85.919763,83.645871,80.38451,90.183716,91.580789,89.1138,87.858887,100.963558,99.01297,87.706543,94.481686,108.549159,113.931383,112.268797,130.476857,125.886639,119.511191,109.139475,113.581097,97.522065,109.34215,96.571746,112.816755,106.243095,122.397671,118.814113,111.240191,117.818064,118.845713,112.32638,102.951907,77.423625,111.309506,95.339291,111.323431,110.569361,-0.677368,4.072044,2559 = 100,สำนักงานเศรษฐกิจอุตสาหกรรม (สศอ.) กระทรวงอุตสาหกรรม,Shipment.xlsx
26,4,PRODUCT_ITEM,10,การผลิตผลิตภัณฑ์อาหาร,1022,การผลิตสัตว์น้ำบรรจุกระป๋อง,10221,การผลิตปลาบรรจุกระป๋อง,10221-010,ปลาทูน่ากระป๋อง,0.828624,94.291498,96.914344,122.78923,83.030705,94.634244,99.162861,100.402412,99.651017,88.378552,109.067085,106.412694,105.265358,93.971789,117.68944,121.672481,97.15519,119.748974,123.077296,116.066249,117.711534,118.909306,120.997413,113.583261,123.834438,99.127368,99.25693,101.217381,79.690626,92.633698,76.157451,84.248722,80.344555,80.199317,92.707237,93.306071,89.403637,89.722172,101.787702,98.931352,89.297592,96.024281,112.443744,115.329871,114.463607,133.833601,131.313905,124.237541,111.684659,116.77186,100.688037,112.786566,99.947142,116.574091,108.834165,127.692196,123.059611,115.193927,120.798484,119.535716,113.454961,107.202145,78.743848,113.055026,98.973594,117.199815,114.857169,-1.998848,5.534112,2559 = 100,สำนักงานเศรษฐกิจอุตสาหกรรม (สศอ.) กระทรวงอุตสาหกรรม,Shipment.xlsx
27,4,PRODUCT_ITEM,10,การผลิตผลิตภัณฑ์อาหาร,1022,การผลิตสัตว์น้ำบรรจุกระป๋อง,10221,การผลิตปลาบรรจุกระป๋อง,10221-020,ปลาซาร์ดีนกระป๋อง,0.114614,97.991999,92.030448,124.151395,103.960889,110.766836,103.581973,73.452096,96.679436,101.171571,107.755186,92.459267,95.998905,78.541217,75.57254,86.079632,94.53851,94.338097,105.962579,94.026938,84.456024,78.439256,89.671965,70.43514,82.466661,78.291579,75.426096,91.692382,85.890745,99.674848,87.853031,98.000864,107.513344,81.723402,71.939455,79.107542,87.018373,74.387923,95.005256,99.603043,76.203764,83.329205,80.392536,103.820755,96.401013,106.20865,86.649213,85.341165,90.738596,90.512884,74.63308,84.440106,72.168701,85.652397,87.510475,84.119926,88.120498,82.655923,96.27056,113.857214,104.167098,72.224025,67.878832,98.689951,69.064421,68.839019,79.569855,15.588304,-9.073908,2559 = 100,สำนักงานเศรษฐกิจอุตสาหกรรม (สศอ.) กระทรวงอุตสาหกรรม,Shipment.xlsx
28,2,GROUP_4DIGIT,10,การผลิตผลิตภัณฑ์อาหาร,1029,การผลิตผลิตภัณฑ์สัตว์น้ำแปรรูปอื่นๆ,,,,การผลิตผลิตภัณฑ์สัตว์น้ำแปรรูปอื่นๆ,0.047439,91.777876,90.540023,123.604154,97.973846,78.332347,86.980471,89.931892,104.976452,96.618046,102.870364,122.052169,114.342358,105.779898,97.975239,98.314422,91.888954,98.307762,92.157163,84.827291,83.915614,85.10216,87.96369,80.475752,96.132771,96.840716,100.493494,103.920361,98.828824,106.392651,97.422201,87.769645,96.679591,91.218667,103.743933,110.984183,102.184306,107.859438,103.646519,107.358228,92.367318,99.536045,92.347414,100.897282,118.177439,112.857532,106.237983,112.270381,123.646839,109.17557,110.977437,104.118216,98.397903,120.976148,106.394726,104.484357,100.778357,95.423848,108.989732,124.882317,124.990849,106.557672,101.955895,112.762182,112.488269,112.02925,103.770325,-7.372115,-2.466664,2559 = 100,สำนักงานเศรษฐกิจอุตสาหกรรม (สศอ.) กระทรวงอุตสาหกรรม,Shipment.xlsx
29,3,CLASS_5DIGIT,10,การผลิตผลิตภัณฑ์อาหาร,1029,การผลิตผลิตภัณฑ์สัตว์น้ำแปรรูปอื่นๆ,10293,การผลิตน้ำปลาและผลิตภัณฑ์สัตว์น้ำที่ได้จากการหมัก,,การผลิตน้ำปลาและผลิตภัณฑ์สัตว์น้ำที่ได้จากการหมัก,0.047439,91.777876,90.540023,123.604154,97.973846,78.332347,86.980471,89.931892,104.976452,96.618046,102.870364,122.052169,114.342358,105.779898,97.975239,98.314422,91.888954,98.307762,92.157163,84.827291,83.915614,85.10216,87.96369,80.475752,96.132771,96.840716,100.493494,103.920361,98.828824,106.392651,97.422201,87.769645,96.679591,91.218667,103.743933,110.984183,102.184306,107.859438,103.646519,107.358228,92.367318,99.536045,92.347414,100.897282,118.177439,112.857532,106.237983,112.270381,123.646839,109.17557,110.977437,104.118216,98.397903,120.976148,106.394726,104.484357,100.778357,95.423848,108.989732,124.882317,124.990849,106.557672,101.955895,112.762182,112.488269,112.02925,103.770325,-7.372115,-2.466664,2559 = 100,สำนักงานเศรษฐกิจอุตสาหกรรม (สศอ.) กระทรวงอุตสาหกรรม,Shipment.xlsx
30,4,PRODUCT_ITEM,10,การผลิตผลิตภัณฑ์อาหาร,1029,การผลิตผลิตภัณฑ์สัตว์น้ำแปรรูปอื่นๆ,10293,การผลิตน้ำปลาและผลิตภัณฑ์สัตว์น้ำที่ได้จากการหมัก,10293-010,น้ำปลา,0.047439,91.777876,90.540023,123.604154,97.973846,78.332347,86.980471,89.931892,104.976452,96.618046,102.870364,122.052169,114.342358,105.779898,97.975239,98.314422,91.888954,98.307762,92.157163,84.827291,83.915614,85.10216,87.96369,80.475752,96.132771,96.840716,100.493494,103.920361,98.828824,106.392651,97.422201,87.769645,96.679591,91.218667,103.743933,110.984183,102.184306,107.859438,103.646519,107.358228,92.367318,99.536045,92.347414,100.897282,118.177439,112.857532,106.237983,112.270381,123.646839,109.17557,110.977437,104.118216,98.397903,120.976148,106.394726,104.484357,100.778357,95.423848,108.989732,124.882317,124.990849,106.557672,101.955895,112.762182,112.488269,112.02925,103.770325,-7.372115,-2.466664,2559 = 100,สำนักงานเศรษฐกิจอุตสาหกรรม (สศอ.) กระทรวงอุตสาหกรรม,Shipment.xlsx
31,2,GROUP_4DIGIT,10,การผลิตผลิตภัณฑ์อาหาร,1030,การแปรรูปและการถนอมผลไม้และผัก,,,,การแปรรูปและการถนอมผลไม้และผัก,1.094163,88.971561,90.460593,114.750369,99.207106,101.137326,109.232155,103.117511,98.153064,95.132489,94.442261,105.28695,100.108616,94.565516,105.26273,107.013798,98.456396,105.885225,113.308583,109.87364,101.155364,88.851738,81.542239,82.690205,84.516397,74.432745,85.002187,96.827142,89.621945,104.155634,98.876368,99.641214,99.977748,94.896014,87.190688,93.376778,90.862041,86.001938,94.9415,100.113932,94.849104,98.245517,95.906094,102.769955,100.609157,86.347648,90.287689,98.175603,96.760377,86.15951,91.402714,108.095548,90.347247,107.399732,100.667814,104.083763,92.396454,86.190713,94.529935,93.995795,91.097351,88.017935,91.795273,106.959511,96.988808,109.146874,109.040691,-0.097285,8.317332,2559 = 100,สำนักงานเศรษฐกิจอุตสาหกรรม (สศอ.) กระทรวงอุตสาหกรรม,Shipment.xlsx
32,3,CLASS_5DIGIT,10,การผลิตผลิตภัณฑ์อาหาร,1030,การแปรรูปและการถนอมผลไม้และผัก,10301,การผลิตเนื้อสัตว์และเนื้อสัตว์ปีกที่ทำให้แห้ง  ทำเค็ม  หรือรมควัน,,การผลิตเนื้อสัตว์และเนื้อสัตว์ปีกที่ทำให้แห้ง  ทำเค็ม  หรือรมควัน,0.074681,87.248266,83.376995,111.347212,99.502116,109.109234,122.98542,117.725527,117.318553,91.907144,85.808582,95.167198,78.503754,74.613323,104.49502,113.691116,91.563294,117.436678,150.172266,147.423465,118.673306,114.068187,105.076145,90.728458,70.963297,80.05101,93.989808,107.176432,92.351279,135.325577,128.217569,131.113587,135.988016,131.455656,124.752679,119.734865,84.950537,78.634725,109.407312,108.832367,104.745115,101.074444,123.258427,111.840006,117.258964,107.707036,101.068452,107.861325,89.871438,83.460225,75.815002,109.917622,75.661442,138.145921,124.575343,128.72178,100.660426,93.280788,94.50511,89.110953,88.280894,92.057519,102.884613,102.106154,89.997363,120.352127,127.947504,6.310962,2.706925,2559 = 100,สำนักงานเศรษฐกิจอุตสาหกรรม (สศอ.) กระทรวงอุตสาหกรรม,Shipment.xlsx
33,4,PRODUCT_ITEM,10,การผลิตผลิตภัณฑ์อาหาร,1030,การแปรรูปและการถนอมผลไม้และผัก,10301,การผลิตเนื้อสัตว์และเนื้อสัตว์ปีกที่ทำให้แห้ง  ทำเค็ม  หรือรมควัน,10301-010,ผักผลไม้แช่แข็ง,0.074681,87.248266,83.376995,111.347212,99.502116,109.109234,122.98542,117.725527,117.318553,91.907144,85.808582,95.167198,78.503754,74.613323,104.49502,113.691116,91.563294,117.436678,150.172266,147.423465,118.673306,114.068187,105.076145,90.728458,70.963297,80.05101,93.989808,107.176432,92.351279,135.325577,128.217569,131.113587,135.988016,131.455656,124.752679,119.734865,84.950537,78.634725,109.407312,108.832367,104.745115,101.074444,123.258427,111.840006,117.258964,107.707036,101.068452,107.861325,89.871438,83.460225,75.815002,109.917622,75.661442,138.145921,124.575343,128.72178,100.660426,93.280788,94.50511,89.110953,88.280894,92.057519,102.884613,102.106154,89.997363,120.352127,127.947504,6.310962,2.706925,2559 = 100,สำนักงานเศรษฐกิจอุตสาหกรรม (สศอ.) กระทรวงอุตสาหกรรม,Shipment.xlsx
34,3,CLASS_5DIGIT,10,การผลิตผลิตภัณฑ์อาหาร,1030,การแปรรูปและการถนอมผลไม้และผัก,10302,การผลิตผลไม้และผักบรรจุกระป๋อง,,การผลิตผลไม้และผักบรรจุกระป๋อง,0.303283,113.311239,108.075022,122.179553,98.626897,96.147318,106.598427,96.621182,91.282118,86.878599,84.799444,98.101768,97.378433,95.638972,117.920618,94.339974,84.074661,92.303978,108.110025,105.030222,89.959738,72.608747,75.454065,75.541004,73.435698,58.432135,77.756761,74.679743,68.20779,89.944883,77.890681,80.901839,70.468436,77.625068,58.205143,63.041451,71.996484,69.631579,72.755791,74.544819,72.31034,71.007375,70.051516,78.359121,61.900663,53.774264,61.509074,83.890504,90.523831,78.805918,86.216967,91.750164,73.4019,95.086828,86.390263,98.328381,71.08397,63.985087,85.394511,97.996721,99.582933,94.491444,92.075972,111.357132,98.335271,125.491645,126.368143,0.698451,46.275909,2559 = 100,สำนักงานเศรษฐกิจอุตสาหกรรม (สศอ.) กระทรวงอุตสาหกรรม,Shipment.xlsx
35,4,PRODUCT_ITEM,10,การผลิตผลิตภัณฑ์อาหาร,1030,การแปรรูปและการถนอมผลไม้และผัก,10302,การผลิตผลไม้และผักบรรจุกระป๋อง,10302-010,สับปะรดกระป๋อง,0.16054,126.107791,118.083775,127.556739,95.83582,83.057927,102.680648,106.925063,92.206641,82.347808,76.529798,93.73105,94.936939,102.184247,138.568716,102.624117,94.097428,96.434179,117.592045,102.008985,78.915771,74.552382,79.203008,81.719628,81.788683,69.968055,69.98046,71.415119,63.782592,79.541335,68.758875,71.092674,52.761275,59.243271,46.091048,51.479141,71.075486,62.772266,68.42356,71.57276,68.416683,64.340545,66.095527,72.78119,49.853986,32.107633,40.93234,75.705995,94.195162,83.460024,99.324456,96.640071,72.775239,99.706025,93.314948,109.858453,76.087519,54.703539,98.481873,116.469986,125.150884,114.874971,110.800034,104.110853,92.087819,98.21205,98.791088,0.589579,5.868448,2559 = 100,สำนักงานเศรษฐกิจอุตสาหกรรม (สศอ.) กระทรวงอุตสาหกรรม,Shipment.xlsx
36,4,PRODUCT_ITEM,10,การผลิตผลิตภัณฑ์อาหาร,1030,การแปรรูปและการถนอมผลไม้และผัก,10302,การผลิตผลไม้และผักบรรจุกระป๋อง,10302-020,ผลไม้กระป๋องอื่น ๆ,0.092371,100.983489,97.354086,116.249225,96.727436,107.555703,107.922365,73.368576,85.550285,99.61179,90.665945,103.687165,120.323935,107.191398,108.791972,76.646468,58.922557,79.895989,99.646548,111.184639,103.106396,53.854804,64.117682,66.224337,71.140729,47.605293,64.642591,57.347853,61.740707,83.402247,69.685742,76.439288,67.621531,73.86153,56.727309,70.979782,78.700377,80.750247,77.674363,74.46796,74.82861,77.650072,73.437407,95.715836,73.802636,72.229874,78.8561,91.493326,95.113455,72.628574,66.030761,80.284231,72.270385,93.133954,83.178181,88.00602,58.791416,69.098357,65.12354,72.322577,73.264274,69.205897,66.228677,138.341128,111.56369,194.304996,196.567996,1.164664,136.321586,2559 = 100,สำนักงานเศรษฐกิจอุตสาหกรรม (สศอ.) กระทรวงอุตสาหกรรม,Shipment.xlsx
37,4,PRODUCT_ITEM,10,การผลิตผลิตภัณฑ์อาหาร,1030,การแปรรูปและการถนอมผลไม้และผัก,10302,การผลิตผลไม้และผักบรรจุกระป๋อง,10302-030,ข้าวโพดหวานกระป๋อง,0.042174,90.692695,96.664165,110.465796,115.491842,122.569923,118.899704,109.053202,107.111977,80.095228,94.776474,100.934304,53.244691,42.988158,64.609915,95.29916,100.985712,95.82697,93.546299,103.880864,99.696545,97.841466,76.615992,58.74874,37.633407,25.65822,131.12599,116.750507,94.591193,134.712985,133.467673,131.367767,140.944671,144.137812,96.194383,79.455119,63.933125,63.470433,71.814824,75.043873,70.016438,70.015072,74.487352,62.667195,76.31041,87.794879,94.738745,95.873877,71.396162,67.886159,78.747683,93.366764,70.348331,75.96956,68.025915,78.923802,76.528585,81.601188,73.986028,76.388905,65.215301,70.092655,76.602373,82.810108,95.396838,83.634716,88.391482,5.687549,29.937953,2559 = 100,สำนักงานเศรษฐกิจอุตสาหกรรม (สศอ.) กระทรวงอุตสาหกรรม,Shipment.xlsx
38,4,PRODUCT_ITEM,10,การผลิตผลิตภัณฑ์อาหาร,1030,การแปรรูปและการถนอมผลไม้และผัก,10302,การผลิตผลไม้และผักบรรจุกระป๋อง,10302-040,ผักดองกระป๋อง,0.008199,117.980873,91.577239,143.958142,87.926604,88.001793,105.119174,92.885965,56.32787,67.030767,129.312259,106.186854,113.69246,108.154146,90.684704,126.538236,84.204761,133.103541,92.71082,100.76265,108.00996,116.04631,123.791193,145.903319,119.898186,123.116264,103.246974,117.464724,92.004488,137.085448,63.25585,63.657888,86.741276,137.824067,116.64782,115.57616,55.978464,110.369118,107.011277,131.040715,131.981017,131.816486,86.549323,72.749977,89.571026,95.09961,98.051432,96.852835,65.31779,113.442126,95.408326,116.86631,114.128997,124.979176,81.451968,88.67053,83.596617,97.502996,116.198457,136.678987,72.24002,105.746779,96.243364,96.076179,86.743929,99.679047,70.798608,-28.973431,-13.079316,2559 = 100,สำนักงานเศรษฐกิจอุตสาหกรรม (สศอ.) กระทรวงอุตสาหกรรม,Shipment.xlsx
39,3,CLASS_5DIGIT,10,การผลิตผลิตภัณฑ์อาหาร,1030,การแปรรูปและการถนอมผลไม้และผัก,10303,การผลิตน้ำผลไม้และน้ำผัก,,การผลิตน้ำผลไม้และน้ำผัก,0.391122,75.698064,76.973305,116.718669,102.884177,101.198887,112.319224,106.142537,93.980357,99.645533,106.184262,110.170507,98.084478,96.892631,98.727754,118.891495,111.226544,114.488776,116.084852,113.118926,107.720251,103.226872,95.505807,94.801335,95.585642,88.950461,95.504327,116.806982,115.072004,120.636282,113.720338,111.624868,119.156572,101.127079,104.483509,109.64377,100.174863,95.467742,109.581187,124.505559,117.54237,119.086762,106.82786,117.056041,115.366256,101.162241,104.888365,114.474397,103.514859,89.218374,101.034904,125.137461,107.069083,115.205864,107.731312,104.960712,103.026662,95.313427,103.957591,95.33935,84.93687,86.879692,92.124908,120.624827,104.642719,106.746881,102.24619,-4.216228,-5.091484,2559 = 100,สำนักงานเศรษฐกิจอุตสาหกรรม (สศอ.) กระทรวงอุตสาหกรรม,Shipment.xlsx
40,4,PRODUCT_ITEM,10,การผลิตผลิตภัณฑ์อาหาร,1030,การแปรรูปและการถนอมผลไม้และผัก,10303,การผลิตน้ำผลไม้และน้ำผัก,10303-010,น้ำผัก น้ำผลไม้,0.391122,75.698064,76.973305,116.718669,102.884177,101.198887,112.319224,106.142537,93.980357,99.645533,106.184262,110.170507,98.084478,96.892631,98.727754,118.891495,111.226544,114.488776,116.084852,113.118926,107.720251,103.226872,95.505807,94.801335,95.585642,88.950461,95.504327,116.806982,115.072004,120.636282,113.720338,111.624868,119.156572,101.127079,104.483509,109.64377,100.174863,95.467742,109.581187,124.505559,117.54237,119.086762,106.82786,117.056041,115.366256,101.162241,104.888365,114.474397,103.514859,89.218374,101.034904,125.137461,107.069083,115.205864,107.731312,104.960712,103.026662,95.313427,103.957591,95.33935,84.93687,86.879692,92.124908,120.624827,104.642719,106.746881,102.24619,-4.216228,-5.091484,2559 = 100,สำนักงานเศรษฐกิจอุตสาหกรรม (สศอ.) กระทรวงอุตสาหกรรม,Shipment.xlsx
41,3,CLASS_5DIGIT,10,การผลิตผลิตภัณฑ์อาหาร,1030,การแปรรูปและการถนอมผลไม้และผัก,10304,การถนอมผลไม้และผัก  โดยทำให้แห้ง  ทำเค็ม  แช่ในน้ำมันหรือน้ำส้มสายชู,,การถนอมผลไม้และผัก  โดยทำให้แห้ง  ทำเค็ม  แช่ในน้ำมันหรือน้ำส้มสายชู,0.224168,78.30737,90.480026,104.713135,95.390106,106.948861,105.193922,104.665962,101.922325,102.181848,87.889414,111.103469,111.203561,93.894096,99.754593,101.502487,99.680326,109.485319,113.918226,109.185388,102.84512,80.513576,60.209798,67.789105,85.051082,65.109148,76.750494,91.944039,77.749535,93.952649,96.555081,103.266004,101.227884,100.953494,84.762633,97.474861,103.412914,95.593883,93.608327,93.320618,85.93042,103.469376,105.236456,111.313987,120.693539,95.89556,96.975051,87.88873,99.363554,90.089637,89.833377,105.249896,85.0221,105.874709,103.088234,102.060596,96.99844,92.406045,89.519864,86.987172,89.694467,77.471166,89.250956,86.390112,84.23649,97.113779,100.526814,3.51447,-2.484688,2559 = 100,สำนักงานเศรษฐกิจอุตสาหกรรม (สศอ.) กระทรวงอุตสาหกรรม,Shipment.xlsx
42,4,PRODUCT_ITEM,10,การผลิตผลิตภัณฑ์อาหาร,1030,การแปรรูปและการถนอมผลไม้และผัก,10304,การถนอมผลไม้และผัก  โดยทำให้แห้ง  ทำเค็ม  แช่ในน้ำมันหรือน้ำส้มสายชู,10304-010,ผักผลไม้อบแห้ง,0.224168,78.30737,90.480026,104.713135,95.390106,106.948861,105.193922,104.665962,101.922325,102.181848,87.889414,111.103469,111.203561,93.894096,99.754593,101.502487,99.680326,109.485319,113.918226,109.185388,102.84512,80.513576,60.209798,67.789105,85.051082,65.109148,76.750494,91.944039,77.749535,93.952649,96.555081,103.266004,101.227884,100.953494,84.762633,97.474861,103.412914,95.593883,93.608327,93.320618,85.93042,103.469376,105.236456,111.313987,120.693539,95.89556,96.975051,87.88873,99.363554,90.089637,89.833377,105.249896,85.0221,105.874709,103.088234,102.060596,96.99844,92.406045,89.519864,86.987172,89.694467,77.471166,89.250956,86.390112,84.23649,97.113779,100.526814,3.51447,-2.484688,2559 = 100,สำนักงานเศรษฐกิจอุตสาหกรรม (สศอ.) กระทรวงอุตสาหกรรม,Shipment.xlsx
43,3,CLASS_5DIGIT,10,การผลิตผลิตภัณฑ์อาหาร,1030,การแปรรูปและการถนอมผลไม้และผัก,10306,การแปรรูปและการถนอมมันฝรั่ง,,การแปรรูปและการถนอมมันฝรั่ง,0.02079,105.558511,78.164894,119.734043,106.223404,96.010638,101.382979,91.462766,111.755319,81.648936,88.670213,118.324468,101.06383,115.638298,112.792553,126.781915,109.414894,104.468085,91.808511,83.56383,98.510638,91.117021,79.335106,96.702128,83.643617,94.62766,76.941489,91.143617,81.888298,88.031915,79.095745,68.537234,89.65867,76.988218,74.919947,81.224069,85.019122,85.627128,88.162766,97.082207,90.957739,89.610505,84.848245,91.057819,96.775824,91.810878,94.955053,99.113883,96.864176,115.538165,95.68367,100.170452,113.383218,113.052181,91.720745,97.279601,94.846569,96.70984,105.649468,109.428191,117.541755,118.640957,108.667553,110.329787,110.662234,108.617287,93.965426,-13.489438,2.447299,2559 = 100,สำนักงานเศรษฐกิจอุตสาหกรรม (สศอ.) กระทรวงอุตสาหกรรม,Shipment.xlsx
44,4,PRODUCT_ITEM,10,การผลิตผลิตภัณฑ์อาหาร,1030,การแปรรูปและการถนอมผลไม้และผัก,10306,การแปรรูปและการถนอมมันฝรั่ง,10306-010,มันฝรั่งทอดกรอบ,0.02079,105.558511,78.164894,119.734043,106.223404,96.010638,101.382979,91.462766,111.755319,81.648936,88.670213,118.324468,101.06383,115.638298,112.792553,126.781915,109.414894,104.468085,91.808511,83.56383,98.510638,91.117021,79.335106,96.702128,83.643617,94.62766,76.941489,91.143617,81.888298,88.031915,79.095745,68.537234,89.65867,76.988218,74.919947,81.224069,85.019122,85.627128,88.162766,97.082207,90.957739,89.610505,84.848245,91.057819,96.775824,91.810878,94.955053,99.113883,96.864176,115.538165,95.68367,100.170452,113.383218,113.052181,91.720745,97.279601,94.846569,96.70984,105.649468,109.428191,117.541755,118.640957,108.667553,110.329787,110.662234,108.617287,93.965426,-13.489438,2.447299,2559 = 100,สำนักงานเศรษฐกิจอุตสาหกรรม (สศอ.) กระทรวงอุตสาหกรรม,Shipment.xlsx
45,3,CLASS_5DIGIT,10,การผลิตผลิตภัณฑ์อาหาร,1030,การแปรรูปและการถนอมผลไม้และผัก,10309,การแปรรูปและการถนอมผลไม้และผักด้วยวิธีอื่นๆ,,การแปรรูปและการถนอมผลไม้และผักด้วยวิธีอื่นๆ,0.080119,88.773896,99.363406,106.981629,92.036982,97.365199,104.647214,98.016556,112.59212,91.126831,101.502504,98.42113,109.172532,94.15018,103.422757,101.072032,90.713619,94.822848,88.945739,86.116721,91.116698,79.399047,74.744555,81.19297,83.787683,79.739206,77.961882,88.61789,79.123144,81.171382,90.12892,80.66893,83.669878,83.475181,87.458455,95.915026,88.722883,81.887517,99.461161,89.496706,86.123797,84.598861,91.726569,96.112774,104.376227,89.288234,97.978577,92.193955,86.505469,82.9598,81.820702,95.095024,95.471333,90.042316,93.496482,106.049642,99.963912,98.984685,94.24336,92.450245,88.738527,86.867248,81.527597,84.803215,93.176374,82.351962,86.727838,5.313626,-7.239464,2559 = 100,สำนักงานเศรษฐกิจอุตสาหกรรม (สศอ.) กระทรวงอุตสาหกรรม,Shipment.xlsx
46,4,PRODUCT_ITEM,10,การผลิตผลิตภัณฑ์อาหาร,1030,การแปรรูปและการถนอมผลไม้และผัก,10309,การแปรรูปและการถนอมผลไม้และผักด้วยวิธีอื่นๆ,10309-010,กะทิ,0.080119,88.773896,99.363406,106.981629,92.036982,97.365199,104.647214,98.016556,112.59212,91.126831,101.502504,98.42113,109.172532,94.15018,103.422757,101.072032,90.713619,94.822848,88.945739,86.116721,91.116698,79.399047,74.744555,81.19297,83.787683,79.739206,77.961882,88.61789,79.123144,81.171382,90.12892,80.66893,83.669878,83.475181,87.458455,95.915026,88.722883,81.887517,99.461161,89.496706,86.123797,84.598861,91.726569,96.112774,104.376227,89.288234,97.978577,92.193955,86.505469,82.9598,81.820702,95.095024,95.471333,90.042316,93.496482,106.049642,99.963912,98.984685,94.24336,92.450245,88.738527,86.867248,81.527597,84.803215,93.176374,82.351962,86.727838,5.313626,-7.239464,2559 = 100,สำนักงานเศรษฐกิจอุตสาหกรรม (สศอ.) กระทรวงอุตสาหกรรม,Shipment.xlsx
47,2,GROUP_4DIGIT,10,การผลิตผลิตภัณฑ์อาหาร,1041,การผลิตน้ำมันพืช (ยกเว้นน้ำมันปาล์ม),,,,การผลิตน้ำมันพืช (ยกเว้นน้ำมันปาล์ม),0.197373,100.78043,84.751057,108.74687,89.953224,102.963205,102.350519,88.90126,88.974966,90.084967,103.602058,118.224316,120.667128,118.252244,102.158698,113.249393,95.609761,113.277503,108.090446,99.185387,93.408855,92.560038,94.51006,98.192657,81.441616,81.042126,78.23244,95.738451,84.820628,90.396279,85.354266,84.929416,91.112226,100.443253,131.275868,119.874544,99.966857,111.164458,99.247063,110.469907,104.013584,117.345729,111.799517,120.474118,116.258794,109.281636,130.662439,120.979869,108.55621,114.276559,109.307024,111.279634,90.85306,104.890895,97.768508,99.433751,102.123394,108.617334,106.869882,112.68476,108.439277,103.514431,95.199834,120.777583,104.651067,111.464585,97.987782,-12.090659,0.224279,2559 = 100,สำนักงานเศรษฐกิจอุตสาหกรรม (สศอ.) กระทรวงอุตสาหกรรม,Shipment.xlsx
48,3,CLASS_5DIGIT,10,การผลิตผลิตภัณฑ์อาหาร,1041,การผลิตน้ำมันพืช (ยกเว้นน้ำมันปาล์ม),10411,การผลิตน้ำมันถั่วเหลือง,,การผลิตน้ำมันถั่วเหลือง,0.115993,99.827059,81.251521,110.260062,90.329461,107.601037,103.035073,87.336617,81.821794,88.137823,103.348862,126.030238,121.020454,112.155782,100.98699,110.808718,97.027214,108.714834,103.456057,102.650369,90.327082,80.88147,87.936235,100.198177,76.110719,77.603718,78.644672,94.836598,91.208241,94.486606,86.765714,86.4414,86.577039,102.724609,154.594424,138.974102,106.220219,106.691593,91.90384,113.610585,111.944571,121.514481,113.737108,124.919056,119.551086,116.519911,148.636686,128.974881,106.140355,110.817192,109.033451,103.796917,90.087042,99.503565,96.29599,93.11529,98.861467,105.185198,109.908276,106.520885,106.610323,97.334198,97.491839,129.322335,112.856091,116.662817,106.525627,-8.689307,10.623119,2559 = 100,สำนักงานเศรษฐกิจอุตสาหกรรม (สศอ.) กระทรวงอุตสาหกรรม,Shipment.xlsx
49,4,PRODUCT_ITEM,10,การผลิตผลิตภัณฑ์อาหาร,1041,การผลิตน้ำมันพืช (ยกเว้นน้ำมันปาล์ม),10411,การผลิตน้ำมันถั่วเหลือง,10411-010,น้ำมันถั่วเหลืองบริสุทธิ์,0.115993,99.827059,81.251521,110.260062,90.329461,107.601037,103.035073,87.336617,81.821794,88.137823,103.348862,126.030238,121.020454,112.155782,100.98699,110.808718,97.027214,108.714834,103.456057,102.650369,90.327082,80.88147,87.936235,100.198177,76.110719,77.603718,78.644672,94.836598,91.208241,94.486606,86.765714,86.4414,86.577039,102.724609,154.594424,138.974102,106.220219,106.691593,91.90384,113.610585,111.944571,121.514481,113.737108,124.919056,119.551086,116.519911,148.636686,128.974881,106.140355,110.817192,109.033451,103.796917,90.087042,99.503565,96.29599,93.11529,98.861467,105.185198,109.908276,106.520885,106.610323,97.334198,97.491839,129.322335,112.856091,116.662817,106.525627,-8.689307,10.623119,2559 = 100,สำนักงานเศรษฐกิจอุตสาหกรรม (สศอ.) กระทรวงอุตสาหกรรม,Shipment.xlsx
50,3,CLASS_5DIGIT,10,การผลิตผลิตภัณฑ์อาหาร,1041,การผลิตน้ำมันพืช (ยกเว้นน้ำมันปาล์ม),10412,การผลิตน้ำมันรำข้าว,,การผลิตน้ำมันรำข้าว,0.052925,101.112503,92.426888,105.40377,93.038499,93.552417,112.646075,94.464667,101.415797,81.243833,98.584694,101.125288,124.98557,140.796316,102.101765,117.96381,92.365444,119.917008,123.70431,92.587912,97.668005,108.295732,108.773974,98.960519,105.841576,98.597732,86.924065,102.048766,78.577309,88.240815,89.379392,93.951551,106.153372,112.140996,103.581425,104.53415,103.81942,134.920272,115.770367,107.302631,93.706293,116.145892,122.833712,124.111835,133.409698,114.748025,117.268431,132.43308,121.75328,126.045172,104.291177,133.072817,92.140225,122.261761,117.125026,118.497346,115.969545,124.717962,129.245765,131.044509,127.722689,129.190462,96.089283,123.159315,101.4221,116.807731,91.040489,-22.059535,-22.270678,2559 = 100,สำนักงานเศรษฐกิจอุตสาหกรรม (สศอ.) กระทรวงอุตสาหกรรม,Shipment.xlsx
51,4,PRODUCT_ITEM,10,การผลิตผลิตภัณฑ์อาหาร,1041,การผลิตน้ำมันพืช (ยกเว้นน้ำมันปาล์ม),10412,การผลิตน้ำมันรำข้าว,10412-010,น้ำมันรำข้าวดิบ,0.033885,108.430375,89.102663,103.889346,89.334847,94.809351,113.676236,95.522442,94.435457,82.697765,100.044673,100.774935,127.28191,130.952695,95.907711,119.910098,90.621941,114.561142,122.48738,91.780853,91.901933,110.460332,106.519665,111.266519,97.917714,95.612697,79.934338,92.222332,66.304493,74.532115,72.258966,80.500563,102.817379,113.178168,102.073714,96.019799,95.584242,147.063965,122.10203,99.887062,87.757526,119.096912,118.385276,118.981124,126.646438,108.133379,106.813488,128.640587,104.411882,116.658295,85.486279,124.710802,74.36022,120.62036,118.5611,113.676602,113.875864,122.19681,128.607871,127.661749,128.861453,140.028177,93.887078,101.578751,89.88098,120.545764,77.302221,-35.873134,-34.799677,2559 = 100,สำนักงานเศรษฐกิจอุตสาหกรรม (สศอ.) กระทรวงอุตสาหกรรม,Shipment.xlsx
52,4,PRODUCT_ITEM,10,การผลิตผลิตภัณฑ์อาหาร,1041,การผลิตน้ำมันพืช (ยกเว้นน้ำมันปาล์ม),10412,การผลิตน้ำมันรำข้าว,10412-020,น้ำมันรำข้าวบริสุทธิ์,0.01904,88.089352,98.342798,108.098893,99.629653,91.31553,110.812764,92.582212,113.838263,78.656362,95.986464,101.748789,120.89892,158.314383,113.124929,114.500124,95.468244,129.448502,125.870003,94.024185,107.929515,104.443531,112.785825,77.060315,119.94317,103.910008,99.363239,119.536246,100.41846,112.637315,119.847525,117.88942,112.090228,110.295206,106.264604,119.686599,118.475043,113.308914,104.502309,120.499647,104.292934,110.894149,130.750311,133.242635,145.44584,126.519691,135.874426,139.182337,152.614662,142.750402,137.757059,147.954162,123.782169,125.182858,114.569336,127.076516,119.695537,129.204695,130.380984,137.064593,125.696104,109.903271,100.008405,161.564873,121.961096,110.155391,115.48961,4.84245,0.803247,2559 = 100,สำนักงานเศรษฐกิจอุตสาหกรรม (สศอ.) กระทรวงอุตสาหกรรม,Shipment.xlsx
53,3,CLASS_5DIGIT,10,การผลิตผลิตภัณฑ์อาหาร,1041,การผลิตน้ำมันพืช (ยกเว้นน้ำมันปาล์ม),10414,การผลิตน้ำมันมะพร้าว,,การผลิตน้ำมันมะพร้าว,0.028454,104.049177,84.739735,108.796564,82.680855,101.561317,80.410102,84.931506,94.994688,114.467074,113.966559,118.207968,111.194456,101.172162,107.041043,114.429904,95.866,119.527605,97.940507,97.331817,98.049592,110.898986,94.777125,88.588955,57.788747,62.405125,60.385464,87.677589,70.394256,77.731305,72.113744,61.984565,81.623158,69.385411,87.730083,70.54878,67.309312,85.211955,98.448077,103.558144,90.854701,102.583588,83.377238,95.588206,70.936949,69.607374,82.303686,67.085225,93.857718,106.488867,119.751768,101.247262,91.581579,94.542267,67.767877,89.732373,89.666603,92.661048,52.864534,103.662374,80.027623,80.950367,84.202125,81.514983,77.209322,80.335761,76.105427,-5.265817,12.303099,2559 = 100,สำนักงานเศรษฐกิจอุตสาหกรรม (สศอ.) กระทรวงอุตสาหกรรม,Shipment.xlsx
54,4,PRODUCT_ITEM,10,การผลิตผลิตภัณฑ์อาหาร,1041,การผลิตน้ำมันพืช (ยกเว้นน้ำมันปาล์ม),10414,การผลิตน้ำมันมะพร้าว,10414-010,น้ำมันมะพร้าวบริสุทธิ์,0.028454,104.049177,84.739735,108.796564,82.680855,101.561317,80.410102,84.931506,94.994688,114.467074,113.966559,118.207968,111.194456,101.172162,107.041043,114.429904,95.866,119.527605,97.940507,97.331817,98.049592,110.898986,94.777125,88.588955,57.788747,62.405125,60.385464,87.677589,70.394256,77.731305,72.113744,61.984565,81.623158,69.385411,87.730083,70.54878,67.309312,85.211955,98.448077,103.558144,90.854701,102.583588,83.377238,95.588206,70.936949,69.607374,82.303686,67.085225,93.857718,106.488867,119.751768,101.247262,91.581579,94.542267,67.767877,89.732373,89.666603,92.661048,52.864534,103.662374,80.027623,80.950367,84.202125,81.514983,77.209322,80.335761,76.105427,-5.265817,12.303099,2559 = 100,สำนักงานเศรษฐกิจอุตสาหกรรม (สศอ.) กระทรวงอุตสาหกรรม,Shipment.xlsx
55,2,GROUP_4DIGIT,10,การผลิตผลิตภัณฑ์อาหาร,1042,การผลิตน้ำมันปาล์ม,,,,การผลิตน้ำมันปาล์ม,1.923938,52.973771,75.375956,110.619707,115.477738,129.524417,113.439958,101.826955,98.237856,114.244982,104.602671,91.199514,92.476474,64.405505,82.870317,113.222226,112.05576,117.89215,114.349888,101.289581,118.47476,117.995982,136.30555,121.344495,110.398337,110.677355,132.773645,163.85189,112.427049,106.86042,96.244392,90.255829,98.280421,125.345275,137.547744,105.833786,97.465845,92.433959,83.893145,110.15026,120.516065,152.145276,122.597313,140.997141,128.897849,118.917093,90.000012,67.056618,72.094838,69.939565,68.84687,94.308735,113.854181,185.74329,165.764387,135.720313,112.438054,137.085582,140.665861,115.558902,93.427072,82.672936,119.339224,141.899,111.419345,138.056028,94.886378,-31.26966,-42.758285,2559 = 100,สำนักงานเศรษฐกิจอุตสาหกรรม (สศอ.) กระทรวงอุตสาหกรรม,Shipment.xlsx
56,3,CLASS_5DIGIT,10,การผลิตผลิตภัณฑ์อาหาร,1042,การผลิตน้ำมันปาล์ม,10420,การผลิตน้ำมันปาล์ม,,การผลิตน้ำมันปาล์ม,1.923938,52.973771,75.375956,110.619707,115.477738,129.524417,113.439958,101.826955,98.237856,114.244982,104.602671,91.199514,92.476474,64.405505,82.870317,113.222226,112.05576,117.89215,114.349888,101.289581,118.47476,117.995982,136.30555,121.344495,110.398337,110.677355,132.773645,163.85189,112.427049,106.86042,96.244392,90.255829,98.280421,125.345275,137.547744,105.833786,97.465845,92.433959,83.893145,110.15026,120.516065,152.145276,122.597313,140.997141,128.897849,118.917093,90.000012,67.056618,72.094838,69.939565,68.84687,94.308735,113.854181,185.74329,165.764387,135.720313,112.438054,137.085582,140.665861,115.558902,93.427072,82.672936,119.339224,141.899,111.419345,138.056028,94.886378,-31.26966,-42.758285,2559 = 100,สำนักงานเศรษฐกิจอุตสาหกรรม (สศอ.) กระทรวงอุตสาหกรรม,Shipment.xlsx
57,4,PRODUCT_ITEM,10,การผลิตผลิตภัณฑ์อาหาร,1042,การผลิตน้ำมันปาล์ม,10420,การผลิตน้ำมันปาล์ม,10420-010,น้ำมันปาล์มดิบ,1.337393,44.535893,72.860667,104.105507,119.571533,138.178998,117.022721,99.052063,97.586678,119.728479,104.939919,91.361808,91.055735,62.923821,83.661731,118.043675,119.891364,125.022831,122.142923,103.068,101.7418,113.199891,137.176787,122.27021,108.870605,108.24861,135.479766,178.564438,119.864327,106.079117,87.891181,79.249935,90.389119,127.15602,133.912006,90.880898,90.13248,81.840021,68.943811,106.415317,127.710667,165.359783,125.881668,145.854415,128.252674,115.34476,81.141963,59.078823,57.77185,55.992899,56.355325,84.94235,111.136975,211.09761,182.178567,131.735327,109.848813,145.572147,148.817448,111.278013,79.277067,69.961742,119.414841,139.987304,116.617236,150.265369,90.13262,-40.017703,-50.525124,2559 = 100,สำนักงานเศรษฐกิจอุตสาหกรรม (สศอ.) กระทรวงอุตสาหกรรม,Shipment.xlsx
58,4,PRODUCT_ITEM,10,การผลิตผลิตภัณฑ์อาหาร,1042,การผลิตน้ำมันปาล์ม,10420,การผลิตน้ำมันปาล์ม,10420-020,น้ำมันปาล์มบริสุทธิ์,0.586545,72.213168,81.111123,125.47288,106.143382,109.790914,105.270819,108.154048,99.722621,101.741939,103.833707,90.829466,95.715933,67.783926,81.065798,102.22873,94.189623,101.633326,96.580813,97.234569,156.627959,128.931659,134.319022,119.23375,113.881755,116.215189,126.603358,130.305478,95.469144,108.641886,115.290736,115.350615,116.273556,121.216553,145.837671,139.928203,114.186816,116.589433,117.979459,118.666387,104.11149,122.014579,115.108583,129.921962,130.368927,127.06245,110.197447,85.246967,104.753004,101.739672,97.329123,115.665242,120.049746,127.932336,128.338047,144.806569,118.34184,117.735175,122.079244,125.319855,125.690816,111.656014,119.166808,146.257901,99.567517,110.217235,105.725528,-4.075322,-17.619498,2559 = 100,สำนักงานเศรษฐกิจอุตสาหกรรม (สศอ.) กระทรวงอุตสาหกรรม,Shipment.xlsx
59,2,GROUP_4DIGIT,10,การผลิตผลิตภัณฑ์อาหาร,1050,การผลิตผลิตภัณฑ์นม,,,,การผลิตผลิตภัณฑ์นม,1.400568,94.454946,90.205233,117.14099,99.663047,98.452671,106.210547,95.926415,94.896648,103.233763,94.929898,104.472269,100.413574,101.51724,98.001652,109.568085,94.275226,98.045334,101.335233,101.898523,110.234441,106.688585,93.443861,101.665578,96.022964,98.74558,98.665378,107.283238,93.535311,104.983696,102.608434,104.971566,108.54354,104.151949,93.246461,99.60708,89.631512,107.55882,110.06708,112.990265,100.280036,110.748557,105.889123,103.856816,107.854345,102.356511,98.042081,103.104743,96.288929,108.526506,108.270996,106.296145,97.276763,107.011627,99.475352,102.158078,102.890132,97.881083,95.76079,97.006863,94.549436,102.318743,97.095846,105.626464,96.358987,96.8574,101.900427,5.206652,2.437866,2559 = 100,สำนักงานเศรษฐกิจอุตสาหกรรม (สศอ.) กระทรวงอุตสาหกรรม,Shipment.xlsx
60,3,CLASS_5DIGIT,10,การผลิตผลิตภัณฑ์อาหาร,1050,การผลิตผลิตภัณฑ์นม,10501,การผลิตนมสด  นมพาสเจอไรส์  นมสเตอริไลส์  นมโฮโมจีไนส์  และ/หรือยูเอชที,,การผลิตนมสด  นมพาสเจอไรส์  นมสเตอริไลส์  นมโฮโมจีไนส์  และ/หรือยูเอชที,0.64298,95.880992,86.27108,121.502899,93.516109,93.119724,108.755629,96.923677,103.380335,110.122638,90.649192,100.482301,99.395424,99.486627,92.186923,100.413319,79.810786,89.216724,98.885309,92.614074,102.87544,106.240982,82.33803,95.656447,95.601506,94.066448,99.584585,105.426698,85.444941,93.026013,97.609558,100.415311,105.907004,110.410051,92.254806,97.363408,96.190073,112.124002,114.773627,114.551469,92.685119,102.642514,102.801895,101.277426,106.647085,106.562059,94.350542,103.001894,98.514364,105.77062,111.378533,112.944397,93.171633,103.331963,104.505244,103.501367,107.578904,105.3018,91.258557,98.284682,99.820431,107.602207,103.587756,108.640544,91.832653,92.789637,101.902941,9.821468,-2.490118,2559 = 100,สำนักงานเศรษฐกิจอุตสาหกรรม (สศอ.) กระทรวงอุตสาหกรรม,Shipment.xlsx
61,4,PRODUCT_ITEM,10,การผลิตผลิตภัณฑ์อาหาร,1050,การผลิตผลิตภัณฑ์นม,10501,การผลิตนมสด  นมพาสเจอไรส์  นมสเตอริไลส์  นมโฮโมจีไนส์  และ/หรือยูเอชที,10501-010,นมพร้อมดื่ม,0.64298,95.880992,86.27108,121.502899,93.516109,93.119724,108.755629,96.923677,103.380335,110.122638,90.649192,100.482301,99.395424,99.486627,92.186923,100.413319,79.810786,89.216724,98.885309,92.614074,102.87544,106.240982,82.33803,95.656447,95.601506,94.066448,99.584585,105.426698,85.444941,93.026013,97.609558,100.415311,105.907004,110.410051,92.254806,97.363408,96.190073,112.124002,114.773627,114.551469,92.685119,102.642514,102.801895,101.277426,106.647085,106.562059,94.350542,103.001894,98.514364,105.77062,111.378533,112.944397,93.171633,103.331963,104.505244,103.501367,107.578904,105.3018,91.258557,98.284682,99.820431,107.602207,103.587756,108.640544,91.832653,92.789637,101.902941,9.821468,-2.490118,2559 = 100,สำนักงานเศรษฐกิจอุตสาหกรรม (สศอ.) กระทรวงอุตสาหกรรม,Shipment.xlsx
62,3,CLASS_5DIGIT,10,การผลิตผลิตภัณฑ์อาหาร,1050,การผลิตผลิตภัณฑ์นม,10502,การผลิตนมข้นหรือนมผง,,การผลิตนมข้นหรือนมผง,0.103954,97.433902,95.855114,106.971568,98.832217,91.602742,100.55705,93.080839,96.471551,105.763567,107.479284,104.141129,101.811035,105.692681,104.632989,101.219056,86.15697,91.999859,93.378012,98.646743,100.74204,95.381137,94.948035,93.521558,86.235801,93.694274,95.177734,85.214456,89.098522,102.707146,103.889653,100.201526,99.055673,99.444567,92.548765,91.424645,94.520445,94.552217,96.603375,113.206887,96.338273,106.544441,119.077524,105.585559,93.163393,97.304446,103.899914,95.81961,99.872853,101.751695,104.349546,95.369022,94.151799,103.487599,102.66341,100.534172,101.296615,84.749206,85.710021,87.418142,91.51625,88.115876,87.996149,88.877104,89.498861,83.755983,92.821902,10.824205,-9.586188,2559 = 100,สำนักงานเศรษฐกิจอุตสาหกรรม (สศอ.) กระทรวงอุตสาหกรรม,Shipment.xlsx
63,4,PRODUCT_ITEM,10,การผลิตผลิตภัณฑ์อาหาร,1050,การผลิตผลิตภัณฑ์นม,10502,การผลิตนมข้นหรือนมผง,10502-010,นมข้นหวาน,0.016907,92.983678,83.961607,116.276941,99.944815,90.032496,86.218139,88.967064,102.251874,117.045285,115.684938,104.928845,101.704319,98.404362,96.843786,121.296152,98.984783,86.3551,84.506846,94.735509,114.963937,113.080068,117.696213,98.730406,86.824619,93.464056,104.741211,85.297487,102.695768,104.530557,102.812605,109.540067,97.143334,99.100462,101.85735,96.024624,96.582169,91.541531,107.877566,103.673318,102.676367,111.968162,113.64297,106.776374,110.295526,103.290376,111.52007,112.598387,106.469731,99.611678,102.538682,107.966026,90.033944,102.752087,100.243929,87.464255,87.708497,78.526156,83.879518,80.60678,93.554109,94.215027,86.818683,96.016516,89.796071,93.763315,90.882206,-3.072747,-9.338943,2559 = 100,สำนักงานเศรษฐกิจอุตสาหกรรม (สศอ.) กระทรวงอุตสาหกรรม,Shipment.xlsx
64,4,PRODUCT_ITEM,10,การผลิตผลิตภัณฑ์อาหาร,1050,การผลิตผลิตภัณฑ์นม,10502,การผลิตนมข้นหรือนมผง,10502-020,นมผง,0.065407,98.62234,104.37885,104.67081,91.46162,85.323927,105.488297,92.48745,97.574788,100.91107,113.903976,104.150187,101.026686,108.780901,100.965258,95.460767,78.921135,90.791748,94.687191,99.603324,96.25116,86.585193,84.661062,94.229631,78.069547,92.731995,89.867988,79.807057,84.409276,99.823812,102.749014,92.096224,98.318935,95.876517,88.480362,84.260517,95.380186,90.520576,89.708671,115.949562,88.695711,103.772275,125.903985,105.952162,84.549417,91.414907,101.33663,88.140988,91.688414,97.600247,97.41316,90.323445,97.174477,105.698041,98.298405,101.549901,107.255003,81.948406,85.720525,87.865611,87.431643,81.230886,79.013628,83.273436,84.522089,70.263947,91.162653,29.743143,-7.259275,2559 = 100,สำนักงานเศรษฐกิจอุตสาหกรรม (สศอ.) กระทรวงอุตสาหกรรม,Shipment.xlsx
65,4,PRODUCT_ITEM,10,การผลิตผลิตภัณฑ์อาหาร,1050,การผลิตผลิตภัณฑ์นม,10502,การผลิตนมข้นหรือนมผง,10502-030,นมระเหยน้ำ,0.02164,97.318736,79.384338,106.655475,120.240576,111.807254,96.855117,98.088381,88.62095,111.616015,81.649731,103.49832,104.265106,102.052782,121.804273,102.93758,98.005113,100.061529,96.351917,98.81126,103.20439,108.138982,108.267623,87.311821,110.45825,96.782624,103.754649,101.493434,92.648461,109.997417,108.178711,117.403741,102.776541,110.497832,97.572866,109.484321,90.311088,109.090043,108.634267,112.365576,114.486056,110.685845,102.690487,103.547138,105.81407,110.428857,105.693932,105.919255,119.456272,115.971396,126.729557,100.777445,88.232975,97.381188,117.746929,107.675437,93.903568,98.076579,87.108415,91.387271,102.269822,104.160581,116.065732,100.236275,104.308939,116.717071,99.35243,-14.877551,-15.622062,2559 = 100,สำนักงานเศรษฐกิจอุตสาหกรรม (สศอ.) กระทรวงอุตสาหกรรม,Shipment.xlsx
66,3,CLASS_5DIGIT,10,การผลิตผลิตภัณฑ์อาหาร,1050,การผลิตผลิตภัณฑ์นม,10503,การผลิตไอศกรีมและไอศกรีมหวานเย็น,,การผลิตไอศกรีมและไอศกรีมหวานเย็น,0.348406,95.36962,92.854023,114.433387,105.198831,107.807981,102.027486,91.594199,84.179969,98.363629,95.801174,110.623961,101.745741,107.372541,114.295348,125.35597,116.428399,108.225108,103.641592,115.791922,125.802134,111.682268,105.428449,105.931429,92.016228,113.380526,106.857247,122.696188,110.511625,127.477914,115.038656,121.308196,120.191719,105.551546,96.6857,106.83348,74.190836,104.501365,110.769198,116.990285,109.143941,126.253377,110.229165,108.377271,112.164189,100.228676,95.17888,101.683118,85.30745,115.691112,110.392127,92.395338,104.355693,119.463,93.350657,103.247099,96.439646,88.083131,97.615382,99.674055,82.793221,95.761773,88.349728,107.363959,102.242626,103.285948,104.478165,1.154288,11.920116,2559 = 100,สำนักงานเศรษฐกิจอุตสาหกรรม (สศอ.) กระทรวงอุตสาหกรรม,Shipment.xlsx
67,4,PRODUCT_ITEM,10,การผลิตผลิตภัณฑ์อาหาร,1050,การผลิตผลิตภัณฑ์นม,10503,การผลิตไอศกรีมและไอศกรีมหวานเย็น,10503-010,ไอศกรีม,0.348406,95.36962,92.854023,114.433387,105.198831,107.807981,102.027486,91.594199,84.179969,98.363629,95.801174,110.623961,101.745741,107.372541,114.295348,125.35597,116.428399,108.225108,103.641592,115.791922,125.802134,111.682268,105.428449,105.931429,92.016228,113.380526,106.857247,122.696188,110.511625,127.477914,115.038656,121.308196,120.191719,105.551546,96.6857,106.83348,74.190836,104.501365,110.769198,116.990285,109.143941,126.253377,110.229165,108.377271,112.164189,100.228676,95.17888,101.683118,85.30745,115.691112,110.392127,92.395338,104.355693,119.463,93.350657,103.247099,96.439646,88.083131,97.615382,99.674055,82.793221,95.761773,88.349728,107.363959,102.242626,103.285948,104.478165,1.154288,11.920116,2559 = 100,สำนักงานเศรษฐกิจอุตสาหกรรม (สศอ.) กระทรวงอุตสาหกรรม,Shipment.xlsx
68,3,CLASS_5DIGIT,10,การผลิตผลิตภัณฑ์อาหาร,1050,การผลิตผลิตภัณฑ์นม,10504,การผลิตโยเกิร์ตและนมเปรี้ยว,,การผลิตโยเกิร์ตและนมเปรี้ยว,0.305227,89.392259,93.545037,114.506483,106.576004,101.341029,107.549454,99.739833,88.721578,93.419419,98.678881,105.968219,100.561803,97.689165,89.393567,113.675347,102.22329,107.082445,106.573576,106.705442,111.199565,105.782452,102.646693,112.228534,104.817634,93.617551,88.566106,101.116976,92.711384,105.272276,98.513859,97.546485,104.032948,90.974523,91.647295,98.871597,91.775421,105.861733,103.936462,105.06184,107.503836,111.55806,102.946865,103.541745,110.481398,97.64674,107.091719,107.425293,102.915274,108.461157,100.639147,111.880019,98.908416,101.750473,94.784914,98.638349,100.918669,97.905341,106.551139,94.536268,97.898104,103.510543,96.502787,102.998307,101.514428,102.550492,102.044688,-0.493224,7.659208,2559 = 100,สำนักงานเศรษฐกิจอุตสาหกรรม (สศอ.) กระทรวงอุตสาหกรรม,Shipment.xlsx
69,4,PRODUCT_ITEM,10,การผลิตผลิตภัณฑ์อาหาร,1050,การผลิตผลิตภัณฑ์นม,10504,การผลิตโยเกิร์ตและนมเปรี้ยว,10504-010,นมเปรี้ยว,0.267053,88.074491,93.722409,115.288847,106.732671,100.343468,107.704375,99.402012,90.792242,93.146059,98.064595,106.63453,100.094302,97.555518,88.864707,114.320901,101.31962,107.570858,107.540057,107.402726,112.183818,106.623677,103.08285,114.336545,105.287301,93.096511,87.521489,99.954384,91.398921,105.078038,98.576707,96.614155,103.709403,89.929355,90.517452,98.77214,89.75888,105.624495,103.826751,104.142876,107.111176,112.230937,103.366924,102.466613,110.148483,97.710137,106.027781,106.795524,100.583155,108.044115,98.579007,109.523001,95.915305,102.06228,93.772681,97.031784,99.247796,96.493546,105.328613,92.709938,95.494174,101.263408,93.376112,99.785723,100.16201,101.529749,101.572798,0.042401,8.318112,2559 = 100,สำนักงานเศรษฐกิจอุตสาหกรรม (สศอ.) กระทรวงอุตสาหกรรม,Shipment.xlsx
70,4,PRODUCT_ITEM,10,การผลิตผลิตภัณฑ์อาหาร,1050,การผลิตผลิตภัณฑ์นม,10504,การผลิตโยเกิร์ตและนมเปรี้ยว,10504-020,โยเกิร์ต,0.038174,98.61093,92.304206,109.033317,105.480012,108.319644,106.465678,102.103123,74.235889,95.331761,102.976226,101.306927,103.832286,98.624119,93.093293,109.15926,108.54507,103.665666,99.812389,101.827467,104.314048,99.897518,99.595484,97.481574,101.532,97.262579,95.873902,109.250087,101.892948,106.631105,98.074189,104.068763,106.296363,98.286177,99.551308,99.567365,105.882487,107.521369,104.70397,111.490618,110.25076,106.850832,100.008263,111.063019,112.810361,97.203236,114.534686,111.83095,119.23002,111.378645,115.051215,128.368946,119.847244,99.569169,101.866164,109.877353,112.607548,107.781799,115.103535,107.312675,114.715214,119.230767,118.375981,125.472497,110.975505,109.691278,105.345874,-3.961486,3.415963,2559 = 100,สำนักงานเศรษฐกิจอุตสาหกรรม (สศอ.) กระทรวงอุตสาหกรรม,Shipment.xlsx
71,2,GROUP_4DIGIT,10,การผลิตผลิตภัณฑ์อาหาร,1061,การผลิตผลิตภัณฑ์ที่ได้จากการโม่-สีธัญพืช,,,,การผลิตผลิตภัณฑ์ที่ได้จากการโม่-สีธัญพืช,0.118994,76.539653,88.337413,126.488386,99.683549,92.18394,106.12149,97.809109,106.454258,100.011416,100.124036,104.939609,101.30714,85.27379,84.055147,108.143798,92.187182,100.271292,92.697139,95.907913,93.4207,101.833495,81.881399,97.754073,111.422595,71.155526,63.123666,81.524123,76.916783,99.990031,85.714068,94.831071,85.29638,83.200528,90.620824,92.520022,75.291254,83.318414,71.400724,91.779382,81.214157,88.839685,72.113576,72.19828,96.091052,88.542266,89.573484,88.666644,75.493062,73.03625,74.62148,82.240976,69.06967,87.763937,73.332227,67.0846,72.459912,72.841404,77.924132,67.97182,75.498319,70.497731,63.638368,75.838969,70.058766,67.376435,71.237358,5.730375,-2.856683,2559 = 100,สำนักงานเศรษฐกิจอุตสาหกรรม (สศอ.) กระทรวงอุตสาหกรรม,Shipment.xlsx
72,3,CLASS_5DIGIT,10,การผลิตผลิตภัณฑ์อาหาร,1061,การผลิตผลิตภัณฑ์ที่ได้จากการโม่-สีธัญพืช,10617,การผลิตน้ำธัญพืช,,การผลิตน้ำธัญพืช,0.118994,76.539653,88.337413,126.488386,99.683549,92.18394,106.12149,97.809109,106.454258,100.011416,100.124036,104.939609,101.30714,85.27379,84.055147,108.143798,92.187182,100.271292,92.697139,95.907913,93.4207,101.833495,81.881399,97.754073,111.422595,71.155526,63.123666,81.524123,76.916783,99.990031,85.714068,94.831071,85.29638,83.200528,90.620824,92.520022,75.291254,83.318414,71.400724,91.779382,81.214157,88.839685,72.113576,72.19828,96.091052,88.542266,89.573484,88.666644,75.493062,73.03625,74.62148,82.240976,69.06967,87.763937,73.332227,67.0846,72.459912,72.841404,77.924132,67.97182,75.498319,70.497731,63.638368,75.838969,70.058766,67.376435,71.237358,5.730375,-2.856683,2559 = 100,สำนักงานเศรษฐกิจอุตสาหกรรม (สศอ.) กระทรวงอุตสาหกรรม,Shipment.xlsx
73,4,PRODUCT_ITEM,10,การผลิตผลิตภัณฑ์อาหาร,1061,การผลิตผลิตภัณฑ์ที่ได้จากการโม่-สีธัญพืช,10617,การผลิตน้ำธัญพืช,10617-010,นมถั่วเหลือง,0.118994,76.539653,88.337413,126.488386,99.683549,92.18394,106.12149,97.809109,106.454258,100.011416,100.124036,104.939609,101.30714,85.27379,84.055147,108.143798,92.187182,100.271292,92.697139,95.907913,93.4207,101.833495,81.881399,97.754073,111.422595,71.155526,63.123666,81.524123,76.916783,99.990031,85.714068,94.831071,85.29638,83.200528,90.620824,92.520022,75.291254,83.318414,71.400724,91.779382,81.214157,88.839685,72.113576,72.19828,96.091052,88.542266,89.573484,88.666644,75.493062,73.03625,74.62148,82.240976,69.06967,87.763937,73.332227,67.0846,72.459912,72.841404,77.924132,67.97182,75.498319,70.497731,63.638368,75.838969,70.058766,67.376435,71.237358,5.730375,-2.856683,2559 = 100,สำนักงานเศรษฐกิจอุตสาหกรรม (สศอ.) กระทรวงอุตสาหกรรม,Shipment.xlsx
74,2,GROUP_4DIGIT,10,การผลิตผลิตภัณฑ์อาหาร,1062,การผลิตสตาร์ช และผลิตภัณฑ์จากสตาร์ช,,,,การผลิตสตาร์ช และผลิตภัณฑ์จากสตาร์ช,0.73285,92.273878,107.249652,121.047118,87.428022,93.154903,91.730859,88.58026,97.712381,101.702342,103.840401,96.934556,118.345628,110.048076,108.316194,126.344452,98.329498,113.328621,100.518723,87.805942,104.416543,102.585616,109.638736,108.171488,91.544952,81.046244,88.456198,98.367934,76.259171,76.389167,75.681965,81.184371,86.811109,101.701265,112.931733,105.816165,80.787377,81.795036,104.91128,111.617974,86.469345,91.597647,91.312114,88.604939,94.860039,81.505023,85.516944,99.950583,98.965805,93.219825,104.50144,110.979086,94.589255,106.332365,88.401444,82.392589,72.029868,70.699045,76.665875,74.326171,86.051795,82.083477,77.439863,102.727654,83.248825,75.555174,65.703422,-13.03915,-25.676077,2559 = 100,สำนักงานเศรษฐกิจอุตสาหกรรม (สศอ.) กระทรวงอุตสาหกรรม,Shipment.xlsx
75,3,CLASS_5DIGIT,10,การผลิตผลิตภัณฑ์อาหาร,1062,การผลิตสตาร์ช และผลิตภัณฑ์จากสตาร์ช,10622,การผลิตสตาร์ชจากมันสำปะหลัง,,การผลิตสตาร์ชจากมันสำปะหลัง,0.686376,92.25788,108.276258,121.309773,87.086574,93.133851,91.297649,88.302604,97.301523,101.514104,104.01221,96.301453,119.206122,110.483082,108.705482,126.995374,97.562013,112.613412,99.344577,85.937352,102.821984,100.983706,109.233486,107.510102,90.124328,78.046311,87.00606,96.997529,75.152685,74.433807,73.995991,80.391678,85.207264,98.587068,112.897401,105.32289,79.801909,78.705541,103.962011,109.724809,84.675346,88.775199,89.649373,86.750219,93.425177,79.550937,83.622254,99.450295,98.984685,91.934628,103.505928,109.751283,93.447307,105.43534,87.520835,80.350543,69.256311,67.934901,74.066394,71.279985,85.204223,79.772415,75.353102,101.035648,81.844217,72.223182,62.311944,-13.72307,-28.803303,2559 = 100,สำนักงานเศรษฐกิจอุตสาหกรรม (สศอ.) กระทรวงอุตสาหกรรม,Shipment.xlsx
76,4,PRODUCT_ITEM,10,การผลิตผลิตภัณฑ์อาหาร,1062,การผลิตสตาร์ช และผลิตภัณฑ์จากสตาร์ช,10622,การผลิตสตาร์ชจากมันสำปะหลัง,10622-010,แป้งมันสำปะหลัง,0.686376,92.25788,108.276258,121.309773,87.086574,93.133851,91.297649,88.302604,97.301523,101.514104,104.01221,96.301453,119.206122,110.483082,108.705482,126.995374,97.562013,112.613412,99.344577,85.937352,102.821984,100.983706,109.233486,107.510102,90.124328,78.046311,87.00606,96.997529,75.152685,74.433807,73.995991,80.391678,85.207264,98.587068,112.897401,105.32289,79.801909,78.705541,103.962011,109.724809,84.675346,88.775199,89.649373,86.750219,93.425177,79.550937,83.622254,99.450295,98.984685,91.934628,103.505928,109.751283,93.447307,105.43534,87.520835,80.350543,69.256311,67.934901,74.066394,71.279985,85.204223,79.772415,75.353102,101.035648,81.844217,72.223182,62.311944,-13.72307,-28.803303,2559 = 100,สำนักงานเศรษฐกิจอุตสาหกรรม (สศอ.) กระทรวงอุตสาหกรรม,Shipment.xlsx
77,3,CLASS_5DIGIT,10,การผลิตผลิตภัณฑ์อาหาร,1062,การผลิตสตาร์ช และผลิตภัณฑ์จากสตาร์ช,10629,การผลิตผลิตภัณฑ์จากสตาร์ชอื่นๆ,,การผลิตผลิตภัณฑ์จากสตาร์ชอื่นๆ,0.046474,92.51015,92.087757,117.167982,92.470859,93.465817,98.12891,92.680953,103.780321,104.482413,101.302971,106.284817,105.637049,103.623482,102.566817,116.73102,109.66444,123.891498,117.859617,115.403048,127.966509,126.244131,115.623856,117.939458,112.526063,125.352091,109.873218,118.607375,92.600804,105.267782,100.582022,92.891616,110.498217,147.69469,113.438785,113.101325,95.341703,127.423633,118.930972,139.578026,112.964822,133.28223,115.869052,115.997205,116.051442,110.364823,113.49953,107.339312,98.686961,112.200842,119.204114,129.11245,111.454625,119.580491,101.407115,112.551456,112.992391,111.522537,115.057466,119.315127,98.569544,116.215434,108.259141,127.716812,103.993407,124.765195,115.791988,-7.192076,14.18527,2559 = 100,สำนักงานเศรษฐกิจอุตสาหกรรม (สศอ.) กระทรวงอุตสาหกรรม,Shipment.xlsx
78,4,PRODUCT_ITEM,10,การผลิตผลิตภัณฑ์อาหาร,1062,การผลิตสตาร์ช และผลิตภัณฑ์จากสตาร์ช,10629,การผลิตผลิตภัณฑ์จากสตาร์ชอื่นๆ,10629-010,กลูโคสเหลว,0.037552,95.232882,92.779684,119.08399,99.878014,96.216666,98.232824,96.810434,98.664228,102.284867,96.547917,103.538527,100.729966,100.235882,100.044396,116.037859,105.024694,124.708261,115.678321,112.540806,124.517245,124.177174,111.841928,108.186634,107.497072,119.202357,104.461223,111.404835,83.737323,95.131581,90.405606,86.94947,108.811663,153.066197,106.819983,107.592397,85.56163,123.449592,118.916198,138.555404,109.254288,135.405572,115.51815,115.695544,118.064507,114.290794,115.475719,107.127539,99.991423,111.876478,115.939846,132.771431,110.087034,124.483635,104.726636,114.385989,105.257097,112.635062,113.841333,122.155641,90.280167,116.89645,109.85759,129.182601,98.931598,128.765331,126.152728,-2.028964,20.459067,2559 = 100,สำนักงานเศรษฐกิจอุตสาหกรรม (สศอ.) กระทรวงอุตสาหกรรม,Shipment.xlsx
79,4,PRODUCT_ITEM,10,การผลิตผลิตภัณฑ์อาหาร,1062,การผลิตสตาร์ช และผลิตภัณฑ์จากสตาร์ช,10629,การผลิตผลิตภัณฑ์จากสตาร์ชอื่นๆ,10629-020,ซอร์ปิทอลเหลว,0.008923,81.051142,89.175684,109.104187,61.29678,81.888472,97.691571,75.301438,125.312137,113.731102,121.315299,117.842973,126.289214,117.880685,113.182787,119.648287,129.19148,120.454031,127.039915,127.449206,142.483229,134.943216,131.540643,158.985623,133.691299,151.234131,132.65038,148.920299,129.904041,147.927442,143.410934,117.899995,117.596324,125.087927,141.294967,136.286443,136.502549,144.148957,118.993149,143.881873,128.581141,124.345838,117.345876,117.266789,107.579169,93.841808,105.182452,108.230589,93.19694,113.565974,132.942256,113.713102,117.210328,98.944905,87.436432,104.830557,145.547494,106.840316,120.175741,107.360415,133.456578,113.349279,101.531838,121.547827,125.296758,107.930047,72.187319,-33.116569,-17.440228,2559 = 100,สำนักงานเศรษฐกิจอุตสาหกรรม (สศอ.) กระทรวงอุตสาหกรรม,Shipment.xlsx
80,2,GROUP_4DIGIT,10,การผลิตผลิตภัณฑ์อาหาร,1071,การผลิตผลิตภัณฑ์ขนมอบ,,,,การผลิตผลิตภัณฑ์ขนมอบ,0.864154,98.252199,91.19281,100.631361,92.244427,98.614623,98.63299,97.536312,96.986455,101.429253,106.227112,109.905495,108.346964,105.050659,94.225274,99.796134,98.261477,99.511079,96.28191,100.680694,103.235471,101.279784,105.23302,105.119423,107.852146,101.738856,93.074236,102.008139,93.880413,98.477655,96.619335,102.613084,105.882903,104.217363,108.813678,108.12301,111.63063,105.361988,96.785228,105.859497,100.602483,107.471016,103.012242,110.961344,112.029126,107.54509,116.763681,111.809415,109.423127,105.887095,96.172045,102.188293,100.921475,103.080327,99.441877,103.799157,104.068769,102.063054,107.668551,110.065059,112.003781,106.751117,96.730383,101.191448,94.456292,98.923175,95.181818,-3.782083,-4.283968,2559 = 100,สำนักงานเศรษฐกิจอุตสาหกรรม (สศอ.) กระทรวงอุตสาหกรรม,Shipment.xlsx
81,3,CLASS_5DIGIT,10,การผลิตผลิตภัณฑ์อาหาร,1071,การผลิตผลิตภัณฑ์ขนมอบ,10711,การผลิตขนมปัง  เค้ก  และเพสทรี,,การผลิตขนมปัง  เค้ก  และเพสทรี,0.453417,94.126962,89.163464,100.697344,91.439554,103.388205,101.972914,102.624533,96.276779,102.836385,105.334475,103.688201,108.451185,99.237878,89.829284,95.427089,97.875826,97.962828,95.565404,101.552902,103.858714,101.87238,103.638645,100.390432,104.641279,100.474109,91.103876,104.637442,96.930334,99.670969,94.560945,104.054395,108.761278,108.494966,108.301627,105.499947,114.068337,106.050106,97.711035,107.196339,102.881234,108.721463,108.171359,113.092331,112.065556,108.662698,114.993474,106.978206,107.112325,103.492652,97.744042,104.025387,103.587872,108.172452,99.046207,106.060406,105.524787,105.354636,106.681839,108.714119,114.514045,110.154344,103.75374,106.165413,95.627906,103.067083,99.208036,-3.744209,0.163387,2559 = 100,สำนักงานเศรษฐกิจอุตสาหกรรม (สศอ.) กระทรวงอุตสาหกรรม,Shipment.xlsx
82,4,PRODUCT_ITEM,10,การผลิตผลิตภัณฑ์อาหาร,1071,การผลิตผลิตภัณฑ์ขนมอบ,10711,การผลิตขนมปัง  เค้ก  และเพสทรี,10711-010,เค้ก,0.241663,96.764358,88.944229,106.619373,93.504865,100.975416,103.037596,100.322385,81.774079,96.153056,104.810002,110.741148,116.353495,109.409999,96.195965,99.176608,100.666063,99.712322,96.874746,104.289259,106.766641,103.21066,108.160315,104.128399,108.493493,107.648139,91.761619,108.842491,102.796099,100.390594,93.272209,106.277043,111.815839,115.487651,113.314226,110.255382,126.068003,118.513733,104.003907,112.469466,113.273414,113.355327,114.674495,122.253477,121.213439,116.673865,125.020681,117.307538,118.481567,120.824434,110.086655,115.480316,120.482996,117.496637,109.508396,118.109767,116.62051,114.205687,115.551217,120.345703,130.735084,133.058924,121.88549,123.624536,113.658659,120.159923,111.799798,-6.957499,2.092443,2559 = 100,สำนักงานเศรษฐกิจอุตสาหกรรม (สศอ.) กระทรวงอุตสาหกรรม,Shipment.xlsx
83,4,PRODUCT_ITEM,10,การผลิตผลิตภัณฑ์อาหาร,1071,การผลิตผลิตภัณฑ์ขนมอบ,10711,การผลิตขนมปัง  เค้ก  และเพสทรี,10711-020,ขนมอบอื่น ๆ (พิซซ่า โดนัท ขนมปังปอนด์ ฯลฯ),0.211753,91.117041,89.413666,93.938841,89.082523,106.141796,100.757848,105.251855,112.827953,110.463719,105.933028,95.63904,99.43269,87.628966,82.563324,91.147958,94.691474,95.966221,94.071121,98.430042,100.540049,100.34507,98.4783,96.124485,100.244949,92.286763,90.353227,99.838439,90.236044,98.8497,96.031712,101.517803,105.275268,100.514581,102.581009,100.072817,100.373745,91.82602,90.529308,101.178395,91.02118,103.433076,100.74967,102.637194,101.625553,99.519971,103.549945,95.18988,94.137202,83.712794,83.658062,90.952474,84.306348,97.531246,87.106256,92.309098,92.861818,95.253393,96.559682,95.4396,96.00182,84.014543,83.06092,86.240228,75.050349,83.559917,84.837715,1.5292,-2.604338,2559 = 100,สำนักงานเศรษฐกิจอุตสาหกรรม (สศอ.) กระทรวงอุตสาหกรรม,Shipment.xlsx
84,3,CLASS_5DIGIT,10,การผลิตผลิตภัณฑ์อาหาร,1071,การผลิตผลิตภัณฑ์ขนมอบ,10712,การผลิตบิสกิตและขนมปังกรอบที่คล้ายกัน,,การผลิตบิสกิตและขนมปังกรอบที่คล้ายกัน,0.410738,102.80608,93.433022,100.558523,93.132933,93.345026,94.946021,91.919382,97.769872,99.875909,107.212502,116.768817,108.231913,111.467436,99.078042,104.619159,98.6872,101.220206,97.072867,99.717857,102.547468,100.625613,106.993064,110.339794,111.396649,103.13502,95.249333,99.10563,90.513581,97.160347,98.891609,101.022008,102.705441,99.495282,109.378936,111.018631,108.939626,104.602368,95.763223,104.383746,98.086951,106.090638,97.317051,108.608929,111.988911,106.311354,118.717828,117.142625,111.974041,108.530339,94.436706,100.16031,97.978018,97.45909,99.87866,101.302946,102.461459,98.42945,108.75779,111.556372,109.232679,102.994267,88.977243,95.700646,93.162938,94.348682,90.737244,-3.827756,-9.152521,2559 = 100,สำนักงานเศรษฐกิจอุตสาหกรรม (สศอ.) กระทรวงอุตสาหกรรม,Shipment.xlsx
85,4,PRODUCT_ITEM,10,การผลิตผลิตภัณฑ์อาหาร,1071,การผลิตผลิตภัณฑ์ขนมอบ,10712,การผลิตบิสกิตและขนมปังกรอบที่คล้ายกัน,10712-010,ขนมปังเวเฟอร์,0.043152,106.094737,97.356207,95.906053,88.327924,93.429695,100.469183,102.437546,97.645494,93.591752,111.889777,125.077207,87.774424,114.904312,95.391558,93.392548,92.261401,90.344115,96.527813,70.902406,86.722215,96.978693,96.860285,92.265115,90.002357,99.725765,89.960101,100.725967,86.687854,80.747009,85.4513,82.925257,84.818861,88.28474,89.226898,94.710827,85.725264,97.766689,81.71192,88.621391,79.484452,89.284477,92.493574,95.07441,92.891054,94.878455,101.452204,95.530862,99.708584,96.922972,86.071202,93.126013,86.751469,84.405592,98.822147,89.849587,97.232226,92.352877,93.420409,94.923961,97.274017,103.80226,81.432384,98.140023,91.896424,88.239234,89.99632,1.991275,-8.931022,2559 = 100,สำนักงานเศรษฐกิจอุตสาหกรรม (สศอ.) กระทรวงอุตสาหกรรม,Shipment.xlsx
86,4,PRODUCT_ITEM,10,การผลิตผลิตภัณฑ์อาหาร,1071,การผลิตผลิตภัณฑ์ขนมอบ,10712,การผลิตบิสกิตและขนมปังกรอบที่คล้ายกัน,10712-020,คุกกี้,0.012477,87.418805,59.964966,73.739082,68.431291,70.464371,58.501874,60.491388,66.539801,74.323593,128.352691,272.574297,179.197841,88.017838,70.250172,78.259054,81.795161,72.835088,83.850024,98.742334,110.131212,133.232083,201.834007,329.144745,201.746876,105.378888,82.274387,128.098556,90.806062,82.140059,84.957326,105.164689,100.187273,130.400293,281.450869,312.967238,202.639978,98.952903,79.562404,85.414769,68.674535,73.826214,86.43494,90.620906,114.858123,128.20384,280.672127,380.57259,268.140367,97.442615,89.438452,112.048116,99.602763,80.259823,90.450273,89.963786,91.386942,124.043288,290.29404,387.080624,300.05827,118.30855,100.885781,102.010147,89.273265,85.109807,78.633359,-7.609521,-13.064542,2559 = 100,สำนักงานเศรษฐกิจอุตสาหกรรม (สศอ.) กระทรวงอุตสาหกรรม,Shipment.xlsx
87,4,PRODUCT_ITEM,10,การผลิตผลิตภัณฑ์อาหาร,1071,การผลิตผลิตภัณฑ์ขนมอบ,10712,การผลิตบิสกิตและขนมปังกรอบที่คล้ายกัน,10712-030,ขนมปังกรอบ/แครกเกอร์/บิสกิต,0.194394,107.925912,95.964818,106.017103,98.830815,100.152315,95.611756,88.475921,95.862492,95.749901,104.364819,107.119645,103.924502,109.107955,97.6325,101.285434,95.846439,100.327153,97.115301,102.2981,100.569153,95.554423,101.048348,97.784733,110.653108,98.606507,88.579885,95.099362,87.335616,94.044194,99.439638,105.363987,106.634203,103.818102,107.217788,104.42587,107.480581,103.327757,95.115099,110.251668,101.0631,109.644123,97.529552,116.200981,111.0847,107.306507,110.32323,100.979309,104.342258,101.655052,91.797171,100.615577,92.821307,95.412366,100.993372,104.602654,105.106502,98.493861,101.212288,105.649222,99.558934,93.337458,89.245931,92.948456,88.996745,88.128112,85.83966,-2.596732,-15.00466,2559 = 100,สำนักงานเศรษฐกิจอุตสาหกรรม (สศอ.) กระทรวงอุตสาหกรรม,Shipment.xlsx
88,4,PRODUCT_ITEM,10,การผลิตผลิตภัณฑ์อาหาร,1071,การผลิตผลิตภัณฑ์ขนมอบ,10712,การผลิตบิสกิตและขนมปังกรอบที่คล้ายกัน,10712-040,ขนมอบกรอบอื่น ๆ (ข้าวโพดอบกรอบ ข้าวเกรียบกุ้ง ฯลฯ),0.160714,96.924888,91.915527,97.287324,89.448828,86.864766,95.487091,95.700191,102.534874,108.537605,107.759899,114.113491,113.425516,115.219048,104.054362,113.712313,105.160012,107.424309,98.194429,104.409636,108.600722,105.207373,109.541372,113.39234,111.026183,109.353732,105.74391,101.265565,95.362036,106.502626,102.919257,100.307518,102.951439,94.877341,104.045237,107.693617,109.663216,108.418072,101.577705,102.990991,101.765323,108.809778,99.199951,104.456396,117.987678,106.477814,120.934336,122.044883,112.374666,120.823813,100.263577,100.575464,107.103597,104.774867,99.545984,101.267297,101.525932,97.994613,107.909304,101.777267,109.330075,113.268925,89.753552,97.884783,98.844239,104.230497,97.799788,-6.1697,-1.75416,2559 = 100,สำนักงานเศรษฐกิจอุตสาหกรรม (สศอ.) กระทรวงอุตสาหกรรม,Shipment.xlsx
89,2,GROUP_4DIGIT,10,การผลิตผลิตภัณฑ์อาหาร,1072,การผลิตน้ำตาล,,,,การผลิตน้ำตาล,1.337464,107.817907,107.865216,118.527945,107.969587,113.446376,117.293104,99.465635,94.858735,98.228044,83.963474,74.181496,76.38248,167.519747,164.456337,174.717353,131.740012,139.734344,160.454077,167.791657,129.765062,80.348022,85.228799,70.773205,82.09099,169.442553,183.365424,225.552583,128.810987,188.632956,157.119967,145.677864,120.706693,90.819706,83.515795,61.80224,78.818932,146.284743,150.516833,137.878231,119.387157,145.183355,115.91227,116.677471,113.535837,97.21725,83.880252,66.265907,68.149407,154.233837,165.369753,132.762988,123.562958,148.050744,132.125263,142.591307,125.555052,115.836245,99.673077,73.840752,83.835384,121.327543,169.422385,196.028392,188.711597,181.552215,161.73937,-10.913029,22.41366,2559 = 100,สำนักงานเศรษฐกิจอุตสาหกรรม (สศอ.) กระทรวงอุตสาหกรรม,Shipment.xlsx
90,3,CLASS_5DIGIT,10,การผลิตผลิตภัณฑ์อาหาร,1072,การผลิตน้ำตาล,10721,การผลิตน้ำตาลทรายดิบจากอ้อย,,การผลิตน้ำตาลทรายดิบจากอ้อย,0.384443,104.451895,98.173925,87.23661,118.006468,149.95146,124.659777,80.520082,113.970176,145.252579,68.984697,41.284762,67.507569,283.322966,280.146284,276.495657,189.173316,185.711802,203.442658,232.058593,166.832272,70.343366,47.955754,21.448082,94.284387,264.153091,253.767086,399.096995,164.885742,311.962257,202.069746,202.616749,122.258641,66.421437,67.10641,35.973376,65.797098,207.593757,222.236808,147.88796,134.14749,170.616835,109.970513,126.271699,80.874789,55.744872,23.389566,8.833246,52.411944,236.759432,244.706508,158.886672,170.714677,196.118212,114.299986,151.708846,97.520936,87.497969,38.300311,16.333432,54.130553,127.163771,225.817763,273.788269,299.899639,265.798795,202.804029,-23.70017,77.431369,2559 = 100,สำนักงานเศรษฐกิจอุตสาหกรรม (สศอ.) กระทรวงอุตสาหกรรม,Shipment.xlsx
91,4,PRODUCT_ITEM,10,การผลิตผลิตภัณฑ์อาหาร,1072,การผลิตน้ำตาล,10721,การผลิตน้ำตาลทรายดิบจากอ้อย,10721-010,น้ำตาลทรายดิบ,0.384443,104.451895,98.173925,87.23661,118.006468,149.95146,124.659777,80.520082,113.970176,145.252579,68.984697,41.284762,67.507569,283.322966,280.146284,276.495657,189.173316,185.711802,203.442658,232.058593,166.832272,70.343366,47.955754,21.448082,94.284387,264.153091,253.767086,399.096995,164.885742,311.962257,202.069746,202.616749,122.258641,66.421437,67.10641,35.973376,65.797098,207.593757,222.236808,147.88796,134.14749,170.616835,109.970513,126.271699,80.874789,55.744872,23.389566,8.833246,52.411944,236.759432,244.706508,158.886672,170.714677,196.118212,114.299986,151.708846,97.520936,87.497969,38.300311,16.333432,54.130553,127.163771,225.817763,273.788269,299.899639,265.798795,202.804029,-23.70017,77.431369,2559 = 100,สำนักงานเศรษฐกิจอุตสาหกรรม (สศอ.) กระทรวงอุตสาหกรรม,Shipment.xlsx
92,3,CLASS_5DIGIT,10,การผลิตผลิตภัณฑ์อาหาร,1072,การผลิตน้ำตาล,10722,การผลิตน้ำตาลทรายขาวและน้ำตาลทรายบริสุทธิ์,,การผลิตน้ำตาลทรายขาวและน้ำตาลทรายบริสุทธิ์,0.953022,109.175734,111.774618,131.150661,103.920776,98.72047,114.321438,107.108144,87.149308,79.258662,90.005813,87.451818,79.962559,120.805504,117.787787,133.660666,108.571802,121.187345,143.112772,141.866805,114.812398,84.383833,100.264496,90.670629,77.172256,131.236956,154.965865,155.54593,114.258673,138.882742,138.987527,122.709099,120.080648,100.661805,90.135231,72.221431,84.071853,121.553098,121.585475,133.840373,113.432937,134.923659,118.309135,112.807224,126.711085,113.946929,108.281789,89.433857,74.497794,120.943564,133.365838,122.224869,104.54227,128.660649,139.31586,138.913353,136.863827,127.267715,124.43044,97.03882,95.818114,118.973247,146.672867,164.660578,143.859086,147.567709,145.174161,-1.622,4.20505,2559 = 100,สำนักงานเศรษฐกิจอุตสาหกรรม (สศอ.) กระทรวงอุตสาหกรรม,Shipment.xlsx
93,4,PRODUCT_ITEM,10,การผลิตผลิตภัณฑ์อาหาร,1072,การผลิตน้ำตาล,10722,การผลิตน้ำตาลทรายขาวและน้ำตาลทรายบริสุทธิ์,10722-010,น้ำตาลทรายขาว,0.301524,102.697729,104.602768,135.088585,99.04932,98.714075,99.53387,91.321011,84.572563,89.93271,94.782188,105.309807,94.395373,104.948071,93.777993,124.966491,114.743488,111.520314,109.58961,114.518323,128.646927,114.515055,107.122408,100.590232,88.763528,113.855045,103.738691,124.472634,115.202803,146.396374,122.829143,106.091277,116.697871,133.225713,90.232179,94.647501,107.921525,110.934935,108.422777,116.584059,109.289368,106.132539,93.139325,101.369846,114.462893,107.581189,129.926218,116.343189,95.264739,102.071169,100.623106,110.066729,96.642227,112.878444,106.017587,102.902564,106.974329,115.307059,134.537135,114.742195,105.513342,100.231573,104.159955,135.943652,120.004561,103.193189,100.812588,-2.306936,-4.909562,2559 = 100,สำนักงานเศรษฐกิจอุตสาหกรรม (สศอ.) กระทรวงอุตสาหกรรม,Shipment.xlsx
94,4,PRODUCT_ITEM,10,การผลิตผลิตภัณฑ์อาหาร,1072,การผลิตน้ำตาล,10722,การผลิตน้ำตาลทรายขาวและน้ำตาลทรายบริสุทธิ์,10722-020,น้ำตาลทรายขาวบริสุทธิ์,0.509494,87.365651,100.172309,116.290465,102.246702,101.740645,127.768873,123.351721,88.70748,82.25306,105.942969,95.172607,68.987519,86.160064,89.532154,108.379362,98.586231,127.002988,167.891649,156.171833,117.277401,75.96497,115.676019,102.056935,71.631469,107.210164,158.040826,162.296267,114.63218,146.200254,157.834599,140.612189,135.588778,88.770445,91.027569,72.209178,84.291547,102.488213,102.665925,140.191045,120.336627,159.500986,139.194898,125.178897,141.023412,118.354889,97.340078,76.655235,61.613963,104.223284,122.4612,109.26928,104.43405,137.540904,161.4798,155.762292,151.509611,133.496145,118.858549,91.562116,89.963374,94.08894,139.713494,161.278805,157.850984,165.447545,168.090735,1.5976,4.09397,2559 = 100,สำนักงานเศรษฐกิจอุตสาหกรรม (สศอ.) กระทรวงอุตสาหกรรม,Shipment.xlsx
95,4,PRODUCT_ITEM,10,การผลิตผลิตภัณฑ์อาหาร,1072,การผลิตน้ำตาล,10722,การผลิตน้ำตาลทรายขาวและน้ำตาลทรายบริสุทธิ์,10722-030,กากน้ำตาล,0.142004,201.182664,168.630585,176.105641,120.270929,87.898033,97.472804,82.349723,87.030093,45.850446,22.683365,21.831906,88.69381,278.779879,270.146595,242.827607,131.294181,120.847976,125.390448,148.612387,76.592796,50.610701,30.408136,28.755229,72.439649,254.349923,252.706243,197.305877,110.913861,96.67438,105.676375,93.760383,71.622188,74.182131,86.727775,24.647114,32.642537,212.50158,217.415441,147.696051,97.461577,107.876718,96.817779,92.704683,101.367357,111.648373,101.580715,78.144188,76.628005,221.006477,242.014451,194.523853,121.705063,130.310449,130.498095,154.924763,147.782275,130.317476,122.961699,79.098185,96.237886,248.050121,261.91182,237.769905,144.309261,177.639475,157.147239,-11.535857,20.421098,2559 = 100,สำนักงานเศรษฐกิจอุตสาหกรรม (สศอ.) กระทรวงอุตสาหกรรม,Shipment.xlsx
96,2,GROUP_4DIGIT,10,การผลิตผลิตภัณฑ์อาหาร,1073,การผลิตโกโก้  ช็อกโกแลต  ลูกกวาด  และขนมที่ทำจากน้ำตาล,,,,การผลิตโกโก้  ช็อกโกแลต  ลูกกวาด  และขนมที่ทำจากน้ำตาล,0.064489,137.251198,97.551595,119.976631,88.971314,80.953385,91.740111,93.099577,81.101453,71.721758,101.711312,119.857716,116.06395,128.876831,117.934365,101.34306,106.157193,132.056844,120.542819,140.879558,118.597219,109.09017,134.097576,133.152395,140.153027,172.140351,143.240516,160.425321,113.772346,145.384512,115.496994,117.638996,107.449145,131.610338,123.203443,142.804444,128.804715,130.399709,163.923719,144.476924,104.359661,120.756099,85.181383,111.076431,109.380936,120.313429,117.581456,142.54053,120.999299,122.452362,131.920284,123.560187,116.575667,148.549949,108.118904,116.8181,95.356657,118.35939,122.774582,130.79021,112.746609,130.433465,99.344524,122.202257,88.601527,100.985548,103.202735,2.195548,-4.547003,2559 = 100,สำนักงานเศรษฐกิจอุตสาหกรรม (สศอ.) กระทรวงอุตสาหกรรม,Shipment.xlsx
97,3,CLASS_5DIGIT,10,การผลิตผลิตภัณฑ์อาหาร,1073,การผลิตโกโก้  ช็อกโกแลต  ลูกกวาด  และขนมที่ทำจากน้ำตาล,10739,การผลิตลูกกวาดและขนมอื่นๆ ที่ทำจากน้ำตาล,,การผลิตลูกกวาดและขนมอื่นๆ ที่ทำจากน้ำตาล,0.064489,137.251198,97.551595,119.976631,88.971314,80.953385,91.740111,93.099577,81.101453,71.721758,101.711312,119.857716,116.06395,128.876831,117.934365,101.34306,106.157193,132.056844,120.542819,140.879558,118.597219,109.09017,134.097576,133.152395,140.153027,172.140351,143.240516,160.425321,113.772346,145.384512,115.496994,117.638996,107.449145,131.610338,123.203443,142.804444,128.804715,130.399709,163.923719,144.476924,104.359661,120.756099,85.181383,111.076431,109.380936,120.313429,117.581456,142.54053,120.999299,122.452362,131.920284,123.560187,116.575667,148.549949,108.118904,116.8181,95.356657,118.35939,122.774582,130.79021,112.746609,130.433465,99.344524,122.202257,88.601527,100.985548,103.202735,2.195548,-4.547003,2559 = 100,สำนักงานเศรษฐกิจอุตสาหกรรม (สศอ.) กระทรวงอุตสาหกรรม,Shipment.xlsx
98,4,PRODUCT_ITEM,10,การผลิตผลิตภัณฑ์อาหาร,1073,การผลิตโกโก้  ช็อกโกแลต  ลูกกวาด  และขนมที่ทำจากน้ำตาล,10739,การผลิตลูกกวาดและขนมอื่นๆ ที่ทำจากน้ำตาล,10739-010,ลูกกวาด ลูกอม,0.064489,137.251198,97.551595,119.976631,88.971314,80.953385,91.740111,93.099577,81.101453,71.721758,101.711312,119.857716,116.06395,128.876831,117.934365,101.34306,106.157193,132.056844,120.542819,140.879558,118.597219,109.09017,134.097576,133.152395,140.153027,172.140351,143.240516,160.425321,113.772346,145.384512,115.496994,117.638996,107.449145,131.610338,123.203443,142.804444,128.804715,130.399709,163.923719,144.476924,104.359661,120.756099,85.181383,111.076431,109.380936,120.313429,117.581456,142.54053,120.999299,122.452362,131.920284,123.560187,116.575667,148.549949,108.118904,116.8181,95.356657,118.35939,122.774582,130.79021,112.746609,130.433465,99.344524,122.202257,88.601527,100.985548,103.202735,2.195548,-4.547003,2559 = 100,สำนักงานเศรษฐกิจอุตสาหกรรม (สศอ.) กระทรวงอุตสาหกรรม,Shipment.xlsx
99,2,GROUP_4DIGIT,10,การผลิตผลิตภัณฑ์อาหาร,1074,การผลิตมะกะโรนี  เส้นก๋วยเตี๋ยว  และผลิตภัณฑ์อาหารจำพวกแป้งที่คล้ายกัน,,,,การผลิตมะกะโรนี  เส้นก๋วยเตี๋ยว  และผลิตภัณฑ์อาหารจำพวกแป้งที่คล้ายกัน,0.225105,94.566593,90.915908,102.47029,89.350885,97.84089,101.079398,98.97748,103.984597,111.53025,108.398144,100.259491,100.626075,91.089887,92.902287,105.490663,91.260912,107.607589,107.733951,100.842495,112.719653,100.817142,100.001044,100.826085,96.065988,94.881932,98.616257,99.752666,89.751456,104.708555,100.846042,100.353327,106.380247,97.619746,100.006641,107.77001,104.242031,97.780098,98.037334,100.601981,96.602898,108.737068,104.888316,111.142011,112.864972,110.048627,109.265187,106.711613,110.269706,99.30437,100.770146,107.900383,92.41705,110.636681,100.3118,97.065671,101.475453,95.766459,96.884589,109.820207,112.770112,94.579555,87.373106,102.484665,95.149737,99.991196,99.325752,-0.665502,-0.982983,2559 = 100,สำนักงานเศรษฐกิจอุตสาหกรรม (สศอ.) กระทรวงอุตสาหกรรม,Shipment.xlsx
100,3,CLASS_5DIGIT,10,การผลิตผลิตภัณฑ์อาหาร,1074,การผลิตมะกะโรนี  เส้นก๋วยเตี๋ยว  และผลิตภัณฑ์อาหารจำพวกแป้งที่คล้ายกัน,10743,การผลิตผลิตภัณฑ์อาหารจำพวกแป้งชนิดสำเร็จรูปและกึ่งสำเร็จรูป,,การผลิตผลิตภัณฑ์อาหารจำพวกแป้งชนิดสำเร็จรูปและกึ่งสำเร็จรูป,0.225105,94.566593,90.915908,102.47029,89.350885,97.84089,101.079398,98.97748,103.984597,111.53025,108.398144,100.259491,100.626075,91.089887,92.902287,105.490663,91.260912,107.607589,107.733951,100.842495,112.719653,100.817142,100.001044,100.826085,96.065988,94.881932,98.616257,99.752666,89.751456,104.708555,100.846042,100.353327,106.380247,97.619746,100.006641,107.77001,104.242031,97.780098,98.037334,100.601981,96.602898,108.737068,104.888316,111.142011,112.864972,110.048627,109.265187,106.711613,110.269706,99.30437,100.770146,107.900383,92.41705,110.636681,100.3118,97.065671,101.475453,95.766459,96.884589,109.820207,112.770112,94.579555,87.373106,102.484665,95.149737,99.991196,99.325752,-0.665502,-0.982983,2559 = 100,สำนักงานเศรษฐกิจอุตสาหกรรม (สศอ.) กระทรวงอุตสาหกรรม,Shipment.xlsx
101,4,PRODUCT_ITEM,10,การผลิตผลิตภัณฑ์อาหาร,1074,การผลิตมะกะโรนี  เส้นก๋วยเตี๋ยว  และผลิตภัณฑ์อาหารจำพวกแป้งที่คล้ายกัน,10743,การผลิตผลิตภัณฑ์อาหารจำพวกแป้งชนิดสำเร็จรูปและกึ่งสำเร็จรูป,10743-010,บะหมี่กึ่งสำเร็จรูป,0.225105,94.566593,90.915908,102.47029,89.350885,97.84089,101.079398,98.97748,103.984597,111.53025,108.398144,100.259491,100.626075,91.089887,92.902287,105.490663,91.260912,107.607589,107.733951,100.842495,112.719653,100.817142,100.001044,100.826085,96.065988,94.881932,98.616257,99.752666,89.751456,104.708555,100.846042,100.353327,106.380247,97.619746,100.006641,107.77001,104.242031,97.780098,98.037334,100.601981,96.602898,108.737068,104.888316,111.142011,112.864972,110.048627,109.265187,106.711613,110.269706,99.30437,100.770146,107.900383,92.41705,110.636681,100.3118,97.065671,101.475453,95.766459,96.884589,109.820207,112.770112,94.579555,87.373106,102.484665,95.149737,99.991196,99.325752,-0.665502,-0.982983,2559 = 100,สำนักงานเศรษฐกิจอุตสาหกรรม (สศอ.) กระทรวงอุตสาหกรรม,Shipment.xlsx
102,2,GROUP_4DIGIT,10,การผลิตผลิตภัณฑ์อาหาร,1075,การผลิตอาหารสำเร็จรูป,,,,การผลิตอาหารสำเร็จรูป,0.31264,91.620198,86.517642,105.704894,103.212249,98.220417,93.528878,103.478444,90.687263,98.37027,108.235069,105.255387,115.169289,123.144892,103.861424,121.972394,119.287192,124.836962,118.665236,132.394454,127.117885,125.183568,123.509579,119.419605,126.459927,112.845627,104.803178,114.065789,130.755044,134.659217,133.761038,136.514905,132.548806,120.932043,132.379894,132.103921,125.183781,139.27982,130.777641,132.486208,144.435586,139.778662,138.568278,144.091433,138.786614,143.278502,153.414437,146.108224,145.80441,147.057941,133.746816,157.46073,151.082811,157.23747,148.369857,148.652923,156.926189,143.439609,159.930067,139.738216,155.12217,154.591078,149.318739,179.133444,182.96789,177.056598,174.191498,-1.618184,17.403562,2559 = 100,สำนักงานเศรษฐกิจอุตสาหกรรม (สศอ.) กระทรวงอุตสาหกรรม,Shipment.xlsx
103,3,CLASS_5DIGIT,10,การผลิตผลิตภัณฑ์อาหาร,1075,การผลิตอาหารสำเร็จรูป,10751,การผลิตอาหารสำเร็จรูปแช่แข็ง,,การผลิตอาหารสำเร็จรูปแช่แข็ง,0.31264,91.620198,86.517642,105.704894,103.212249,98.220417,93.528878,103.478444,90.687263,98.37027,108.235069,105.255387,115.169289,123.144892,103.861424,121.972394,119.287192,124.836962,118.665236,132.394454,127.117885,125.183568,123.509579,119.419605,126.459927,112.845627,104.803178,114.065789,130.755044,134.659217,133.761038,136.514905,132.548806,120.932043,132.379894,132.103921,125.183781,139.27982,130.777641,132.486208,144.435586,139.778662,138.568278,144.091433,138.786614,143.278502,153.414437,146.108224,145.80441,147.057941,133.746816,157.46073,151.082811,157.23747,148.369857,148.652923,156.926189,143.439609,159.930067,139.738216,155.12217,154.591078,149.318739,179.133444,182.96789,177.056598,174.191498,-1.618184,17.403562,2559 = 100,สำนักงานเศรษฐกิจอุตสาหกรรม (สศอ.) กระทรวงอุตสาหกรรม,Shipment.xlsx
104,4,PRODUCT_ITEM,10,การผลิตผลิตภัณฑ์อาหาร,1075,การผลิตอาหารสำเร็จรูป,10751,การผลิตอาหารสำเร็จรูปแช่แข็ง,10751-010,อาหารสำเร็จรูปแช่เย็นและแช่แข็ง,0.31264,91.620198,86.517642,105.704894,103.212249,98.220417,93.528878,103.478444,90.687263,98.37027,108.235069,105.255387,115.169289,123.144892,103.861424,121.972394,119.287192,124.836962,118.665236,132.394454,127.117885,125.183568,123.509579,119.419605,126.459927,112.845627,104.803178,114.065789,130.755044,134.659217,133.761038,136.514905,132.548806,120.932043,132.379894,132.103921,125.183781,139.27982,130.777641,132.486208,144.435586,139.778662,138.568278,144.091433,138.786614,143.278502,153.414437,146.108224,145.80441,147.057941,133.746816,157.46073,151.082811,157.23747,148.369857,148.652923,156.926189,143.439609,159.930067,139.738216,155.12217,154.591078,149.318739,179.133444,182.96789,177.056598,174.191498,-1.618184,17.403562,2559 = 100,สำนักงานเศรษฐกิจอุตสาหกรรม (สศอ.) กระทรวงอุตสาหกรรม,Shipment.xlsx
105,2,GROUP_4DIGIT,10,การผลิตผลิตภัณฑ์อาหาร,1076,การผลิตกาแฟ  ชา  และสมุนไพรผงสำหรับชงเป็นเครื่องดื่ม,,,,การผลิตกาแฟ  ชา  และสมุนไพรผงสำหรับชงเป็นเครื่องดื่ม,0.161941,91.994857,103.783469,114.474426,89.865528,96.80901,90.516382,85.092268,87.221868,128.000041,123.973905,102.620664,85.647581,73.116396,85.100402,91.46003,63.389904,79.589635,79.67847,78.457495,92.808593,92.98103,92.636547,96.642709,106.011184,74.927845,73.330952,79.695933,80.130624,70.958594,78.583018,80.011166,86.971019,89.446759,85.71768,94.026374,90.13527,73.935095,85.74381,98.09169,93.265247,94.718969,99.392085,86.869339,103.151488,89.083912,94.561704,101.640175,124.820358,34.907838,31.174325,28.170545,25.60467,28.927335,33.834202,25.693867,27.739554,27.828212,28.741317,31.680885,36.199796,28.524856,27.139897,29.162225,31.9176,30.924638,27.368632,-11.498942,-19.10957,2559 = 100,สำนักงานเศรษฐกิจอุตสาหกรรม (สศอ.) กระทรวงอุตสาหกรรม,Shipment.xlsx
106,3,CLASS_5DIGIT,10,การผลิตผลิตภัณฑ์อาหาร,1076,การผลิตกาแฟ  ชา  และสมุนไพรผงสำหรับชงเป็นเครื่องดื่ม,10761,การผลิตกาแฟ,,การผลิตกาแฟ,0.161941,91.994857,103.783469,114.474426,89.865528,96.80901,90.516382,85.092268,87.221868,128.000041,123.973905,102.620664,85.647581,73.116396,85.100402,91.46003,63.389904,79.589635,79.67847,78.457495,92.808593,92.98103,92.636547,96.642709,106.011184,74.927845,73.330952,79.695933,80.130624,70.958594,78.583018,80.011166,86.971019,89.446759,85.71768,94.026374,90.13527,73.935095,85.74381,98.09169,93.265247,94.718969,99.392085,86.869339,103.151488,89.083912,94.561704,101.640175,124.820358,34.907838,31.174325,28.170545,25.60467,28.927335,33.834202,25.693867,27.739554,27.828212,28.741317,31.680885,36.199796,28.524856,27.139897,29.162225,31.9176,30.924638,27.368632,-11.498942,-19.10957,2559 = 100,สำนักงานเศรษฐกิจอุตสาหกรรม (สศอ.) กระทรวงอุตสาหกรรม,Shipment.xlsx
107,4,PRODUCT_ITEM,10,การผลิตผลิตภัณฑ์อาหาร,1076,การผลิตกาแฟ  ชา  และสมุนไพรผงสำหรับชงเป็นเครื่องดื่ม,10761,การผลิตกาแฟ,10761-010,กาแฟสำเร็จรูป (ป่น),0.1303,89.87262,104.271532,112.932823,86.589444,102.760361,87.794241,84.628371,88.334537,134.065765,126.701736,99.604151,82.444418,67.144323,80.525437,89.469641,56.607523,76.732327,75.370893,75.674507,89.164646,88.925895,90.381174,92.842452,107.540907,70.719382,68.507827,74.078461,75.579282,62.263031,75.09626,77.655591,84.373059,87.445085,83.593322,94.270888,90.820725,68.044125,81.587397,94.584163,92.991568,97.390526,98.464217,79.190914,103.068115,84.063235,90.601985,98.675367,128.613126,35.01571,29.856335,25.927979,22.978779,22.646183,27.737245,17.693819,19.723205,18.586721,19.033172,22.913226,29.291198,21.282679,18.870324,18.917247,24.093182,22.243894,17.969142,-19.217645,-35.216558,2559 = 100,สำนักงานเศรษฐกิจอุตสาหกรรม (สศอ.) กระทรวงอุตสาหกรรม,Shipment.xlsx
108,4,PRODUCT_ITEM,10,การผลิตผลิตภัณฑ์อาหาร,1076,การผลิตกาแฟ  ชา  และสมุนไพรผงสำหรับชงเป็นเครื่องดื่ม,10761,การผลิตกาแฟ,10761-020,กาแฟปรุงสำเร็จชนิดผง,0.031641,100.734297,101.773608,120.822797,103.356545,72.301157,101.726246,87.002612,82.639861,103.021198,112.740612,115.042761,98.838308,97.709586,103.940255,99.656518,91.319964,91.356121,97.417211,89.917928,107.814482,109.680206,101.924243,112.292289,99.711736,92.258429,93.192734,102.828861,98.873194,106.7672,92.941599,89.711498,97.669501,97.689717,94.465853,93.019458,87.312545,98.194297,102.860051,112.5358,94.392268,83.717408,103.213072,118.489342,103.494819,109.75922,110.867957,113.84935,109.201617,34.463618,36.601848,37.405503,36.418175,54.793318,58.941669,58.63832,60.751135,65.884966,68.719766,67.786385,64.649621,58.348371,61.194261,71.351371,64.138803,66.672218,66.076032,-0.894205,12.104108,2559 = 100,สำนักงานเศรษฐกิจอุตสาหกรรม (สศอ.) กระทรวงอุตสาหกรรม,Shipment.xlsx
109,2,GROUP_4DIGIT,10,การผลิตผลิตภัณฑ์อาหาร,1077,การผลิตเครื่องปรุงอาหารประจำโต๊ะและเครื่องประกอบอาหาร,,,,การผลิตเครื่องปรุงอาหารประจำโต๊ะและเครื่องประกอบอาหาร,0.617404,100.521503,90.498205,109.516841,89.557855,88.549439,98.521192,92.138662,95.406366,102.195997,107.852049,106.853314,118.388578,102.701854,98.818981,112.252054,92.985311,97.293746,100.76415,95.316368,95.823277,94.640587,90.979116,94.729471,100.921974,90.178882,84.736561,100.095909,86.284475,103.823239,98.338087,113.692297,118.614949,113.139825,114.299062,123.336377,120.251351,113.396252,104.028364,124.003334,103.831357,114.554295,110.312396,118.838402,119.716209,126.055558,139.131838,147.491643,122.781619,115.029615,119.990445,125.470386,114.828057,110.197578,104.679953,108.384974,104.354521,112.03303,113.79341,126.962994,137.417632,116.597383,109.151365,128.970149,114.42971,112.714203,124.460079,10.420937,18.895811,2559 = 100,สำนักงานเศรษฐกิจอุตสาหกรรม (สศอ.) กระทรวงอุตสาหกรรม,Shipment.xlsx
110,3,CLASS_5DIGIT,10,การผลิตผลิตภัณฑ์อาหาร,1077,การผลิตเครื่องปรุงอาหารประจำโต๊ะและเครื่องประกอบอาหาร,10772,การผลิตซอสและเครื่องปรุงอาหารประจำโต๊ะ,,การผลิตซอสและเครื่องปรุงอาหารประจำโต๊ะ,0.384493,101.470011,86.118946,113.914856,84.746313,86.953795,97.185123,94.212679,93.524178,100.338305,109.324462,107.08027,125.131063,104.642202,100.302885,118.139256,92.533793,93.633135,102.293962,92.767501,88.876308,88.241532,83.582458,88.402917,99.552381,82.364022,80.063643,99.121797,80.934805,100.560255,96.34321,125.425165,131.763258,121.802317,126.36728,138.529819,132.932243,122.807685,113.590643,134.843287,107.768539,122.622165,119.306548,134.055773,131.61438,138.721696,156.54314,163.589471,130.723416,120.428935,130.156439,137.534331,122.287154,116.990804,110.735341,119.150836,111.191874,120.841894,123.230387,143.125643,158.222044,129.242647,122.866069,138.585529,124.610956,124.480533,137.130128,10.161906,23.835919,2559 = 100,สำนักงานเศรษฐกิจอุตสาหกรรม (สศอ.) กระทรวงอุตสาหกรรม,Shipment.xlsx
111,4,PRODUCT_ITEM,10,การผลิตผลิตภัณฑ์อาหาร,1077,การผลิตเครื่องปรุงอาหารประจำโต๊ะและเครื่องประกอบอาหาร,10772,การผลิตซอสและเครื่องปรุงอาหารประจำโต๊ะ,10772-010,เครื่องปรุงรสประจำโต๊ะอาหาร,0.384493,101.470011,86.118946,113.914856,84.746313,86.953795,97.185123,94.212679,93.524178,100.338305,109.324462,107.08027,125.131063,104.642202,100.302885,118.139256,92.533793,93.633135,102.293962,92.767501,88.876308,88.241532,83.582458,88.402917,99.552381,82.364022,80.063643,99.121797,80.934805,100.560255,96.34321,125.425165,131.763258,121.802317,126.36728,138.529819,132.932243,122.807685,113.590643,134.843287,107.768539,122.622165,119.306548,134.055773,131.61438,138.721696,156.54314,163.589471,130.723416,120.428935,130.156439,137.534331,122.287154,116.990804,110.735341,119.150836,111.191874,120.841894,123.230387,143.125643,158.222044,129.242647,122.866069,138.585529,124.610956,124.480533,137.130128,10.161906,23.835919,2559 = 100,สำนักงานเศรษฐกิจอุตสาหกรรม (สศอ.) กระทรวงอุตสาหกรรม,Shipment.xlsx
112,3,CLASS_5DIGIT,10,การผลิตผลิตภัณฑ์อาหาร,1077,การผลิตเครื่องปรุงอาหารประจำโต๊ะและเครื่องประกอบอาหาร,10773,การผลิตซีอิ๊ว,,การผลิตซีอิ๊ว,0.067359,103.605652,108.504416,106.110852,96.967623,82.073257,92.997287,81.112024,94.465155,112.229013,127.009969,105.339351,89.5854,89.863316,99.689339,99.873693,79.981506,92.483344,78.141236,85.988078,102.181655,101.997046,108.596695,105.552499,88.037465,95.142938,84.276571,89.578923,82.008546,93.890897,97.077641,86.80794,88.754124,101.721129,84.180532,87.443269,91.598382,90.564014,68.581363,102.856254,69.388314,83.990073,94.807291,85.088439,113.367448,111.459354,123.175728,135.981516,109.749916,95.918777,110.238444,112.764818,86.030267,75.404607,81.702145,80.943025,80.857123,96.424799,93.655624,97.800887,108.072117,94.447664,89.417425,125.006999,87.561308,85.434453,88.501224,3.589618,8.321788,2559 = 100,สำนักงานเศรษฐกิจอุตสาหกรรม (สศอ.) กระทรวงอุตสาหกรรม,Shipment.xlsx
113,4,PRODUCT_ITEM,10,การผลิตผลิตภัณฑ์อาหาร,1077,การผลิตเครื่องปรุงอาหารประจำโต๊ะและเครื่องประกอบอาหาร,10773,การผลิตซีอิ๊ว,10773-010,"ซอสถั่วเหลือง, เต้าเจี้ยว, ซีอิ้ว",0.067359,103.605652,108.504416,106.110852,96.967623,82.073257,92.997287,81.112024,94.465155,112.229013,127.009969,105.339351,89.5854,89.863316,99.689339,99.873693,79.981506,92.483344,78.141236,85.988078,102.181655,101.997046,108.596695,105.552499,88.037465,95.142938,84.276571,89.578923,82.008546,93.890897,97.077641,86.80794,88.754124,101.721129,84.180532,87.443269,91.598382,90.564014,68.581363,102.856254,69.388314,83.990073,94.807291,85.088439,113.367448,111.459354,123.175728,135.981516,109.749916,95.918777,110.238444,112.764818,86.030267,75.404607,81.702145,80.943025,80.857123,96.424799,93.655624,97.800887,108.072117,94.447664,89.417425,125.006999,87.561308,85.434453,88.501224,3.589618,8.321788,2559 = 100,สำนักงานเศรษฐกิจอุตสาหกรรม (สศอ.) กระทรวงอุตสาหกรรม,Shipment.xlsx
114,3,CLASS_5DIGIT,10,การผลิตผลิตภัณฑ์อาหาร,1077,การผลิตเครื่องปรุงอาหารประจำโต๊ะและเครื่องประกอบอาหาร,10774,การผลิตผงชูรส,,การผลิตผงชูรส,0.165552,97.063736,93.342745,100.688287,97.717787,94.890305,103.871741,91.808224,100.16069,102.4283,96.637513,106.942201,114.448473,103.41908,95.018496,103.615499,99.324873,107.752725,106.415853,105.03154,109.370512,106.5092,100.989669,105.019243,109.345224,106.309101,95.776544,106.637373,100.448819,115.442716,103.484022,97.381335,100.22768,97.667211,98.525153,102.653682,102.458211,100.828103,96.242501,107.431808,108.701264,108.252513,95.732158,97.228142,94.665922,102.577348,105.186324,114.787708,109.639107,110.265434,100.347822,102.621513,109.221431,108.57672,99.96543,94.546747,98.035296,97.925081,100.069633,101.290649,101.039443,96.240985,85.32828,108.250988,101.715891,96.486399,109.6647,13.658196,9.702624,2559 = 100,สำนักงานเศรษฐกิจอุตสาหกรรม (สศอ.) กระทรวงอุตสาหกรรม,Shipment.xlsx
115,4,PRODUCT_ITEM,10,การผลิตผลิตภัณฑ์อาหาร,1077,การผลิตเครื่องปรุงอาหารประจำโต๊ะและเครื่องประกอบอาหาร,10774,การผลิตผงชูรส,10774-010,ผงชูรส,0.165552,97.063736,93.342745,100.688287,97.717787,94.890305,103.871741,91.808224,100.16069,102.4283,96.637513,106.942201,114.448473,103.41908,95.018496,103.615499,99.324873,107.752725,106.415853,105.03154,109.370512,106.5092,100.989669,105.019243,109.345224,106.309101,95.776544,106.637373,100.448819,115.442716,103.484022,97.381335,100.22768,97.667211,98.525153,102.653682,102.458211,100.828103,96.242501,107.431808,108.701264,108.252513,95.732158,97.228142,94.665922,102.577348,105.186324,114.787708,109.639107,110.265434,100.347822,102.621513,109.221431,108.57672,99.96543,94.546747,98.035296,97.925081,100.069633,101.290649,101.039443,96.240985,85.32828,108.250988,101.715891,96.486399,109.6647,13.658196,9.702624,2559 = 100,สำนักงานเศรษฐกิจอุตสาหกรรม (สศอ.) กระทรวงอุตสาหกรรม,Shipment.xlsx
116,2,GROUP_4DIGIT,10,การผลิตผลิตภัณฑ์อาหาร,1080,การผลิตอาหารสัตว์สำเร็จรูป,,,,การผลิตอาหารสัตว์สำเร็จรูป,2.67584,86.692752,88.842421,103.66566,94.537714,103.662328,103.828449,98.797563,102.361652,105.43453,100.339065,103.755883,108.081983,100.28773,104.485498,110.919576,97.455518,114.798579,109.994576,108.106327,119.640594,112.336197,111.678783,110.655188,110.822184,99.595188,95.515937,100.653779,81.632119,97.143449,92.817,93.479828,97.081307,103.837187,101.693684,102.653106,101.405772,96.774219,97.758416,108.882131,98.666081,103.304995,107.219487,108.994167,111.862393,106.405564,112.200037,105.855072,103.528054,99.526454,99.806949,114.879282,107.810721,111.842611,108.205377,109.966272,111.58373,112.411648,109.008733,106.465374,112.749831,106.986908,101.986227,115.128843,108.113378,115.320227,113.505915,-1.573282,4.89859,2559 = 100,สำนักงานเศรษฐกิจอุตสาหกรรม (สศอ.) กระทรวงอุตสาหกรรม,Shipment.xlsx
117,3,CLASS_5DIGIT,10,การผลิตผลิตภัณฑ์อาหาร,1080,การผลิตอาหารสัตว์สำเร็จรูป,10801,การผลิตอาหารสำเร็จรูปสำหรับสัตว์เลี้ยง,,การผลิตอาหารสำเร็จรูปสำหรับสัตว์เลี้ยง,1.47563,80.861673,88.220464,106.027892,91.854497,107.807808,105.119918,93.657321,93.591486,106.172205,100.648019,107.954793,118.083925,107.506453,119.049996,120.184611,100.32461,129.890939,124.070752,119.715767,132.920123,124.377234,122.166585,120.398801,118.935826,102.839291,99.062147,101.011561,71.577946,94.246533,87.571557,86.631171,88.953678,105.222855,101.9238,105.653668,101.497008,95.098628,100.850425,118.064812,99.093572,106.65972,115.650622,114.447282,116.240175,110.957557,118.246186,108.010071,104.03073,98.301924,104.459316,126.528449,113.067825,117.730952,113.650902,111.799419,113.208923,116.024203,108.479689,108.434391,116.639024,109.774149,109.28138,123.977064,112.656515,125.388846,122.351026,-2.422719,7.65513,2559 = 100,สำนักงานเศรษฐกิจอุตสาหกรรม (สศอ.) กระทรวงอุตสาหกรรม,Shipment.xlsx
118,4,PRODUCT_ITEM,10,การผลิตผลิตภัณฑ์อาหาร,1080,การผลิตอาหารสัตว์สำเร็จรูป,10801,การผลิตอาหารสำเร็จรูปสำหรับสัตว์เลี้ยง,10801-010,อาหารสัตว์เลี้ยงสำเร็จรูป,1.47563,80.861673,88.220464,106.027892,91.854497,107.807808,105.119918,93.657321,93.591486,106.172205,100.648019,107.954793,118.083925,107.506453,119.049996,120.184611,100.32461,129.890939,124.070752,119.715767,132.920123,124.377234,122.166585,120.398801,118.935826,102.839291,99.062147,101.011561,71.577946,94.246533,87.571557,86.631171,88.953678,105.222855,101.9238,105.653668,101.497008,95.098628,100.850425,118.064812,99.093572,106.65972,115.650622,114.447282,116.240175,110.957557,118.246186,108.010071,104.03073,98.301924,104.459316,126.528449,113.067825,117.730952,113.650902,111.799419,113.208923,116.024203,108.479689,108.434391,116.639024,109.774149,109.28138,123.977064,112.656515,125.388846,122.351026,-2.422719,7.65513,2559 = 100,สำนักงานเศรษฐกิจอุตสาหกรรม (สศอ.) กระทรวงอุตสาหกรรม,Shipment.xlsx
119,3,CLASS_5DIGIT,10,การผลิตผลิตภัณฑ์อาหาร,1080,การผลิตอาหารสัตว์สำเร็จรูป,10802,การผลิตอาหารสำเร็จรูปสำหรับปศุสัตว์,,การผลิตอาหารสำเร็จรูปสำหรับปศุสัตว์,1.20021,93.861926,89.607102,100.761351,97.836665,98.565558,102.240619,105.11737,113.144366,104.527577,99.959213,98.593422,95.78483,91.41248,86.57879,99.528432,93.928037,96.242876,92.688247,93.832793,103.313725,97.532025,98.784277,98.675645,100.846652,95.606638,91.155954,100.213895,93.993488,100.705139,99.266149,101.900091,107.074035,102.133542,101.410762,98.963987,101.2936,98.83432,93.956862,97.592239,98.140492,99.180439,96.853603,102.289692,106.480013,100.808995,104.766439,103.20555,102.910025,101.031985,94.086973,100.556904,101.347236,104.603034,101.510232,107.712461,109.585593,107.970096,109.65918,104.044513,107.968158,103.560061,93.017008,104.250162,102.527697,102.941097,102.631058,-0.301181,1.104151,2559 = 100,สำนักงานเศรษฐกิจอุตสาหกรรม (สศอ.) กระทรวงอุตสาหกรรม,Shipment.xlsx
120,4,PRODUCT_ITEM,10,การผลิตผลิตภัณฑ์อาหาร,1080,การผลิตอาหารสัตว์สำเร็จรูป,10802,การผลิตอาหารสำเร็จรูปสำหรับปศุสัตว์,10802-010,อาหารสุกรสำเร็จรูป,0.319269,97.600056,92.249259,106.166906,103.095136,102.872092,103.348708,103.374364,105.605443,101.294016,97.901663,92.892934,93.599423,82.370856,77.723133,88.796307,83.348083,82.29491,81.490707,84.541205,94.584449,91.692362,97.482298,97.110161,106.041529,100.108752,95.982504,108.600402,103.276693,107.014259,107.231695,114.408118,119.617566,116.639103,117.866641,114.702357,119.0667,112.025564,106.209722,111.449475,109.867453,110.224208,107.34975,112.838989,116.820545,109.276454,114.476125,108.561954,110.338112,105.593581,97.656884,107.520051,107.31269,109.005831,105.886461,113.974363,115.509189,113.426023,116.455135,112.990727,120.123493,113.901136,104.340124,116.81629,111.889004,113.757102,114.304619,0.481304,7.950174,2559 = 100,สำนักงานเศรษฐกิจอุตสาหกรรม (สศอ.) กระทรวงอุตสาหกรรม,Shipment.xlsx
121,4,PRODUCT_ITEM,10,การผลิตผลิตภัณฑ์อาหาร,1080,การผลิตอาหารสัตว์สำเร็จรูป,10802,การผลิตอาหารสำเร็จรูปสำหรับปศุสัตว์,10802-020,อาหารไก่สำเร็จรูป,0.627868,98.181453,90.564886,97.615806,93.847701,96.052469,99.495275,103.135123,117.252585,104.898984,100.141963,98.276484,100.537273,100.278109,91.928291,101.462948,98.720022,101.471488,98.182561,97.245764,103.76425,97.710519,100.256624,100.099305,102.319153,102.88521,93.379067,96.957337,88.728749,96.890367,95.528401,97.345303,103.991557,98.079726,95.972115,94.217946,95.806772,98.611349,91.072547,92.957171,94.016987,97.553797,97.440998,102.977978,107.844429,102.484738,105.52034,105.888183,105.448939,110.48119,99.597986,101.877865,102.476876,106.85323,102.917093,107.358585,110.21336,107.64817,109.916414,106.345412,107.862994,108.329515,92.803296,101.045058,102.139894,102.886256,102.418112,-0.455011,-0.484838,2559 = 100,สำนักงานเศรษฐกิจอุตสาหกรรม (สศอ.) กระทรวงอุตสาหกรรม,Shipment.xlsx
122,4,PRODUCT_ITEM,10,การผลิตผลิตภัณฑ์อาหาร,1080,การผลิตอาหารสัตว์สำเร็จรูป,10802,การผลิตอาหารสำเร็จรูปสำหรับปศุสัตว์,10802-030,อาหารปลาสำเร็จรูป,0.089667,80.999831,80.641951,97.270727,92.386818,87.245987,102.226222,108.444553,117.493088,111.186913,111.287667,115.285878,95.530365,83.996966,77.594283,99.875754,81.385433,86.619362,91.326722,91.923847,104.740404,94.65715,87.928996,86.638908,84.441801,70.508725,72.169312,80.452303,61.955448,76.423376,79.37154,84.696275,91.427789,87.897349,89.501742,84.85582,86.702463,76.163426,71.312969,72.483694,69.949363,65.386416,67.625255,75.36567,77.350555,73.020127,79.019376,75.229738,72.857468,60.889702,57.27135,68.047862,71.61526,76.443697,79.807497,83.169512,82.163406,80.570834,80.12533,71.599177,72.961511,59.989994,55.473483,65.771609,60.357363,60.123163,63.260277,5.217813,-20.733917,2559 = 100,สำนักงานเศรษฐกิจอุตสาหกรรม (สศอ.) กระทรวงอุตสาหกรรม,Shipment.xlsx
123,4,PRODUCT_ITEM,10,การผลิตผลิตภัณฑ์อาหาร,1080,การผลิตอาหารสัตว์สำเร็จรูป,10802,การผลิตอาหารสำเร็จรูปสำหรับปศุสัตว์,10802-040,อาหารกุ้งสำเร็จรูป,0.11017,64.005269,75.343955,102.326407,111.679403,109.606988,113.296052,118.9952,115.10195,111.93667,100.346508,106.180826,71.180772,74.420965,90.650709,119.614717,112.605028,116.358869,96.882932,107.148293,129.269967,120.698427,106.286623,103.315477,92.920978,68.287539,84.609538,116.199097,128.102657,130.665326,117.013614,113.931391,108.091302,100.061962,101.985302,95.223494,95.752808,84.593143,95.727695,107.97908,114.129619,108.017734,90.09774,95.500791,97.2739,91.021522,101.465998,99.149253,92.28994,69.073619,82.762621,101.684652,106.32536,104.262361,99.389333,114.280278,114.143629,120.775986,121.153277,96.52791,100.110574,82.594089,91.60952,118.021567,114.453882,107.742978,99.356803,-7.7835,-0.032729,2559 = 100,สำนักงานเศรษฐกิจอุตสาหกรรม (สศอ.) กระทรวงอุตสาหกรรม,Shipment.xlsx
124,4,PRODUCT_ITEM,10,การผลิตผลิตภัณฑ์อาหาร,1080,การผลิตอาหารสัตว์สำเร็จรูป,10802,การผลิตอาหารสำเร็จรูปสำหรับปศุสัตว์,10802-050,อาหารเป็ดสำเร็จรูป,0.029437,108.336053,103.890978,109.756874,100.287185,99.277956,101.959288,102.234366,99.081968,89.839858,92.82588,95.329804,97.179791,96.578371,84.406322,99.987055,92.189118,87.332587,98.376327,87.060979,98.958851,91.360667,95.744142,100.260852,103.405741,95.53063,92.604903,94.871093,90.14363,93.218582,96.513686,98.489258,100.508433,102.410975,96.079607,103.284676,106.120733,107.011197,100.639539,100.829106,100.146957,100.219352,99.721377,101.837948,105.81317,97.617726,95.870661,104.225043,111.28773,112.449945,101.569927,106.677389,100.728984,105.236741,104.118236,105.424508,109.032185,96.702906,102.143804,102.18455,114.285417,112.129635,103.934205,102.597371,93.083434,102.030365,103.79082,1.725423,-0.314465,2559 = 100,สำนักงานเศรษฐกิจอุตสาหกรรม (สศอ.) กระทรวงอุตสาหกรรม,Shipment.xlsx
125,4,PRODUCT_ITEM,10,การผลิตผลิตภัณฑ์อาหาร,1080,การผลิตอาหารสัตว์สำเร็จรูป,10802,การผลิตอาหารสำเร็จรูปสำหรับปศุสัตว์,10802-060,พรีมิกซ์,0.020345,96.989977,112.248781,102.957465,81.5681,96.86593,109.640662,108.397058,97.902558,97.598364,86.652626,91.691157,117.48732,78.743945,82.532948,101.00547,71.449574,104.08434,77.6216,84.437903,90.30469,86.118807,89.54891,111.205534,91.485574,64.986247,69.152965,83.247959,77.911855,81.010238,91.937509,69.416321,85.240862,80.375404,75.393391,80.951734,86.194803,70.8999,76.977532,79.115772,82.552949,82.490995,82.369178,78.654011,88.542563,103.663139,80.494503,87.470081,92.839775,78.243019,86.80988,84.990817,84.161899,97.519128,99.26439,103.161411,101.235375,107.323704,81.808459,86.956576,116.120715,94.500678,85.381146,110.169255,110.287378,106.718244,121.352633,13.713108,22.251931,2559 = 100,สำนักงานเศรษฐกิจอุตสาหกรรม (สศอ.) กระทรวงอุตสาหกรรม,Shipment.xlsx
126,4,PRODUCT_ITEM,10,การผลิตผลิตภัณฑ์อาหาร,1080,การผลิตอาหารสัตว์สำเร็จรูป,10802,การผลิตอาหารสำเร็จรูปสำหรับปศุสัตว์,10802-070,อาหารสำเร็จรูปสำหรับปศุสัตว์อื่น ๆ,0.003454,107.566186,103.850994,123.993349,111.773624,102.938621,105.416897,102.788946,97.503652,92.697762,89.661293,76.25158,85.557096,80.64994,78.421369,77.587291,77.900965,73.010605,70.79463,70.181112,77.101219,60.406814,74.308774,61.758825,64.998812,60.303326,59.864428,65.607391,64.224505,65.53033,59.442326,56.9722,66.251288,59.677706,58.485001,61.771521,59.166688,57.685995,60.10376,61.040832,60.30876,58.926368,55.01655,60.627374,63.83056,57.488899,62.674409,60.084001,61.611868,60.096844,58.355332,64.301072,64.153373,66.811703,63.320283,67.186384,68.33389,64.84074,62.910036,57.400724,61.067259,60.858555,56.691622,64.208945,56.850682,57.057164,68.655221,20.327083,8.425323,2559 = 100,สำนักงานเศรษฐกิจอุตสาหกรรม (สศอ.) กระทรวงอุตสาหกรรม,Shipment.xlsx
127,1,DIVISION_2DIGIT,11,การผลิตเครื่องดื่ม,,,,,,การผลิตเครื่องดื่ม,3.754835,86.589565,89.196184,126.29576,113.405854,89.764599,98.036578,95.484184,78.196136,91.278911,97.987524,115.11979,118.644915,96.783023,103.274841,122.148504,94.932789,94.295771,104.724533,94.45342,96.436028,95.019544,106.602272,117.124727,127.880291,102.790012,96.400184,126.397742,108.181292,105.392357,100.84514,106.574239,104.018903,100.706959,96.865041,117.169178,122.461967,101.285867,111.035169,134.934598,121.819161,115.561087,108.618986,104.348468,105.7867,102.845207,107.861863,123.122831,122.371989,100.642844,108.443225,130.717326,113.956075,105.772533,103.314121,89.456955,94.430565,98.969036,106.694825,118.275168,121.712899,101.405424,103.188652,127.307542,114.585077,116.892175,89.899536,-23.091913,-12.984271,2559 = 100,สำนักงานเศรษฐกิจอุตสาหกรรม (สศอ.) กระทรวงอุตสาหกรรม,Shipment.xlsx
128,2,GROUP_4DIGIT,11,การผลิตเครื่องดื่ม,1101,การต้ม  การกลั่น  และการผสมสุรา,,,,การต้ม  การกลั่น  และการผสมสุรา,0.996291,95.750345,85.209359,112.849708,111.804322,69.910133,84.913761,94.347823,71.94914,107.702776,109.123248,134.514862,121.924524,94.355485,96.321493,102.313581,84.668875,71.651068,82.904052,80.042931,85.030655,79.646043,104.94738,101.677037,117.556374,99.436271,89.43829,107.416223,81.241386,81.338732,76.622746,94.86977,96.249511,93.927847,85.988554,124.295649,112.823936,99.291989,101.023651,110.692709,107.057045,88.094943,85.24761,89.058432,96.069056,100.92132,92.157534,104.917992,101.8188,94.521795,101.728676,97.532996,91.564,77.57926,85.051576,59.73718,75.355843,90.70729,95.616041,113.934451,106.416379,105.526986,91.657905,89.525888,82.9591,135.485236,54.751395,-59.588663,-35.625654,2559 = 100,สำนักงานเศรษฐกิจอุตสาหกรรม (สศอ.) กระทรวงอุตสาหกรรม,Shipment.xlsx
129,3,CLASS_5DIGIT,11,การผลิตเครื่องดื่ม,1101,การต้ม  การกลั่น  และการผสมสุรา,11011,การผลิตสุรากลั่น,,การผลิตสุรากลั่น,0.663198,90.823357,91.60712,93.898302,98.565062,72.351008,92.275039,96.789058,77.836905,117.045343,118.257115,139.35065,111.201039,90.677392,110.218565,99.61565,69.645014,67.298058,80.181209,74.676854,86.730489,75.19105,90.189054,87.697153,108.411803,101.911448,87.81308,90.544143,68.69743,76.694199,77.953207,99.144308,101.02875,95.665782,87.405587,112.155156,105.131853,101.529432,100.906093,110.922573,102.655812,90.356716,90.26785,96.08574,103.625138,115.904628,87.371788,80.715633,93.67259,86.403229,102.512539,89.761995,71.702879,77.931272,90.992486,52.707755,69.336054,93.240219,91.801392,93.206999,103.265086,94.386989,88.498707,70.50477,68.177118,136.032421,59.424682,-56.315795,-34.692759,2559 = 100,สำนักงานเศรษฐกิจอุตสาหกรรม (สศอ.) กระทรวงอุตสาหกรรม,Shipment.xlsx
130,4,PRODUCT_ITEM,11,การผลิตเครื่องดื่ม,1101,การต้ม  การกลั่น  และการผสมสุรา,11011,การผลิตสุรากลั่น,11011-010,สุราขาว,0.663198,90.823357,91.60712,93.898302,98.565062,72.351008,92.275039,96.789058,77.836905,117.045343,118.257115,139.35065,111.201039,90.677392,110.218565,99.61565,69.645014,67.298058,80.181209,74.676854,86.730489,75.19105,90.189054,87.697153,108.411803,101.911448,87.81308,90.544143,68.69743,76.694199,77.953207,99.144308,101.02875,95.665782,87.405587,112.155156,105.131853,101.529432,100.906093,110.922573,102.655812,90.356716,90.26785,96.08574,103.625138,115.904628,87.371788,80.715633,93.67259,86.403229,102.512539,89.761995,71.702879,77.931272,90.992486,52.707755,69.336054,93.240219,91.801392,93.206999,103.265086,94.386989,88.498707,70.50477,68.177118,136.032421,59.424682,-56.315795,-34.692759,2559 = 100,สำนักงานเศรษฐกิจอุตสาหกรรม (สศอ.) กระทรวงอุตสาหกรรม,Shipment.xlsx
131,3,CLASS_5DIGIT,11,การผลิตเครื่องดื่ม,1101,การต้ม  การกลั่น  และการผสมสุรา,11012,การผลิตสุราผสม,,การผลิตสุราผสม,0.333093,105.560126,72.471223,150.582532,138.164088,65.050276,70.257234,89.487252,60.22642,89.101441,90.937442,124.88666,143.275307,101.678679,68.652002,107.685243,114.581837,80.318042,88.325314,90.726955,81.646234,88.516069,134.331652,129.511408,135.76349,94.508118,92.674131,141.009044,106.216781,90.586137,73.973757,86.359037,86.733901,90.467565,83.167198,148.467737,128.139106,94.837173,101.257713,110.235042,115.820034,83.591685,75.252161,75.06685,81.02467,71.0891,101.686098,153.105621,118.038152,110.686106,100.167982,113.005295,131.108094,76.878394,73.223042,73.732978,87.341427,85.664152,103.211124,155.203436,112.690697,127.707057,97.947964,127.397511,112.390474,134.395774,45.44674,-66.184398,-37.933827,2559 = 100,สำนักงานเศรษฐกิจอุตสาหกรรม (สศอ.) กระทรวงอุตสาหกรรม,Shipment.xlsx
132,4,PRODUCT_ITEM,11,การผลิตเครื่องดื่ม,1101,การต้ม  การกลั่น  และการผสมสุรา,11012,การผลิตสุราผสม,11012-010,สุราผสม,0.188644,109.883183,77.411866,139.477794,151.129781,66.461438,60.481536,90.374111,62.603389,94.398738,88.312554,128.256732,131.208878,96.901949,58.580551,98.440247,95.244931,68.742125,80.871477,64.595991,62.019038,74.896429,101.828238,131.816739,126.168827,74.697694,91.011118,121.802635,119.427679,66.610394,63.988024,64.819179,60.057625,69.37908,63.737506,138.079063,106.873779,63.02624,83.888055,76.488299,87.807978,62.798292,64.982932,52.986026,51.148585,49.874012,73.712797,109.632666,87.681274,83.069485,66.932332,94.509039,88.630249,58.605348,57.123938,47.228198,60.712853,56.978815,74.332712,132.967856,59.534392,94.782537,61.689382,89.344433,80.781256,93.987106,29.332344,-68.791097,-48.651397,2559 = 100,สำนักงานเศรษฐกิจอุตสาหกรรม (สศอ.) กระทรวงอุตสาหกรรม,Shipment.xlsx
133,4,PRODUCT_ITEM,11,การผลิตเครื่องดื่ม,1101,การต้ม  การกลั่น  และการผสมสุรา,11012,การผลิตสุราผสม,11012-020,สุราพิเศษ,0.144449,99.914419,66.018979,165.084791,121.23151,63.207365,83.023829,88.329056,57.122212,82.183423,94.365421,120.485506,159.033489,107.916861,81.804837,119.758767,139.834915,95.435638,98.059669,124.85275,107.278416,106.302671,176.779562,126.500757,148.293663,120.379587,94.845947,166.0917,88.963976,121.897316,87.01465,114.489067,121.571847,118.008121,108.541451,162.03485,155.91061,136.380738,123.941659,154.30668,152.402444,110.746867,88.663285,103.903355,120.041415,98.794994,138.217898,209.879231,157.682788,146.752099,143.572159,137.160524,186.582136,100.742121,94.247706,108.346958,122.117076,123.125836,140.924955,184.242044,182.1103,170.704913,145.299945,177.093019,153.670608,187.167569,66.491374,-64.474949,-29.450406,2559 = 100,สำนักงานเศรษฐกิจอุตสาหกรรม (สศอ.) กระทรวงอุตสาหกรรม,Shipment.xlsx
134,2,GROUP_4DIGIT,11,การผลิตเครื่องดื่ม,1103,การผลิตมอลต์และสุราที่ทำจากข้าวมอลต์,,,,การผลิตมอลต์และสุราที่ทำจากข้าวมอลต์,1.117564,80.269608,90.612367,132.646901,117.596709,87.786146,92.837763,97.334394,69.196464,76.78587,98.678432,122.588114,133.667232,105.750685,120.178533,145.707131,90.259809,100.139144,114.973458,92.91896,86.96551,91.627948,113.568705,139.027007,142.880984,116.547693,87.844574,129.079966,109.081083,90.347642,91.8013,96.522218,96.481916,99.019563,94.733225,120.196014,132.525266,92.941648,108.017719,146.621106,114.045569,107.716437,105.851729,98.589986,101.725767,95.535609,112.708905,137.881211,136.254589,106.857105,111.504343,147.076699,116.970388,106.938062,99.503487,92.149509,94.614476,93.994683,121.070529,126.855674,141.070869,101.487384,110.231995,148.616253,122.20017,94.001863,93.864787,-0.145822,-5.666836,2559 = 100,สำนักงานเศรษฐกิจอุตสาหกรรม (สศอ.) กระทรวงอุตสาหกรรม,Shipment.xlsx
135,3,CLASS_5DIGIT,11,การผลิตเครื่องดื่ม,1103,การผลิตมอลต์และสุราที่ทำจากข้าวมอลต์,11030,การผลิตมอลต์และสุราที่ทำจากข้าวมอลต์,,การผลิตมอลต์และสุราที่ทำจากข้าวมอลต์,1.117564,80.269608,90.612367,132.646901,117.596709,87.786146,92.837763,97.334394,69.196464,76.78587,98.678432,122.588114,133.667232,105.750685,120.178533,145.707131,90.259809,100.139144,114.973458,92.91896,86.96551,91.627948,113.568705,139.027007,142.880984,116.547693,87.844574,129.079966,109.081083,90.347642,91.8013,96.522218,96.481916,99.019563,94.733225,120.196014,132.525266,92.941648,108.017719,146.621106,114.045569,107.716437,105.851729,98.589986,101.725767,95.535609,112.708905,137.881211,136.254589,106.857105,111.504343,147.076699,116.970388,106.938062,99.503487,92.149509,94.614476,93.994683,121.070529,126.855674,141.070869,101.487384,110.231995,148.616253,122.20017,94.001863,93.864787,-0.145822,-5.666836,2559 = 100,สำนักงานเศรษฐกิจอุตสาหกรรม (สศอ.) กระทรวงอุตสาหกรรม,Shipment.xlsx
136,4,PRODUCT_ITEM,11,การผลิตเครื่องดื่ม,1103,การผลิตมอลต์และสุราที่ทำจากข้าวมอลต์,11030,การผลิตมอลต์และสุราที่ทำจากข้าวมอลต์,11030-010,เบียร์,1.117564,80.269608,90.612367,132.646901,117.596709,87.786146,92.837763,97.334394,69.196464,76.78587,98.678432,122.588114,133.667232,105.750685,120.178533,145.707131,90.259809,100.139144,114.973458,92.91896,86.96551,91.627948,113.568705,139.027007,142.880984,116.547693,87.844574,129.079966,109.081083,90.347642,91.8013,96.522218,96.481916,99.019563,94.733225,120.196014,132.525266,92.941648,108.017719,146.621106,114.045569,107.716437,105.851729,98.589986,101.725767,95.535609,112.708905,137.881211,136.254589,106.857105,111.504343,147.076699,116.970388,106.938062,99.503487,92.149509,94.614476,93.994683,121.070529,126.855674,141.070869,101.487384,110.231995,148.616253,122.20017,94.001863,93.864787,-0.145822,-5.666836,2559 = 100,สำนักงานเศรษฐกิจอุตสาหกรรม (สศอ.) กระทรวงอุตสาหกรรม,Shipment.xlsx
137,2,GROUP_4DIGIT,11,การผลิตเครื่องดื่ม,1104,การผลิตเครื่องดื่มที่ไม่มีแอลกอฮอล์  น้ำแร่และน้ำดื่มบรรจุขวดประเภทอื่นๆ,,,,การผลิตเครื่องดื่มที่ไม่มีแอลกอฮอล์  น้ำแร่และน้ำดื่มบรรจุขวดประเภทอื่นๆ,1.640979,85.331874,90.652242,130.13394,111.524077,103.166279,109.544438,94.914047,88.117979,91.177725,90.756135,98.25823,106.423034,92.149567,95.984434,118.146672,104.346804,104.064555,110.992572,104.247512,109.810352,106.663085,102.862626,111.587295,123.932275,95.456713,106.453643,136.095343,123.924584,130.242063,121.710505,120.526176,113.868902,105.971952,104.920346,110.781088,121.460066,108.179119,119.168472,141.693705,136.075803,137.579146,124.693098,117.553267,114.452231,108.991353,114.095461,124.1246,125.395953,100.126999,110.435114,139.723293,125.49817,122.095807,116.997073,105.667062,105.88619,107.372716,103.630753,115.066932,117.816452,98.847275,105.392575,135.734019,128.600077,121.192836,108.538625,-10.441385,-7.229624,2559 = 100,สำนักงานเศรษฐกิจอุตสาหกรรม (สศอ.) กระทรวงอุตสาหกรรม,Shipment.xlsx
138,3,CLASS_5DIGIT,11,การผลิตเครื่องดื่ม,1104,การผลิตเครื่องดื่มที่ไม่มีแอลกอฮอล์  น้ำแร่และน้ำดื่มบรรจุขวดประเภทอื่นๆ,11041,การผลิตน้ำดื่มบริสุทธิ์และน้ำแร่บรรจุขวด,,การผลิตน้ำดื่มบริสุทธิ์และน้ำแร่บรรจุขวด,0.362521,80.688818,91.564681,123.291854,101.008072,91.108395,103.518207,105.153883,107.823664,91.946155,93.003355,104.408956,106.483961,95.041221,92.849141,120.081718,107.953937,108.383562,107.267646,108.49871,112.007267,103.500402,95.036113,103.894084,111.650518,100.366474,99.505108,122.36656,116.23016,123.265216,114.684656,114.018983,113.028027,102.445201,100.649492,108.158631,112.034781,109.441027,108.328666,127.037424,117.400215,123.877399,118.219113,109.977221,116.875216,108.860202,116.311543,117.055878,113.712171,110.610602,110.242737,129.470634,114.777538,116.950507,114.381156,111.281347,113.515743,106.899137,108.705936,111.758027,109.539136,102.130578,103.823126,133.376176,124.031476,117.006374,106.931184,-8.610805,-6.513286,2559 = 100,สำนักงานเศรษฐกิจอุตสาหกรรม (สศอ.) กระทรวงอุตสาหกรรม,Shipment.xlsx
139,4,PRODUCT_ITEM,11,การผลิตเครื่องดื่ม,1104,การผลิตเครื่องดื่มที่ไม่มีแอลกอฮอล์  น้ำแร่และน้ำดื่มบรรจุขวดประเภทอื่นๆ,11041,การผลิตน้ำดื่มบริสุทธิ์และน้ำแร่บรรจุขวด,11041-010,น้ำดื่มบริสุทธิ์,0.329963,81.472579,90.501148,123.021015,101.14655,92.201818,104.243964,105.944123,105.770862,91.034453,93.194331,104.171089,107.298069,94.538597,91.112999,119.808812,106.794738,108.400845,106.423189,106.522293,110.347979,100.506462,92.872272,102.798676,110.953132,98.627902,96.575273,120.303321,114.488956,123.279617,112.552355,111.329447,109.744566,99.789663,98.311588,104.925259,109.73864,106.004575,104.7903,124.153149,114.062805,121.570068,114.340367,105.744437,111.58097,106.193911,111.687644,112.736088,110.655883,104.771973,105.29947,123.783168,110.742382,111.603052,108.018284,106.09721,108.377873,100.606185,103.176054,105.060711,106.174329,96.621438,97.989331,128.677001,120.364191,112.794353,102.556235,-9.0768,-5.056597,2559 = 100,สำนักงานเศรษฐกิจอุตสาหกรรม (สศอ.) กระทรวงอุตสาหกรรม,Shipment.xlsx
140,4,PRODUCT_ITEM,11,การผลิตเครื่องดื่ม,1104,การผลิตเครื่องดื่มที่ไม่มีแอลกอฮอล์  น้ำแร่และน้ำดื่มบรรจุขวดประเภทอื่นๆ,11041,การผลิตน้ำดื่มบริสุทธิ์และน้ำแร่บรรจุขวด,11041-020,น้ำแร่,0.032558,72.745608,102.343297,126.03673,99.604633,80.026854,96.162855,97.145019,128.628263,101.186016,91.067865,106.81967,98.23319,100.135173,110.444474,122.847552,119.702108,108.208399,115.825992,128.529163,128.823708,133.843183,116.966058,114.995743,118.718334,117.986437,129.198207,143.276932,133.876789,123.119264,136.294956,141.276712,146.305026,129.35837,124.34352,140.927989,135.305552,144.268548,144.189057,156.268775,151.223966,147.261587,157.529168,152.875359,170.530982,135.882345,163.173526,160.835785,144.686831,169.783542,160.341414,187.111575,155.672767,171.145529,178.867155,163.821182,165.586675,170.676519,164.749809,179.633531,143.640547,157.964236,162.94707,181.001048,161.198426,159.694087,151.270119,-5.275065,-15.428789,2559 = 100,สำนักงานเศรษฐกิจอุตสาหกรรม (สศอ.) กระทรวงอุตสาหกรรม,Shipment.xlsx
141,3,CLASS_5DIGIT,11,การผลิตเครื่องดื่ม,1104,การผลิตเครื่องดื่มที่ไม่มีแอลกอฮอล์  น้ำแร่และน้ำดื่มบรรจุขวดประเภทอื่นๆ,11042,การผลิตน้ำอัดลมและโซดา,,การผลิตน้ำอัดลมและโซดา,0.53163,85.25778,91.145789,137.033457,122.460038,98.138995,106.916411,86.735435,86.8452,85.755442,94.363993,102.234203,103.113256,96.390796,98.931015,118.944137,108.062866,102.915897,105.493007,105.836007,96.21116,86.868415,88.450912,102.786244,116.014967,94.715433,107.867512,143.972883,144.411368,139.174042,114.742071,113.103283,114.878151,102.127827,102.084312,113.400407,124.207403,109.846832,122.846726,158.088565,152.14389,138.639294,121.999233,109.556651,108.705113,100.507999,113.907611,122.55604,127.668506,96.643765,117.40624,151.74348,144.760526,117.546919,109.325661,103.779545,114.8337,106.632909,116.167661,110.191975,133.524757,105.777748,118.572823,160.123033,155.775118,138.927222,126.04565,-9.272173,15.293747,2559 = 100,สำนักงานเศรษฐกิจอุตสาหกรรม (สศอ.) กระทรวงอุตสาหกรรม,Shipment.xlsx
142,4,PRODUCT_ITEM,11,การผลิตเครื่องดื่ม,1104,การผลิตเครื่องดื่มที่ไม่มีแอลกอฮอล์  น้ำแร่และน้ำดื่มบรรจุขวดประเภทอื่นๆ,11042,การผลิตน้ำอัดลมและโซดา,11042-010,น้ำอัดลม,0.467194,84.335055,91.267183,136.763037,122.934766,98.936826,107.368965,86.972117,88.49337,86.381489,94.597224,101.32756,100.622408,95.607491,97.1742,117.744153,109.051731,103.638007,105.96088,105.493952,93.587053,83.238506,84.808599,100.11843,114.597687,93.14123,109.555801,144.919168,146.97909,143.652621,114.210807,113.527275,115.720882,102.177785,101.50208,115.271938,126.646582,109.943746,125.578034,160.611149,156.599857,142.411218,123.440373,109.786322,109.543481,101.234343,114.505114,124.864343,129.698287,95.731768,120.415615,155.827854,148.673128,119.150174,110.86287,105.047854,116.993081,107.422206,116.790639,112.256194,136.454165,105.523402,121.662235,165.004788,160.198024,141.716223,129.209613,-8.825109,16.549042,2559 = 100,สำนักงานเศรษฐกิจอุตสาหกรรม (สศอ.) กระทรวงอุตสาหกรรม,Shipment.xlsx
143,4,PRODUCT_ITEM,11,การผลิตเครื่องดื่ม,1104,การผลิตเครื่องดื่มที่ไม่มีแอลกอฮอล์  น้ำแร่และน้ำดื่มบรรจุขวดประเภทอื่นๆ,11042,การผลิตน้ำอัดลมและโซดา,11042-020,น้ำโซดา,0.064436,91.948034,90.265619,138.994149,119.018003,92.354288,103.635151,85.019357,74.895071,81.216258,92.672941,108.807862,121.173266,102.07019,111.668882,127.644681,100.893053,97.680199,102.100677,108.316086,115.237374,113.187247,114.859676,122.129355,126.291025,106.129264,95.626491,137.111797,125.793984,106.701892,118.594024,110.029111,108.767888,101.765602,106.305813,99.830779,106.522019,109.144147,103.043251,139.798451,119.835691,111.290781,111.550177,107.891406,102.626483,95.241611,109.57539,105.81958,112.951486,103.256242,95.586623,122.129536,116.392021,105.922443,98.180054,94.583611,99.177004,100.91007,111.650727,95.225255,112.284943,107.621895,96.172897,124.72764,123.706624,118.705437,103.10519,-13.141981,5.016433,2559 = 100,สำนักงานเศรษฐกิจอุตสาหกรรม (สศอ.) กระทรวงอุตสาหกรรม,Shipment.xlsx
144,3,CLASS_5DIGIT,11,การผลิตเครื่องดื่ม,1104,การผลิตเครื่องดื่มที่ไม่มีแอลกอฮอล์  น้ำแร่และน้ำดื่มบรรจุขวดประเภทอื่นๆ,11043,การผลิตเครื่องดื่มกาแฟ  ชา  และชาชงสมุนไพรพร้อมดื่ม,,การผลิตเครื่องดื่มกาแฟ  ชา  และชาชงสมุนไพรพร้อมดื่ม,0.226317,79.109189,88.794389,118.705485,104.145019,108.946842,105.578079,92.061653,86.031471,100.537466,88.9745,109.075515,118.040394,83.406435,105.561499,126.34598,117.086944,122.770507,121.266061,107.565602,115.364668,110.049453,100.587297,115.985708,126.853548,99.496755,111.797048,127.644421,115.40862,108.988572,121.92574,120.512242,108.189635,110.418411,105.205066,121.358354,125.064095,108.070086,118.760729,131.412089,128.233214,127.153102,132.823416,125.920627,126.390248,131.446539,121.025411,132.310548,141.858338,82.880587,94.033904,101.1165,108.634707,118.522648,117.181511,99.98107,101.076991,125.504787,66.730385,109.087717,110.362955,93.053321,104.878449,124.374872,117.368107,106.863157,105.134648,-1.617497,-10.280514,2559 = 100,สำนักงานเศรษฐกิจอุตสาหกรรม (สศอ.) กระทรวงอุตสาหกรรม,Shipment.xlsx
145,4,PRODUCT_ITEM,11,การผลิตเครื่องดื่ม,1104,การผลิตเครื่องดื่มที่ไม่มีแอลกอฮอล์  น้ำแร่และน้ำดื่มบรรจุขวดประเภทอื่นๆ,11043,การผลิตเครื่องดื่มกาแฟ  ชา  และชาชงสมุนไพรพร้อมดื่ม,11043-010,น้ำชา,0.115055,78.853416,83.547611,120.387125,104.447439,112.970294,116.91826,90.384372,82.693747,103.402853,82.198032,102.784259,121.412591,80.168799,104.126018,139.82406,108.494965,110.228621,131.866759,109.88868,124.047239,121.716651,97.953107,109.821255,127.818651,99.951885,125.645006,157.186522,122.907623,132.945303,144.292756,127.681542,122.737396,118.627336,121.057241,125.351102,140.313196,109.217046,132.404329,162.915515,143.720651,144.756702,148.888987,129.745531,122.166916,128.133628,108.753391,132.300831,141.732573,110.008378,120.386624,145.162406,134.911624,148.014496,135.620224,114.945708,122.612569,117.359342,94.545993,103.620263,116.826982,79.185668,111.169529,129.665616,120.217942,106.237681,120.685356,13.599388,-11.012272,2559 = 100,สำนักงานเศรษฐกิจอุตสาหกรรม (สศอ.) กระทรวงอุตสาหกรรม,Shipment.xlsx
146,4,PRODUCT_ITEM,11,การผลิตเครื่องดื่ม,1104,การผลิตเครื่องดื่มที่ไม่มีแอลกอฮอล์  น้ำแร่และน้ำดื่มบรรจุขวดประเภทอื่นๆ,11043,การผลิตเครื่องดื่มกาแฟ  ชา  และชาชงสมุนไพรพร้อมดื่ม,11043-020,เครื่องดื่มกาแฟสำเร็จรูป,0.111263,79.373678,94.219973,116.966537,103.832292,104.786273,93.851431,93.796095,89.482942,97.574428,95.981905,115.581172,114.553274,86.754407,107.045899,112.408576,125.971731,135.739813,110.304098,105.163354,106.3862,97.984645,103.311258,122.360241,125.855556,99.026114,97.47716,97.095545,107.654057,84.215413,98.796472,113.098617,93.146096,101.929732,88.81266,117.229535,109.295316,106.884039,104.652164,98.835047,112.217975,108.949584,116.210341,121.965372,130.757509,134.872351,133.715654,132.320595,141.988389,54.8283,66.783102,55.569538,81.46229,88.025737,98.114418,84.506446,78.807495,133.927824,37.966839,114.741498,103.678639,107.393574,98.372973,118.903824,114.421151,107.509948,89.053984,-17.16675,-9.23456,2559 = 100,สำนักงานเศรษฐกิจอุตสาหกรรม (สศอ.) กระทรวงอุตสาหกรรม,Shipment.xlsx
147,3,CLASS_5DIGIT,11,การผลิตเครื่องดื่ม,1104,การผลิตเครื่องดื่มที่ไม่มีแอลกอฮอล์  น้ำแร่และน้ำดื่มบรรจุขวดประเภทอื่นๆ,11044,การผลิตเครื่องดื่มให้พลังงาน  รวมถึงเครื่องดื่มเกลือแร่,,การผลิตเครื่องดื่มให้พลังงาน  รวมถึงเครื่องดื่มเกลือแร่,0.332725,91.761939,97.587745,124.491938,110.581833,117.467241,121.273671,91.862009,80.430703,88.064112,82.965712,83.606586,109.906511,94.65639,90.052737,105.917183,90.753586,98.039522,108.616521,87.209515,97.916439,101.665063,86.763143,93.870649,102.939032,63.298177,77.086067,102.055354,70.122976,98.47232,104.376124,87.612391,65.160814,88.280781,82.945265,86.359005,98.384813,75.102623,83.468442,102.705179,80.311059,99.416433,93.969158,81.613927,84.726018,83.017769,81.20434,93.206166,94.326851,62.215077,78.130507,99.786078,73.916673,89.070005,87.640809,73.847401,76.991776,76.69402,67.674659,77.331719,76.691079,63.473306,61.42204,86.173206,71.313652,76.388264,68.84222,-9.878539,-21.449585,2559 = 100,สำนักงานเศรษฐกิจอุตสาหกรรม (สศอ.) กระทรวงอุตสาหกรรม,Shipment.xlsx
148,4,PRODUCT_ITEM,11,การผลิตเครื่องดื่ม,1104,การผลิตเครื่องดื่มที่ไม่มีแอลกอฮอล์  น้ำแร่และน้ำดื่มบรรจุขวดประเภทอื่นๆ,11044,การผลิตเครื่องดื่มให้พลังงาน  รวมถึงเครื่องดื่มเกลือแร่,11044-010,เครื่องดื่มบำรุงกำลัง,0.332725,91.761939,97.587745,124.491938,110.581833,117.467241,121.273671,91.862009,80.430703,88.064112,82.965712,83.606586,109.906511,94.65639,90.052737,105.917183,90.753586,98.039522,108.616521,87.209515,97.916439,101.665063,86.763143,93.870649,102.939032,63.298177,77.086067,102.055354,70.122976,98.47232,104.376124,87.612391,65.160814,88.280781,82.945265,86.359005,98.384813,75.102623,83.468442,102.705179,80.311059,99.416433,93.969158,81.613927,84.726018,83.017769,81.20434,93.206166,94.326851,62.215077,78.130507,99.786078,73.916673,89.070005,87.640809,73.847401,76.991776,76.69402,67.674659,77.331719,76.691079,63.473306,61.42204,86.173206,71.313652,76.388264,68.84222,-9.878539,-21.449585,2559 = 100,สำนักงานเศรษฐกิจอุตสาหกรรม (สศอ.) กระทรวงอุตสาหกรรม,Shipment.xlsx
149,3,CLASS_5DIGIT,11,การผลิตเครื่องดื่ม,1104,การผลิตเครื่องดื่มที่ไม่มีแอลกอฮอล์  น้ำแร่และน้ำดื่มบรรจุขวดประเภทอื่นๆ,11049,การผลิตเครื่องดื่มอื่นๆ ที่ไม่มีแอลกอฮอล์,,การผลิตเครื่องดื่มอื่นๆ ที่ไม่มีแอลกอฮอล์,0.187787,90.611579,77.444113,147.579821,111.427738,108.370945,112.616134,107.145321,69.814649,99.281485,92.154378,88.051489,95.502347,80.655628,92.663043,123.94024,95.593535,87.10981,125.581458,117.732929,158.448875,173.582348,190.039287,177.444904,203.731916,140.187267,161.459402,210.794873,186.370143,200.328834,185.45577,212.436897,205.781649,149.649976,159.786917,138.952412,168.419479,159.758765,193.426946,205.045228,234.896697,241.211849,189.456357,208.411389,164.327013,152.219142,160.274505,187.127793,176.726521,177.70789,168.075537,242.776416,203.37882,207.729003,195.556905,163.403794,122.818456,142.886118,166.520315,209.322069,171.174789,142.547675,149.636323,172.742625,175.524356,175.723845,136.516277,-22.312036,-30.191022,2559 = 100,สำนักงานเศรษฐกิจอุตสาหกรรม (สศอ.) กระทรวงอุตสาหกรรม,Shipment.xlsx
150,4,PRODUCT_ITEM,11,การผลิตเครื่องดื่ม,1104,การผลิตเครื่องดื่มที่ไม่มีแอลกอฮอล์  น้ำแร่และน้ำดื่มบรรจุขวดประเภทอื่นๆ,11049,การผลิตเครื่องดื่มอื่นๆ ที่ไม่มีแอลกอฮอล์,11049-010,เครื่องดื่มรสผลไม้,0.187787,90.611579,77.444113,147.579821,111.427738,108.370945,112.616134,107.145321,69.814649,99.281485,92.154378,88.051489,95.502347,80.655628,92.663043,123.94024,95.593535,87.10981,125.581458,117.732929,158.448875,173.582348,190.039287,177.444904,203.731916,140.187267,161.459402,210.794873,186.370143,200.328834,185.45577,212.436897,205.781649,149.649976,159.786917,138.952412,168.419479,159.758765,193.426946,205.045228,234.896697,241.211849,189.456357,208.411389,164.327013,152.219142,160.274505,187.127793,176.726521,177.70789,168.075537,242.776416,203.37882,207.729003,195.556905,163.403794,122.818456,142.886118,166.520315,209.322069,171.174789,142.547675,149.636323,172.742625,175.524356,175.723845,136.516277,-22.312036,-30.191022,2559 = 100,สำนักงานเศรษฐกิจอุตสาหกรรม (สศอ.) กระทรวงอุตสาหกรรม,Shipment.xlsx
151,1,DIVISION_2DIGIT,12,การผลิตผลิตภัณฑ์ยาสูบ,,,,,,การผลิตผลิตภัณฑ์ยาสูบ,3.198314,96.463929,83.663799,134.977392,109.084163,99.685156,108.881054,94.07927,135.601001,172.006867,26.576639,48.655043,90.325687,86.182154,86.066802,96.34029,93.817022,93.708514,84.131967,80.007239,86.977588,87.398793,77.451476,82.549817,100.49038,83.181337,81.579518,101.250653,112.641784,160.27847,143.93317,83.674808,115.380267,59.595068,58.194052,69.272197,82.107962,80.632404,71.340786,84.002305,86.273038,82.956814,74.632628,82.565092,75.807536,91.821189,48.102245,67.333615,81.138657,68.993082,75.003038,81.050158,76.562673,76.216471,79.334889,77.504793,73.379892,76.915343,59.95895,78.085668,83.500699,68.225654,83.614964,91.252375,79.782481,66.907777,75.802982,13.294725,-4.451895,2559 = 100,สำนักงานเศรษฐกิจอุตสาหกรรม (สศอ.) กระทรวงอุตสาหกรรม,Shipment.xlsx
152,2,GROUP_4DIGIT,12,การผลิตผลิตภัณฑ์ยาสูบ,1200,การผลิตผลิตภัณฑ์ยาสูบ,,,,การผลิตผลิตภัณฑ์ยาสูบ,3.198314,96.463929,83.663799,134.977392,109.084163,99.685156,108.881054,94.07927,135.601001,172.006867,26.576639,48.655043,90.325687,86.182154,86.066802,96.34029,93.817022,93.708514,84.131967,80.007239,86.977588,87.398793,77.451476,82.549817,100.49038,83.181337,81.579518,101.250653,112.641784,160.27847,143.93317,83.674808,115.380267,59.595068,58.194052,69.272197,82.107962,80.632404,71.340786,84.002305,86.273038,82.956814,74.632628,82.565092,75.807536,91.821189,48.102245,67.333615,81.138657,68.993082,75.003038,81.050158,76.562673,76.216471,79.334889,77.504793,73.379892,76.915343,59.95895,78.085668,83.500699,68.225654,83.614964,91.252375,79.782481,66.907777,75.802982,13.294725,-4.451895,2559 = 100,สำนักงานเศรษฐกิจอุตสาหกรรม (สศอ.) กระทรวงอุตสาหกรรม,Shipment.xlsx
153,3,CLASS_5DIGIT,12,การผลิตผลิตภัณฑ์ยาสูบ,1200,การผลิตผลิตภัณฑ์ยาสูบ,12002,การผลิตบุหรี่และซิการ์,,การผลิตบุหรี่และซิการ์,3.198314,96.463929,83.663799,134.977392,109.084163,99.685156,108.881054,94.07927,135.601001,172.006867,26.576639,48.655043,90.325687,86.182154,86.066802,96.34029,93.817022,93.708514,84.131967,80.007239,86.977588,87.398793,77.451476,82.549817,100.49038,83.181337,81.579518,101.250653,112.641784,160.27847,143.93317,83.674808,115.380267,59.595068,58.194052,69.272197,82.107962,80.632404,71.340786,84.002305,86.273038,82.956814,74.632628,82.565092,75.807536,91.821189,48.102245,67.333615,81.138657,68.993082,75.003038,81.050158,76.562673,76.216471,79.334889,77.504793,73.379892,76.915343,59.95895,78.085668,83.500699,68.225654,83.614964,91.252375,79.782481,66.907777,75.802982,13.294725,-4.451895,2559 = 100,สำนักงานเศรษฐกิจอุตสาหกรรม (สศอ.) กระทรวงอุตสาหกรรม,Shipment.xlsx
154,4,PRODUCT_ITEM,12,การผลิตผลิตภัณฑ์ยาสูบ,1200,การผลิตผลิตภัณฑ์ยาสูบ,12002,การผลิตบุหรี่และซิการ์,12002-010,บุหรี่,3.198314,96.463929,83.663799,134.977392,109.084163,99.685156,108.881054,94.07927,135.601001,172.006867,26.576639,48.655043,90.325687,86.182154,86.066802,96.34029,93.817022,93.708514,84.131967,80.007239,86.977588,87.398793,77.451476,82.549817,100.49038,83.181337,81.579518,101.250653,112.641784,160.27847,143.93317,83.674808,115.380267,59.595068,58.194052,69.272197,82.107962,80.632404,71.340786,84.002305,86.273038,82.956814,74.632628,82.565092,75.807536,91.821189,48.102245,67.333615,81.138657,68.993082,75.003038,81.050158,76.562673,76.216471,79.334889,77.504793,73.379892,76.915343,59.95895,78.085668,83.500699,68.225654,83.614964,91.252375,79.782481,66.907777,75.802982,13.294725,-4.451895,2559 = 100,สำนักงานเศรษฐกิจอุตสาหกรรม (สศอ.) กระทรวงอุตสาหกรรม,Shipment.xlsx
155,1,DIVISION_2DIGIT,13,การผลิตสิ่งทอ,,,,,,การผลิตสิ่งทอ,1.566351,101.460312,90.744728,118.430076,89.174769,90.595086,97.21858,89.016249,91.766656,106.269289,108.41592,107.049531,109.858805,105.221717,105.377206,109.012208,95.631854,100.899306,100.197201,94.904889,97.247849,100.692845,88.214649,91.861416,80.44798,86.388723,80.795649,89.987087,68.883518,80.314005,75.969263,77.359618,81.562828,85.306497,85.723342,86.574375,77.6169,84.762628,86.995761,92.727404,74.586774,86.64942,77.899142,80.885485,90.982751,89.433844,86.610992,87.03079,80.579695,86.570742,82.149016,89.234207,83.68831,91.645109,89.740683,91.852422,91.069876,89.796048,91.319315,87.874843,84.920037,86.056127,80.193911,96.849648,81.406618,84.995616,80.273219,-5.556048,-10.549802,2559 = 100,สำนักงานเศรษฐกิจอุตสาหกรรม (สศอ.) กระทรวงอุตสาหกรรม,Shipment.xlsx
156,2,GROUP_4DIGIT,13,การผลิตสิ่งทอ,1311,การเตรียมและการปั่นเส้นใยสิ่งทอ,,,,การเตรียมและการปั่นเส้นใยสิ่งทอ,0.54813,100.753234,88.517373,110.264562,87.767241,91.115581,105.591352,101.529794,98.244213,103.173039,107.68047,106.120471,99.24267,107.643019,107.812505,113.735431,89.583559,103.088586,102.616404,98.033992,96.95968,108.838542,94.228745,94.927655,77.50071,82.985454,80.37926,88.779607,69.094884,80.685274,73.595031,88.600806,91.612877,88.091782,96.044555,98.381433,84.193707,104.046335,107.565312,108.787714,82.358715,98.47708,91.611656,101.726897,113.181531,101.569692,99.743386,95.681093,86.523232,101.09341,99.55548,106.100846,91.232201,98.512724,98.291891,108.052249,97.447206,94.37309,104.614709,87.356156,75.991708,86.060125,82.31462,106.844938,80.991804,84.151956,87.83922,4.381674,-10.634317,2559 = 100,สำนักงานเศรษฐกิจอุตสาหกรรม (สศอ.) กระทรวงอุตสาหกรรม,Shipment.xlsx
157,3,CLASS_5DIGIT,13,การผลิตสิ่งทอ,1311,การเตรียมและการปั่นเส้นใยสิ่งทอ,13112,การปั่นด้ายจากเส้นใยธรรมชาติ,,การปั่นด้ายจากเส้นใยธรรมชาติ,0.180773,83.337636,78.942031,91.608588,75.384284,84.620041,116.825354,117.131928,119.429323,109.668362,107.79194,112.30853,102.951983,103.952089,99.391781,113.103487,84.079133,99.884255,99.895867,90.484613,85.665892,86.039952,75.792907,65.430214,59.033579,71.766687,73.206237,77.247419,58.060592,67.512525,64.477956,60.502235,69.70869,67.078614,68.561025,75.013379,67.889391,74.504423,84.405852,92.024653,71.223793,78.827865,79.026546,88.893101,84.49777,82.14559,79.844687,85.223331,70.504037,80.901058,79.147492,77.45362,66.79651,79.192146,73.363226,67.273905,69.089854,72.796524,77.059258,70.22996,63.811271,80.746095,83.708969,90.497394,71.867216,69.873784,98.045045,40.317355,33.643313,2559 = 100,สำนักงานเศรษฐกิจอุตสาหกรรม (สศอ.) กระทรวงอุตสาหกรรม,Shipment.xlsx
158,4,PRODUCT_ITEM,13,การผลิตสิ่งทอ,1311,การเตรียมและการปั่นเส้นใยสิ่งทอ,13112,การปั่นด้ายจากเส้นใยธรรมชาติ,13112-010,ด้ายฝ้ายบริสุทธิ์,0.180773,83.337636,78.942031,91.608588,75.384284,84.620041,116.825354,117.131928,119.429323,109.668362,107.79194,112.30853,102.951983,103.952089,99.391781,113.103487,84.079133,99.884255,99.895867,90.484613,85.665892,86.039952,75.792907,65.430214,59.033579,71.766687,73.206237,77.247419,58.060592,67.512525,64.477956,60.502235,69.70869,67.078614,68.561025,75.013379,67.889391,74.504423,84.405852,92.024653,71.223793,78.827865,79.026546,88.893101,84.49777,82.14559,79.844687,85.223331,70.504037,80.901058,79.147492,77.45362,66.79651,79.192146,73.363226,67.273905,69.089854,72.796524,77.059258,70.22996,63.811271,80.746095,83.708969,90.497394,71.867216,69.873784,98.045045,40.317355,33.643313,2559 = 100,สำนักงานเศรษฐกิจอุตสาหกรรม (สศอ.) กระทรวงอุตสาหกรรม,Shipment.xlsx
159,3,CLASS_5DIGIT,13,การผลิตสิ่งทอ,1311,การเตรียมและการปั่นเส้นใยสิ่งทอ,13113,การปั่นด้ายจากเส้นใยประดิษฐ์,,การปั่นด้ายจากเส้นใยประดิษฐ์,0.367358,109.323258,93.229293,119.444961,93.860757,94.311964,100.063224,93.852156,87.819254,99.976762,107.625617,103.075396,97.417358,109.459285,111.95625,114.046403,92.292227,104.665401,103.95515,101.748958,102.517229,120.057477,103.300818,109.44302,86.588181,88.506085,83.909025,94.45447,74.524737,87.167438,78.081442,102.427802,102.391685,98.43213,109.568896,109.880593,92.216881,118.583583,118.961827,117.036632,87.838088,108.146241,97.804649,108.042266,127.296493,111.128077,109.535316,100.827241,94.406101,111.029843,109.598026,120.19783,103.256734,108.020167,110.559011,128.118821,111.401545,104.99068,118.174442,95.783768,81.985567,88.6751,81.628476,114.889384,85.481913,91.178086,82.817046,-9.17001,-25.092451,2559 = 100,สำนักงานเศรษฐกิจอุตสาหกรรม (สศอ.) กระทรวงอุตสาหกรรม,Shipment.xlsx
160,4,PRODUCT_ITEM,13,การผลิตสิ่งทอ,1311,การเตรียมและการปั่นเส้นใยสิ่งทอ,13113,การปั่นด้ายจากเส้นใยประดิษฐ์,13113-010,ด้ายจากเส้นใยประดิษฐ์,0.367358,109.323258,93.229293,119.444961,93.860757,94.311964,100.063224,93.852156,87.819254,99.976762,107.625617,103.075396,97.417358,109.459285,111.95625,114.046403,92.292227,104.665401,103.95515,101.748958,102.517229,120.057477,103.300818,109.44302,86.588181,88.506085,83.909025,94.45447,74.524737,87.167438,78.081442,102.427802,102.391685,98.43213,109.568896,109.880593,92.216881,118.583583,118.961827,117.036632,87.838088,108.146241,97.804649,108.042266,127.296493,111.128077,109.535316,100.827241,94.406101,111.029843,109.598026,120.19783,103.256734,108.020167,110.559011,128.118821,111.401545,104.99068,118.174442,95.783768,81.985567,88.6751,81.628476,114.889384,85.481913,91.178086,82.817046,-9.17001,-25.092451,2559 = 100,สำนักงานเศรษฐกิจอุตสาหกรรม (สศอ.) กระทรวงอุตสาหกรรม,Shipment.xlsx
161,2,GROUP_4DIGIT,13,การผลิตสิ่งทอ,1312,การทอผ้า,,,,การทอผ้า,0.750787,101.108657,86.41024,120.509115,92.833516,87.717575,90.002367,79.017777,88.742598,110.376643,111.937646,111.195052,120.148814,104.139089,104.547636,107.620665,95.6066,94.414963,91.252813,89.10036,94.609015,88.937889,80.877573,90.133601,84.917061,86.984004,79.088247,89.773657,61.354994,73.497679,71.713632,66.395201,71.918381,81.6709,80.003707,74.264427,72.567548,69.816755,71.197016,83.438138,65.32886,77.652181,64.234572,63.801777,76.383199,78.393522,78.016206,76.81875,71.454462,74.943277,66.221281,78.639613,79.832225,87.057598,84.626457,85.299104,89.138451,85.550951,88.824164,92.554912,94.152595,91.794375,82.457973,92.427543,81.093649,80.15939,76.975672,-3.971734,-9.040654,2559 = 100,สำนักงานเศรษฐกิจอุตสาหกรรม (สศอ.) กระทรวงอุตสาหกรรม,Shipment.xlsx
162,3,CLASS_5DIGIT,13,การผลิตสิ่งทอ,1312,การทอผ้า,13121,การทอผ้าจากเส้นใยธรรมชาติ,,การทอผ้าจากเส้นใยธรรมชาติ,0.27241,84.930325,88.03231,124.350056,94.768341,80.701599,94.476651,69.016899,93.104712,107.616068,126.751235,120.427147,115.824657,88.685429,103.294826,77.765108,76.968686,77.935339,67.430213,59.693764,70.44952,67.721394,58.23571,62.321145,55.826977,71.372114,63.684721,74.101398,49.988946,59.396971,57.933206,54.946812,53.577033,62.144744,59.804263,47.856922,46.978102,53.647698,52.933719,54.75411,45.419499,52.498176,45.301576,40.912087,48.882554,42.71414,51.663386,50.425116,44.139246,44.808653,43.319528,67.769873,38.131094,47.775275,49.42909,41.233466,41.951924,47.828068,42.810561,48.334294,54.605514,54.000055,58.868149,64.052706,46.716779,47.191635,46.842475,-0.739876,-5.232981,2559 = 100,สำนักงานเศรษฐกิจอุตสาหกรรม (สศอ.) กระทรวงอุตสาหกรรม,Shipment.xlsx
163,4,PRODUCT_ITEM,13,การผลิตสิ่งทอ,1312,การทอผ้า,13121,การทอผ้าจากเส้นใยธรรมชาติ,13121-010,ผ้าทอ (ฝ้าย),0.27241,84.930325,88.03231,124.350056,94.768341,80.701599,94.476651,69.016899,93.104712,107.616068,126.751235,120.427147,115.824657,88.685429,103.294826,77.765108,76.968686,77.935339,67.430213,59.693764,70.44952,67.721394,58.23571,62.321145,55.826977,71.372114,63.684721,74.101398,49.988946,59.396971,57.933206,54.946812,53.577033,62.144744,59.804263,47.856922,46.978102,53.647698,52.933719,54.75411,45.419499,52.498176,45.301576,40.912087,48.882554,42.71414,51.663386,50.425116,44.139246,44.808653,43.319528,67.769873,38.131094,47.775275,49.42909,41.233466,41.951924,47.828068,42.810561,48.334294,54.605514,54.000055,58.868149,64.052706,46.716779,47.191635,46.842475,-0.739876,-5.232981,2559 = 100,สำนักงานเศรษฐกิจอุตสาหกรรม (สศอ.) กระทรวงอุตสาหกรรม,Shipment.xlsx
164,3,CLASS_5DIGIT,13,การผลิตสิ่งทอ,1312,การทอผ้า,13122,การทอผ้าจากเส้นใยประดิษฐ์,,การทอผ้าจากเส้นใยประดิษฐ์,0.397534,100.925782,83.365148,110.776607,87.249316,93.652424,86.329167,84.240502,89.207552,118.986441,108.133814,110.476577,126.656669,121.088118,112.160312,131.33471,105.625456,108.448438,107.546685,109.14503,111.795122,104.43805,95.101049,103.827876,93.294239,90.401723,89.225153,102.801477,66.335244,82.221458,81.799722,73.481207,82.238806,95.798273,87.5016,87.02792,87.826597,78.611698,82.366029,96.95433,75.265497,89.388319,76.093695,79.212639,79.964246,88.412765,96.66394,98.888206,90.200663,97.628824,82.016831,87.98657,111.172846,117.76712,112.025396,119.901101,128.163947,116.402875,125.954444,127.994253,125.493349,123.33306,107.366565,116.358826,107.055162,108.582797,102.028309,-6.036397,-8.923947,2559 = 100,สำนักงานเศรษฐกิจอุตสาหกรรม (สศอ.) กระทรวงอุตสาหกรรม,Shipment.xlsx
165,4,PRODUCT_ITEM,13,การผลิตสิ่งทอ,1312,การทอผ้า,13122,การทอผ้าจากเส้นใยประดิษฐ์,13122-010,ผ้าทอ (ใยสังเคราะห์ โพลีเอสเตอร์ (Filament)),0.177056,90.980318,69.852711,103.46666,78.259733,99.235251,78.571624,91.841126,99.005082,133.932656,112.141745,111.757489,130.955606,127.700015,107.182709,131.500773,113.027138,114.094895,119.391898,120.326152,130.235525,120.495504,115.147468,107.875041,96.821767,100.556854,95.204795,109.376724,77.229435,83.462161,92.59616,87.057499,94.803095,121.486504,108.472808,95.426487,96.267632,78.54724,88.807096,116.327081,92.54121,102.159578,92.404653,92.236056,93.274729,115.302407,125.235977,122.799341,109.045437,107.37947,83.673771,94.114465,155.91989,165.537725,173.865837,171.878412,180.621536,184.502809,187.189483,174.919708,174.545757,173.791271,142.435143,156.01824,158.468902,161.261584,162.120755,0.532781,-6.755256,2559 = 100,สำนักงานเศรษฐกิจอุตสาหกรรม (สศอ.) กระทรวงอุตสาหกรรม,Shipment.xlsx
166,4,PRODUCT_ITEM,13,การผลิตสิ่งทอ,1312,การทอผ้า,13122,การทอผ้าจากเส้นใยประดิษฐ์,13122-020,ผ้าทอ (ใยสังเคราะห์ โพลีเอสเตอร์ (Texturised)),0.155984,112.650488,95.031724,122.402844,100.332326,85.714611,90.702792,72.456594,73.201875,108.55963,103.168502,105.868841,129.90977,127.907329,125.470184,141.85638,102.024643,112.264979,101.744482,99.505504,95.470622,93.437101,75.484543,103.937058,97.532626,83.268915,93.04396,102.978095,50.982938,82.388278,69.901101,59.862077,63.948954,69.577057,66.701743,82.463706,81.723439,80.456806,77.267394,78.771308,50.629327,70.699344,48.172472,55.512827,64.342151,57.14482,64.708186,74.731689,77.120325,95.382227,83.622428,83.600181,74.505565,78.549796,51.646023,71.930175,85.426602,51.060131,77.954262,92.442776,86.887181,81.28582,73.827694,82.611131,58.033335,57.547956,40.317735,-29.940631,-21.934483,2559 = 100,สำนักงานเศรษฐกิจอุตสาหกรรม (สศอ.) กระทรวงอุตสาหกรรม,Shipment.xlsx
167,4,PRODUCT_ITEM,13,การผลิตสิ่งทอ,1312,การทอผ้า,13122,การทอผ้าจากเส้นใยประดิษฐ์,13122-030,ผ้าทออื่น ๆ,0.064494,99.872114,92.244611,102.725715,80.286247,97.524036,97.048204,91.874734,101.021285,103.172284,109.139775,118.104292,106.986702,86.443327,93.634321,105.43115,94.014258,83.716345,89.060765,101.7632,100.652361,86.961775,87.511264,92.452978,73.359047,79.773843,63.572873,84.323042,73.558031,78.411842,80.93781,69.148874,91.981349,88.693931,80.235001,75.010012,79.414181,74.32609,77.014661,87.74697,87.422766,99.527973,98.844756,100.779221,81.206012,90.216139,95.512108,91.668924,70.101456,76.293629,73.584688,81.772332,77.010452,81.471554,88.285816,93.228125,87.514533,87.483265,73.936645,85.152705,84.200658,86.503528,92.208454,89.102386,84.471079,87.394406,86.3072,-1.244023,-2.241148,2559 = 100,สำนักงานเศรษฐกิจอุตสาหกรรม (สศอ.) กระทรวงอุตสาหกรรม,Shipment.xlsx
168,3,CLASS_5DIGIT,13,การผลิตสิ่งทอ,1312,การทอผ้า,13129,การทอผ้าจากเส้นใยอื่นๆ,,การทอผ้าจากเส้นใยอื่นๆ,0.080843,156.523005,95.918304,155.424904,113.773453,82.174997,92.988151,87.035007,71.75751,77.341194,80.726107,83.619263,102.718104,72.867601,71.334781,91.612227,109.143135,80.937471,91.403261,89.622764,91.50723,84.209679,87.230271,116.511598,141.746342,122.784186,81.145581,78.520826,75.164689,78.113856,68.551589,70.127572,82.972667,77.997383,111.198542,100.485247,83.76023,81.052574,77.815479,113.628718,83.554004,104.701058,69.716148,65.150747,151.441012,149.35169,75.117758,57.231949,71.314741,64.932703,65.719238,69.304211,66.236344,68.414562,68.497977,63.633343,56.236961,60.952921,61.289836,67.293851,73.297695,64.060011,39.462271,70.361375,69.268755,51.480236,55.320421,7.459533,-19.237877,2559 = 100,สำนักงานเศรษฐกิจอุตสาหกรรม (สศอ.) กระทรวงอุตสาหกรรม,Shipment.xlsx
169,4,PRODUCT_ITEM,13,การผลิตสิ่งทอ,1312,การทอผ้า,13129,การทอผ้าจากเส้นใยอื่นๆ,13129-010,ผ้าขนหนู,0.080843,156.523005,95.918304,155.424904,113.773453,82.174997,92.988151,87.035007,71.75751,77.341194,80.726107,83.619263,102.718104,72.867601,71.334781,91.612227,109.143135,80.937471,91.403261,89.622764,91.50723,84.209679,87.230271,116.511598,141.746342,122.784186,81.145581,78.520826,75.164689,78.113856,68.551589,70.127572,82.972667,77.997383,111.198542,100.485247,83.76023,81.052574,77.815479,113.628718,83.554004,104.701058,69.716148,65.150747,151.441012,149.35169,75.117758,57.231949,71.314741,64.932703,65.719238,69.304211,66.236344,68.414562,68.497977,63.633343,56.236961,60.952921,61.289836,67.293851,73.297695,64.060011,39.462271,70.361375,69.268755,51.480236,55.320421,7.459533,-19.237877,2559 = 100,สำนักงานเศรษฐกิจอุตสาหกรรม (สศอ.) กระทรวงอุตสาหกรรม,Shipment.xlsx
170,2,GROUP_4DIGIT,13,การผลิตสิ่งทอ,1313,การแต่งสำเร็จสิ่งทอ,,,,การแต่งสำเร็จสิ่งทอ,0.154242,104.063337,101.112392,120.052529,88.145089,100.995283,96.689876,91.817929,96.24716,103.256966,104.515053,98.493529,94.610858,107.667875,103.695878,111.731906,93.589096,102.136827,103.269195,96.475745,105.765673,104.146637,91.977279,97.653538,89.547336,86.667387,84.598553,103.767373,90.504683,90.888169,89.878631,85.065385,89.803055,90.190596,86.560007,93.298662,77.957681,83.717229,95.285443,95.890571,97.488005,104.559973,92.122547,91.225684,99.28989,98.705247,91.691511,101.505315,87.864011,91.683888,93.352685,88.512126,82.949839,100.700066,86.802392,81.329939,83.187874,74.73901,65.895817,70.087523,71.001109,66.335282,69.211179,89.877939,75.132903,86.329546,73.652976,-14.68393,-15.148679,2559 = 100,สำนักงานเศรษฐกิจอุตสาหกรรม (สศอ.) กระทรวงอุตสาหกรรม,Shipment.xlsx
171,3,CLASS_5DIGIT,13,การผลิตสิ่งทอ,1313,การแต่งสำเร็จสิ่งทอ,13131,การขจัดไขมันและสิ่งสกปรก การฟอกขาว และการย้อมสี,,การขจัดไขมันและสิ่งสกปรก การฟอกขาว และการย้อมสี,0.154242,104.063337,101.112392,120.052529,88.145089,100.995283,96.689876,91.817929,96.24716,103.256966,104.515053,98.493529,94.610858,107.667875,103.695878,111.731906,93.589096,102.136827,103.269195,96.475745,105.765673,104.146637,91.977279,97.653538,89.547336,86.667387,84.598553,103.767373,90.504683,90.888169,89.878631,85.065385,89.803055,90.190596,86.560007,93.298662,77.957681,83.717229,95.285443,95.890571,97.488005,104.559973,92.122547,91.225684,99.28989,98.705247,91.691511,101.505315,87.864011,91.683888,93.352685,88.512126,82.949839,100.700066,86.802392,81.329939,83.187874,74.73901,65.895817,70.087523,71.001109,66.335282,69.211179,89.877939,75.132903,86.329546,73.652976,-14.68393,-15.148679,2559 = 100,สำนักงานเศรษฐกิจอุตสาหกรรม (สศอ.) กระทรวงอุตสาหกรรม,Shipment.xlsx
172,4,PRODUCT_ITEM,13,การผลิตสิ่งทอ,1313,การแต่งสำเร็จสิ่งทอ,13131,การขจัดไขมันและสิ่งสกปรก การฟอกขาว และการย้อมสี,13131-010,ฟอกย้อมผ้าและเส้นด้าย,0.154242,104.063337,101.112392,120.052529,88.145089,100.995283,96.689876,91.817929,96.24716,103.256966,104.515053,98.493529,94.610858,107.667875,103.695878,111.731906,93.589096,102.136827,103.269195,96.475745,105.765673,104.146637,91.977279,97.653538,89.547336,86.667387,84.598553,103.767373,90.504683,90.888169,89.878631,85.065385,89.803055,90.190596,86.560007,93.298662,77.957681,83.717229,95.285443,95.890571,97.488005,104.559973,92.122547,91.225684,99.28989,98.705247,91.691511,101.505315,87.864011,91.683888,93.352685,88.512126,82.949839,100.700066,86.802392,81.329939,83.187874,74.73901,65.895817,70.087523,71.001109,66.335282,69.211179,89.877939,75.132903,86.329546,73.652976,-14.68393,-15.148679,2559 = 100,สำนักงานเศรษฐกิจอุตสาหกรรม (สศอ.) กระทรวงอุตสาหกรรม,Shipment.xlsx
173,2,GROUP_4DIGIT,13,การผลิตสิ่งทอ,1399,การผลิตสิ่งทอประเภทอื่นๆ  ซึ่งมิได้จัดประเภทไว้ในที่อื่น,,,,การผลิตสิ่งทอประเภทอื่นๆ  ซึ่งมิได้จัดประเภทไว้ในที่อื่น,0.113192,103.669764,116.153146,141.970624,73.12583,92.988816,105.258167,90.920366,74.351951,98.124076,93.933742,95.710714,113.792805,97.344246,101.377806,91.663965,127.87172,131.621198,143.623084,116.112369,104.539443,134.510117,102.630122,80.580874,52.677962,98.540864,88.954917,78.472115,88.333392,109.31893,96.73976,85.149493,85.637303,89.27786,72.54049,101.886175,78.796103,91.940027,80.88293,72.259708,67.151182,64.645643,82.75008,79.185001,69.002531,91.261383,73.102595,93.15306,102.398604,86.400865,88.2382,78.814205,73.740295,76.478297,86.257441,71.210823,83.739106,116.306558,78.130111,83.582363,85.883787,74.848523,69.872906,87.278891,94.040169,119.341382,74.528283,-37.550344,-13.597851,2559 = 100,สำนักงานเศรษฐกิจอุตสาหกรรม (สศอ.) กระทรวงอุตสาหกรรม,Shipment.xlsx
174,3,CLASS_5DIGIT,13,การผลิตสิ่งทอ,1399,การผลิตสิ่งทอประเภทอื่นๆ  ซึ่งมิได้จัดประเภทไว้ในที่อื่น,13992,การผลิตสิ่งทอชนิดใช้ในทางอุตสาหกรรม,,การผลิตสิ่งทอชนิดใช้ในทางอุตสาหกรรม,0.113192,103.669764,116.153146,141.970624,73.12583,92.988816,105.258167,90.920366,74.351951,98.124076,93.933742,95.710714,113.792805,97.344246,101.377806,91.663965,127.87172,131.621198,143.623084,116.112369,104.539443,134.510117,102.630122,80.580874,52.677962,98.540864,88.954917,78.472115,88.333392,109.31893,96.73976,85.149493,85.637303,89.27786,72.54049,101.886175,78.796103,91.940027,80.88293,72.259708,67.151182,64.645643,82.75008,79.185001,69.002531,91.261383,73.102595,93.15306,102.398604,86.400865,88.2382,78.814205,73.740295,76.478297,86.257441,71.210823,83.739106,116.306558,78.130111,83.582363,85.883787,74.848523,69.872906,87.278891,94.040169,119.341382,74.528283,-37.550344,-13.597851,2559 = 100,สำนักงานเศรษฐกิจอุตสาหกรรม (สศอ.) กระทรวงอุตสาหกรรม,Shipment.xlsx
175,4,PRODUCT_ITEM,13,การผลิตสิ่งทอ,1399,การผลิตสิ่งทอประเภทอื่นๆ  ซึ่งมิได้จัดประเภทไว้ในที่อื่น,13992,การผลิตสิ่งทอชนิดใช้ในทางอุตสาหกรรม,13992-010,ยางยืด,0.113192,103.669764,116.153146,141.970624,73.12583,92.988816,105.258167,90.920366,74.351951,98.124076,93.933742,95.710714,113.792805,97.344246,101.377806,91.663965,127.87172,131.621198,143.623084,116.112369,104.539443,134.510117,102.630122,80.580874,52.677962,98.540864,88.954917,78.472115,88.333392,109.31893,96.73976,85.149493,85.637303,89.27786,72.54049,101.886175,78.796103,91.940027,80.88293,72.259708,67.151182,64.645643,82.75008,79.185001,69.002531,91.261383,73.102595,93.15306,102.398604,86.400865,88.2382,78.814205,73.740295,76.478297,86.257441,71.210823,83.739106,116.306558,78.130111,83.582363,85.883787,74.848523,69.872906,87.278891,94.040169,119.341382,74.528283,-37.550344,-13.597851,2559 = 100,สำนักงานเศรษฐกิจอุตสาหกรรม (สศอ.) กระทรวงอุตสาหกรรม,Shipment.xlsx
176,1,DIVISION_2DIGIT,14,การผลิตเสื้อผ้าเครื่องแต่งกาย,,,,,,การผลิตเสื้อผ้าเครื่องแต่งกาย,1.116403,98.116566,92.137233,111.237658,95.872381,105.878925,104.592773,91.113827,87.606054,93.771554,102.360331,102.881223,114.431476,108.942564,107.676469,92.726346,98.179893,106.021262,101.836399,102.437956,98.748807,106.875818,97.855087,89.117836,84.702092,76.316452,76.029211,72.857178,72.52466,76.304259,74.284833,68.194075,67.295514,65.967971,69.215446,70.548526,71.808886,69.456471,71.489885,88.016544,75.078163,78.217415,70.425484,78.652708,82.212289,77.031677,89.431385,98.838541,83.612236,83.076544,78.642847,78.423111,80.483488,83.600091,80.022769,82.275944,71.532679,78.715406,83.368446,84.508037,73.026791,85.082518,79.309697,79.286137,69.289103,92.97814,73.823963,-20.600732,-7.746303,2559 = 100,สำนักงานเศรษฐกิจอุตสาหกรรม (สศอ.) กระทรวงอุตสาหกรรม,Shipment.xlsx
177,2,GROUP_4DIGIT,14,การผลิตเสื้อผ้าเครื่องแต่งกาย,1411,การผลิตเสื้อผ้าเครื่องแต่งกาย  (ยกเว้นร้านตัดเย็บเสื้อผ้า),,,,การผลิตเสื้อผ้าเครื่องแต่งกาย  (ยกเว้นร้านตัดเย็บเสื้อผ้า),0.991259,94.634875,91.181755,112.287017,96.665162,105.519839,105.759051,91.981843,89.961597,95.481765,99.484283,103.435374,113.607438,111.767147,107.319186,92.241783,95.161543,105.800045,101.749453,103.85905,98.728893,107.449808,100.556307,88.602188,81.988759,75.561821,75.271045,70.526942,71.979544,76.421408,72.144811,65.899741,65.333484,64.827724,68.215741,70.918733,72.601204,70.912979,71.307579,92.404515,77.140271,80.556027,71.392143,81.228461,85.343934,77.987154,92.966292,100.995404,85.101538,86.070134,81.14959,81.250182,82.955257,86.276678,81.144165,83.829828,72.428425,80.420719,85.881015,86.408042,74.215637,87.527411,82.46904,82.801994,71.342513,97.06905,73.749317,-24.023861,-9.113223,2559 = 100,สำนักงานเศรษฐกิจอุตสาหกรรม (สศอ.) กระทรวงอุตสาหกรรม,Shipment.xlsx
178,3,CLASS_5DIGIT,14,การผลิตเสื้อผ้าเครื่องแต่งกาย,1411,การผลิตเสื้อผ้าเครื่องแต่งกาย  (ยกเว้นร้านตัดเย็บเสื้อผ้า),14112,การผลิตเสื้อผ้าชั้นนอก,,การผลิตเสื้อผ้าชั้นนอก,0.597046,98.149248,96.379361,110.381552,99.44279,104.255628,101.021642,91.12657,97.631059,90.007311,85.530388,104.288221,121.78623,113.587272,101.463637,97.582378,91.660474,103.392702,98.21567,97.138508,97.203442,100.16295,99.77671,90.812132,79.491506,79.543755,75.383137,73.529942,73.88347,78.979663,74.061243,70.579004,68.70116,65.338533,71.974219,80.584565,79.686038,77.463094,84.877195,76.253619,77.494374,88.257397,76.712192,80.667912,79.798735,65.706289,95.957228,97.042476,85.895516,93.391802,91.10238,89.870615,85.551697,91.248731,83.76744,79.534956,77.98406,79.19856,96.350463,99.917632,84.550484,93.386167,76.203111,84.595644,74.843385,95.139746,78.920142,-17.04819,-5.786614,2559 = 100,สำนักงานเศรษฐกิจอุตสาหกรรม (สศอ.) กระทรวงอุตสาหกรรม,Shipment.xlsx
179,4,PRODUCT_ITEM,14,การผลิตเสื้อผ้าเครื่องแต่งกาย,1411,การผลิตเสื้อผ้าเครื่องแต่งกาย  (ยกเว้นร้านตัดเย็บเสื้อผ้า),14112,การผลิตเสื้อผ้าชั้นนอก,14112-010,เครื่องแต่งกายชั้นนอกทำจากผ้าทอ,0.597046,98.149248,96.379361,110.381552,99.44279,104.255628,101.021642,91.12657,97.631059,90.007311,85.530388,104.288221,121.78623,113.587272,101.463637,97.582378,91.660474,103.392702,98.21567,97.138508,97.203442,100.16295,99.77671,90.812132,79.491506,79.543755,75.383137,73.529942,73.88347,78.979663,74.061243,70.579004,68.70116,65.338533,71.974219,80.584565,79.686038,77.463094,84.877195,76.253619,77.494374,88.257397,76.712192,80.667912,79.798735,65.706289,95.957228,97.042476,85.895516,93.391802,91.10238,89.870615,85.551697,91.248731,83.76744,79.534956,77.98406,79.19856,96.350463,99.917632,84.550484,93.386167,76.203111,84.595644,74.843385,95.139746,78.920142,-17.04819,-5.786614,2559 = 100,สำนักงานเศรษฐกิจอุตสาหกรรม (สศอ.) กระทรวงอุตสาหกรรม,Shipment.xlsx
180,3,CLASS_5DIGIT,14,การผลิตเสื้อผ้าเครื่องแต่งกาย,1411,การผลิตเสื้อผ้าเครื่องแต่งกาย  (ยกเว้นร้านตัดเย็บเสื้อผ้า),14113,การผลิตเสื้อผ้าชั้นใน,,การผลิตเสื้อผ้าชั้นใน,0.394214,89.312276,83.309861,115.172886,92.458381,107.434517,112.933966,93.277174,78.346019,103.772951,120.617779,102.143717,101.22047,109.010526,116.18755,84.153328,100.463991,109.446021,107.101449,114.037466,101.039224,118.485922,101.737026,85.255176,85.770907,69.53109,75.10128,65.978831,69.096005,72.546872,69.242332,58.81289,60.233061,64.054091,62.52344,56.27961,61.87106,60.992678,50.756083,116.865418,76.603974,68.892127,63.334806,82.077424,93.742266,96.586808,88.436452,106.982205,83.899041,74.981301,66.075861,68.194339,79.022889,78.746391,77.171155,90.334509,64.014287,82.271709,70.024796,65.947458,58.563272,78.65419,91.958933,80.08547,66.040362,99.991025,65.917983,-34.0761,-14.582096,2559 = 100,สำนักงานเศรษฐกิจอุตสาหกรรม (สศอ.) กระทรวงอุตสาหกรรม,Shipment.xlsx
181,4,PRODUCT_ITEM,14,การผลิตเสื้อผ้าเครื่องแต่งกาย,1411,การผลิตเสื้อผ้าเครื่องแต่งกาย  (ยกเว้นร้านตัดเย็บเสื้อผ้า),14113,การผลิตเสื้อผ้าชั้นใน,14113-010,เครื่องแต่งกายชั้นในสตรีและเด็กหญิงทำจากผ้าทอ,0.258455,90.40923,91.032239,114.451061,92.765535,109.889228,87.728236,95.292921,70.766919,111.339606,128.799102,106.521246,101.004678,87.903121,93.651959,96.244909,103.570667,108.177653,105.523497,114.803323,109.271226,125.296676,110.775969,94.170612,95.72121,66.479134,72.4533,60.607455,69.024826,73.422685,62.59017,54.954965,49.461686,59.54806,55.102669,52.397123,62.949997,55.310515,41.065309,130.926453,72.939487,66.155475,64.182598,91.715213,106.956904,103.114872,92.940293,121.836276,97.81849,84.824733,74.050174,68.627525,80.358698,91.372817,87.909016,95.97169,64.521634,87.849707,78.856385,62.505506,70.464014,93.02221,116.444222,95.202468,60.114655,111.244737,72.341663,-34.97071,-17.708483,2559 = 100,สำนักงานเศรษฐกิจอุตสาหกรรม (สศอ.) กระทรวงอุตสาหกรรม,Shipment.xlsx
182,4,PRODUCT_ITEM,14,การผลิตเสื้อผ้าเครื่องแต่งกาย,1411,การผลิตเสื้อผ้าเครื่องแต่งกาย  (ยกเว้นร้านตัดเย็บเสื้อผ้า),14113,การผลิตเสื้อผ้าชั้นใน,14113-020,เครื่องแต่งกายชั้นในบุรุษและเด็กชายทำจากผ้าทอ,0.056054,75.084858,75.167467,134.218789,95.939459,113.877177,103.988865,74.03277,76.752621,85.614186,137.524803,96.925833,130.873171,101.506311,98.070294,83.699912,127.896936,93.487623,111.883036,107.27239,107.742922,100.697113,100.604521,79.144777,77.519471,89.377019,97.170808,96.577843,85.925753,86.440498,84.618378,94.446899,80.138501,97.824551,96.893579,83.094221,77.986383,68.054738,72.641798,62.827868,90.886584,59.428713,60.337085,65.178884,66.836334,62.521018,84.808719,77.425562,61.255111,67.285693,59.166185,63.602837,72.429406,65.32249,74.632866,80.446997,72.997467,70.355289,47.270678,67.183117,34.555881,52.992764,49.919658,54.935342,62.308406,68.916923,57.891611,-15.997975,-22.431478,2559 = 100,สำนักงานเศรษฐกิจอุตสาหกรรม (สศอ.) กระทรวงอุตสาหกรรม,Shipment.xlsx
183,4,PRODUCT_ITEM,14,การผลิตเสื้อผ้าเครื่องแต่งกาย,1411,การผลิตเสื้อผ้าเครื่องแต่งกาย  (ยกเว้นร้านตัดเย็บเสื้อผ้า),14113,การผลิตเสื้อผ้าชั้นใน,14113-030,เครื่องแต่งกายอื่น ๆ สตรีและเด็กหญิงทำจากผ้าทอ,0.037827,39.728003,63.554349,140.361821,44.815975,121.632159,166.808822,118.924382,102.979165,69.966588,112.562674,115.782733,102.883329,141.280095,212.820122,60.065952,55.098209,125.545716,156.136278,99.818349,94.69727,115.6172,91.341299,44.714912,81.902414,84.721708,96.86837,75.200927,73.956813,68.457621,89.600585,37.772967,96.277678,68.708535,59.071009,64.451714,60.627023,92.329272,92.385031,104.319113,107.33879,115.463864,88.670114,85.335053,92.876403,126.645205,117.164501,122.519069,82.520986,72.193447,69.440367,96.17313,115.066584,65.127787,49.97016,116.253196,67.607303,109.579589,88.642235,116.41873,62.63259,75.289792,63.500333,64.967481,149.101982,128.971385,67.194341,-47.899807,34.468931,2559 = 100,สำนักงานเศรษฐกิจอุตสาหกรรม (สศอ.) กระทรวงอุตสาหกรรม,Shipment.xlsx
184,4,PRODUCT_ITEM,14,การผลิตเสื้อผ้าเครื่องแต่งกาย,1411,การผลิตเสื้อผ้าเครื่องแต่งกาย  (ยกเว้นร้านตัดเย็บเสื้อผ้า),14113,การผลิตเสื้อผ้าชั้นใน,14113-040,เครื่องแต่งกายอื่น ๆ บุรุษและเด็กชายทำจากผ้าทอ,0.041878,146.372519,64.393537,71.383112,128.936344,70.837767,231.802578,83.429469,105.003605,111.915869,54.772389,69.792274,61.360538,220.172514,192.233244,31.893468,85.549,124.091872,66.149108,131.209309,46.990666,102.854339,56.858616,75.029847,38.900885,48.08195,42.242536,49.842279,42.61839,52.238943,71.32721,53.93088,67.508605,42.457819,65.435461,36.968092,34.765897,58.303156,43.668045,113.748157,52.341232,56.382257,39.230946,42.273461,48.982929,74.744983,39.547925,40.837246,29.547949,27.05078,23.071605,46.394771,47.047757,31.090616,38.868771,45.367714,45.613922,39.131036,29.160201,39.947567,13.575345,27.367759,22.821234,34.108747,32.580948,45.954094,35.864318,-21.956207,-7.729735,2559 = 100,สำนักงานเศรษฐกิจอุตสาหกรรม (สศอ.) กระทรวงอุตสาหกรรม,Shipment.xlsx
185,2,GROUP_4DIGIT,14,การผลิตเสื้อผ้าเครื่องแต่งกาย,1430,การผลิตเครื่องแต่งกายที่ทำจากการถักนิตและโครเชต์,,,,การผลิตเครื่องแต่งกายที่ทำจากการถักนิตและโครเชต์,0.125143,125.694985,99.705557,102.925702,89.592769,108.723238,95.354702,84.238284,68.947835,80.224998,125.14146,98.491806,120.958663,86.56908,110.506499,96.564565,122.088195,107.773518,102.525092,91.181487,98.906542,102.329251,76.45876,93.202275,106.194355,82.293875,82.034626,91.314938,76.842513,75.376326,91.235914,86.367462,82.836725,74.999849,77.13409,67.616116,65.532947,57.919501,72.933924,53.259487,58.744235,59.693299,62.768597,58.250211,57.406576,69.463354,61.431437,81.754057,71.815493,59.364357,58.786977,56.029919,60.904645,62.398881,71.140211,69.967656,64.437488,65.207647,63.466423,69.458122,63.609965,65.71656,54.284593,51.437091,53.024077,60.574107,74.415236,22.849911,4.60362,2559 = 100,สำนักงานเศรษฐกิจอุตสาหกรรม (สศอ.) กระทรวงอุตสาหกรรม,Shipment.xlsx
186,3,CLASS_5DIGIT,14,การผลิตเสื้อผ้าเครื่องแต่งกาย,1430,การผลิตเครื่องแต่งกายที่ทำจากการถักนิตและโครเชต์,14301,การผลิตเสื้อผ้าเครื่องแต่งกายที่ทำจากการถักนิตหรือโครเชต์,,การผลิตเสื้อผ้าเครื่องแต่งกายที่ทำจากการถักนิตหรือโครเชต์,0.022401,167.915124,65.03167,113.671031,83.029867,92.481472,94.393567,70.743007,111.895028,57.37875,149.28183,93.413703,100.764952,81.376346,138.410329,74.843919,90.957239,87.83619,87.797631,55.827299,93.549796,119.337004,74.456056,91.013944,50.512898,77.348016,62.459527,63.450732,65.8142,61.881135,75.034448,74.696486,99.866743,78.935759,135.554661,87.781753,56.308158,51.935061,123.592154,48.65297,69.257333,74.229236,59.2228,56.618902,72.310336,103.840636,62.532109,105.378478,78.082914,72.376114,48.187989,51.479152,64.920528,71.341813,96.430414,74.433374,87.681952,104.069725,77.577105,67.252241,83.093376,101.640478,62.552523,54.482254,47.094715,66.921084,88.611916,32.412554,-8.107917,2559 = 100,สำนักงานเศรษฐกิจอุตสาหกรรม (สศอ.) กระทรวงอุตสาหกรรม,Shipment.xlsx
187,4,PRODUCT_ITEM,14,การผลิตเสื้อผ้าเครื่องแต่งกาย,1430,การผลิตเครื่องแต่งกายที่ทำจากการถักนิตและโครเชต์,14301,การผลิตเสื้อผ้าเครื่องแต่งกายที่ทำจากการถักนิตหรือโครเชต์,14301-010,เครื่องแต่งกายชั้นนอกทำจากผ้าถัก,0.022401,167.915124,65.03167,113.671031,83.029867,92.481472,94.393567,70.743007,111.895028,57.37875,149.28183,93.413703,100.764952,81.376346,138.410329,74.843919,90.957239,87.83619,87.797631,55.827299,93.549796,119.337004,74.456056,91.013944,50.512898,77.348016,62.459527,63.450732,65.8142,61.881135,75.034448,74.696486,99.866743,78.935759,135.554661,87.781753,56.308158,51.935061,123.592154,48.65297,69.257333,74.229236,59.2228,56.618902,72.310336,103.840636,62.532109,105.378478,78.082914,72.376114,48.187989,51.479152,64.920528,71.341813,96.430414,74.433374,87.681952,104.069725,77.577105,67.252241,83.093376,101.640478,62.552523,54.482254,47.094715,66.921084,88.611916,32.412554,-8.107917,2559 = 100,สำนักงานเศรษฐกิจอุตสาหกรรม (สศอ.) กระทรวงอุตสาหกรรม,Shipment.xlsx
188,3,CLASS_5DIGIT,14,การผลิตเสื้อผ้าเครื่องแต่งกาย,1430,การผลิตเครื่องแต่งกายที่ทำจากการถักนิตและโครเชต์,14302,การผลิตถุงเท้า ถุงน่อง เสื้อกางเกงยืดแนบเนื้อ ที่ทำจากการถักนิตหรือโครเชต์,,การผลิตถุงเท้า ถุงน่อง เสื้อกางเกงยืดแนบเนื้อ ที่ทำจากการถักนิตหรือโครเชต์,0.102743,116.489745,107.265491,100.582903,91.023675,112.264424,95.564257,87.180654,59.584076,85.206156,119.878144,99.598983,125.36149,87.70125,104.422638,101.300309,128.875665,112.120446,105.736114,98.889746,100.074472,98.621058,76.895408,93.679396,118.334561,83.372218,86.302577,97.39016,79.247012,78.318677,94.768314,88.91208,79.123678,74.141704,64.396677,63.21941,67.544224,59.224286,61.88893,54.263844,56.452068,56.524035,63.541685,58.605884,54.157115,61.968089,61.191458,76.603234,70.44901,56.527409,61.09787,57.022121,60.029064,60.449057,65.626198,68.993997,59.369507,56.734564,60.389876,69.93907,59.362004,57.884083,52.481939,50.773155,54.316854,59.190278,71.31994,20.492659,8.676019,2559 = 100,สำนักงานเศรษฐกิจอุตสาหกรรม (สศอ.) กระทรวงอุตสาหกรรม,Shipment.xlsx
189,4,PRODUCT_ITEM,14,การผลิตเสื้อผ้าเครื่องแต่งกาย,1430,การผลิตเครื่องแต่งกายที่ทำจากการถักนิตและโครเชต์,14302,การผลิตถุงเท้า ถุงน่อง เสื้อกางเกงยืดแนบเนื้อ ที่ทำจากการถักนิตหรือโครเชต์,14302-010,เครื่องแต่งกายชั้นในสตรีและเด็กหญิงทำจากผ้าถัก,0.102743,116.489745,107.265491,100.582903,91.023675,112.264424,95.564257,87.180654,59.584076,85.206156,119.878144,99.598983,125.36149,87.70125,104.422638,101.300309,128.875665,112.120446,105.736114,98.889746,100.074472,98.621058,76.895408,93.679396,118.334561,83.372218,86.302577,97.39016,79.247012,78.318677,94.768314,88.91208,79.123678,74.141704,64.396677,63.21941,67.544224,59.224286,61.88893,54.263844,56.452068,56.524035,63.541685,58.605884,54.157115,61.968089,61.191458,76.603234,70.44901,56.527409,61.09787,57.022121,60.029064,60.449057,65.626198,68.993997,59.369507,56.734564,60.389876,69.93907,59.362004,57.884083,52.481939,50.773155,54.316854,59.190278,71.31994,20.492659,8.676019,2559 = 100,สำนักงานเศรษฐกิจอุตสาหกรรม (สศอ.) กระทรวงอุตสาหกรรม,Shipment.xlsx
190,1,DIVISION_2DIGIT,15,การผลิตเครื่องหนังและผลิตภัณฑ์ที่เกี่ยวข้อง,,,,,,การผลิตเครื่องหนังและผลิตภัณฑ์ที่เกี่ยวข้อง,0.568759,95.966678,98.465553,103.971512,85.900198,108.939805,104.529613,97.250281,88.491871,86.745143,99.692695,112.671597,117.375055,99.409079,110.823748,119.305633,94.150555,123.272782,121.824743,133.079295,137.94419,118.973588,116.171442,127.005169,118.976515,110.501516,116.22614,115.120738,92.256425,108.115278,103.837726,104.754548,100.925013,94.231506,91.896546,98.418157,96.736789,117.88224,95.800619,106.979542,98.379489,106.111209,108.248002,105.151764,102.564147,84.522377,105.795782,110.549929,95.084827,111.143752,99.61892,110.255291,95.255898,112.22892,102.144201,112.400837,86.45982,90.073356,103.840144,94.461413,87.013095,94.157561,92.071984,87.578599,82.078461,84.496738,90.357496,6.936077,-11.53928,2559 = 100,สำนักงานเศรษฐกิจอุตสาหกรรม (สศอ.) กระทรวงอุตสาหกรรม,Shipment.xlsx
191,2,GROUP_4DIGIT,15,การผลิตเครื่องหนังและผลิตภัณฑ์ที่เกี่ยวข้อง,1511,การฟอกและตกแต่งหนังฟอก  การตกแต่งและย้อมสีขนสัตว์,,,,การฟอกและตกแต่งหนังฟอก  การตกแต่งและย้อมสีขนสัตว์,0.175286,86.370193,89.141764,100.632566,88.184701,119.304972,107.746153,95.568407,101.707713,95.491711,112.945923,94.156536,108.749362,82.369616,103.25286,131.024263,111.675575,142.49097,126.077599,135.038736,111.275011,110.558168,92.856486,89.831304,79.971601,87.208532,95.377555,103.15057,82.520674,86.588738,70.335806,91.40129,88.442791,71.703341,72.155601,61.911534,72.283353,101.323558,100.024746,125.902196,106.63852,120.958645,96.336729,109.587791,106.360148,94.68248,95.713624,100.432549,68.408216,94.843966,90.630441,110.107759,94.592334,104.935543,99.828427,87.099981,65.567628,93.016643,74.224304,54.163089,68.308058,70.285452,80.582339,81.173707,71.477326,74.643118,73.059866,-2.121096,-26.814568,2559 = 100,สำนักงานเศรษฐกิจอุตสาหกรรม (สศอ.) กระทรวงอุตสาหกรรม,Shipment.xlsx
192,3,CLASS_5DIGIT,15,การผลิตเครื่องหนังและผลิตภัณฑ์ที่เกี่ยวข้อง,1511,การฟอกและตกแต่งหนังฟอก  การตกแต่งและย้อมสีขนสัตว์,15110,การฟอกและตกแต่งหนังฟอก  การตกแต่งและย้อมสีขนสัตว์,,การฟอกและตกแต่งหนังฟอก  การตกแต่งและย้อมสีขนสัตว์,0.175286,86.370193,89.141764,100.632566,88.184701,119.304972,107.746153,95.568407,101.707713,95.491711,112.945923,94.156536,108.749362,82.369616,103.25286,131.024263,111.675575,142.49097,126.077599,135.038736,111.275011,110.558168,92.856486,89.831304,79.971601,87.208532,95.377555,103.15057,82.520674,86.588738,70.335806,91.40129,88.442791,71.703341,72.155601,61.911534,72.283353,101.323558,100.024746,125.902196,106.63852,120.958645,96.336729,109.587791,106.360148,94.68248,95.713624,100.432549,68.408216,94.843966,90.630441,110.107759,94.592334,104.935543,99.828427,87.099981,65.567628,93.016643,74.224304,54.163089,68.308058,70.285452,80.582339,81.173707,71.477326,74.643118,73.059866,-2.121096,-26.814568,2559 = 100,สำนักงานเศรษฐกิจอุตสาหกรรม (สศอ.) กระทรวงอุตสาหกรรม,Shipment.xlsx
193,4,PRODUCT_ITEM,15,การผลิตเครื่องหนังและผลิตภัณฑ์ที่เกี่ยวข้อง,1511,การฟอกและตกแต่งหนังฟอก  การตกแต่งและย้อมสีขนสัตว์,15110,การฟอกและตกแต่งหนังฟอก  การตกแต่งและย้อมสีขนสัตว์,15110-010,หนังโคฟอกสำเร็จ,0.175286,86.370193,89.141764,100.632566,88.184701,119.304972,107.746153,95.568407,101.707713,95.491711,112.945923,94.156536,108.749362,82.369616,103.25286,131.024263,111.675575,142.49097,126.077599,135.038736,111.275011,110.558168,92.856486,89.831304,79.971601,87.208532,95.377555,103.15057,82.520674,86.588738,70.335806,91.40129,88.442791,71.703341,72.155601,61.911534,72.283353,101.323558,100.024746,125.902196,106.63852,120.958645,96.336729,109.587791,106.360148,94.68248,95.713624,100.432549,68.408216,94.843966,90.630441,110.107759,94.592334,104.935543,99.828427,87.099981,65.567628,93.016643,74.224304,54.163089,68.308058,70.285452,80.582339,81.173707,71.477326,74.643118,73.059866,-2.121096,-26.814568,2559 = 100,สำนักงานเศรษฐกิจอุตสาหกรรม (สศอ.) กระทรวงอุตสาหกรรม,Shipment.xlsx
194,2,GROUP_4DIGIT,15,การผลิตเครื่องหนังและผลิตภัณฑ์ที่เกี่ยวข้อง,1512,การผลิตกระเป๋าเดินทาง กระเป๋าถือ และสิ่งที่คล้ายกัน  อานและเครื่องลากเทียมสัตว์,,,,การผลิตกระเป๋าเดินทาง กระเป๋าถือ และสิ่งที่คล้ายกัน  อานและเครื่องลากเทียมสัตว์,0.09499,83.782178,101.217533,97.761641,85.29193,84.029687,92.353076,76.602381,68.718818,93.766264,96.85152,186.420384,133.204589,93.631211,136.338422,108.57617,83.062911,129.495347,106.953708,119.304568,167.324011,170.272068,131.794015,169.18432,118.793811,118.917197,171.427767,125.321702,112.588192,127.686946,117.663987,127.80531,133.516393,142.319659,96.693471,126.506715,128.558805,135.719751,112.351276,130.172652,86.840114,82.457242,89.810403,79.635677,93.30408,69.873421,76.569875,96.813149,107.355829,87.802991,64.861677,81.273107,76.978594,88.420865,69.654105,78.598316,72.081729,80.017927,115.110161,91.548901,122.585476,81.282144,80.023293,65.615027,65.316347,70.709149,76.408495,8.060268,9.697046,2559 = 100,สำนักงานเศรษฐกิจอุตสาหกรรม (สศอ.) กระทรวงอุตสาหกรรม,Shipment.xlsx
195,3,CLASS_5DIGIT,15,การผลิตเครื่องหนังและผลิตภัณฑ์ที่เกี่ยวข้อง,1512,การผลิตกระเป๋าเดินทาง กระเป๋าถือ และสิ่งที่คล้ายกัน  อานและเครื่องลากเทียมสัตว์,15121,การผลิตกระเป๋าเดินทาง กระเป๋าถือ และสิ่งที่คล้ายกัน,,การผลิตกระเป๋าเดินทาง กระเป๋าถือ และสิ่งที่คล้ายกัน,0.09499,83.782178,101.217533,97.761641,85.29193,84.029687,92.353076,76.602381,68.718818,93.766264,96.85152,186.420384,133.204589,93.631211,136.338422,108.57617,83.062911,129.495347,106.953708,119.304568,167.324011,170.272068,131.794015,169.18432,118.793811,118.917197,171.427767,125.321702,112.588192,127.686946,117.663987,127.80531,133.516393,142.319659,96.693471,126.506715,128.558805,135.719751,112.351276,130.172652,86.840114,82.457242,89.810403,79.635677,93.30408,69.873421,76.569875,96.813149,107.355829,87.802991,64.861677,81.273107,76.978594,88.420865,69.654105,78.598316,72.081729,80.017927,115.110161,91.548901,122.585476,81.282144,80.023293,65.615027,65.316347,70.709149,76.408495,8.060268,9.697046,2559 = 100,สำนักงานเศรษฐกิจอุตสาหกรรม (สศอ.) กระทรวงอุตสาหกรรม,Shipment.xlsx
196,4,PRODUCT_ITEM,15,การผลิตเครื่องหนังและผลิตภัณฑ์ที่เกี่ยวข้อง,1512,การผลิตกระเป๋าเดินทาง กระเป๋าถือ และสิ่งที่คล้ายกัน  อานและเครื่องลากเทียมสัตว์,15121,การผลิตกระเป๋าเดินทาง กระเป๋าถือ และสิ่งที่คล้ายกัน,15121-010,กระเป๋า กระเป๋าเดินทาง,0.055934,72.287762,81.039233,73.354936,61.640602,82.175612,102.003053,78.515529,82.392927,97.066889,92.327344,231.757797,145.438317,91.059024,164.852471,89.341845,69.921223,133.90896,80.175793,123.982951,173.463593,182.586958,124.44798,183.051341,105.25955,105.570647,168.693003,111.356669,85.987039,105.545423,89.521647,129.314939,113.558927,101.053592,78.465728,98.192919,85.333799,110.843132,92.259433,99.131385,84.306725,110.615468,69.394104,81.50879,84.849367,83.866273,75.007438,97.857891,95.401451,72.153233,59.869093,91.766593,74.890372,84.56026,68.099267,80.638235,68.144541,79.353745,97.425848,83.856572,114.694659,77.055118,60.389745,71.372579,58.523808,71.024616,68.439469,-3.639791,0.499568,2559 = 100,สำนักงานเศรษฐกิจอุตสาหกรรม (สศอ.) กระทรวงอุตสาหกรรม,Shipment.xlsx
197,4,PRODUCT_ITEM,15,การผลิตเครื่องหนังและผลิตภัณฑ์ที่เกี่ยวข้อง,1512,การผลิตกระเป๋าเดินทาง กระเป๋าถือ และสิ่งที่คล้ายกัน  อานและเครื่องลากเทียมสัตว์,15121,การผลิตกระเป๋าเดินทาง กระเป๋าถือ และสิ่งที่คล้ายกัน,15121-020,กระเป๋า กระเป๋าถือ,0.039056,100.243766,130.115641,132.715409,119.163893,86.684978,78.53298,73.862488,49.135608,89.039313,103.330763,121.490958,115.684204,97.314937,95.502372,136.122377,101.883619,123.174443,145.303374,112.604479,158.531283,152.635446,142.314551,149.324833,138.176739,138.031297,175.344325,145.321555,150.684712,159.39666,157.967697,125.643314,162.098237,201.418358,122.798114,167.055975,190.462974,171.346501,141.125566,174.628026,90.468276,42.130779,119.049358,76.953121,105.412395,49.833727,78.807501,95.316934,124.476145,110.215602,72.011744,66.244987,79.969215,93.949783,71.880847,75.676871,77.720325,80.969125,140.436537,102.565377,133.886213,87.335829,108.141242,57.369417,75.044201,70.257356,87.82124,24.999353,22.176134,2559 = 100,สำนักงานเศรษฐกิจอุตสาหกรรม (สศอ.) กระทรวงอุตสาหกรรม,Shipment.xlsx
198,2,GROUP_4DIGIT,15,การผลิตเครื่องหนังและผลิตภัณฑ์ที่เกี่ยวข้อง,1520,การผลิตรองเท้า,,,,การผลิตรองเท้า,0.298484,105.479862,103.065195,107.908558,84.75219,110.780236,106.515759,104.808977,87.023406,79.374276,92.813858,100.07476,117.402924,111.254331,107.149969,115.838371,87.387454,110.006544,124.059807,136.312288,144.255916,107.590301,124.891507,135.412546,141.940462,121.502206,110.902141,118.903905,91.503384,114.528324,119.111789,105.260608,97.883339,92.157647,101.962922,110.917898,100.970104,121.92977,88.052886,88.486134,97.201639,104.91965,121.110547,110.666952,103.281863,83.217711,121.017454,120.86301,106.845645,128.143859,115.958621,119.565247,101.462165,124.088685,113.84383,138.01622,103.304546,91.544948,117.645592,119.053658,86.677119,112.274044,102.653715,98.329607,93.638415,94.671094,104.954748,10.862507,-7.808137,2559 = 100,สำนักงานเศรษฐกิจอุตสาหกรรม (สศอ.) กระทรวงอุตสาหกรรม,Shipment.xlsx
199,3,CLASS_5DIGIT,15,การผลิตเครื่องหนังและผลิตภัณฑ์ที่เกี่ยวข้อง,1520,การผลิตรองเท้า,15201,การผลิตรองเท้าหนัง,,การผลิตรองเท้าหนัง,0.197815,111.830279,110.177548,105.445375,78.652444,101.826888,113.741583,119.429255,91.044433,76.415948,81.34281,93.289447,116.803989,111.409567,104.371541,116.567015,77.547277,103.140434,123.723681,144.085165,159.915858,106.635111,128.38102,144.796086,153.035408,128.935581,113.485749,118.248646,90.154641,114.259944,125.11997,116.64702,104.356635,92.195535,102.900114,110.767396,101.582613,132.235568,88.694166,81.625718,94.738972,107.881428,132.464024,118.983599,111.251686,82.169632,133.710037,128.959308,114.973603,141.186724,131.653021,132.076166,104.965952,134.535034,129.650456,169.793005,120.297145,101.097714,138.394146,138.151088,91.07242,127.258209,114.463151,102.608079,93.057036,100.503303,112.950353,12.384717,-12.880868,2559 = 100,สำนักงานเศรษฐกิจอุตสาหกรรม (สศอ.) กระทรวงอุตสาหกรรม,Shipment.xlsx
200,4,PRODUCT_ITEM,15,การผลิตเครื่องหนังและผลิตภัณฑ์ที่เกี่ยวข้อง,1520,การผลิตรองเท้า,15201,การผลิตรองเท้าหนัง,15201-010,รองเท้าหนัง,0.197815,111.830279,110.177548,105.445375,78.652444,101.826888,113.741583,119.429255,91.044433,76.415948,81.34281,93.289447,116.803989,111.409567,104.371541,116.567015,77.547277,103.140434,123.723681,144.085165,159.915858,106.635111,128.38102,144.796086,153.035408,128.935581,113.485749,118.248646,90.154641,114.259944,125.11997,116.64702,104.356635,92.195535,102.900114,110.767396,101.582613,132.235568,88.694166,81.625718,94.738972,107.881428,132.464024,118.983599,111.251686,82.169632,133.710037,128.959308,114.973603,141.186724,131.653021,132.076166,104.965952,134.535034,129.650456,169.793005,120.297145,101.097714,138.394146,138.151088,91.07242,127.258209,114.463151,102.608079,93.057036,100.503303,112.950353,12.384717,-12.880868,2559 = 100,สำนักงานเศรษฐกิจอุตสาหกรรม (สศอ.) กระทรวงอุตสาหกรรม,Shipment.xlsx
201,3,CLASS_5DIGIT,15,การผลิตเครื่องหนังและผลิตภัณฑ์ที่เกี่ยวข้อง,1520,การผลิตรองเท้า,15204,การผลิตรองเท้ากีฬา,,การผลิตรองเท้ากีฬา,0.051011,103.188374,82.691906,99.960447,93.125193,163.6406,84.082199,94.394261,90.947562,61.341615,107.087958,106.759728,112.780156,106.657832,111.43365,95.382025,93.306933,111.504286,121.936896,117.787458,127.660074,121.165373,130.660831,134.877519,134.159552,104.8596,105.353164,107.21457,87.452488,114.773038,107.831652,70.098972,70.215293,89.20326,99.722545,120.184075,110.579345,100.905126,76.93253,86.497552,108.370424,83.704724,94.843074,105.17981,86.528736,88.435037,91.638937,109.307175,84.080363,102.12763,73.23931,80.8213,95.914085,104.988363,84.27014,68.528502,61.902242,77.179529,81.894045,93.206034,75.80661,74.566005,80.446086,80.311732,97.382988,81.793695,89.161009,9.00719,5.803799,2559 = 100,สำนักงานเศรษฐกิจอุตสาหกรรม (สศอ.) กระทรวงอุตสาหกรรม,Shipment.xlsx
202,4,PRODUCT_ITEM,15,การผลิตเครื่องหนังและผลิตภัณฑ์ที่เกี่ยวข้อง,1520,การผลิตรองเท้า,15204,การผลิตรองเท้ากีฬา,15204-010,รองเท้ากีฬา,0.044149,98.49463,75.280286,91.943074,83.216259,168.405351,87.13246,101.335209,98.175671,62.060492,114.286725,105.913343,113.756501,104.251808,112.27927,96.148916,89.251293,114.822547,130.798061,123.338097,135.531623,127.323836,134.977975,133.59076,129.970682,95.575084,99.427347,103.761068,78.278209,116.883922,113.442992,67.394847,66.167037,85.532213,99.661446,121.237385,103.767697,82.63344,65.100108,72.089515,110.263123,83.505311,99.677063,112.824079,90.589154,92.154043,94.412688,105.590848,77.702314,94.897683,63.603135,70.866862,86.768272,103.949497,85.396673,69.874037,61.368652,71.446882,75.820676,85.799608,69.983647,67.276986,77.204797,79.107945,88.372645,74.25284,91.371746,23.054884,6.996845,2559 = 100,สำนักงานเศรษฐกิจอุตสาหกรรม (สศอ.) กระทรวงอุตสาหกรรม,Shipment.xlsx
203,4,PRODUCT_ITEM,15,การผลิตเครื่องหนังและผลิตภัณฑ์ที่เกี่ยวข้อง,1520,การผลิตรองเท้า,15204,การผลิตรองเท้ากีฬา,15204-020,รองเท้าผ้าใบ,0.006862,133.386868,130.376602,151.542428,156.877053,132.98526,64.457506,49.73776,44.443536,56.716524,60.772707,112.205181,106.498575,122.137651,105.993123,90.448016,119.400012,90.155339,64.926149,82.075893,77.016289,81.543209,102.885299,143.15624,161.109799,164.594094,143.478544,129.433631,146.477737,101.192081,71.729546,87.496705,96.26086,112.821958,100.115639,113.407312,154.403961,218.461056,153.059681,179.195632,96.193227,84.987702,63.742273,55.998298,60.404915,64.507782,73.793249,133.217187,125.115296,148.643488,135.2363,144.865917,154.756191,111.672198,77.022274,59.871632,65.335238,114.062095,120.968737,140.857318,113.270251,121.461919,101.299815,88.056622,155.353516,130.309867,74.937623,-42.492749,-2.706557,2559 = 100,สำนักงานเศรษฐกิจอุตสาหกรรม (สศอ.) กระทรวงอุตสาหกรรม,Shipment.xlsx
204,3,CLASS_5DIGIT,15,การผลิตเครื่องหนังและผลิตภัณฑ์ที่เกี่ยวข้อง,1520,การผลิตรองเท้า,15209,การผลิตรองเท้าอื่นๆ,,การผลิตรองเท้าอื่นๆ,0.049657,82.536288,95.661141,125.885699,100.449872,92.145311,100.776116,57.266261,66.974094,109.68336,123.846691,120.237522,124.537645,115.357743,113.817654,133.949793,120.505941,135.819821,127.579587,124.378117,98.921239,97.450231,105.064067,98.581877,105.735659,108.986936,106.310332,133.522218,101.037576,115.346057,106.765259,96.021926,100.518666,95.041646,100.530982,101.998639,88.658896,102.473413,96.921813,117.858093,95.538645,114.914416,102.866419,83.173483,88.743128,82.033274,100.634718,100.481462,97.853032,102.911786,97.322351,109.526954,93.203809,102.095644,81.256484,82.812326,78.143857,68.247597,71.71786,69.529405,80.33486,91.319174,78.422701,99.794977,92.107735,84.666373,89.327767,5.505604,9.933094,2559 = 100,สำนักงานเศรษฐกิจอุตสาหกรรม (สศอ.) กระทรวงอุตสาหกรรม,Shipment.xlsx
205,4,PRODUCT_ITEM,15,การผลิตเครื่องหนังและผลิตภัณฑ์ที่เกี่ยวข้อง,1520,การผลิตรองเท้า,15209,การผลิตรองเท้าอื่นๆ,15209-010,รองเท้าพลาสติก,0.049657,82.536288,95.661141,125.885699,100.449872,92.145311,100.776116,57.266261,66.974094,109.68336,123.846691,120.237522,124.537645,115.357743,113.817654,133.949793,120.505941,135.819821,127.579587,124.378117,98.921239,97.450231,105.064067,98.581877,105.735659,108.986936,106.310332,133.522218,101.037576,115.346057,106.765259,96.021926,100.518666,95.041646,100.530982,101.998639,88.658896,102.473413,96.921813,117.858093,95.538645,114.914416,102.866419,83.173483,88.743128,82.033274,100.634718,100.481462,97.853032,102.911786,97.322351,109.526954,93.203809,102.095644,81.256484,82.812326,78.143857,68.247597,71.71786,69.529405,80.33486,91.319174,78.422701,99.794977,92.107735,84.666373,89.327767,5.505604,9.933094,2559 = 100,สำนักงานเศรษฐกิจอุตสาหกรรม (สศอ.) กระทรวงอุตสาหกรรม,Shipment.xlsx
206,1,DIVISION_2DIGIT,16,การผลิตไม้และผลิตภัณฑ์จากไม้และไม้ก๊อก (ยกเว้นเฟอร์นิเจอร์)  การผลิตสิ่งของจากฟางและวัสดุถักสานอื่นๆ,,,,,,การผลิตไม้และผลิตภัณฑ์จากไม้และไม้ก๊อก (ยกเว้นเฟอร์นิเจอร์)  การผลิตสิ่งของจากฟางและวัสดุถักสานอื่นๆ,0.500141,84.297311,104.586078,137.732185,96.6375,85.281981,89.868866,100.697784,92.547452,89.596422,85.927982,107.318041,125.508399,102.684925,90.271106,92.696124,93.106246,66.870839,129.462774,60.173748,82.156115,79.577285,65.480085,97.700315,100.813241,105.43063,79.0658,129.389675,101.868776,100.998348,95.144088,79.139787,112.807847,82.805324,103.27216,108.831323,110.125681,99.674675,84.960344,103.74005,91.243233,106.88261,100.476768,96.909997,109.375445,109.553879,99.510652,104.846437,117.544493,88.549657,86.530844,96.005176,79.533706,123.396828,65.921388,90.911404,94.299707,82.567839,110.179557,65.506424,110.919311,93.33383,77.137528,77.023434,72.610707,74.68665,75.095283,0.547129,13.916415,2559 = 100,สำนักงานเศรษฐกิจอุตสาหกรรม (สศอ.) กระทรวงอุตสาหกรรม,Shipment.xlsx
207,2,GROUP_4DIGIT,16,การผลิตไม้และผลิตภัณฑ์จากไม้และไม้ก๊อก (ยกเว้นเฟอร์นิเจอร์)  การผลิตสิ่งของจากฟางและวัสดุถักสานอื่นๆ,1621,การผลิตแผ่นไม้บางและแผ่นไม้ที่คล้ายกัน,,,,การผลิตแผ่นไม้บางและแผ่นไม้ที่คล้ายกัน,0.500141,84.297311,104.586078,137.732185,96.6375,85.281981,89.868866,100.697784,92.547452,89.596422,85.927982,107.318041,125.508399,102.684925,90.271106,92.696124,93.106246,66.870839,129.462774,60.173748,82.156115,79.577285,65.480085,97.700315,100.813241,105.43063,79.0658,129.389675,101.868776,100.998348,95.144088,79.139787,112.807847,82.805324,103.27216,108.831323,110.125681,99.674675,84.960344,103.74005,91.243233,106.88261,100.476768,96.909997,109.375445,109.553879,99.510652,104.846437,117.544493,88.549657,86.530844,96.005176,79.533706,123.396828,65.921388,90.911404,94.299707,82.567839,110.179557,65.506424,110.919311,93.33383,77.137528,77.023434,72.610707,74.68665,75.095283,0.547129,13.916415,2559 = 100,สำนักงานเศรษฐกิจอุตสาหกรรม (สศอ.) กระทรวงอุตสาหกรรม,Shipment.xlsx
208,3,CLASS_5DIGIT,16,การผลิตไม้และผลิตภัณฑ์จากไม้และไม้ก๊อก (ยกเว้นเฟอร์นิเจอร์)  การผลิตสิ่งของจากฟางและวัสดุถักสานอื่นๆ,1621,การผลิตแผ่นไม้บางและแผ่นไม้ที่คล้ายกัน,16210,การผลิตแผ่นไม้บางและแผ่นไม้ที่คล้ายกัน,,การผลิตแผ่นไม้บางและแผ่นไม้ที่คล้ายกัน,0.500141,84.297311,104.586078,137.732185,96.6375,85.281981,89.868866,100.697784,92.547452,89.596422,85.927982,107.318041,125.508399,102.684925,90.271106,92.696124,93.106246,66.870839,129.462774,60.173748,82.156115,79.577285,65.480085,97.700315,100.813241,105.43063,79.0658,129.389675,101.868776,100.998348,95.144088,79.139787,112.807847,82.805324,103.27216,108.831323,110.125681,99.674675,84.960344,103.74005,91.243233,106.88261,100.476768,96.909997,109.375445,109.553879,99.510652,104.846437,117.544493,88.549657,86.530844,96.005176,79.533706,123.396828,65.921388,90.911404,94.299707,82.567839,110.179557,65.506424,110.919311,93.33383,77.137528,77.023434,72.610707,74.68665,75.095283,0.547129,13.916415,2559 = 100,สำนักงานเศรษฐกิจอุตสาหกรรม (สศอ.) กระทรวงอุตสาหกรรม,Shipment.xlsx
209,4,PRODUCT_ITEM,16,การผลิตไม้และผลิตภัณฑ์จากไม้และไม้ก๊อก (ยกเว้นเฟอร์นิเจอร์)  การผลิตสิ่งของจากฟางและวัสดุถักสานอื่นๆ,1621,การผลิตแผ่นไม้บางและแผ่นไม้ที่คล้ายกัน,16210,การผลิตแผ่นไม้บางและแผ่นไม้ที่คล้ายกัน,16210-010,แผ่นไม้ไฟเบอร์บอร์ดความหนาแน่นปานกลาง,0.32109,74.079506,108.383266,150.450237,91.209129,73.801991,83.536624,103.8638,94.26319,100.426757,81.529811,109.453326,129.002364,96.634742,94.994921,95.727277,86.732625,53.519768,147.808152,61.454863,89.220688,91.16394,65.03656,105.326392,115.237562,118.207957,82.158891,147.248451,110.448543,105.810947,102.159386,75.874094,125.95539,78.515682,110.788647,115.21086,114.70462,104.970986,83.594085,97.015909,87.624233,98.782816,98.228766,88.93577,117.127646,109.124546,101.093938,119.423701,133.515012,95.330368,83.649808,91.807072,82.857817,140.661562,68.098118,96.641577,103.888581,81.222113,128.328308,70.465735,128.053587,111.107997,91.324185,77.448017,71.067431,78.619876,77.051436,-1.994967,13.147673,2559 = 100,สำนักงานเศรษฐกิจอุตสาหกรรม (สศอ.) กระทรวงอุตสาหกรรม,Shipment.xlsx
210,4,PRODUCT_ITEM,16,การผลิตไม้และผลิตภัณฑ์จากไม้และไม้ก๊อก (ยกเว้นเฟอร์นิเจอร์)  การผลิตสิ่งของจากฟางและวัสดุถักสานอื่นๆ,1621,การผลิตแผ่นไม้บางและแผ่นไม้ที่คล้ายกัน,16210,การผลิตแผ่นไม้บางและแผ่นไม้ที่คล้ายกัน,16210-020,แผ่นไม้ปาร์ติเกิล,0.179051,102.620732,97.776644,114.925112,106.372109,105.868857,101.224373,95.02022,89.470648,70.174559,93.815149,103.488868,119.242729,113.53462,81.799966,87.260407,104.535955,90.813094,96.564311,57.876346,69.487332,58.799127,66.275451,84.024595,74.946343,82.517259,73.51901,97.363825,86.48282,92.367995,82.56367,84.9961,89.230573,90.497869,89.792969,97.391005,101.914344,90.176887,87.410433,115.798341,97.733128,121.407838,104.508075,111.210047,95.473552,110.323794,96.671372,78.70527,88.904823,76.389921,91.697358,103.533567,73.572631,92.436266,62.017895,80.635581,77.104135,84.981107,77.633701,56.612972,80.192696,61.459709,51.69683,76.262036,75.378239,67.633261,71.587346,5.84636,15.430144,2559 = 100,สำนักงานเศรษฐกิจอุตสาหกรรม (สศอ.) กระทรวงอุตสาหกรรม,Shipment.xlsx
211,1,DIVISION_2DIGIT,17,การผลิตกระดาษและผลิตภัณฑ์กระดาษ,,,,,,การผลิตกระดาษและผลิตภัณฑ์กระดาษ,1.921592,102.9563,94.577799,111.029679,96.206298,105.969972,102.800254,98.402619,98.007993,100.124819,96.003111,99.138942,94.782213,101.772153,97.665113,108.24288,92.237687,101.991554,96.544124,90.558651,91.542615,88.60268,87.988654,91.241751,78.744061,88.62686,85.060459,98.387787,86.044465,91.66601,91.448973,87.35215,88.87841,90.45414,90.417145,92.043792,82.01816,91.83269,91.863422,100.586209,93.411956,100.479231,91.027724,86.693852,88.205848,86.457085,90.129838,91.328558,80.70525,91.631559,89.092074,97.093697,88.466618,95.619951,89.794771,92.997806,89.458557,90.536254,90.271471,91.731423,86.150673,93.411017,87.386778,101.506278,94.989467,99.817738,89.291166,-10.545793,-0.56084,2559 = 100,สำนักงานเศรษฐกิจอุตสาหกรรม (สศอ.) กระทรวงอุตสาหกรรม,Shipment.xlsx
212,2,GROUP_4DIGIT,17,การผลิตกระดาษและผลิตภัณฑ์กระดาษ,1701,การผลิตเยื่อกระดาษ  กระดาษ  และกระดาษแข็ง,,,,การผลิตเยื่อกระดาษ  กระดาษ  และกระดาษแข็ง,0.806538,109.428002,94.734816,107.160304,94.94668,107.566297,107.662696,103.15,102.539799,99.169415,93.847875,92.47471,87.319408,101.494614,95.26467,104.800948,91.588385,100.655883,91.616495,89.327357,87.642564,80.625815,81.755318,83.064733,67.442498,85.558681,82.672134,96.029219,86.642083,86.603575,88.283401,85.249025,89.388725,91.853934,93.91885,93.579325,81.256924,95.675034,97.184313,107.555671,101.410222,104.977662,92.413503,85.858132,88.808055,88.479566,94.569191,94.307348,79.4972,95.754048,92.359632,101.596803,92.789081,97.607945,92.297663,98.265839,94.323421,94.746789,95.374612,97.094502,87.615257,103.346112,93.895646,107.67927,104.164179,103.107958,91.812513,-10.954969,-0.525636,2559 = 100,สำนักงานเศรษฐกิจอุตสาหกรรม (สศอ.) กระทรวงอุตสาหกรรม,Shipment.xlsx
213,3,CLASS_5DIGIT,17,การผลิตกระดาษและผลิตภัณฑ์กระดาษ,1701,การผลิตเยื่อกระดาษ  กระดาษ  และกระดาษแข็ง,17011,การผลิตเยื่อกระดาษ,,การผลิตเยื่อกระดาษ,0.079365,103.916593,93.751223,88.733821,97.005167,109.366476,94.729232,102.932024,105.002592,116.437435,108.764595,87.692941,91.667901,96.295416,72.395903,92.681032,70.364374,89.874548,90.787072,92.040467,86.032603,79.490872,92.793478,73.063497,47.695382,86.765224,59.445489,78.240953,89.942164,60.988674,86.731767,80.643342,69.621966,74.341675,103.461534,89.828668,73.439903,76.180558,80.389914,87.083172,82.863726,82.098171,86.399198,81.688586,72.480101,76.78709,94.864538,98.517784,79.961892,61.099391,77.441684,95.638409,81.134094,66.125795,79.116873,90.5987,88.375704,94.94606,80.3886,80.095742,54.280303,97.926622,79.858258,70.403347,88.138856,85.314725,81.110415,-4.928,2.519743,2559 = 100,สำนักงานเศรษฐกิจอุตสาหกรรม (สศอ.) กระทรวงอุตสาหกรรม,Shipment.xlsx
214,4,PRODUCT_ITEM,17,การผลิตกระดาษและผลิตภัณฑ์กระดาษ,1701,การผลิตเยื่อกระดาษ  กระดาษ  และกระดาษแข็ง,17011,การผลิตเยื่อกระดาษ,17011-010,เยื่อกระดาษ,0.079365,103.916593,93.751223,88.733821,97.005167,109.366476,94.729232,102.932024,105.002592,116.437435,108.764595,87.692941,91.667901,96.295416,72.395903,92.681032,70.364374,89.874548,90.787072,92.040467,86.032603,79.490872,92.793478,73.063497,47.695382,86.765224,59.445489,78.240953,89.942164,60.988674,86.731767,80.643342,69.621966,74.341675,103.461534,89.828668,73.439903,76.180558,80.389914,87.083172,82.863726,82.098171,86.399198,81.688586,72.480101,76.78709,94.864538,98.517784,79.961892,61.099391,77.441684,95.638409,81.134094,66.125795,79.116873,90.5987,88.375704,94.94606,80.3886,80.095742,54.280303,97.926622,79.858258,70.403347,88.138856,85.314725,81.110415,-4.928,2.519743,2559 = 100,สำนักงานเศรษฐกิจอุตสาหกรรม (สศอ.) กระทรวงอุตสาหกรรม,Shipment.xlsx
215,3,CLASS_5DIGIT,17,การผลิตกระดาษและผลิตภัณฑ์กระดาษ,1701,การผลิตเยื่อกระดาษ  กระดาษ  และกระดาษแข็ง,17012,การผลิตกระดาษและกระดาษแข็ง,,การผลิตกระดาษและกระดาษแข็ง,0.727173,110.029529,94.842168,109.171413,94.722012,107.369821,109.074284,103.17379,102.271004,97.284743,92.21983,92.996603,86.844803,102.062067,97.76062,106.123743,93.904822,101.832583,91.70702,89.031242,87.818278,80.749685,80.550588,84.156291,69.597743,85.426996,85.207144,97.970671,86.281905,89.399244,88.45275,85.7517,91.546115,93.765263,92.877339,93.988681,82.110092,97.802706,99.017292,109.790087,103.434429,107.474782,93.069919,86.313206,90.590126,89.75571,94.536956,93.847811,79.446482,99.536337,93.987812,102.247116,94.061133,101.043979,93.736244,99.102649,94.972568,94.72504,97.01022,98.949786,91.253511,103.937608,95.427718,111.74765,105.913219,105.049952,92.980564,-11.489189,-0.806177,2559 = 100,สำนักงานเศรษฐกิจอุตสาหกรรม (สศอ.) กระทรวงอุตสาหกรรม,Shipment.xlsx
216,4,PRODUCT_ITEM,17,การผลิตกระดาษและผลิตภัณฑ์กระดาษ,1701,การผลิตเยื่อกระดาษ  กระดาษ  และกระดาษแข็ง,17012,การผลิตกระดาษและกระดาษแข็ง,17012-010,กระดาษแข็ง,0.092751,98.076854,107.464249,98.255455,98.347203,98.850899,101.289416,101.541437,95.864847,101.631842,104.471387,104.214152,89.992259,101.242997,100.819211,103.483573,91.962725,104.25424,102.482698,99.0407,99.124973,95.02765,90.967703,88.09577,68.104103,86.932308,85.826012,92.438995,81.668305,90.493162,93.848573,87.553556,92.624673,93.822717,94.684892,94.662574,89.363935,107.260297,97.850503,107.025699,96.895994,107.099944,99.669502,101.016779,98.508833,95.0833,97.171398,95.551883,82.634917,95.759878,94.40208,87.739818,82.2268,89.982868,89.815865,99.038465,89.259592,89.900657,93.548244,92.824209,82.151651,95.773857,93.113672,99.47752,95.715321,100.590466,107.68512,7.053008,19.895432,2559 = 100,สำนักงานเศรษฐกิจอุตสาหกรรม (สศอ.) กระทรวงอุตสาหกรรม,Shipment.xlsx
217,4,PRODUCT_ITEM,17,การผลิตกระดาษและผลิตภัณฑ์กระดาษ,1701,การผลิตเยื่อกระดาษ  กระดาษ  และกระดาษแข็ง,17012,การผลิตกระดาษและกระดาษแข็ง,17012-020,กระดาษคราฟท์ (กระดาษเหนียว),0.634422,111.776983,92.996849,110.7673,94.192017,108.615268,110.212413,103.412436,103.20757,96.649208,90.428681,91.356624,86.384653,102.181813,97.313461,106.50973,94.188752,101.478542,90.131641,87.567883,86.165266,78.66228,79.02763,83.580348,69.81611,85.206923,85.116666,98.77939,86.956402,89.239316,87.663893,85.488273,91.388432,93.756863,92.613079,93.890159,81.049597,96.420029,99.187874,110.194234,104.390333,107.529582,92.105075,84.163578,89.43243,88.976829,94.151807,93.59868,78.98034,100.088447,93.927247,104.368049,95.791285,102.661088,94.309395,99.112032,95.807792,95.430353,97.516352,99.845331,92.584181,105.131129,95.766027,113.541514,107.404128,105.701919,90.830793,-14.068927,-3.6885,2559 = 100,สำนักงานเศรษฐกิจอุตสาหกรรม (สศอ.) กระทรวงอุตสาหกรรม,Shipment.xlsx
218,2,GROUP_4DIGIT,17,การผลิตกระดาษและผลิตภัณฑ์กระดาษ,1702,การผลิตกระดาษลอนลูกฟูกและกระดาษแข็งลอนลูกฟูก และการผลิตบรรจุภัณฑ์ที่ทำจากกระดาษและกระดาษแข็ง,,,,การผลิตกระดาษลอนลูกฟูกและกระดาษแข็งลอนลูกฟูก และการผลิตบรรจุภัณฑ์ที่ทำจากกระดาษและกระดาษแข็ง,0.860032,98.565828,94.277649,113.47336,96.172558,104.825976,98.959627,95.632621,94.861587,101.06191,97.649024,104.59235,99.927509,101.160168,97.985697,112.121023,93.062529,103.821064,100.404373,90.988034,91.868133,91.962773,89.424974,93.852908,83.041947,88.574886,84.862473,98.71851,83.354203,92.487277,91.747439,86.853323,87.881836,86.922357,85.36942,88.063853,77.516913,87.511664,84.678439,93.874904,85.996081,96.547462,87.981449,86.208578,87.334187,83.23915,86.049268,88.881221,78.548791,87.369661,83.718756,93.520285,84.101532,93.934475,85.742489,89.602618,83.383735,85.463883,86.239394,84.273091,82.54356,85.093541,82.41088,95.205898,88.924654,96.533175,85.356101,-11.578479,-0.450638,2559 = 100,สำนักงานเศรษฐกิจอุตสาหกรรม (สศอ.) กระทรวงอุตสาหกรรม,Shipment.xlsx
219,3,CLASS_5DIGIT,17,การผลิตกระดาษและผลิตภัณฑ์กระดาษ,1702,การผลิตกระดาษลอนลูกฟูกและกระดาษแข็งลอนลูกฟูก และการผลิตบรรจุภัณฑ์ที่ทำจากกระดาษและกระดาษแข็ง,17020,การผลิตกระดาษลอนลูกฟูกและกระดาษแข็งลอนลูกฟูก และการผลิตบรรจุภัณฑ์ที่ทำจากกระดาษและกระดาษแข็ง,,การผลิตกระดาษลอนลูกฟูกและกระดาษแข็งลอนลูกฟูก และการผลิตบรรจุภัณฑ์ที่ทำจากกระดาษและกระดาษแข็ง,0.860032,98.565828,94.277649,113.47336,96.172558,104.825976,98.959627,95.632621,94.861587,101.06191,97.649024,104.59235,99.927509,101.160168,97.985697,112.121023,93.062529,103.821064,100.404373,90.988034,91.868133,91.962773,89.424974,93.852908,83.041947,88.574886,84.862473,98.71851,83.354203,92.487277,91.747439,86.853323,87.881836,86.922357,85.36942,88.063853,77.516913,87.511664,84.678439,93.874904,85.996081,96.547462,87.981449,86.208578,87.334187,83.23915,86.049268,88.881221,78.548791,87.369661,83.718756,93.520285,84.101532,93.934475,85.742489,89.602618,83.383735,85.463883,86.239394,84.273091,82.54356,85.093541,82.41088,95.205898,88.924654,96.533175,85.356101,-11.578479,-0.450638,2559 = 100,สำนักงานเศรษฐกิจอุตสาหกรรม (สศอ.) กระทรวงอุตสาหกรรม,Shipment.xlsx
220,4,PRODUCT_ITEM,17,การผลิตกระดาษและผลิตภัณฑ์กระดาษ,1702,การผลิตกระดาษลอนลูกฟูกและกระดาษแข็งลอนลูกฟูก และการผลิตบรรจุภัณฑ์ที่ทำจากกระดาษและกระดาษแข็ง,17020,การผลิตกระดาษลอนลูกฟูกและกระดาษแข็งลอนลูกฟูก และการผลิตบรรจุภัณฑ์ที่ทำจากกระดาษและกระดาษแข็ง,17020-010,กระดาษลูกฟูก,0.262625,104.008592,93.652468,113.360635,93.831254,112.107513,101.862404,99.607717,96.963738,101.538324,90.533826,99.751591,92.781939,98.281666,91.154871,106.264704,92.071441,105.447972,95.75473,89.187179,84.521709,85.590174,83.431423,84.942324,75.627729,81.220028,78.505893,92.242774,81.876508,86.273623,88.257221,81.981625,84.389394,86.572877,81.730588,82.476713,69.336201,79.424089,77.914573,88.61273,85.515186,97.103016,81.354096,78.827646,79.360226,73.484314,76.960454,79.896525,70.7425,79.318753,74.41184,89.008559,82.889776,99.148293,87.073241,94.04763,78.688058,81.276589,78.870255,77.951126,78.658303,83.173019,75.524054,95.109049,90.623793,102.521092,77.597825,-24.31038,-10.882121,2559 = 100,สำนักงานเศรษฐกิจอุตสาหกรรม (สศอ.) กระทรวงอุตสาหกรรม,Shipment.xlsx
221,4,PRODUCT_ITEM,17,การผลิตกระดาษและผลิตภัณฑ์กระดาษ,1702,การผลิตกระดาษลอนลูกฟูกและกระดาษแข็งลอนลูกฟูก และการผลิตบรรจุภัณฑ์ที่ทำจากกระดาษและกระดาษแข็ง,17020,การผลิตกระดาษลอนลูกฟูกและกระดาษแข็งลอนลูกฟูก และการผลิตบรรจุภัณฑ์ที่ทำจากกระดาษและกระดาษแข็ง,17020-020,กล่องกระดาษลูกฟูก,0.597407,96.173147,94.552484,113.522914,97.201814,101.624956,97.683543,93.885137,93.937466,100.852475,100.776921,106.720386,103.068758,102.42558,100.988582,114.695507,93.498219,103.105862,102.448393,91.779704,95.097678,94.764217,92.059787,97.770071,86.301295,91.808139,87.656876,101.565294,84.003809,95.218848,93.281765,88.994959,89.417141,87.075992,86.969078,90.520004,81.113217,91.067026,87.651887,96.188197,86.207486,96.303236,90.894886,89.453293,90.839603,87.527453,90.044782,92.830964,81.980498,90.908903,87.81015,95.503676,84.634229,91.64244,85.15748,87.648557,85.447991,87.30465,89.478925,87.052276,84.251549,85.937817,85.438383,95.248473,88.177699,93.90084,88.7667,-5.467619,4.238289,2559 = 100,สำนักงานเศรษฐกิจอุตสาหกรรม (สศอ.) กระทรวงอุตสาหกรรม,Shipment.xlsx
222,2,GROUP_4DIGIT,17,การผลิตกระดาษและผลิตภัณฑ์กระดาษ,1709,การผลิตผลิตภัณฑ์อื่นๆ ที่ทำจากกระดาษและกระดาษแข็ง,,,,การผลิตผลิตภัณฑ์อื่นๆ ที่ทำจากกระดาษและกระดาษแข็ง,0.255023,97.295122,95.093432,115.026012,100.303769,104.779397,100.374264,92.729965,94.286503,99.98617,97.268655,101.824396,101.032315,104.713745,104.175654,106.049828,91.509508,100.045968,99.110106,93.004716,102.779199,102.49893,102.85847,108.296695,99.992451,98.505599,93.28149,104.731707,93.227004,104.906912,100.453911,95.685755,90.625301,97.937628,96.365424,100.609335,99.605545,94.252961,99.265955,101.177528,93.125642,99.511832,96.918215,90.973436,89.240863,90.912837,89.851093,90.161137,91.798235,92.966435,96.878893,94.902995,89.517042,95.016752,95.544902,87.786899,94.559449,94.325893,87.729886,99.922368,93.683299,90.039799,83.582341,103.230732,86.426223,100.488821,94.587631,-5.872485,-1.001907,2559 = 100,สำนักงานเศรษฐกิจอุตสาหกรรม (สศอ.) กระทรวงอุตสาหกรรม,Shipment.xlsx
223,3,CLASS_5DIGIT,17,การผลิตกระดาษและผลิตภัณฑ์กระดาษ,1709,การผลิตผลิตภัณฑ์อื่นๆ ที่ทำจากกระดาษและกระดาษแข็ง,17091,การผลิตผลิตภัณฑ์ที่ทำจากกระดาษชนิดใช้ในครัวเรือนและสุขอนามัย,,การผลิตผลิตภัณฑ์ที่ทำจากกระดาษชนิดใช้ในครัวเรือนและสุขอนามัย,0.15472,86.976549,89.012504,108.910299,99.350244,103.362681,101.145342,96.420685,101.204054,105.735579,102.438138,103.173287,102.27064,97.576087,99.788194,101.260697,90.733895,95.929053,91.942714,87.661895,98.686163,99.573154,100.884657,106.010682,102.168731,95.662842,88.32036,100.496334,85.866335,100.364875,96.509962,90.484944,96.042917,101.941273,100.182867,101.720609,106.530896,90.235899,100.855983,100.576295,97.801746,101.348365,103.682701,90.197458,89.560923,97.269018,93.517734,90.686931,94.901515,91.852927,98.00392,95.122653,95.666425,100.507602,98.572087,90.802018,98.523002,98.279416,99.046491,107.506284,100.230372,85.924951,81.712948,101.59437,89.964632,100.55277,94.90658,-5.615151,-3.718606,2559 = 100,สำนักงานเศรษฐกิจอุตสาหกรรม (สศอ.) กระทรวงอุตสาหกรรม,Shipment.xlsx
224,4,PRODUCT_ITEM,17,การผลิตกระดาษและผลิตภัณฑ์กระดาษ,1709,การผลิตผลิตภัณฑ์อื่นๆ ที่ทำจากกระดาษและกระดาษแข็ง,17091,การผลิตผลิตภัณฑ์ที่ทำจากกระดาษชนิดใช้ในครัวเรือนและสุขอนามัย,17091-010,กระดาษอนามัย,0.02062,100.149924,89.584249,108.844584,96.554729,92.401532,101.55615,94.566566,109.411792,106.053538,97.329764,96.818943,106.728227,107.194629,97.037012,101.009195,101.957764,102.906563,99.791233,100.279845,112.992948,118.842131,100.753842,110.451386,110.345171,116.357762,102.880786,104.363076,93.526972,104.61187,103.522218,102.234406,104.652952,101.173293,104.068022,109.190387,106.252044,114.882031,104.578038,110.612838,103.187693,87.544187,95.603514,99.693879,110.622274,105.996921,101.660408,101.698728,103.740286,111.036776,99.523107,104.678959,101.438312,101.878477,100.999643,107.575529,114.81966,110.626301,107.216954,119.155482,107.391638,111.759107,96.325499,126.33494,98.598934,94.985327,94.16967,-0.858719,-6.762374,2559 = 100,สำนักงานเศรษฐกิจอุตสาหกรรม (สศอ.) กระทรวงอุตสาหกรรม,Shipment.xlsx
225,4,PRODUCT_ITEM,17,การผลิตกระดาษและผลิตภัณฑ์กระดาษ,1709,การผลิตผลิตภัณฑ์อื่นๆ ที่ทำจากกระดาษและกระดาษแข็ง,17091,การผลิตผลิตภัณฑ์ที่ทำจากกระดาษชนิดใช้ในครัวเรือนและสุขอนามัย,17091-020,ผ้าอนามัย,0.091651,77.774682,83.261843,106.806411,103.494085,104.862155,103.08649,102.204322,101.242849,107.455447,105.409461,104.651993,99.750261,94.508728,99.828918,103.606756,89.245029,96.338538,90.333885,89.93657,99.238382,97.556579,102.758304,107.283019,98.902807,93.244035,84.330737,96.696771,88.88524,105.810432,100.87396,92.732817,98.407572,111.895388,99.916286,101.740897,110.012055,91.810011,106.445015,104.173324,109.502237,110.906214,110.925917,101.191673,93.33791,107.373783,105.100277,98.056675,101.458832,96.226749,106.145061,98.470829,102.397192,109.269041,105.248699,95.938331,105.858069,107.085755,110.693627,117.388018,112.934467,87.167077,85.38239,109.576513,99.086681,117.199154,108.265867,-7.622313,2.866704,2559 = 100,สำนักงานเศรษฐกิจอุตสาหกรรม (สศอ.) กระทรวงอุตสาหกรรม,Shipment.xlsx
226,4,PRODUCT_ITEM,17,การผลิตกระดาษและผลิตภัณฑ์กระดาษ,1709,การผลิตผลิตภัณฑ์อื่นๆ ที่ทำจากกระดาษและกระดาษแข็ง,17091,การผลิตผลิตภัณฑ์ที่ทำจากกระดาษชนิดใช้ในครัวเรือนและสุขอนามัย,17091-030,ผ้าอ้อมสำเร็จรูป,0.04245,100.444947,101.150736,113.484613,91.761395,105.449545,96.754763,84.834159,97.133442,101.867853,98.504264,103.067265,105.547018,99.526526,101.036636,96.317611,88.496515,91.65568,91.60389,76.621686,90.544478,94.567271,96.902907,101.106604,105.248369,90.832754,89.861527,106.82153,75.627277,86.544709,83.681729,79.924462,86.755251,80.822905,98.871242,98.048414,99.150358,74.865635,86.981037,87.93496,69.923641,87.417792,91.96866,61.847606,71.17583,71.212832,64.555224,69.426402,76.450585,73.091223,79.688874,83.251874,78.330725,80.925343,82.977796,71.56486,74.770258,73.268699,69.931025,80.512634,69.323091,70.694388,66.692505,72.342987,66.075642,67.316777,66.42119,-1.330407,-19.953056,2559 = 100,สำนักงานเศรษฐกิจอุตสาหกรรม (สศอ.) กระทรวงอุตสาหกรรม,Shipment.xlsx
227,3,CLASS_5DIGIT,17,การผลิตกระดาษและผลิตภัณฑ์กระดาษ,1709,การผลิตผลิตภัณฑ์อื่นๆ ที่ทำจากกระดาษและกระดาษแข็ง,17092,การผลิตอุปกรณ์เครื่องเขียนจากกระดาษ,,การผลิตอุปกรณ์เครื่องเขียนจากกระดาษ,0.100303,113.21184,104.473451,124.459687,101.774611,106.964725,99.184852,87.036917,83.615968,91.11753,89.294569,99.74369,99.12216,115.723803,110.943445,113.43721,92.705915,106.396437,110.166028,101.246181,109.092833,107.012029,105.903137,111.822942,96.635474,102.890639,100.934185,111.2649,104.581063,111.913143,106.537573,103.708167,82.268462,91.761883,90.4769,98.895161,88.922976,100.449402,96.813287,102.104948,85.912608,96.678924,86.483787,92.170406,88.74716,81.108231,84.195186,89.350083,87.011331,94.684055,95.143503,94.564167,80.03143,86.546948,90.875375,83.135985,88.445546,88.227463,70.273674,88.223945,83.584237,96.387077,86.465937,105.754872,80.968118,100.390179,94.095641,-6.270073,3.543608,2559 = 100,สำนักงานเศรษฐกิจอุตสาหกรรม (สศอ.) กระทรวงอุตสาหกรรม,Shipment.xlsx
228,4,PRODUCT_ITEM,17,การผลิตกระดาษและผลิตภัณฑ์กระดาษ,1709,การผลิตผลิตภัณฑ์อื่นๆ ที่ทำจากกระดาษและกระดาษแข็ง,17092,การผลิตอุปกรณ์เครื่องเขียนจากกระดาษ,17092-010,กระดาษปอนด์ (กระดาษพิมพ์เขียน),0.100303,113.21184,104.473451,124.459687,101.774611,106.964725,99.184852,87.036917,83.615968,91.11753,89.294569,99.74369,99.12216,115.723803,110.943445,113.43721,92.705915,106.396437,110.166028,101.246181,109.092833,107.012029,105.903137,111.822942,96.635474,102.890639,100.934185,111.2649,104.581063,111.913143,106.537573,103.708167,82.268462,91.761883,90.4769,98.895161,88.922976,100.449402,96.813287,102.104948,85.912608,96.678924,86.483787,92.170406,88.74716,81.108231,84.195186,89.350083,87.011331,94.684055,95.143503,94.564167,80.03143,86.546948,90.875375,83.135985,88.445546,88.227463,70.273674,88.223945,83.584237,96.387077,86.465937,105.754872,80.968118,100.390179,94.095641,-6.270073,3.543608,2559 = 100,สำนักงานเศรษฐกิจอุตสาหกรรม (สศอ.) กระทรวงอุตสาหกรรม,Shipment.xlsx
229,1,DIVISION_2DIGIT,19,การผลิตถ่านโค้กและผลิตภัณฑ์ที่ได้จากการกลั่นปิโตรเลียม,,,,,,การผลิตถ่านโค้กและผลิตภัณฑ์ที่ได้จากการกลั่นปิโตรเลียม,11.792981,94.666756,93.45557,101.817437,97.959715,96.975727,95.927171,92.170069,97.528021,91.404331,106.909185,113.465184,117.720835,111.008621,102.357927,115.276786,114.966915,121.610348,115.697744,113.579394,117.393926,112.098608,103.329348,96.172186,121.865409,126.597173,114.637065,130.514076,121.021311,119.357035,118.233692,121.322958,121.70101,115.077542,124.914585,128.705697,139.965502,116.420255,122.761256,135.211777,125.332737,129.993133,126.480095,128.106207,127.318112,118.865112,122.418386,128.953495,136.425587,128.257784,119.209438,130.405738,123.187428,121.468953,117.53619,111.262077,122.396394,122.302268,122.094946,119.207892,138.304348,133.467298,117.89233,126.414347,115.187118,113.432567,112.328329,-0.973475,-4.430858,2559 = 100,สำนักงานเศรษฐกิจอุตสาหกรรม (สศอ.) กระทรวงอุตสาหกรรม,Shipment.xlsx
230,2,GROUP_4DIGIT,19,การผลิตถ่านโค้กและผลิตภัณฑ์ที่ได้จากการกลั่นปิโตรเลียม,1920,การผลิตผลิตภัณฑ์ที่ได้จากการกลั่นปิโตรเลียม,,,,การผลิตผลิตภัณฑ์ที่ได้จากการกลั่นปิโตรเลียม,11.792981,94.666756,93.45557,101.817437,97.959715,96.975727,95.927171,92.170069,97.528021,91.404331,106.909185,113.465184,117.720835,111.008621,102.357927,115.276786,114.966915,121.610348,115.697744,113.579394,117.393926,112.098608,103.329348,96.172186,121.865409,126.597173,114.637065,130.514076,121.021311,119.357035,118.233692,121.322958,121.70101,115.077542,124.914585,128.705697,139.965502,116.420255,122.761256,135.211777,125.332737,129.993133,126.480095,128.106207,127.318112,118.865112,122.418386,128.953495,136.425587,128.257784,119.209438,130.405738,123.187428,121.468953,117.53619,111.262077,122.396394,122.302268,122.094946,119.207892,138.304348,133.467298,117.89233,126.414347,115.187118,113.432567,112.328329,-0.973475,-4.430858,2559 = 100,สำนักงานเศรษฐกิจอุตสาหกรรม (สศอ.) กระทรวงอุตสาหกรรม,Shipment.xlsx
231,3,CLASS_5DIGIT,19,การผลิตถ่านโค้กและผลิตภัณฑ์ที่ได้จากการกลั่นปิโตรเลียม,1920,การผลิตผลิตภัณฑ์ที่ได้จากการกลั่นปิโตรเลียม,19201,การผลิตผลิตภัณฑ์ที่ได้จากโรงกลั่นปิโตรเลียม,,การผลิตผลิตภัณฑ์ที่ได้จากโรงกลั่นปิโตรเลียม,9.791022,93.892127,93.071347,99.0749,97.437973,97.58709,95.776024,92.818516,98.544123,90.182752,107.675176,115.559381,118.380591,112.207607,104.098464,117.517878,117.469812,123.134977,117.261747,113.995307,118.20998,113.164472,107.350397,98.175079,122.478732,128.646229,116.710038,133.86883,121.84196,118.894308,117.27754,120.474496,121.651878,112.851888,123.615843,129.681687,142.582411,116.49251,124.917719,137.949724,126.867826,132.990348,129.001978,131.522824,128.080862,119.584228,124.389946,131.237422,139.476797,128.417717,119.173174,131.883665,125.131263,120.647798,117.765794,108.654314,121.342235,120.771681,118.590902,116.462773,139.055671,134.425431,116.340899,126.297185,116.331241,113.04174,112.398463,-0.569062,-4.557631,2559 = 100,สำนักงานเศรษฐกิจอุตสาหกรรม (สศอ.) กระทรวงอุตสาหกรรม,Shipment.xlsx
232,4,PRODUCT_ITEM,19,การผลิตถ่านโค้กและผลิตภัณฑ์ที่ได้จากการกลั่นปิโตรเลียม,1920,การผลิตผลิตภัณฑ์ที่ได้จากการกลั่นปิโตรเลียม,19201,การผลิตผลิตภัณฑ์ที่ได้จากโรงกลั่นปิโตรเลียม,19201-010,น้ำมันเบนซินออกเทน 91 (ไร้สารตะกั่ว),0.404149,92.291707,85.614792,97.746711,83.717941,98.173644,108.841873,89.319031,93.164825,106.647755,106.424662,105.257108,132.79995,89.727844,77.911312,90.687028,112.729569,112.88075,125.215378,110.089831,105.676114,89.786165,102.230074,101.333741,111.827007,101.959985,101.336572,112.388702,123.40799,98.388243,104.226014,106.092855,113.005886,97.291467,119.21963,109.241061,129.619469,141.108724,113.970732,128.286577,135.394389,157.529224,141.8635,125.339947,128.506272,126.181922,125.653069,133.200837,125.875595,119.662983,114.08794,124.753905,110.878015,108.311321,93.736711,90.961081,68.181316,90.721002,113.987719,101.692161,112.5614,95.454069,115.06128,67.318391,66.773117,79.690389,106.826115,34.051442,13.96401,2559 = 100,สำนักงานเศรษฐกิจอุตสาหกรรม (สศอ.) กระทรวงอุตสาหกรรม,Shipment.xlsx
233,4,PRODUCT_ITEM,19,การผลิตถ่านโค้กและผลิตภัณฑ์ที่ได้จากการกลั่นปิโตรเลียม,1920,การผลิตผลิตภัณฑ์ที่ได้จากการกลั่นปิโตรเลียม,19201,การผลิตผลิตภัณฑ์ที่ได้จากโรงกลั่นปิโตรเลียม,19201-020,น้ำมันเบนซินออกเทน 95 (ไร้สารตะกั่ว),0.473715,101.777988,89.134426,112.833123,92.653478,93.515365,101.737128,76.671542,85.107818,92.509192,111.408137,129.197482,113.45432,117.260668,110.445377,153.483539,123.919542,129.452218,116.553282,103.579012,124.203007,125.593518,124.849103,99.539635,135.140033,122.525839,121.451992,137.761446,126.129165,72.664087,112.253425,129.865285,109.117433,75.57088,120.870378,115.335149,109.744376,113.666281,110.757572,141.530764,115.805675,108.782255,137.355401,119.798446,108.094022,94.065696,116.231511,113.91144,110.309391,119.839306,103.08614,111.784813,118.256626,95.655398,123.893367,78.787315,98.348316,93.821175,112.874622,108.829499,109.317263,117.624576,116.658624,123.549889,100.934615,104.071883,103.766712,-0.293232,-16.245143,2559 = 100,สำนักงานเศรษฐกิจอุตสาหกรรม (สศอ.) กระทรวงอุตสาหกรรม,Shipment.xlsx
234,4,PRODUCT_ITEM,19,การผลิตถ่านโค้กและผลิตภัณฑ์ที่ได้จากการกลั่นปิโตรเลียม,1920,การผลิตผลิตภัณฑ์ที่ได้จากการกลั่นปิโตรเลียม,19201,การผลิตผลิตภัณฑ์ที่ได้จากโรงกลั่นปิโตรเลียม,19201-030,น้ำมันดีเซลหมุนเร็ว,5.919581,94.728932,95.848217,101.134403,99.330587,91.357213,97.599427,90.013949,99.20651,89.829061,107.472878,117.79714,115.681683,114.414146,107.317211,111.636314,115.228677,112.669253,106.994689,101.367948,106.801816,104.453911,92.007259,87.080274,103.801013,115.580859,104.699082,114.068502,107.568305,107.222749,99.823518,99.418687,108.202074,102.174626,109.981627,113.76739,115.493987,93.531331,103.459099,112.487525,108.290744,108.433161,106.930763,108.060973,103.636878,103.53702,100.549467,108.626692,109.639098,102.211963,92.934329,103.926714,99.999543,102.021811,97.335302,96.078295,98.77316,102.227626,87.636078,87.611727,109.724171,101.557135,85.240612,104.323033,84.209428,88.392037,82.240994,-6.95882,-15.507537,2559 = 100,สำนักงานเศรษฐกิจอุตสาหกรรม (สศอ.) กระทรวงอุตสาหกรรม,Shipment.xlsx
235,4,PRODUCT_ITEM,19,การผลิตถ่านโค้กและผลิตภัณฑ์ที่ได้จากการกลั่นปิโตรเลียม,1920,การผลิตผลิตภัณฑ์ที่ได้จากการกลั่นปิโตรเลียม,19201,การผลิตผลิตภัณฑ์ที่ได้จากโรงกลั่นปิโตรเลียม,19201-040,น้ำมันเครื่องบิน,0.881192,86.245538,79.842634,93.624018,91.349219,97.237991,74.76964,100.432206,85.817095,84.700828,119.261689,132.229611,154.489531,148.759398,136.121492,158.17356,177.290794,231.38691,204.253742,228.13885,219.44204,205.956513,231.268799,207.394112,262.593758,293.941298,242.401364,297.886445,265.279052,254.697673,284.438552,275.183029,279.218497,259.452809,266.313684,302.54605,405.061994,299.63206,328.246829,361.400197,300.772066,339.521823,293.75313,323.000142,330.390201,276.983647,291.077099,301.655584,410.791548,351.92119,342.860203,370.524292,322.052357,297.910762,276.767688,239.115671,317.498126,309.355975,356.581953,323.426269,394.803683,432.304588,363.559202,343.43918,371.158851,279.174495,326.122564,16.816747,17.8326,2559 = 100,สำนักงานเศรษฐกิจอุตสาหกรรม (สศอ.) กระทรวงอุตสาหกรรม,Shipment.xlsx
236,4,PRODUCT_ITEM,19,การผลิตถ่านโค้กและผลิตภัณฑ์ที่ได้จากการกลั่นปิโตรเลียม,1920,การผลิตผลิตภัณฑ์ที่ได้จากการกลั่นปิโตรเลียม,19201,การผลิตผลิตภัณฑ์ที่ได้จากโรงกลั่นปิโตรเลียม,19201-050,น้ำมันก๊าด,0.158638,93.571325,68.1579,77.026475,95.391346,90.264336,89.866903,89.215658,96.522977,109.750934,108.484348,133.099193,148.648604,142.121293,97.907183,150.993582,159.118054,164.206682,153.768185,137.638101,163.604961,154.324096,124.299953,103.032954,137.300097,153.415324,150.24205,172.807825,169.37331,170.124843,167.620148,147.604878,164.794783,160.35121,161.888942,157.711562,158.040899,147.072491,158.274901,173.273354,164.939642,158.310807,158.620334,146.314769,109.180165,108.536349,114.875467,97.96785,113.373641,115.329853,84.384557,112.130579,112.459916,114.725656,109.806649,0.402385,89.072037,113.034399,118.61208,111.219331,117.149873,118.630651,105.557459,115.255566,113.668311,109.557789,104.137348,-4.947564,-5.162985,2559 = 100,สำนักงานเศรษฐกิจอุตสาหกรรม (สศอ.) กระทรวงอุตสาหกรรม,Shipment.xlsx
237,4,PRODUCT_ITEM,19,การผลิตถ่านโค้กและผลิตภัณฑ์ที่ได้จากการกลั่นปิโตรเลียม,1920,การผลิตผลิตภัณฑ์ที่ได้จากการกลั่นปิโตรเลียม,19201,การผลิตผลิตภัณฑ์ที่ได้จากโรงกลั่นปิโตรเลียม,19201-060,น้ำมันเตา,0.79726,77.115705,96.154332,74.246546,89.508369,135.136435,74.956501,99.06424,105.27594,90.472828,119.964723,117.934983,120.169397,98.16428,92.921696,120.297464,102.393741,115.564352,102.401658,113.633339,120.666063,102.615413,110.655439,74.359245,122.667163,89.337459,89.913759,110.176004,82.51034,105.976348,82.633982,113.058902,80.143435,77.421668,93.192964,96.058166,109.910091,100.117647,103.015447,101.37596,78.308588,91.452189,98.786219,103.681161,96.159455,86.733048,124.832422,127.88297,112.396914,94.281531,90.600895,94.752118,108.458979,72.590294,86.589846,72.374677,116.868071,94.979844,80.341589,105.248464,101.524517,101.616726,80.378845,86.655276,106.338428,115.747371,99.705971,-13.858976,15.147416,2559 = 100,สำนักงานเศรษฐกิจอุตสาหกรรม (สศอ.) กระทรวงอุตสาหกรรม,Shipment.xlsx
238,4,PRODUCT_ITEM,19,การผลิตถ่านโค้กและผลิตภัณฑ์ที่ได้จากการกลั่นปิโตรเลียม,1920,การผลิตผลิตภัณฑ์ที่ได้จากการกลั่นปิโตรเลียม,19201,การผลิตผลิตภัณฑ์ที่ได้จากโรงกลั่นปิโตรเลียม,19201-070,ก๊าซหุงต้ม,0.579359,111.811661,96.643879,114.661329,107.985644,115.287172,113.726761,107.020274,116.121137,74.111757,79.553847,80.624368,82.452169,74.928412,73.316374,99.361106,81.060963,98.783669,97.199602,96.230915,96.880363,87.351226,97.065857,102.829932,108.757273,101.257027,101.335904,103.728432,100.851392,90.262259,101.840321,111.259946,108.124818,92.181214,114.930572,104.609504,120.803277,107.836154,106.46119,120.898688,118.029584,110.543777,115.678516,118.737626,120.075612,111.777461,133.44991,133.774174,129.075659,134.878212,115.38168,131.347333,115.984359,116.099248,116.483998,124.293923,133.484459,108.075763,125.879059,127.669744,137.952442,125.343562,114.799196,137.651918,128.728355,127.708152,122.825503,-3.823287,5.4441,2559 = 100,สำนักงานเศรษฐกิจอุตสาหกรรม (สศอ.) กระทรวงอุตสาหกรรม,Shipment.xlsx
239,4,PRODUCT_ITEM,19,การผลิตถ่านโค้กและผลิตภัณฑ์ที่ได้จากการกลั่นปิโตรเลียม,1920,การผลิตผลิตภัณฑ์ที่ได้จากการกลั่นปิโตรเลียม,19201,การผลิตผลิตภัณฑ์ที่ได้จากโรงกลั่นปิโตรเลียม,19201-080,ยางมะตอย,0.200077,93.496643,102.293703,99.159627,88.223983,111.634429,104.286325,101.832037,101.778737,95.92879,105.440899,92.326489,103.598338,104.229745,97.297386,104.435567,99.590132,86.579864,96.620878,88.228903,99.968976,105.181776,55.44985,59.317014,105.725442,112.097734,105.914864,121.334319,107.879606,108.727496,108.21335,94.221531,96.176433,90.868513,78.040287,71.517933,92.936576,64.474873,72.97919,95.325264,91.914845,84.160837,90.982494,93.206359,103.950942,89.399056,102.760288,105.170295,93.665565,86.070638,90.420788,113.47617,100.160038,76.657751,91.930425,84.158377,94.274832,103.386775,111.964893,100.3142,102.820969,107.506502,109.97391,97.587669,61.020174,98.810303,89.226854,-9.698836,-2.940888,2559 = 100,สำนักงานเศรษฐกิจอุตสาหกรรม (สศอ.) กระทรวงอุตสาหกรรม,Shipment.xlsx
240,4,PRODUCT_ITEM,19,การผลิตถ่านโค้กและผลิตภัณฑ์ที่ได้จากการกลั่นปิโตรเลียม,1920,การผลิตผลิตภัณฑ์ที่ได้จากการกลั่นปิโตรเลียม,19201,การผลิตผลิตภัณฑ์ที่ได้จากโรงกลั่นปิโตรเลียม,19201-090,แนฟทา,0.214628,102.844268,80.187208,81.001892,120.168952,82.909855,107.721815,115.002256,105.539477,103.371913,97.114048,80.837266,123.30105,79.66484,60.290785,105.370631,74.547743,76.084244,124.816446,87.720918,68.799582,79.102371,48.325916,51.806259,115.322008,114.154858,92.350472,202.044623,126.531291,136.522769,101.171635,145.750218,82.537337,94.775527,96.222328,167.364653,153.351467,75.727556,98.332907,133.671378,159.607221,218.581005,186.544535,205.210491,199.128859,147.352147,123.855077,159.914311,139.885976,131.495371,138.156357,159.903758,186.840016,218.626383,201.373459,212.805407,130.031685,129.895553,153.103474,135.518134,228.01107,132.844031,108.453131,117.519121,158.85269,173.305931,159.8225,-7.780132,-20.633781,2559 = 100,สำนักงานเศรษฐกิจอุตสาหกรรม (สศอ.) กระทรวงอุตสาหกรรม,Shipment.xlsx
241,4,PRODUCT_ITEM,19,การผลิตถ่านโค้กและผลิตภัณฑ์ที่ได้จากการกลั่นปิโตรเลียม,1920,การผลิตผลิตภัณฑ์ที่ได้จากการกลั่นปิโตรเลียม,19201,การผลิตผลิตภัณฑ์ที่ได้จากโรงกลั่นปิโตรเลียม,19201-100,น้ำมันเครื่องยนต์,0.093789,95.521818,95.973167,134.487813,94.005929,95.65869,115.460148,87.669468,86.359621,100.038466,103.774294,96.688544,94.362041,102.769021,95.422204,119.619984,108.460376,116.826494,132.843997,102.539807,107.003689,110.324332,105.065666,101.50931,101.789424,99.201661,92.848148,119.159882,77.276395,100.522184,105.705174,99.394402,108.048749,109.333204,99.78792,118.66278,112.223134,111.084548,113.642884,141.506266,109.330971,131.583307,124.228968,123.190368,123.593101,110.430387,114.530203,118.731892,143.360879,134.164005,125.188571,128.768325,113.196,125.029363,135.252064,112.013148,117.907603,128.049602,113.308593,127.263865,121.145685,113.779595,128.398745,106.875936,83.82023,91.359222,88.270302,-3.38107,-34.736447,2559 = 100,สำนักงานเศรษฐกิจอุตสาหกรรม (สศอ.) กระทรวงอุตสาหกรรม,Shipment.xlsx
242,4,PRODUCT_ITEM,19,การผลิตถ่านโค้กและผลิตภัณฑ์ที่ได้จากการกลั่นปิโตรเลียม,1920,การผลิตผลิตภัณฑ์ที่ได้จากการกลั่นปิโตรเลียม,19201,การผลิตผลิตภัณฑ์ที่ได้จากโรงกลั่นปิโตรเลียม,19201-110,น้ำมันเครื่องอุตสาหกรรม,0.068634,90.17445,95.550114,119.969648,94.461838,102.956069,105.038971,96.294397,92.677293,93.658208,95.585363,103.915795,109.717853,96.695081,98.394035,129.425881,110.974011,113.604831,116.785266,104.930346,104.466257,103.926583,97.301759,104.652235,88.671207,97.034212,100.476862,118.498167,83.665328,94.754083,96.986465,97.585001,107.907718,102.163221,101.6156,106.446214,92.097619,99.193738,110.408835,117.236932,96.654011,112.021097,116.389563,103.823312,110.69468,106.766951,107.944498,99.255255,100.582937,108.040565,111.841112,111.731238,92.112534,122.555837,118.966986,109.396797,101.676916,98.757671,100.737338,107.791212,94.409778,96.147899,112.427722,127.744392,103.427943,99.844103,92.553233,-7.302254,-22.20259,2559 = 100,สำนักงานเศรษฐกิจอุตสาหกรรม (สศอ.) กระทรวงอุตสาหกรรม,Shipment.xlsx
243,3,CLASS_5DIGIT,19,การผลิตถ่านโค้กและผลิตภัณฑ์ที่ได้จากการกลั่นปิโตรเลียม,1920,การผลิตผลิตภัณฑ์ที่ได้จากการกลั่นปิโตรเลียม,19202,การผลิตเชื้อเพลิงชีวภาพ,,การผลิตเชื้อเพลิงชีวภาพ,1.761208,96.770253,95.44618,115.938806,101.599209,93.052636,96.45051,88.528469,91.556971,95.800058,105.12945,103.611478,116.115982,105.26965,93.183886,102.655127,103.745195,115.760454,110.615886,114.246371,118.682348,109.661521,85.286223,90.492679,123.241943,119.107276,105.553122,115.702013,120.328989,124.530071,126.388169,130.702408,124.874588,130.509973,137.99271,127.508312,133.484541,121.203347,117.229997,124.842951,120.501694,119.134307,116.381256,114.115496,124.946629,118.472001,116.385033,119.644722,125.904645,132.546566,122.128912,126.252875,118.114614,132.736755,118.359097,130.348233,134.782151,134.408871,146.229731,138.335273,140.029197,135.0,128.108541,130.582764,113.087563,118.523338,115.993735,-2.134266,-1.998463,2559 = 100,สำนักงานเศรษฐกิจอุตสาหกรรม (สศอ.) กระทรวงอุตสาหกรรม,Shipment.xlsx
244,4,PRODUCT_ITEM,19,การผลิตถ่านโค้กและผลิตภัณฑ์ที่ได้จากการกลั่นปิโตรเลียม,1920,การผลิตผลิตภัณฑ์ที่ได้จากการกลั่นปิโตรเลียม,19202,การผลิตเชื้อเพลิงชีวภาพ,19202-010,แก๊สโซฮอล์ 91,0.607977,105.097295,96.774758,113.160578,103.616823,90.766737,100.487876,87.171305,92.753776,89.373251,99.062837,106.519776,115.214989,102.106503,91.935082,102.667649,100.752246,110.485325,106.26905,99.179671,113.005368,110.748842,72.964405,76.517196,110.106679,106.811435,91.476272,99.762991,97.338462,98.210031,98.818934,118.625361,116.411476,123.642421,131.074628,133.157181,136.587169,112.754643,108.746453,115.447805,115.243132,105.106675,105.399188,102.590044,104.919058,98.803584,91.754287,99.51056,100.32499,144.196759,114.391178,99.48924,96.072045,116.73469,81.993918,97.300939,103.66458,108.933217,110.710466,99.775783,101.535122,92.443354,98.240732,92.107348,87.744391,93.983522,84.570246,-10.015879,3.142096,2559 = 100,สำนักงานเศรษฐกิจอุตสาหกรรม (สศอ.) กระทรวงอุตสาหกรรม,Shipment.xlsx
245,4,PRODUCT_ITEM,19,การผลิตถ่านโค้กและผลิตภัณฑ์ที่ได้จากการกลั่นปิโตรเลียม,1920,การผลิตผลิตภัณฑ์ที่ได้จากการกลั่นปิโตรเลียม,19202,การผลิตเชื้อเพลิงชีวภาพ,19202-020,แก๊สโซฮอล์ 95,1.153231,92.380279,94.74576,117.403473,100.535533,94.257751,94.32203,89.243959,90.926022,99.188237,108.327737,102.078238,116.590981,106.937246,93.842249,102.648525,105.323062,118.541475,112.907515,122.189459,121.675224,109.088291,91.782223,97.860482,130.166788,125.589581,112.974366,124.104985,132.449477,138.405863,140.922529,137.069366,129.336298,134.130512,141.639887,124.530257,131.848851,125.65746,121.702478,129.796024,123.273981,126.529603,122.170946,120.191655,135.505062,128.84109,129.370238,130.25935,139.390109,126.404644,126.208206,140.362527,129.735345,141.172962,137.530634,147.770598,151.187176,147.839506,164.955307,158.66364,160.323077,157.435647,143.854698,150.866808,126.448354,131.460603,132.560038,0.836323,-3.614174,2559 = 100,สำนักงานเศรษฐกิจอุตสาหกรรม (สศอ.) กระทรวงอุตสาหกรรม,Shipment.xlsx
246,3,CLASS_5DIGIT,19,การผลิตถ่านโค้กและผลิตภัณฑ์ที่ได้จากการกลั่นปิโตรเลียม,1920,การผลิตผลิตภัณฑ์ที่ได้จากการกลั่นปิโตรเลียม,19209,การผลิตผลิตภัณฑ์อื่นๆ ที่ได้จากการกลั่นปิโตรเลียม,,การผลิตผลิตภัณฑ์อื่นๆ ที่ได้จากการกลั่นปิโตรเลียม,0.240751,110.781831,94.519155,110.04825,92.553637,100.811661,98.245608,92.43863,99.88557,108.927514,88.776934,100.381504,102.629708,104.230747,98.685114,116.467972,95.269634,102.400432,89.268034,91.785512,74.780623,86.579759,71.792618,56.265427,86.852331,98.05691,96.785357,102.43794,92.711203,100.332281,97.46523,87.213623,100.482854,92.696299,82.059956,97.772863,80.950518,78.491086,75.524532,99.715979,98.244036,87.537789,97.796283,91.505594,113.646577,92.495382,86.374486,104.16729,89.302571,90.378984,99.326872,100.680577,81.244234,72.434875,102.17854,77.691972,74.659912,95.983606,88.042311,90.922334,95.130898,83.28884,106.250495,100.685198,84.016357,92.085526,82.661829,-10.233636,-19.100597,2559 = 100,สำนักงานเศรษฐกิจอุตสาหกรรม (สศอ.) กระทรวงอุตสาหกรรม,Shipment.xlsx
247,4,PRODUCT_ITEM,19,การผลิตถ่านโค้กและผลิตภัณฑ์ที่ได้จากการกลั่นปิโตรเลียม,1920,การผลิตผลิตภัณฑ์ที่ได้จากการกลั่นปิโตรเลียม,19209,การผลิตผลิตภัณฑ์อื่นๆ ที่ได้จากการกลั่นปิโตรเลียม,19209-010,น้ำมันหล่อลื่น,0.240751,110.781831,94.519155,110.04825,92.553637,100.811661,98.245608,92.43863,99.88557,108.927514,88.776934,100.381504,102.629708,104.230747,98.685114,116.467972,95.269634,102.400432,89.268034,91.785512,74.780623,86.579759,71.792618,56.265427,86.852331,98.05691,96.785357,102.43794,92.711203,100.332281,97.46523,87.213623,100.482854,92.696299,82.059956,97.772863,80.950518,78.491086,75.524532,99.715979,98.244036,87.537789,97.796283,91.505594,113.646577,92.495382,86.374486,104.16729,89.302571,90.378984,99.326872,100.680577,81.244234,72.434875,102.17854,77.691972,74.659912,95.983606,88.042311,90.922334,95.130898,83.28884,106.250495,100.685198,84.016357,92.085526,82.661829,-10.233636,-19.100597,2559 = 100,สำนักงานเศรษฐกิจอุตสาหกรรม (สศอ.) กระทรวงอุตสาหกรรม,Shipment.xlsx
248,1,DIVISION_2DIGIT,20,การผลิตเคมีภัณฑ์และผลิตภัณฑ์เคมี,,,,,,การผลิตเคมีภัณฑ์และผลิตภัณฑ์เคมี,7.612135,96.24617,95.950237,109.589144,95.838307,105.840631,108.444297,101.823169,97.30704,103.123806,98.623175,90.300469,96.913556,95.760369,91.917397,106.713557,92.184552,100.078205,98.691466,92.94124,95.747948,90.668792,84.233317,79.660151,81.338838,84.116844,84.405044,94.15539,83.645401,98.733712,92.648652,98.275875,97.227099,93.02211,89.278555,84.256244,82.65605,89.584493,85.361966,91.636448,86.941732,100.292617,100.092467,99.36885,95.51803,92.457281,94.363214,85.762005,88.367908,91.011414,87.509666,95.345194,87.861903,103.101418,96.857686,93.847896,92.61051,88.317079,90.557884,86.489534,87.233074,90.5553,87.59149,101.587642,88.019757,91.248201,83.550494,-8.436009,-13.738912,2559 = 100,สำนักงานเศรษฐกิจอุตสาหกรรม (สศอ.) กระทรวงอุตสาหกรรม,Shipment.xlsx
249,2,GROUP_4DIGIT,20,การผลิตเคมีภัณฑ์และผลิตภัณฑ์เคมี,2011,การผลิตเคมีภัณฑ์ขั้นมูลฐาน,,,,การผลิตเคมีภัณฑ์ขั้นมูลฐาน,1.498452,101.676884,98.482295,107.076745,96.230792,103.446446,104.231809,102.436114,98.480909,103.454394,101.831101,76.928664,105.723847,105.517974,93.198662,104.723426,98.646435,100.756768,100.171768,96.184434,92.192482,95.464652,101.278967,79.03601,93.21737,96.307477,91.742908,96.755383,93.404135,96.610382,89.388836,90.49589,92.577617,88.885962,87.119005,79.472204,91.938659,93.135852,86.163377,89.870807,87.514311,91.240844,86.125008,91.594756,94.157575,84.758934,92.050874,78.364619,86.920324,90.728412,80.9271,86.03411,82.041679,88.652827,84.86906,90.414525,89.577613,88.588614,101.509658,87.896615,92.088134,94.081409,92.336043,103.845598,102.602982,98.641446,95.852622,-2.827234,12.941774,2559 = 100,สำนักงานเศรษฐกิจอุตสาหกรรม (สศอ.) กระทรวงอุตสาหกรรม,Shipment.xlsx
250,3,CLASS_5DIGIT,20,การผลิตเคมีภัณฑ์และผลิตภัณฑ์เคมี,2011,การผลิตเคมีภัณฑ์ขั้นมูลฐาน,20111,การผลิตก๊าซชนิดใช้ในงานอุตสาหกรรม,,การผลิตก๊าซชนิดใช้ในงานอุตสาหกรรม,0.209314,98.06064,92.922214,100.15487,96.015859,108.475659,104.364323,99.633908,101.235326,98.04566,106.454502,96.668477,97.968561,96.727272,89.365136,103.107668,93.44307,89.999257,91.998577,90.826067,94.669459,90.701238,95.083757,87.729318,81.904989,90.83692,83.513872,92.117958,92.451219,90.856302,82.166653,99.55946,99.05973,92.275625,99.498546,85.0565,101.470386,87.517362,96.69815,92.608918,92.784975,107.388342,94.295194,105.923881,105.661423,95.83125,110.043638,103.22684,108.592364,118.423484,107.422837,111.848181,105.552388,113.091996,108.005851,120.768109,120.005683,122.826042,122.495344,117.553349,115.792765,122.272288,113.448029,126.177531,118.213635,115.657449,114.358382,-1.123202,5.881655,2559 = 100,สำนักงานเศรษฐกิจอุตสาหกรรม (สศอ.) กระทรวงอุตสาหกรรม,Shipment.xlsx
251,4,PRODUCT_ITEM,20,การผลิตเคมีภัณฑ์และผลิตภัณฑ์เคมี,2011,การผลิตเคมีภัณฑ์ขั้นมูลฐาน,20111,การผลิตก๊าซชนิดใช้ในงานอุตสาหกรรม,20111-010,ก๊าซไฮโดรเจน,0.049353,92.7924,99.137564,100.960911,89.943261,116.299118,108.76646,80.761862,81.761462,79.30283,139.830365,91.126098,119.317668,111.481327,100.029676,121.412433,106.166267,56.640084,66.373481,91.642474,103.526718,86.036424,107.162707,74.452884,67.332322,87.240173,65.549096,80.125787,101.225464,69.765664,90.126929,106.408671,115.811402,120.834585,107.308078,73.826733,119.328712,101.446204,109.177789,92.106281,110.091687,135.180675,85.128886,126.938746,122.085105,92.465922,134.103876,144.321031,177.951923,110.502397,102.240345,73.474938,74.541315,77.972166,53.667561,95.835437,87.597437,110.482391,91.332655,80.975509,81.239482,85.969748,74.180534,113.298494,111.905379,117.652564,104.139027,-11.485968,94.044643,2559 = 100,สำนักงานเศรษฐกิจอุตสาหกรรม (สศอ.) กระทรวงอุตสาหกรรม,Shipment.xlsx
252,4,PRODUCT_ITEM,20,การผลิตเคมีภัณฑ์และผลิตภัณฑ์เคมี,2011,การผลิตเคมีภัณฑ์ขั้นมูลฐาน,20111,การผลิตก๊าซชนิดใช้ในงานอุตสาหกรรม,20111-020,ก๊าซออกซิเจน,0.050536,96.828291,89.016551,95.213766,89.848672,100.801841,100.961149,109.672921,114.934191,113.233308,102.72884,98.857971,87.902499,102.482181,83.658592,99.066848,93.825117,99.765044,89.88891,86.031973,86.355792,92.410457,89.952123,93.045525,80.432635,90.574086,88.85136,99.968605,86.166359,92.020961,82.155407,101.631482,91.68998,88.165364,95.815655,87.207947,88.892254,86.368374,83.574933,81.512613,79.261179,93.490799,93.91294,98.493539,93.271593,88.34392,90.07822,83.462831,76.907086,112.889828,101.276363,122.562317,112.939366,119.107927,117.395839,117.443818,124.311616,121.405102,124.820087,126.923676,129.637868,140.343532,127.641702,136.261484,118.932639,115.723317,122.615694,5.95591,4.446372,2559 = 100,สำนักงานเศรษฐกิจอุตสาหกรรม (สศอ.) กระทรวงอุตสาหกรรม,Shipment.xlsx
253,4,PRODUCT_ITEM,20,การผลิตเคมีภัณฑ์และผลิตภัณฑ์เคมี,2011,การผลิตเคมีภัณฑ์ขั้นมูลฐาน,20111,การผลิตก๊าซชนิดใช้ในงานอุตสาหกรรม,20111-030,ก๊าซไนโตรเจน,0.109425,101.005851,91.92275,102.073303,101.602927,108.491172,103.950584,103.509176,103.69178,99.484833,93.122031,98.157006,92.988587,87.415116,87.190716,96.718082,87.528239,100.534663,104.530269,92.671929,94.514214,92.015775,92.0059,91.26202,89.157504,92.580502,89.151271,93.900942,91.396442,99.830675,78.581621,95.513413,94.908031,81.293285,97.677193,89.127712,99.224975,81.765849,97.130363,97.960272,91.225092,101.271867,98.6059,99.87739,103.976098,100.806979,108.412757,93.820325,91.943317,124.551668,112.598886,124.207042,116.127375,126.153302,128.176769,133.54846,132.633752,129.049487,135.476625,129.723068,124.982768,130.29946,124.603244,127.329091,120.726711,114.727196,115.153983,0.372001,-10.16002,2559 = 100,สำนักงานเศรษฐกิจอุตสาหกรรม (สศอ.) กระทรวงอุตสาหกรรม,Shipment.xlsx
254,3,CLASS_5DIGIT,20,การผลิตเคมีภัณฑ์และผลิตภัณฑ์เคมี,2011,การผลิตเคมีภัณฑ์ขั้นมูลฐาน,20113,การผลิตเคมีภัณฑ์อนินทรีย์อื่นๆ ขั้นมูลฐาน,,การผลิตเคมีภัณฑ์อนินทรีย์อื่นๆ ขั้นมูลฐาน,0.958599,104.075281,99.207943,105.460168,92.501699,105.629435,106.481415,106.725366,100.684817,108.468239,103.464157,63.008479,104.293001,108.151742,96.051166,108.122808,101.84971,106.110826,104.891082,97.139711,90.958256,98.120137,106.424318,73.49862,93.160852,96.95832,94.539038,99.057367,92.768846,97.802383,87.374815,87.073334,90.721689,88.889508,81.849257,73.428985,87.536996,95.529914,82.384943,88.068627,83.386617,86.123606,82.028642,87.493236,91.797369,82.450214,88.841388,69.690044,83.07763,85.654793,76.308652,81.747872,75.139537,81.37649,78.714909,82.475906,83.278463,84.17839,99.185016,80.923986,85.923636,88.681574,86.675107,98.317494,100.353513,94.741857,88.734806,-6.34044,12.729352,2559 = 100,สำนักงานเศรษฐกิจอุตสาหกรรม (สศอ.) กระทรวงอุตสาหกรรม,Shipment.xlsx
255,4,PRODUCT_ITEM,20,การผลิตเคมีภัณฑ์และผลิตภัณฑ์เคมี,2011,การผลิตเคมีภัณฑ์ขั้นมูลฐาน,20113,การผลิตเคมีภัณฑ์อนินทรีย์อื่นๆ ขั้นมูลฐาน,20113-010,โซดาไฟ,0.605323,102.851909,99.965486,103.382825,87.601832,106.200985,106.670895,106.612128,99.347053,108.956002,104.643997,67.07206,106.694828,109.250204,95.487843,107.294149,101.097453,107.028529,104.949968,95.69706,88.624381,100.67651,110.271423,74.094,93.385667,94.57274,97.263364,101.294031,92.306607,101.299529,85.648371,92.347888,96.75281,95.946838,87.966039,78.781718,96.428076,103.547992,85.7673,91.773176,87.127,87.145873,86.813976,90.251671,96.963624,86.605888,91.552282,75.555547,89.091821,89.961999,81.253604,84.26547,77.09111,84.335823,81.588396,82.348608,86.629165,87.385679,115.553596,92.02794,94.287061,96.716853,96.687727,109.392639,117.1552,105.033915,97.112074,-7.542174,19.026821,2559 = 100,สำนักงานเศรษฐกิจอุตสาหกรรม (สศอ.) กระทรวงอุตสาหกรรม,Shipment.xlsx
256,4,PRODUCT_ITEM,20,การผลิตเคมีภัณฑ์และผลิตภัณฑ์เคมี,2011,การผลิตเคมีภัณฑ์ขั้นมูลฐาน,20113,การผลิตเคมีภัณฑ์อนินทรีย์อื่นๆ ขั้นมูลฐาน,20113-020,คลอรีน,0.257255,108.155032,99.326347,108.900309,100.803511,105.662461,108.251386,109.561285,103.975111,109.937167,101.08203,42.967303,101.378059,106.740727,95.550453,108.725649,102.898363,103.610128,104.77758,103.507174,94.20613,93.554101,102.420654,63.293508,95.159867,103.317442,89.421523,95.503676,96.577986,91.190809,95.771781,75.991451,77.059639,74.55308,66.667746,56.630601,70.629575,77.481268,74.092769,76.880034,72.863633,79.203765,68.135975,76.517568,76.683497,71.61978,76.953784,49.661266,68.523545,74.422837,60.595849,69.82298,66.927255,68.432766,64.575717,74.418767,68.295913,69.008505,62.176609,52.209177,63.509646,68.162356,61.836707,72.490715,65.783298,71.089814,70.347175,-1.044649,8.937505,2559 = 100,สำนักงานเศรษฐกิจอุตสาหกรรม (สศอ.) กระทรวงอุตสาหกรรม,Shipment.xlsx
257,4,PRODUCT_ITEM,20,การผลิตเคมีภัณฑ์และผลิตภัณฑ์เคมี,2011,การผลิตเคมีภัณฑ์ขั้นมูลฐาน,20113,การผลิตเคมีภัณฑ์อนินทรีย์อื่นๆ ขั้นมูลฐาน,20113-030,กรดเกลือ,0.096021,100.857241,94.115121,109.339233,101.149003,101.937875,100.544911,99.841379,100.302992,101.457884,102.408439,91.084638,96.961283,105.007288,100.943869,111.731629,103.78249,107.02531,104.823948,89.174915,96.969621,94.237674,92.898324,97.086289,86.387945,94.96015,91.075289,94.478152,85.477592,93.469524,75.761729,83.512202,89.303752,82.809038,83.962167,84.690345,76.784519,93.338403,83.278296,94.690797,87.999623,98.218436,89.08208,99.509311,99.721247,85.268902,103.600373,86.373565,84.156312,88.593942,87.232254,97.825303,84.838601,97.398797,98.48122,104.864644,102.295864,104.60177,95.147383,87.855137,93.250436,93.000649,90.100622,97.692805,87.053283,93.227357,85.187134,-8.624318,-13.499109,2559 = 100,สำนักงานเศรษฐกิจอุตสาหกรรม (สศอ.) กระทรวงอุตสาหกรรม,Shipment.xlsx
258,3,CLASS_5DIGIT,20,การผลิตเคมีภัณฑ์และผลิตภัณฑ์เคมี,2011,การผลิตเคมีภัณฑ์ขั้นมูลฐาน,20114,การผลิตเอทานอลและเอสเทอร์,,การผลิตเอทานอลและเอสเทอร์,0.330539,97.011254,99.89876,116.148279,107.181686,93.930781,97.623785,91.771307,90.345091,92.338766,94.167285,104.798502,114.784504,103.446474,87.353667,95.888018,92.651613,92.041605,91.660911,96.807215,94.203329,90.779885,90.279997,89.590015,100.544856,97.884193,88.844861,93.016025,95.849979,96.797224,99.803177,94.682172,93.855214,86.729173,94.56251,93.461955,98.668001,89.750717,90.450102,93.36342,96.147433,95.855989,92.83115,94.415692,93.717615,84.442924,89.964809,87.777833,84.34073,87.904545,77.542666,82.117893,87.170486,94.278892,88.065394,94.215977,88.57725,79.697874,94.962179,89.337864,94.954889,91.889638,95.384207,105.735999,99.241233,99.175292,104.776293,5.647578,18.975557,2559 = 100,สำนักงานเศรษฐกิจอุตสาหกรรม (สศอ.) กระทรวงอุตสาหกรรม,Shipment.xlsx
259,4,PRODUCT_ITEM,20,การผลิตเคมีภัณฑ์และผลิตภัณฑ์เคมี,2011,การผลิตเคมีภัณฑ์ขั้นมูลฐาน,20114,การผลิตเอทานอลและเอสเทอร์,20114-010,Ethanol (เอทานอล),0.2066,92.264874,94.165712,113.034231,107.227804,87.134344,95.149471,92.817982,90.625424,96.498761,104.405516,107.888184,118.787696,108.72944,96.65989,103.957958,101.90758,104.105642,102.966007,111.135531,106.097735,101.363343,94.143656,89.558595,101.467732,98.091315,86.63689,91.16079,95.036756,97.825443,102.744629,97.550187,97.95694,88.578588,94.771385,89.506417,97.556367,91.00871,89.053349,90.066851,93.081889,92.541175,89.992424,89.826585,92.083254,85.574465,94.52088,88.306546,91.227043,98.172796,84.651409,90.053038,94.288171,99.797145,89.912982,96.449724,99.302707,90.22557,107.952723,98.277897,103.613092,105.583351,108.588507,110.365072,102.962045,106.146791,113.248027,6.690015,25.95292,2559 = 100,สำนักงานเศรษฐกิจอุตสาหกรรม (สศอ.) กระทรวงอุตสาหกรรม,Shipment.xlsx
260,4,PRODUCT_ITEM,20,การผลิตเคมีภัณฑ์และผลิตภัณฑ์เคมี,2011,การผลิตเคมีภัณฑ์ขั้นมูลฐาน,20114,การผลิตเอทานอลและเอสเทอร์,20114-020,เมทิลเอสเตอร์ (ไบโอดีเซล),0.123939,104.92326,109.455499,121.339259,107.10481,105.260143,101.748359,90.026545,89.877787,85.404236,77.100606,99.648138,108.111358,94.640002,71.840603,82.435783,77.222322,71.931386,72.815814,72.922542,74.375878,73.137726,83.839447,89.64239,99.006464,97.538931,92.52545,96.108621,97.205586,95.083229,94.899907,89.901316,87.017818,83.646278,94.214325,100.055662,100.521046,87.653698,92.778427,98.858654,101.25756,101.381637,97.563183,102.065532,96.442024,82.556694,82.370041,86.896491,72.861548,70.787821,65.692704,68.890355,75.305618,85.080206,84.985546,90.49242,70.698386,62.148668,73.307513,74.435222,80.522045,69.06282,73.373219,98.019536,93.038802,87.554109,90.654286,3.54087,6.670241,2559 = 100,สำนักงานเศรษฐกิจอุตสาหกรรม (สศอ.) กระทรวงอุตสาหกรรม,Shipment.xlsx
261,2,GROUP_4DIGIT,20,การผลิตเคมีภัณฑ์และผลิตภัณฑ์เคมี,2012,การผลิตปุ๋ยเคมีและสารประกอบไนโตรเจน,,,,การผลิตปุ๋ยเคมีและสารประกอบไนโตรเจน,0.850796,70.62967,78.165609,86.780397,110.699169,150.894851,161.128825,131.273045,105.295788,115.7648,89.406117,51.076033,48.885696,51.814494,34.009358,98.069311,90.459407,95.975988,94.515745,89.500304,94.105399,72.125407,32.891318,22.845191,38.98094,45.759652,39.259395,54.685953,69.228962,98.940782,86.693383,120.791697,104.053936,75.669598,59.961571,41.145843,47.255975,74.203276,56.939073,63.534755,66.291989,118.313497,150.923608,116.586919,98.663552,90.799802,71.527972,42.580414,46.044081,71.308153,62.136263,66.6054,84.019029,155.748716,118.072401,85.958611,79.370662,63.83979,33.539048,43.348353,41.81,56.304476,46.427544,97.443148,63.36314,77.240283,37.9369,-50.884566,-67.869799,2559 = 100,สำนักงานเศรษฐกิจอุตสาหกรรม (สศอ.) กระทรวงอุตสาหกรรม,Shipment.xlsx
262,3,CLASS_5DIGIT,20,การผลิตเคมีภัณฑ์และผลิตภัณฑ์เคมี,2012,การผลิตปุ๋ยเคมีและสารประกอบไนโตรเจน,20121,การผลิตปุ๋ยเคมี,,การผลิตปุ๋ยเคมี,0.850796,70.62967,78.165609,86.780397,110.699169,150.894851,161.128825,131.273045,105.295788,115.7648,89.406117,51.076033,48.885696,51.814494,34.009358,98.069311,90.459407,95.975988,94.515745,89.500304,94.105399,72.125407,32.891318,22.845191,38.98094,45.759652,39.259395,54.685953,69.228962,98.940782,86.693383,120.791697,104.053936,75.669598,59.961571,41.145843,47.255975,74.203276,56.939073,63.534755,66.291989,118.313497,150.923608,116.586919,98.663552,90.799802,71.527972,42.580414,46.044081,71.308153,62.136263,66.6054,84.019029,155.748716,118.072401,85.958611,79.370662,63.83979,33.539048,43.348353,41.81,56.304476,46.427544,97.443148,63.36314,77.240283,37.9369,-50.884566,-67.869799,2559 = 100,สำนักงานเศรษฐกิจอุตสาหกรรม (สศอ.) กระทรวงอุตสาหกรรม,Shipment.xlsx
263,4,PRODUCT_ITEM,20,การผลิตเคมีภัณฑ์และผลิตภัณฑ์เคมี,2012,การผลิตปุ๋ยเคมีและสารประกอบไนโตรเจน,20121,การผลิตปุ๋ยเคมี,20121-010,ปุ๋ยเคมี,0.850796,70.62967,78.165609,86.780397,110.699169,150.894851,161.128825,131.273045,105.295788,115.7648,89.406117,51.076033,48.885696,51.814494,34.009358,98.069311,90.459407,95.975988,94.515745,89.500304,94.105399,72.125407,32.891318,22.845191,38.98094,45.759652,39.259395,54.685953,69.228962,98.940782,86.693383,120.791697,104.053936,75.669598,59.961571,41.145843,47.255975,74.203276,56.939073,63.534755,66.291989,118.313497,150.923608,116.586919,98.663552,90.799802,71.527972,42.580414,46.044081,71.308153,62.136263,66.6054,84.019029,155.748716,118.072401,85.958611,79.370662,63.83979,33.539048,43.348353,41.81,56.304476,46.427544,97.443148,63.36314,77.240283,37.9369,-50.884566,-67.869799,2559 = 100,สำนักงานเศรษฐกิจอุตสาหกรรม (สศอ.) กระทรวงอุตสาหกรรม,Shipment.xlsx
264,2,GROUP_4DIGIT,20,การผลิตเคมีภัณฑ์และผลิตภัณฑ์เคมี,2013,การผลิตพลาสติกและยางสังเคราะห์ขั้นต้น,,,,การผลิตพลาสติกและยางสังเคราะห์ขั้นต้น,2.650222,95.887645,94.217088,110.177935,94.09659,101.902335,100.042887,102.193524,102.025701,103.590626,102.754079,95.294241,97.817349,102.33163,100.41109,103.9839,88.695139,96.118642,93.394485,90.344655,92.899426,84.665725,83.726021,79.62451,76.137777,78.677799,79.789564,88.195855,77.989852,94.057277,88.37464,93.111482,93.207185,91.168815,87.178813,80.363669,76.431339,77.739933,77.499753,80.405916,81.911406,91.343411,89.704548,91.26186,85.691758,89.317575,92.340593,86.251355,86.830179,85.531252,83.864106,92.303994,84.113315,93.893522,93.770489,89.557775,90.172014,87.671283,91.829542,82.940014,85.63323,90.699841,87.994467,91.625577,76.625474,75.830175,72.845271,-3.9363,-22.315355,2559 = 100,สำนักงานเศรษฐกิจอุตสาหกรรม (สศอ.) กระทรวงอุตสาหกรรม,Shipment.xlsx
265,3,CLASS_5DIGIT,20,การผลิตเคมีภัณฑ์และผลิตภัณฑ์เคมี,2013,การผลิตพลาสติกและยางสังเคราะห์ขั้นต้น,20131,การผลิตเม็ดพลาสติกและพลาสติกขั้นต้น,,การผลิตเม็ดพลาสติกและพลาสติกขั้นต้น,2.574004,94.741717,93.844841,109.716605,93.891788,101.699737,100.130568,102.528805,102.232482,104.006957,103.344949,95.988707,97.872844,102.395174,100.651903,103.440595,88.701936,96.092316,93.269065,90.516547,92.961703,84.459239,83.697505,79.542173,77.361488,78.8949,79.674056,87.655232,77.638425,94.142582,88.321626,93.278932,93.055512,90.735737,86.685474,79.849638,75.325857,76.795064,76.66694,79.590433,81.289323,91.025404,89.22261,90.584064,85.096753,88.747097,91.766046,85.703736,86.636387,84.918897,83.003652,91.654004,83.631877,93.705535,93.655115,89.203424,89.486079,87.128466,90.932286,81.797369,84.92415,89.700029,87.314932,90.74682,75.502421,75.030763,72.073824,-3.94097,-23.043367,2559 = 100,สำนักงานเศรษฐกิจอุตสาหกรรม (สศอ.) กระทรวงอุตสาหกรรม,Shipment.xlsx
266,4,PRODUCT_ITEM,20,การผลิตเคมีภัณฑ์และผลิตภัณฑ์เคมี,2013,การผลิตพลาสติกและยางสังเคราะห์ขั้นต้น,20131,การผลิตเม็ดพลาสติกและพลาสติกขั้นต้น,20131-010,Ethylene,0.341147,89.068781,82.432086,105.630934,102.697678,108.777431,108.285665,104.0111,102.864329,101.396142,106.848967,93.026255,94.960631,105.206973,82.803727,99.759547,86.958701,94.519272,90.465627,93.693647,89.645029,76.398993,70.563163,63.916485,64.846645,62.137127,73.779576,81.09643,74.642636,83.846518,81.295543,90.453087,92.415661,86.475029,92.105859,73.951995,68.345292,62.167619,58.017222,66.448625,86.848866,89.250945,88.758178,95.763416,75.018016,88.828868,89.893107,86.653004,87.018798,85.975442,76.112682,77.49968,79.357303,87.260465,86.915982,87.267117,92.039551,86.003658,88.561941,82.812809,92.735373,88.873894,75.126292,76.317626,65.227456,69.595358,57.665653,-17.141524,-33.653568,2559 = 100,สำนักงานเศรษฐกิจอุตสาหกรรม (สศอ.) กระทรวงอุตสาหกรรม,Shipment.xlsx
267,4,PRODUCT_ITEM,20,การผลิตเคมีภัณฑ์และผลิตภัณฑ์เคมี,2013,การผลิตพลาสติกและยางสังเคราะห์ขั้นต้น,20131,การผลิตเม็ดพลาสติกและพลาสติกขั้นต้น,20131-020,Propylene,0.242827,95.869895,91.755628,105.091448,98.051888,107.486529,107.782785,106.71058,99.589317,100.76835,101.50724,88.653684,96.732657,103.77978,95.018811,105.595866,92.06428,100.072505,93.680649,96.713609,83.707329,67.624797,71.854222,67.30979,58.517482,68.967865,67.810433,77.399144,77.497481,76.127764,72.435177,80.079297,75.645406,75.52942,71.938986,55.852721,56.376134,48.315534,54.029383,62.853004,77.804002,75.99862,74.056392,66.11608,80.316851,66.852428,71.498771,67.906141,67.704004,65.567671,60.13648,62.846686,69.120492,79.330901,69.425003,69.99351,66.932953,69.635169,68.052253,57.875492,69.956041,64.184438,57.637423,47.857464,48.977793,52.075767,53.121114,2.007359,-23.484175,2559 = 100,สำนักงานเศรษฐกิจอุตสาหกรรม (สศอ.) กระทรวงอุตสาหกรรม,Shipment.xlsx
268,4,PRODUCT_ITEM,20,การผลิตเคมีภัณฑ์และผลิตภัณฑ์เคมี,2013,การผลิตพลาสติกและยางสังเคราะห์ขั้นต้น,20131,การผลิตเม็ดพลาสติกและพลาสติกขั้นต้น,20131-030,Benzene,0.169983,90.170983,88.09214,98.72303,83.420989,117.599135,112.068818,117.165196,92.798788,102.259812,100.744878,93.805666,103.150565,95.048167,88.244282,91.545318,91.876082,88.895908,63.267873,84.233819,83.01369,84.18466,79.974045,79.674171,69.485112,86.122509,44.230172,53.604966,50.054248,74.99065,53.335762,43.343598,34.527233,62.132496,45.213642,42.977675,43.63176,41.724401,39.429455,40.698819,49.482007,55.113174,61.483763,64.937326,49.560706,60.208242,61.786421,70.885532,50.049093,66.703662,40.23562,58.890253,47.276285,50.032843,44.162473,45.539293,45.969442,58.380848,44.290002,31.736884,31.287907,19.668743,50.709684,53.417081,56.483661,47.628175,28.711164,-39.71811,-34.987418,2559 = 100,สำนักงานเศรษฐกิจอุตสาหกรรม (สศอ.) กระทรวงอุตสาหกรรม,Shipment.xlsx
269,4,PRODUCT_ITEM,20,การผลิตเคมีภัณฑ์และผลิตภัณฑ์เคมี,2013,การผลิตพลาสติกและยางสังเคราะห์ขั้นต้น,20131,การผลิตเม็ดพลาสติกและพลาสติกขั้นต้น,20131-040,Toluene,0.041137,121.850017,101.656687,121.40533,103.241977,90.281721,97.856165,70.237907,99.860897,107.594585,109.292388,84.60775,92.114574,92.463985,75.502039,77.478112,91.180757,103.881738,67.939031,51.225414,86.410388,86.144316,44.851932,39.842031,52.82261,58.385827,39.7929,43.40219,72.660054,72.312729,62.040045,54.636998,71.314555,60.944933,64.512251,63.970298,56.013732,61.756262,57.011957,59.005864,67.989557,72.286861,83.183337,84.707376,83.518413,104.526082,91.404112,77.463546,85.714047,83.341236,50.544437,69.766172,72.905369,80.477842,70.055468,64.900476,51.047083,63.547555,64.120495,56.321892,71.463935,70.20747,54.522327,61.797492,41.95845,52.040859,76.315784,46.645895,8.936227,2559 = 100,สำนักงานเศรษฐกิจอุตสาหกรรม (สศอ.) กระทรวงอุตสาหกรรม,Shipment.xlsx
270,4,PRODUCT_ITEM,20,การผลิตเคมีภัณฑ์และผลิตภัณฑ์เคมี,2013,การผลิตพลาสติกและยางสังเคราะห์ขั้นต้น,20131,การผลิตเม็ดพลาสติกและพลาสติกขั้นต้น,20131-050,PVC resin,0.157021,99.694306,97.832928,113.297216,94.536486,97.534928,96.047175,110.127208,116.319992,105.389143,94.413872,83.926115,90.880631,109.147365,107.370393,107.388919,94.109351,97.063265,105.096951,82.142649,119.556645,105.629156,106.19645,103.304692,114.319664,109.286087,93.619471,101.701544,90.655931,98.295704,96.244018,108.333026,99.601766,95.629869,98.742549,104.294792,76.679462,88.70317,83.814149,90.52775,91.230594,113.483182,97.553576,100.175044,85.929589,99.247179,95.202357,79.580068,83.902776,89.872313,91.489476,104.851251,100.769,101.333565,102.580821,94.160972,112.844926,109.382545,117.670839,98.800052,107.754989,132.757354,128.818126,142.460073,117.340384,99.77543,118.264048,18.530231,15.288654,2559 = 100,สำนักงานเศรษฐกิจอุตสาหกรรม (สศอ.) กระทรวงอุตสาหกรรม,Shipment.xlsx
271,4,PRODUCT_ITEM,20,การผลิตเคมีภัณฑ์และผลิตภัณฑ์เคมี,2013,การผลิตพลาสติกและยางสังเคราะห์ขั้นต้น,20131,การผลิตเม็ดพลาสติกและพลาสติกขั้นต้น,20131-060,Polyethylene resin (PE),0.722226,92.573801,94.058532,106.58801,96.908303,101.147773,99.301735,98.946832,104.874876,105.718107,103.502821,98.337941,98.041269,98.472486,105.335224,105.875822,83.213914,93.719304,94.99925,91.360939,93.257602,76.148347,87.571214,82.990253,80.423481,74.271198,85.535649,98.646426,82.321793,105.900698,102.055024,102.742921,106.948405,96.75391,93.402009,87.063895,80.869681,85.285056,85.237025,87.307472,81.708504,92.279216,90.126082,91.223379,85.951383,91.694456,99.512833,95.288736,97.678741,86.11339,94.182745,106.151781,89.185192,103.082294,106.687605,99.155048,91.858789,89.665013,98.85024,92.216863,89.217898,94.622244,91.157274,96.295247,75.710021,78.020226,76.143603,-2.405303,-28.629382,2559 = 100,สำนักงานเศรษฐกิจอุตสาหกรรม (สศอ.) กระทรวงอุตสาหกรรม,Shipment.xlsx
272,4,PRODUCT_ITEM,20,การผลิตเคมีภัณฑ์และผลิตภัณฑ์เคมี,2013,การผลิตพลาสติกและยางสังเคราะห์ขั้นต้น,20131,การผลิตเม็ดพลาสติกและพลาสติกขั้นต้น,20131-070,Polypropylene resin (PP),0.395871,92.775155,101.649301,118.954932,84.219689,97.971401,101.877159,100.793548,98.950783,104.042048,105.309844,95.522255,97.933884,105.030274,105.397005,101.111438,81.796443,98.899749,99.781836,94.044676,92.983255,100.011365,85.676872,81.560939,76.941031,81.588802,78.392068,86.489891,74.084041,100.929906,91.841492,104.263875,93.703514,86.576718,82.733132,78.020025,76.089624,80.57734,75.269429,72.393701,74.444786,89.638341,90.704717,90.583227,91.407104,91.764452,93.435903,80.540019,86.07831,88.638121,85.82324,93.432967,81.914401,103.809801,110.960549,99.159473,99.819628,95.532832,97.178592,85.441468,84.201172,96.951785,93.482101,93.92567,73.015207,73.537479,75.774281,3.041717,-31.710612,2559 = 100,สำนักงานเศรษฐกิจอุตสาหกรรม (สศอ.) กระทรวงอุตสาหกรรม,Shipment.xlsx
273,4,PRODUCT_ITEM,20,การผลิตเคมีภัณฑ์และผลิตภัณฑ์เคมี,2013,การผลิตพลาสติกและยางสังเคราะห์ขั้นต้น,20131,การผลิตเม็ดพลาสติกและพลาสติกขั้นต้น,20131-080,Polystyrene (PS),0.064118,96.883082,91.599613,110.811496,83.64861,98.467478,88.647921,94.14191,89.422624,126.04122,105.571465,110.357708,104.406872,114.591141,107.819288,116.495926,101.768033,87.222716,98.396817,73.610287,75.379157,78.539988,79.604139,76.071552,69.654109,83.804112,107.399726,78.503981,76.776359,93.721447,58.758983,84.125724,90.462986,79.584604,73.920457,66.04593,70.909738,78.285878,80.067397,84.269035,72.585857,76.410694,74.501251,79.852439,74.914216,73.694856,79.503231,71.217643,68.266512,65.477538,66.965821,79.183353,65.620271,74.983789,64.725543,63.48337,62.808857,68.749292,73.784627,54.829623,56.213428,64.046035,75.063944,83.873531,60.701866,43.751864,45.535287,4.076222,-29.648659,2559 = 100,สำนักงานเศรษฐกิจอุตสาหกรรม (สศอ.) กระทรวงอุตสาหกรรม,Shipment.xlsx
274,4,PRODUCT_ITEM,20,การผลิตเคมีภัณฑ์และผลิตภัณฑ์เคมี,2013,การผลิตพลาสติกและยางสังเคราะห์ขั้นต้น,20131,การผลิตเม็ดพลาสติกและพลาสติกขั้นต้น,20131-090,Expandable polystyrene (EPS),0.00767,108.88891,106.302814,105.201536,116.633739,99.363195,86.829715,97.599507,102.050971,93.908395,84.673514,104.501743,94.045961,103.461772,104.503986,110.090371,62.540303,107.713197,86.366177,81.309122,87.77952,76.468884,80.069381,64.82459,43.199536,62.273394,69.211517,83.903442,55.460127,76.735942,67.422409,56.783455,67.313642,73.703623,79.10881,88.467052,32.549188,55.609656,71.435754,101.283142,89.50478,119.588423,104.615385,94.773836,107.070643,127.436427,94.003346,101.190434,113.85849,110.873901,110.199049,124.315767,111.243266,109.885517,104.829958,105.686756,102.823285,95.951971,102.020317,104.501743,121.862752,128.790408,114.333991,117.439698,88.342944,66.144688,76.457669,15.59155,-27.065058,2559 = 100,สำนักงานเศรษฐกิจอุตสาหกรรม (สศอ.) กระทรวงอุตสาหกรรม,Shipment.xlsx
275,4,PRODUCT_ITEM,20,การผลิตเคมีภัณฑ์และผลิตภัณฑ์เคมี,2013,การผลิตพลาสติกและยางสังเคราะห์ขั้นต้น,20131,การผลิตเม็ดพลาสติกและพลาสติกขั้นต้น,20131-100,Acrylonitrile Butadiene Styrene (ABS),0.039168,104.579533,89.03898,118.899102,104.481738,95.505349,105.816946,92.473972,88.216838,108.284131,110.978474,94.428767,87.296169,91.894785,121.510472,107.917289,97.4409,79.703716,77.966697,72.580357,87.087316,65.394107,84.441483,70.347936,55.674543,71.931044,66.655328,72.438941,56.98967,73.810507,53.566253,58.937265,79.102552,77.318485,72.140863,60.932937,56.533991,72.100175,67.145895,54.493724,50.79601,63.489148,59.643406,63.330375,51.639588,67.913455,64.482325,67.890179,65.760056,65.222225,78.352557,69.78387,61.693416,68.120008,68.6356,68.23084,76.278819,67.502244,72.414808,72.435332,60.49393,71.243109,54.761065,64.132173,59.682876,46.751879,44.198095,-5.46242,-35.604708,2559 = 100,สำนักงานเศรษฐกิจอุตสาหกรรม (สศอ.) กระทรวงอุตสาหกรรม,Shipment.xlsx
276,4,PRODUCT_ITEM,20,การผลิตเคมีภัณฑ์และผลิตภัณฑ์เคมี,2013,การผลิตพลาสติกและยางสังเคราะห์ขั้นต้น,20131,การผลิตเม็ดพลาสติกและพลาสติกขั้นต้น,20131-110,SAN resin,0.018719,96.607423,57.206693,130.231731,78.613317,126.516624,107.848615,82.183159,124.382986,107.382958,118.150449,63.118127,107.757917,76.63447,105.746506,65.042176,98.504667,68.161787,58.50932,38.890605,42.685555,48.568008,50.663956,41.846237,75.664571,54.04584,50.279517,51.282752,45.790158,52.567468,50.821465,44.967284,71.841983,66.66379,70.59386,50.681712,55.479033,66.811031,58.660885,44.029625,58.564968,62.595665,56.280861,70.518587,65.267886,60.720779,33.006917,52.723341,50.676354,40.90793,34.511971,61.920511,51.872627,41.411601,44.552582,41.708044,36.39277,50.637321,39.3881,35.346919,36.735859,42.141538,49.688977,33.654633,66.80436,52.621278,32.161454,-38.881276,-27.812367,2559 = 100,สำนักงานเศรษฐกิจอุตสาหกรรม (สศอ.) กระทรวงอุตสาหกรรม,Shipment.xlsx
277,4,PRODUCT_ITEM,20,การผลิตเคมีภัณฑ์และผลิตภัณฑ์เคมี,2013,การผลิตพลาสติกและยางสังเคราะห์ขั้นต้น,20131,การผลิตเม็ดพลาสติกและพลาสติกขั้นต้น,20131-120,Pet resin,0.154562,101.012105,90.901174,103.895058,87.13997,84.94517,95.280384,107.452836,100.27698,104.498203,106.919634,114.094041,103.584444,114.125623,107.533209,103.690672,109.743097,104.885478,100.241191,101.47874,98.219049,96.681404,90.052344,94.31124,98.277853,97.700594,105.504054,106.129732,97.763381,112.181233,113.063264,113.146691,105.426572,117.318254,108.343818,118.415239,120.490349,113.725326,118.923747,114.205412,109.785575,123.261333,117.613608,117.586628,115.182255,116.337191,117.748684,124.478656,117.864097,110.82955,113.4048,119.299515,113.424124,115.95731,115.780564,108.668045,122.27542,108.211963,109.526265,102.269536,108.616326,113.99028,109.732403,136.417933,112.324921,110.971807,99.15576,-10.647791,-14.35889,2559 = 100,สำนักงานเศรษฐกิจอุตสาหกรรม (สศอ.) กระทรวงอุตสาหกรรม,Shipment.xlsx
278,4,PRODUCT_ITEM,20,การผลิตเคมีภัณฑ์และผลิตภัณฑ์เคมี,2013,การผลิตพลาสติกและยางสังเคราะห์ขั้นต้น,20131,การผลิตเม็ดพลาสติกและพลาสติกขั้นต้น,20131-130,Polycarbonate,0.100628,92.520279,114.56445,126.239337,105.456974,98.67038,52.677612,112.006682,120.915228,100.983933,85.830253,94.776522,95.358351,103.506797,113.56498,115.618448,90.637162,99.702287,104.070161,92.937254,118.519549,120.286067,124.555022,106.195751,99.387288,104.452838,94.26053,91.115602,74.960213,85.038811,94.657104,112.424271,135.149795,135.911652,112.946286,99.683084,95.18823,103.746602,122.25804,121.665373,106.735331,129.624923,120.815026,132.323973,130.911209,116.481181,121.737074,91.115662,94.362729,117.324576,105.400863,107.551897,119.231971,120.091659,104.343218,122.667909,120.825391,102.64278,122.476649,116.53902,119.076668,130.728847,141.076159,126.657111,112.695738,110.354937,102.30944,-7.290564,-1.949124,2559 = 100,สำนักงานเศรษฐกิจอุตสาหกรรม (สศอ.) กระทรวงอุตสาหกรรม,Shipment.xlsx
279,4,PRODUCT_ITEM,20,การผลิตเคมีภัณฑ์และผลิตภัณฑ์เคมี,2013,การผลิตพลาสติกและยางสังเคราะห์ขั้นต้น,20131,การผลิตเม็ดพลาสติกและพลาสติกขั้นต้น,20131-140,เม็ดพลาสติกชีวภาพ,0.02289,78.485174,78.013443,134.802911,85.173004,86.763604,112.152771,91.503212,93.45289,92.886619,120.532919,117.659086,108.574368,91.981351,99.04811,98.62779,87.025193,89.21387,85.77173,63.32522,79.84485,62.647998,41.72372,40.503537,64.697411,38.98715,34.482398,57.707146,43.270459,79.156502,97.823732,47.699748,58.634637,84.432732,51.816671,44.338825,93.220228,69.77635,73.254438,107.34597,94.033098,75.273537,92.82134,99.555123,80.594319,98.231202,65.910345,69.974065,124.246334,67.296577,98.746816,128.75948,75.251509,80.117497,97.88901,89.874751,65.27467,97.359969,101.888417,78.439625,132.853777,123.529885,121.045724,76.825644,96.217808,150.958162,140.567779,-6.882955,43.599141,2559 = 100,สำนักงานเศรษฐกิจอุตสาหกรรม (สศอ.) กระทรวงอุตสาหกรรม,Shipment.xlsx
280,4,PRODUCT_ITEM,20,การผลิตเคมีภัณฑ์และผลิตภัณฑ์เคมี,2013,การผลิตพลาสติกและยางสังเคราะห์ขั้นต้น,20131,การผลิตเม็ดพลาสติกและพลาสติกขั้นต้น,20131-150,Polyester resin,0.00916,101.109581,116.168995,120.124434,98.275888,85.789828,88.677712,91.935613,94.436459,104.953184,100.060629,100.510673,97.957003,92.058748,96.022464,111.032004,93.84061,100.054944,97.004667,94.879415,86.316085,81.327922,75.801303,85.833476,87.506632,87.318691,89.771607,94.06968,85.124854,92.304119,88.371673,80.468458,88.816751,89.398459,91.238866,82.8063,65.690759,94.667725,88.509633,130.736623,75.556436,85.191604,80.833654,86.128827,82.302856,84.150604,90.780726,79.549298,65.878772,86.904414,79.706294,74.082088,77.142081,78.651261,71.908259,67.717488,68.213555,76.959501,66.30478,64.274452,66.103488,73.330107,64.077947,97.782736,65.577555,67.662829,52.522957,-22.375465,-26.958381,2559 = 100,สำนักงานเศรษฐกิจอุตสาหกรรม (สศอ.) กระทรวงอุตสาหกรรม,Shipment.xlsx
281,4,PRODUCT_ITEM,20,การผลิตเคมีภัณฑ์และผลิตภัณฑ์เคมี,2013,การผลิตพลาสติกและยางสังเคราะห์ขั้นต้น,20131,การผลิตเม็ดพลาสติกและพลาสติกขั้นต้น,20131-160,Nylon resin,0.023799,150.276956,100.670748,125.325099,86.022132,80.038432,84.97475,97.037341,84.910447,90.758099,109.438858,88.932761,101.614376,80.498242,112.000032,99.226596,74.425949,105.656206,75.392602,152.853293,109.778766,76.460342,74.384531,78.192315,56.363511,71.972462,80.185571,101.037192,81.814771,84.379735,67.457625,75.085828,88.538659,92.500882,105.754486,100.355691,80.424953,91.044375,106.655151,113.327512,95.932395,107.335388,115.113117,113.967455,94.760056,82.568437,129.197747,75.723243,103.219427,87.799033,89.560348,109.57996,87.187591,82.99778,93.106848,77.371257,101.574502,70.115674,105.497835,102.004687,75.442444,88.178112,99.120875,122.611591,61.191721,54.367728,64.293995,18.257647,-30.946008,2559 = 100,สำนักงานเศรษฐกิจอุตสาหกรรม (สศอ.) กระทรวงอุตสาหกรรม,Shipment.xlsx
282,4,PRODUCT_ITEM,20,การผลิตเคมีภัณฑ์และผลิตภัณฑ์เคมี,2013,การผลิตพลาสติกและยางสังเคราะห์ขั้นต้น,20131,การผลิตเม็ดพลาสติกและพลาสติกขั้นต้น,20131-170,Carbon black,0.063077,102.195435,101.376473,99.59892,86.124144,107.672419,102.644663,94.849698,92.2448,97.398096,104.685632,106.403571,104.80615,104.363755,105.870731,117.675877,99.897239,107.799825,104.138468,80.821406,90.674682,91.117133,75.993828,82.641013,81.009483,99.767994,103.04008,113.829873,98.857711,104.681461,98.827554,99.809786,94.076233,107.330209,95.783292,93.840794,90.270607,87.296375,91.062334,99.485631,86.2262,102.672968,99.836376,87.613902,89.26184,79.943613,83.7058,72.707237,73.785541,86.197081,90.248751,91.986379,82.962258,83.459905,80.816511,75.891942,81.093657,84.613147,79.686015,70.219307,82.702109,97.374577,88.031834,101.181113,91.0448,89.156894,74.163411,-16.816965,-8.232353,2559 = 100,สำนักงานเศรษฐกิจอุตสาหกรรม (สศอ.) กระทรวงอุตสาหกรรม,Shipment.xlsx
283,3,CLASS_5DIGIT,20,การผลิตเคมีภัณฑ์และผลิตภัณฑ์เคมี,2013,การผลิตพลาสติกและยางสังเคราะห์ขั้นต้น,20132,การผลิตยางสังเคราะห์ขั้นต้น,,การผลิตยางสังเคราะห์ขั้นต้น,0.076218,134.587251,106.788367,125.757703,101.01302,108.744344,97.081753,90.870629,95.0424,89.530566,82.799572,71.841167,95.943228,100.185671,92.278488,122.332063,88.46559,97.007725,97.630077,84.53963,90.796259,91.63905,84.689021,82.405124,34.811369,71.345983,83.690436,106.453462,89.858006,91.176395,90.164971,87.45646,98.329401,105.794473,103.839557,97.723211,113.765001,109.649453,105.624984,107.945929,102.920033,102.082926,105.980261,114.151985,105.785913,108.583415,111.743864,104.745213,93.374794,106.211315,112.922826,114.255048,100.372137,100.242099,97.666817,101.524707,113.336963,106.002962,122.131141,121.528717,109.579842,124.464892,110.943291,121.302423,114.552528,102.827413,98.898133,-3.821239,1.260731,2559 = 100,สำนักงานเศรษฐกิจอุตสาหกรรม (สศอ.) กระทรวงอุตสาหกรรม,Shipment.xlsx
284,4,PRODUCT_ITEM,20,การผลิตเคมีภัณฑ์และผลิตภัณฑ์เคมี,2013,การผลิตพลาสติกและยางสังเคราะห์ขั้นต้น,20132,การผลิตยางสังเคราะห์ขั้นต้น,20132-010,Styrene butadiene rubber (SBR),0.076218,134.587251,106.788367,125.757703,101.01302,108.744344,97.081753,90.870629,95.0424,89.530566,82.799572,71.841167,95.943228,100.185671,92.278488,122.332063,88.46559,97.007725,97.630077,84.53963,90.796259,91.63905,84.689021,82.405124,34.811369,71.345983,83.690436,106.453462,89.858006,91.176395,90.164971,87.45646,98.329401,105.794473,103.839557,97.723211,113.765001,109.649453,105.624984,107.945929,102.920033,102.082926,105.980261,114.151985,105.785913,108.583415,111.743864,104.745213,93.374794,106.211315,112.922826,114.255048,100.372137,100.242099,97.666817,101.524707,113.336963,106.002962,122.131141,121.528717,109.579842,124.464892,110.943291,121.302423,114.552528,102.827413,98.898133,-3.821239,1.260731,2559 = 100,สำนักงานเศรษฐกิจอุตสาหกรรม (สศอ.) กระทรวงอุตสาหกรรม,Shipment.xlsx
285,2,GROUP_4DIGIT,20,การผลิตเคมีภัณฑ์และผลิตภัณฑ์เคมี,2022,การผลิตสี น้ำมันชักเงาและสารเคลือบที่คล้ายกัน  หมึกพิมพ์  และน้ำมันทาไม้,,,,การผลิตสี น้ำมันชักเงาและสารเคลือบที่คล้ายกัน  หมึกพิมพ์  และน้ำมันทาไม้,0.883739,104.829062,104.261482,121.276957,91.871065,96.108247,105.517495,87.291091,88.688489,94.043622,90.893747,107.539754,107.678988,102.460281,103.648035,118.793965,97.672231,101.367571,117.616577,93.061187,103.749364,102.791188,95.480403,106.813828,105.322907,99.264993,106.017074,121.140322,90.040587,103.430734,106.287669,103.366641,105.142112,112.119458,104.428877,110.229931,101.932844,105.465358,96.651104,122.078707,100.284624,114.126363,109.951624,112.839459,99.849067,105.892175,102.209424,104.23162,119.106242,95.73315,106.129953,128.110024,95.788737,107.441766,104.579545,101.114986,96.978965,100.162436,103.289388,102.538947,110.899559,94.479031,97.330286,124.667178,102.506431,104.241438,108.14354,3.743331,3.407927,2559 = 100,สำนักงานเศรษฐกิจอุตสาหกรรม (สศอ.) กระทรวงอุตสาหกรรม,Shipment.xlsx
286,3,CLASS_5DIGIT,20,การผลิตเคมีภัณฑ์และผลิตภัณฑ์เคมี,2022,การผลิตสี น้ำมันชักเงาและสารเคลือบที่คล้ายกัน  หมึกพิมพ์  และน้ำมันทาไม้,20221,การผลิตสี น้ำมันชักเงาและสารเคลือบที่คล้ายกัน  และน้ำมันทาไม้,,การผลิตสี น้ำมันชักเงาและสารเคลือบที่คล้ายกัน  และน้ำมันทาไม้,0.883739,104.829062,104.261482,121.276957,91.871065,96.108247,105.517495,87.291091,88.688489,94.043622,90.893747,107.539754,107.678988,102.460281,103.648035,118.793965,97.672231,101.367571,117.616577,93.061187,103.749364,102.791188,95.480403,106.813828,105.322907,99.264993,106.017074,121.140322,90.040587,103.430734,106.287669,103.366641,105.142112,112.119458,104.428877,110.229931,101.932844,105.465358,96.651104,122.078707,100.284624,114.126363,109.951624,112.839459,99.849067,105.892175,102.209424,104.23162,119.106242,95.73315,106.129953,128.110024,95.788737,107.441766,104.579545,101.114986,96.978965,100.162436,103.289388,102.538947,110.899559,94.479031,97.330286,124.667178,102.506431,104.241438,108.14354,3.743331,3.407927,2559 = 100,สำนักงานเศรษฐกิจอุตสาหกรรม (สศอ.) กระทรวงอุตสาหกรรม,Shipment.xlsx
287,4,PRODUCT_ITEM,20,การผลิตเคมีภัณฑ์และผลิตภัณฑ์เคมี,2022,การผลิตสี น้ำมันชักเงาและสารเคลือบที่คล้ายกัน  หมึกพิมพ์  และน้ำมันทาไม้,20221,การผลิตสี น้ำมันชักเงาและสารเคลือบที่คล้ายกัน  และน้ำมันทาไม้,20221-010,สีน้ำมัน,0.117144,104.348366,111.490166,122.36022,98.920698,90.918811,107.84188,88.109961,76.183856,85.669092,95.140928,110.12611,108.889912,97.148677,100.725454,108.628042,94.583134,100.447985,119.104191,95.94796,98.463084,87.308531,85.498283,98.315342,101.243593,89.962719,97.997999,112.293793,86.990419,82.3086,94.434953,82.689433,98.191107,109.570074,97.07552,102.902145,104.65044,105.329502,96.118879,138.031165,88.763429,110.113807,116.698363,131.551182,95.903912,110.348052,79.423298,105.344332,138.026112,78.142614,102.008884,122.141519,103.842639,92.247717,90.772936,99.731685,87.446606,94.467577,108.915397,101.754373,112.051145,92.425886,90.310818,125.363935,84.035366,120.874016,116.148588,-3.909382,27.955086,2559 = 100,สำนักงานเศรษฐกิจอุตสาหกรรม (สศอ.) กระทรวงอุตสาหกรรม,Shipment.xlsx
288,4,PRODUCT_ITEM,20,การผลิตเคมีภัณฑ์และผลิตภัณฑ์เคมี,2022,การผลิตสี น้ำมันชักเงาและสารเคลือบที่คล้ายกัน  หมึกพิมพ์  และน้ำมันทาไม้,20221,การผลิตสี น้ำมันชักเงาและสารเคลือบที่คล้ายกัน  และน้ำมันทาไม้,20221-020,สีน้ำพลาสติก,0.372607,107.851222,102.359696,121.683827,85.478447,93.927247,103.924222,78.504811,93.784698,101.214974,88.073944,111.796368,111.400544,107.213655,108.405653,123.374375,106.609783,103.697931,126.702752,94.534299,107.752105,111.398886,98.150583,116.903777,120.520452,112.635252,121.270735,140.894655,103.748289,117.854382,123.806821,127.759011,115.419989,125.798486,112.972855,122.223214,118.325168,120.450192,97.735014,142.336592,119.809834,131.037244,126.632726,117.765509,101.49656,115.602341,114.848408,111.665604,141.930915,106.423529,118.957487,157.235035,104.445385,113.754591,117.97383,101.778419,107.033352,107.348204,107.578456,112.660578,130.213227,97.003617,105.561778,137.714563,115.546968,107.872743,114.771866,6.395612,-2.714131,2559 = 100,สำนักงานเศรษฐกิจอุตสาหกรรม (สศอ.) กระทรวงอุตสาหกรรม,Shipment.xlsx
289,4,PRODUCT_ITEM,20,การผลิตเคมีภัณฑ์และผลิตภัณฑ์เคมี,2022,การผลิตสี น้ำมันชักเงาและสารเคลือบที่คล้ายกัน  หมึกพิมพ์  และน้ำมันทาไม้,20221,การผลิตสี น้ำมันชักเงาและสารเคลือบที่คล้ายกัน  และน้ำมันทาไม้,20221-030,สีอุตสาหกรรม,0.393988,102.113835,103.910769,120.570083,95.82071,99.713853,106.333199,95.357077,87.586827,89.751435,92.297717,102.745144,103.799353,99.544156,100.017572,117.484744,90.138185,99.437096,108.581189,90.809701,101.535607,99.25405,95.923097,99.798289,92.163009,89.38615,93.975506,105.088355,77.983686,96.070047,93.243408,86.445934,97.488733,99.940778,98.534932,101.066266,85.622092,91.334127,95.784262,98.177077,85.244599,99.32626,92.16979,102.617217,99.463989,95.38411,97.031301,96.870228,91.894824,90.853087,95.223863,102.340197,85.207221,105.98915,96.017246,100.898852,90.304457,95.059874,97.560311,93.199881,92.291622,92.701909,91.632594,112.120693,95.665556,95.861865,99.494798,3.789759,3.621799,2559 = 100,สำนักงานเศรษฐกิจอุตสาหกรรม (สศอ.) กระทรวงอุตสาหกรรม,Shipment.xlsx
290,2,GROUP_4DIGIT,20,การผลิตเคมีภัณฑ์และผลิตภัณฑ์เคมี,2023,การผลิตสบู่และสารซักฟอก  ผลิตภัณฑ์เคมีที่ใช้ในการทำความสะอาดและขัดเงา  น้ำหอมและเครื่องประทินโฉม,,,,การผลิตสบู่และสารซักฟอก  ผลิตภัณฑ์เคมีที่ใช้ในการทำความสะอาดและขัดเงา  น้ำหอมและเครื่องประทินโฉม,1.232894,96.567947,100.580067,117.919255,93.710115,97.966268,100.598222,92.629818,87.462949,103.063096,96.262638,103.858284,109.381341,91.510816,99.172587,111.910729,90.037635,103.20651,97.848214,94.039983,103.832649,102.471268,95.76228,99.718188,89.549306,95.408333,100.549302,108.393405,87.005252,104.999557,99.057689,96.618224,99.537385,97.595731,96.195858,101.801109,92.420263,102.021037,104.894734,110.726731,94.466096,107.394448,98.653635,102.818408,107.547449,100.302156,100.957166,102.382501,95.940032,105.238506,103.762637,108.17384,96.820001,103.507817,99.810646,103.982016,104.324711,97.102223,98.559019,109.154958,99.31882,100.116734,100.667385,106.29218,97.824588,115.10432,103.598562,-9.995939,3.795103,2559 = 100,สำนักงานเศรษฐกิจอุตสาหกรรม (สศอ.) กระทรวงอุตสาหกรรม,Shipment.xlsx
291,3,CLASS_5DIGIT,20,การผลิตเคมีภัณฑ์และผลิตภัณฑ์เคมี,2023,การผลิตสบู่และสารซักฟอก  ผลิตภัณฑ์เคมีที่ใช้ในการทำความสะอาดและขัดเงา  น้ำหอมและเครื่องประทินโฉม,20231,การผลิตสบู่และสารซักฟอก  ผลิตภัณฑ์เคมีที่ใช้ในการทำความสะอาดและขัดเงา,,การผลิตสบู่และสารซักฟอก  ผลิตภัณฑ์เคมีที่ใช้ในการทำความสะอาดและขัดเงา,0.529297,104.383576,105.48113,120.884982,94.165365,103.444658,100.665257,91.486129,89.204958,103.586648,85.288013,98.833725,102.57556,103.139146,102.414258,110.022193,82.310904,97.860413,98.449347,91.562557,101.952531,102.801544,97.750709,102.84101,88.512227,106.618238,102.888301,109.409543,88.448251,107.881645,99.363146,96.055498,106.154419,101.428127,101.062827,110.414634,102.324427,113.476117,107.99882,111.747735,92.874185,106.578629,102.423195,103.201605,113.240753,106.933927,103.336991,105.940954,106.19591,118.864403,114.489396,114.247378,101.635553,109.029825,104.616903,104.967924,107.624652,99.970113,105.801802,120.126059,107.880661,113.144089,107.226252,107.11183,100.194121,118.931832,105.326896,-11.439272,0.67866,2559 = 100,สำนักงานเศรษฐกิจอุตสาหกรรม (สศอ.) กระทรวงอุตสาหกรรม,Shipment.xlsx
292,4,PRODUCT_ITEM,20,การผลิตเคมีภัณฑ์และผลิตภัณฑ์เคมี,2023,การผลิตสบู่และสารซักฟอก  ผลิตภัณฑ์เคมีที่ใช้ในการทำความสะอาดและขัดเงา  น้ำหอมและเครื่องประทินโฉม,20231,การผลิตสบู่และสารซักฟอก  ผลิตภัณฑ์เคมีที่ใช้ในการทำความสะอาดและขัดเงา,20231-010,ผงซักฟอก,0.266827,105.748267,108.224028,121.593954,99.232764,110.714302,101.783044,89.508327,91.337129,106.426304,74.424962,91.458327,99.548591,102.326408,107.745095,110.244839,76.000267,88.276986,96.20496,85.485225,107.583349,103.37123,96.39954,99.371219,83.177118,105.31673,101.124712,103.846256,85.551164,104.437709,93.454389,87.368717,102.104632,102.833453,104.263453,110.809911,94.717154,105.888379,103.834512,112.221022,92.186407,100.184078,99.435552,98.801004,109.960436,108.894079,99.642321,105.430882,104.449701,114.06179,118.376614,119.649171,101.814567,112.269036,101.84656,101.972604,107.057563,97.973138,99.186678,116.177146,100.318899,108.850268,104.617405,99.328521,91.839946,115.082975,93.044535,-19.150044,-8.642437,2559 = 100,สำนักงานเศรษฐกิจอุตสาหกรรม (สศอ.) กระทรวงอุตสาหกรรม,Shipment.xlsx
293,4,PRODUCT_ITEM,20,การผลิตเคมีภัณฑ์และผลิตภัณฑ์เคมี,2023,การผลิตสบู่และสารซักฟอก  ผลิตภัณฑ์เคมีที่ใช้ในการทำความสะอาดและขัดเงา  น้ำหอมและเครื่องประทินโฉม,20231,การผลิตสบู่และสารซักฟอก  ผลิตภัณฑ์เคมีที่ใช้ในการทำความสะอาดและขัดเงา,20231-020,น้ำยาล้างจาน,0.071421,94.953534,97.824768,128.192949,87.494138,92.127111,93.924572,88.587516,91.132391,108.027358,94.966798,115.888204,106.880662,95.699362,91.842498,114.528337,94.061277,109.595427,103.452038,104.351112,102.139836,92.515191,90.571936,104.213508,91.51878,108.203485,102.894278,122.286773,95.083634,119.128494,98.953445,106.20744,116.678051,95.175052,100.77886,113.110555,119.636159,129.855025,109.881784,115.830975,94.228684,108.814405,99.746674,112.395111,111.112555,106.615653,114.550426,114.574681,115.132229,113.993987,103.505357,111.500106,99.668308,100.299678,106.857199,112.891573,107.936627,100.948487,104.813067,115.85997,109.874809,115.799744,117.433972,125.042808,112.049887,130.171133,102.72296,-21.086221,-3.868938,2559 = 100,สำนักงานเศรษฐกิจอุตสาหกรรม (สศอ.) กระทรวงอุตสาหกรรม,Shipment.xlsx
294,4,PRODUCT_ITEM,20,การผลิตเคมีภัณฑ์และผลิตภัณฑ์เคมี,2023,การผลิตสบู่และสารซักฟอก  ผลิตภัณฑ์เคมีที่ใช้ในการทำความสะอาดและขัดเงา  น้ำหอมและเครื่องประทินโฉม,20231,การผลิตสบู่และสารซักฟอก  ผลิตภัณฑ์เคมีที่ใช้ในการทำความสะอาดและขัดเงา,20231-030,น้ำยาทำความสะอาด,0.054168,106.824378,89.427151,103.737675,86.571358,106.050105,109.339687,99.552015,94.471686,101.48656,96.990426,107.085651,98.463308,116.302008,95.586639,96.738562,84.759324,109.931192,106.899041,104.247852,99.003751,107.3491,97.797943,116.914115,100.184801,115.085008,96.512003,111.337174,93.866029,116.968177,119.171189,107.291294,105.322876,102.470024,100.897172,108.560121,108.615399,130.47479,123.515154,112.653967,101.948223,118.325173,118.08211,117.817093,126.095345,107.007263,107.397634,110.943471,110.792242,129.154997,115.249251,113.219676,114.936818,124.811346,117.173114,115.580268,111.7504,104.377362,111.543248,125.859202,115.77217,119.698165,107.729258,111.700788,115.425354,127.716555,131.639727,3.071781,12.346359,2559 = 100,สำนักงานเศรษฐกิจอุตสาหกรรม (สศอ.) กระทรวงอุตสาหกรรม,Shipment.xlsx
295,4,PRODUCT_ITEM,20,การผลิตเคมีภัณฑ์และผลิตภัณฑ์เคมี,2023,การผลิตสบู่และสารซักฟอก  ผลิตภัณฑ์เคมีที่ใช้ในการทำความสะอาดและขัดเงา  น้ำหอมและเครื่องประทินโฉม,20231,การผลิตสบู่และสารซักฟอก  ผลิตภัณฑ์เคมีที่ใช้ในการทำความสะอาดและขัดเงา,20231-040,น้ำยาปรับผ้านุ่ม,0.136881,105.677786,110.482229,122.475552,90.773329,94.147791,98.570692,93.662046,81.958734,96.565205,96.782666,101.046761,107.857209,103.396394,100.240608,112.493728,87.512532,105.641982,96.870345,91.716652,92.045333,105.258583,104.111612,103.319528,92.724242,104.977622,108.846316,112.772454,88.48951,105.130914,103.256458,103.245633,108.886941,101.539054,95.037435,108.971329,105.631248,112.99422,108.99371,108.335981,89.917284,113.228758,103.446965,101.199146,115.658699,103.249966,103.08136,100.45075,103.118212,126.695297,112.342376,105.557586,97.049334,101.025436,103.879443,102.472837,106.934637,101.608325,116.940774,127.781,118.457714,117.534913,106.7866,111.112239,104.265763,117.093801,120.215297,2.665808,15.725781,2559 = 100,สำนักงานเศรษฐกิจอุตสาหกรรม (สศอ.) กระทรวงอุตสาหกรรม,Shipment.xlsx
296,3,CLASS_5DIGIT,20,การผลิตเคมีภัณฑ์และผลิตภัณฑ์เคมี,2023,การผลิตสบู่และสารซักฟอก  ผลิตภัณฑ์เคมีที่ใช้ในการทำความสะอาดและขัดเงา  น้ำหอมและเครื่องประทินโฉม,20232,การผลิตน้ำหอม  เครื่องสำอาง  และเครื่องประทินโฉม,,การผลิตน้ำหอม  เครื่องสำอาง  และเครื่องประทินโฉม,0.703597,90.68846,96.893128,115.688218,93.367643,93.845023,100.547793,93.490185,86.152482,102.669242,104.518554,107.638126,114.501147,82.763135,96.733965,113.331423,95.850248,107.228235,97.395998,95.903685,105.247012,102.222811,94.266439,97.368972,90.329472,86.975422,98.789736,107.628992,85.919722,102.831439,98.827902,97.041547,94.559567,94.712722,92.534568,95.321386,84.969626,93.403687,102.559614,109.958656,95.663647,108.008167,95.817896,102.530139,103.264529,95.313253,99.166887,99.705572,88.22481,94.988109,95.693184,103.604881,93.197392,99.353758,96.195027,103.240345,101.842253,94.944786,93.110468,100.901693,92.877977,90.316603,95.733326,105.67558,96.042051,112.224986,102.298383,-8.84527,6.344773,2559 = 100,สำนักงานเศรษฐกิจอุตสาหกรรม (สศอ.) กระทรวงอุตสาหกรรม,Shipment.xlsx
297,4,PRODUCT_ITEM,20,การผลิตเคมีภัณฑ์และผลิตภัณฑ์เคมี,2023,การผลิตสบู่และสารซักฟอก  ผลิตภัณฑ์เคมีที่ใช้ในการทำความสะอาดและขัดเงา  น้ำหอมและเครื่องประทินโฉม,20232,การผลิตน้ำหอม  เครื่องสำอาง  และเครื่องประทินโฉม,20232-010,สบู่และเครื่องบำรุงผิว,0.295322,92.587718,91.003263,110.974384,95.043486,92.242678,96.965811,104.277795,88.739673,104.736629,107.010369,110.834491,105.583703,88.659647,98.733567,115.634528,102.050421,115.070917,97.856576,100.976215,113.330054,109.016996,99.606577,107.472521,103.636149,89.456079,102.538063,112.502301,100.301671,114.3795,108.229626,101.528467,99.831958,103.065065,100.107709,103.634061,90.855493,97.442683,114.288965,127.212605,103.94172,116.102141,100.667707,108.089613,109.121979,99.410287,103.437237,115.049029,100.208035,103.145559,108.144367,112.746362,108.106899,113.803749,108.189101,113.565944,112.540628,111.199047,104.674064,116.896332,101.128445,97.943836,106.464938,117.224727,101.261887,116.212705,103.593547,-10.858673,-4.247705,2559 = 100,สำนักงานเศรษฐกิจอุตสาหกรรม (สศอ.) กระทรวงอุตสาหกรรม,Shipment.xlsx
298,4,PRODUCT_ITEM,20,การผลิตเคมีภัณฑ์และผลิตภัณฑ์เคมี,2023,การผลิตสบู่และสารซักฟอก  ผลิตภัณฑ์เคมีที่ใช้ในการทำความสะอาดและขัดเงา  น้ำหอมและเครื่องประทินโฉม,20232,การผลิตน้ำหอม  เครื่องสำอาง  และเครื่องประทินโฉม,20232-020,ยาสระผม,0.32492,89.35056,97.235616,115.603247,93.558436,95.31937,105.915631,85.49427,85.648254,95.099917,103.521286,105.381485,127.871926,73.289953,96.833912,109.95519,87.43051,99.437359,93.730955,92.791212,98.16775,90.1779,86.095787,85.860807,75.97736,86.296617,97.172315,103.450421,77.282003,97.957764,93.595771,99.422938,95.804592,88.761076,89.363831,90.606589,84.559968,90.908409,94.066394,96.357228,89.096294,102.207973,90.36484,100.895544,101.00892,91.019927,97.928745,89.469377,80.203947,92.509077,85.126229,95.335649,83.137481,92.423127,93.315051,99.736038,98.639613,87.920819,87.470588,92.985849,91.827449,88.815972,90.959722,101.22395,90.140389,114.701635,103.358101,-9.889601,10.762518,2559 = 100,สำนักงานเศรษฐกิจอุตสาหกรรม (สศอ.) กระทรวงอุตสาหกรรม,Shipment.xlsx
299,4,PRODUCT_ITEM,20,การผลิตเคมีภัณฑ์และผลิตภัณฑ์เคมี,2023,การผลิตสบู่และสารซักฟอก  ผลิตภัณฑ์เคมีที่ใช้ในการทำความสะอาดและขัดเงา  น้ำหอมและเครื่องประทินโฉม,20232,การผลิตน้ำหอม  เครื่องสำอาง  และเครื่องประทินโฉม,20232-030,แป้งฝุ่น,0.083355,89.174651,116.425615,132.720325,86.686497,93.774999,92.31458,86.43853,78.95168,124.850058,99.577552,105.110015,93.975497,98.798839,89.259875,118.332302,106.703738,109.811067,110.05065,90.06447,104.204363,125.102783,107.196046,106.431775,99.12954,80.832577,91.814346,106.651296,68.635266,80.914945,85.913055,71.861865,71.026592,88.32047,78.062923,84.248404,65.713139,88.820393,94.109923,101.84754,91.934586,101.940946,99.891432,89.20489,91.304301,97.533181,88.863554,85.245448,77.034395,75.749993,92.769566,103.450781,79.587566,75.173944,64.92683,80.317132,76.422414,64.736357,74.125629,75.089653,67.741951,69.143188,76.319399,82.110096,100.553291,88.442632,93.578865,5.807417,44.129731,2559 = 100,สำนักงานเศรษฐกิจอุตสาหกรรม (สศอ.) กระทรวงอุตสาหกรรม,Shipment.xlsx
300,2,GROUP_4DIGIT,20,การผลิตเคมีภัณฑ์และผลิตภัณฑ์เคมี,2030,การผลิตเส้นใยประดิษฐ์,,,,การผลิตเส้นใยประดิษฐ์,0.496033,109.602459,101.750438,111.626799,90.826744,93.748974,100.408468,96.221061,94.670094,94.277438,102.308784,106.880015,97.678727,105.176331,103.058006,107.695972,89.825618,116.147178,98.061443,99.974346,90.175021,89.127558,74.819501,80.953264,82.758466,87.087444,85.700898,102.374512,89.36457,105.83619,95.316782,105.801911,101.197207,99.78989,113.120302,103.565572,89.977453,109.316999,105.036722,103.487733,105.032929,102.243546,96.612771,104.061951,109.117285,91.896551,120.953778,105.342996,99.966121,111.167099,96.821786,98.755937,95.675459,96.901467,92.083733,102.537187,100.611333,89.991236,105.908906,90.270219,86.820164,107.122522,91.859144,102.288986,96.954867,92.87301,88.175085,-5.05844,-4.244668,2559 = 100,สำนักงานเศรษฐกิจอุตสาหกรรม (สศอ.) กระทรวงอุตสาหกรรม,Shipment.xlsx
301,3,CLASS_5DIGIT,20,การผลิตเคมีภัณฑ์และผลิตภัณฑ์เคมี,2030,การผลิตเส้นใยประดิษฐ์,20300,การผลิตเส้นใยประดิษฐ์,,การผลิตเส้นใยประดิษฐ์,0.496033,109.602459,101.750438,111.626799,90.826744,93.748974,100.408468,96.221061,94.670094,94.277438,102.308784,106.880015,97.678727,105.176331,103.058006,107.695972,89.825618,116.147178,98.061443,99.974346,90.175021,89.127558,74.819501,80.953264,82.758466,87.087444,85.700898,102.374512,89.36457,105.83619,95.316782,105.801911,101.197207,99.78989,113.120302,103.565572,89.977453,109.316999,105.036722,103.487733,105.032929,102.243546,96.612771,104.061951,109.117285,91.896551,120.953778,105.342996,99.966121,111.167099,96.821786,98.755937,95.675459,96.901467,92.083733,102.537187,100.611333,89.991236,105.908906,90.270219,86.820164,107.122522,91.859144,102.288986,96.954867,92.87301,88.175085,-5.05844,-4.244668,2559 = 100,สำนักงานเศรษฐกิจอุตสาหกรรม (สศอ.) กระทรวงอุตสาหกรรม,Shipment.xlsx
302,4,PRODUCT_ITEM,20,การผลิตเคมีภัณฑ์และผลิตภัณฑ์เคมี,2030,การผลิตเส้นใยประดิษฐ์,20300,การผลิตเส้นใยประดิษฐ์,20300-010,เส้นใยโพลีเอสเตอร์,0.267326,113.96893,101.272731,111.268199,93.280292,100.925607,102.910036,98.26147,87.908622,89.996404,104.330692,96.961523,98.915494,102.191747,105.3088,102.854553,85.29218,101.960586,88.558957,97.386983,97.268929,93.598006,89.667886,91.018866,91.607254,91.553086,89.001715,95.995055,81.649453,95.948258,100.201257,102.090953,93.602534,104.312839,101.026495,103.346145,96.255456,108.022319,102.713865,108.752979,100.170213,102.424557,98.494951,100.273177,113.728077,94.931671,103.887154,103.321753,99.815993,88.882334,92.172042,103.317442,78.531652,88.623848,91.789812,88.655044,91.27549,86.141542,91.656531,78.459879,88.556967,96.675449,83.796434,98.233591,81.316285,88.586766,83.922966,-5.264668,-8.5705,2559 = 100,สำนักงานเศรษฐกิจอุตสาหกรรม (สศอ.) กระทรวงอุตสาหกรรม,Shipment.xlsx
303,4,PRODUCT_ITEM,20,การผลิตเคมีภัณฑ์และผลิตภัณฑ์เคมี,2030,การผลิตเส้นใยประดิษฐ์,20300,การผลิตเส้นใยประดิษฐ์,20300-020,เส้นใยประดิษฐ์อื่น ๆ,0.228708,104.498695,102.308806,112.045949,87.958907,85.360543,97.484502,93.836122,102.573261,99.28134,99.94547,118.473277,96.233128,108.664871,100.427159,113.35488,95.124541,132.729222,109.168453,102.998593,81.883285,83.902262,57.463918,69.188053,72.415532,81.867764,81.842729,109.83116,98.38241,117.39373,89.607547,110.139477,110.074264,94.503226,127.256187,103.822049,82.639391,110.83029,107.751802,97.333434,110.71673,102.031971,94.412778,108.490472,103.727946,88.348943,140.902156,107.705532,100.141599,137.214718,102.256654,93.424207,115.714052,106.576788,92.427285,118.763374,111.523564,94.490963,122.567841,104.074774,84.790096,119.333616,101.283269,107.029148,115.234072,97.883001,93.145187,-4.840283,0.776721,2559 = 100,สำนักงานเศรษฐกิจอุตสาหกรรม (สศอ.) กระทรวงอุตสาหกรรม,Shipment.xlsx
304,1,DIVISION_2DIGIT,21,การผลิตเภสัชภัณฑ์  เคมีภัณฑ์ที่ใช้รักษาโรค  และผลิตภัณฑ์จากพืชและสัตว์ที่ใช้รักษาโรค,,,,,,การผลิตเภสัชภัณฑ์  เคมีภัณฑ์ที่ใช้รักษาโรค  และผลิตภัณฑ์จากพืชและสัตว์ที่ใช้รักษาโรค,0.994677,96.53913,87.859077,102.300783,89.194392,92.796949,98.739911,89.243613,101.580556,113.565672,106.989351,117.397,103.793567,116.737308,102.479365,117.876426,104.052029,112.984193,114.84627,107.560687,113.171668,117.294021,125.338051,128.092063,114.297371,111.672723,114.424544,127.928465,94.641301,106.290279,112.919758,102.18879,101.684335,101.411026,104.080362,107.718571,98.078968,101.939119,101.750152,104.155038,86.749494,99.085389,101.835743,100.609216,101.644034,92.116024,94.731142,100.920916,95.870395,102.624279,98.63423,108.163687,91.473496,118.207013,105.532136,101.114712,94.752042,94.107286,102.892122,96.121867,105.503203,101.672522,97.53861,114.588045,96.474507,99.434529,97.985351,-1.457419,-7.151172,2559 = 100,สำนักงานเศรษฐกิจอุตสาหกรรม (สศอ.) กระทรวงอุตสาหกรรม,Shipment.xlsx
305,2,GROUP_4DIGIT,21,การผลิตเภสัชภัณฑ์  เคมีภัณฑ์ที่ใช้รักษาโรค  และผลิตภัณฑ์จากพืชและสัตว์ที่ใช้รักษาโรค,2100,การผลิตเภสัชภัณฑ์  เคมีภัณฑ์ที่ใช้รักษาโรค  และผลิตภัณฑ์จากพืชและสัตว์ที่ใช้รักษาโรค,,,,การผลิตเภสัชภัณฑ์  เคมีภัณฑ์ที่ใช้รักษาโรค  และผลิตภัณฑ์จากพืชและสัตว์ที่ใช้รักษาโรค,0.994677,96.53913,87.859077,102.300783,89.194392,92.796949,98.739911,89.243613,101.580556,113.565672,106.989351,117.397,103.793567,116.737308,102.479365,117.876426,104.052029,112.984193,114.84627,107.560687,113.171668,117.294021,125.338051,128.092063,114.297371,111.672723,114.424544,127.928465,94.641301,106.290279,112.919758,102.18879,101.684335,101.411026,104.080362,107.718571,98.078968,101.939119,101.750152,104.155038,86.749494,99.085389,101.835743,100.609216,101.644034,92.116024,94.731142,100.920916,95.870395,102.624279,98.63423,108.163687,91.473496,118.207013,105.532136,101.114712,94.752042,94.107286,102.892122,96.121867,105.503203,101.672522,97.53861,114.588045,96.474507,99.434529,97.985351,-1.457419,-7.151172,2559 = 100,สำนักงานเศรษฐกิจอุตสาหกรรม (สศอ.) กระทรวงอุตสาหกรรม,Shipment.xlsx
306,3,CLASS_5DIGIT,21,การผลิตเภสัชภัณฑ์  เคมีภัณฑ์ที่ใช้รักษาโรค  และผลิตภัณฑ์จากพืชและสัตว์ที่ใช้รักษาโรค,2100,การผลิตเภสัชภัณฑ์  เคมีภัณฑ์ที่ใช้รักษาโรค  และผลิตภัณฑ์จากพืชและสัตว์ที่ใช้รักษาโรค,21001,การผลิตเภสัชภัณฑ์และเคมีภัณฑ์ที่ใช้รักษาโรค,,การผลิตเภสัชภัณฑ์และเคมีภัณฑ์ที่ใช้รักษาโรค,0.994677,96.53913,87.859077,102.300783,89.194392,92.796949,98.739911,89.243613,101.580556,113.565672,106.989351,117.397,103.793567,116.737308,102.479365,117.876426,104.052029,112.984193,114.84627,107.560687,113.171668,117.294021,125.338051,128.092063,114.297371,111.672723,114.424544,127.928465,94.641301,106.290279,112.919758,102.18879,101.684335,101.411026,104.080362,107.718571,98.078968,101.939119,101.750152,104.155038,86.749494,99.085389,101.835743,100.609216,101.644034,92.116024,94.731142,100.920916,95.870395,102.624279,98.63423,108.163687,91.473496,118.207013,105.532136,101.114712,94.752042,94.107286,102.892122,96.121867,105.503203,101.672522,97.53861,114.588045,96.474507,99.434529,97.985351,-1.457419,-7.151172,2559 = 100,สำนักงานเศรษฐกิจอุตสาหกรรม (สศอ.) กระทรวงอุตสาหกรรม,Shipment.xlsx
307,4,PRODUCT_ITEM,21,การผลิตเภสัชภัณฑ์  เคมีภัณฑ์ที่ใช้รักษาโรค  และผลิตภัณฑ์จากพืชและสัตว์ที่ใช้รักษาโรค,2100,การผลิตเภสัชภัณฑ์  เคมีภัณฑ์ที่ใช้รักษาโรค  และผลิตภัณฑ์จากพืชและสัตว์ที่ใช้รักษาโรค,21001,การผลิตเภสัชภัณฑ์และเคมีภัณฑ์ที่ใช้รักษาโรค,21001-010,ยาเม็ด,0.475639,97.928009,84.680311,101.504309,89.573134,85.935059,95.143417,85.971567,98.52491,124.728515,111.621976,123.794361,100.594432,130.8503,116.939549,128.63628,120.093016,122.418316,134.30962,121.141925,122.966243,132.243437,137.340676,149.789566,125.464201,121.856191,125.843489,139.641526,107.574202,112.664714,118.726951,108.533808,102.17623,108.19982,121.955895,119.552484,110.232933,115.733416,110.487956,111.700075,98.688466,107.018941,114.43077,115.661946,115.140757,104.770033,106.542718,114.511688,113.34748,120.155062,111.500407,117.063901,112.248793,133.799128,129.72448,121.233906,114.575824,109.295402,124.187043,114.077131,125.385063,128.373861,119.507542,146.773956,120.559753,133.05408,122.730488,-7.758945,-5.39142,2559 = 100,สำนักงานเศรษฐกิจอุตสาหกรรม (สศอ.) กระทรวงอุตสาหกรรม,Shipment.xlsx
308,4,PRODUCT_ITEM,21,การผลิตเภสัชภัณฑ์  เคมีภัณฑ์ที่ใช้รักษาโรค  และผลิตภัณฑ์จากพืชและสัตว์ที่ใช้รักษาโรค,2100,การผลิตเภสัชภัณฑ์  เคมีภัณฑ์ที่ใช้รักษาโรค  และผลิตภัณฑ์จากพืชและสัตว์ที่ใช้รักษาโรค,21001,การผลิตเภสัชภัณฑ์และเคมีภัณฑ์ที่ใช้รักษาโรค,21001-020,ยาน้ำ,0.204427,80.702854,85.902526,99.613762,84.668837,105.456834,114.30598,97.198746,114.462536,99.933318,107.925102,106.271509,103.557995,97.163526,90.96553,116.856333,100.410455,122.345704,97.925716,101.195649,113.280589,122.037346,113.955676,116.130259,114.846447,113.656315,113.529962,139.769813,88.656711,107.167315,90.554002,96.51214,93.990877,101.376521,93.150408,97.303222,93.454351,97.378441,100.990346,99.823685,78.548115,93.553145,98.929767,90.74725,93.112783,80.981969,91.783781,91.852416,87.821394,89.243187,95.194913,93.547802,79.607427,95.882594,77.793719,83.122336,78.875241,90.163622,84.72493,87.891603,101.742566,82.404875,94.460936,94.636254,84.049625,71.545594,80.451511,12.447892,3.416462,2559 = 100,สำนักงานเศรษฐกิจอุตสาหกรรม (สศอ.) กระทรวงอุตสาหกรรม,Shipment.xlsx
309,4,PRODUCT_ITEM,21,การผลิตเภสัชภัณฑ์  เคมีภัณฑ์ที่ใช้รักษาโรค  และผลิตภัณฑ์จากพืชและสัตว์ที่ใช้รักษาโรค,2100,การผลิตเภสัชภัณฑ์  เคมีภัณฑ์ที่ใช้รักษาโรค  และผลิตภัณฑ์จากพืชและสัตว์ที่ใช้รักษาโรค,21001,การผลิตเภสัชภัณฑ์และเคมีภัณฑ์ที่ใช้รักษาโรค,21001-030,ยาแคปซูล,0.073492,92.238092,89.158956,110.310063,72.170973,92.961174,95.542158,89.094146,108.098881,114.002993,103.347379,132.320228,100.754958,89.587214,93.619446,97.482662,74.214411,82.142899,92.630767,103.727347,105.783493,108.480119,84.181253,106.451931,79.453897,78.622797,94.055328,78.676171,91.666234,112.010387,111.981158,102.445115,141.722838,97.632615,96.446964,88.587099,73.923399,71.455515,83.536961,79.338255,85.030144,74.10131,90.887237,76.6124,84.800512,84.962792,100.172807,84.195232,60.902836,85.955283,78.554175,77.367252,66.738325,85.078435,74.391686,77.367252,62.898746,69.227812,91.788231,75.134466,85.821849,77.953089,70.837909,85.255914,79.554417,73.732779,70.016976,-5.039555,-5.880645,2559 = 100,สำนักงานเศรษฐกิจอุตสาหกรรม (สศอ.) กระทรวงอุตสาหกรรม,Shipment.xlsx
310,4,PRODUCT_ITEM,21,การผลิตเภสัชภัณฑ์  เคมีภัณฑ์ที่ใช้รักษาโรค  และผลิตภัณฑ์จากพืชและสัตว์ที่ใช้รักษาโรค,2100,การผลิตเภสัชภัณฑ์  เคมีภัณฑ์ที่ใช้รักษาโรค  และผลิตภัณฑ์จากพืชและสัตว์ที่ใช้รักษาโรค,21001,การผลิตเภสัชภัณฑ์และเคมีภัณฑ์ที่ใช้รักษาโรค,21001-040,ยาฉีด,0.078911,112.301103,82.470041,100.478405,88.274424,109.163293,101.296901,78.366465,94.290038,133.300955,108.615317,107.41678,84.026278,117.219159,85.028917,109.665781,94.870067,84.377917,93.787477,97.20873,113.049651,90.058028,110.813135,107.77813,96.809778,98.595208,83.096873,105.949548,71.912032,95.963609,114.817703,94.267038,115.457678,84.175155,79.195329,95.229373,71.61289,71.299438,82.639143,88.931118,51.346983,92.288119,84.489995,58.105595,67.183522,69.960566,81.264932,86.209274,80.249881,96.894548,92.294471,128.111284,57.288487,171.256371,82.841905,64.295058,66.020105,78.521183,58.533243,58.012501,52.572025,71.559809,65.95556,72.100775,61.252021,49.791257,66.476082,33.509548,-19.755489,2559 = 100,สำนักงานเศรษฐกิจอุตสาหกรรม (สศอ.) กระทรวงอุตสาหกรรม,Shipment.xlsx
311,4,PRODUCT_ITEM,21,การผลิตเภสัชภัณฑ์  เคมีภัณฑ์ที่ใช้รักษาโรค  และผลิตภัณฑ์จากพืชและสัตว์ที่ใช้รักษาโรค,2100,การผลิตเภสัชภัณฑ์  เคมีภัณฑ์ที่ใช้รักษาโรค  และผลิตภัณฑ์จากพืชและสัตว์ที่ใช้รักษาโรค,21001,การผลิตเภสัชภัณฑ์และเคมีภัณฑ์ที่ใช้รักษาโรค,21001-050,ยาครีม,0.093847,92.913112,93.829313,96.057928,98.482665,90.085455,88.478357,93.716661,100.783344,111.415206,115.500711,101.758583,116.978665,101.731412,94.355732,95.775767,85.899653,103.043714,118.728941,96.752739,115.576912,117.312205,153.968206,131.912113,129.503366,128.659284,132.113769,148.368184,114.039753,124.909332,129.65437,119.510351,95.361497,102.626984,89.863169,133.559185,120.925186,125.603975,124.975582,138.870168,102.588352,129.938489,102.840604,120.394462,108.884974,96.594299,91.641511,113.348856,92.676067,101.603329,91.060638,141.870969,93.715319,116.078956,118.133365,119.726319,101.528135,98.66548,111.789223,108.187759,101.803755,92.291931,80.470035,95.259914,78.760907,84.584053,88.125137,4.186468,-25.401992,2559 = 100,สำนักงานเศรษฐกิจอุตสาหกรรม (สศอ.) กระทรวงอุตสาหกรรม,Shipment.xlsx
312,4,PRODUCT_ITEM,21,การผลิตเภสัชภัณฑ์  เคมีภัณฑ์ที่ใช้รักษาโรค  และผลิตภัณฑ์จากพืชและสัตว์ที่ใช้รักษาโรค,2100,การผลิตเภสัชภัณฑ์  เคมีภัณฑ์ที่ใช้รักษาโรค  และผลิตภัณฑ์จากพืชและสัตว์ที่ใช้รักษาโรค,21001,การผลิตเภสัชภัณฑ์และเคมีภัณฑ์ที่ใช้รักษาโรค,21001-060,ยาผง,0.06836,125.640326,112.454792,117.94145,106.704966,87.33559,91.787749,94.796604,86.820819,56.363469,62.311485,123.101256,134.741494,126.308468,77.120317,107.80473,70.928071,99.172773,72.885333,63.006897,49.47811,39.983579,97.573081,54.364716,71.728995,62.193165,71.425413,61.280529,25.357446,39.524999,115.242234,60.105923,71.004924,76.567622,68.840615,56.036185,52.499127,55.251949,52.982487,61.205951,49.176683,52.778743,53.305342,73.066764,81.194963,64.484462,35.297557,51.379276,58.346995,46.599019,58.701333,53.752813,45.382682,53.778909,62.526984,57.4159,62.408712,38.705186,59.981977,45.793858,65.752656,46.645945,42.480799,57.421431,49.215852,54.23907,58.223455,7.345969,-6.882675,2559 = 100,สำนักงานเศรษฐกิจอุตสาหกรรม (สศอ.) กระทรวงอุตสาหกรรม,Shipment.xlsx
313,1,DIVISION_2DIGIT,22,การผลิตผลิตภัณฑ์ยางและพลาสติก,,,,,,การผลิตผลิตภัณฑ์ยางและพลาสติก,8.790871,97.187474,99.082609,114.634681,93.631197,100.607049,96.401954,94.911064,96.206775,100.213352,102.396,102.330001,102.397844,105.205417,103.425847,111.486535,95.78991,104.754875,107.439936,103.21827,106.536052,101.218122,99.354723,102.438109,98.453234,100.509503,104.7779,112.838956,92.526063,106.585895,97.842298,97.400173,99.112228,94.217179,100.144409,102.834962,99.228303,99.316014,105.082637,110.716108,94.010446,98.134202,95.572837,105.907461,105.624043,99.096011,107.411496,107.673685,103.313752,102.786748,105.684972,112.593793,96.237066,105.232854,101.795497,101.833171,97.904062,99.835979,103.725646,100.821844,99.834038,99.708758,100.455496,117.578738,98.841418,104.35365,100.740891,-3.462033,-1.036004,2559 = 100,สำนักงานเศรษฐกิจอุตสาหกรรม (สศอ.) กระทรวงอุตสาหกรรม,Shipment.xlsx
314,2,GROUP_4DIGIT,22,การผลิตผลิตภัณฑ์ยางและพลาสติก,2211,การผลิตยางนอกและยางใน  การหล่อดอกยางและการซ่อมสร้างยาง,,,,การผลิตยางนอกและยางใน  การหล่อดอกยางและการซ่อมสร้างยาง,1.632147,116.220423,96.94672,115.778615,91.08644,100.26789,104.613161,91.688867,88.712084,97.029701,100.170336,98.017699,99.468064,100.737336,103.233016,109.730952,91.261086,108.831736,107.073125,101.411788,97.161935,91.770375,84.363949,84.83365,83.873268,83.901991,91.302182,104.208012,87.150981,101.846052,98.096955,101.57298,105.049217,98.526604,95.095592,99.928992,93.197588,93.31899,94.479096,106.469791,90.700407,94.246241,91.97855,99.259378,102.604071,98.227164,101.164962,95.842764,89.308257,93.166567,99.22215,108.322489,88.934004,104.972339,103.028176,101.366916,100.968377,96.677033,95.462022,94.209719,92.854865,92.993551,98.198283,111.053961,91.355521,108.96392,105.40079,-3.270009,2.302879,2559 = 100,สำนักงานเศรษฐกิจอุตสาหกรรม (สศอ.) กระทรวงอุตสาหกรรม,Shipment.xlsx
315,3,CLASS_5DIGIT,22,การผลิตผลิตภัณฑ์ยางและพลาสติก,2211,การผลิตยางนอกและยางใน  การหล่อดอกยางและการซ่อมสร้างยาง,22111,การผลิตยางนอกและยางใน,,การผลิตยางนอกและยางใน,1.6029,116.453274,96.855031,115.896315,91.28025,100.34064,104.662912,91.471356,88.740199,96.911178,100.186187,97.901702,99.300956,100.813009,103.285359,109.835263,91.499293,109.254071,107.214868,101.362093,97.217899,91.272666,83.984564,84.443674,83.6396,83.681227,90.995212,103.877026,87.022709,101.647823,97.831505,101.416875,104.840053,98.191826,94.789986,99.489948,93.164285,93.033728,94.133009,106.135029,90.710844,93.787501,91.655267,99.000557,102.455363,97.983538,101.042668,95.384115,88.913885,92.903091,99.014128,108.057263,88.623967,104.784526,102.872708,101.363152,100.792091,96.489179,95.2102,93.707266,92.61538,92.692389,97.897962,110.830416,91.059525,108.734496,105.279265,-3.177677,2.339354,2559 = 100,สำนักงานเศรษฐกิจอุตสาหกรรม (สศอ.) กระทรวงอุตสาหกรรม,Shipment.xlsx
316,4,PRODUCT_ITEM,22,การผลิตผลิตภัณฑ์ยางและพลาสติก,2211,การผลิตยางนอกและยางใน  การหล่อดอกยางและการซ่อมสร้างยาง,22111,การผลิตยางนอกและยางใน,22111-010,ยางนอกรถยนต์นั่ง,0.61808,100.299319,99.378666,119.51302,91.101777,102.835765,106.975035,95.785771,95.443426,95.808211,96.941997,98.761276,97.155737,101.823763,107.490562,111.48211,94.16194,110.935974,104.549532,99.236896,97.312018,92.490687,88.35335,93.919481,92.984446,95.645109,108.174492,123.613296,107.822871,121.499116,111.308255,120.623887,130.460869,117.129379,113.684553,117.46273,109.376533,113.396366,114.073018,133.255024,115.257137,114.698923,116.221608,125.163135,130.131145,125.03553,124.290491,118.814036,105.303456,116.703332,120.773325,134.145677,113.422282,127.038266,121.012982,124.974464,125.250465,113.890451,113.88602,118.372109,119.077415,116.840953,120.487636,139.522985,116.252238,137.732164,128.871731,-6.433089,6.494137,2559 = 100,สำนักงานเศรษฐกิจอุตสาหกรรม (สศอ.) กระทรวงอุตสาหกรรม,Shipment.xlsx
317,4,PRODUCT_ITEM,22,การผลิตผลิตภัณฑ์ยางและพลาสติก,2211,การผลิตยางนอกและยางใน  การหล่อดอกยางและการซ่อมสร้างยาง,22111,การผลิตยางนอกและยางใน,22111-020,ยางนอกรถกระบะ,0.222918,120.726089,92.583828,120.68711,96.016723,103.065964,104.710838,84.849352,90.489291,101.739123,102.160142,90.404837,92.566701,87.585937,97.075065,103.506546,80.346525,103.239893,103.429843,91.725107,81.456987,77.128755,71.992517,67.828765,74.47655,70.05899,79.069959,88.993615,74.073323,91.254626,87.448551,94.779652,86.152716,86.754826,89.953624,90.494385,88.335326,87.273588,94.351694,94.911207,80.352874,90.320677,85.271626,88.473746,97.631182,90.493278,99.649975,98.317524,100.241085,86.670371,100.181656,105.462368,81.071552,105.98364,111.425804,99.193521,102.964234,98.951452,90.130802,90.602833,87.529831,90.750481,98.44679,104.796401,84.909666,108.947086,102.269254,-6.129427,-8.217621,2559 = 100,สำนักงานเศรษฐกิจอุตสาหกรรม (สศอ.) กระทรวงอุตสาหกรรม,Shipment.xlsx
318,4,PRODUCT_ITEM,22,การผลิตผลิตภัณฑ์ยางและพลาสติก,2211,การผลิตยางนอกและยางใน  การหล่อดอกยางและการซ่อมสร้างยาง,22111,การผลิตยางนอกและยางใน,22111-030,ยางนอกรถบรรทุกและรถโดยสาร,0.536236,113.413048,97.193232,111.69603,91.389305,95.807644,104.705012,92.187498,88.520286,97.625975,103.738379,100.091149,103.632443,106.457369,106.710195,113.337498,98.452076,117.653783,117.772929,113.375893,108.623727,102.478048,90.635534,86.802112,84.298213,78.707314,84.171965,97.091342,79.819268,94.684461,96.372415,96.031984,97.045186,93.899314,87.937929,95.872296,88.286534,82.490947,82.280479,92.323819,77.019855,77.045947,72.804304,81.285277,82.606295,80.429864,83.467901,74.79347,72.089837,75.617176,83.536268,91.006516,72.867965,89.038819,88.420791,86.082525,84.922681,86.855864,85.622286,75.856543,74.711644,74.990892,83.8478,92.252231,74.482515,88.688975,88.923552,0.264495,0.568601,2559 = 100,สำนักงานเศรษฐกิจอุตสาหกรรม (สศอ.) กระทรวงอุตสาหกรรม,Shipment.xlsx
319,4,PRODUCT_ITEM,22,การผลิตผลิตภัณฑ์ยางและพลาสติก,2211,การผลิตยางนอกและยางใน  การหล่อดอกยางและการซ่อมสร้างยาง,22111,การผลิตยางนอกและยางใน,22111-040,ยางนอกรถจักรยานยนต์,0.086316,106.719364,98.722807,120.030336,91.33817,108.989053,96.981538,82.259258,78.698035,98.515804,101.612728,109.109837,107.023071,94.898811,96.75799,107.018217,81.016154,93.886362,102.335528,97.891262,97.727679,85.782692,88.763375,86.894642,87.132249,80.889739,88.20373,96.401386,75.798638,96.966702,98.423488,87.658338,90.917679,88.829671,81.70804,86.862368,89.270163,91.929041,88.119143,93.43884,84.433796,95.976118,92.227971,97.494345,94.5979,90.49478,100.180448,94.412646,89.001448,91.589409,93.27382,95.427464,82.176029,101.503129,100.347953,89.792214,86.541223,92.033824,91.696211,88.01634,84.988276,84.459739,88.841205,101.636224,89.835168,96.576892,101.166526,4.752311,0.815735,2559 = 100,สำนักงานเศรษฐกิจอุตสาหกรรม (สศอ.) กระทรวงอุตสาหกรรม,Shipment.xlsx
320,4,PRODUCT_ITEM,22,การผลิตผลิตภัณฑ์ยางและพลาสติก,2211,การผลิตยางนอกและยางใน  การหล่อดอกยางและการซ่อมสร้างยาง,22111,การผลิตยางนอกและยางใน,22111-050,ยางนอกรถจักรยาน,0.034089,117.999341,100.707647,108.659695,88.609597,108.542808,94.603649,96.539035,74.17679,92.857401,105.363509,107.501954,104.438573,118.081907,90.234615,105.550785,90.333701,96.322247,88.543668,83.938261,74.229494,56.252494,50.517384,56.774026,45.406733,60.278856,49.986738,57.914393,33.645964,43.681969,42.605049,32.69295,37.90835,31.031245,27.164158,38.876721,36.911086,37.215792,37.524143,47.87672,44.54311,51.690444,44.047678,51.729846,49.535711,40.737026,53.638084,54.727454,54.40169,53.918784,43.802541,57.352101,43.343446,50.475268,52.547474,50.196895,42.956253,45.554296,51.078861,44.425602,52.751697,44.135285,43.809599,45.406655,38.737806,52.326381,53.817991,2.850589,2.417847,2559 = 100,สำนักงานเศรษฐกิจอุตสาหกรรม (สศอ.) กระทรวงอุตสาหกรรม,Shipment.xlsx
321,4,PRODUCT_ITEM,22,การผลิตผลิตภัณฑ์ยางและพลาสติก,2211,การผลิตยางนอกและยางใน  การหล่อดอกยางและการซ่อมสร้างยาง,22111,การผลิตยางนอกและยางใน,22111-060,ยางนอกรถแทรกเตอร์,0.018981,206.703815,93.316188,112.082951,84.088747,94.537587,102.757537,74.82375,71.306513,89.24377,98.445084,68.00645,104.687608,90.809708,91.007287,101.268344,83.505807,105.530178,99.223971,91.017084,99.934276,78.496112,68.822893,72.268283,72.122956,98.004205,78.927194,93.561121,67.549242,68.64001,64.80436,60.211051,64.183863,71.025657,76.423979,71.944972,67.681506,73.370481,70.03776,82.695895,70.041026,95.936971,86.340498,72.082134,70.717041,70.622334,84.405527,88.09585,85.264426,81.673708,75.099708,88.36691,65.042761,85.341171,76.084339,78.334456,53.584798,51.257935,58.284245,67.490458,52.872859,81.554508,75.638561,83.990774,66.791582,73.731349,92.535668,25.503831,21.622492,2559 = 100,สำนักงานเศรษฐกิจอุตสาหกรรม (สศอ.) กระทรวงอุตสาหกรรม,Shipment.xlsx
322,4,PRODUCT_ITEM,22,การผลิตผลิตภัณฑ์ยางและพลาสติก,2211,การผลิตยางนอกและยางใน  การหล่อดอกยางและการซ่อมสร้างยาง,22111,การผลิตยางนอกและยางใน,22111-070,ยางนอกอื่น ๆ,0.049254,308.3226,75.547396,92.299627,76.660874,83.84206,90.719207,80.869884,45.60541,85.910827,89.730175,82.864638,87.627303,96.97703,80.328202,99.015322,64.195659,72.327418,71.69721,72.602432,67.06153,71.639522,46.843696,49.27419,41.148235,75.226668,58.670721,66.704157,49.964988,61.68462,61.072915,63.573795,67.367745,58.979838,58.332577,53.865969,44.753522,47.896221,51.675296,60.643705,49.244076,66.56266,65.636395,64.816797,72.996811,72.082881,67.165657,63.029936,55.204392,62.239363,66.913501,67.032505,49.666392,66.892458,68.417367,68.148522,64.429311,53.550683,64.976072,71.468999,60.43037,74.816688,56.013105,79.239759,53.564107,70.77167,73.5472,3.92181,7.497852,2559 = 100,สำนักงานเศรษฐกิจอุตสาหกรรม (สศอ.) กระทรวงอุตสาหกรรม,Shipment.xlsx
323,4,PRODUCT_ITEM,22,การผลิตผลิตภัณฑ์ยางและพลาสติก,2211,การผลิตยางนอกและยางใน  การหล่อดอกยางและการซ่อมสร้างยาง,22111,การผลิตยางนอกและยางใน,22111-080,ยางในรถบรรทุกและรถโดยสาร,0.005787,117.07898,113.551437,128.69597,89.086115,98.786858,99.230273,88.118513,86.109957,98.464599,93.596919,85.922041,101.358337,79.621091,81.198595,91.311434,70.017603,79.446363,99.967925,68.666752,75.936952,76.69933,57.597851,65.884279,59.943502,61.722933,56.007984,59.138266,44.743748,57.179161,56.352496,54.689276,55.066756,56.092875,43.15553,50.251001,40.065633,40.399431,54.182398,60.542689,37.730697,47.175115,43.535483,44.601987,48.340523,41.353846,50.860903,49.730936,43.186025,41.878856,44.766826,46.258614,38.568076,35.445211,30.321208,39.108746,34.393542,38.491426,33.456436,38.672748,28.242595,30.502531,32.837467,41.08928,29.721196,36.159786,30.656655,-15.218927,1.106309,2559 = 100,สำนักงานเศรษฐกิจอุตสาหกรรม (สศอ.) กระทรวงอุตสาหกรรม,Shipment.xlsx
324,4,PRODUCT_ITEM,22,การผลิตผลิตภัณฑ์ยางและพลาสติก,2211,การผลิตยางนอกและยางใน  การหล่อดอกยางและการซ่อมสร้างยาง,22111,การผลิตยางนอกและยางใน,22111-090,ยางในรถจักรยานยนต์,0.021535,131.346354,98.086793,117.41965,92.458699,110.530747,114.117768,84.427185,69.00372,91.098139,101.906386,96.471794,93.132767,90.505588,86.942252,99.456566,78.786011,99.368097,100.694196,98.481933,93.551825,82.482293,74.941148,73.77876,71.8614,79.825934,80.899304,89.095733,71.995592,83.472519,90.009724,81.03918,84.291936,77.103672,74.611108,79.966402,73.486499,79.449092,77.293414,87.230456,74.155137,93.917764,93.675918,106.20312,101.513802,84.330518,91.113077,85.098548,83.36178,84.216103,87.412401,89.270514,87.934676,88.094836,84.573442,90.012978,86.96841,88.555709,77.105511,74.176689,66.53873,55.477396,71.289196,89.859135,73.684206,70.89488,88.523487,24.865838,4.67055,2559 = 100,สำนักงานเศรษฐกิจอุตสาหกรรม (สศอ.) กระทรวงอุตสาหกรรม,Shipment.xlsx
325,4,PRODUCT_ITEM,22,การผลิตผลิตภัณฑ์ยางและพลาสติก,2211,การผลิตยางนอกและยางใน  การหล่อดอกยางและการซ่อมสร้างยาง,22111,การผลิตยางนอกและยางใน,22111-100,ยางในรถจักรยาน,0.009702,112.523309,87.778214,112.451336,83.644636,96.966506,114.391027,97.362778,72.650415,99.530909,90.893735,106.080458,125.726677,94.872342,82.732406,102.655555,86.485128,92.669735,104.187202,78.404835,67.795923,44.090809,42.702361,44.699481,44.235783,53.025654,47.606558,59.967147,29.798004,40.307318,40.595864,37.649546,36.941027,35.188073,31.529655,44.678335,44.161069,45.978086,50.199924,63.269842,59.02016,56.531219,44.086324,75.438336,49.105037,33.774306,54.114531,53.475555,52.766476,51.306771,54.384422,63.96472,44.948662,58.63074,59.976988,50.317336,47.091971,41.069123,41.157136,44.50393,58.562317,53.36104,47.421066,61.106912,51.365166,59.290363,60.573794,2.164655,0.995059,2559 = 100,สำนักงานเศรษฐกิจอุตสาหกรรม (สศอ.) กระทรวงอุตสาหกรรม,Shipment.xlsx
326,3,CLASS_5DIGIT,22,การผลิตผลิตภัณฑ์ยางและพลาสติก,2211,การผลิตยางนอกและยางใน  การหล่อดอกยางและการซ่อมสร้างยาง,22112,การหล่อดอกยางและการซ่อมสร้างยาง,,การหล่อดอกยางและการซ่อมสร้างยาง,0.029247,103.458676,101.971854,109.327913,80.464412,96.28072,101.886469,103.609879,87.1712,103.525533,99.301591,104.37507,108.626681,96.589989,100.364303,104.014016,78.205769,85.685013,99.30473,104.135402,94.094732,119.048024,105.156687,106.206874,96.679765,96.001238,108.12612,122.348176,94.181135,112.710272,112.6453,110.128591,116.51274,116.874603,111.844758,123.991451,95.022816,108.953199,113.446912,124.816931,90.128376,119.388141,109.696549,113.44443,110.754254,111.579441,107.867445,120.979697,110.922356,107.606764,110.623067,122.858621,105.926023,115.26575,111.54879,101.573233,110.629998,106.972647,109.263517,121.747417,105.980226,109.499206,114.657799,123.30568,107.577974,121.537863,112.061148,-7.797335,0.459313,2559 = 100,สำนักงานเศรษฐกิจอุตสาหกรรม (สศอ.) กระทรวงอุตสาหกรรม,Shipment.xlsx
327,4,PRODUCT_ITEM,22,การผลิตผลิตภัณฑ์ยางและพลาสติก,2211,การผลิตยางนอกและยางใน  การหล่อดอกยางและการซ่อมสร้างยาง,22112,การหล่อดอกยางและการซ่อมสร้างยาง,22112-010,ยางรอง,0.005301,140.300836,109.88703,120.31644,81.482337,90.698415,90.002809,97.936275,91.02328,82.395144,68.64218,69.207652,158.107602,81.73605,81.745413,111.918612,69.231994,77.64761,95.383223,64.527525,86.859006,75.719011,67.748096,68.294845,91.605605,60.439084,58.175321,76.400574,69.636437,79.756897,52.709712,43.932718,64.950693,43.33635,37.97466,40.903133,44.932593,39.96692,62.588628,52.977468,35.980527,45.589814,52.357696,42.532143,42.382349,45.15073,49.717576,46.219885,37.748096,37.366122,46.590625,49.659531,38.517663,44.149919,37.985894,39.444514,54.56903,25.997691,36.501997,35.973973,30.176944,33.954562,31.071964,41.94701,35.143553,34.992822,31.71795,-9.358697,-16.500715,2559 = 100,สำนักงานเศรษฐกิจอุตสาหกรรม (สศอ.) กระทรวงอุตสาหกรรม,Shipment.xlsx
328,4,PRODUCT_ITEM,22,การผลิตผลิตภัณฑ์ยางและพลาสติก,2211,การผลิตยางนอกและยางใน  การหล่อดอกยางและการซ่อมสร้างยาง,22112,การหล่อดอกยางและการซ่อมสร้างยาง,22112-020,ยางหล่อดอก,0.023945,95.301771,100.219423,106.895038,80.239042,97.51665,104.517528,104.866023,86.318344,108.203831,106.089628,112.161185,97.671537,99.878672,104.486551,102.263927,80.192576,87.464505,100.172957,112.904641,95.696732,128.641128,113.439,114.600651,97.803191,103.874748,119.185296,132.521039,99.615365,120.006195,125.915122,124.784449,127.928649,133.156074,128.199701,142.38732,106.112861,124.226857,124.707006,140.722288,102.116785,135.727193,122.39145,129.144509,125.891889,126.28685,120.741907,137.531623,127.123238,123.158139,124.799938,139.065001,120.850328,131.010894,127.835717,115.328618,123.041974,124.900614,125.373019,140.737777,122.763178,126.224895,133.163818,141.318602,123.615055,140.699055,129.849244,-7.711361,1.575089,2559 = 100,สำนักงานเศรษฐกิจอุตสาหกรรม (สศอ.) กระทรวงอุตสาหกรรม,Shipment.xlsx
329,2,GROUP_4DIGIT,22,การผลิตผลิตภัณฑ์ยางและพลาสติก,2219,การผลิตผลิตภัณฑ์ยางอื่นๆ,,,,การผลิตผลิตภัณฑ์ยางอื่นๆ,4.529916,90.600744,100.713178,113.716562,91.172466,101.428817,90.464498,96.70029,99.737155,102.317746,101.945143,104.487565,106.715836,110.337482,104.259629,110.85291,97.568588,103.855626,109.087894,106.518946,111.4396,106.083305,107.286842,110.899035,107.964993,110.618972,114.836415,121.146375,98.452085,111.81182,99.222652,97.596578,98.542279,93.534798,105.513934,107.218247,103.751346,101.573294,111.719294,114.615816,93.708911,95.480771,95.599663,111.262501,109.314381,103.33933,114.57596,117.337844,115.259281,110.784843,113.479675,118.973787,102.420606,109.876881,105.612784,106.02404,100.396114,105.076997,112.5359,108.988992,107.264406,104.610436,105.436565,124.014867,104.206002,107.943185,102.497844,-5.044636,-2.949397,2559 = 100,สำนักงานเศรษฐกิจอุตสาหกรรม (สศอ.) กระทรวงอุตสาหกรรม,Shipment.xlsx
330,3,CLASS_5DIGIT,22,การผลิตผลิตภัณฑ์ยางและพลาสติก,2219,การผลิตผลิตภัณฑ์ยางอื่นๆ,22191,การผลิตยางแผ่น  แท่ง  ก้อน  และรูปทรงต่างๆ,,การผลิตยางแผ่น  แท่ง  ก้อน  และรูปทรงต่างๆ,2.564074,86.407041,97.777519,111.409152,91.086135,107.911518,90.887187,101.061365,95.993971,105.763063,102.08384,103.223055,106.396153,115.986404,106.764721,109.271791,98.355414,106.310872,113.673856,115.615712,119.849842,113.367525,114.022459,119.604304,118.510962,119.670169,126.316348,130.88448,110.371048,118.017136,104.063437,97.426852,95.017569,90.477684,107.03446,111.366581,107.386123,98.634804,112.501937,115.941658,93.588059,94.628937,89.93994,108.686083,111.302148,99.469592,113.138213,119.333713,118.330744,110.512082,121.018815,128.30554,104.818661,115.468196,100.90133,97.325691,92.918822,97.637702,114.687362,111.699628,112.009929,106.573166,103.552771,123.14504,103.665489,108.479021,105.149818,-3.068983,4.210537,2559 = 100,สำนักงานเศรษฐกิจอุตสาหกรรม (สศอ.) กระทรวงอุตสาหกรรม,Shipment.xlsx
331,4,PRODUCT_ITEM,22,การผลิตผลิตภัณฑ์ยางและพลาสติก,2219,การผลิตผลิตภัณฑ์ยางอื่นๆ,22191,การผลิตยางแผ่น  แท่ง  ก้อน  และรูปทรงต่างๆ,22191-010,ยางแผ่น,0.336968,78.266174,90.93066,112.83016,74.878783,148.09508,89.602575,86.292419,97.483162,150.058366,94.34643,78.796807,98.419384,93.774286,89.859067,95.717062,70.073472,69.45667,81.961522,74.873868,83.748369,81.036221,83.213755,94.332293,81.955043,83.885367,88.940891,83.220534,66.94197,68.516674,70.902293,79.067674,87.564915,84.941902,74.569081,83.261924,74.1933,77.143823,82.444052,80.024818,59.418604,63.648941,53.292421,63.576135,76.445613,85.654786,72.452668,78.905931,79.949615,78.625749,88.889255,88.154734,85.973729,65.31184,79.171499,65.943043,78.851465,100.920745,105.308245,79.247135,94.349003,93.691395,84.422242,80.123006,62.620982,67.80054,60.432345,-10.867457,-23.669066,2559 = 100,สำนักงานเศรษฐกิจอุตสาหกรรม (สศอ.) กระทรวงอุตสาหกรรม,Shipment.xlsx
332,4,PRODUCT_ITEM,22,การผลิตผลิตภัณฑ์ยางและพลาสติก,2219,การผลิตผลิตภัณฑ์ยางอื่นๆ,22191,การผลิตยางแผ่น  แท่ง  ก้อน  และรูปทรงต่างๆ,22191-020,ยางแท่ง,1.778934,85.688826,98.161961,111.533868,94.023775,104.560748,92.630706,98.597442,94.368518,101.541399,102.870755,109.009579,107.012423,118.822122,103.312796,107.364646,103.893469,109.359305,113.198456,114.893375,120.959498,120.179639,111.23358,118.09946,115.07733,120.596285,122.430646,127.519604,109.621543,117.542253,102.533364,103.055152,98.634342,94.202803,116.404496,115.768368,109.475073,102.502982,121.910571,120.87334,99.639896,106.500414,102.226531,115.207352,120.661264,108.436309,120.265346,119.082218,126.240957,113.852732,124.302682,125.765541,105.416992,115.848214,98.628227,95.611284,92.839678,95.164092,110.325775,109.875949,110.159972,103.603719,103.424774,116.551937,107.467878,112.501609,106.899651,-4.979447,8.386467,2559 = 100,สำนักงานเศรษฐกิจอุตสาหกรรม (สศอ.) กระทรวงอุตสาหกรรม,Shipment.xlsx
333,4,PRODUCT_ITEM,22,การผลิตผลิตภัณฑ์ยางและพลาสติก,2219,การผลิตผลิตภัณฑ์ยางอื่นๆ,22191,การผลิตยางแผ่น  แท่ง  ก้อน  และรูปทรงต่างๆ,22191-030,ยางผสม,0.448172,95.378763,101.399521,109.845693,91.611599,90.998822,84.932476,121.945831,101.326223,89.215712,104.777881,98.619973,109.947505,121.431252,133.177416,127.033293,97.637571,121.920381,139.404534,149.115612,142.589014,110.637152,148.256645,144.578862,159.625555,142.899767,169.84154,180.077991,145.999249,157.120183,135.069763,88.890138,86.264916,79.853725,94.2517,115.025649,124.051231,99.439287,97.755837,123.371181,95.257522,70.800346,68.724893,116.718087,100.360576,74.264857,115.438768,150.728558,115.79037,121.226482,132.141478,168.575923,116.612703,151.671022,126.262077,127.726494,103.809845,104.987805,139.051786,143.338556,132.631777,128.045299,118.444569,181.662274,119.432888,123.097178,131.826067,7.091056,4.4067,2559 = 100,สำนักงานเศรษฐกิจอุตสาหกรรม (สศอ.) กระทรวงอุตสาหกรรม,Shipment.xlsx
334,3,CLASS_5DIGIT,22,การผลิตผลิตภัณฑ์ยางและพลาสติก,2219,การผลิตผลิตภัณฑ์ยางอื่นๆ,22192,การผลิตน้ำยางข้น,,การผลิตน้ำยางข้น,0.366395,101.194312,117.455893,116.188625,92.410907,83.521731,81.9978,77.120058,105.916353,102.625194,113.280541,108.057162,100.231424,103.062081,102.632955,97.859877,85.906168,83.76425,92.149617,84.706269,84.520046,94.35964,93.554657,88.914472,81.489567,94.07911,91.781637,88.232361,59.44168,64.925692,64.647612,76.142906,80.553102,78.78767,84.652649,83.38916,80.856923,86.885648,96.958632,84.763193,58.257546,67.391946,61.452772,71.947008,73.019779,72.29443,74.360365,83.670356,79.474788,83.413683,95.581928,78.966204,60.569193,61.685124,61.286244,69.898229,76.932486,80.875323,74.887734,69.500256,74.671819,77.233293,82.693048,78.160601,59.19153,55.132702,53.084681,-3.714712,-13.382388,2559 = 100,สำนักงานเศรษฐกิจอุตสาหกรรม (สศอ.) กระทรวงอุตสาหกรรม,Shipment.xlsx
335,4,PRODUCT_ITEM,22,การผลิตผลิตภัณฑ์ยางและพลาสติก,2219,การผลิตผลิตภัณฑ์ยางอื่นๆ,22192,การผลิตน้ำยางข้น,22192-010,น้ำยางข้น,0.366395,101.194312,117.455893,116.188625,92.410907,83.521731,81.9978,77.120058,105.916353,102.625194,113.280541,108.057162,100.231424,103.062081,102.632955,97.859877,85.906168,83.76425,92.149617,84.706269,84.520046,94.35964,93.554657,88.914472,81.489567,94.07911,91.781637,88.232361,59.44168,64.925692,64.647612,76.142906,80.553102,78.78767,84.652649,83.38916,80.856923,86.885648,96.958632,84.763193,58.257546,67.391946,61.452772,71.947008,73.019779,72.29443,74.360365,83.670356,79.474788,83.413683,95.581928,78.966204,60.569193,61.685124,61.286244,69.898229,76.932486,80.875323,74.887734,69.500256,74.671819,77.233293,82.693048,78.160601,59.19153,55.132702,53.084681,-3.714712,-13.382388,2559 = 100,สำนักงานเศรษฐกิจอุตสาหกรรม (สศอ.) กระทรวงอุตสาหกรรม,Shipment.xlsx
336,3,CLASS_5DIGIT,22,การผลิตผลิตภัณฑ์ยางและพลาสติก,2219,การผลิตผลิตภัณฑ์ยางอื่นๆ,22193,การผลิตสิ่งของเครื่องใช้ด้านสุขอนามัยหรือเภสัชกรรมที่ทำจากยาง,,การผลิตสิ่งของเครื่องใช้ด้านสุขอนามัยหรือเภสัชกรรมที่ทำจากยาง,0.89132,88.502908,102.823298,122.645274,85.534445,92.334268,82.668872,88.228622,109.811612,96.817296,101.606494,107.968567,121.058344,104.153584,95.006382,121.514794,106.418267,106.792485,109.443883,95.814677,102.252748,87.436677,96.381758,92.915153,95.726805,94.46998,101.646646,121.332222,93.298046,117.627746,97.186612,105.152318,109.741849,99.663671,114.031746,107.328704,114.909003,116.48363,130.943248,141.433543,113.383118,109.390896,128.492688,140.174361,121.732467,130.596455,144.21974,135.12047,137.310089,130.658323,111.533528,123.607044,117.87774,118.615675,140.554865,146.215038,133.686207,138.906752,129.212175,127.763386,113.433213,116.56742,123.586067,157.839213,128.243869,128.595375,111.415967,-13.359273,-20.731333,2559 = 100,สำนักงานเศรษฐกิจอุตสาหกรรม (สศอ.) กระทรวงอุตสาหกรรม,Shipment.xlsx
337,4,PRODUCT_ITEM,22,การผลิตผลิตภัณฑ์ยางและพลาสติก,2219,การผลิตผลิตภัณฑ์ยางอื่นๆ,22193,การผลิตสิ่งของเครื่องใช้ด้านสุขอนามัยหรือเภสัชกรรมที่ทำจากยาง,22193-010,ถุงมือยางทางการแพทย์,0.816708,89.673396,103.550229,122.645147,85.882949,90.27228,81.93932,85.655078,110.332804,97.320886,102.798905,107.178204,122.750802,103.687656,92.859177,122.33092,107.140439,105.455006,109.64603,94.509018,101.195484,83.227829,95.260812,91.053129,97.292941,94.832382,102.52183,120.672765,94.610065,117.025741,96.35353,105.87986,108.441804,97.95182,115.004543,106.486135,114.841959,118.764624,133.879892,142.38523,114.325691,109.38252,128.082036,141.580161,121.793955,129.963984,146.651571,136.838845,139.303502,133.862961,112.605086,121.818925,117.924214,119.505719,141.59669,148.7558,134.199676,140.439424,130.033913,129.718474,114.307995,120.622366,125.546186,160.767303,131.939427,130.42689,111.346753,-14.628991,-21.363449,2559 = 100,สำนักงานเศรษฐกิจอุตสาหกรรม (สศอ.) กระทรวงอุตสาหกรรม,Shipment.xlsx
338,4,PRODUCT_ITEM,22,การผลิตผลิตภัณฑ์ยางและพลาสติก,2219,การผลิตผลิตภัณฑ์ยางอื่นๆ,22193,การผลิตสิ่งของเครื่องใช้ด้านสุขอนามัยหรือเภสัชกรรมที่ทำจากยาง,22193-020,ถุงยางอนามัย,0.074612,75.690736,94.866308,122.646657,81.719727,114.90479,90.654558,116.398638,104.106641,91.304998,88.554368,116.619882,102.532697,109.253638,118.509693,112.581471,98.513367,121.432523,107.231178,110.106428,113.825568,133.506737,108.651629,113.296873,78.583873,90.503128,92.066889,128.550635,78.936685,124.217298,106.305528,97.18865,123.972142,118.401594,103.383509,116.551472,115.64287,91.515871,98.798735,131.016376,103.065709,109.482574,132.98769,124.786471,121.059412,137.519484,117.600908,116.311132,115.490184,95.580354,99.804247,143.179799,117.369034,108.87326,129.151046,118.403857,128.065774,122.130121,120.21743,106.362987,103.857844,72.181978,102.130604,125.788338,87.792283,108.547603,112.173594,3.340461,-13.145423,2559 = 100,สำนักงานเศรษฐกิจอุตสาหกรรม (สศอ.) กระทรวงอุตสาหกรรม,Shipment.xlsx
339,3,CLASS_5DIGIT,22,การผลิตผลิตภัณฑ์ยางและพลาสติก,2219,การผลิตผลิตภัณฑ์ยางอื่นๆ,22199,การผลิตผลิตภัณฑ์ยางอื่นๆ  ซึ่งมิได้จัดประเภทไว้ในที่อื่น,,การผลิตผลิตภัณฑ์ยางอื่นๆ  ซึ่งมิได้จัดประเภทไว้ในที่อื่น,0.708126,102.94513,100.02406,109.553855,97.940867,98.66813,103.127135,101.703547,97.413009,96.606852,96.004094,102.837758,93.175562,101.431222,107.677618,109.880667,89.614736,101.664287,100.798472,98.33988,106.478786,109.244217,103.729138,113.389358,98.881793,106.729972,101.79926,102.681644,81.966308,106.281842,102.146899,99.80115,106.515925,104.520333,100.080745,104.387903,88.391808,101.04527,92.325538,91.505666,87.72557,95.590043,92.358666,104.542484,105.265484,99.105828,103.277352,105.147941,94.897729,100.919912,97.891157,100.05277,95.935997,103.566682,101.626112,105.623633,97.708938,101.954842,103.234834,95.974623,99.180379,96.618565,101.180638,108.315299,99.197758,107.332882,107.237035,-0.089299,5.521142,2559 = 100,สำนักงานเศรษฐกิจอุตสาหกรรม (สศอ.) กระทรวงอุตสาหกรรม,Shipment.xlsx
340,4,PRODUCT_ITEM,22,การผลิตผลิตภัณฑ์ยางและพลาสติก,2219,การผลิตผลิตภัณฑ์ยางอื่นๆ,22199,การผลิตผลิตภัณฑ์ยางอื่นๆ  ซึ่งมิได้จัดประเภทไว้ในที่อื่น,22199-010,ยางรัดของ,0.047946,90.279457,83.916528,108.573534,91.802637,81.256434,105.345536,80.660381,103.322022,100.51905,118.085543,116.883195,119.355683,100.19387,115.680037,115.378216,94.187363,121.780936,104.60911,121.144946,127.807486,117.370044,104.024847,129.260295,102.513604,105.871807,105.882197,113.738316,70.517392,110.944628,89.467723,94.731393,73.036081,98.679385,70.937407,91.761299,91.705518,79.018418,90.339438,95.909424,71.825554,88.948305,60.592516,91.091486,87.24415,77.919674,82.692,90.221539,84.256076,65.586639,88.152193,89.43427,88.519227,87.850887,90.621954,92.117354,72.110132,88.976822,76.37343,74.517996,96.754464,53.438411,86.672635,87.853098,72.437818,72.246969,77.597368,7.405708,-14.37244,2559 = 100,สำนักงานเศรษฐกิจอุตสาหกรรม (สศอ.) กระทรวงอุตสาหกรรม,Shipment.xlsx
341,4,PRODUCT_ITEM,22,การผลิตผลิตภัณฑ์ยางและพลาสติก,2219,การผลิตผลิตภัณฑ์ยางอื่นๆ,22199,การผลิตผลิตภัณฑ์ยางอื่นๆ  ซึ่งมิได้จัดประเภทไว้ในที่อื่น,22199-020,ชิ้นส่วนรถยนต์/รถจักรยานยนต์ ทำด้วยยาง,0.66018,103.864991,101.193891,109.625052,98.386664,99.932677,102.966021,103.231835,96.983859,96.322723,94.4004,101.81769,91.274196,101.521086,107.096431,109.4814,89.282643,100.203289,100.521719,96.683633,104.929762,108.654068,103.707661,112.23671,98.618028,106.792297,101.502731,101.878639,82.7978,105.943201,103.067741,100.169348,108.947442,104.94454,102.197318,105.304927,88.151145,102.644999,92.469781,91.185837,88.880329,96.072408,94.665724,105.51938,106.574307,100.6445,104.77239,106.23199,95.670593,103.486037,98.598462,100.823953,96.47465,104.708063,102.425304,106.604544,99.568085,102.897388,105.185678,97.532938,99.356564,99.75458,102.2343,109.801393,101.141234,109.881042,109.389654,-0.4472,6.799443,2559 = 100,สำนักงานเศรษฐกิจอุตสาหกรรม (สศอ.) กระทรวงอุตสาหกรรม,Shipment.xlsx
342,2,GROUP_4DIGIT,22,การผลิตผลิตภัณฑ์ยางและพลาสติก,2222,การผลิตบรรจุภัณฑ์พลาสติก,,,,การผลิตบรรจุภัณฑ์พลาสติก,1.947374,94.423488,94.830708,114.767582,99.731124,99.023225,102.816799,95.224295,94.173251,97.189112,106.60065,104.012272,97.207493,99.264556,101.186471,112.246075,96.676606,105.485306,105.636494,100.774785,104.08414,101.725439,96.211535,98.91737,90.214814,91.830069,92.737201,100.30177,84.91694,99.084465,94.379831,92.854887,94.671719,91.126278,93.835122,96.668708,93.484964,95.562584,96.09553,102.482612,93.472913,102.522401,93.119042,98.997406,99.619141,93.735926,101.526948,99.177643,93.039051,93.559916,96.020194,104.379375,89.740986,98.864634,96.680024,96.678813,93.179377,95.595172,95.029993,91.456009,91.326452,93.783627,91.08225,108.533302,93.542539,95.966771,95.397023,-0.593693,-1.327059,2559 = 100,สำนักงานเศรษฐกิจอุตสาหกรรม (สศอ.) กระทรวงอุตสาหกรรม,Shipment.xlsx
343,3,CLASS_5DIGIT,22,การผลิตผลิตภัณฑ์ยางและพลาสติก,2222,การผลิตบรรจุภัณฑ์พลาสติก,22220,การผลิตบรรจุภัณฑ์พลาสติก,,การผลิตบรรจุภัณฑ์พลาสติก,1.947374,94.423488,94.830708,114.767582,99.731124,99.023225,102.816799,95.224295,94.173251,97.189112,106.60065,104.012272,97.207493,99.264556,101.186471,112.246075,96.676606,105.485306,105.636494,100.774785,104.08414,101.725439,96.211535,98.91737,90.214814,91.830069,92.737201,100.30177,84.91694,99.084465,94.379831,92.854887,94.671719,91.126278,93.835122,96.668708,93.484964,95.562584,96.09553,102.482612,93.472913,102.522401,93.119042,98.997406,99.619141,93.735926,101.526948,99.177643,93.039051,93.559916,96.020194,104.379375,89.740986,98.864634,96.680024,96.678813,93.179377,95.595172,95.029993,91.456009,91.326452,93.783627,91.08225,108.533302,93.542539,95.966771,95.397023,-0.593693,-1.327059,2559 = 100,สำนักงานเศรษฐกิจอุตสาหกรรม (สศอ.) กระทรวงอุตสาหกรรม,Shipment.xlsx
344,4,PRODUCT_ITEM,22,การผลิตผลิตภัณฑ์ยางและพลาสติก,2222,การผลิตบรรจุภัณฑ์พลาสติก,22220,การผลิตบรรจุภัณฑ์พลาสติก,22220-010,กระสอบพลาสติก,0.302018,97.732813,95.754372,119.202049,106.562009,108.735012,106.040511,89.115761,85.656398,92.601652,97.881957,97.663115,103.054353,98.22317,106.286182,111.488572,91.251643,98.949347,98.548344,88.890139,93.9825,99.488866,79.852961,86.275234,84.75149,84.188607,94.122406,103.788874,74.667202,102.729863,89.441688,92.091709,85.090061,85.254236,75.739113,88.126227,82.164144,93.722875,100.725844,104.359742,80.972782,94.183273,82.372034,89.283146,93.947581,84.200961,84.981979,89.155976,84.960585,83.116661,92.402442,96.735399,85.342315,97.180905,92.458036,99.486676,93.090096,91.264473,87.833515,83.179082,86.467478,93.548397,87.592955,107.500607,95.454289,97.31664,97.230299,-0.088721,5.161544,2559 = 100,สำนักงานเศรษฐกิจอุตสาหกรรม (สศอ.) กระทรวงอุตสาหกรรม,Shipment.xlsx
345,4,PRODUCT_ITEM,22,การผลิตผลิตภัณฑ์ยางและพลาสติก,2222,การผลิตบรรจุภัณฑ์พลาสติก,22220,การผลิตบรรจุภัณฑ์พลาสติก,22220-020,ถุงพลาสติก,0.947744,98.922992,99.418043,108.937032,97.045503,96.763688,99.758419,101.811403,94.195609,96.698857,109.361652,104.013326,93.073476,96.81755,101.000017,110.408634,96.487481,104.361493,105.869795,104.173324,110.302903,107.230075,100.807769,98.78388,90.654648,94.61312,90.170921,95.801788,86.015432,95.674933,94.827307,93.458203,97.678422,94.019068,103.327972,98.510824,97.626678,94.810516,98.855844,105.537838,98.289207,108.755574,96.660757,105.151525,108.676403,100.847822,113.659848,106.462536,99.688007,102.578672,104.061092,111.862025,93.046951,106.083012,105.582645,103.081987,100.3877,108.154297,106.335899,98.264191,95.80807,101.328628,98.704682,112.813311,93.813101,100.019098,100.236269,0.217129,-5.063688,2559 = 100,สำนักงานเศรษฐกิจอุตสาหกรรม (สศอ.) กระทรวงอุตสาหกรรม,Shipment.xlsx
346,4,PRODUCT_ITEM,22,การผลิตผลิตภัณฑ์ยางและพลาสติก,2222,การผลิตบรรจุภัณฑ์พลาสติก,22220,การผลิตบรรจุภัณฑ์พลาสติก,22220-030,บรรจุภัณฑ์พลาสติกอื่น ๆ,0.697612,86.877955,88.19868,120.768882,100.42238,97.888389,105.576128,88.919926,97.830092,99.841207,106.624278,106.759593,100.29249,103.039797,99.231953,115.070287,99.282183,109.841692,108.388226,101.302925,100.00893,95.215374,97.049446,104.571904,91.982522,91.357372,95.623934,104.905565,87.862015,102.138292,95.909789,92.365653,94.735153,89.738456,88.772902,97.864404,92.759362,97.380777,90.340883,97.519249,92.341417,97.664567,92.960149,94.84231,89.769752,88.202014,92.206581,93.619416,87.503504,85.828658,86.662434,97.523104,87.153977,89.787014,86.413159,86.764138,83.425129,80.407811,82.785884,85.790067,87.341531,83.63517,82.237387,103.165761,92.347307,89.877062,88.028959,-2.056257,1.869854,2559 = 100,สำนักงานเศรษฐกิจอุตสาหกรรม (สศอ.) กระทรวงอุตสาหกรรม,Shipment.xlsx
347,2,GROUP_4DIGIT,22,การผลิตผลิตภัณฑ์ยางและพลาสติก,2223,การผลิตผลิตภัณฑ์พลาสติกกึ่งสำเร็จรูปและสำเร็จรูป,,,,การผลิตผลิตภัณฑ์พลาสติกกึ่งสำเร็จรูปและสำเร็จรูป,0.59982,104.502667,105.554218,117.708461,98.864605,101.561546,98.766052,89.693384,97.764521,102.866727,99.367359,92.105733,91.244727,97.963524,104.612611,117.948554,91.301812,96.927353,99.723216,89.974562,101.64961,86.605459,88.649553,94.583241,86.714024,96.662377,103.171813,112.903602,84.025683,101.066869,94.654103,97.538875,99.437488,94.048327,90.371151,93.342946,90.22733,103.902245,106.964727,111.76852,100.413209,106.071311,104.829861,100.346823,100.855585,82.858916,84.193728,83.148708,73.958548,88.311255,87.3691,92.894148,82.655879,83.001854,78.201438,80.917268,78.111206,75.098769,78.47062,78.268597,78.211172,88.013516,88.082066,103.786782,82.828554,79.109672,80.758636,2.084403,3.270013,2559 = 100,สำนักงานเศรษฐกิจอุตสาหกรรม (สศอ.) กระทรวงอุตสาหกรรม,Shipment.xlsx
348,3,CLASS_5DIGIT,22,การผลิตผลิตภัณฑ์ยางและพลาสติก,2223,การผลิตผลิตภัณฑ์พลาสติกกึ่งสำเร็จรูปและสำเร็จรูป,22230,การผลิตผลิตภัณฑ์พลาสติกกึ่งสำเร็จรูปและสำเร็จรูป,,การผลิตผลิตภัณฑ์พลาสติกกึ่งสำเร็จรูปและสำเร็จรูป,0.59982,104.502667,105.554218,117.708461,98.864605,101.561546,98.766052,89.693384,97.764521,102.866727,99.367359,92.105733,91.244727,97.963524,104.612611,117.948554,91.301812,96.927353,99.723216,89.974562,101.64961,86.605459,88.649553,94.583241,86.714024,96.662377,103.171813,112.903602,84.025683,101.066869,94.654103,97.538875,99.437488,94.048327,90.371151,93.342946,90.22733,103.902245,106.964727,111.76852,100.413209,106.071311,104.829861,100.346823,100.855585,82.858916,84.193728,83.148708,73.958548,88.311255,87.3691,92.894148,82.655879,83.001854,78.201438,80.917268,78.111206,75.098769,78.47062,78.268597,78.211172,88.013516,88.082066,103.786782,82.828554,79.109672,80.758636,2.084403,3.270013,2559 = 100,สำนักงานเศรษฐกิจอุตสาหกรรม (สศอ.) กระทรวงอุตสาหกรรม,Shipment.xlsx
349,4,PRODUCT_ITEM,22,การผลิตผลิตภัณฑ์ยางและพลาสติก,2223,การผลิตผลิตภัณฑ์พลาสติกกึ่งสำเร็จรูปและสำเร็จรูป,22230,การผลิตผลิตภัณฑ์พลาสติกกึ่งสำเร็จรูปและสำเร็จรูป,22230-010,แผ่นฟิล์มพลาสติก,0.252669,81.760929,99.826604,103.821802,96.437191,99.327115,102.619122,98.143646,105.085687,100.689596,100.973555,102.781544,108.533209,93.989838,104.855312,121.770622,100.857415,96.523006,112.951052,98.631625,114.032987,91.807153,88.789737,92.452631,79.722169,82.193656,100.092622,105.1888,81.263496,90.010993,82.655358,94.902445,95.193946,97.475703,99.658467,94.112963,96.604058,95.609287,106.13047,111.215304,101.251719,111.889995,115.333786,108.011731,111.936594,76.927825,71.699463,69.614819,61.043247,66.295344,67.51533,73.397425,80.499981,72.231738,71.438526,71.989297,70.114308,70.973172,70.90244,71.01866,66.582082,70.272919,69.911559,77.399847,69.789148,65.057577,71.506003,9.911875,0.094455,2559 = 100,สำนักงานเศรษฐกิจอุตสาหกรรม (สศอ.) กระทรวงอุตสาหกรรม,Shipment.xlsx
350,4,PRODUCT_ITEM,22,การผลิตผลิตภัณฑ์ยางและพลาสติก,2223,การผลิตผลิตภัณฑ์พลาสติกกึ่งสำเร็จรูปและสำเร็จรูป,22230,การผลิตผลิตภัณฑ์พลาสติกกึ่งสำเร็จรูปและสำเร็จรูป,22230-020,พลาสติกแผ่น,0.078158,103.522657,82.781189,112.771928,93.701044,115.231028,113.838945,101.605227,96.526443,103.435762,92.369941,97.594477,86.621358,83.58333,95.862428,119.335452,94.51952,113.684868,98.490133,77.348815,101.098159,76.539083,77.135192,81.072649,73.886988,87.425566,76.502198,93.821118,73.319301,97.893639,103.22014,83.872145,85.468609,93.765978,82.504926,86.372783,78.696151,90.359426,90.311415,102.12409,86.350472,92.062476,82.802314,89.4798,86.019814,77.538342,81.633038,67.167365,70.352556,80.725735,80.405019,93.926562,82.660652,89.096274,81.776903,93.617255,78.075166,79.123171,74.705385,72.567408,79.218233,78.695022,78.06449,101.469948,80.980987,80.570743,81.645578,1.334026,-0.16059,2559 = 100,สำนักงานเศรษฐกิจอุตสาหกรรม (สศอ.) กระทรวงอุตสาหกรรม,Shipment.xlsx
351,4,PRODUCT_ITEM,22,การผลิตผลิตภัณฑ์ยางและพลาสติก,2223,การผลิตผลิตภัณฑ์พลาสติกกึ่งสำเร็จรูปและสำเร็จรูป,22230,การผลิตผลิตภัณฑ์พลาสติกกึ่งสำเร็จรูปและสำเร็จรูป,22230-030,ท่อและข้อต่อพลาสติก,0.268994,126.148937,117.551057,132.186667,102.645,99.688618,90.767308,78.294918,91.247414,104.746391,99.891785,80.48306,76.348845,105.874294,106.927058,113.95548,81.391222,92.438163,87.656467,85.511389,90.178018,84.644306,91.863443,100.510125,97.008509,112.93679,113.813141,125.694717,89.731033,112.373755,103.435722,103.986249,107.482226,90.910999,83.933068,94.644884,87.588064,115.626843,112.587071,115.090407,103.711601,104.676118,101.363664,96.304582,94.757713,89.975969,96.673729,100.504688,87.137752,111.19502,108.041383,110.907624,84.679546,91.347552,83.515032,85.613335,85.633236,77.804667,86.673492,86.735043,88.841876,107.384965,108.060456,129.245442,95.613409,91.88441,89.192012,-2.930201,6.797555,2559 = 100,สำนักงานเศรษฐกิจอุตสาหกรรม (สศอ.) กระทรวงอุตสาหกรรม,Shipment.xlsx
352,2,GROUP_4DIGIT,22,การผลิตผลิตภัณฑ์ยางและพลาสติก,2229,การผลิตผลิตภัณฑ์พลาสติกอื่นๆ,,,,การผลิตผลิตภัณฑ์พลาสติกอื่นๆ,0.081614,94.338465,105.184225,116.955529,96.980122,92.554405,91.306573,90.913585,87.21049,99.73839,93.862838,103.817946,127.137432,104.686561,105.714944,116.148433,99.46293,113.235907,123.052367,111.781481,116.253108,115.410201,112.556441,126.61865,144.938546,106.887483,115.085159,123.019312,115.132905,130.866236,122.182833,110.484067,115.580068,120.902865,125.454374,134.551885,171.977654,149.811425,149.38079,167.908199,142.710996,160.123712,156.478464,147.378199,139.516584,128.179587,145.722687,190.839287,181.281759,177.793523,167.513373,184.68093,153.890063,168.016546,160.731559,155.254505,156.505092,155.105757,173.074901,168.973309,188.903725,189.270086,183.716821,208.026126,194.911497,198.568682,184.399961,-7.135426,14.725423,2559 = 100,สำนักงานเศรษฐกิจอุตสาหกรรม (สศอ.) กระทรวงอุตสาหกรรม,Shipment.xlsx
353,3,CLASS_5DIGIT,22,การผลิตผลิตภัณฑ์ยางและพลาสติก,2229,การผลิตผลิตภัณฑ์พลาสติกอื่นๆ,22291,การผลิตเครื่องใช้บนโต๊ะอาหาร  ในครัว  และในห้องน้ำ  ที่ทำจากพลาสติก,,การผลิตเครื่องใช้บนโต๊ะอาหาร  ในครัว  และในห้องน้ำ  ที่ทำจากพลาสติก,0.081614,94.338465,105.184225,116.955529,96.980122,92.554405,91.306573,90.913585,87.21049,99.73839,93.862838,103.817946,127.137432,104.686561,105.714944,116.148433,99.46293,113.235907,123.052367,111.781481,116.253108,115.410201,112.556441,126.61865,144.938546,106.887483,115.085159,123.019312,115.132905,130.866236,122.182833,110.484067,115.580068,120.902865,125.454374,134.551885,171.977654,149.811425,149.38079,167.908199,142.710996,160.123712,156.478464,147.378199,139.516584,128.179587,145.722687,190.839287,181.281759,177.793523,167.513373,184.68093,153.890063,168.016546,160.731559,155.254505,156.505092,155.105757,173.074901,168.973309,188.903725,189.270086,183.716821,208.026126,194.911497,198.568682,184.399961,-7.135426,14.725423,2559 = 100,สำนักงานเศรษฐกิจอุตสาหกรรม (สศอ.) กระทรวงอุตสาหกรรม,Shipment.xlsx
354,4,PRODUCT_ITEM,22,การผลิตผลิตภัณฑ์ยางและพลาสติก,2229,การผลิตผลิตภัณฑ์พลาสติกอื่นๆ,22291,การผลิตเครื่องใช้บนโต๊ะอาหาร  ในครัว  และในห้องน้ำ  ที่ทำจากพลาสติก,22291-010,เครื่องใช้ประจำโต๊ะอาหาร ครัว และห้องน้ำ ที่เป็นพลาสติก,0.081614,94.338465,105.184225,116.955529,96.980122,92.554405,91.306573,90.913585,87.21049,99.73839,93.862838,103.817946,127.137432,104.686561,105.714944,116.148433,99.46293,113.235907,123.052367,111.781481,116.253108,115.410201,112.556441,126.61865,144.938546,106.887483,115.085159,123.019312,115.132905,130.866236,122.182833,110.484067,115.580068,120.902865,125.454374,134.551885,171.977654,149.811425,149.38079,167.908199,142.710996,160.123712,156.478464,147.378199,139.516584,128.179587,145.722687,190.839287,181.281759,177.793523,167.513373,184.68093,153.890063,168.016546,160.731559,155.254505,156.505092,155.105757,173.074901,168.973309,188.903725,189.270086,183.716821,208.026126,194.911497,198.568682,184.399961,-7.135426,14.725423,2559 = 100,สำนักงานเศรษฐกิจอุตสาหกรรม (สศอ.) กระทรวงอุตสาหกรรม,Shipment.xlsx
355,1,DIVISION_2DIGIT,23,การผลิตผลิตภัณฑ์อื่นๆ ที่ทำจากแร่อโลหะ,,,,,,การผลิตผลิตภัณฑ์อื่นๆ ที่ทำจากแร่อโลหะ,4.70985,101.925118,101.544746,117.815607,91.125808,107.162997,104.069997,87.617812,94.448469,95.39808,94.940378,98.550235,105.400753,106.236611,109.785674,127.80695,101.900096,113.41329,116.219289,109.355931,106.639336,102.023796,99.456073,110.320359,108.335152,103.793816,107.549717,120.613595,93.188415,112.84566,111.870502,106.336751,109.182256,100.061875,97.767905,106.04197,102.578763,99.664049,103.035567,108.182674,87.226883,98.908564,103.22074,98.605963,102.210602,94.653013,96.580131,98.529022,97.11864,97.980259,101.559597,111.857917,88.90143,97.895178,99.18756,97.987766,94.033018,86.686222,92.042085,89.64228,92.05302,92.265284,99.208331,111.563994,83.882668,94.511257,88.948502,-5.885812,-10.322926,2559 = 100,สำนักงานเศรษฐกิจอุตสาหกรรม (สศอ.) กระทรวงอุตสาหกรรม,Shipment.xlsx
356,2,GROUP_4DIGIT,23,การผลิตผลิตภัณฑ์อื่นๆ ที่ทำจากแร่อโลหะ,2310,การผลิตแก้วและผลิตภัณฑ์แก้ว,,,,การผลิตแก้วและผลิตภัณฑ์แก้ว,0.571773,98.094496,95.764153,110.500925,90.115094,103.787507,98.7361,92.845337,87.016662,97.36906,104.608856,109.244146,111.917665,100.209558,105.617998,125.575643,101.093537,103.698854,105.998287,101.378315,98.705703,103.860045,98.536004,104.739731,102.428806,95.712688,98.282857,104.007637,84.680728,98.91796,98.5051,90.319522,97.638467,105.855538,102.97511,106.668805,104.984418,90.972052,92.72289,97.999649,88.826312,94.983818,93.906691,92.053018,93.424873,90.584149,93.514953,95.187907,100.93663,85.597946,90.25657,102.808554,86.146928,96.377744,89.090618,82.582578,86.084225,85.734557,91.170117,95.013156,89.925275,84.345163,83.34487,101.681876,87.383865,93.098647,87.592276,-5.914556,-1.681818,2559 = 100,สำนักงานเศรษฐกิจอุตสาหกรรม (สศอ.) กระทรวงอุตสาหกรรม,Shipment.xlsx
357,3,CLASS_5DIGIT,23,การผลิตผลิตภัณฑ์อื่นๆ ที่ทำจากแร่อโลหะ,2310,การผลิตแก้วและผลิตภัณฑ์แก้ว,23101,การผลิตแก้ว/กระจกแผ่น,,การผลิตแก้ว/กระจกแผ่น,0.307184,102.563683,98.426366,106.991973,83.776714,102.024151,102.349139,93.537041,86.521377,101.536571,106.637334,107.682852,107.952798,105.141147,106.964727,122.849274,98.846312,108.602347,107.929603,111.161103,108.308941,106.273425,103.615658,106.617987,92.731792,99.041461,100.679388,101.896716,78.721286,100.478943,96.766351,98.970636,103.868426,108.358161,106.135052,109.30982,96.332662,98.135657,93.751066,97.900738,85.233359,98.299735,95.514318,95.653407,93.001552,93.567461,96.574484,92.650513,94.354203,86.477642,93.428537,103.182408,83.47805,102.51621,92.5742,83.986848,88.414853,88.681596,88.374647,89.633856,79.049149,83.855977,80.366375,101.483045,78.218671,89.9689,85.760301,-4.677839,-7.360473,2559 = 100,สำนักงานเศรษฐกิจอุตสาหกรรม (สศอ.) กระทรวงอุตสาหกรรม,Shipment.xlsx
358,4,PRODUCT_ITEM,23,การผลิตผลิตภัณฑ์อื่นๆ ที่ทำจากแร่อโลหะ,2310,การผลิตแก้วและผลิตภัณฑ์แก้ว,23101,การผลิตแก้ว/กระจกแผ่น,23101-010,กระจกนิรภัยสำหรับรถยนต์,0.121841,104.961107,110.762671,111.094522,85.016115,100.939432,98.765276,90.420048,79.026827,95.23119,108.897352,114.200299,100.685159,105.04018,110.192624,121.177476,93.837466,98.459908,100.304498,106.464105,120.673354,124.981849,121.966839,128.012561,101.64777,109.564107,105.173278,114.96372,79.68544,103.672046,99.014502,101.888542,106.048881,112.626474,109.995221,117.386479,96.02477,102.429033,98.057416,99.983842,86.534608,94.806661,86.958015,93.058634,91.341139,92.679966,89.999154,89.99824,83.487341,82.097564,87.531053,97.332359,77.945326,98.451994,95.92827,86.535916,83.029974,89.351508,97.629876,94.673107,82.023039,85.90202,81.904855,94.030508,78.166158,86.202757,84.477182,-2.001763,-11.937136,2559 = 100,สำนักงานเศรษฐกิจอุตสาหกรรม (สศอ.) กระทรวงอุตสาหกรรม,Shipment.xlsx
359,4,PRODUCT_ITEM,23,การผลิตผลิตภัณฑ์อื่นๆ ที่ทำจากแร่อโลหะ,2310,การผลิตแก้วและผลิตภัณฑ์แก้ว,23101,การผลิตแก้ว/กระจกแผ่น,23101-020,กระจกแผ่นเรียบ,0.185343,100.987668,90.316744,104.295045,82.961959,102.737222,104.705093,95.586085,91.448133,105.681594,105.151646,103.398422,112.730388,105.20752,104.842777,123.948279,102.13902,115.26977,112.942183,114.248809,100.180841,93.974909,91.551985,92.553652,86.870618,92.124099,97.725202,93.306748,78.087472,98.379866,95.288464,97.052467,102.435041,105.552264,103.597461,104.000398,96.535064,95.313283,90.920163,96.53135,84.377947,100.596007,101.139048,97.359155,94.093073,94.150882,100.896964,94.394061,101.497845,89.357011,97.305416,107.028106,87.115144,105.187939,90.369305,82.311145,91.954756,88.24121,82.290459,86.321161,77.094178,82.510953,79.355012,106.382183,78.253191,92.444683,86.603795,-6.318251,-4.166802,2559 = 100,สำนักงานเศรษฐกิจอุตสาหกรรม (สศอ.) กระทรวงอุตสาหกรรม,Shipment.xlsx
360,3,CLASS_5DIGIT,23,การผลิตผลิตภัณฑ์อื่นๆ ที่ทำจากแร่อโลหะ,2310,การผลิตแก้วและผลิตภัณฑ์แก้ว,23102,การผลิตภาชนะบรรจุและเครื่องใช้บนโต๊ะอาหารที่ทำจากแก้ว,,การผลิตภาชนะบรรจุและเครื่องใช้บนโต๊ะอาหารที่ทำจากแก้ว,0.26459,92.905853,92.673374,114.574753,97.473835,105.83473,94.541428,92.042281,87.591679,92.530657,102.253831,111.056779,116.520801,94.484076,104.054471,128.740907,103.702523,98.00599,103.756066,90.020681,87.556523,101.058155,92.638621,102.559112,113.68686,91.848044,95.500529,106.458376,91.599528,97.105689,100.523755,80.27574,90.405602,102.950038,99.306477,103.602636,115.028945,82.65524,91.529196,98.114482,92.997663,91.134101,92.040265,87.873033,93.916339,87.120578,89.962895,98.133774,108.578705,84.576635,86.573976,102.374516,89.245447,89.251099,85.046244,80.952247,83.378411,82.3131,94.415605,101.258422,102.552253,84.913098,86.802846,101.912716,98.024484,96.732225,89.719165,-7.249972,5.494565,2559 = 100,สำนักงานเศรษฐกิจอุตสาหกรรม (สศอ.) กระทรวงอุตสาหกรรม,Shipment.xlsx
361,4,PRODUCT_ITEM,23,การผลิตผลิตภัณฑ์อื่นๆ ที่ทำจากแร่อโลหะ,2310,การผลิตแก้วและผลิตภัณฑ์แก้ว,23102,การผลิตภาชนะบรรจุและเครื่องใช้บนโต๊ะอาหารที่ทำจากแก้ว,23102-010,แก้วน้ำและผลิตภัณฑ์แก้วบนโต๊ะอาหาร,0.026012,79.76614,99.108443,111.01966,98.460386,113.289448,102.383668,89.52502,89.36391,70.421146,88.737773,116.059234,141.865171,92.801798,100.272038,104.553818,94.968547,104.999673,81.946197,85.946864,78.437431,120.764,85.278634,99.088128,153.295127,79.643453,76.289803,86.544985,101.527058,121.157495,120.074261,67.097128,95.58257,87.360144,93.881772,104.203367,103.583313,86.615889,100.359318,99.832908,81.063548,106.657813,83.187652,78.28773,79.685572,79.739947,62.769982,82.413085,90.680646,70.785484,63.358531,75.769207,91.350916,57.170735,73.066552,82.774946,76.153128,50.063768,51.921529,64.810516,73.975253,75.854895,90.694018,77.191625,100.86006,138.048329,89.809521,-34.94342,22.914683,2559 = 100,สำนักงานเศรษฐกิจอุตสาหกรรม (สศอ.) กระทรวงอุตสาหกรรม,Shipment.xlsx
362,4,PRODUCT_ITEM,23,การผลิตผลิตภัณฑ์อื่นๆ ที่ทำจากแร่อโลหะ,2310,การผลิตแก้วและผลิตภัณฑ์แก้ว,23102,การผลิตภาชนะบรรจุและเครื่องใช้บนโต๊ะอาหารที่ทำจากแก้ว,23102-020,ขวด (แก้ว),0.238577,94.338496,91.971748,114.96237,97.366269,105.02193,93.686377,92.316742,87.39845,94.941291,103.727508,110.511354,113.757465,94.667498,104.466875,131.378063,104.654802,97.243458,106.13403,90.464856,88.550792,98.909596,93.441092,102.937559,109.368309,93.178729,97.595104,108.629564,90.517114,94.483283,98.392133,81.712624,89.84115,104.649829,99.897941,103.537138,116.27688,82.223404,90.566435,97.927119,94.298858,89.441526,93.005479,88.918133,95.467942,87.9253,92.927781,99.847825,110.530158,86.080305,89.105191,105.275334,89.015884,92.748871,86.352408,80.753515,84.166195,85.829295,99.0488,105.232394,105.668048,85.900728,86.378586,104.608095,97.715316,92.227466,89.709314,-2.730371,3.887448,2559 = 100,สำนักงานเศรษฐกิจอุตสาหกรรม (สศอ.) กระทรวงอุตสาหกรรม,Shipment.xlsx
363,2,GROUP_4DIGIT,23,การผลิตผลิตภัณฑ์อื่นๆ ที่ทำจากแร่อโลหะ,2392,การผลิตวัสดุก่อสร้างที่ทำจากดินเหนียว,,,,การผลิตวัสดุก่อสร้างที่ทำจากดินเหนียว,0.671373,104.740144,103.60087,117.696105,98.096659,108.495238,108.696518,94.348392,90.371815,90.223315,92.232427,95.492763,96.005755,99.931698,108.672906,115.458944,86.225993,100.010303,97.724088,92.214583,94.42405,90.564881,82.412795,83.575551,84.010856,83.749404,90.5227,99.701949,77.815017,93.093691,89.052662,86.350127,86.135901,84.888741,85.809706,85.657149,75.329894,82.072488,83.95331,91.032956,72.324237,83.835798,77.61387,77.559441,78.085319,78.629531,76.105835,71.545118,65.190301,74.147345,74.885958,84.128905,66.058161,76.072525,72.905855,68.098408,69.428854,68.60165,67.755633,66.615265,61.067814,65.136882,66.179138,74.925031,60.863041,64.159625,62.687642,-2.294251,-14.015628,2559 = 100,สำนักงานเศรษฐกิจอุตสาหกรรม (สศอ.) กระทรวงอุตสาหกรรม,Shipment.xlsx
364,3,CLASS_5DIGIT,23,การผลิตผลิตภัณฑ์อื่นๆ ที่ทำจากแร่อโลหะ,2392,การผลิตวัสดุก่อสร้างที่ทำจากดินเหนียว,23922,การผลิตกระเบื้องปูพื้นและแผ่นเซรามิก,,การผลิตกระเบื้องปูพื้นและแผ่นเซรามิก,0.444549,106.354706,107.644954,120.058478,102.051109,112.212053,106.498343,93.086252,88.949472,88.378814,91.983666,91.162421,91.619732,105.934089,110.395373,116.99765,94.028546,106.481156,104.18289,96.840636,97.351327,93.578857,88.089796,89.877465,93.376961,88.025308,95.630425,108.77207,87.185133,101.491277,97.364331,94.529918,92.662994,88.622368,90.08638,85.464008,78.036912,88.759421,88.748985,98.26598,79.519682,90.789654,82.96012,82.142337,83.424634,82.010892,78.401372,75.371637,70.986882,80.880477,80.178755,89.269012,69.420581,79.240864,77.52233,67.87466,70.3747,68.469372,68.351377,64.06909,61.648827,67.945787,70.031453,77.926757,63.450898,65.140732,64.361637,-1.196019,-16.976648,2559 = 100,สำนักงานเศรษฐกิจอุตสาหกรรม (สศอ.) กระทรวงอุตสาหกรรม,Shipment.xlsx
365,4,PRODUCT_ITEM,23,การผลิตผลิตภัณฑ์อื่นๆ ที่ทำจากแร่อโลหะ,2392,การผลิตวัสดุก่อสร้างที่ทำจากดินเหนียว,23922,การผลิตกระเบื้องปูพื้นและแผ่นเซรามิก,23922-010,กระเบื้องปูพื้น-บุผนัง,0.444549,106.354706,107.644954,120.058478,102.051109,112.212053,106.498343,93.086252,88.949472,88.378814,91.983666,91.162421,91.619732,105.934089,110.395373,116.99765,94.028546,106.481156,104.18289,96.840636,97.351327,93.578857,88.089796,89.877465,93.376961,88.025308,95.630425,108.77207,87.185133,101.491277,97.364331,94.529918,92.662994,88.622368,90.08638,85.464008,78.036912,88.759421,88.748985,98.26598,79.519682,90.789654,82.96012,82.142337,83.424634,82.010892,78.401372,75.371637,70.986882,80.880477,80.178755,89.269012,69.420581,79.240864,77.52233,67.87466,70.3747,68.469372,68.351377,64.06909,61.648827,67.945787,70.031453,77.926757,63.450898,65.140732,64.361637,-1.196019,-16.976648,2559 = 100,สำนักงานเศรษฐกิจอุตสาหกรรม (สศอ.) กระทรวงอุตสาหกรรม,Shipment.xlsx
366,3,CLASS_5DIGIT,23,การผลิตผลิตภัณฑ์อื่นๆ ที่ทำจากแร่อโลหะ,2392,การผลิตวัสดุก่อสร้างที่ทำจากดินเหนียว,23923,การผลิตเครื่องสุขภัณฑ์เซรามิก,,การผลิตเครื่องสุขภัณฑ์เซรามิก,0.226825,101.575798,95.674951,113.066135,90.346412,101.210725,113.004677,96.822035,93.159438,93.838315,92.719969,103.979713,104.601833,88.167732,105.297078,112.443265,70.933926,87.328209,85.06561,83.148076,88.686938,84.657848,71.286556,71.224557,65.654413,75.369144,80.512171,81.9256,59.450714,76.635431,72.762789,70.318717,73.343582,77.571279,77.427938,86.035683,70.024462,68.966902,74.554363,76.857097,58.222029,70.207076,67.135861,68.577515,67.620902,72.002469,71.606857,64.045599,53.829696,60.951214,64.512712,74.054913,59.468222,69.86296,63.858119,68.536926,67.575111,68.860899,66.588047,71.605462,59.929098,59.631766,58.629064,69.042009,55.791151,62.236771,59.406813,-4.547084,-6.970619,2559 = 100,สำนักงานเศรษฐกิจอุตสาหกรรม (สศอ.) กระทรวงอุตสาหกรรม,Shipment.xlsx
367,4,PRODUCT_ITEM,23,การผลิตผลิตภัณฑ์อื่นๆ ที่ทำจากแร่อโลหะ,2392,การผลิตวัสดุก่อสร้างที่ทำจากดินเหนียว,23923,การผลิตเครื่องสุขภัณฑ์เซรามิก,23923-020,เครื่องสุขภัณฑ์ ส้วมชักโครก,0.1729,102.173575,97.917875,113.160687,90.12687,101.015269,113.90445,97.704958,93.644059,89.92498,90.346087,102.238422,107.842767,87.752762,101.89135,105.305887,65.544094,81.273385,78.39022,75.761977,81.564012,78.193055,65.192034,65.447743,62.496844,71.824994,76.038426,74.065735,56.160024,72.53279,68.081762,66.129811,68.980946,73.159987,72.367392,83.675585,63.396553,66.222748,70.684802,71.087269,55.274754,63.331182,62.143209,62.014566,62.019555,67.042647,69.37895,58.092811,51.086525,57.799033,61.595297,68.813711,55.681159,64.231941,60.427802,62.317007,62.668017,64.074158,61.591359,65.307287,56.030594,56.275277,53.895918,64.678514,54.619991,58.035578,56.64729,-2.392132,-6.256245,2559 = 100,สำนักงานเศรษฐกิจอุตสาหกรรม (สศอ.) กระทรวงอุตสาหกรรม,Shipment.xlsx
368,4,PRODUCT_ITEM,23,การผลิตผลิตภัณฑ์อื่นๆ ที่ทำจากแร่อโลหะ,2392,การผลิตวัสดุก่อสร้างที่ทำจากดินเหนียว,23923,การผลิตเครื่องสุขภัณฑ์เซรามิก,23923-030,เครื่องสุขภัณฑ์ โถปัสสาวะ,0.006336,103.492631,98.620823,87.440198,78.334472,104.032385,102.672485,95.96411,112.528258,115.977078,106.051207,105.847922,89.038431,95.550532,96.496854,130.270052,97.106707,107.824685,119.930603,113.046983,102.027584,105.770815,57.227976,81.692165,53.98945,87.965932,92.066663,81.320646,63.459685,67.329092,64.055518,83.633878,78.649913,77.72462,82.091723,94.176612,76.301632,72.348106,91.463821,104.740375,60.802972,121.255454,103.345425,102.973906,120.337171,116.958449,79.147609,90.328234,76.322661,94.786464,93.685926,97.856755,65.128016,78.495698,80.48648,99.819498,105.132923,84.201672,90.580586,89.851568,74.710408,83.619859,84.755446,91.218478,74.394967,68.632914,66.922524,-2.492085,-16.852465,2559 = 100,สำนักงานเศรษฐกิจอุตสาหกรรม (สศอ.) กระทรวงอุตสาหกรรม,Shipment.xlsx
369,4,PRODUCT_ITEM,23,การผลิตผลิตภัณฑ์อื่นๆ ที่ทำจากแร่อโลหะ,2392,การผลิตวัสดุก่อสร้างที่ทำจากดินเหนียว,23923,การผลิตเครื่องสุขภัณฑ์เซรามิก,23923-040,เครื่องสุขภัณฑ์ อ่างล้างหน้า,0.044212,99.869989,89.194296,116.92942,94.540725,102.124112,113.440827,93.815345,89.579302,100.253033,98.564403,108.416135,93.272414,85.199065,116.475751,129.336903,79.320984,98.992078,96.450059,101.794527,111.329917,102.177081,92.623544,91.537681,80.127779,83.536429,94.131197,111.694323,67.51921,89.65287,86.182914,77.560257,82.636447,88.413985,89.006943,88.826456,89.481211,73.07163,82.731105,90.258579,67.660951,86.258443,81.614833,82.54228,79.495095,81.323504,75.067284,81.591782,57.332989,61.288984,65.567207,86.793528,71.340331,83.329457,71.153468,81.098386,75.107501,79.336678,75.759804,87.825932,67.515287,62.43125,67.761004,77.439115,54.023412,72.049036,69.456991,-3.597612,-2.384251,2559 = 100,สำนักงานเศรษฐกิจอุตสาหกรรม (สศอ.) กระทรวงอุตสาหกรรม,Shipment.xlsx
370,4,PRODUCT_ITEM,23,การผลิตผลิตภัณฑ์อื่นๆ ที่ทำจากแร่อโลหะ,2392,การผลิตวัสดุก่อสร้างที่ทำจากดินเหนียว,23923,การผลิตเครื่องสุขภัณฑ์เซรามิก,23923-050,เครื่องสุขภัณฑ์ อ่างอาบน้ำ,0.003377,89.707187,60.159716,105.723159,69.210293,93.966282,80.612245,92.590949,78.881988,168.677906,112.732919,131.543922,116.193434,134.427684,149.822538,223.24756,187.97693,206.166815,212.377995,161.091393,131.898846,146.672582,130.346051,81.410825,59.71606,126.264419,109.582964,95.740905,114.773736,133.717835,153.061224,164.995563,165.084295,161.180124,176.175688,155.057675,142.857143,149.378882,133.895297,144.498669,80.700976,116.326531,65.261757,157.231588,100.044366,119.565217,126.220053,89.795918,106.21118,154.436557,145.341615,130.967169,87.311446,165.661047,112.777285,163.842059,149.733807,148.003549,157.320319,147.471162,132.475599,149.822538,132.386868,140.905058,103.992902,136.867791,55.01331,-59.805511,-51.219512,2559 = 100,สำนักงานเศรษฐกิจอุตสาหกรรม (สศอ.) กระทรวงอุตสาหกรรม,Shipment.xlsx
371,2,GROUP_4DIGIT,23,การผลิตผลิตภัณฑ์อื่นๆ ที่ทำจากแร่อโลหะ,2393,การผลิตผลิตภัณฑ์เซรามิกชนิดพอร์ชเลนและผลิตภัณฑ์เซรามิกอื่นๆ,,,,การผลิตผลิตภัณฑ์เซรามิกชนิดพอร์ชเลนและผลิตภัณฑ์เซรามิกอื่นๆ,0.268614,75.614697,74.172197,80.389511,76.573599,87.226897,102.318627,102.326641,106.038624,123.667233,133.965393,123.865034,113.841548,106.241121,97.420662,118.305616,98.367363,102.050485,124.302046,130.645465,116.119714,139.737045,138.526837,142.412197,140.382977,114.075366,120.906062,120.595862,105.584464,91.598107,115.252199,111.411047,109.048119,104.133752,91.693118,103.601892,106.691389,97.985293,107.429259,112.282233,107.356943,92.441963,101.554645,117.781765,118.089223,103.403174,97.470771,115.348882,99.41344,87.335443,105.999219,121.991949,93.286825,91.779727,88.15473,102.826081,83.77191,89.920382,109.258735,87.418664,95.547023,76.641645,101.949122,107.742396,87.717675,90.871906,87.317412,-3.911543,-0.949827,2559 = 100,สำนักงานเศรษฐกิจอุตสาหกรรม (สศอ.) กระทรวงอุตสาหกรรม,Shipment.xlsx
372,3,CLASS_5DIGIT,23,การผลิตผลิตภัณฑ์อื่นๆ ที่ทำจากแร่อโลหะ,2393,การผลิตผลิตภัณฑ์เซรามิกชนิดพอร์ชเลนและผลิตภัณฑ์เซรามิกอื่นๆ,23931,การผลิตผลิตภัณฑ์เครื่องใช้บนโต๊ะอาหารที่ทำจากเซรามิก,,การผลิตผลิตภัณฑ์เครื่องใช้บนโต๊ะอาหารที่ทำจากเซรามิก,0.205621,87.200438,81.176163,91.796315,88.403021,91.028745,97.946103,102.704004,93.998306,101.489396,131.666368,122.765072,109.826067,116.563518,109.756936,136.969913,113.031712,117.948595,118.908658,154.062599,119.910737,133.394765,138.772265,140.219893,140.889146,108.434594,130.492411,134.713858,119.977841,106.895004,126.213754,130.67116,129.09094,121.560337,104.70005,119.214141,124.403992,112.970363,122.466067,115.01451,94.198768,84.213449,87.516416,119.267646,116.257558,103.883612,108.234277,124.191339,107.837225,94.708356,115.05868,124.922315,93.451855,102.541855,100.262452,118.672761,97.686507,104.518093,128.867379,98.810271,104.631001,87.032908,113.806816,115.938227,89.821733,97.833857,100.263425,2.483361,0.00097,2559 = 100,สำนักงานเศรษฐกิจอุตสาหกรรม (สศอ.) กระทรวงอุตสาหกรรม,Shipment.xlsx
373,4,PRODUCT_ITEM,23,การผลิตผลิตภัณฑ์อื่นๆ ที่ทำจากแร่อโลหะ,2393,การผลิตผลิตภัณฑ์เซรามิกชนิดพอร์ชเลนและผลิตภัณฑ์เซรามิกอื่นๆ,23931,การผลิตผลิตภัณฑ์เครื่องใช้บนโต๊ะอาหารที่ทำจากเซรามิก,23931-010,ของใช้บนโต๊ะอาหารที่ทำจากเซรามิค,0.205621,87.200438,81.176163,91.796315,88.403021,91.028745,97.946103,102.704004,93.998306,101.489396,131.666368,122.765072,109.826067,116.563518,109.756936,136.969913,113.031712,117.948595,118.908658,154.062599,119.910737,133.394765,138.772265,140.219893,140.889146,108.434594,130.492411,134.713858,119.977841,106.895004,126.213754,130.67116,129.09094,121.560337,104.70005,119.214141,124.403992,112.970363,122.466067,115.01451,94.198768,84.213449,87.516416,119.267646,116.257558,103.883612,108.234277,124.191339,107.837225,94.708356,115.05868,124.922315,93.451855,102.541855,100.262452,118.672761,97.686507,104.518093,128.867379,98.810271,104.631001,87.032908,113.806816,115.938227,89.821733,97.833857,100.263425,2.483361,0.00097,2559 = 100,สำนักงานเศรษฐกิจอุตสาหกรรม (สศอ.) กระทรวงอุตสาหกรรม,Shipment.xlsx
374,3,CLASS_5DIGIT,23,การผลิตผลิตภัณฑ์อื่นๆ ที่ทำจากแร่อโลหะ,2393,การผลิตผลิตภัณฑ์เซรามิกชนิดพอร์ชเลนและผลิตภัณฑ์เซรามิกอื่นๆ,23933,การผลิตฉนวนไฟฟ้าและอุปกรณ์ติดตั้ง ซึ่งใช้เป็นฉนวนที่ทำจากเซรามิก,,การผลิตฉนวนไฟฟ้าและอุปกรณ์ติดตั้ง ซึ่งใช้เป็นฉนวนที่ทำจากเซรามิก,0.062993,37.796668,51.309941,43.15557,37.960152,74.816954,116.591364,101.094856,145.340472,196.059841,141.46984,127.455515,126.948827,72.54689,57.152757,57.381861,50.500187,50.156081,141.907076,54.20756,103.745106,160.439431,137.725712,149.568289,138.730745,132.4879,89.614425,74.512084,58.601792,41.666172,79.471634,48.542434,43.624601,47.250119,49.236059,52.640591,48.874138,49.071221,58.346306,103.363567,150.307689,119.30137,147.37805,112.93157,124.068121,101.834933,62.336675,86.485448,71.91663,63.268874,76.427443,112.426686,92.748137,56.650128,48.632858,51.099554,38.352063,42.270725,45.252454,50.234327,65.895221,42.722619,63.243393,80.98967,80.849637,68.146795,45.059204,-33.879203,-7.348229,2559 = 100,สำนักงานเศรษฐกิจอุตสาหกรรม (สศอ.) กระทรวงอุตสาหกรรม,Shipment.xlsx
375,4,PRODUCT_ITEM,23,การผลิตผลิตภัณฑ์อื่นๆ ที่ทำจากแร่อโลหะ,2393,การผลิตผลิตภัณฑ์เซรามิกชนิดพอร์ชเลนและผลิตภัณฑ์เซรามิกอื่นๆ,23933,การผลิตฉนวนไฟฟ้าและอุปกรณ์ติดตั้ง ซึ่งใช้เป็นฉนวนที่ทำจากเซรามิก,23933-010,ลูกถ้วยไฟฟ้า,0.062993,37.796668,51.309941,43.15557,37.960152,74.816954,116.591364,101.094856,145.340472,196.059841,141.46984,127.455515,126.948827,72.54689,57.152757,57.381861,50.500187,50.156081,141.907076,54.20756,103.745106,160.439431,137.725712,149.568289,138.730745,132.4879,89.614425,74.512084,58.601792,41.666172,79.471634,48.542434,43.624601,47.250119,49.236059,52.640591,48.874138,49.071221,58.346306,103.363567,150.307689,119.30137,147.37805,112.93157,124.068121,101.834933,62.336675,86.485448,71.91663,63.268874,76.427443,112.426686,92.748137,56.650128,48.632858,51.099554,38.352063,42.270725,45.252454,50.234327,65.895221,42.722619,63.243393,80.98967,80.849637,68.146795,45.059204,-33.879203,-7.348229,2559 = 100,สำนักงานเศรษฐกิจอุตสาหกรรม (สศอ.) กระทรวงอุตสาหกรรม,Shipment.xlsx
376,2,GROUP_4DIGIT,23,การผลิตผลิตภัณฑ์อื่นๆ ที่ทำจากแร่อโลหะ,2394,การผลิตปูนซีเมนต์  ปูนไลม์ (ปูนขาว)  และปูนปลาสเตอร์,,,,การผลิตปูนซีเมนต์  ปูนไลม์ (ปูนขาว)  และปูนปลาสเตอร์,0.520116,107.83998,97.549051,121.363947,102.147011,115.510223,100.54338,89.374996,96.344713,84.667873,93.662526,95.072287,95.924011,108.889592,104.834601,121.224122,96.526879,107.09317,105.704379,95.74502,95.008794,86.87325,86.344068,86.826097,92.961068,98.232706,102.208259,122.826731,93.983011,108.857319,105.215713,105.538298,92.089351,82.083227,80.078284,82.922571,88.137291,87.285819,90.59374,100.760151,82.504316,94.438943,96.209284,95.079878,96.987858,87.648183,93.756386,90.674306,91.144601,97.607137,102.702064,107.356791,90.877896,99.387236,94.481272,85.566035,87.247632,79.441331,85.011705,76.869183,85.563928,95.70802,94.360113,109.053308,81.67934,88.244947,84.117433,-4.677337,-10.969199,2559 = 100,สำนักงานเศรษฐกิจอุตสาหกรรม (สศอ.) กระทรวงอุตสาหกรรม,Shipment.xlsx
377,3,CLASS_5DIGIT,23,การผลิตผลิตภัณฑ์อื่นๆ ที่ทำจากแร่อโลหะ,2394,การผลิตปูนซีเมนต์  ปูนไลม์ (ปูนขาว)  และปูนปลาสเตอร์,23941,การผลิตปูนซีเมนต์,,การผลิตปูนซีเมนต์,0.520116,107.83998,97.549051,121.363947,102.147011,115.510223,100.54338,89.374996,96.344713,84.667873,93.662526,95.072287,95.924011,108.889592,104.834601,121.224122,96.526879,107.09317,105.704379,95.74502,95.008794,86.87325,86.344068,86.826097,92.961068,98.232706,102.208259,122.826731,93.983011,108.857319,105.215713,105.538298,92.089351,82.083227,80.078284,82.922571,88.137291,87.285819,90.59374,100.760151,82.504316,94.438943,96.209284,95.079878,96.987858,87.648183,93.756386,90.674306,91.144601,97.607137,102.702064,107.356791,90.877896,99.387236,94.481272,85.566035,87.247632,79.441331,85.011705,76.869183,85.563928,95.70802,94.360113,109.053308,81.67934,88.244947,84.117433,-4.677337,-10.969199,2559 = 100,สำนักงานเศรษฐกิจอุตสาหกรรม (สศอ.) กระทรวงอุตสาหกรรม,Shipment.xlsx
378,4,PRODUCT_ITEM,23,การผลิตผลิตภัณฑ์อื่นๆ ที่ทำจากแร่อโลหะ,2394,การผลิตปูนซีเมนต์  ปูนไลม์ (ปูนขาว)  และปูนปลาสเตอร์,23941,การผลิตปูนซีเมนต์,23941-010,ซีเมนต์ปอร์ตแลนด์,0.356484,106.719901,101.88226,126.781336,99.69663,116.670478,107.355078,90.402404,95.745536,83.414056,82.720531,89.67473,98.937059,105.247824,103.071047,116.863203,94.329259,103.494265,104.36641,97.343075,95.92968,88.270846,86.02097,92.325759,95.979175,99.436761,99.573308,116.072627,88.009003,103.427404,101.947316,109.891302,95.702197,83.329087,82.455481,82.613794,86.617555,86.380788,87.737771,97.009485,74.822973,88.847628,93.57069,96.098928,99.167267,88.573332,94.106232,95.561045,94.245658,96.985205,101.683539,105.284558,88.047895,95.13381,93.360533,87.221974,87.359116,80.317137,82.308519,77.836301,84.743422,91.627256,92.72869,110.596193,85.270897,94.563566,92.512864,-2.168596,-0.907952,2559 = 100,สำนักงานเศรษฐกิจอุตสาหกรรม (สศอ.) กระทรวงอุตสาหกรรม,Shipment.xlsx
379,4,PRODUCT_ITEM,23,การผลิตผลิตภัณฑ์อื่นๆ ที่ทำจากแร่อโลหะ,2394,การผลิตปูนซีเมนต์  ปูนไลม์ (ปูนขาว)  และปูนปลาสเตอร์,23941,การผลิตปูนซีเมนต์,23941-020,ซีเมนต์ผสม,0.087929,111.019685,104.744805,118.352689,99.647244,108.714434,104.527588,96.417128,94.697159,94.877526,92.609247,86.692936,87.699557,102.776331,100.294723,112.897554,90.281945,94.228082,89.347362,85.141183,91.504092,83.099818,81.023859,81.720031,83.454972,104.058384,104.426788,118.370938,93.125332,99.869962,96.597083,82.864829,84.725103,77.755854,79.054085,74.251404,78.361463,85.552127,84.388069,91.891258,74.12089,81.505614,80.299591,77.54357,77.607056,74.337806,80.454633,72.802784,73.849238,85.700238,89.174413,79.937142,69.8694,76.046876,69.88517,70.564478,70.491925,65.911888,73.16909,57.586461,68.212186,75.266201,67.313488,83.149,69.553274,70.467079,67.9591,-3.559078,-2.756049,2559 = 100,สำนักงานเศรษฐกิจอุตสาหกรรม (สศอ.) กระทรวงอุตสาหกรรม,Shipment.xlsx
380,4,PRODUCT_ITEM,23,การผลิตผลิตภัณฑ์อื่นๆ ที่ทำจากแร่อโลหะ,2394,การผลิตปูนซีเมนต์  ปูนไลม์ (ปูนขาว)  และปูนปลาสเตอร์,23941,การผลิตปูนซีเมนต์,23941-030,ซีเมนต์ชนิดอื่น ๆ,0.023695,94.388568,110.823687,134.111268,103.545253,114.696424,106.623814,88.293741,86.908632,82.493683,82.028384,88.941053,107.145492,116.475141,114.443416,150.281894,119.296866,106.732744,105.995991,96.259162,105.347287,114.495966,112.610757,124.327456,133.010489,139.032929,152.676601,210.961154,158.350676,214.775076,205.343806,188.723194,178.289982,165.307891,157.885725,157.371703,173.945333,178.042542,196.033994,227.27934,183.274634,210.591908,223.911924,222.442595,239.586625,211.227388,206.479039,191.232051,208.365641,240.025475,263.723368,284.271356,209.145896,242.195015,227.158578,178.652964,187.084032,204.52875,215.647591,192.833488,194.785795,159.366991,169.910177,202.05626,160.241802,133.020965,121.528631,-8.63949,-46.500532,2559 = 100,สำนักงานเศรษฐกิจอุตสาหกรรม (สศอ.) กระทรวงอุตสาหกรรม,Shipment.xlsx
381,4,PRODUCT_ITEM,23,การผลิตผลิตภัณฑ์อื่นๆ ที่ทำจากแร่อโลหะ,2394,การผลิตปูนซีเมนต์  ปูนไลม์ (ปูนขาว)  และปูนปลาสเตอร์,23941,การผลิตปูนซีเมนต์,23941-040,ปูนเม็ด,0.052008,116.270176,49.633996,83.514416,122.532036,119.417594,44.347242,70.919508,107.536315,76.991467,175.744333,149.02925,84.063668,140.731038,120.220207,151.953925,111.774059,153.676158,142.396691,102.484658,89.911669,71.088071,85.586055,40.676095,70.098611,61.541461,93.524577,136.500275,107.054622,113.013497,96.570484,76.134686,40.502295,42.941902,30.065927,65.779398,75.986878,55.070761,72.621808,83.819668,103.416785,101.709481,83.010695,59.715398,49.846591,47.506492,62.489802,41.578576,45.722549,57.113622,59.191413,87.314252,91.910153,102.938038,83.298054,57.167012,69.325432,39.321073,64.043369,50.006476,70.76152,129.235758,116.848002,99.900357,41.768864,54.590886,36.845533,-32.506071,-55.766633,2559 = 100,สำนักงานเศรษฐกิจอุตสาหกรรม (สศอ.) กระทรวงอุตสาหกรรม,Shipment.xlsx
382,2,GROUP_4DIGIT,23,การผลิตผลิตภัณฑ์อื่นๆ ที่ทำจากแร่อโลหะ,2395,การผลิตผลิตภัณฑ์คอนกรีต  ปูนซีเมนต์  และปูนปลาสเตอร์,,,,การผลิตผลิตภัณฑ์คอนกรีต  ปูนซีเมนต์  และปูนปลาสเตอร์,2.662114,103.712891,105.6544,122.237451,88.839742,107.894823,104.780471,82.907731,95.540259,95.61866,89.95244,95.328774,107.532359,108.524238,113.160086,133.530809,107.380505,121.277673,124.324421,116.010439,112.857944,103.754259,102.701493,119.665019,115.391231,110.564741,113.413361,128.757233,97.392926,123.681031,121.360224,114.510407,120.894702,105.743634,103.902547,116.09501,111.602575,108.864834,112.332212,115.980368,89.731359,105.197204,113.043933,103.762581,109.269208,99.7367,102.613288,105.751228,105.228373,107.778112,109.978093,120.422869,94.287623,103.825973,109.780646,110.601839,104.17974,92.338036,97.496546,96.637052,101.133513,101.510354,111.413461,123.472759,88.952003,103.877513,96.780397,-6.832197,-11.842023,2559 = 100,สำนักงานเศรษฐกิจอุตสาหกรรม (สศอ.) กระทรวงอุตสาหกรรม,Shipment.xlsx
383,3,CLASS_5DIGIT,23,การผลิตผลิตภัณฑ์อื่นๆ ที่ทำจากแร่อโลหะ,2395,การผลิตผลิตภัณฑ์คอนกรีต  ปูนซีเมนต์  และปูนปลาสเตอร์,23951,การผลิตผลิตภัณฑ์คอนกรีตที่ใช้ในงานก่อสร้าง,,การผลิตผลิตภัณฑ์คอนกรีตที่ใช้ในงานก่อสร้าง,1.467474,105.521759,106.787919,123.995439,89.263078,105.247033,104.718127,83.749432,96.941144,99.842341,84.837276,92.490868,106.605583,102.472455,109.79661,132.869968,110.652831,120.383183,118.837865,109.512,109.585751,100.078673,96.992702,121.1246,110.655322,107.529851,108.428546,125.0496,96.59915,127.225182,120.561301,108.738174,115.541629,98.881307,96.105501,114.362761,104.799117,105.412065,107.667199,107.824215,85.627185,99.275724,109.756855,92.975843,100.168379,88.504665,92.387613,95.475788,95.61593,106.591875,108.577752,112.6465,89.762364,97.728551,101.844005,101.909618,95.322837,80.996819,85.698749,85.411533,86.539796,99.649922,111.765931,121.011879,83.170984,101.768316,87.28853,-14.228187,-14.291931,2559 = 100,สำนักงานเศรษฐกิจอุตสาหกรรม (สศอ.) กระทรวงอุตสาหกรรม,Shipment.xlsx
384,4,PRODUCT_ITEM,23,การผลิตผลิตภัณฑ์อื่นๆ ที่ทำจากแร่อโลหะ,2395,การผลิตผลิตภัณฑ์คอนกรีต  ปูนซีเมนต์  และปูนปลาสเตอร์,23951,การผลิตผลิตภัณฑ์คอนกรีตที่ใช้ในงานก่อสร้าง,23951-010,เสาเข็มคอนกรีต,0.851127,106.857163,110.742519,121.675118,89.418892,101.000999,100.592216,80.209886,94.795393,108.080965,80.564412,95.971521,110.090917,98.9389,109.571374,134.51311,117.745324,118.8245,116.827107,104.264879,107.538793,99.116214,96.154548,126.803658,102.425521,97.93172,104.186886,121.940732,97.183474,127.223448,123.444717,104.969508,115.965025,94.805937,90.980681,122.578899,107.911038,107.502197,109.877119,110.410352,85.491405,102.16545,117.421925,92.943224,101.531383,89.201971,97.605761,101.550231,102.870081,115.771911,115.318076,120.349107,91.49631,101.641396,109.670025,114.816078,103.607094,78.993336,91.412728,93.309903,89.65691,109.760542,124.644883,136.644982,90.396571,113.208985,96.79874,-14.495532,-11.736374,2559 = 100,สำนักงานเศรษฐกิจอุตสาหกรรม (สศอ.) กระทรวงอุตสาหกรรม,Shipment.xlsx
385,4,PRODUCT_ITEM,23,การผลิตผลิตภัณฑ์อื่นๆ ที่ทำจากแร่อโลหะ,2395,การผลิตผลิตภัณฑ์คอนกรีต  ปูนซีเมนต์  และปูนปลาสเตอร์,23951,การผลิตผลิตภัณฑ์คอนกรีตที่ใช้ในงานก่อสร้าง,23951-020,พื้นสำเร็จรูปคอนกรีต,0.323239,104.114599,100.846067,124.578668,89.974755,109.835794,111.485667,82.830734,94.818296,90.389675,94.313567,87.19739,109.614789,106.613261,110.727079,123.351371,96.290992,120.911086,121.440252,121.817376,121.006765,106.897904,109.225289,116.679371,106.854234,113.388527,120.08411,124.626486,97.860221,124.290825,112.538863,112.79495,118.414489,103.449553,97.9233,94.543396,102.181089,97.501423,98.285277,93.283481,77.582573,79.967769,81.616798,77.535868,73.512146,62.944884,64.582633,64.409226,67.215334,66.954812,69.68224,73.830114,64.304012,62.536928,68.234851,65.942279,67.442168,61.211204,64.315058,59.941256,65.908839,63.88683,61.66424,74.280174,61.609515,74.232375,65.543793,-11.704573,-3.943818,2559 = 100,สำนักงานเศรษฐกิจอุตสาหกรรม (สศอ.) กระทรวงอุตสาหกรรม,Shipment.xlsx
386,4,PRODUCT_ITEM,23,การผลิตผลิตภัณฑ์อื่นๆ ที่ทำจากแร่อโลหะ,2395,การผลิตผลิตภัณฑ์คอนกรีต  ปูนซีเมนต์  และปูนปลาสเตอร์,23951,การผลิตผลิตภัณฑ์คอนกรีตที่ใช้ในงานก่อสร้าง,23951-030,อิฐบล็อค,0.025412,101.907441,102.694332,115.541509,104.583726,103.695226,112.08649,92.625119,102.309734,87.996953,87.949189,95.113183,93.497099,107.617029,93.064116,101.079008,95.073783,96.767699,104.474029,104.519097,97.632629,87.198311,83.923425,104.743123,114.895836,103.053492,99.462025,114.871919,89.886278,107.403993,101.771408,101.099399,112.386827,117.298879,125.572359,107.980821,98.997384,101.527198,93.694651,131.358465,112.931443,115.266609,115.573443,112.135843,145.809768,122.260492,148.287395,137.877892,125.301468,137.419955,135.317318,134.908389,130.434297,123.690844,120.221932,118.506519,108.531796,104.674138,109.255163,109.903601,108.83476,124.545337,110.251909,136.450789,118.095862,111.4216,106.803388,-4.144809,-11.161477,2559 = 100,สำนักงานเศรษฐกิจอุตสาหกรรม (สศอ.) กระทรวงอุตสาหกรรม,Shipment.xlsx
387,4,PRODUCT_ITEM,23,การผลิตผลิตภัณฑ์อื่นๆ ที่ทำจากแร่อโลหะ,2395,การผลิตผลิตภัณฑ์คอนกรีต  ปูนซีเมนต์  และปูนปลาสเตอร์,23951,การผลิตผลิตภัณฑ์คอนกรีตที่ใช้ในงานก่อสร้าง,23951-040,ท่อซีเมนต์,0.267696,103.31813,101.777751,131.471064,86.453976,113.353547,108.965101,95.269998,105.817125,86.186446,86.684764,87.567158,93.134941,108.218899,110.977598,142.157087,106.92317,126.943282,123.452165,111.810396,103.437966,96.127373,86.127576,109.990924,141.008764,131.397307,108.691973,136.411139,93.855844,132.655471,122.864271,116.547109,111.026015,104.574314,107.407409,112.77733,98.616896,108.687342,113.295769,114.925339,93.18067,111.884019,118.812623,109.904227,123.689053,113.946221,104.064332,109.649577,104.026949,122.339021,131.574543,132.913279,111.128969,125.316573,115.799455,102.728598,101.394979,109.009931,91.115705,88.728991,99.424186,108.323748,131.458598,126.26935,82.917335,97.726085,81.455176,-16.649505,-29.658411,2559 = 100,สำนักงานเศรษฐกิจอุตสาหกรรม (สศอ.) กระทรวงอุตสาหกรรม,Shipment.xlsx
388,3,CLASS_5DIGIT,23,การผลิตผลิตภัณฑ์อื่นๆ ที่ทำจากแร่อโลหะ,2395,การผลิตผลิตภัณฑ์คอนกรีต  ปูนซีเมนต์  และปูนปลาสเตอร์,23953,การผลิตคอนกรีตผสมเสร็จ,,การผลิตคอนกรีตผสมเสร็จ,1.175208,101.205139,104.21265,119.984991,88.12836,111.039456,104.807341,81.776596,93.989404,90.462483,96.399302,99.006062,108.988217,116.062271,117.419485,134.361073,103.413353,122.537838,131.445486,124.617974,117.39756,108.503103,110.259801,118.393788,121.872026,114.458554,119.698247,133.537817,98.669252,119.446025,122.783549,122.281342,128.332617,114.764655,114.202131,119.021817,120.876198,113.567873,118.655543,126.458873,95.213939,112.888207,117.63069,117.756693,121.24863,114.2661,115.945443,119.16354,118.005239,109.714121,112.207638,130.425719,100.199364,111.73002,120.198697,122.17135,115.862942,106.898439,112.803893,111.278759,120.035615,104.244907,111.452413,126.953888,96.284227,106.831059,109.07215,2.09779,-9.256795,2559 = 100,สำนักงานเศรษฐกิจอุตสาหกรรม (สศอ.) กระทรวงอุตสาหกรรม,Shipment.xlsx
389,4,PRODUCT_ITEM,23,การผลิตผลิตภัณฑ์อื่นๆ ที่ทำจากแร่อโลหะ,2395,การผลิตผลิตภัณฑ์คอนกรีต  ปูนซีเมนต์  และปูนปลาสเตอร์,23953,การผลิตคอนกรีตผสมเสร็จ,23953-010,คอนกรีตผสมเสร็จ,0.943039,100.930514,106.042565,121.712002,87.726359,111.033684,104.875672,81.041182,93.417509,88.601433,94.760271,100.064702,109.794107,118.668323,120.900057,137.49692,105.380553,124.200157,134.771983,125.777321,125.572189,114.687257,117.221318,127.079032,131.188965,120.815575,128.10839,141.580347,105.190491,126.008754,129.945715,128.382546,130.677918,118.877736,118.271909,124.978414,129.292341,117.520214,125.464915,133.259861,101.025986,118.729387,125.149705,125.496942,129.31895,122.563159,124.43043,128.830287,127.87113,115.828872,119.091503,140.567098,108.260459,119.710548,129.521984,132.03321,125.214955,114.670553,120.910826,120.903908,130.767646,110.013172,120.082037,135.225152,102.215391,113.327446,115.89634,2.266789,-10.519947,2559 = 100,สำนักงานเศรษฐกิจอุตสาหกรรม (สศอ.) กระทรวงอุตสาหกรรม,Shipment.xlsx
390,4,PRODUCT_ITEM,23,การผลิตผลิตภัณฑ์อื่นๆ ที่ทำจากแร่อโลหะ,2395,การผลิตผลิตภัณฑ์คอนกรีต  ปูนซีเมนต์  และปูนปลาสเตอร์,23953,การผลิตคอนกรีตผสมเสร็จ,23953-020,ปูนมอร์ตาร์,0.232169,102.320628,96.779777,112.970101,89.761237,111.062902,104.529788,84.763748,96.312365,98.021817,103.056829,94.70601,105.714797,105.476833,103.281862,121.62368,95.422847,115.785716,117.933701,119.908861,84.193302,83.383894,81.983048,83.115479,84.027857,88.637182,85.537364,100.870127,72.180847,92.789089,93.691782,97.499066,118.806314,98.057868,97.671235,94.826911,86.690941,97.513988,90.996777,98.834162,71.60618,89.162109,87.089449,86.316831,88.468063,80.564551,81.480555,79.898497,77.931303,84.876813,84.246291,89.232785,67.456269,79.314174,82.328747,82.113784,77.876306,75.329145,79.874605,72.182679,76.443528,80.814982,76.400026,93.357113,72.192628,80.443598,81.353199,1.130732,-1.184942,2559 = 100,สำนักงานเศรษฐกิจอุตสาหกรรม (สศอ.) กระทรวงอุตสาหกรรม,Shipment.xlsx
391,3,CLASS_5DIGIT,23,การผลิตผลิตภัณฑ์อื่นๆ ที่ทำจากแร่อโลหะ,2395,การผลิตผลิตภัณฑ์คอนกรีต  ปูนซีเมนต์  และปูนปลาสเตอร์,23954,การผลิตผลิตภัณฑ์ไฟเบอร์ซีเมนต์,,การผลิตผลิตภัณฑ์ไฟเบอร์ซีเมนต์,0.019432,118.774134,107.246957,125.701315,99.893266,117.670809,107.863616,87.7527,83.540019,88.488007,86.348205,87.24775,89.473222,109.660231,109.564583,133.22369,100.18491,112.615832,107.992429,86.195279,85.421422,94.127965,76.708571,86.320546,81.093445,104.264804,109.761315,119.631521,80.147593,112.15678,95.613259,80.449032,75.31931,78.402008,69.824261,69.903329,64.537933,85.18165,82.203667,98.200941,68.096178,87.241276,83.880485,72.02359,72.057391,69.252795,68.537569,70.585947,58.424749,80.274327,80.890619,102.729438,78.497465,86.272525,79.079809,67.323066,66.461759,68.224522,62.689306,58.868804,60.066142,76.626513,82.439212,98.782284,82.087108,84.535785,70.210108,-16.946287,-11.216138,2559 = 100,สำนักงานเศรษฐกิจอุตสาหกรรม (สศอ.) กระทรวงอุตสาหกรรม,Shipment.xlsx
392,4,PRODUCT_ITEM,23,การผลิตผลิตภัณฑ์อื่นๆ ที่ทำจากแร่อโลหะ,2395,การผลิตผลิตภัณฑ์คอนกรีต  ปูนซีเมนต์  และปูนปลาสเตอร์,23954,การผลิตผลิตภัณฑ์ไฟเบอร์ซีเมนต์,23954-010,กระเบื้องซีเมนต์ใยหินลอนคู่,0.017826,119.771504,107.519186,125.047079,100.272041,117.191844,107.844369,86.809297,83.719613,89.508034,87.004021,86.256735,89.056277,109.36115,109.203931,132.514346,98.843866,109.781572,106.297314,83.334468,82.050187,91.910828,74.073041,83.733632,78.604653,102.637151,108.189595,117.321657,77.439533,108.913944,92.080078,76.179835,71.9682,75.979641,67.835094,66.421383,61.747668,82.25525,80.855693,101.779037,70.855281,91.252718,87.220399,74.632689,74.871675,72.100354,71.704714,74.05556,60.914141,84.159513,85.278584,109.147935,83.203312,91.583537,83.303179,71.35539,69.802291,72.320587,66.849321,62.875122,64.216949,82.58143,88.60659,106.773824,88.197223,91.302167,75.727584,-17.058283,-9.094005,2559 = 100,สำนักงานเศรษฐกิจอุตสาหกรรม (สศอ.) กระทรวงอุตสาหกรรม,Shipment.xlsx
393,4,PRODUCT_ITEM,23,การผลิตผลิตภัณฑ์อื่นๆ ที่ทำจากแร่อโลหะ,2395,การผลิตผลิตภัณฑ์คอนกรีต  ปูนซีเมนต์  และปูนปลาสเตอร์,23954,การผลิตผลิตภัณฑ์ไฟเบอร์ซีเมนต์,23954-020,กระเบื้องมุงหลังคา,0.001605,107.699069,104.224048,132.966133,95.687244,122.989374,108.07734,98.228508,81.545752,77.161343,79.06585,98.25225,94.103089,112.981306,113.569365,141.100444,115.076231,144.088229,126.815446,117.962501,122.856538,118.747657,105.974214,115.046342,108.729679,122.338702,127.214127,145.280888,110.218634,148.166117,134.846664,127.855364,112.530949,105.300642,91.912518,108.567816,95.521801,117.677198,97.171939,58.468783,37.458338,42.697124,46.793166,43.051441,40.806812,37.632721,33.368725,32.058413,30.781855,37.132159,32.165461,31.456689,26.242453,27.297589,32.182347,22.54704,29.367575,22.740699,16.495358,14.381547,13.974437,10.501479,13.954959,10.042031,14.23872,9.40003,8.942544,-4.866859,-72.212891,2559 = 100,สำนักงานเศรษฐกิจอุตสาหกรรม (สศอ.) กระทรวงอุตสาหกรรม,Shipment.xlsx
394,2,GROUP_4DIGIT,23,การผลิตผลิตภัณฑ์อื่นๆ ที่ทำจากแร่อโลหะ,2399,การผลิตผลิตภัณฑ์อื่นๆ ที่ทำจากแร่อโลหะ  ซึ่งมิได้จัดประเภทไว้ในที่อื่น,,,,การผลิตผลิตภัณฑ์อื่นๆ ที่ทำจากแร่อโลหะ  ซึ่งมิได้จัดประเภทไว้ในที่อื่น,0.015859,72.41384,127.730835,161.876694,101.230623,113.529879,126.580868,98.094449,93.202832,79.47592,79.194451,68.480242,78.189367,119.35666,112.530511,147.000874,110.63418,110.662893,115.104854,91.3947,86.79407,88.550721,77.613071,102.090217,127.977705,115.367004,127.149024,165.305346,108.942475,123.012661,127.725673,98.124816,97.806822,100.434274,69.542996,58.452068,58.614814,47.696968,55.748194,66.392463,53.970054,78.994032,132.299228,151.098074,157.758796,147.858413,138.637413,121.709764,106.864711,101.200861,112.467557,150.246553,112.023513,135.538808,138.875248,126.754395,115.297446,120.693554,174.989502,153.249102,109.864622,126.094222,133.208607,166.969184,88.522265,125.265565,120.965921,-3.432422,-12.895982,2559 = 100,สำนักงานเศรษฐกิจอุตสาหกรรม (สศอ.) กระทรวงอุตสาหกรรม,Shipment.xlsx
395,3,CLASS_5DIGIT,23,การผลิตผลิตภัณฑ์อื่นๆ ที่ทำจากแร่อโลหะ,2399,การผลิตผลิตภัณฑ์อื่นๆ ที่ทำจากแร่อโลหะ  ซึ่งมิได้จัดประเภทไว้ในที่อื่น,23999,การผลิตผลิตภัณฑ์อื่นๆ ที่ทำจากแร่อโลหะ  ซึ่งมิได้จัดประเภทไว้ในที่อื่น,,การผลิตผลิตภัณฑ์อื่นๆ ที่ทำจากแร่อโลหะ  ซึ่งมิได้จัดประเภทไว้ในที่อื่น,0.015859,72.41384,127.730835,161.876694,101.230623,113.529879,126.580868,98.094449,93.202832,79.47592,79.194451,68.480242,78.189367,119.35666,112.530511,147.000874,110.63418,110.662893,115.104854,91.3947,86.79407,88.550721,77.613071,102.090217,127.977705,115.367004,127.149024,165.305346,108.942475,123.012661,127.725673,98.124816,97.806822,100.434274,69.542996,58.452068,58.614814,47.696968,55.748194,66.392463,53.970054,78.994032,132.299228,151.098074,157.758796,147.858413,138.637413,121.709764,106.864711,101.200861,112.467557,150.246553,112.023513,135.538808,138.875248,126.754395,115.297446,120.693554,174.989502,153.249102,109.864622,126.094222,133.208607,166.969184,88.522265,125.265565,120.965921,-3.432422,-12.895982,2559 = 100,สำนักงานเศรษฐกิจอุตสาหกรรม (สศอ.) กระทรวงอุตสาหกรรม,Shipment.xlsx
396,4,PRODUCT_ITEM,23,การผลิตผลิตภัณฑ์อื่นๆ ที่ทำจากแร่อโลหะ,2399,การผลิตผลิตภัณฑ์อื่นๆ ที่ทำจากแร่อโลหะ  ซึ่งมิได้จัดประเภทไว้ในที่อื่น,23999,การผลิตผลิตภัณฑ์อื่นๆ ที่ทำจากแร่อโลหะ  ซึ่งมิได้จัดประเภทไว้ในที่อื่น,23999-010,แอสฟัลท์คอนกรีต,0.015859,72.41384,127.730835,161.876694,101.230623,113.529879,126.580868,98.094449,93.202832,79.47592,79.194451,68.480242,78.189367,119.35666,112.530511,147.000874,110.63418,110.662893,115.104854,91.3947,86.79407,88.550721,77.613071,102.090217,127.977705,115.367004,127.149024,165.305346,108.942475,123.012661,127.725673,98.124816,97.806822,100.434274,69.542996,58.452068,58.614814,47.696968,55.748194,66.392463,53.970054,78.994032,132.299228,151.098074,157.758796,147.858413,138.637413,121.709764,106.864711,101.200861,112.467557,150.246553,112.023513,135.538808,138.875248,126.754395,115.297446,120.693554,174.989502,153.249102,109.864622,126.094222,133.208607,166.969184,88.522265,125.265565,120.965921,-3.432422,-12.895982,2559 = 100,สำนักงานเศรษฐกิจอุตสาหกรรม (สศอ.) กระทรวงอุตสาหกรรม,Shipment.xlsx
397,1,DIVISION_2DIGIT,24,การผลิตโลหะขั้นมูลฐาน,,,,,,การผลิตโลหะขั้นมูลฐาน,3.308199,107.898905,101.891403,114.431081,94.763655,104.987561,107.151159,93.588615,94.778216,90.278207,95.514799,100.866164,93.850235,93.529239,94.742333,116.362661,89.042174,91.950254,92.033955,75.014639,97.624067,86.698402,93.028821,93.237647,81.582022,93.915968,89.171337,104.532313,72.65493,85.708269,87.727992,87.178161,98.752277,96.783395,87.41287,87.285501,86.598647,94.614155,93.834475,96.356031,80.217618,99.656031,87.167229,87.762538,86.267815,90.427136,97.558563,91.373593,86.25892,91.07647,95.498171,100.485446,85.560848,96.688359,100.4685,96.550324,101.885055,100.514773,98.565446,101.068541,94.508822,103.151356,101.853337,121.509979,92.437768,102.24913,93.283449,-8.768466,-7.151546,2559 = 100,สำนักงานเศรษฐกิจอุตสาหกรรม (สศอ.) กระทรวงอุตสาหกรรม,Shipment.xlsx
398,2,GROUP_4DIGIT,24,การผลิตโลหะขั้นมูลฐาน,2410,การผลิตเหล็กและเหล็กกล้าขั้นมูลฐาน,,,,การผลิตเหล็กและเหล็กกล้าขั้นมูลฐาน,3.308199,107.898905,101.891403,114.431081,94.763655,104.987561,107.151159,93.588615,94.778216,90.278207,95.514799,100.866164,93.850235,93.529239,94.742333,116.362661,89.042174,91.950254,92.033955,75.014639,97.624067,86.698402,93.028821,93.237647,81.582022,93.915968,89.171337,104.532313,72.65493,85.708269,87.727992,87.178161,98.752277,96.783395,87.41287,87.285501,86.598647,94.614155,93.834475,96.356031,80.217618,99.656031,87.167229,87.762538,86.267815,90.427136,97.558563,91.373593,86.25892,91.07647,95.498171,100.485446,85.560848,96.688359,100.4685,96.550324,101.885055,100.514773,98.565446,101.068541,94.508822,103.151356,101.853337,121.509979,92.437768,102.24913,93.283449,-8.768466,-7.151546,2559 = 100,สำนักงานเศรษฐกิจอุตสาหกรรม (สศอ.) กระทรวงอุตสาหกรรม,Shipment.xlsx
399,3,CLASS_5DIGIT,24,การผลิตโลหะขั้นมูลฐาน,2410,การผลิตเหล็กและเหล็กกล้าขั้นมูลฐาน,24102,การผลิตเหล็กและเหล็กกล้าแผ่น,,การผลิตเหล็กและเหล็กกล้าแผ่น,1.350202,99.173018,97.494232,108.823677,96.870411,102.364742,110.20997,95.568502,104.765706,102.45693,99.442618,103.458219,79.371977,89.332068,90.596787,105.952122,85.541235,95.830748,89.618443,69.416221,73.826401,77.695963,84.042294,82.219903,64.729585,78.19642,76.948684,85.824792,65.29482,74.721687,77.930393,77.252571,77.010971,85.084606,75.353474,71.576802,74.047283,77.138166,71.003145,72.596953,65.915446,78.556788,70.445626,77.743281,68.291776,71.647005,79.258822,80.28098,73.900049,72.508336,79.18302,77.524012,72.69886,79.326403,91.868002,77.525801,82.726542,85.806149,82.821341,83.62298,73.589236,87.317126,87.15709,106.714572,75.56617,94.851871,82.115558,-13.427582,-10.615714,2559 = 100,สำนักงานเศรษฐกิจอุตสาหกรรม (สศอ.) กระทรวงอุตสาหกรรม,Shipment.xlsx
400,4,PRODUCT_ITEM,24,การผลิตโลหะขั้นมูลฐาน,2410,การผลิตเหล็กและเหล็กกล้าขั้นมูลฐาน,24102,การผลิตเหล็กและเหล็กกล้าแผ่น,24102-010,เหล็กแผ่นรีดร้อนชนิดม้วน,0.559451,99.773707,97.820299,108.449707,97.959462,105.341893,109.824492,90.067643,107.604347,100.939807,107.071237,103.761014,71.386391,87.393641,95.519761,117.1438,95.248281,102.009771,86.710348,57.645343,68.922321,81.704636,96.158915,82.489796,59.179817,81.12041,80.90687,87.497625,58.63873,66.978859,76.444267,82.028854,77.840704,97.232695,81.017731,64.538349,79.367153,87.404943,78.687077,72.628085,69.373087,91.151326,76.257765,90.199973,61.700998,71.577744,85.845926,88.835952,78.163908,74.426835,90.484081,86.641175,75.253845,81.833545,105.255345,76.741307,93.696588,100.488194,103.716345,102.212465,89.657052,109.145881,112.500403,139.385176,88.511782,124.400595,102.644778,-17.488515,-2.480223,2559 = 100,สำนักงานเศรษฐกิจอุตสาหกรรม (สศอ.) กระทรวงอุตสาหกรรม,Shipment.xlsx
401,4,PRODUCT_ITEM,24,การผลิตโลหะขั้นมูลฐาน,2410,การผลิตเหล็กและเหล็กกล้าขั้นมูลฐาน,24102,การผลิตเหล็กและเหล็กกล้าแผ่น,24102-020,เหล็กแผ่นรีดเย็น,0.324453,98.58228,95.868212,106.837876,98.062843,96.05685,110.863472,96.375711,103.877757,107.831139,96.253973,108.285945,81.103944,84.318699,77.89019,88.45872,68.330514,84.861733,88.427886,67.795129,67.370165,63.224896,64.935078,71.632973,57.003113,66.254004,62.732207,72.539419,59.496026,66.552944,66.465938,60.081048,62.982413,65.621205,65.739992,70.493869,68.588823,60.524037,60.580294,64.037401,54.505418,56.545975,52.975583,59.613907,63.780777,60.123302,64.546026,65.258101,62.267233,64.905501,62.335759,61.097396,52.857012,57.7428,64.543714,59.139191,61.863416,62.073801,49.239503,56.890453,46.690214,57.195627,60.976405,69.281631,55.724469,59.923706,53.843328,-10.146866,-16.578511,2559 = 100,สำนักงานเศรษฐกิจอุตสาหกรรม (สศอ.) กระทรวงอุตสาหกรรม,Shipment.xlsx
402,4,PRODUCT_ITEM,24,การผลิตโลหะขั้นมูลฐาน,2410,การผลิตเหล็กและเหล็กกล้าขั้นมูลฐาน,24102,การผลิตเหล็กและเหล็กกล้าแผ่น,24102-030,เหล็กแผ่นเคลือบสังกะสี,0.378584,103.164958,100.006567,112.2356,95.739624,106.308545,108.326049,97.262899,104.789738,101.757089,89.800533,99.591253,81.017148,90.675445,89.414277,105.966373,90.504296,98.846376,93.875882,85.160645,83.844151,82.414733,80.114665,86.405322,73.001821,82.495161,80.192478,93.010384,79.080261,94.881921,89.785245,82.920258,91.187609,86.972088,76.657504,79.588659,68.503377,72.794981,63.880188,70.963108,63.071365,68.154407,66.385864,68.279401,70.77403,72.349713,71.930107,72.958824,70.666666,69.435848,70.493547,68.667044,77.380353,78.217987,84.32605,79.150453,80.569904,80.954712,71.510155,71.461031,65.848316,73.331625,67.696513,86.344476,72.670944,83.389216,77.11818,-7.5202,-8.547619,2559 = 100,สำนักงานเศรษฐกิจอุตสาหกรรม (สศอ.) กระทรวงอุตสาหกรรม,Shipment.xlsx
403,4,PRODUCT_ITEM,24,การผลิตโลหะขั้นมูลฐาน,2410,การผลิตเหล็กและเหล็กกล้าขั้นมูลฐาน,24102,การผลิตเหล็กและเหล็กกล้าแผ่น,24102-040,เหล็กแผ่นเคลือบดีบุก,0.044309,79.349884,103.781233,108.941095,85.013733,91.221567,110.381057,120.188795,100.589318,80.165862,87.205675,105.661182,127.5006,119.228821,131.196501,111.869017,72.678062,88.277646,96.573425,83.661065,79.197888,82.901789,100.725314,110.773046,77.493933,75.173995,95.165462,83.853764,61.990347,62.350337,72.950055,73.446041,51.486627,54.486547,50.118664,69.126157,72.822058,80.229861,82.469801,102.669262,87.245673,110.213061,117.988854,83.805765,119.63681,104.389216,116.100904,91.021573,100.634788,87.998333,89.755063,104.956145,67.100595,125.434711,109.603541,143.948161,66.830218,92.682952,101.790214,117.900856,94.013493,118.89283,109.293086,94.10949,102.613264,83.565772,89.879771,7.555725,-17.995559,2559 = 100,สำนักงานเศรษฐกิจอุตสาหกรรม (สศอ.) กระทรวงอุตสาหกรรม,Shipment.xlsx
404,4,PRODUCT_ITEM,24,การผลิตโลหะขั้นมูลฐาน,2410,การผลิตเหล็กและเหล็กกล้าขั้นมูลฐาน,24102,การผลิตเหล็กและเหล็กกล้าแผ่น,24102-050,เหล็กแผ่นเคลือบโครเมี่ยม,0.043405,81.264026,77.115303,98.608601,95.886456,88.120337,126.550616,120.524049,78.869412,110.698126,121.543034,94.947534,105.872506,109.555407,90.99533,86.300722,58.919148,79.58998,91.766847,81.383415,92.436465,87.7273,87.923819,92.22539,108.83484,95.369685,85.310851,102.910172,77.566568,72.369746,84.466549,98.499424,73.585249,88.76812,88.593437,103.01207,95.886456,103.725359,100.297204,119.730697,109.671863,139.171468,112.99812,129.061685,112.896221,119.126585,130.64839,135.211985,106.808953,115.598074,124.454724,132.049676,152.967582,170.948847,171.24385,143.101838,132.322436,109.2625,143.822355,114.934191,114.22818,120.873415,103.346879,155.970158,54.668527,86.58416,64.509953,-25.494509,-62.328601,2559 = 100,สำนักงานเศรษฐกิจอุตสาหกรรม (สศอ.) กระทรวงอุตสาหกรรม,Shipment.xlsx
405,3,CLASS_5DIGIT,24,การผลิตโลหะขั้นมูลฐาน,2410,การผลิตเหล็กและเหล็กกล้าขั้นมูลฐาน,24103,การผลิตหลอด  ท่อ  โฟรไฟล์กลวง  และอุปกรณ์ติดตั้งที่เกี่ยวข้อง  ที่ทำจากเหล็กกล้า,,การผลิตหลอด  ท่อ  โฟรไฟล์กลวง  และอุปกรณ์ติดตั้งที่เกี่ยวข้อง  ที่ทำจากเหล็กกล้า,0.795754,120.409022,114.025081,119.819641,82.302458,83.371793,112.348457,109.331406,79.760848,75.04122,78.704214,97.598093,127.287765,94.849085,85.4611,134.974931,74.486887,74.134327,100.329757,68.136119,138.038756,86.705139,97.445424,111.68417,112.334767,115.744623,100.584861,135.026145,79.084413,95.802775,89.934797,97.813755,135.265262,115.106812,100.655223,103.653602,109.207795,114.372142,127.384585,128.489414,101.907477,129.422465,105.071683,102.855785,110.140145,121.875597,144.82934,113.095813,115.071881,121.872169,131.151391,147.465088,114.090436,132.829873,127.432661,124.196957,141.054595,131.392626,134.047279,141.278068,136.661696,128.979474,132.338913,158.739764,122.571158,129.587011,117.971913,-8.963165,-7.424115,2559 = 100,สำนักงานเศรษฐกิจอุตสาหกรรม (สศอ.) กระทรวงอุตสาหกรรม,Shipment.xlsx
406,4,PRODUCT_ITEM,24,การผลิตโลหะขั้นมูลฐาน,2410,การผลิตเหล็กและเหล็กกล้าขั้นมูลฐาน,24103,การผลิตหลอด  ท่อ  โฟรไฟล์กลวง  และอุปกรณ์ติดตั้งที่เกี่ยวข้อง  ที่ทำจากเหล็กกล้า,24103-010,ท่อเหล็กกล้า,0.795754,120.409022,114.025081,119.819641,82.302458,83.371793,112.348457,109.331406,79.760848,75.04122,78.704214,97.598093,127.287765,94.849085,85.4611,134.974931,74.486887,74.134327,100.329757,68.136119,138.038756,86.705139,97.445424,111.68417,112.334767,115.744623,100.584861,135.026145,79.084413,95.802775,89.934797,97.813755,135.265262,115.106812,100.655223,103.653602,109.207795,114.372142,127.384585,128.489414,101.907477,129.422465,105.071683,102.855785,110.140145,121.875597,144.82934,113.095813,115.071881,121.872169,131.151391,147.465088,114.090436,132.829873,127.432661,124.196957,141.054595,131.392626,134.047279,141.278068,136.661696,128.979474,132.338913,158.739764,122.571158,129.587011,117.971913,-8.963165,-7.424115,2559 = 100,สำนักงานเศรษฐกิจอุตสาหกรรม (สศอ.) กระทรวงอุตสาหกรรม,Shipment.xlsx
407,3,CLASS_5DIGIT,24,การผลิตโลหะขั้นมูลฐาน,2410,การผลิตเหล็กและเหล็กกล้าขั้นมูลฐาน,24109,การผลิตเหล็กและเหล็กกล้าขั้นมูลฐานอื่นๆ,,การผลิตเหล็กและเหล็กกล้าขั้นมูลฐานอื่นๆ,1.162243,109.470641,98.692111,117.255931,100.848013,122.834243,100.039233,80.5099,93.457491,86.562249,102.46149,100.092472,87.776226,97.501523,105.912896,115.713523,103.074877,99.640253,89.160211,86.227968,97.599556,97.152117,100.444744,93.407395,80.104343,97.232255,95.556146,105.386995,76.803246,91.560201,97.599138,91.427048,99.010232,97.828615,92.355872,94.327868,85.700004,101.388665,97.387331,101.956661,81.982338,103.787255,94.334412,89.068213,90.806272,90.712563,86.452825,89.387542,80.889081,91.562543,90.041099,94.994632,80.969509,92.113064,91.998299,99.722669,97.323656,96.460922,92.562324,93.805119,89.950698,103.862552,98.053687,113.20796,91.406403,92.125224,89.353949,-3.008161,-2.874347,2559 = 100,สำนักงานเศรษฐกิจอุตสาหกรรม (สศอ.) กระทรวงอุตสาหกรรม,Shipment.xlsx
408,4,PRODUCT_ITEM,24,การผลิตโลหะขั้นมูลฐาน,2410,การผลิตเหล็กและเหล็กกล้าขั้นมูลฐาน,24109,การผลิตเหล็กและเหล็กกล้าขั้นมูลฐานอื่นๆ,24109-010,เหล็กเส้นกลม,0.076987,99.863064,89.901957,135.832546,92.739154,124.065135,90.87579,98.13374,109.142113,70.597557,120.342189,85.788437,82.718318,105.331059,123.884687,126.814649,142.596754,72.760098,64.925159,80.766495,110.755125,98.473527,104.53429,95.208479,91.032064,114.153686,114.593025,129.034148,85.653863,112.859624,115.336853,106.718531,123.366475,99.255273,104.139299,105.821871,90.436865,116.214795,96.78548,105.195371,86.999027,116.862431,97.158928,91.328829,102.483886,104.466784,95.464294,78.197849,77.15881,106.827433,91.343564,96.403311,51.854071,116.06917,89.586789,115.555004,131.996984,72.410275,45.114411,131.65096,184.805866,131.267476,150.758884,128.513926,70.280923,73.152123,80.298901,9.769747,-10.367475,2559 = 100,สำนักงานเศรษฐกิจอุตสาหกรรม (สศอ.) กระทรวงอุตสาหกรรม,Shipment.xlsx
409,4,PRODUCT_ITEM,24,การผลิตโลหะขั้นมูลฐาน,2410,การผลิตเหล็กและเหล็กกล้าขั้นมูลฐาน,24109,การผลิตเหล็กและเหล็กกล้าขั้นมูลฐานอื่นๆ,24109-020,เหล็กเส้นข้ออ้อย,0.294454,103.125094,101.102535,115.221556,116.773427,141.291055,92.637942,68.937644,69.319891,79.144463,103.716283,111.284742,97.445369,93.228746,100.679337,107.943333,95.342817,114.824542,100.020196,109.325212,114.685037,120.858486,133.395138,117.183986,98.79208,118.420202,127.629784,141.962054,91.825863,119.498179,128.413411,119.004093,124.481091,130.270187,124.92284,128.078272,106.382411,130.975158,130.220157,146.340931,93.054438,145.916104,128.260291,114.416095,113.037067,112.481406,108.430727,117.480181,101.296801,116.040929,102.975904,116.103442,96.816825,96.287928,132.623747,132.800757,126.927961,139.710295,132.767015,121.488663,122.286497,141.249156,129.515153,152.677741,114.281774,135.760315,128.407671,-5.415901,-3.178975,2559 = 100,สำนักงานเศรษฐกิจอุตสาหกรรม (สศอ.) กระทรวงอุตสาหกรรม,Shipment.xlsx
410,4,PRODUCT_ITEM,24,การผลิตโลหะขั้นมูลฐาน,2410,การผลิตเหล็กและเหล็กกล้าขั้นมูลฐาน,24109,การผลิตเหล็กและเหล็กกล้าขั้นมูลฐานอื่นๆ,24109-030,เหล็กลวด,0.200734,98.866011,87.778036,112.446988,98.87421,138.712916,102.826201,81.25231,97.271533,88.057594,103.172363,99.414804,91.327034,109.161528,97.455276,117.410683,116.324184,108.4733,96.818162,84.204453,91.221068,97.271164,92.496626,86.428257,68.756651,79.226325,82.344543,78.930279,63.762403,79.809337,92.689216,79.709769,79.347327,78.168335,70.343217,73.052495,79.535697,89.750963,95.777127,89.897338,84.672369,88.256509,83.25355,76.887659,70.023079,84.060565,67.233674,81.327515,69.669275,66.561246,84.612397,83.718008,77.440733,87.614103,69.819993,73.988953,83.23648,91.515603,79.260124,86.565876,56.184323,93.435791,80.966956,80.600388,97.156572,72.518357,78.693467,8.515237,12.709072,2559 = 100,สำนักงานเศรษฐกิจอุตสาหกรรม (สศอ.) กระทรวงอุตสาหกรรม,Shipment.xlsx
411,4,PRODUCT_ITEM,24,การผลิตโลหะขั้นมูลฐาน,2410,การผลิตเหล็กและเหล็กกล้าขั้นมูลฐาน,24109,การผลิตเหล็กและเหล็กกล้าขั้นมูลฐานอื่นๆ,24109-040,ลวดเหล็ก,0.150156,114.833869,103.255743,115.475398,106.440591,113.513485,104.756381,93.019959,90.214107,83.417447,88.914265,98.134029,88.024724,104.183074,93.470135,99.330868,99.579804,97.847574,93.837652,71.697107,89.079384,83.085804,81.332349,79.03955,65.311393,80.085292,83.948498,84.716364,77.774171,81.587049,79.115725,74.466128,75.0915,79.356524,77.858718,72.221022,72.698582,78.453586,76.596245,69.40986,68.568008,77.80857,89.842373,80.22025,81.363105,67.822777,84.19713,78.139552,71.181297,90.147446,80.442806,83.943896,80.024341,96.051838,70.445088,80.468441,76.905736,76.925724,79.509567,69.570386,68.159267,76.924603,76.113944,81.746327,85.696243,76.53647,71.502802,-6.576823,1.501473,2559 = 100,สำนักงานเศรษฐกิจอุตสาหกรรม (สศอ.) กระทรวงอุตสาหกรรม,Shipment.xlsx
412,4,PRODUCT_ITEM,24,การผลิตโลหะขั้นมูลฐาน,2410,การผลิตเหล็กและเหล็กกล้าขั้นมูลฐาน,24109,การผลิตเหล็กและเหล็กกล้าขั้นมูลฐานอื่นๆ,24109-050,ลวดเหล็กแรงดึงสูง,0.072555,103.393357,105.545041,122.616101,99.924894,107.887228,105.585598,79.308731,95.41281,97.931647,94.233679,96.579863,91.581051,93.620424,96.866256,112.932595,92.70941,106.84824,89.613945,91.634511,86.991163,90.638263,88.409748,82.253543,86.3722,90.217697,87.77806,99.431337,76.056385,87.567686,93.110697,94.216674,87.885457,83.115609,86.553597,95.960352,81.717792,93.857888,89.442103,90.384878,75.284884,91.104457,85.718182,90.239439,88.547641,83.780611,83.927448,86.015109,82.229939,79.702927,80.085485,89.218177,78.434335,93.372057,85.810246,88.93137,78.51733,79.828805,80.801091,79.50899,78.685241,84.127426,84.899381,103.894641,90.844381,80.187367,79.01858,-1.45757,-7.91475,2559 = 100,สำนักงานเศรษฐกิจอุตสาหกรรม (สศอ.) กระทรวงอุตสาหกรรม,Shipment.xlsx
413,4,PRODUCT_ITEM,24,การผลิตโลหะขั้นมูลฐาน,2410,การผลิตเหล็กและเหล็กกล้าขั้นมูลฐาน,24109,การผลิตเหล็กและเหล็กกล้าขั้นมูลฐานอื่นๆ,24109-060,เหล็กโครงสร้างรูปพรรณ ชนิดรีดร้อน,0.289221,121.638339,100.632537,113.560816,89.114806,104.938562,103.308659,77.518096,110.561524,97.33282,103.900824,97.885501,79.607515,87.866027,123.34949,127.329448,103.668866,92.446025,83.252622,78.468778,89.52048,83.555447,87.874856,86.416458,73.829349,95.018972,78.879827,95.552727,72.134654,77.256263,80.944603,81.962476,99.506537,95.664722,87.9006,90.011743,82.089178,95.739083,83.718365,89.723775,81.669037,91.078424,76.497679,79.754809,89.390093,85.613556,76.973957,78.467135,73.430837,83.490498,85.051935,88.785574,76.207949,84.326122,80.043542,99.147598,89.231602,81.402867,86.02602,79.509435,75.083733,86.251046,80.833832,108.161922,75.836204,80.038662,76.299977,-4.6711,-4.676912,2559 = 100,สำนักงานเศรษฐกิจอุตสาหกรรม (สศอ.) กระทรวงอุตสาหกรรม,Shipment.xlsx
414,4,PRODUCT_ITEM,24,การผลิตโลหะขั้นมูลฐาน,2410,การผลิตเหล็กและเหล็กกล้าขั้นมูลฐาน,24109,การผลิตเหล็กและเหล็กกล้าขั้นมูลฐานอื่นๆ,24109-070,เหล็กโครงสร้างรูปพรรณ ชนิดรีดเย็น,0.078134,120.391653,103.992119,131.095559,87.433826,109.306603,103.482693,92.996686,100.273774,82.02295,106.635457,88.943464,73.425216,102.363801,97.425992,120.766357,73.376544,69.591654,64.895991,61.39019,92.766564,89.615645,87.092977,83.80597,73.90024,94.629,81.127947,93.878467,61.080832,71.297385,77.947475,67.57551,83.998505,81.845288,64.307043,67.415346,60.975772,77.161401,76.315067,81.056285,61.560608,80.783938,74.825266,72.999219,74.402935,81.512999,85.891251,80.421617,81.49997,92.115847,100.11738,92.611859,80.797549,84.419234,89.671215,74.729838,74.440488,78.600941,82.174881,83.551819,68.748274,98.038768,89.574319,120.943101,80.37176,82.533063,70.711084,-14.323932,-21.144055,2559 = 100,สำนักงานเศรษฐกิจอุตสาหกรรม (สศอ.) กระทรวงอุตสาหกรรม,Shipment.xlsx
415,1,DIVISION_2DIGIT,25,การผลิตผลิตภัณฑ์โลหะประดิษฐ์  (ยกเว้นเครื่องจักรและอุปกรณ์),,,,,,การผลิตผลิตภัณฑ์โลหะประดิษฐ์  (ยกเว้นเครื่องจักรและอุปกรณ์),1.872184,97.066287,95.934788,116.330096,97.348739,103.872803,108.492592,84.968647,86.688616,106.020259,97.436947,100.594243,105.245984,93.934085,102.775012,116.409268,92.442758,100.647208,102.384229,92.356929,100.384274,100.197536,91.631455,97.675858,91.543066,85.011741,85.625229,98.027067,73.415132,91.787144,97.581824,82.947201,86.54235,89.773314,84.140185,86.492755,84.185721,87.081484,83.753968,97.106356,79.630573,88.234011,88.969761,86.710061,95.379301,94.511669,94.944223,95.919904,86.183901,88.381941,91.571793,106.072723,83.003442,92.84841,89.11346,92.362487,88.494767,92.988169,85.299843,88.6529,90.380755,86.606583,87.845443,103.070563,86.764891,93.023923,88.562224,-4.796291,-0.618577,2559 = 100,สำนักงานเศรษฐกิจอุตสาหกรรม (สศอ.) กระทรวงอุตสาหกรรม,Shipment.xlsx
416,2,GROUP_4DIGIT,25,การผลิตผลิตภัณฑ์โลหะประดิษฐ์  (ยกเว้นเครื่องจักรและอุปกรณ์),2594,การผลิตถัง  กระป๋อง  ถังกลมขนาดใหญ่   และภาชนะบรรจุที่คล้ายกันที่ทำจากโลหะ,,,,การผลิตถัง  กระป๋อง  ถังกลมขนาดใหญ่   และภาชนะบรรจุที่คล้ายกันที่ทำจากโลหะ,0.81706,94.691243,93.454159,121.706646,101.578293,104.041761,107.535723,88.579951,85.590442,93.733265,93.19056,106.966812,108.931146,95.992008,96.488623,108.665146,97.382884,108.964358,108.804989,100.855122,103.227563,101.770994,95.678443,97.043566,93.741564,86.278734,85.262919,99.426141,75.167581,92.840121,90.968457,84.465673,88.362612,86.88425,88.43631,88.411597,90.318994,95.888014,91.337508,107.136089,90.986798,103.552938,92.144119,99.063096,102.881141,100.68471,102.362958,109.230241,95.380675,95.550668,92.536215,111.166637,91.28811,98.75836,96.669961,103.844425,97.420384,100.63938,96.969773,102.506177,108.462815,95.580986,96.274846,111.957539,93.650069,106.165392,106.862848,0.656952,10.544006,2559 = 100,สำนักงานเศรษฐกิจอุตสาหกรรม (สศอ.) กระทรวงอุตสาหกรรม,Shipment.xlsx
417,3,CLASS_5DIGIT,25,การผลิตผลิตภัณฑ์โลหะประดิษฐ์  (ยกเว้นเครื่องจักรและอุปกรณ์),2594,การผลิตถัง  กระป๋อง  ถังกลมขนาดใหญ่   และภาชนะบรรจุที่คล้ายกันที่ทำจากโลหะ,25949,การผลิตกระป๋องโลหะและบรรจุภัณฑ์อื่นๆ ที่ทำจากโลหะ,,การผลิตกระป๋องโลหะและบรรจุภัณฑ์อื่นๆ ที่ทำจากโลหะ,0.81706,94.691243,93.454159,121.706646,101.578293,104.041761,107.535723,88.579951,85.590442,93.733265,93.19056,106.966812,108.931146,95.992008,96.488623,108.665146,97.382884,108.964358,108.804989,100.855122,103.227563,101.770994,95.678443,97.043566,93.741564,86.278734,85.262919,99.426141,75.167581,92.840121,90.968457,84.465673,88.362612,86.88425,88.43631,88.411597,90.318994,95.888014,91.337508,107.136089,90.986798,103.552938,92.144119,99.063096,102.881141,100.68471,102.362958,109.230241,95.380675,95.550668,92.536215,111.166637,91.28811,98.75836,96.669961,103.844425,97.420384,100.63938,96.969773,102.506177,108.462815,95.580986,96.274846,111.957539,93.650069,106.165392,106.862848,0.656952,10.544006,2559 = 100,สำนักงานเศรษฐกิจอุตสาหกรรม (สศอ.) กระทรวงอุตสาหกรรม,Shipment.xlsx
418,4,PRODUCT_ITEM,25,การผลิตผลิตภัณฑ์โลหะประดิษฐ์  (ยกเว้นเครื่องจักรและอุปกรณ์),2594,การผลิตถัง  กระป๋อง  ถังกลมขนาดใหญ่   และภาชนะบรรจุที่คล้ายกันที่ทำจากโลหะ,25949,การผลิตกระป๋องโลหะและบรรจุภัณฑ์อื่นๆ ที่ทำจากโลหะ,25949-010,กระป๋องโลหะ,0.81706,94.691243,93.454159,121.706646,101.578293,104.041761,107.535723,88.579951,85.590442,93.733265,93.19056,106.966812,108.931146,95.992008,96.488623,108.665146,97.382884,108.964358,108.804989,100.855122,103.227563,101.770994,95.678443,97.043566,93.741564,86.278734,85.262919,99.426141,75.167581,92.840121,90.968457,84.465673,88.362612,86.88425,88.43631,88.411597,90.318994,95.888014,91.337508,107.136089,90.986798,103.552938,92.144119,99.063096,102.881141,100.68471,102.362958,109.230241,95.380675,95.550668,92.536215,111.166637,91.28811,98.75836,96.669961,103.844425,97.420384,100.63938,96.969773,102.506177,108.462815,95.580986,96.274846,111.957539,93.650069,106.165392,106.862848,0.656952,10.544006,2559 = 100,สำนักงานเศรษฐกิจอุตสาหกรรม (สศอ.) กระทรวงอุตสาหกรรม,Shipment.xlsx
419,2,GROUP_4DIGIT,25,การผลิตผลิตภัณฑ์โลหะประดิษฐ์  (ยกเว้นเครื่องจักรและอุปกรณ์),2595,การผลิตของที่ทำจากลวด  โซ่  สปริง  สลักเกลียว  และตะปูควง,,,,การผลิตของที่ทำจากลวด  โซ่  สปริง  สลักเกลียว  และตะปูควง,0.838154,100.635781,98.181223,111.916036,94.659213,103.317791,113.064705,76.703831,84.462897,119.982927,97.165421,96.8364,103.073774,96.486381,109.470123,129.874328,95.356437,98.521044,101.556563,84.961742,102.910102,105.285454,93.39668,104.096311,95.667869,93.004321,95.514691,108.805934,77.682743,99.338772,116.349409,88.340588,92.114031,103.145949,87.281476,90.378589,88.104603,83.901206,84.562339,97.788407,76.408239,81.798229,95.855432,84.364902,94.594309,96.684804,97.410219,91.859864,87.450294,90.152101,96.799169,107.307464,78.817696,98.670915,92.130099,91.11206,89.939603,94.487977,82.648762,81.083781,85.075874,88.083648,87.538302,107.649999,89.931976,91.969559,82.826764,-9.941111,-10.098041,2559 = 100,สำนักงานเศรษฐกิจอุตสาหกรรม (สศอ.) กระทรวงอุตสาหกรรม,Shipment.xlsx
420,3,CLASS_5DIGIT,25,การผลิตผลิตภัณฑ์โลหะประดิษฐ์  (ยกเว้นเครื่องจักรและอุปกรณ์),2595,การผลิตของที่ทำจากลวด  โซ่  สปริง  สลักเกลียว  และตะปูควง,25951,การผลิตลวด  เคเบิล  และของที่ทำจากลวด,,การผลิตลวด  เคเบิล  และของที่ทำจากลวด,0.373841,101.803098,97.580315,116.858525,94.852435,105.949191,136.053898,54.258013,80.0493,140.842631,79.017101,85.12409,107.611402,83.87232,100.617242,126.199516,95.923481,99.093204,102.271121,69.334716,82.475008,89.090937,79.275579,97.195227,97.354361,83.629916,85.406563,103.017991,71.321163,82.39686,123.124864,76.063523,79.255171,102.682113,74.452215,86.495753,96.633297,82.901327,76.854185,96.956921,70.305255,78.660026,96.753484,67.080552,77.591363,86.597225,88.774226,81.016924,87.27822,72.097642,84.45984,88.972838,67.091662,85.570759,81.866547,80.46049,80.046404,91.450572,74.98893,78.385138,92.265919,80.233944,75.070171,101.711731,87.646386,86.919491,71.924955,-17.251062,-12.143656,2559 = 100,สำนักงานเศรษฐกิจอุตสาหกรรม (สศอ.) กระทรวงอุตสาหกรรม,Shipment.xlsx
421,4,PRODUCT_ITEM,25,การผลิตผลิตภัณฑ์โลหะประดิษฐ์  (ยกเว้นเครื่องจักรและอุปกรณ์),2595,การผลิตของที่ทำจากลวด  โซ่  สปริง  สลักเกลียว  และตะปูควง,25951,การผลิตลวด  เคเบิล  และของที่ทำจากลวด,25951-010,ลวดเชื่อมไฟฟ้า,0.373841,101.803098,97.580315,116.858525,94.852435,105.949191,136.053898,54.258013,80.0493,140.842631,79.017101,85.12409,107.611402,83.87232,100.617242,126.199516,95.923481,99.093204,102.271121,69.334716,82.475008,89.090937,79.275579,97.195227,97.354361,83.629916,85.406563,103.017991,71.321163,82.39686,123.124864,76.063523,79.255171,102.682113,74.452215,86.495753,96.633297,82.901327,76.854185,96.956921,70.305255,78.660026,96.753484,67.080552,77.591363,86.597225,88.774226,81.016924,87.27822,72.097642,84.45984,88.972838,67.091662,85.570759,81.866547,80.46049,80.046404,91.450572,74.98893,78.385138,92.265919,80.233944,75.070171,101.711731,87.646386,86.919491,71.924955,-17.251062,-12.143656,2559 = 100,สำนักงานเศรษฐกิจอุตสาหกรรม (สศอ.) กระทรวงอุตสาหกรรม,Shipment.xlsx
422,3,CLASS_5DIGIT,25,การผลิตผลิตภัณฑ์โลหะประดิษฐ์  (ยกเว้นเครื่องจักรและอุปกรณ์),2595,การผลิตของที่ทำจากลวด  โซ่  สปริง  สลักเกลียว  และตะปูควง,25952,การผลิตโซ่  สปริง  สลักเกลียว  และตะปูควง,,การผลิตโซ่  สปริง  สลักเกลียว  และตะปูควง,0.464313,99.695917,98.665044,107.936596,94.50364,101.199122,94.554976,94.776062,88.016501,103.187754,111.777525,106.266557,99.420306,106.642582,116.598013,132.833099,94.899882,98.060371,100.981237,97.543829,119.3634,118.324456,104.766272,109.652712,94.309993,100.552115,103.653241,113.466091,82.804765,112.979537,110.894157,98.225456,102.467331,103.519406,97.610945,93.504851,81.237733,84.706258,90.768553,98.457876,81.322052,84.324949,95.132366,98.281381,108.284216,104.80681,104.363481,100.590048,87.588839,104.688633,106.734168,122.069573,88.258902,109.218494,100.393789,99.688163,97.905103,96.933541,88.816068,83.256592,79.286815,94.40383,97.577007,112.43119,91.772217,96.035618,91.604346,-4.614197,-8.754967,2559 = 100,สำนักงานเศรษฐกิจอุตสาหกรรม (สศอ.) กระทรวงอุตสาหกรรม,Shipment.xlsx
423,4,PRODUCT_ITEM,25,การผลิตผลิตภัณฑ์โลหะประดิษฐ์  (ยกเว้นเครื่องจักรและอุปกรณ์),2595,การผลิตของที่ทำจากลวด  โซ่  สปริง  สลักเกลียว  และตะปูควง,25952,การผลิตโซ่  สปริง  สลักเกลียว  และตะปูควง,25952-010,สกรู น๊อต และตะปู,0.442074,98.747209,98.029715,107.420661,93.920923,99.886194,94.650997,94.934918,88.281074,104.469837,113.313405,106.337364,100.007703,107.329674,117.620113,134.294338,95.625882,97.639113,100.590174,97.073812,119.876325,119.240351,105.075107,109.316525,93.871363,100.063678,103.821296,113.799826,83.1458,114.169845,112.364215,99.030545,103.849034,104.715956,98.607235,93.970097,81.735137,84.682555,91.024616,98.802443,81.76584,84.389629,95.778586,99.356248,109.803301,105.64186,105.777443,101.848153,88.188935,105.091424,107.983148,123.578161,88.959078,110.116654,100.760733,100.170645,98.305036,97.07563,88.856028,83.04635,79.180532,94.884125,97.975322,113.979109,92.665548,96.884072,92.470739,-4.555272,-8.227405,2559 = 100,สำนักงานเศรษฐกิจอุตสาหกรรม (สศอ.) กระทรวงอุตสาหกรรม,Shipment.xlsx
424,4,PRODUCT_ITEM,25,การผลิตผลิตภัณฑ์โลหะประดิษฐ์  (ยกเว้นเครื่องจักรและอุปกรณ์),2595,การผลิตของที่ทำจากลวด  โซ่  สปริง  สลักเกลียว  และตะปูควง,25952,การผลิตโซ่  สปริง  สลักเกลียว  และตะปูควง,25952-020,สปริง,0.022239,118.554653,111.294321,118.19252,106.087096,127.29794,92.646235,91.618274,82.757239,77.702085,81.246783,104.859029,87.743824,92.984325,96.280358,103.786095,80.468209,106.434271,108.754909,106.887,109.167318,100.117973,98.62713,116.335562,103.029225,110.261433,100.312604,106.831995,76.025546,89.318194,81.671835,82.22163,75.001369,79.733988,77.806345,84.256545,71.350171,85.177433,85.678446,91.608468,72.500286,83.03923,82.28659,76.914825,78.08734,88.207404,76.256266,75.581031,75.659928,96.681816,81.906537,92.081357,74.340569,91.364557,93.09956,90.097216,89.9551,94.109053,88.021733,87.435849,81.399551,84.856366,89.659172,81.661133,74.014276,79.169757,74.381885,-6.047602,-20.10501,2559 = 100,สำนักงานเศรษฐกิจอุตสาหกรรม (สศอ.) กระทรวงอุตสาหกรรม,Shipment.xlsx
425,2,GROUP_4DIGIT,25,การผลิตผลิตภัณฑ์โลหะประดิษฐ์  (ยกเว้นเครื่องจักรและอุปกรณ์),2599,การผลิตผลิตภัณฑ์โลหะประดิษฐ์อื่นๆ   ซึ่งมิได้จัดประเภทไว้ในที่อื่น,,,,การผลิตผลิตภัณฑ์โลหะประดิษฐ์อื่นๆ   ซึ่งมิได้จัดประเภทไว้ในที่อื่น,0.21697,92.221231,96.598306,113.134715,91.81083,105.380555,94.433914,103.296212,99.422015,98.352591,114.476764,91.113126,99.759739,76.32493,100.584954,93.556455,62.58387,77.540092,81.402396,88.922229,79.919851,74.617681,69.572388,75.254775,67.329956,49.365279,48.786709,51.119826,50.330072,58.650013,49.987248,56.394389,58.164313,48.994509,55.827199,64.2559,45.950627,66.203504,52.073381,56.701939,49.313497,55.407832,50.416586,49.25071,70.161518,62.870626,57.480861,61.480144,46.658913,54.548064,67.746703,82.120423,67.974793,48.100625,49.004174,53.954544,49.301567,58.381734,51.594682,65.724084,42.780599,47.105167,57.288743,51.91395,48.602487,47.609181,41.80233,-12.196913,-14.696388,2559 = 100,สำนักงานเศรษฐกิจอุตสาหกรรม (สศอ.) กระทรวงอุตสาหกรรม,Shipment.xlsx
426,3,CLASS_5DIGIT,25,การผลิตผลิตภัณฑ์โลหะประดิษฐ์  (ยกเว้นเครื่องจักรและอุปกรณ์),2599,การผลิตผลิตภัณฑ์โลหะประดิษฐ์อื่นๆ   ซึ่งมิได้จัดประเภทไว้ในที่อื่น,25992,การผลิตเครื่องใช้ในครัวที่ทำจากโลหะ,,การผลิตเครื่องใช้ในครัวที่ทำจากโลหะ,0.21697,92.221231,96.598306,113.134715,91.81083,105.380555,94.433914,103.296212,99.422015,98.352591,114.476764,91.113126,99.759739,76.32493,100.584954,93.556455,62.58387,77.540092,81.402396,88.922229,79.919851,74.617681,69.572388,75.254775,67.329956,49.365279,48.786709,51.119826,50.330072,58.650013,49.987248,56.394389,58.164313,48.994509,55.827199,64.2559,45.950627,66.203504,52.073381,56.701939,49.313497,55.407832,50.416586,49.25071,70.161518,62.870626,57.480861,61.480144,46.658913,54.548064,67.746703,82.120423,67.974793,48.100625,49.004174,53.954544,49.301567,58.381734,51.594682,65.724084,42.780599,47.105167,57.288743,51.91395,48.602487,47.609181,41.80233,-12.196913,-14.696388,2559 = 100,สำนักงานเศรษฐกิจอุตสาหกรรม (สศอ.) กระทรวงอุตสาหกรรม,Shipment.xlsx
427,4,PRODUCT_ITEM,25,การผลิตผลิตภัณฑ์โลหะประดิษฐ์  (ยกเว้นเครื่องจักรและอุปกรณ์),2599,การผลิตผลิตภัณฑ์โลหะประดิษฐ์อื่นๆ   ซึ่งมิได้จัดประเภทไว้ในที่อื่น,25992,การผลิตเครื่องใช้ในครัวที่ทำจากโลหะ,25992-010,เครื่องครัวและของใช้จากโลหะ,0.21697,92.221231,96.598306,113.134715,91.81083,105.380555,94.433914,103.296212,99.422015,98.352591,114.476764,91.113126,99.759739,76.32493,100.584954,93.556455,62.58387,77.540092,81.402396,88.922229,79.919851,74.617681,69.572388,75.254775,67.329956,49.365279,48.786709,51.119826,50.330072,58.650013,49.987248,56.394389,58.164313,48.994509,55.827199,64.2559,45.950627,66.203504,52.073381,56.701939,49.313497,55.407832,50.416586,49.25071,70.161518,62.870626,57.480861,61.480144,46.658913,54.548064,67.746703,82.120423,67.974793,48.100625,49.004174,53.954544,49.301567,58.381734,51.594682,65.724084,42.780599,47.105167,57.288743,51.91395,48.602487,47.609181,41.80233,-12.196913,-14.696388,2559 = 100,สำนักงานเศรษฐกิจอุตสาหกรรม (สศอ.) กระทรวงอุตสาหกรรม,Shipment.xlsx
428,1,DIVISION_2DIGIT,26,การผลิตผลิตภัณฑ์คอมพิวเตอร์  อิเล็กทรอนิกส์  และอุปกรณ์ที่ใช้ในทางทัศนศาสตร์,,,,,,การผลิตผลิตภัณฑ์คอมพิวเตอร์  อิเล็กทรอนิกส์  และอุปกรณ์ที่ใช้ในทางทัศนศาสตร์,8.982462,92.737556,94.379363,106.694865,93.045948,97.749899,107.803045,98.232834,96.822322,108.018787,99.665816,96.892195,107.957371,94.655617,91.979339,109.068434,77.824223,83.915558,98.626725,87.921877,94.201218,99.374661,87.164203,86.183971,77.757762,77.952868,77.886318,81.567771,65.473786,75.257972,84.51778,71.354193,67.444293,78.365153,59.081609,60.835825,72.613467,60.645416,60.543979,76.91016,62.187628,66.900706,82.00321,66.586806,71.010093,88.633838,61.674076,63.743155,91.96557,58.796418,65.993139,83.40853,64.844356,77.767244,75.628053,70.905328,69.994723,89.861756,71.108638,66.802374,69.906635,75.349701,69.969483,89.658731,77.81057,78.684582,80.428443,2.216268,6.347367,2559 = 100,สำนักงานเศรษฐกิจอุตสาหกรรม (สศอ.) กระทรวงอุตสาหกรรม,Shipment.xlsx
429,2,GROUP_4DIGIT,26,การผลิตผลิตภัณฑ์คอมพิวเตอร์  อิเล็กทรอนิกส์  และอุปกรณ์ที่ใช้ในทางทัศนศาสตร์,2610,การผลิตชิ้นส่วนและแผ่นวงจรอิเล็กทรอนิกส์,,,,การผลิตชิ้นส่วนและแผ่นวงจรอิเล็กทรอนิกส์,6.035343,90.76897,92.301431,102.091948,96.878068,100.248882,105.188248,104.250369,97.023227,101.184171,107.609692,103.150289,99.304704,103.298978,92.900159,102.229635,94.565515,95.151687,93.901119,102.860023,107.419735,98.930183,106.491227,100.775907,82.143307,98.419109,89.387405,81.084716,82.9371,86.681639,86.880303,89.807772,80.828134,80.234658,71.480652,69.343744,75.692872,71.945031,67.407257,81.201809,72.189818,73.806531,89.270421,78.129898,79.811638,94.954972,69.457866,67.414656,102.034903,67.57117,73.805031,87.782517,74.970833,89.623738,79.787197,83.486539,75.426419,100.162194,77.96552,72.950152,71.351031,84.934647,76.941487,99.409686,87.053123,89.414739,88.771655,-0.719216,11.260525,2559 = 100,สำนักงานเศรษฐกิจอุตสาหกรรม (สศอ.) กระทรวงอุตสาหกรรม,Shipment.xlsx
430,3,CLASS_5DIGIT,26,การผลิตผลิตภัณฑ์คอมพิวเตอร์  อิเล็กทรอนิกส์  และอุปกรณ์ที่ใช้ในทางทัศนศาสตร์,2610,การผลิตชิ้นส่วนและแผ่นวงจรอิเล็กทรอนิกส์,26103,การผลิตแผ่นวงจรอิเล็กทรอนิกส์,,การผลิตแผ่นวงจรอิเล็กทรอนิกส์,2.699015,92.118036,98.846744,104.845719,97.635576,106.088574,105.413587,98.48408,90.090399,100.32137,104.197107,102.578969,99.379838,103.761266,101.168431,106.65936,94.756388,93.716786,89.024643,88.514857,108.669966,114.850621,97.776682,98.805504,78.833361,89.0816,92.352805,90.16981,79.309899,90.59394,90.337762,87.77308,79.864056,76.594027,74.557083,77.608744,73.927484,79.688402,74.386869,84.625249,73.827348,83.419516,77.497886,78.155389,74.923461,76.230139,68.767415,75.602773,71.399463,72.684932,78.224788,89.134932,74.557119,87.779864,85.396172,92.233834,86.304509,85.675661,91.928749,84.196103,73.084862,83.118948,80.070564,79.236362,76.335288,79.649695,77.562138,-2.620924,-9.173754,2559 = 100,สำนักงานเศรษฐกิจอุตสาหกรรม (สศอ.) กระทรวงอุตสาหกรรม,Shipment.xlsx
431,4,PRODUCT_ITEM,26,การผลิตผลิตภัณฑ์คอมพิวเตอร์  อิเล็กทรอนิกส์  และอุปกรณ์ที่ใช้ในทางทัศนศาสตร์,2610,การผลิตชิ้นส่วนและแผ่นวงจรอิเล็กทรอนิกส์,26103,การผลิตแผ่นวงจรอิเล็กทรอนิกส์,26103-010,Printed circuit Board Assembly,2.141015,91.208768,100.291716,106.069166,97.160899,109.616312,107.171964,97.254864,89.630598,101.355765,101.649007,102.7516,95.839342,100.661283,100.915587,107.011261,93.387026,91.247449,90.560938,92.526954,116.444789,122.844828,100.822299,102.999335,78.015097,89.797829,94.515177,91.884615,79.611615,91.634584,94.985827,87.718318,79.608746,77.592984,73.714245,76.655725,72.140011,79.984391,73.554636,87.257632,72.061577,84.292324,77.133389,74.500077,72.729922,76.333279,67.013359,74.628964,70.190503,70.844136,76.68282,91.215228,74.374143,89.44059,87.263048,94.901273,87.971033,88.049672,95.652586,86.62347,72.021647,84.508622,81.390017,79.084261,76.514392,76.890571,75.63491,-1.63305,-13.325387,2559 = 100,สำนักงานเศรษฐกิจอุตสาหกรรม (สศอ.) กระทรวงอุตสาหกรรม,Shipment.xlsx
432,4,PRODUCT_ITEM,26,การผลิตผลิตภัณฑ์คอมพิวเตอร์  อิเล็กทรอนิกส์  และอุปกรณ์ที่ใช้ในทางทัศนศาสตร์,2610,การผลิตชิ้นส่วนและแผ่นวงจรอิเล็กทรอนิกส์,26103,การผลิตแผ่นวงจรอิเล็กทรอนิกส์,26103-020,Printed wiring boards,0.558,95.606848,93.30247,100.151424,99.456886,92.55284,98.666792,103.200513,91.854628,96.352454,113.974026,101.916596,112.964524,115.655725,102.138581,105.309136,100.010556,103.191495,83.129963,73.120667,78.838404,84.177294,86.090819,82.714006,81.972994,86.333471,84.055905,83.5902,78.152231,86.601048,72.503394,87.9832,80.843668,72.761085,77.791004,81.265427,80.785919,78.552706,77.5801,74.524942,80.602514,80.0706,78.896442,92.180616,83.33995,75.834398,75.49763,79.339226,76.038176,79.747963,84.141233,81.152952,75.259191,81.407747,78.233073,81.999022,79.910149,76.566712,77.640594,74.882432,77.164362,77.786849,75.007895,79.819966,75.648078,90.236303,84.956805,-5.850747,8.594488,2559 = 100,สำนักงานเศรษฐกิจอุตสาหกรรม (สศอ.) กระทรวงอุตสาหกรรม,Shipment.xlsx
433,3,CLASS_5DIGIT,26,การผลิตผลิตภัณฑ์คอมพิวเตอร์  อิเล็กทรอนิกส์  และอุปกรณ์ที่ใช้ในทางทัศนศาสตร์,2610,การผลิตชิ้นส่วนและแผ่นวงจรอิเล็กทรอนิกส์,26104,การผลิตอุปกรณ์กึ่งตัวนำและวงจรรวม,,การผลิตอุปกรณ์กึ่งตัวนำและวงจรรวม,2.49031,86.477919,84.84773,100.120326,99.969156,97.01074,109.025973,112.746372,100.527492,99.062607,110.723226,101.604185,97.884274,106.089018,83.459589,98.929506,98.35935,100.216058,100.172447,124.150475,112.28876,88.961438,125.150966,111.971782,89.007995,117.464169,96.905618,77.235167,94.337342,93.85993,89.901502,99.129736,85.606199,85.989874,67.748041,58.810073,81.96816,65.576897,62.62959,83.876399,69.618509,67.591331,110.077581,74.783376,85.985343,119.165041,65.704525,55.789699,145.304076,63.37157,69.622227,87.267198,75.046932,97.198711,73.081893,69.373642,60.339937,117.639633,56.700055,53.2444,63.349657,83.554545,70.644421,124.519627,96.628833,99.895907,100.636049,0.740913,37.703122,2559 = 100,สำนักงานเศรษฐกิจอุตสาหกรรม (สศอ.) กระทรวงอุตสาหกรรม,Shipment.xlsx
434,4,PRODUCT_ITEM,26,การผลิตผลิตภัณฑ์คอมพิวเตอร์  อิเล็กทรอนิกส์  และอุปกรณ์ที่ใช้ในทางทัศนศาสตร์,2610,การผลิตชิ้นส่วนและแผ่นวงจรอิเล็กทรอนิกส์,26104,การผลิตอุปกรณ์กึ่งตัวนำและวงจรรวม,26104-010,Semiconductor devices,0.237221,93.210643,88.449397,106.157494,90.705056,104.592171,103.221884,107.318362,105.853154,103.738079,102.298,104.877135,89.578625,97.484659,96.906302,103.205825,86.251146,109.372234,94.589639,102.088662,106.586178,96.647066,95.663057,95.406937,82.105889,87.545967,78.877446,75.798057,72.506054,76.053937,70.321266,75.575336,71.681485,61.655022,67.743889,64.396594,57.692537,70.00602,64.036844,63.175361,60.263283,62.083207,76.132199,70.862349,70.22143,75.311106,71.052831,76.323959,68.447169,75.928614,75.188539,80.979418,70.614379,77.577392,77.633602,83.60861,82.236886,81.898349,88.501452,79.96201,76.817263,82.258419,81.936861,88.951729,78.494485,94.081075,89.195464,-5.192979,14.892858,2559 = 100,สำนักงานเศรษฐกิจอุตสาหกรรม (สศอ.) กระทรวงอุตสาหกรรม,Shipment.xlsx
435,4,PRODUCT_ITEM,26,การผลิตผลิตภัณฑ์คอมพิวเตอร์  อิเล็กทรอนิกส์  และอุปกรณ์ที่ใช้ในทางทัศนศาสตร์,2610,การผลิตชิ้นส่วนและแผ่นวงจรอิเล็กทรอนิกส์,26104,การผลิตอุปกรณ์กึ่งตัวนำและวงจรรวม,26104-020,Integrated circuits (IC),2.253089,85.76905,84.468521,99.48469,100.944546,96.212512,109.637069,113.317872,99.966768,98.57034,111.610294,101.259586,98.758752,106.994946,82.043823,98.479265,99.634188,99.25203,100.760245,126.473301,112.889168,88.15224,128.255664,113.715847,89.734698,120.614171,98.803753,77.386477,96.635896,95.734672,91.963049,101.609712,87.072293,88.552022,67.748479,58.221884,84.524071,65.110568,62.481424,86.055952,70.603494,68.171265,113.651594,75.196209,87.645081,123.782296,65.141417,53.627706,153.396121,62.049474,69.036166,87.92922,75.513623,99.264584,72.602657,67.874883,58.03447,121.402731,53.351776,50.431379,61.931691,83.691011,69.455472,128.26447,98.538147,100.508134,101.840595,1.325725,40.271169,2559 = 100,สำนักงานเศรษฐกิจอุตสาหกรรม (สศอ.) กระทรวงอุตสาหกรรม,Shipment.xlsx
436,3,CLASS_5DIGIT,26,การผลิตผลิตภัณฑ์คอมพิวเตอร์  อิเล็กทรอนิกส์  และอุปกรณ์ที่ใช้ในทางทัศนศาสตร์,2610,การผลิตชิ้นส่วนและแผ่นวงจรอิเล็กทรอนิกส์,26109,การผลิตชิ้นส่วนอิเล็กทรอนิกส์อื่นๆ,,การผลิตชิ้นส่วนอิเล็กทรอนิกส์อื่นๆ,0.846017,99.096099,93.360659,99.110305,85.362595,91.150444,93.172753,97.637761,108.825706,110.181701,109.331827,109.524008,103.246141,93.61149,94.31119,97.811818,82.789165,84.822069,90.998261,85.954914,89.098861,77.483541,79.366666,74.10618,72.496211,72.147749,57.796631,63.432317,60.951419,53.07059,66.957007,68.859123,69.839227,74.90834,72.653236,73.982829,62.853179,65.98671,59.203878,62.407311,74.534497,61.433482,65.580561,87.899291,77.233466,83.428046,82.708799,75.511296,72.404127,63.618756,72.017227,84.984839,76.06668,73.208723,81.630633,97.122679,85.13058,94.931952,96.015553,95.077882,89.37225,94.789625,85.494768,89.854991,93.059033,89.715728,89.609265,-0.118667,9.774066,2559 = 100,สำนักงานเศรษฐกิจอุตสาหกรรม (สศอ.) กระทรวงอุตสาหกรรม,Shipment.xlsx
437,4,PRODUCT_ITEM,26,การผลิตผลิตภัณฑ์คอมพิวเตอร์  อิเล็กทรอนิกส์  และอุปกรณ์ที่ใช้ในทางทัศนศาสตร์,2610,การผลิตชิ้นส่วนและแผ่นวงจรอิเล็กทรอนิกส์,26109,การผลิตชิ้นส่วนอิเล็กทรอนิกส์อื่นๆ,26109-010,ชิ้นส่วนอิเล็กทรอนิกส์อื่น ๆ,0.846017,99.096099,93.360659,99.110305,85.362595,91.150444,93.172753,97.637761,108.825706,110.181701,109.331827,109.524008,103.246141,93.61149,94.31119,97.811818,82.789165,84.822069,90.998261,85.954914,89.098861,77.483541,79.366666,74.10618,72.496211,72.147749,57.796631,63.432317,60.951419,53.07059,66.957007,68.859123,69.839227,74.90834,72.653236,73.982829,62.853179,65.98671,59.203878,62.407311,74.534497,61.433482,65.580561,87.899291,77.233466,83.428046,82.708799,75.511296,72.404127,63.618756,72.017227,84.984839,76.06668,73.208723,81.630633,97.122679,85.13058,94.931952,96.015553,95.077882,89.37225,94.789625,85.494768,89.854991,93.059033,89.715728,89.609265,-0.118667,9.774066,2559 = 100,สำนักงานเศรษฐกิจอุตสาหกรรม (สศอ.) กระทรวงอุตสาหกรรม,Shipment.xlsx
438,2,GROUP_4DIGIT,26,การผลิตผลิตภัณฑ์คอมพิวเตอร์  อิเล็กทรอนิกส์  และอุปกรณ์ที่ใช้ในทางทัศนศาสตร์,2620,การผลิตคอมพิวเตอร์และอุปกรณ์ต่อพ่วง,,,,การผลิตคอมพิวเตอร์และอุปกรณ์ต่อพ่วง,2.947119,96.768983,98.634716,116.12108,85.19823,92.632283,113.157832,85.909651,96.410891,122.015251,83.397721,84.076378,125.676983,76.955061,90.093611,123.073466,43.540088,60.905329,108.304192,57.330365,67.131299,100.284896,47.584799,56.301456,68.776699,36.040486,54.333486,82.557009,29.711036,51.863688,79.679618,33.563501,40.03581,74.536635,33.689872,43.41264,66.307218,37.505174,46.488816,68.121383,41.704355,52.758412,67.120841,42.947954,52.985597,75.688922,45.733818,56.224367,71.344797,40.82679,49.995334,74.451134,44.106559,53.486581,67.11063,45.140531,58.871269,68.767708,57.066574,54.212471,66.948686,55.720891,55.691662,69.689957,58.882944,56.71052,63.342557,11.694543,-5.614719,2559 = 100,สำนักงานเศรษฐกิจอุตสาหกรรม (สศอ.) กระทรวงอุตสาหกรรม,Shipment.xlsx
439,3,CLASS_5DIGIT,26,การผลิตผลิตภัณฑ์คอมพิวเตอร์  อิเล็กทรอนิกส์  และอุปกรณ์ที่ใช้ในทางทัศนศาสตร์,2620,การผลิตคอมพิวเตอร์และอุปกรณ์ต่อพ่วง,26202,การผลิตอุปกรณ์จัดเก็บข้อมูล,,การผลิตอุปกรณ์จัดเก็บข้อมูล,2.547932,93.865234,93.984543,115.059369,82.415498,96.140591,119.376322,83.515133,95.731727,125.559504,81.344473,83.559218,129.448387,70.041297,85.259458,126.07022,39.835209,56.789597,110.064975,49.292148,58.748666,98.487247,40.468836,49.954204,66.72925,30.607071,50.612201,83.625218,22.180511,48.078412,79.454338,26.948251,34.907535,74.661028,29.532466,38.729622,66.048048,31.543973,40.517777,63.490663,34.709385,46.262744,62.678842,33.737224,45.945375,71.912526,39.891175,50.849963,68.268528,34.142823,45.387347,72.90748,39.776046,49.838235,65.154211,40.564159,54.682888,63.603953,51.08789,47.878709,62.010331,48.777642,48.724783,64.174222,53.122941,49.27015,56.590059,14.85668,-13.144434,2559 = 100,สำนักงานเศรษฐกิจอุตสาหกรรม (สศอ.) กระทรวงอุตสาหกรรม,Shipment.xlsx
440,4,PRODUCT_ITEM,26,การผลิตผลิตภัณฑ์คอมพิวเตอร์  อิเล็กทรอนิกส์  และอุปกรณ์ที่ใช้ในทางทัศนศาสตร์,2620,การผลิตคอมพิวเตอร์และอุปกรณ์ต่อพ่วง,26202,การผลิตอุปกรณ์จัดเก็บข้อมูล,26202-010,Hard Disk Drive (HDD),2.547932,93.865234,93.984543,115.059369,82.415498,96.140591,119.376322,83.515133,95.731727,125.559504,81.344473,83.559218,129.448387,70.041297,85.259458,126.07022,39.835209,56.789597,110.064975,49.292148,58.748666,98.487247,40.468836,49.954204,66.72925,30.607071,50.612201,83.625218,22.180511,48.078412,79.454338,26.948251,34.907535,74.661028,29.532466,38.729622,66.048048,31.543973,40.517777,63.490663,34.709385,46.262744,62.678842,33.737224,45.945375,71.912526,39.891175,50.849963,68.268528,34.142823,45.387347,72.90748,39.776046,49.838235,65.154211,40.564159,54.682888,63.603953,51.08789,47.878709,62.010331,48.777642,48.724783,64.174222,53.122941,49.27015,56.590059,14.85668,-13.144434,2559 = 100,สำนักงานเศรษฐกิจอุตสาหกรรม (สศอ.) กระทรวงอุตสาหกรรม,Shipment.xlsx
441,3,CLASS_5DIGIT,26,การผลิตผลิตภัณฑ์คอมพิวเตอร์  อิเล็กทรอนิกส์  และอุปกรณ์ที่ใช้ในทางทัศนศาสตร์,2620,การผลิตคอมพิวเตอร์และอุปกรณ์ต่อพ่วง,26209,การผลิตอุปกรณ์ต่อพ่วงอื่นๆ,,การผลิตอุปกรณ์ต่อพ่วงอื่นๆ,0.399187,115.303036,128.315851,122.897771,102.959857,70.239451,73.466446,101.19338,100.745862,99.392984,96.5032,87.377304,101.604858,121.084245,120.949046,103.945776,67.187593,87.175224,97.065469,108.636708,120.635975,111.758936,93.004576,96.814698,81.845157,70.720888,78.085709,75.738841,77.776879,76.024353,81.117531,75.787327,72.768567,73.742656,60.225769,73.303414,67.961448,75.554336,84.600768,97.678344,86.351857,94.218974,95.47324,101.73821,97.921934,99.792905,83.02625,90.528117,90.980011,83.489223,79.407199,84.303973,71.747361,76.773247,79.598064,74.350607,85.604878,101.726927,95.227324,94.639615,98.469227,100.038273,100.159863,104.895794,95.647897,104.200924,106.442409,2.151118,33.724872,2559 = 100,สำนักงานเศรษฐกิจอุตสาหกรรม (สศอ.) กระทรวงอุตสาหกรรม,Shipment.xlsx
442,4,PRODUCT_ITEM,26,การผลิตผลิตภัณฑ์คอมพิวเตอร์  อิเล็กทรอนิกส์  และอุปกรณ์ที่ใช้ในทางทัศนศาสตร์,2620,การผลิตคอมพิวเตอร์และอุปกรณ์ต่อพ่วง,26209,การผลิตอุปกรณ์ต่อพ่วงอื่นๆ,26209-010,Printer,0.399187,115.303036,128.315851,122.897771,102.959857,70.239451,73.466446,101.19338,100.745862,99.392984,96.5032,87.377304,101.604858,121.084245,120.949046,103.945776,67.187593,87.175224,97.065469,108.636708,120.635975,111.758936,93.004576,96.814698,81.845157,70.720888,78.085709,75.738841,77.776879,76.024353,81.117531,75.787327,72.768567,73.742656,60.225769,73.303414,67.961448,75.554336,84.600768,97.678344,86.351857,94.218974,95.47324,101.73821,97.921934,99.792905,83.02625,90.528117,90.980011,83.489223,79.407199,84.303973,71.747361,76.773247,79.598064,74.350607,85.604878,101.726927,95.227324,94.639615,98.469227,100.038273,100.159863,104.895794,95.647897,104.200924,106.442409,2.151118,33.724872,2559 = 100,สำนักงานเศรษฐกิจอุตสาหกรรม (สศอ.) กระทรวงอุตสาหกรรม,Shipment.xlsx
443,1,DIVISION_2DIGIT,27,การผลิตอุปกรณ์ไฟฟ้า,,,,,,การผลิตอุปกรณ์ไฟฟ้า,2.951287,93.237139,97.55906,120.621674,90.477955,110.546763,114.785337,97.012455,85.268461,101.299564,92.495083,95.417889,101.278618,96.861548,102.838603,102.622622,103.848176,105.828781,98.510655,96.518088,88.567115,93.185507,90.217566,88.201453,88.458256,76.519641,93.591198,96.090825,75.13214,96.971097,84.998544,85.446055,85.536707,84.79183,84.343064,87.303317,80.609722,78.44869,83.619186,92.989301,82.503075,90.969647,92.796313,92.498834,95.688917,92.721205,90.821131,92.904639,83.080943,85.296783,88.996937,98.811969,79.534533,98.65253,97.168584,93.152037,90.378288,87.846305,86.289197,89.047818,94.074698,88.092237,90.249259,98.516595,86.228171,96.083588,98.611562,2.631016,1.485026,2559 = 100,สำนักงานเศรษฐกิจอุตสาหกรรม (สศอ.) กระทรวงอุตสาหกรรม,Shipment.xlsx
444,2,GROUP_4DIGIT,27,การผลิตอุปกรณ์ไฟฟ้า,2710,การผลิตมอเตอร์ไฟฟ้า เครื่องกำเนิดไฟฟ้า หม้อแปลงไฟฟ้า และอุปกรณ์ควบคุมและจ่ายไฟฟ้า,,,,การผลิตมอเตอร์ไฟฟ้า เครื่องกำเนิดไฟฟ้า หม้อแปลงไฟฟ้า และอุปกรณ์ควบคุมและจ่ายไฟฟ้า,0.615655,98.009617,95.303908,121.846119,105.264931,105.296903,86.668846,82.513988,69.074886,108.882671,110.355339,105.830488,110.952304,98.366181,98.339252,115.199174,126.465834,130.351902,129.418374,133.53499,104.378941,115.062638,126.178479,105.653205,101.960481,78.451739,112.508755,116.098671,72.161457,101.922631,85.949728,81.722009,78.036884,75.695791,81.075006,89.308693,80.649716,87.413591,94.821898,100.336023,86.468576,102.211453,127.309429,105.369312,118.469325,124.083672,133.221392,143.918187,121.925023,109.132404,109.078374,105.661609,90.869776,100.685282,114.063269,112.839774,111.667802,93.682799,76.848197,76.049316,99.854619,97.129951,96.204735,113.121704,97.315377,109.172331,128.281494,17.503668,12.465209,2559 = 100,สำนักงานเศรษฐกิจอุตสาหกรรม (สศอ.) กระทรวงอุตสาหกรรม,Shipment.xlsx
445,3,CLASS_5DIGIT,27,การผลิตอุปกรณ์ไฟฟ้า,2710,การผลิตมอเตอร์ไฟฟ้า เครื่องกำเนิดไฟฟ้า หม้อแปลงไฟฟ้า และอุปกรณ์ควบคุมและจ่ายไฟฟ้า,27101,การผลิตมอเตอร์ไฟฟ้าและเครื่องกำเนิดไฟฟ้า,,การผลิตมอเตอร์ไฟฟ้าและเครื่องกำเนิดไฟฟ้า,0.410684,106.040424,107.108666,123.334692,109.821569,108.16138,87.813181,83.227074,65.708451,114.938323,96.582862,101.384232,95.879146,108.151674,109.315747,140.80969,117.230202,128.902813,98.859518,110.571157,85.039592,106.333128,95.995411,97.110956,81.764473,84.955306,116.957931,118.967117,85.445802,92.744811,90.370383,82.850083,71.259715,80.232604,82.79992,81.25906,84.70265,79.250282,85.406877,100.790242,91.389075,107.215021,101.172749,103.583548,95.453831,96.161838,110.320034,100.97465,106.349883,86.340363,112.362935,118.562644,93.913687,104.664357,87.337703,82.89759,86.024161,75.092964,80.230152,81.748024,68.271272,80.085383,75.041268,85.094046,77.669782,88.108337,90.213253,2.389008,3.29245,2559 = 100,สำนักงานเศรษฐกิจอุตสาหกรรม (สศอ.) กระทรวงอุตสาหกรรม,Shipment.xlsx
446,4,PRODUCT_ITEM,27,การผลิตอุปกรณ์ไฟฟ้า,2710,การผลิตมอเตอร์ไฟฟ้า เครื่องกำเนิดไฟฟ้า หม้อแปลงไฟฟ้า และอุปกรณ์ควบคุมและจ่ายไฟฟ้า,27101,การผลิตมอเตอร์ไฟฟ้าและเครื่องกำเนิดไฟฟ้า,27101-010,มอเตอร์ไฟฟ้า,0.410684,106.040424,107.108666,123.334692,109.821569,108.16138,87.813181,83.227074,65.708451,114.938323,96.582862,101.384232,95.879146,108.151674,109.315747,140.80969,117.230202,128.902813,98.859518,110.571157,85.039592,106.333128,95.995411,97.110956,81.764473,84.955306,116.957931,118.967117,85.445802,92.744811,90.370383,82.850083,71.259715,80.232604,82.79992,81.25906,84.70265,79.250282,85.406877,100.790242,91.389075,107.215021,101.172749,103.583548,95.453831,96.161838,110.320034,100.97465,106.349883,86.340363,112.362935,118.562644,93.913687,104.664357,87.337703,82.89759,86.024161,75.092964,80.230152,81.748024,68.271272,80.085383,75.041268,85.094046,77.669782,88.108337,90.213253,2.389008,3.29245,2559 = 100,สำนักงานเศรษฐกิจอุตสาหกรรม (สศอ.) กระทรวงอุตสาหกรรม,Shipment.xlsx
447,3,CLASS_5DIGIT,27,การผลิตอุปกรณ์ไฟฟ้า,2710,การผลิตมอเตอร์ไฟฟ้า เครื่องกำเนิดไฟฟ้า หม้อแปลงไฟฟ้า และอุปกรณ์ควบคุมและจ่ายไฟฟ้า,27102,การผลิตหม้อแปลงไฟฟ้า,,การผลิตหม้อแปลงไฟฟ้า,0.204971,81.9189,71.651614,118.863578,96.135142,99.557571,84.376028,81.085232,75.819957,96.749424,137.950199,114.739113,141.153241,78.759735,76.346484,63.885334,144.970566,133.255329,190.646824,179.54587,143.127719,132.553293,186.653991,122.768657,142.425683,65.421039,103.594281,110.351384,45.544627,120.311529,77.092398,79.461772,91.615781,66.605726,77.618926,105.437128,72.52916,103.76979,113.686058,99.425939,76.609748,92.186186,179.677502,108.947311,164.583714,180.02852,179.107097,229.960876,153.131742,154.799079,102.497349,79.81279,84.770924,92.712713,167.611247,172.832645,163.048009,130.929833,70.072032,64.631248,163.135764,131.280851,138.608359,169.278584,136.677758,151.37665,204.555925,35.130435,22.041885,2559 = 100,สำนักงานเศรษฐกิจอุตสาหกรรม (สศอ.) กระทรวงอุตสาหกรรม,Shipment.xlsx
448,4,PRODUCT_ITEM,27,การผลิตอุปกรณ์ไฟฟ้า,2710,การผลิตมอเตอร์ไฟฟ้า เครื่องกำเนิดไฟฟ้า หม้อแปลงไฟฟ้า และอุปกรณ์ควบคุมและจ่ายไฟฟ้า,27102,การผลิตหม้อแปลงไฟฟ้า,27102-010,หม้อแปลงไฟฟ้า,0.204971,81.9189,71.651614,118.863578,96.135142,99.557571,84.376028,81.085232,75.819957,96.749424,137.950199,114.739113,141.153241,78.759735,76.346484,63.885334,144.970566,133.255329,190.646824,179.54587,143.127719,132.553293,186.653991,122.768657,142.425683,65.421039,103.594281,110.351384,45.544627,120.311529,77.092398,79.461772,91.615781,66.605726,77.618926,105.437128,72.52916,103.76979,113.686058,99.425939,76.609748,92.186186,179.677502,108.947311,164.583714,180.02852,179.107097,229.960876,153.131742,154.799079,102.497349,79.81279,84.770924,92.712713,167.611247,172.832645,163.048009,130.929833,70.072032,64.631248,163.135764,131.280851,138.608359,169.278584,136.677758,151.37665,204.555925,35.130435,22.041885,2559 = 100,สำนักงานเศรษฐกิจอุตสาหกรรม (สศอ.) กระทรวงอุตสาหกรรม,Shipment.xlsx
449,2,GROUP_4DIGIT,27,การผลิตอุปกรณ์ไฟฟ้า,2720,การผลิตแบตเตอรี่และหม้อสะสมไฟฟ้า,,,,การผลิตแบตเตอรี่และหม้อสะสมไฟฟ้า,0.363626,108.523433,101.151052,113.637347,88.986813,93.445988,105.468277,93.525497,89.903646,89.807398,92.81944,108.502785,114.228324,96.522397,103.992953,101.115041,89.652069,93.977444,109.363179,103.459295,114.839234,98.987511,88.096134,99.263095,96.764779,85.659487,100.08324,103.019957,79.24452,114.016337,103.156345,112.546298,106.88843,108.805789,97.189085,107.628625,110.087957,92.205722,103.706577,122.404772,95.798335,110.998843,106.198396,120.295467,112.556154,135.214885,120.03541,127.445949,120.471004,131.056237,115.444418,122.088222,103.6508,133.19522,121.916154,116.53051,102.479526,113.285062,130.115948,137.194354,149.256784,125.290337,107.49488,102.751036,95.580071,116.724328,119.548224,2.419287,-1.942261,2559 = 100,สำนักงานเศรษฐกิจอุตสาหกรรม (สศอ.) กระทรวงอุตสาหกรรม,Shipment.xlsx
450,3,CLASS_5DIGIT,27,การผลิตอุปกรณ์ไฟฟ้า,2720,การผลิตแบตเตอรี่และหม้อสะสมไฟฟ้า,27200,การผลิตแบตเตอรี่และหม้อสะสมไฟฟ้า,,การผลิตแบตเตอรี่และหม้อสะสมไฟฟ้า,0.363626,108.523433,101.151052,113.637347,88.986813,93.445988,105.468277,93.525497,89.903646,89.807398,92.81944,108.502785,114.228324,96.522397,103.992953,101.115041,89.652069,93.977444,109.363179,103.459295,114.839234,98.987511,88.096134,99.263095,96.764779,85.659487,100.08324,103.019957,79.24452,114.016337,103.156345,112.546298,106.88843,108.805789,97.189085,107.628625,110.087957,92.205722,103.706577,122.404772,95.798335,110.998843,106.198396,120.295467,112.556154,135.214885,120.03541,127.445949,120.471004,131.056237,115.444418,122.088222,103.6508,133.19522,121.916154,116.53051,102.479526,113.285062,130.115948,137.194354,149.256784,125.290337,107.49488,102.751036,95.580071,116.724328,119.548224,2.419287,-1.942261,2559 = 100,สำนักงานเศรษฐกิจอุตสาหกรรม (สศอ.) กระทรวงอุตสาหกรรม,Shipment.xlsx
451,4,PRODUCT_ITEM,27,การผลิตอุปกรณ์ไฟฟ้า,2720,การผลิตแบตเตอรี่และหม้อสะสมไฟฟ้า,27200,การผลิตแบตเตอรี่และหม้อสะสมไฟฟ้า,27200-010,แบตเตอรี่สำหรับรถยนต์ และจักรยานยนต์,0.363626,108.523433,101.151052,113.637347,88.986813,93.445988,105.468277,93.525497,89.903646,89.807398,92.81944,108.502785,114.228324,96.522397,103.992953,101.115041,89.652069,93.977444,109.363179,103.459295,114.839234,98.987511,88.096134,99.263095,96.764779,85.659487,100.08324,103.019957,79.24452,114.016337,103.156345,112.546298,106.88843,108.805789,97.189085,107.628625,110.087957,92.205722,103.706577,122.404772,95.798335,110.998843,106.198396,120.295467,112.556154,135.214885,120.03541,127.445949,120.471004,131.056237,115.444418,122.088222,103.6508,133.19522,121.916154,116.53051,102.479526,113.285062,130.115948,137.194354,149.256784,125.290337,107.49488,102.751036,95.580071,116.724328,119.548224,2.419287,-1.942261,2559 = 100,สำนักงานเศรษฐกิจอุตสาหกรรม (สศอ.) กระทรวงอุตสาหกรรม,Shipment.xlsx
452,2,GROUP_4DIGIT,27,การผลิตอุปกรณ์ไฟฟ้า,2732,การผลิตสายไฟและเคเบิลอื่นๆ ชนิดใช้ในทางอิเล็กทรอนิกส์และไฟฟ้า,,,,การผลิตสายไฟและเคเบิลอื่นๆ ชนิดใช้ในทางอิเล็กทรอนิกส์และไฟฟ้า,0.374059,82.337732,76.082603,146.80863,71.420866,94.269842,104.352224,90.752897,88.930209,140.559693,96.951405,103.913299,103.620599,77.022605,91.794869,107.364051,79.591694,83.458578,96.568344,79.540068,96.319629,89.676971,79.26681,104.073868,115.379521,77.348228,86.801806,90.952236,72.872882,85.792167,84.033578,78.835998,76.163239,78.506194,114.794991,94.71555,95.850653,95.408989,74.75192,86.224309,89.530308,93.892708,72.412879,86.133258,83.938196,68.367005,64.560435,61.679886,55.506923,64.859689,64.257067,83.905482,63.463739,81.464907,85.820986,67.009807,65.933697,69.056784,71.123129,71.846508,71.521898,78.131836,75.862498,89.356238,75.00992,84.893489,71.498238,-15.77889,-16.689097,2559 = 100,สำนักงานเศรษฐกิจอุตสาหกรรม (สศอ.) กระทรวงอุตสาหกรรม,Shipment.xlsx
453,3,CLASS_5DIGIT,27,การผลิตอุปกรณ์ไฟฟ้า,2732,การผลิตสายไฟและเคเบิลอื่นๆ ชนิดใช้ในทางอิเล็กทรอนิกส์และไฟฟ้า,27320,การผลิตสายไฟและเคเบิลอื่นๆ ชนิดใช้ในทางอิเล็กทรอนิกส์และไฟฟ้า,,การผลิตสายไฟและเคเบิลอื่นๆ ชนิดใช้ในทางอิเล็กทรอนิกส์และไฟฟ้า,0.374059,82.337732,76.082603,146.80863,71.420866,94.269842,104.352224,90.752897,88.930209,140.559693,96.951405,103.913299,103.620599,77.022605,91.794869,107.364051,79.591694,83.458578,96.568344,79.540068,96.319629,89.676971,79.26681,104.073868,115.379521,77.348228,86.801806,90.952236,72.872882,85.792167,84.033578,78.835998,76.163239,78.506194,114.794991,94.71555,95.850653,95.408989,74.75192,86.224309,89.530308,93.892708,72.412879,86.133258,83.938196,68.367005,64.560435,61.679886,55.506923,64.859689,64.257067,83.905482,63.463739,81.464907,85.820986,67.009807,65.933697,69.056784,71.123129,71.846508,71.521898,78.131836,75.862498,89.356238,75.00992,84.893489,71.498238,-15.77889,-16.689097,2559 = 100,สำนักงานเศรษฐกิจอุตสาหกรรม (สศอ.) กระทรวงอุตสาหกรรม,Shipment.xlsx
454,4,PRODUCT_ITEM,27,การผลิตอุปกรณ์ไฟฟ้า,2732,การผลิตสายไฟและเคเบิลอื่นๆ ชนิดใช้ในทางอิเล็กทรอนิกส์และไฟฟ้า,27320,การผลิตสายไฟและเคเบิลอื่นๆ ชนิดใช้ในทางอิเล็กทรอนิกส์และไฟฟ้า,27320-010,สายไฟฟ้า,0.244797,82.656067,68.926259,147.490905,67.734904,91.712956,108.301378,95.425102,86.030859,154.903508,95.565074,102.342773,98.910214,66.628162,79.800269,99.592233,79.972515,84.258575,94.613531,78.871953,91.972875,91.846727,70.164231,99.521485,107.080575,71.741326,79.433873,83.914715,69.176795,77.022192,80.759507,75.152325,78.450279,92.33739,141.145451,89.310872,106.465452,116.59069,64.490631,98.551025,102.562346,86.481045,77.628482,95.710078,67.662641,74.201128,67.731275,72.042149,61.454923,70.969398,67.480129,85.55712,67.616553,87.296886,93.288903,72.887163,68.689039,75.531814,75.934835,76.876233,79.787227,77.608305,79.983899,95.13228,84.988176,86.376407,84.432325,-2.250709,-9.49371,2559 = 100,สำนักงานเศรษฐกิจอุตสาหกรรม (สศอ.) กระทรวงอุตสาหกรรม,Shipment.xlsx
455,4,PRODUCT_ITEM,27,การผลิตอุปกรณ์ไฟฟ้า,2732,การผลิตสายไฟและเคเบิลอื่นๆ ชนิดใช้ในทางอิเล็กทรอนิกส์และไฟฟ้า,27320,การผลิตสายไฟและเคเบิลอื่นๆ ชนิดใช้ในทางอิเล็กทรอนิกส์และไฟฟ้า,27320-020,สายเคเบิ้ล,0.129262,81.734867,89.635332,145.516535,78.401363,99.112089,96.873292,81.904645,94.421017,113.395288,99.576848,106.88757,112.541154,96.707666,114.510316,122.082369,78.870492,81.943539,100.270381,80.805349,104.551539,85.567872,96.505331,112.6952,131.096115,87.966614,100.755242,104.279938,79.872554,102.400799,90.234035,85.81216,71.832027,52.312587,64.892326,104.950965,75.748282,55.294955,94.184814,62.8799,64.850154,107.928962,62.535537,67.996618,114.760941,57.318306,58.555478,42.05577,44.242563,53.289084,58.153211,80.777599,55.599113,70.42027,71.6782,55.879236,60.715613,56.794332,62.010689,62.321184,55.868966,79.123302,68.057363,78.417533,56.113035,82.08513,47.003585,-42.738003,-34.424156,2559 = 100,สำนักงานเศรษฐกิจอุตสาหกรรม (สศอ.) กระทรวงอุตสาหกรรม,Shipment.xlsx
456,2,GROUP_4DIGIT,27,การผลิตอุปกรณ์ไฟฟ้า,2750,การผลิตเครื่องใช้ในครัวเรือน,,,,การผลิตเครื่องใช้ในครัวเรือน,1.597947,90.471294,102.637897,115.609235,89.581194,120.271064,130.180448,104.85717,89.595553,91.802804,84.496933,86.439895,94.056514,101.003064,106.894621,97.010302,104.042654,104.313998,84.587665,84.65108,74.681955,84.257729,79.408782,75.244973,75.063999,73.501435,86.414662,88.008328,75.869737,93.801436,80.726,82.261293,85.761673,84.303147,75.550552,80.170387,70.318589,67.893991,76.807682,85.04863,76.30482,81.396359,81.220897,82.704861,85.82453,76.669138,73.984563,72.699369,66.06146,70.484548,81.032933,94.365662,73.441417,94.03228,87.684237,86.36637,85.144324,84.207214,83.503651,87.126321,84.569995,78.477065,87.398114,94.070301,82.454456,88.963263,88.762947,-0.225167,1.230221,2559 = 100,สำนักงานเศรษฐกิจอุตสาหกรรม (สศอ.) กระทรวงอุตสาหกรรม,Shipment.xlsx
457,3,CLASS_5DIGIT,27,การผลิตอุปกรณ์ไฟฟ้า,2750,การผลิตเครื่องใช้ในครัวเรือน,27501,การผลิตเครื่องใช้ไฟฟ้าชนิดใช้ในครัวเรือน (ยกเว้นชนิดที่ให้ความร้อน),,การผลิตเครื่องใช้ไฟฟ้าชนิดใช้ในครัวเรือน (ยกเว้นชนิดที่ให้ความร้อน),0.747688,105.322153,106.529087,118.733169,92.385658,111.451146,114.550541,99.56375,93.954046,89.169449,88.568537,85.208558,94.563904,103.030348,105.981168,112.323635,93.461413,102.103284,96.097205,93.642688,80.860128,81.205214,74.107121,74.059669,70.545066,79.305464,86.919814,99.419478,83.461218,97.865905,91.342083,88.263415,93.83672,93.1025,85.717608,87.75185,79.633474,90.777465,96.152867,109.129434,92.419333,100.090776,95.563169,95.565209,99.054223,100.86228,92.954532,95.270044,83.182143,94.611148,98.960859,112.780163,90.72218,108.956697,101.832505,99.068214,100.575754,100.966321,106.096658,97.999785,90.055828,95.345153,101.361976,108.875248,101.129019,110.640775,107.699983,-2.657964,5.76189,2559 = 100,สำนักงานเศรษฐกิจอุตสาหกรรม (สศอ.) กระทรวงอุตสาหกรรม,Shipment.xlsx
458,4,PRODUCT_ITEM,27,การผลิตอุปกรณ์ไฟฟ้า,2750,การผลิตเครื่องใช้ในครัวเรือน,27501,การผลิตเครื่องใช้ไฟฟ้าชนิดใช้ในครัวเรือน (ยกเว้นชนิดที่ให้ความร้อน),27501-010,พัดลมตามบ้าน,0.046033,83.691797,115.073022,176.189879,109.294414,115.915827,112.780144,84.942882,83.007643,68.511997,73.494539,79.631329,97.466527,92.815705,115.702957,138.270957,96.479605,100.16324,92.665406,80.673557,82.241506,72.477254,70.350507,75.653385,101.377672,74.869247,101.029901,136.445243,110.861279,112.806495,88.603528,78.010894,84.176854,74.073073,80.765081,80.452662,102.803238,99.243768,124.763535,125.951074,141.854285,119.046738,99.843122,82.199756,80.677894,94.354376,88.842207,78.99337,100.751967,91.051586,103.076185,126.440685,73.076933,78.101117,79.429195,60.325996,65.913748,63.194805,69.321509,66.720441,75.934139,72.940189,88.202296,136.149741,92.915146,78.154036,57.517263,-26.405256,-27.586748,2559 = 100,สำนักงานเศรษฐกิจอุตสาหกรรม (สศอ.) กระทรวงอุตสาหกรรม,Shipment.xlsx
459,4,PRODUCT_ITEM,27,การผลิตอุปกรณ์ไฟฟ้า,2750,การผลิตเครื่องใช้ในครัวเรือน,27501,การผลิตเครื่องใช้ไฟฟ้าชนิดใช้ในครัวเรือน (ยกเว้นชนิดที่ให้ความร้อน),27501-020,ตู้เย็น,0.419133,93.053643,98.14331,116.399515,88.702995,107.953418,126.728699,99.801194,94.429314,95.082316,91.199133,86.771995,101.734468,102.459411,108.859774,115.0065,97.921804,113.723242,108.728548,101.005687,84.617072,79.692327,69.582233,70.021407,66.181018,70.724739,80.140174,90.378935,77.849191,91.266381,89.291166,83.913883,86.863128,89.035822,81.234909,88.249603,75.696827,80.65868,82.093352,100.769253,86.170175,95.031702,90.842705,93.193684,91.695034,96.31041,87.663138,88.117667,71.910749,81.827914,85.733134,101.125682,82.5112,100.118241,95.185676,91.400593,95.624565,96.529499,97.854271,90.893887,88.926633,86.52049,94.707689,99.984882,104.289751,117.400274,108.934273,-7.211228,14.443976,2559 = 100,สำนักงานเศรษฐกิจอุตสาหกรรม (สศอ.) กระทรวงอุตสาหกรรม,Shipment.xlsx
460,4,PRODUCT_ITEM,27,การผลิตอุปกรณ์ไฟฟ้า,2750,การผลิตเครื่องใช้ในครัวเรือน,27501,การผลิตเครื่องใช้ไฟฟ้าชนิดใช้ในครัวเรือน (ยกเว้นชนิดที่ให้ความร้อน),27501-030,เครื่องซักผ้า,0.282522,127.047314,117.57762,112.833548,95.094014,115.912715,96.772215,101.59374,95.032517,83.76329,87.122019,83.797861,83.453146,105.541676,100.126623,104.115778,86.352477,85.180711,77.91726,84.832505,75.061476,84.87173,81.432058,79.790922,71.995605,92.758128,94.678661,106.798706,87.322466,105.222224,94.830907,96.386613,105.75625,102.236133,93.174812,88.202703,81.698489,104.409634,112.349052,118.79127,93.63554,104.50753,101.868814,101.261158,112.966016,108.675525,101.474569,108.532919,97.040973,114.155566,117.914191,127.844281,105.778522,127.096345,115.34362,116.755888,113.568686,113.702815,124.316519,113.63816,94.031946,112.087441,113.378045,117.620501,97.778271,105.906003,114.04537,7.685463,-1.12555,2559 = 100,สำนักงานเศรษฐกิจอุตสาหกรรม (สศอ.) กระทรวงอุตสาหกรรม,Shipment.xlsx
461,3,CLASS_5DIGIT,27,การผลิตอุปกรณ์ไฟฟ้า,2750,การผลิตเครื่องใช้ในครัวเรือน,27502,การผลิตเครื่องใช้ไฟฟ้าชนิดใช้ในครัวเรือนที่ให้ความร้อน,,การผลิตเครื่องใช้ไฟฟ้าชนิดใช้ในครัวเรือนที่ให้ความร้อน,0.850259,77.411967,99.216119,112.862155,87.115046,128.026991,143.924843,109.512019,85.762846,94.118484,80.916506,87.522689,93.610334,99.220342,107.697879,83.54429,113.347429,106.258023,74.466576,76.744173,69.249085,86.942004,84.070878,76.287287,79.037792,68.397574,85.970449,77.97376,69.194052,90.227283,71.390585,76.983236,78.660759,76.565302,66.609997,73.503513,62.127403,47.771062,59.7962,63.872809,62.134279,64.957141,68.608803,71.395919,74.190799,55.394531,57.303033,52.851504,51.006129,49.268457,65.267739,78.17259,58.245316,80.908267,75.242742,75.19681,71.574462,69.469838,63.636147,77.564576,79.745945,63.643855,75.118781,81.051346,66.032695,69.900814,72.110377,3.160998,-4.163013,2559 = 100,สำนักงานเศรษฐกิจอุตสาหกรรม (สศอ.) กระทรวงอุตสาหกรรม,Shipment.xlsx
462,4,PRODUCT_ITEM,27,การผลิตอุปกรณ์ไฟฟ้า,2750,การผลิตเครื่องใช้ในครัวเรือน,27502,การผลิตเครื่องใช้ไฟฟ้าชนิดใช้ในครัวเรือนที่ให้ความร้อน,27502-010,เตาอบไมโครเวฟ,0.779235,75.33435,99.820041,112.887435,87.339268,129.655773,146.074088,111.418223,86.309579,94.424806,79.574507,85.522691,91.63924,98.949856,108.783742,83.772573,116.775354,109.03762,73.619678,77.241313,69.399459,86.29097,81.985238,72.72734,76.8235,65.614775,86.10754,78.215176,69.684794,91.952931,71.450419,77.788502,78.470383,75.811977,64.626291,72.647588,61.205366,45.330252,58.612091,63.274048,63.042324,65.035242,68.567378,71.048113,73.943117,53.667456,55.380355,50.150385,49.66877,46.988211,64.275381,78.233342,57.834507,81.228479,75.237318,76.010471,72.867349,70.383069,63.618312,78.197896,79.639638,62.904973,75.292702,80.532863,65.353808,67.48009,70.704293,4.778007,-6.024969,2559 = 100,สำนักงานเศรษฐกิจอุตสาหกรรม (สศอ.) กระทรวงอุตสาหกรรม,Shipment.xlsx
463,4,PRODUCT_ITEM,27,การผลิตอุปกรณ์ไฟฟ้า,2750,การผลิตเครื่องใช้ในครัวเรือน,27502,การผลิตเครื่องใช้ไฟฟ้าชนิดใช้ในครัวเรือนที่ให้ความร้อน,27502-020,กระติกน้ำร้อน,0.010757,99.564018,86.199466,108.713172,79.530972,113.457433,128.501599,93.620772,92.476912,107.669228,143.041018,75.649773,71.575635,127.013203,105.200628,90.39247,64.927813,68.021746,75.117465,67.046709,63.842524,90.599191,96.437354,101.336656,98.351252,100.141116,91.048811,80.581806,55.883742,48.801804,66.392091,65.885623,63.844247,46.172994,50.934482,39.0032,45.082538,45.947323,85.229597,66.784862,44.042039,45.514931,48.30395,59.52032,57.494448,57.041383,64.571218,64.510924,67.349901,68.784893,57.063778,61.792535,50.03352,42.936079,52.85527,63.754667,61.19821,42.979146,49.439196,46.860344,48.967182,55.325594,61.0759,86.680094,51.094691,54.981058,43.423597,-21.020805,-17.844339,2559 = 100,สำนักงานเศรษฐกิจอุตสาหกรรม (สศอ.) กระทรวงอุตสาหกรรม,Shipment.xlsx
464,4,PRODUCT_ITEM,27,การผลิตอุปกรณ์ไฟฟ้า,2750,การผลิตเครื่องใช้ในครัวเรือน,27502,การผลิตเครื่องใช้ไฟฟ้าชนิดใช้ในครัวเรือนที่ให้ความร้อน,27502-030,หม้อหุงข้าว,0.060267,100.321111,93.730911,113.275847,85.569587,109.567771,118.888541,87.701721,77.495341,87.739146,87.179619,115.501359,123.029046,97.756917,94.103682,79.370315,77.667646,77.14332,85.300569,72.047171,68.269802,94.706935,108.83038,117.845447,104.22076,98.712561,83.291456,74.386812,65.224637,75.309107,71.509135,68.55216,83.76687,91.730321,95.056732,90.728359,77.091444,79.655637,70.566831,71.094862,53.622773,67.417541,72.768628,78.012626,80.373389,77.431236,80.865477,85.695202,65.380638,75.267976,79.563,80.310766,65.022688,83.545652,79.308804,66.718688,56.70981,62.390314,66.400757,74.856297,86.614162,74.682139,75.376546,86.750524,77.476814,103.863181,95.410977,-8.137826,20.303134,2559 = 100,สำนักงานเศรษฐกิจอุตสาหกรรม (สศอ.) กระทรวงอุตสาหกรรม,Shipment.xlsx
465,1,DIVISION_2DIGIT,28,การผลิตเครื่องจักรและเครื่องมือ  ซึ่งมิได้จัดประเภทไว้ในที่อื่น,,,,,,การผลิตเครื่องจักรและเครื่องมือ  ซึ่งมิได้จัดประเภทไว้ในที่อื่น,3.194403,85.613732,122.610859,156.282455,117.109251,137.173749,102.442514,78.230573,61.361486,80.962806,73.982002,81.744571,102.486003,101.960782,137.041805,151.962228,117.542908,117.12403,105.764191,98.052795,89.748005,92.865468,81.619531,84.695668,93.442473,99.553273,136.17828,141.99048,110.641386,127.313088,105.943669,80.235947,68.881383,72.06102,59.56618,65.878079,94.36476,127.372332,143.369826,169.453967,140.839531,144.471446,123.288341,91.29605,79.77771,81.260227,84.276554,90.534181,111.017239,154.770484,172.695838,201.842395,139.859272,129.264732,93.226653,82.909848,68.171394,69.8174,64.976915,74.918605,112.608756,142.324326,148.4377,203.547622,128.538809,118.618326,95.708139,-19.314205,2.661777,2559 = 100,สำนักงานเศรษฐกิจอุตสาหกรรม (สศอ.) กระทรวงอุตสาหกรรม,Shipment.xlsx
466,2,GROUP_4DIGIT,28,การผลิตเครื่องจักรและเครื่องมือ  ซึ่งมิได้จัดประเภทไว้ในที่อื่น,2811,การผลิตเครื่องยนต์และเครื่องกังหัน (ยกเว้น เครื่องยนต์ที่ใช้กับอากาศยาน ยานยนต์ และ จักรยานยนต์),,,,การผลิตเครื่องยนต์และเครื่องกังหัน (ยกเว้น เครื่องยนต์ที่ใช้กับอากาศยาน ยานยนต์ และ จักรยานยนต์),0.160285,104.115472,125.253489,152.66611,124.15603,135.249911,112.680425,83.5739,75.08052,88.631755,58.117619,71.024693,69.450078,121.483956,145.055469,130.526065,126.899678,116.449958,84.528212,80.400811,50.769414,94.715496,76.965287,74.31707,62.984612,137.993558,129.714899,127.615412,92.472862,103.185017,82.929739,37.456758,53.560778,94.787069,88.751044,68.87749,82.237862,133.365144,133.29357,127.066683,135.560062,152.833115,107.694143,71.215555,71.454133,87.367291,102.0637,84.241918,90.158654,140.713348,140.403197,136.180365,106.715973,102.015985,55.326256,49.409519,52.057736,77.37087,78.396755,89.037337,56.996302,95.025647,96.695694,91.828701,76.511989,93.284027,80.949541,-13.222506,46.313066,2559 = 100,สำนักงานเศรษฐกิจอุตสาหกรรม (สศอ.) กระทรวงอุตสาหกรรม,Shipment.xlsx
467,3,CLASS_5DIGIT,28,การผลิตเครื่องจักรและเครื่องมือ  ซึ่งมิได้จัดประเภทไว้ในที่อื่น,2811,การผลิตเครื่องยนต์และเครื่องกังหัน (ยกเว้น เครื่องยนต์ที่ใช้กับอากาศยาน ยานยนต์ และ จักรยานยนต์),28110,การผลิตเครื่องยนต์และเครื่องกังหัน (ยกเว้น เครื่องยนต์ที่ใช้กับอากาศยาน ยานยนต์ และ จักรยานยนต์),,การผลิตเครื่องยนต์และเครื่องกังหัน (ยกเว้น เครื่องยนต์ที่ใช้กับอากาศยาน ยานยนต์ และ จักรยานยนต์),0.160285,104.115472,125.253489,152.66611,124.15603,135.249911,112.680425,83.5739,75.08052,88.631755,58.117619,71.024693,69.450078,121.483956,145.055469,130.526065,126.899678,116.449958,84.528212,80.400811,50.769414,94.715496,76.965287,74.31707,62.984612,137.993558,129.714899,127.615412,92.472862,103.185017,82.929739,37.456758,53.560778,94.787069,88.751044,68.87749,82.237862,133.365144,133.29357,127.066683,135.560062,152.833115,107.694143,71.215555,71.454133,87.367291,102.0637,84.241918,90.158654,140.713348,140.403197,136.180365,106.715973,102.015985,55.326256,49.409519,52.057736,77.37087,78.396755,89.037337,56.996302,95.025647,96.695694,91.828701,76.511989,93.284027,80.949541,-13.222506,46.313066,2559 = 100,สำนักงานเศรษฐกิจอุตสาหกรรม (สศอ.) กระทรวงอุตสาหกรรม,Shipment.xlsx
468,4,PRODUCT_ITEM,28,การผลิตเครื่องจักรและเครื่องมือ  ซึ่งมิได้จัดประเภทไว้ในที่อื่น,2811,การผลิตเครื่องยนต์และเครื่องกังหัน (ยกเว้น เครื่องยนต์ที่ใช้กับอากาศยาน ยานยนต์ และ จักรยานยนต์),28110,การผลิตเครื่องยนต์และเครื่องกังหัน (ยกเว้น เครื่องยนต์ที่ใช้กับอากาศยาน ยานยนต์ และ จักรยานยนต์),28110-010,เครื่องยนต์ดีเซลเพื่อการเกษตร,0.160285,104.115472,125.253489,152.66611,124.15603,135.249911,112.680425,83.5739,75.08052,88.631755,58.117619,71.024693,69.450078,121.483956,145.055469,130.526065,126.899678,116.449958,84.528212,80.400811,50.769414,94.715496,76.965287,74.31707,62.984612,137.993558,129.714899,127.615412,92.472862,103.185017,82.929739,37.456758,53.560778,94.787069,88.751044,68.87749,82.237862,133.365144,133.29357,127.066683,135.560062,152.833115,107.694143,71.215555,71.454133,87.367291,102.0637,84.241918,90.158654,140.713348,140.403197,136.180365,106.715973,102.015985,55.326256,49.409519,52.057736,77.37087,78.396755,89.037337,56.996302,95.025647,96.695694,91.828701,76.511989,93.284027,80.949541,-13.222506,46.313066,2559 = 100,สำนักงานเศรษฐกิจอุตสาหกรรม (สศอ.) กระทรวงอุตสาหกรรม,Shipment.xlsx
469,2,GROUP_4DIGIT,28,การผลิตเครื่องจักรและเครื่องมือ  ซึ่งมิได้จัดประเภทไว้ในที่อื่น,2819,การผลิตเครื่องจักรอื่นๆ ที่ใช้งานทั่วไป,,,,การผลิตเครื่องจักรอื่นๆ ที่ใช้งานทั่วไป,3.034119,84.636333,122.471255,156.473497,116.736988,137.275381,101.901672,77.948299,60.636745,80.557676,74.820075,82.310874,104.231204,100.929424,136.618464,153.094645,117.048614,117.159639,106.886033,98.985304,91.807142,92.767735,81.865402,85.243942,95.051483,97.522573,136.519724,142.749878,111.601182,128.587711,107.159435,82.49586,69.690731,70.860462,58.02442,65.719628,95.005393,127.055748,143.902128,171.693177,141.118432,144.029721,124.112142,92.35685,80.217423,80.937607,83.336905,90.866584,112.119144,155.513085,174.401774,205.311149,141.610146,130.704212,95.228832,84.679583,69.022637,69.41837,64.26798,74.172749,115.546617,144.822992,151.171095,209.449441,131.28725,119.956671,96.487797,-19.564459,1.322041,2559 = 100,สำนักงานเศรษฐกิจอุตสาหกรรม (สศอ.) กระทรวงอุตสาหกรรม,Shipment.xlsx
470,3,CLASS_5DIGIT,28,การผลิตเครื่องจักรและเครื่องมือ  ซึ่งมิได้จัดประเภทไว้ในที่อื่น,2819,การผลิตเครื่องจักรอื่นๆ ที่ใช้งานทั่วไป,28191,การผลิตเครื่องทำความเย็น,,การผลิตเครื่องทำความเย็น,3.034119,84.636333,122.471255,156.473497,116.736988,137.275381,101.901672,77.948299,60.636745,80.557676,74.820075,82.310874,104.231204,100.929424,136.618464,153.094645,117.048614,117.159639,106.886033,98.985304,91.807142,92.767735,81.865402,85.243942,95.051483,97.522573,136.519724,142.749878,111.601182,128.587711,107.159435,82.49586,69.690731,70.860462,58.02442,65.719628,95.005393,127.055748,143.902128,171.693177,141.118432,144.029721,124.112142,92.35685,80.217423,80.937607,83.336905,90.866584,112.119144,155.513085,174.401774,205.311149,141.610146,130.704212,95.228832,84.679583,69.022637,69.41837,64.26798,74.172749,115.546617,144.822992,151.171095,209.449441,131.28725,119.956671,96.487797,-19.564459,1.322041,2559 = 100,สำนักงานเศรษฐกิจอุตสาหกรรม (สศอ.) กระทรวงอุตสาหกรรม,Shipment.xlsx
471,4,PRODUCT_ITEM,28,การผลิตเครื่องจักรและเครื่องมือ  ซึ่งมิได้จัดประเภทไว้ในที่อื่น,2819,การผลิตเครื่องจักรอื่นๆ ที่ใช้งานทั่วไป,28191,การผลิตเครื่องทำความเย็น,28191-010,เครื่องปรับอากาศแบบแยกส่วน คอนเดนซิ่งยูนิต,1.365775,82.236325,125.953572,160.333241,123.924855,148.018414,105.04492,77.492277,61.227256,78.415438,67.425871,73.901007,96.026825,95.949966,131.088845,152.573033,113.935414,116.384564,109.837152,101.063066,91.44918,91.340021,81.146867,80.76513,80.066149,90.170825,135.815411,143.776134,116.68166,142.904034,115.725026,84.341262,70.790187,73.416294,57.983292,63.083493,89.835992,118.538111,139.187616,167.548932,142.786987,158.411444,139.442605,96.648094,82.163304,84.686115,81.969504,85.569834,92.724443,128.480007,147.700211,182.00494,138.891906,132.691905,93.924021,84.169102,69.922884,68.367581,62.746955,71.00115,91.022138,130.170587,136.979917,179.86248,126.956257,122.407821,98.682141,-19.382487,5.065925,2559 = 100,สำนักงานเศรษฐกิจอุตสาหกรรม (สศอ.) กระทรวงอุตสาหกรรม,Shipment.xlsx
472,4,PRODUCT_ITEM,28,การผลิตเครื่องจักรและเครื่องมือ  ซึ่งมิได้จัดประเภทไว้ในที่อื่น,2819,การผลิตเครื่องจักรอื่นๆ ที่ใช้งานทั่วไป,28191,การผลิตเครื่องทำความเย็น,28191-020,เครื่องปรับอากาศแบบแยกส่วน แฟนคอยล์ยูนิต,0.957535,87.950602,121.658645,160.210087,121.232688,145.44996,110.942659,77.440805,61.754861,76.05827,70.918059,73.808763,92.574602,95.112144,123.407737,137.642231,109.707283,113.127593,108.521329,104.120792,95.885998,99.298455,80.428599,83.909232,81.055201,84.885579,126.166156,133.475688,106.037089,128.784067,110.2622,82.435889,74.937997,76.297068,57.013263,62.595597,88.092957,110.665154,126.233962,152.602542,133.763355,146.601272,128.047165,94.607943,83.600134,83.037457,85.129458,86.757258,93.194369,125.19101,143.210246,169.892174,134.273745,125.299647,93.017649,80.590723,67.241399,70.133951,64.215268,69.706609,91.522412,123.706027,129.569283,164.045453,119.248862,113.593365,94.439999,-16.861342,1.529118,2559 = 100,สำนักงานเศรษฐกิจอุตสาหกรรม (สศอ.) กระทรวงอุตสาหกรรม,Shipment.xlsx
473,4,PRODUCT_ITEM,28,การผลิตเครื่องจักรและเครื่องมือ  ซึ่งมิได้จัดประเภทไว้ในที่อื่น,2819,การผลิตเครื่องจักรอื่นๆ ที่ใช้งานทั่วไป,28191,การผลิตเครื่องทำความเย็น,28191-030,คอมเพรสเซอร์,0.537057,92.911807,107.480953,125.682538,102.179673,102.553329,96.535316,95.96646,70.00514,108.018336,97.228611,97.268901,104.168936,110.26061,117.355174,138.386303,95.638339,120.224227,115.581756,111.198992,112.088715,111.431691,106.126281,111.588274,107.883293,112.039831,128.636634,123.247631,91.757467,107.399593,100.416746,84.379646,77.859183,76.050498,76.5448,86.944462,87.025265,85.378519,97.512983,109.600796,97.458296,104.6119,106.526388,99.474904,92.928659,90.295764,98.026482,95.855636,101.125108,108.645449,114.078648,122.5088,118.296235,116.184317,109.367093,103.469279,85.290574,86.18264,81.60836,82.739263,97.407292,96.823928,111.713607,139.943429,131.020871,138.373469,118.397016,-14.436621,8.256526,2559 = 100,สำนักงานเศรษฐกิจอุตสาหกรรม (สศอ.) กระทรวงอุตสาหกรรม,Shipment.xlsx
474,4,PRODUCT_ITEM,28,การผลิตเครื่องจักรและเครื่องมือ  ซึ่งมิได้จัดประเภทไว้ในที่อื่น,2819,การผลิตเครื่องจักรอื่นๆ ที่ใช้งานทั่วไป,28191,การผลิตเครื่องทำความเย็น,28191-040,เครื่องปรับอากาศแบบหน้าต่าง,0.173751,59.657766,145.911046,200.715222,80.457059,115.104179,43.956866,28.636333,20.875854,37.313108,85.182398,149.036889,233.153282,143.286996,312.429738,287.815063,248.155866,136.000026,47.798581,16.599642,9.453116,10.310406,20.442332,46.376102,250.31421,180.080755,223.480236,246.073109,163.665445,80.463399,43.571621,62.497846,6.882707,4.767277,6.67448,38.052387,198.399854,413.158938,421.715751,501.401347,303.48768,138.648947,36.277825,24.218214,6.98999,10.974587,38.801906,139.727143,402.847069,679.976235,742.640858,839.640504,275.469689,189.744536,73.970325,53.147625,21.479078,21.916989,22.916186,97.237132,496.785729,524.735937,503.728905,907.07728,232.497391,78.831718,22.804026,-71.072524,-69.171386,2559 = 100,สำนักงานเศรษฐกิจอุตสาหกรรม (สศอ.) กระทรวงอุตสาหกรรม,Shipment.xlsx
475,1,DIVISION_2DIGIT,29,การผลิตยานยนต์  รถพ่วง  และรถกึ่งพ่วง,,,,,,การผลิตยานยนต์  รถพ่วง  และรถกึ่งพ่วง,12.889662,95.890474,101.437657,121.712626,77.35893,98.368159,102.383444,86.089342,73.352238,94.191224,104.930119,121.528318,122.75747,106.23549,110.557931,121.121985,86.308432,96.758926,100.015722,106.226345,110.800499,126.991804,123.339938,124.633124,131.864345,111.551798,116.143649,126.447314,93.342167,107.570689,104.045829,115.304289,106.562874,118.469069,119.767271,116.406836,102.900438,95.952933,102.660352,104.832458,81.816316,96.845535,93.962423,95.061939,93.363604,88.102015,89.467936,99.260801,89.702086,79.037721,87.96568,96.541793,73.661081,91.47335,98.261053,84.916413,82.703847,91.839774,92.407327,91.537926,95.247871,75.027204,88.98279,87.517839,69.378189,80.775615,84.037826,4.038608,-14.474939,2559 = 100,สำนักงานเศรษฐกิจอุตสาหกรรม (สศอ.) กระทรวงอุตสาหกรรม,Shipment.xlsx
476,2,GROUP_4DIGIT,29,การผลิตยานยนต์  รถพ่วง  และรถกึ่งพ่วง,2910,การผลิตยานยนต์,,,,การผลิตยานยนต์,12.177792,95.527649,101.70545,118.307164,76.883335,98.750276,102.917703,86.23235,73.373972,94.467259,105.431583,122.368613,124.034647,106.323546,111.035521,121.524194,86.279423,96.792086,100.088064,106.681935,110.725738,127.803458,124.221421,124.813794,133.645473,111.909837,116.850175,127.024562,93.885738,107.672439,104.098292,115.894779,106.725812,119.228021,120.615796,117.154491,103.745316,96.091401,102.221636,104.589667,81.384415,96.193936,93.685574,94.569045,92.557877,87.342866,87.523471,98.98199,89.322563,77.525242,87.966066,95.729579,72.465781,90.439981,98.009897,83.775237,81.836,90.804488,91.344458,90.831668,95.971155,74.155273,88.925993,86.836583,67.578826,79.23146,82.727966,4.413027,-15.592232,2559 = 100,สำนักงานเศรษฐกิจอุตสาหกรรม (สศอ.) กระทรวงอุตสาหกรรม,Shipment.xlsx
477,3,CLASS_5DIGIT,29,การผลิตยานยนต์  รถพ่วง  และรถกึ่งพ่วง,2910,การผลิตยานยนต์,29101,การผลิตเครื่องยนต์สำหรับยานยนต์,,การผลิตเครื่องยนต์สำหรับยานยนต์,1.643073,108.768321,100.925387,107.90422,86.530315,97.978212,90.896675,83.89898,79.064405,106.818339,114.912077,117.912841,104.390229,115.495665,117.381055,131.852488,93.837732,95.503842,102.1574,109.422216,116.034355,120.26515,115.180572,124.995364,106.271376,117.979987,116.725586,125.019148,81.61246,109.338048,109.174893,108.819524,107.542109,108.027688,112.887605,107.223875,88.13301,94.669057,92.080256,92.785586,82.371581,91.057138,88.223361,92.895091,91.729838,84.636183,87.572666,86.693592,83.681835,86.80581,83.45614,93.731901,79.266105,95.595223,95.169429,86.868103,87.079589,95.123508,89.99512,89.480751,84.565833,94.063846,88.047301,98.630818,80.224356,90.789943,90.124252,-0.733222,-5.301258,2559 = 100,สำนักงานเศรษฐกิจอุตสาหกรรม (สศอ.) กระทรวงอุตสาหกรรม,Shipment.xlsx
478,4,PRODUCT_ITEM,29,การผลิตยานยนต์  รถพ่วง  และรถกึ่งพ่วง,2910,การผลิตยานยนต์,29101,การผลิตเครื่องยนต์สำหรับยานยนต์,29101-010,เครื่องยนต์แก๊สโซลีน,0.281209,119.73372,107.325903,115.357137,85.597228,109.436003,92.486651,81.681225,59.202768,111.576095,112.726474,111.616797,93.259998,100.102292,95.882091,103.262086,85.670064,91.145613,98.159286,97.120302,113.047809,124.071743,118.795422,136.558823,106.719651,114.853712,113.193481,123.698995,87.696617,106.717509,114.157486,114.770165,110.888438,116.610344,133.703226,136.336031,111.758185,109.406012,108.658373,120.134318,96.336245,110.406435,101.494743,102.231672,109.982273,115.824144,110.235057,111.726051,94.224003,76.43061,81.923297,98.898356,84.502547,106.760354,112.670776,91.293427,88.144344,110.205065,101.642558,90.595059,83.922001,82.07968,89.654618,101.364067,82.330322,89.194038,73.590009,-17.494476,-34.685807,2559 = 100,สำนักงานเศรษฐกิจอุตสาหกรรม (สศอ.) กระทรวงอุตสาหกรรม,Shipment.xlsx
479,4,PRODUCT_ITEM,29,การผลิตยานยนต์  รถพ่วง  และรถกึ่งพ่วง,2910,การผลิตยานยนต์,29101,การผลิตเครื่องยนต์สำหรับยานยนต์,29101-020,เครื่องยนต์ดีเซล,1.361864,106.504095,99.603756,106.36528,86.722987,95.612313,90.568364,84.35692,83.165599,105.835919,115.363379,119.212899,106.68849,118.674215,121.820338,137.756069,95.524259,96.403765,102.982964,111.962416,116.651041,119.479134,114.434148,122.607646,106.178812,118.625526,117.454924,125.291744,80.356153,109.879159,108.146046,107.590786,106.851131,106.255471,108.589424,101.212558,83.254689,91.62605,88.65707,87.138395,79.488043,87.061736,85.482977,90.967197,87.960925,78.196236,82.893149,81.524684,81.505001,88.948167,83.772655,92.665089,78.184841,93.289755,91.555606,85.954326,86.85973,92.009344,87.590061,89.250659,84.698777,96.538436,87.715409,98.066434,79.789499,91.119479,93.538379,2.654646,2.165648,2559 = 100,สำนักงานเศรษฐกิจอุตสาหกรรม (สศอ.) กระทรวงอุตสาหกรรม,Shipment.xlsx
480,3,CLASS_5DIGIT,29,การผลิตยานยนต์  รถพ่วง  และรถกึ่งพ่วง,2910,การผลิตยานยนต์,29102,การผลิตรถยนต์ส่วนบุคคล,,การผลิตรถยนต์ส่วนบุคคล,4.508145,92.038525,101.965495,115.511368,71.785376,89.230514,108.330068,93.360929,79.197697,94.554063,105.138614,125.659161,123.228189,97.00932,93.052009,106.571088,80.382791,92.221822,88.501324,101.826969,101.515428,125.28988,131.889172,128.543107,148.479047,118.342353,127.857075,140.191413,94.988646,106.726605,105.507352,133.346708,106.989118,136.378094,131.332874,137.83352,119.487443,110.079635,118.777999,121.739929,93.363304,116.014154,107.178223,120.175733,114.214685,104.816685,107.087032,126.842473,96.396161,86.211494,91.558113,104.193656,71.610712,96.242251,112.79215,101.34636,96.319732,105.041689,110.060349,104.085047,110.628341,77.073873,90.912507,84.642174,63.034232,83.915698,73.470972,-12.446689,-34.861626,2559 = 100,สำนักงานเศรษฐกิจอุตสาหกรรม (สศอ.) กระทรวงอุตสาหกรรม,Shipment.xlsx
481,4,PRODUCT_ITEM,29,การผลิตยานยนต์  รถพ่วง  และรถกึ่งพ่วง,2910,การผลิตยานยนต์,29102,การผลิตรถยนต์ส่วนบุคคล,29102-010,"รถยนต์นั่งความจุกระบอกสูบไม่เกิน 1,800 cc",2.853485,91.061984,114.018127,133.584432,81.470112,72.681362,95.779382,83.377846,78.485636,90.968245,109.893571,125.102238,123.577064,98.885466,101.327771,105.330718,70.905371,80.251493,81.394107,93.924852,83.33731,112.48282,113.331546,103.704204,122.452185,106.992701,100.017946,109.077781,69.494206,87.221182,84.581263,111.038718,75.952125,104.06903,89.303728,94.548096,72.098655,75.222474,74.913386,75.455557,61.498445,72.364674,68.171713,82.820473,69.364997,65.552063,68.711351,83.930151,54.526223,51.232659,47.047299,51.67349,39.342892,51.845768,63.598726,58.802789,50.877967,49.342659,59.770591,54.579427,58.995336,43.12289,43.723332,41.303829,24.250767,36.269743,36.52056,0.691534,-42.576584,2559 = 100,สำนักงานเศรษฐกิจอุตสาหกรรม (สศอ.) กระทรวงอุตสาหกรรม,Shipment.xlsx
482,4,PRODUCT_ITEM,29,การผลิตยานยนต์  รถพ่วง  และรถกึ่งพ่วง,2910,การผลิตยานยนต์,29102,การผลิตรถยนต์ส่วนบุคคล,29102-020,"รถยนต์นั่งความจุกระบอกสูบตั้งแต่ 1,801 cc ขึ้นไป",0.832709,67.166276,55.80934,76.241907,42.716628,144.085962,155.112274,127.405979,95.649539,94.674198,92.277173,127.687009,121.173715,93.252514,76.555999,127.934977,107.171787,133.125775,95.318914,97.996969,147.640171,169.692795,189.54677,188.951646,225.055793,136.432015,162.220692,170.602011,143.325527,152.566469,147.326078,182.917757,166.303899,152.087064,169.560546,173.676815,167.080865,117.272352,145.441521,157.823392,108.295909,175.495247,166.204711,170.701199,202.903981,171.345915,169.89117,170.238325,81.92864,72.109106,148.03692,162.05538,105.667447,175.925059,203.383386,171.345915,188.984709,216.591817,198.771181,199.167929,156.533958,111.684805,185.728062,129.422786,127.819259,94.29398,106.262571,12.692847,-47.752581,2559 = 100,สำนักงานเศรษฐกิจอุตสาหกรรม (สศอ.) กระทรวงอุตสาหกรรม,Shipment.xlsx
483,4,PRODUCT_ITEM,29,การผลิตยานยนต์  รถพ่วง  และรถกึ่งพ่วง,2910,การผลิตยานยนต์,29102,การผลิตรถยนต์ส่วนบุคคล,29102-030,"รถยนต์นั่งไฮบริดความจุกระบอกสูบไม่เกิน 1,800 cc",0.617345,153.499971,133.102104,99.719085,65.957691,79.028837,106.977011,96.382503,47.365705,119.790174,122.799977,69.724245,105.652697,61.726767,56.360718,48.535229,72.269678,71.47853,73.060827,105.876283,95.333372,103.055667,79.974775,151.22972,160.379522,132.654933,166.553918,203.5659,98.927937,81.436679,115.817233,144.212578,161.32546,133.360087,175.428539,198.784613,205.732959,179.676661,239.373961,268.543255,179.607866,208.020409,178.421143,154.222324,185.249097,161.979017,121.286476,160.448317,223.92937,200.435705,206.197328,241.437826,143.541822,182.273691,202.413576,156.062604,152.691624,255.626899,228.418277,226.406008,272.481798,194.897667,201.192455,244.189646,189.050049,224.204552,187.622542,-16.316355,-7.307333,2559 = 100,สำนักงานเศรษฐกิจอุตสาหกรรม (สศอ.) กระทรวงอุตสาหกรรม,Shipment.xlsx
484,4,PRODUCT_ITEM,29,การผลิตยานยนต์  รถพ่วง  และรถกึ่งพ่วง,2910,การผลิตยานยนต์,29102,การผลิตรถยนต์ส่วนบุคคล,29102-040,"รถยนต์นั่งไฮบริดความจุกระบอกสูบตั้งแต่ 1,801 cc ขึ้นไป",0.125764,132.418839,112.665752,57.247371,55.784179,90.717878,59.442158,72.97668,47.553727,129.858253,48.102423,258.619113,134.613626,176.131687,121.627801,132.418839,114.128944,100.411523,212.894376,311.29401,176.497485,124.919982,260.8139,198.445359,116.323731,217.101052,458.344765,536.076818,339.826246,261.545496,270.873342,276.360311,273.06813,874.074074,813.351623,842.066758,724.279835,854.138089,938.271605,614.357567,441.883859,571.925011,370.37037,335.802469,457.064472,468.404207,776.223137,506.264289,564.974851,560.768176,580.521262,840.786465,598.445359,534.979424,523.273891,494.375857,548.148148,561.133973,382.441701,374.028349,900.960219,571.559214,691.540924,510.470965,525.651578,686.419753,547.78235,-20.197176,4.683677,2559 = 100,สำนักงานเศรษฐกิจอุตสาหกรรม (สศอ.) กระทรวงอุตสาหกรรม,Shipment.xlsx
485,4,PRODUCT_ITEM,29,การผลิตยานยนต์  รถพ่วง  และรถกึ่งพ่วง,2910,การผลิตยานยนต์,29102,การผลิตรถยนต์ส่วนบุคคล,29102-050,รถยนต์นั่งปลั๊กอินไฮบริด,0.074004,156.385069,76.751801,47.413229,108.185986,81.466929,91.159136,74.91814,67.059594,83.300589,104.780616,120.759659,187.819253,76.227898,66.273739,57.629339,92.206942,111.591356,147.478716,116.568435,140.667976,152.979699,122.331369,147.740668,214.53831,127.308448,121.807466,116.306483,84.610347,147.216765,99.803536,116.306483,112.901113,49.770792,54.747872,41.388343,103.994761,39.292731,26.719057,41.388343,64.963982,51.604453,54.48592,54.48592,45.055665,73.084479,150.884086,404.977079,846.365422,529.40406,419.122462,578.127046,269.024231,264.571054,230.779306,357.563851,397.904388,241.78127,269.024231,184.413883,236.280288,24.885396,205.370007,297.053045,270.072037,1088.932547,344.204322,-68.390666,49.148695,2559 = 100,สำนักงานเศรษฐกิจอุตสาหกรรม (สศอ.) กระทรวงอุตสาหกรรม,Shipment.xlsx
486,4,PRODUCT_ITEM,29,การผลิตยานยนต์  รถพ่วง  และรถกึ่งพ่วง,2910,การผลิตยานยนต์,29102,การผลิตรถยนต์ส่วนบุคคล,29102-060,รถยนต์นั่งไฟฟ้าแบตเตอรี่,0.004838,0.0,0.0,0.0,0.0,0.0,0.0,0.0,0.0,0.0,0.0,0.0,0.0,0.0,0.0,0.0,0.0,0.0,0.0,0.0,0.0,0.0,0.0,0.0,0.0,0.0,0.0,0.0,0.0,0.0,0.0,0.0,0.0,0.0,0.0,0.0,0.0,33.934166,101.558368,80.953737,66.989462,60.788542,81.979086,83.395044,91.500183,189.640721,223.477235,127.387395,58.396061,126.166741,151.800464,167.131871,272.986939,308.922977,333.384872,355.551939,332.798958,316.198071,241.249949,520.144851,1103.128942,89.791268,88.863572,179.28958,374.398828,414.485088,604.174635,45.765108,81.22437,2559 = 100,สำนักงานเศรษฐกิจอุตสาหกรรม (สศอ.) กระทรวงอุตสาหกรรม,Shipment.xlsx
487,3,CLASS_5DIGIT,29,การผลิตยานยนต์  รถพ่วง  และรถกึ่งพ่วง,2910,การผลิตยานยนต์,29103,การผลิตรถกระบะ 1 ตัน,,การผลิตรถกระบะ 1 ตัน,6.026574,94.52776,101.7236,123.234781,78.066703,106.081974,102.146401,81.536021,67.466139,91.034953,103.065993,121.12195,129.993726,110.790335,122.757955,129.893898,88.629684,100.562071,108.191282,109.56656,116.16813,131.738956,120.95048,121.974599,130.012518,105.443075,108.650491,117.721924,96.406876,107.925857,101.660179,104.768942,106.306294,109.452639,114.705943,104.393119,96.226011,86.015364,92.601666,94.978747,72.154534,82.768016,85.081678,75.870486,76.583375,75.009616,72.875645,81.491392,85.569074,68.497304,86.508632,89.942716,71.251384,84.69411,87.726534,69.788022,69.571924,78.9769,77.71202,81.285863,88.11645,66.544198,87.679556,85.262543,67.530734,72.57616,87.636101,20.750534,-0.103085,2559 = 100,สำนักงานเศรษฐกิจอุตสาหกรรม (สศอ.) กระทรวงอุตสาหกรรม,Shipment.xlsx
488,4,PRODUCT_ITEM,29,การผลิตยานยนต์  รถพ่วง  และรถกึ่งพ่วง,2910,การผลิตยานยนต์,29103,การผลิตรถกระบะ 1 ตัน,29103-010,รถบรรทุกปิคอัพน้ำหนักบรรทุก 1 ตัน,6.026574,94.52776,101.7236,123.234781,78.066703,106.081974,102.146401,81.536021,67.466139,91.034953,103.065993,121.12195,129.993726,110.790335,122.757955,129.893898,88.629684,100.562071,108.191282,109.56656,116.16813,131.738956,120.95048,121.974599,130.012518,105.443075,108.650491,117.721924,96.406876,107.925857,101.660179,104.768942,106.306294,109.452639,114.705943,104.393119,96.226011,86.015364,92.601666,94.978747,72.154534,82.768016,85.081678,75.870486,76.583375,75.009616,72.875645,81.491392,85.569074,68.497304,86.508632,89.942716,71.251384,84.69411,87.726534,69.788022,69.571924,78.9769,77.71202,81.285863,88.11645,66.544198,87.679556,85.262543,67.530734,72.57616,87.636101,20.750534,-0.103085,2559 = 100,สำนักงานเศรษฐกิจอุตสาหกรรม (สศอ.) กระทรวงอุตสาหกรรม,Shipment.xlsx
489,2,GROUP_4DIGIT,29,การผลิตยานยนต์  รถพ่วง  และรถกึ่งพ่วง,2930,การผลิตชิ้นส่วนและอุปกรณ์เสริมสำหรับยานยนต์,,,,การผลิตชิ้นส่วนและอุปกรณ์เสริมสำหรับยานยนต์,0.71187,102.097239,96.856586,179.96903,85.494813,91.831375,93.244013,83.642933,72.980433,89.469161,96.351701,107.153588,100.909128,104.72914,102.387908,114.241485,86.804695,96.191675,98.778174,98.432689,112.079422,113.107035,108.260622,121.542443,101.395027,105.426915,104.057282,116.572462,84.043434,105.83007,103.148359,105.202929,103.775542,105.485868,105.251755,103.616885,88.447324,93.584207,110.165351,108.985827,89.204751,107.992276,98.698411,103.493759,107.146983,101.088596,122.731424,104.030352,96.194485,104.911319,87.959071,110.436136,94.10879,109.150932,102.55752,104.438242,97.549882,109.550164,110.589559,103.619695,82.874836,89.943107,89.954418,99.171915,100.159447,107.191102,106.445271,-0.695795,3.790801,2559 = 100,สำนักงานเศรษฐกิจอุตสาหกรรม (สศอ.) กระทรวงอุตสาหกรรม,Shipment.xlsx
490,3,CLASS_5DIGIT,29,การผลิตยานยนต์  รถพ่วง  และรถกึ่งพ่วง,2930,การผลิตชิ้นส่วนและอุปกรณ์เสริมสำหรับยานยนต์,29302,การผลิตอุปกรณ์ไฟฟ้าสำหรับยานยนต์,,การผลิตอุปกรณ์ไฟฟ้าสำหรับยานยนต์,0.71187,102.097239,96.856586,179.96903,85.494813,91.831375,93.244013,83.642933,72.980433,89.469161,96.351701,107.153588,100.909128,104.72914,102.387908,114.241485,86.804695,96.191675,98.778174,98.432689,112.079422,113.107035,108.260622,121.542443,101.395027,105.426915,104.057282,116.572462,84.043434,105.83007,103.148359,105.202929,103.775542,105.485868,105.251755,103.616885,88.447324,93.584207,110.165351,108.985827,89.204751,107.992276,98.698411,103.493759,107.146983,101.088596,122.731424,104.030352,96.194485,104.911319,87.959071,110.436136,94.10879,109.150932,102.55752,104.438242,97.549882,109.550164,110.589559,103.619695,82.874836,89.943107,89.954418,99.171915,100.159447,107.191102,106.445271,-0.695795,3.790801,2559 = 100,สำนักงานเศรษฐกิจอุตสาหกรรม (สศอ.) กระทรวงอุตสาหกรรม,Shipment.xlsx
491,4,PRODUCT_ITEM,29,การผลิตยานยนต์  รถพ่วง  และรถกึ่งพ่วง,2930,การผลิตชิ้นส่วนและอุปกรณ์เสริมสำหรับยานยนต์,29302,การผลิตอุปกรณ์ไฟฟ้าสำหรับยานยนต์,29302-010,ชุดสายไฟสำหรับรถยนต์และจักรยานยนต์,0.71187,102.097239,96.856586,179.96903,85.494813,91.831375,93.244013,83.642933,72.980433,89.469161,96.351701,107.153588,100.909128,104.72914,102.387908,114.241485,86.804695,96.191675,98.778174,98.432689,112.079422,113.107035,108.260622,121.542443,101.395027,105.426915,104.057282,116.572462,84.043434,105.83007,103.148359,105.202929,103.775542,105.485868,105.251755,103.616885,88.447324,93.584207,110.165351,108.985827,89.204751,107.992276,98.698411,103.493759,107.146983,101.088596,122.731424,104.030352,96.194485,104.911319,87.959071,110.436136,94.10879,109.150932,102.55752,104.438242,97.549882,109.550164,110.589559,103.619695,82.874836,89.943107,89.954418,99.171915,100.159447,107.191102,106.445271,-0.695795,3.790801,2559 = 100,สำนักงานเศรษฐกิจอุตสาหกรรม (สศอ.) กระทรวงอุตสาหกรรม,Shipment.xlsx
492,1,DIVISION_2DIGIT,30,การผลิตอุปกรณ์ขนส่งอื่นๆ,,,,,,การผลิตอุปกรณ์ขนส่งอื่นๆ,1.270498,123.356263,127.681052,130.490606,97.257705,115.184059,110.244647,68.65417,51.947768,73.269866,85.338699,108.164549,108.410617,104.104967,95.950261,102.38741,89.55139,100.920296,99.609572,101.061375,108.69551,115.070321,101.814344,109.564404,114.060894,117.78965,117.778713,123.774579,92.372974,123.510466,124.091734,108.71082,101.134102,100.098974,87.003762,109.885934,104.55992,102.632385,110.093725,114.85214,86.631925,103.507295,100.722347,95.383757,89.644349,86.897679,86.039174,95.738643,97.840066,100.418863,109.307946,118.276865,94.872482,113.696713,112.874297,101.726853,96.810954,94.985127,99.816269,94.508848,95.368446,102.907981,101.084888,124.140401,98.622564,121.142195,112.180931,-7.39731,-0.614282,2559 = 100,สำนักงานเศรษฐกิจอุตสาหกรรม (สศอ.) กระทรวงอุตสาหกรรม,Shipment.xlsx
493,2,GROUP_4DIGIT,30,การผลิตอุปกรณ์ขนส่งอื่นๆ,3091,การผลิตจักรยานยนต์,,,,การผลิตจักรยานยนต์,1.270498,123.356263,127.681052,130.490606,97.257705,115.184059,110.244647,68.65417,51.947768,73.269866,85.338699,108.164549,108.410617,104.104967,95.950261,102.38741,89.55139,100.920296,99.609572,101.061375,108.69551,115.070321,101.814344,109.564404,114.060894,117.78965,117.778713,123.774579,92.372974,123.510466,124.091734,108.71082,101.134102,100.098974,87.003762,109.885934,104.55992,102.632385,110.093725,114.85214,86.631925,103.507295,100.722347,95.383757,89.644349,86.897679,86.039174,95.738643,97.840066,100.418863,109.307946,118.276865,94.872482,113.696713,112.874297,101.726853,96.810954,94.985127,99.816269,94.508848,95.368446,102.907981,101.084888,124.140401,98.622564,121.142195,112.180931,-7.39731,-0.614282,2559 = 100,สำนักงานเศรษฐกิจอุตสาหกรรม (สศอ.) กระทรวงอุตสาหกรรม,Shipment.xlsx
494,3,CLASS_5DIGIT,30,การผลิตอุปกรณ์ขนส่งอื่นๆ,3091,การผลิตจักรยานยนต์,30911,การผลิตจักรยานยนต์,,การผลิตจักรยานยนต์,1.270498,123.356263,127.681052,130.490606,97.257705,115.184059,110.244647,68.65417,51.947768,73.269866,85.338699,108.164549,108.410617,104.104967,95.950261,102.38741,89.55139,100.920296,99.609572,101.061375,108.69551,115.070321,101.814344,109.564404,114.060894,117.78965,117.778713,123.774579,92.372974,123.510466,124.091734,108.71082,101.134102,100.098974,87.003762,109.885934,104.55992,102.632385,110.093725,114.85214,86.631925,103.507295,100.722347,95.383757,89.644349,86.897679,86.039174,95.738643,97.840066,100.418863,109.307946,118.276865,94.872482,113.696713,112.874297,101.726853,96.810954,94.985127,99.816269,94.508848,95.368446,102.907981,101.084888,124.140401,98.622564,121.142195,112.180931,-7.39731,-0.614282,2559 = 100,สำนักงานเศรษฐกิจอุตสาหกรรม (สศอ.) กระทรวงอุตสาหกรรม,Shipment.xlsx
495,4,PRODUCT_ITEM,30,การผลิตอุปกรณ์ขนส่งอื่นๆ,3091,การผลิตจักรยานยนต์,30911,การผลิตจักรยานยนต์,30911-010,รถจักรยานยนต์,1.270498,123.356263,127.681052,130.490606,97.257705,115.184059,110.244647,68.65417,51.947768,73.269866,85.338699,108.164549,108.410617,104.104967,95.950261,102.38741,89.55139,100.920296,99.609572,101.061375,108.69551,115.070321,101.814344,109.564404,114.060894,117.78965,117.778713,123.774579,92.372974,123.510466,124.091734,108.71082,101.134102,100.098974,87.003762,109.885934,104.55992,102.632385,110.093725,114.85214,86.631925,103.507295,100.722347,95.383757,89.644349,86.897679,86.039174,95.738643,97.840066,100.418863,109.307946,118.276865,94.872482,113.696713,112.874297,101.726853,96.810954,94.985127,99.816269,94.508848,95.368446,102.907981,101.084888,124.140401,98.622564,121.142195,112.180931,-7.39731,-0.614282,2559 = 100,สำนักงานเศรษฐกิจอุตสาหกรรม (สศอ.) กระทรวงอุตสาหกรรม,Shipment.xlsx
496,1,DIVISION_2DIGIT,31,การผลิตเฟอร์นิเจอร์,,,,,,การผลิตเฟอร์นิเจอร์,0.723734,91.488187,92.537216,96.327486,88.725241,93.793353,90.594463,98.949023,85.673118,110.689355,112.382233,114.686497,124.153827,110.439419,96.090032,74.234835,69.406805,72.285752,87.511794,74.632368,95.298084,61.440483,82.713307,63.22226,60.191746,64.024113,51.849576,62.83253,53.146341,56.653926,58.18293,55.059348,55.08108,66.330066,68.791824,62.833177,63.388729,54.472922,57.339832,75.27468,62.00411,61.503428,49.700306,75.625679,51.138346,64.672726,67.996525,55.479938,49.863325,50.911865,54.938481,61.058878,52.264861,48.092481,51.798827,65.618812,73.132495,64.74213,61.792357,67.521025,52.709533,56.70214,59.626955,57.745389,54.780913,61.042608,59.448056,-2.612196,14.767186,2559 = 100,สำนักงานเศรษฐกิจอุตสาหกรรม (สศอ.) กระทรวงอุตสาหกรรม,Shipment.xlsx
497,2,GROUP_4DIGIT,31,การผลิตเฟอร์นิเจอร์,3100,การผลิตเฟอร์นิเจอร์,,,,การผลิตเฟอร์นิเจอร์,0.723734,91.488187,92.537216,96.327486,88.725241,93.793353,90.594463,98.949023,85.673118,110.689355,112.382233,114.686497,124.153827,110.439419,96.090032,74.234835,69.406805,72.285752,87.511794,74.632368,95.298084,61.440483,82.713307,63.22226,60.191746,64.024113,51.849576,62.83253,53.146341,56.653926,58.18293,55.059348,55.08108,66.330066,68.791824,62.833177,63.388729,54.472922,57.339832,75.27468,62.00411,61.503428,49.700306,75.625679,51.138346,64.672726,67.996525,55.479938,49.863325,50.911865,54.938481,61.058878,52.264861,48.092481,51.798827,65.618812,73.132495,64.74213,61.792357,67.521025,52.709533,56.70214,59.626955,57.745389,54.780913,61.042608,59.448056,-2.612196,14.767186,2559 = 100,สำนักงานเศรษฐกิจอุตสาหกรรม (สศอ.) กระทรวงอุตสาหกรรม,Shipment.xlsx
498,3,CLASS_5DIGIT,31,การผลิตเฟอร์นิเจอร์,3100,การผลิตเฟอร์นิเจอร์,31001,การผลิตเฟอร์นิเจอร์ไม้,,การผลิตเฟอร์นิเจอร์ไม้,0.553707,92.746351,97.925279,100.510013,93.154189,95.616851,87.259454,97.280664,80.000013,113.870001,107.920601,113.041977,120.674606,108.447923,94.314676,67.463469,62.016997,66.460203,78.35253,64.971136,100.137224,59.792407,80.976196,54.552044,53.005824,62.17372,47.680727,63.256244,51.038721,53.443035,58.975536,53.327235,51.992899,64.620749,67.508276,56.938535,61.923999,51.896117,56.883373,77.395664,63.855156,59.015264,45.097586,77.950069,50.311662,66.411912,64.21082,50.58986,50.812797,51.828111,54.785834,58.651236,53.922265,45.787207,48.891696,66.54653,77.218529,67.417966,66.045694,70.61147,51.863359,56.463288,60.070705,59.110851,55.015741,58.114057,55.772671,-4.028949,14.073914,2559 = 100,สำนักงานเศรษฐกิจอุตสาหกรรม (สศอ.) กระทรวงอุตสาหกรรม,Shipment.xlsx
499,4,PRODUCT_ITEM,31,การผลิตเฟอร์นิเจอร์,3100,การผลิตเฟอร์นิเจอร์,31001,การผลิตเฟอร์นิเจอร์ไม้,31001-010,เครื่องเรือนทำด้วยไม้,0.553707,92.746351,97.925279,100.510013,93.154189,95.616851,87.259454,97.280664,80.000013,113.870001,107.920601,113.041977,120.674606,108.447923,94.314676,67.463469,62.016997,66.460203,78.35253,64.971136,100.137224,59.792407,80.976196,54.552044,53.005824,62.17372,47.680727,63.256244,51.038721,53.443035,58.975536,53.327235,51.992899,64.620749,67.508276,56.938535,61.923999,51.896117,56.883373,77.395664,63.855156,59.015264,45.097586,77.950069,50.311662,66.411912,64.21082,50.58986,50.812797,51.828111,54.785834,58.651236,53.922265,45.787207,48.891696,66.54653,77.218529,67.417966,66.045694,70.61147,51.863359,56.463288,60.070705,59.110851,55.015741,58.114057,55.772671,-4.028949,14.073914,2559 = 100,สำนักงานเศรษฐกิจอุตสาหกรรม (สศอ.) กระทรวงอุตสาหกรรม,Shipment.xlsx
500,3,CLASS_5DIGIT,31,การผลิตเฟอร์นิเจอร์,3100,การผลิตเฟอร์นิเจอร์,31002,การผลิตเฟอร์นิเจอร์โลหะ,,การผลิตเฟอร์นิเจอร์โลหะ,0.115139,74.499591,69.80428,71.39817,59.839278,84.116835,106.806877,111.712002,104.760322,105.862135,139.78128,124.448055,146.971174,120.647061,106.050504,98.189437,92.376664,87.725982,109.828893,113.485568,74.32861,65.180259,89.186565,86.203962,75.968868,51.215462,52.786169,50.884513,44.299717,55.896283,50.415039,50.869443,60.734754,70.038437,65.729717,75.744564,58.103386,46.988465,50.409243,61.840624,41.077161,60.306433,56.721049,55.58504,43.154434,48.839117,68.544237,63.377714,39.094941,29.57391,41.225537,65.577283,35.493328,46.313235,59.122897,61.508516,55.088326,55.434924,44.616177,47.925093,44.770349,46.396117,48.955036,41.901926,41.799918,59.313004,64.251166,8.325597,8.673915,2559 = 100,สำนักงานเศรษฐกิจอุตสาหกรรม (สศอ.) กระทรวงอุตสาหกรรม,Shipment.xlsx
501,4,PRODUCT_ITEM,31,การผลิตเฟอร์นิเจอร์,3100,การผลิตเฟอร์นิเจอร์,31002,การผลิตเฟอร์นิเจอร์โลหะ,31002-010,เครื่องเรือนทำด้วยโลหะ,0.115139,74.499591,69.80428,71.39817,59.839278,84.116835,106.806877,111.712002,104.760322,105.862135,139.78128,124.448055,146.971174,120.647061,106.050504,98.189437,92.376664,87.725982,109.828893,113.485568,74.32861,65.180259,89.186565,86.203962,75.968868,51.215462,52.786169,50.884513,44.299717,55.896283,50.415039,50.869443,60.734754,70.038437,65.729717,75.744564,58.103386,46.988465,50.409243,61.840624,41.077161,60.306433,56.721049,55.58504,43.154434,48.839117,68.544237,63.377714,39.094941,29.57391,41.225537,65.577283,35.493328,46.313235,59.122897,61.508516,55.088326,55.434924,44.616177,47.925093,44.770349,46.396117,48.955036,41.901926,41.799918,59.313004,64.251166,8.325597,8.673915,2559 = 100,สำนักงานเศรษฐกิจอุตสาหกรรม (สศอ.) กระทรวงอุตสาหกรรม,Shipment.xlsx
502,3,CLASS_5DIGIT,31,การผลิตเฟอร์นิเจอร์,3100,การผลิตเฟอร์นิเจอร์,31003,การผลิตฐานรองที่นอนและที่นอน,,การผลิตฐานรองที่นอนและที่นอน,0.054888,114.433034,85.869767,106.428806,104.640567,95.696514,90.228957,89.006327,102.863754,88.729236,99.91573,110.799423,111.387885,109.116878,93.105566,92.294288,95.770785,98.664534,133.095282,90.591747,90.468913,70.221245,86.658192,102.478111,99.58722,109.559653,91.940068,83.621613,92.965592,90.634596,66.481939,81.32204,74.374759,75.794495,88.163627,95.213746,89.251996,96.167855,76.482939,82.059046,87.229515,89.114879,81.404882,94.216788,76.225844,80.342222,105.037636,88.243612,62.874038,86.429663,85.244169,75.868767,70.726865,75.080342,65.762073,64.882236,69.764187,57.272221,54.915516,77.45133,77.899819,80.730721,77.537029,77.205662,79.642352,94.213932,86.449659,-8.241109,31.458234,2559 = 100,สำนักงานเศรษฐกิจอุตสาหกรรม (สศอ.) กระทรวงอุตสาหกรรม,Shipment.xlsx
503,4,PRODUCT_ITEM,31,การผลิตเฟอร์นิเจอร์,3100,การผลิตเฟอร์นิเจอร์,31003,การผลิตฐานรองที่นอนและที่นอน,31003-010,ที่นอน,0.054888,114.433034,85.869767,106.428806,104.640567,95.696514,90.228957,89.006327,102.863754,88.729236,99.91573,110.799423,111.387885,109.116878,93.105566,92.294288,95.770785,98.664534,133.095282,90.591747,90.468913,70.221245,86.658192,102.478111,99.58722,109.559653,91.940068,83.621613,92.965592,90.634596,66.481939,81.32204,74.374759,75.794495,88.163627,95.213746,89.251996,96.167855,76.482939,82.059046,87.229515,89.114879,81.404882,94.216788,76.225844,80.342222,105.037636,88.243612,62.874038,86.429663,85.244169,75.868767,70.726865,75.080342,65.762073,64.882236,69.764187,57.272221,54.915516,77.45133,77.899819,80.730721,77.537029,77.205662,79.642352,94.213932,86.449659,-8.241109,31.458234,2559 = 100,สำนักงานเศรษฐกิจอุตสาหกรรม (สศอ.) กระทรวงอุตสาหกรรม,Shipment.xlsx
504,1,DIVISION_2DIGIT,32,การผลิตผลิตภัณฑ์อื่นๆ,,,,,,การผลิตผลิตภัณฑ์อื่นๆ,2.499959,97.943742,97.749298,108.559949,90.10047,98.918279,92.351297,100.027289,94.029447,92.925896,114.676204,108.87341,103.844718,98.110096,102.203249,104.210074,94.598094,107.295544,104.511244,107.657018,101.042966,101.500089,94.058061,96.888817,85.417738,95.031033,95.8468,101.964196,79.986022,100.89698,102.410499,100.050494,104.816699,101.080963,100.391523,103.91165,88.539952,104.958699,106.763425,107.928511,89.817535,108.023028,94.911456,110.025697,110.251771,104.997121,111.874067,115.562046,97.856756,109.325156,105.00213,113.653026,96.819047,110.231405,106.917631,111.665037,116.636781,118.66216,119.316988,109.328832,105.723425,107.09563,101.984552,116.214194,88.494237,100.674217,104.790608,4.088823,-1.989404,2559 = 100,สำนักงานเศรษฐกิจอุตสาหกรรม (สศอ.) กระทรวงอุตสาหกรรม,Shipment.xlsx
505,2,GROUP_4DIGIT,32,การผลิตผลิตภัณฑ์อื่นๆ,3211,การผลิตเครื่องประดับเพชรพลอยแท้และสิ่งของที่เกี่ยวข้อง,,,,การผลิตเครื่องประดับเพชรพลอยแท้และสิ่งของที่เกี่ยวข้อง,0.780853,81.319681,95.356231,98.783301,76.9432,93.375298,106.307526,109.086305,92.718356,93.781295,131.872337,111.872332,108.584138,97.876637,107.836245,102.729355,101.693875,107.928753,115.156691,126.762047,112.786063,103.482528,92.162532,90.835875,74.230473,92.831039,91.072819,94.685516,67.011842,103.917218,109.722129,98.74297,116.327314,108.829797,103.936187,113.153534,80.936958,107.481669,109.936746,113.432873,79.350623,111.83914,92.815607,103.159978,105.319488,107.392317,121.639069,128.94188,87.669864,106.055078,101.678976,108.267176,87.270784,104.792175,95.469463,108.194266,109.468103,124.081422,126.812165,118.907166,90.151094,104.734013,96.912447,110.734413,72.339863,100.919488,99.342804,-1.562319,4.057151,2559 = 100,สำนักงานเศรษฐกิจอุตสาหกรรม (สศอ.) กระทรวงอุตสาหกรรม,Shipment.xlsx
506,3,CLASS_5DIGIT,32,การผลิตผลิตภัณฑ์อื่นๆ,3211,การผลิตเครื่องประดับเพชรพลอยแท้และสิ่งของที่เกี่ยวข้อง,32111,การผลิตเครื่องประดับเพชรพลอยและโลหะมีค่า,,การผลิตเครื่องประดับเพชรพลอยและโลหะมีค่า,0.761233,80.831625,95.679372,98.446464,76.975219,93.306393,106.672919,109.577573,91.655938,93.356405,132.238479,112.161081,109.098533,97.555459,108.219703,103.095338,102.389382,108.465241,115.545559,127.387595,113.925242,102.456075,92.284867,90.808688,74.778439,92.497599,91.18572,94.684697,66.983311,104.487081,110.335401,98.997234,117.221286,109.77255,104.816431,114.4068,81.382846,109.207104,110.644991,115.077027,80.209828,112.57503,93.480436,104.096057,107.068374,107.769349,122.944981,130.003666,88.56761,106.883501,102.845913,108.850621,88.631021,106.045894,96.624721,109.652019,110.476468,125.937176,128.917595,120.388391,90.85551,106.273963,97.047077,112.172381,72.554921,102.114452,100.583247,-1.4995,4.096804,2559 = 100,สำนักงานเศรษฐกิจอุตสาหกรรม (สศอ.) กระทรวงอุตสาหกรรม,Shipment.xlsx
507,4,PRODUCT_ITEM,32,การผลิตผลิตภัณฑ์อื่นๆ,3211,การผลิตเครื่องประดับเพชรพลอยแท้และสิ่งของที่เกี่ยวข้อง,32111,การผลิตเครื่องประดับเพชรพลอยและโลหะมีค่า,32111-010,กำไล,0.035466,46.627291,95.821526,40.55207,54.646387,87.550265,91.008355,103.384032,120.187288,178.461915,122.039355,125.753282,133.968235,82.197264,114.329957,124.873152,88.441411,71.800961,135.606084,132.265508,109.344187,87.189154,105.533556,106.243535,131.211556,70.134957,57.389601,88.221073,94.181228,102.030174,208.090094,168.083973,116.829574,126.568534,133.257031,184.326591,177.654007,74.818374,94.544787,95.067479,67.335435,101.464639,82.000184,112.542767,155.708296,184.933745,254.24733,302.54797,189.656333,80.264406,93.310891,201.318358,80.413747,87.788965,89.785476,133.532454,121.07109,185.119809,188.077241,220.449858,92.189613,141.29204,130.870031,120.018362,90.55054,83.496037,83.732289,0.28295,-6.741833,2559 = 100,สำนักงานเศรษฐกิจอุตสาหกรรม (สศอ.) กระทรวงอุตสาหกรรม,Shipment.xlsx
508,4,PRODUCT_ITEM,32,การผลิตผลิตภัณฑ์อื่นๆ,3211,การผลิตเครื่องประดับเพชรพลอยแท้และสิ่งของที่เกี่ยวข้อง,32111,การผลิตเครื่องประดับเพชรพลอยและโลหะมีค่า,32111-020,ต่างหู,0.078741,80.795458,96.054292,78.240007,63.895905,92.734814,101.089685,119.852338,102.265463,93.873749,137.232111,115.916333,118.049847,104.158113,76.361629,77.802163,79.098782,87.274026,89.114492,129.029077,112.28463,100.058953,102.267097,102.357256,82.185254,115.779899,78.632142,86.310883,65.761205,82.98364,85.595457,90.85411,110.483366,112.199627,111.787466,105.116289,93.908957,113.650157,87.820953,104.28763,73.832458,77.802414,66.913469,75.207416,106.842107,93.349958,106.219952,107.953283,72.754573,93.539079,84.647403,85.804539,73.849308,78.971214,65.053827,70.118802,79.178756,99.997527,94.819036,84.051812,59.881561,90.548738,87.990583,76.119696,54.235676,81.602866,77.033484,-5.599536,18.414992,2559 = 100,สำนักงานเศรษฐกิจอุตสาหกรรม (สศอ.) กระทรวงอุตสาหกรรม,Shipment.xlsx
509,4,PRODUCT_ITEM,32,การผลิตผลิตภัณฑ์อื่นๆ,3211,การผลิตเครื่องประดับเพชรพลอยแท้และสิ่งของที่เกี่ยวข้อง,32111,การผลิตเครื่องประดับเพชรพลอยและโลหะมีค่า,32111-030,สร้อย,0.207638,89.505623,101.822962,96.976553,67.175016,69.495138,88.248579,98.496691,87.21204,129.443343,167.220738,102.641279,101.762039,103.114106,130.90099,94.035863,100.397917,111.09824,127.031267,138.702142,128.477642,112.607464,90.909909,84.540508,77.229589,107.456656,131.244053,79.892346,54.388417,123.234808,136.463132,111.673651,134.897622,103.500329,96.149033,113.389469,71.182278,111.203392,133.793954,103.562464,66.052872,107.506878,109.698234,124.699232,101.205105,105.585178,117.037403,117.612457,74.043925,94.675407,107.846232,85.545944,65.499433,101.272448,99.38713,133.16989,121.986396,136.4881,117.828682,88.555403,101.825887,105.848344,81.600032,136.464273,76.3221,100.804328,98.08336,-2.699258,-1.311811,2559 = 100,สำนักงานเศรษฐกิจอุตสาหกรรม (สศอ.) กระทรวงอุตสาหกรรม,Shipment.xlsx
510,4,PRODUCT_ITEM,32,การผลิตผลิตภัณฑ์อื่นๆ,3211,การผลิตเครื่องประดับเพชรพลอยแท้และสิ่งของที่เกี่ยวข้อง,32111,การผลิตเครื่องประดับเพชรพลอยและโลหะมีค่า,32111-040,แหวน,0.141776,71.662188,89.427903,98.332167,81.666609,96.865426,104.048232,137.753336,99.311121,83.244654,112.961993,110.914028,113.812341,109.116597,83.763586,87.238857,86.080594,90.144171,112.388737,114.862036,108.829445,96.998459,87.907401,75.352662,49.633147,75.19975,62.590526,86.710669,61.289171,82.47382,90.799114,93.710303,111.281579,101.218649,113.564383,138.333675,94.672679,120.077598,109.794477,145.067404,101.599076,141.981735,91.569626,95.892991,106.731503,93.896694,119.712784,163.571278,98.944054,126.677651,104.410471,130.860096,133.456771,128.285714,118.822277,83.159345,117.758659,127.506752,138.092719,155.308838,105.180017,112.693594,121.08641,128.374242,84.944222,133.939568,136.14809,1.648894,14.581283,2559 = 100,สำนักงานเศรษฐกิจอุตสาหกรรม (สศอ.) กระทรวงอุตสาหกรรม,Shipment.xlsx
511,4,PRODUCT_ITEM,32,การผลิตผลิตภัณฑ์อื่นๆ,3211,การผลิตเครื่องประดับเพชรพลอยแท้และสิ่งของที่เกี่ยวข้อง,32111,การผลิตเครื่องประดับเพชรพลอยและโลหะมีค่า,32111-050,จี้,0.297613,83.233684,94.255039,111.771693,87.699071,109.060718,124.121409,101.905833,84.902576,62.717632,116.909194,116.783608,106.639543,88.253168,111.746468,121.066304,119.372149,125.331828,113.638491,124.444974,107.179844,100.42709,91.109604,97.649948,76.36228,86.80627,84.208724,111.789386,75.565271,107.875841,96.309636,86.5933,109.54779,115.579733,101.462611,97.844236,67.382099,105.558401,102.856915,114.062882,83.119005,112.626275,91.472918,100.266044,105.583086,110.521301,117.384334,107.930206,85.8946,112.674096,104.563114,109.703243,88.305614,108.120617,93.290943,113.478302,105.995228,117.638637,134.254977,123.651955,84.413807,103.500224,94.737897,96.109922,66.726989,95.513335,93.623886,-1.978205,0.356887,2559 = 100,สำนักงานเศรษฐกิจอุตสาหกรรม (สศอ.) กระทรวงอุตสาหกรรม,Shipment.xlsx
512,3,CLASS_5DIGIT,32,การผลิตผลิตภัณฑ์อื่นๆ,3211,การผลิตเครื่องประดับเพชรพลอยแท้และสิ่งของที่เกี่ยวข้อง,32113,การเจียระไนและการขัดเพชรพลอย,,การเจียระไนและการขัดเพชรพลอย,0.019621,100.254996,82.819239,111.851693,75.700945,96.048612,92.131249,90.026387,133.937382,110.26588,117.666988,100.669664,88.626963,110.337504,92.959079,88.530196,74.710024,87.11445,100.069645,102.492422,68.588902,143.306213,87.416256,91.890653,52.970817,105.767604,86.69258,94.717288,68.118776,81.808047,85.928816,88.878184,81.643549,72.253467,69.785062,64.530139,63.637675,40.539358,82.458722,49.644055,46.015728,83.288527,67.021997,66.842583,37.467312,92.764452,70.973126,87.747411,52.839702,73.914454,56.4049,85.631072,34.497175,56.151207,50.6485,51.637277,70.346216,52.083054,45.127028,61.439569,62.821621,44.988029,91.68915,54.945032,63.996189,54.55805,51.216898,-6.124031,1.122241,2559 = 100,สำนักงานเศรษฐกิจอุตสาหกรรม (สศอ.) กระทรวงอุตสาหกรรม,Shipment.xlsx
513,4,PRODUCT_ITEM,32,การผลิตผลิตภัณฑ์อื่นๆ,3211,การผลิตเครื่องประดับเพชรพลอยแท้และสิ่งของที่เกี่ยวข้อง,32113,การเจียระไนและการขัดเพชรพลอย,32113-010,เพชร,0.019621,100.254996,82.819239,111.851693,75.700945,96.048612,92.131249,90.026387,133.937382,110.26588,117.666988,100.669664,88.626963,110.337504,92.959079,88.530196,74.710024,87.11445,100.069645,102.492422,68.588902,143.306213,87.416256,91.890653,52.970817,105.767604,86.69258,94.717288,68.118776,81.808047,85.928816,88.878184,81.643549,72.253467,69.785062,64.530139,63.637675,40.539358,82.458722,49.644055,46.015728,83.288527,67.021997,66.842583,37.467312,92.764452,70.973126,87.747411,52.839702,73.914454,56.4049,85.631072,34.497175,56.151207,50.6485,51.637277,70.346216,52.083054,45.127028,61.439569,62.821621,44.988029,91.68915,54.945032,63.996189,54.55805,51.216898,-6.124031,1.122241,2559 = 100,สำนักงานเศรษฐกิจอุตสาหกรรม (สศอ.) กระทรวงอุตสาหกรรม,Shipment.xlsx
514,2,GROUP_4DIGIT,32,การผลิตผลิตภัณฑ์อื่นๆ,3212,การผลิตเครื่องประดับเพชรพลอยเทียมและสิ่งของที่เกี่ยวข้อง,,,,การผลิตเครื่องประดับเพชรพลอยเทียมและสิ่งของที่เกี่ยวข้อง,0.041661,121.142338,95.80377,101.311922,87.464556,107.107159,109.07267,95.922451,77.026063,96.214493,99.257005,116.646553,93.03102,131.138369,111.431436,138.447299,125.254242,131.915195,95.291647,97.479043,111.649971,102.388367,106.24533,87.296296,63.732706,80.830981,102.640501,88.504158,81.822182,97.8669,90.542888,99.172604,102.893396,105.537429,108.199751,102.013137,83.737549,116.687789,110.976037,117.42414,118.166299,112.841826,119.158621,131.353046,125.68092,127.071921,105.969335,90.470174,100.269956,103.226114,99.105052,105.200988,112.249458,107.188479,124.655215,118.032638,112.600264,132.488937,111.708785,104.289818,103.996234,113.776854,113.197556,130.521488,92.106404,116.369041,138.704573,19.193707,11.270574,2559 = 100,สำนักงานเศรษฐกิจอุตสาหกรรม (สศอ.) กระทรวงอุตสาหกรรม,Shipment.xlsx
515,3,CLASS_5DIGIT,32,การผลิตผลิตภัณฑ์อื่นๆ,3212,การผลิตเครื่องประดับเพชรพลอยเทียมและสิ่งของที่เกี่ยวข้อง,32120,การผลิตเครื่องประดับเพชรพลอยเทียมและสิ่งของที่เกี่ยวข้อง,,การผลิตเครื่องประดับเพชรพลอยเทียมและสิ่งของที่เกี่ยวข้อง,0.041661,121.142338,95.80377,101.311922,87.464556,107.107159,109.07267,95.922451,77.026063,96.214493,99.257005,116.646553,93.03102,131.138369,111.431436,138.447299,125.254242,131.915195,95.291647,97.479043,111.649971,102.388367,106.24533,87.296296,63.732706,80.830981,102.640501,88.504158,81.822182,97.8669,90.542888,99.172604,102.893396,105.537429,108.199751,102.013137,83.737549,116.687789,110.976037,117.42414,118.166299,112.841826,119.158621,131.353046,125.68092,127.071921,105.969335,90.470174,100.269956,103.226114,99.105052,105.200988,112.249458,107.188479,124.655215,118.032638,112.600264,132.488937,111.708785,104.289818,103.996234,113.776854,113.197556,130.521488,92.106404,116.369041,138.704573,19.193707,11.270574,2559 = 100,สำนักงานเศรษฐกิจอุตสาหกรรม (สศอ.) กระทรวงอุตสาหกรรม,Shipment.xlsx
516,4,PRODUCT_ITEM,32,การผลิตผลิตภัณฑ์อื่นๆ,3212,การผลิตเครื่องประดับเพชรพลอยเทียมและสิ่งของที่เกี่ยวข้อง,32120,การผลิตเครื่องประดับเพชรพลอยเทียมและสิ่งของที่เกี่ยวข้อง,32120-010,เครื่องประดับเทียม,0.041661,121.142338,95.80377,101.311922,87.464556,107.107159,109.07267,95.922451,77.026063,96.214493,99.257005,116.646553,93.03102,131.138369,111.431436,138.447299,125.254242,131.915195,95.291647,97.479043,111.649971,102.388367,106.24533,87.296296,63.732706,80.830981,102.640501,88.504158,81.822182,97.8669,90.542888,99.172604,102.893396,105.537429,108.199751,102.013137,83.737549,116.687789,110.976037,117.42414,118.166299,112.841826,119.158621,131.353046,125.68092,127.071921,105.969335,90.470174,100.269956,103.226114,99.105052,105.200988,112.249458,107.188479,124.655215,118.032638,112.600264,132.488937,111.708785,104.289818,103.996234,113.776854,113.197556,130.521488,92.106404,116.369041,138.704573,19.193707,11.270574,2559 = 100,สำนักงานเศรษฐกิจอุตสาหกรรม (สศอ.) กระทรวงอุตสาหกรรม,Shipment.xlsx
517,2,GROUP_4DIGIT,32,การผลิตผลิตภัณฑ์อื่นๆ,3250,การผลิตเครื่องมือและอุปกรณ์ในทางการแพทย์และทางทันตกรรม,,,,การผลิตเครื่องมือและอุปกรณ์ในทางการแพทย์และทางทันตกรรม,1.677445,105.106113,98.911593,113.291006,96.290666,101.295168,85.439361,95.912249,95.062055,92.446032,107.054325,107.284354,101.907078,97.398487,99.35189,104.049042,90.533626,106.389335,99.784747,99.016374,95.313103,100.555199,94.637751,99.944709,91.163993,96.407804,97.900368,105.686724,85.979921,99.566308,99.301666,100.680952,99.506256,97.363188,98.547552,99.656689,92.19843,103.49295,105.181615,105.13039,93.985834,106.126943,95.28488,112.692018,112.164562,103.333908,107.475091,109.956888,102.538837,110.998858,106.695522,116.37006,100.880552,112.838949,111.806245,113.122542,120.074062,115.796086,116.016927,104.99525,113.015266,108.029033,104.067141,118.409708,95.924414,100.17025,106.484288,6.303307,-4.759981,2559 = 100,สำนักงานเศรษฐกิจอุตสาหกรรม (สศอ.) กระทรวงอุตสาหกรรม,Shipment.xlsx
518,3,CLASS_5DIGIT,32,การผลิตผลิตภัณฑ์อื่นๆ,3250,การผลิตเครื่องมือและอุปกรณ์ในทางการแพทย์และทางทันตกรรม,32501,การผลิตเครื่องมือและอุปกรณ์ในทางการแพทย์,,การผลิตเครื่องมือและอุปกรณ์ในทางการแพทย์,1.677445,105.106113,98.911593,113.291006,96.290666,101.295168,85.439361,95.912249,95.062055,92.446032,107.054325,107.284354,101.907078,97.398487,99.35189,104.049042,90.533626,106.389335,99.784747,99.016374,95.313103,100.555199,94.637751,99.944709,91.163993,96.407804,97.900368,105.686724,85.979921,99.566308,99.301666,100.680952,99.506256,97.363188,98.547552,99.656689,92.19843,103.49295,105.181615,105.13039,93.985834,106.126943,95.28488,112.692018,112.164562,103.333908,107.475091,109.956888,102.538837,110.998858,106.695522,116.37006,100.880552,112.838949,111.806245,113.122542,120.074062,115.796086,116.016927,104.99525,113.015266,108.029033,104.067141,118.409708,95.924414,100.17025,106.484288,6.303307,-4.759981,2559 = 100,สำนักงานเศรษฐกิจอุตสาหกรรม (สศอ.) กระทรวงอุตสาหกรรม,Shipment.xlsx
519,4,PRODUCT_ITEM,32,การผลิตผลิตภัณฑ์อื่นๆ,3250,การผลิตเครื่องมือและอุปกรณ์ในทางการแพทย์และทางทันตกรรม,32501,การผลิตเครื่องมือและอุปกรณ์ในทางการแพทย์,32501-010,ชุดถ่ายเลือด และให้น้ำเกลือ,0.309695,103.031386,82.934349,120.328061,91.383837,104.158095,61.253384,96.921833,101.079458,99.195067,121.47358,116.340336,101.900614,106.466181,101.872246,108.758751,92.593067,116.083257,118.287276,120.876655,106.857831,126.454474,127.530204,122.154534,119.631606,107.085574,116.582216,111.158485,106.670309,111.771785,104.332232,125.160565,101.681559,110.551766,108.959346,107.971953,101.83541,104.847196,117.732488,111.143144,116.053478,101.468925,92.807987,131.252309,123.724421,125.786601,117.2805,119.453426,109.29411,121.684274,114.408168,130.463785,116.758406,119.951115,136.035863,121.555479,127.323874,116.949258,126.513706,110.272516,127.909884,103.3078,122.925643,120.633013,107.683766,107.846109,111.534567,3.420112,-18.01091,2559 = 100,สำนักงานเศรษฐกิจอุตสาหกรรม (สศอ.) กระทรวงอุตสาหกรรม,Shipment.xlsx
520,4,PRODUCT_ITEM,32,การผลิตผลิตภัณฑ์อื่นๆ,3250,การผลิตเครื่องมือและอุปกรณ์ในทางการแพทย์และทางทันตกรรม,32501,การผลิตเครื่องมือและอุปกรณ์ในทางการแพทย์,32501-020,เข็มฉีดยา,0.025608,95.322169,80.392987,103.331816,87.214755,100.333864,68.670934,113.066898,116.831239,102.171726,108.973753,107.431421,116.258438,108.295982,122.837648,79.120832,73.83106,137.984649,79.687682,70.516589,90.770088,90.304968,94.646093,99.255572,81.122566,83.900284,107.480284,112.292714,104.057116,83.592703,99.433191,115.863933,61.866958,69.733552,44.108504,47.70747,79.677939,67.048731,76.560191,80.655412,77.852701,90.1889,82.051621,101.182307,116.730845,85.961513,90.796225,101.263682,90.839136,102.829757,99.851799,103.274756,100.274559,89.251034,99.237146,87.622688,88.637227,74.844159,117.199354,89.20126,86.157432,76.74679,78.147023,90.598104,88.879954,86.267569,91.926536,6.559784,-7.366808,2559 = 100,สำนักงานเศรษฐกิจอุตสาหกรรม (สศอ.) กระทรวงอุตสาหกรรม,Shipment.xlsx
521,4,PRODUCT_ITEM,32,การผลิตผลิตภัณฑ์อื่นๆ,3250,การผลิตเครื่องมือและอุปกรณ์ในทางการแพทย์และทางทันตกรรม,32501,การผลิตเครื่องมือและอุปกรณ์ในทางการแพทย์,32501-030,อุปกรณ์ทางการแพทย์ชนิดใช้ครั้งเดียวทิ้ง เช่น หมวก เสื้อคลุม ผ้ากันเปื้อน ที่ปิดปากปิดจมูก,0.131714,116.427759,122.115464,128.39376,72.558883,104.027094,83.955628,70.382939,111.964034,88.56825,93.570693,78.342757,129.692739,65.05405,74.868083,117.827948,70.937575,101.29068,69.158885,94.299607,59.741602,90.601924,72.130307,82.515632,102.428761,85.851796,88.984399,69.232638,56.45555,63.73032,99.280143,93.88195,95.019479,87.63329,94.959261,105.622387,101.425208,98.036368,116.215576,112.906215,99.455461,99.967734,111.864542,100.186065,138.302645,130.868424,110.685073,125.555371,102.435064,113.070586,94.295637,133.202392,92.947318,124.918753,119.598267,130.140576,136.610371,131.813678,118.763729,102.321337,109.868191,124.251179,106.149581,112.657822,78.001796,67.903456,74.629727,9.905639,-37.599659,2559 = 100,สำนักงานเศรษฐกิจอุตสาหกรรม (สศอ.) กระทรวงอุตสาหกรรม,Shipment.xlsx
522,4,PRODUCT_ITEM,32,การผลิตผลิตภัณฑ์อื่นๆ,3250,การผลิตเครื่องมือและอุปกรณ์ในทางการแพทย์และทางทันตกรรม,32501,การผลิตเครื่องมือและอุปกรณ์ในทางการแพทย์,32501-040,อุปกรณ์ทางการแพทย์อุปกรณ์ของเครื่องมือแพทย์อื่นๆ,0.07046,98.392425,83.136338,96.295878,92.859056,90.763743,57.721187,107.205822,102.461164,106.200608,121.84597,119.780296,123.337513,108.433214,147.102659,107.669686,108.664972,126.764929,109.213918,109.95681,112.300454,124.108098,114.27214,129.208045,120.026179,119.308539,121.325548,91.017189,95.371766,82.98387,94.684656,86.707695,85.923078,89.097946,109.227181,94.582746,98.326662,120.839258,106.235912,97.986065,114.547259,104.739895,86.347219,104.73345,103.342316,104.612515,117.69894,116.745692,110.724645,93.563421,111.441304,135.142073,92.032584,102.294077,97.611127,90.370755,101.970885,97.009677,103.386793,123.791898,134.53307,136.970832,125.024614,119.999342,115.375391,129.965309,128.804974,-0.892804,31.957266,2559 = 100,สำนักงานเศรษฐกิจอุตสาหกรรม (สศอ.) กระทรวงอุตสาหกรรม,Shipment.xlsx
523,4,PRODUCT_ITEM,32,การผลิตผลิตภัณฑ์อื่นๆ,3250,การผลิตเครื่องมือและอุปกรณ์ในทางการแพทย์และทางทันตกรรม,32501,การผลิตเครื่องมือและอุปกรณ์ในทางการแพทย์,32501-050,เลนส์สายตา,1.139967,104.996377,101.962157,110.908415,100.781706,100.874274,94.271315,97.504286,90.528072,89.991937,103.737597,107.392421,97.051444,97.745367,98.017093,101.513699,91.492824,102.375756,98.165381,93.586562,95.33883,93.443637,87.088641,94.131496,80.570261,93.592126,92.19215,109.170506,82.783689,101.774777,98.219916,95.338752,101.118779,96.035983,96.696375,98.18897,88.416744,103.502015,101.074805,103.589848,86.450268,108.547792,94.891823,109.845164,106.446764,94.364003,104.183107,105.350353,100.472481,109.117751,105.893337,109.730261,98.044131,110.692697,105.483207,110.844349,118.018988,115.713193,113.601988,103.06351,108.60579,106.351157,97.990137,118.996781,93.756563,100.28382,107.74022,7.435297,2.139689,2559 = 100,สำนักงานเศรษฐกิจอุตสาหกรรม (สศอ.) กระทรวงอุตสาหกรรม,Shipment.xlsx
