payment_id,case_id,citizen_id,first_name,last_name,gender,birth_date,target_group,welfare_type,assistance_reason,request_date,approval_date,payment_date,approved_amount,paid_amount,payment_method,payment_status,payment_round,fund_source,province,district,agency
PAY00001,SOC00223,3256095832457,วิศรุต,ฤทธิไกร,ชาย,1945-12-20,ผู้สูงอายุ,เงินช่วยเหลือผู้ประสบปัญหาทางสังคมกรณีฉุกเฉิน,ครอบครัวประสบเหตุฉุกเฉิน,2023-01-12,2023-01-15,2023-01-19,7500,5000,พร้อมเพย์,จ่ายบางส่วน,1,งบดำเนินงานของหน่วยงาน,ราชบุรี,ทุ่งสุข,ศูนย์คุ้มครองคนไร้ที่พึ่ง
PAY00002,SOC00266,4811096907581,กฤษฎา,สวัสดี,ชาย,2002-10-20,สตรีและครอบครัว,เงินสงเคราะห์ผู้สูงอายุในภาวะยากลำบาก,ขาดผู้ดูแลและรายได้,2025-02-26,2025-03-04,2025-03-09,3500,3500,โอนเข้าบัญชีธนาคาร,จ่ายครบแล้ว,1,เงินสำรองเพื่อกรณีฉุกเฉิน,เชียงราย,เมืองเชียงราย,สำนักงานพัฒนาสังคมและความมั่นคงของมนุษย์จังหวัด
PAY00003,SOC00066,7881006384375,ชยพล,แสนดี,ชาย,1966-05-08,ผู้สูงอายุ,เงินสงเคราะห์เด็กในครอบครัวยากจน,มีค่าใช้จ่ายด้านสุขภาพ,2025-07-31,2025-08-11,2025-08-20,6500,2500,พร้อมเพย์,จ่ายบางส่วน,1,งบประมาณรายจ่ายประจำปี,ระยอง,คลองใหม่,บ้านพักเด็กและครอบครัว
PAY00004,SOC00265,5058987582109,ศิริพร,รัตนวงศ์,ชาย,1944-12-21,ผู้สูงอายุ,เงินช่วยเหลือผู้ประสบปัญหาทางสังคมกรณีฉุกเฉิน,ว่างงานหรือรายได้ลดลง,2025-08-22,2025-09-03,2025-09-13,8000,6000,พร้อมเพย์,รอจ่ายงวดถัดไป,1,งบประมาณรายจ่ายประจำปี,ราชบุรี,ศรีพัฒนา,ศูนย์พัฒนาการจัดสวัสดิการสังคมผู้สูงอายุ
PAY00005,SOC00352,7217531176802,ธัญชนก,สุขใจ,หญิง,1967-11-26,ผู้มีรายได้น้อย,เงินสงเคราะห์ผู้สูงอายุในภาวะยากลำบาก,ขาดผู้ดูแลและรายได้,2025-11-15,2025-11-24,2025-11-29,6000,4500,พร้อมเพย์,รอจ่ายงวดถัดไป,1,งบดำเนินงานของหน่วยงาน,เชียงราย,พาน,สำนักงานพัฒนาสังคมและความมั่นคงของมนุษย์จังหวัด
PAY00006,SOC00229,3053576212498,ธัญชนก,จันทร์หอม,ชาย,1956-06-25,ผู้มีรายได้น้อย,เงินสงเคราะห์เด็กในครอบครัวยากจน,ขาดรายได้สำหรับค่าใช้จ่ายจำเป็น,2022-07-29,2022-08-07,2022-08-10,6500,2000,เงินสดผ่านหน่วยงาน,จ่ายบางส่วน,1,เงินกองทุนส่งเสริมการจัดสวัสดิการสังคม,นครศรีธรรมราช,หนองกลาง,บ้านพักเด็กและครอบครัว
PAY00007,SOC00054,5863969138748,กมลชนก,นาคทอง,ชาย,1957-12-19,ผู้สูงอายุ,เงินสงเคราะห์ผู้สูงอายุในภาวะยากลำบาก,ครอบครัวประสบเหตุฉุกเฉิน,2026-02-01,2026-02-07,2026-02-12,9500,1500,เงินสดผ่านหน่วยงาน,รอจ่ายงวดถัดไป,1,เงินกองทุนส่งเสริมการจัดสวัสดิการสังคม,ฉะเชิงเทรา,ทุ่งสุข,สำนักงานพัฒนาสังคมและความมั่นคงของมนุษย์จังหวัด
PAY00008,SOC00058,1119003715413,อัญชลี,พิทักษ์วงศ์,หญิง,1960-02-02,ผู้สูงอายุ,เงินสงเคราะห์ผู้สูงอายุในภาวะยากลำบาก,มีภาระหนี้สินและค่าใช้จ่ายจำเป็น,2022-05-25,2022-05-28,2022-05-28,10000,8000,โอนเข้าบัญชีธนาคาร,จ่ายบางส่วน,1,งบประมาณรายจ่ายประจำปี,ร้อยเอ็ด,ทุ่งสุข,บ้านพักเด็กและครอบครัว
PAY00009,SOC00088,7571303492442,พรทิพย์,จันทร์ฉาย,หญิง,2005-05-18,คนไร้ที่พึ่ง,เงินสงเคราะห์คนพิการ,มีภาระหนี้สินและค่าใช้จ่ายจำเป็น,2026-08-07,2026-08-17,2026-08-24,8000,8000,โอนเข้าบัญชีธนาคาร,จ่ายครบแล้ว,1,เงินกองทุนส่งเสริมการจัดสวัสดิการสังคม,ร้อยเอ็ด,ทุ่งสุข,บ้านพักเด็กและครอบครัว
PAY00010,SOC00297,8264653465243,นภัสสร,กุลวงศ์,หญิง,1965-09-21,คนไร้ที่พึ่ง,เงินสงเคราะห์ครอบครัวผู้มีรายได้น้อยและผู้ไร้ที่พึ่ง,มีภาระหนี้สินและค่าใช้จ่ายจำเป็น,2026-07-02,2026-07-13,2026-07-21,3500,3500,โอนเข้าบัญชีธนาคาร,จ่ายครบแล้ว,1,เงินสำรองเพื่อกรณีฉุกเฉิน,ตรัง,คลองใหม่,ศูนย์คุ้มครองคนไร้ที่พึ่ง
PAY00011,SOC00303,2471753028534,บุษบา,เพิ่มพูน,หญิง,1977-11-17,ผู้ประสบปัญหาทางสังคมทั่วไป,เงินช่วยเหลือผู้ประสบปัญหาทางสังคมกรณีฉุกเฉิน,ขาดรายได้สำหรับค่าใช้จ่ายจำเป็น,2026-02-28,2026-03-11,2026-03-14,9000,4500,เงินสดผ่านหน่วยงาน,รอจ่ายงวดถัดไป,1,งบดำเนินงานของหน่วยงาน,พิจิตร,บ้านใหม่,บ้านพักเด็กและครอบครัว
PAY00012,SOC00024,3357147437383,ปกรณ์,แสงทอง,ชาย,1997-04-20,ผู้มีรายได้น้อย,เงินช่วยเหลือผู้ประสบปัญหาทางสังคมกรณีฉุกเฉิน,มีภาระหนี้สินและค่าใช้จ่ายจำเป็น,2025-09-11,2025-09-21,2025-09-25,9500,9500,เงินสดผ่านหน่วยงาน,จ่ายครบแล้ว,1,งบประมาณรายจ่ายประจำปี,ลำปาง,เมือง,สำนักงานพัฒนาสังคมและความมั่นคงของมนุษย์จังหวัด
PAY00013,SOC00399,8601658106211,ชไมพร,เกษมสุข,ชาย,2015-01-21,เด็กและเยาวชน,เงินสงเคราะห์คนพิการ,ขาดรายได้สำหรับค่าใช้จ่ายจำเป็น,2025-12-06,2025-12-15,2025-12-25,9000,5000,โอนเข้าบัญชีธนาคาร,จ่ายบางส่วน,1,เงินกองทุนส่งเสริมการจัดสวัสดิการสังคม,สระแก้ว,ศรีพัฒนา,บ้านพักเด็กและครอบครัว
PAY00014,SOC00209,7996579409231,กฤษฎา,วัฒนกุล,ชาย,1975-04-28,คนพิการ,เงินสงเคราะห์คนพิการ,มีค่าใช้จ่ายด้านสุขภาพ,2025-03-31,2025-04-09,2025-04-13,3500,2500,พร้อมเพย์,จ่ายบางส่วน,1,เงินสำรองเพื่อกรณีฉุกเฉิน,พิษณุโลก,ศรีพัฒนา,บ้านพักเด็กและครอบครัว
PAY00015,SOC00435,7622134403618,จุฑามาศ,คงมั่น,ชาย,2015-06-21,เด็กและเยาวชน,เงินสงเคราะห์คนพิการ,ครอบครัวประสบเหตุฉุกเฉิน,2026-08-16,2026-08-24,2026-08-24,4000,1000,พร้อมเพย์,รอจ่ายงวดถัดไป,1,งบดำเนินงานของหน่วยงาน,นนทบุรี,เมืองนนทบุรี,ศูนย์คุ้มครองคนไร้ที่พึ่ง
PAY00016,SOC00335,1698987571443,ปราณี,เจริญผล,ชาย,1979-05-14,ผู้มีรายได้น้อย,เงินสงเคราะห์เด็กในครอบครัวยากจน,มีภาระหนี้สินและค่าใช้จ่ายจำเป็น,2026-07-17,2026-07-28,2026-07-28,9500,3000,โอนเข้าบัญชีธนาคาร,จ่ายบางส่วน,1,เงินกองทุนส่งเสริมการจัดสวัสดิการสังคม,ยะลา,บ้านใหม่,ศูนย์พัฒนาการจัดสวัสดิการสังคมผู้สูงอายุ
PAY00017,SOC00309,5045662977004,กาญจนา,มงคลชัย,ชาย,2006-05-12,ผู้มีรายได้น้อย,เงินสงเคราะห์ผู้สูงอายุในภาวะยากลำบาก,ขาดผู้ดูแลและรายได้,2025-12-14,2025-12-26,2025-12-29,3500,1000,เงินสดผ่านหน่วยงาน,รอจ่ายงวดถัดไป,1,งบดำเนินงานของหน่วยงาน,กรุงเทพมหานคร,บางกะปิ,สำนักงานพัฒนาสังคมและความมั่นคงของมนุษย์จังหวัด
PAY00018,SOC00165,2416387552781,ปกรณ์,คำแสน,ชาย,1980-01-16,ผู้มีรายได้น้อย,เงินสงเคราะห์เด็กในครอบครัวยากจน,ครอบครัวประสบเหตุฉุกเฉิน,2022-02-09,2022-02-10,2022-02-18,3000,1500,เงินสดผ่านหน่วยงาน,จ่ายบางส่วน,1,เงินกองทุนส่งเสริมการจัดสวัสดิการสังคม,นราธิวาส,เมือง,บ้านพักเด็กและครอบครัว
PAY00019,SOC00097,2016140203933,กฤษฎา,เจริญผล,ชาย,2023-12-05,เด็กและเยาวชน,เงินสงเคราะห์ครอบครัวผู้มีรายได้น้อยและผู้ไร้ที่พึ่ง,ขาดรายได้สำหรับค่าใช้จ่ายจำเป็น,2023-10-01,2023-10-06,2023-10-08,8000,8000,พร้อมเพย์,จ่ายครบแล้ว,1,งบดำเนินงานของหน่วยงาน,สมุทรสาคร,บ้านใหม่,สำนักงานพัฒนาสังคมและความมั่นคงของมนุษย์จังหวัด
PAY00020,SOC00295,4974925388431,สุชาดา,นิ่มนวล,ชาย,2003-09-12,ผู้มีรายได้น้อย,เงินสงเคราะห์ผู้สูงอายุในภาวะยากลำบาก,ว่างงานหรือรายได้ลดลง,2022-06-30,2022-07-03,2022-07-06,8500,7500,เงินสดผ่านหน่วยงาน,จ่ายบางส่วน,1,เงินสำรองเพื่อกรณีฉุกเฉิน,ลำปาง,ทุ่งสุข,ศูนย์คุ้มครองคนไร้ที่พึ่ง
PAY00021,SOC00477,3352295168467,ชนิดา,จำปาแก้ว,หญิง,2020-07-02,เด็กและเยาวชน,เงินช่วยเหลือด้านที่อยู่อาศัย,ครอบครัวประสบเหตุฉุกเฉิน,2023-06-13,2023-06-14,2023-06-20,15000,1500,พร้อมเพย์,รอจ่ายงวดถัดไป,1,งบดำเนินงานของหน่วยงาน,ชลบุรี,เมืองชลบุรี,ศูนย์คุ้มครองคนไร้ที่พึ่ง
PAY00022,SOC00454,1662630763628,ชยุต,ร่มเย็น,หญิง,1988-10-04,ผู้มีรายได้น้อย,เงินสงเคราะห์ครอบครัวผู้มีรายได้น้อยและผู้ไร้ที่พึ่ง,มีค่าใช้จ่ายด้านสุขภาพ,2025-08-23,2025-09-04,2025-09-13,2500,500,โอนเข้าบัญชีธนาคาร,จ่ายบางส่วน,1,งบดำเนินงานของหน่วยงาน,ภูเก็ต,กะทู้,บ้านพักเด็กและครอบครัว
PAY00023,SOC00424,4064175905122,สิทธิโชค,ประเสริฐศรี,หญิง,2025-10-07,เด็กและเยาวชน,เงินสงเคราะห์ผู้สูงอายุในภาวะยากลำบาก,ประสบปัญหาค่าครองชีพ,2024-06-26,2024-06-28,2024-07-06,10000,10000,พร้อมเพย์,จ่ายครบแล้ว,1,งบดำเนินงานของหน่วยงาน,นครสวรรค์,คลองใหม่,ศูนย์พัฒนาการจัดสวัสดิการสังคมผู้สูงอายุ
PAY00024,SOC00055,5874525905810,ภาคิน,วงศ์คำ,ชาย,1957-03-05,ผู้มีรายได้น้อย,เงินสงเคราะห์ครอบครัวผู้มีรายได้น้อยและผู้ไร้ที่พึ่ง,ที่อยู่อาศัยไม่เหมาะสม,2023-11-06,2023-11-14,2023-11-15,2500,2000,พร้อมเพย์,จ่ายบางส่วน,1,เงินสำรองเพื่อกรณีฉุกเฉิน,พิจิตร,ทุ่งสุข,สำนักงานพัฒนาสังคมและความมั่นคงของมนุษย์จังหวัด
PAY00025,SOC00315,6977211830230,ภาคิน,นิ่มนวล,ชาย,1956-09-06,ผู้มีรายได้น้อย,เงินสงเคราะห์ผู้สูงอายุในภาวะยากลำบาก,มีค่าใช้จ่ายด้านสุขภาพ,2024-05-23,2024-05-30,2024-06-01,3000,1000,เงินสดผ่านหน่วยงาน,รอจ่ายงวดถัดไป,1,งบประมาณรายจ่ายประจำปี,สงขลา,เมืองสงขลา,ศูนย์คุ้มครองคนไร้ที่พึ่ง
PAY00026,SOC00023,7099437880414,ขวัญฤดี,ทองมาก,ชาย,1975-08-05,ผู้ประสบปัญหาทางสังคมทั่วไป,เงินสงเคราะห์คนพิการ,ว่างงานหรือรายได้ลดลง,2026-04-29,2026-04-30,2026-05-05,3500,3500,โอนเข้าบัญชีธนาคาร,จ่ายครบแล้ว,1,เงินสำรองเพื่อกรณีฉุกเฉิน,ขอนแก่น,น้ำพอง,บ้านพักเด็กและครอบครัว
PAY00027,SOC00458,5802602110896,เกศรินทร์,พิทักษ์วงศ์,หญิง,2016-09-17,เด็กและเยาวชน,เงินสงเคราะห์ครอบครัวผู้มีรายได้น้อยและผู้ไร้ที่พึ่ง,ประสบปัญหาค่าครองชีพ,2025-01-25,2025-01-30,2025-02-07,4500,2500,เงินสดผ่านหน่วยงาน,รอจ่ายงวดถัดไป,1,เงินสำรองเพื่อกรณีฉุกเฉิน,นนทบุรี,เมืองนนทบุรี,ศูนย์คุ้มครองคนไร้ที่พึ่ง
PAY00028,SOC00119,8812706443560,วชิรวิทย์,เกษมสุข,หญิง,1963-06-01,ผู้สูงอายุ,เงินสงเคราะห์ครอบครัวผู้มีรายได้น้อยและผู้ไร้ที่พึ่ง,มีภาระหนี้สินและค่าใช้จ่ายจำเป็น,2026-02-25,2026-03-07,2026-03-08,3000,1500,เงินสดผ่านหน่วยงาน,รอจ่ายงวดถัดไป,1,เงินกองทุนส่งเสริมการจัดสวัสดิการสังคม,อุบลราชธานี,ศรีพัฒนา,ศูนย์พัฒนาการจัดสวัสดิการสังคมผู้สูงอายุ
PAY00029,SOC00323,3411108989471,วราภรณ์,พรมศรี,หญิง,2011-10-06,เด็กและเยาวชน,เงินสงเคราะห์คนพิการ,ขาดรายได้สำหรับค่าใช้จ่ายจำเป็น,2025-12-09,2025-12-16,2025-12-25,6000,2500,โอนเข้าบัญชีธนาคาร,รอจ่ายงวดถัดไป,1,งบประมาณรายจ่ายประจำปี,อุบลราชธานี,คลองใหม่,บ้านพักเด็กและครอบครัว
PAY00030,SOC00103,7311927639501,อัญชลี,ทองดี,ชาย,1952-07-15,คนพิการ,เงินช่วยเหลือผู้ประสบปัญหาทางสังคมกรณีฉุกเฉิน,ประสบปัญหาค่าครองชีพ,2026-02-28,2026-03-08,2026-03-12,10000,9000,เงินสดผ่านหน่วยงาน,จ่ายบางส่วน,1,งบดำเนินงานของหน่วยงาน,ตรัง,ศรีพัฒนา,ศูนย์คุ้มครองคนไร้ที่พึ่ง
PAY00031,SOC00316,1166285723581,จักรพันธ์,ไชยวงศ์,หญิง,1968-08-10,คนไร้ที่พึ่ง,เงินช่วยเหลือด้านที่อยู่อาศัย,มีภาระหนี้สินและค่าใช้จ่ายจำเป็น,2023-09-14,2023-09-18,2023-09-28,15000,3500,พร้อมเพย์,จ่ายบางส่วน,1,งบดำเนินงานของหน่วยงาน,สุพรรณบุรี,บ้านใหม่,ศูนย์พัฒนาการจัดสวัสดิการสังคมผู้สูงอายุ
PAY00032,SOC00360,7047418035150,วรเมธ,สมบูรณ์ผล,ชาย,1971-01-18,ผู้ประสบปัญหาทางสังคมทั่วไป,เงินสงเคราะห์ครอบครัวผู้มีรายได้น้อยและผู้ไร้ที่พึ่ง,ขาดรายได้สำหรับค่าใช้จ่ายจำเป็น,2026-07-13,2026-07-25,2026-08-02,7500,4000,โอนเข้าบัญชีธนาคาร,รอจ่ายงวดถัดไป,1,เงินกองทุนส่งเสริมการจัดสวัสดิการสังคม,นครปฐม,ทุ่งสุข,ศูนย์คุ้มครองคนไร้ที่พึ่ง
PAY00033,SOC00374,6021879251115,อริสรา,แก้วกาญจน์,ชาย,2010-09-26,เด็กและเยาวชน,เงินสงเคราะห์เด็กในครอบครัวยากจน,ครอบครัวประสบเหตุฉุกเฉิน,2024-04-23,2024-04-26,2024-05-03,8500,8500,เงินสดผ่านหน่วยงาน,จ่ายครบแล้ว,1,งบประมาณรายจ่ายประจำปี,ยะลา,บ้านใหม่,สำนักงานพัฒนาสังคมและความมั่นคงของมนุษย์จังหวัด
PAY00034,SOC00059,5467617875522,จันทร์เพ็ญ,ไชยวงศ์,หญิง,1949-03-27,ผู้สูงอายุ,เงินช่วยเหลือด้านที่อยู่อาศัย,มีภาระหนี้สินและค่าใช้จ่ายจำเป็น,2026-03-25,2026-03-26,2026-03-26,13500,13500,พร้อมเพย์,จ่ายครบแล้ว,1,งบดำเนินงานของหน่วยงาน,เชียงราย,เมืองเชียงราย,ศูนย์พัฒนาการจัดสวัสดิการสังคมผู้สูงอายุ
PAY00035,SOC00163,5908646124684,สุภาวดี,พิทักษ์วงศ์,ชาย,1961-05-19,ผู้มีรายได้น้อย,เงินสงเคราะห์คนพิการ,ว่างงานหรือรายได้ลดลง,2022-07-14,2022-07-21,2022-07-28,4500,1500,เงินสดผ่านหน่วยงาน,จ่ายบางส่วน,1,เงินสำรองเพื่อกรณีฉุกเฉิน,สุรินทร์,บ้านใหม่,สำนักงานพัฒนาสังคมและความมั่นคงของมนุษย์จังหวัด
PAY00036,SOC00252,8414064445998,ธิดารัตน์,บุญช่วย,หญิง,1966-01-22,ผู้ประสบปัญหาทางสังคมทั่วไป,เงินสงเคราะห์เด็กในครอบครัวยากจน,ขาดผู้ดูแลและรายได้,2024-09-01,2024-09-13,2024-09-15,10000,9500,พร้อมเพย์,รอจ่ายงวดถัดไป,1,งบประมาณรายจ่ายประจำปี,จันทบุรี,ทุ่งสุข,สำนักงานพัฒนาสังคมและความมั่นคงของมนุษย์จังหวัด
PAY00037,SOC00103,7311927639501,อัญชลี,ทองดี,ชาย,1952-07-15,คนพิการ,เงินช่วยเหลือผู้ประสบปัญหาทางสังคมกรณีฉุกเฉิน,ประสบปัญหาค่าครองชีพ,2026-02-27,2026-03-08,2026-03-08,10000,1000,โอนเข้าบัญชีธนาคาร,จ่ายครบแล้ว,2,งบดำเนินงานของหน่วยงาน,ตรัง,ศรีพัฒนา,ศูนย์พัฒนาการจัดสวัสดิการสังคมผู้สูงอายุ
PAY00038,SOC00196,1140292518312,ศุภลักษณ์,จารุวัฒน์,ชาย,2004-06-22,เด็กและเยาวชน,เงินช่วยเหลือด้านที่อยู่อาศัย,มีค่าใช้จ่ายด้านสุขภาพ,2022-06-12,2022-06-21,2022-06-25,11500,500,พร้อมเพย์,รอจ่ายงวดถัดไป,1,งบประมาณรายจ่ายประจำปี,กระบี่,เมือง,ศูนย์พัฒนาการจัดสวัสดิการสังคมผู้สูงอายุ
PAY00039,SOC00155,8271399955733,พรชัย,ใจดี,ชาย,1992-05-19,คนไร้ที่พึ่ง,เงินสงเคราะห์เด็กในครอบครัวยากจน,ครอบครัวประสบเหตุฉุกเฉิน,2024-04-12,2024-04-16,2024-04-22,9000,3500,โอนเข้าบัญชีธนาคาร,จ่ายบางส่วน,1,งบประมาณรายจ่ายประจำปี,สกลนคร,ทุ่งสุข,ศูนย์คุ้มครองคนไร้ที่พึ่ง
PAY00040,SOC00235,8917447989352,ณัฐธิดา,พรมศรี,ชาย,2015-03-31,คนพิการ,เงินสงเคราะห์ผู้สูงอายุในภาวะยากลำบาก,ประสบปัญหาค่าครองชีพ,2025-05-01,2025-05-11,2025-05-15,7500,2500,โอนเข้าบัญชีธนาคาร,จ่ายบางส่วน,1,เงินกองทุนส่งเสริมการจัดสวัสดิการสังคม,จันทบุรี,เมือง,ศูนย์คุ้มครองคนไร้ที่พึ่ง
PAY00041,SOC00301,4560828573997,ปวีณา,กุลวงศ์,ชาย,1954-12-13,คนพิการ,เงินช่วยเหลือผู้ประสบปัญหาทางสังคมกรณีฉุกเฉิน,ประสบปัญหาค่าครองชีพ,2026-05-04,2026-05-13,2026-05-17,7000,1500,เงินสดผ่านหน่วยงาน,รอจ่ายงวดถัดไป,1,งบประมาณรายจ่ายประจำปี,ชลบุรี,ศรีราชา,สำนักงานพัฒนาสังคมและความมั่นคงของมนุษย์จังหวัด
PAY00042,SOC00473,2094396151876,เกศรินทร์,พึ่งบุญ,หญิง,1982-11-13,คนพิการ,เงินช่วยเหลือด้านที่อยู่อาศัย,ว่างงานหรือรายได้ลดลง,2024-11-30,2024-12-02,2024-12-10,9500,3000,เงินสดผ่านหน่วยงาน,จ่ายบางส่วน,1,เงินกองทุนส่งเสริมการจัดสวัสดิการสังคม,ขอนแก่น,เมืองขอนแก่น,สำนักงานพัฒนาสังคมและความมั่นคงของมนุษย์จังหวัด
PAY00043,SOC00463,3023876434160,ภัทรพล,บุญส่ง,หญิง,1974-10-04,ผู้มีรายได้น้อย,เงินช่วยเหลือผู้ประสบปัญหาทางสังคมกรณีฉุกเฉิน,ครอบครัวประสบเหตุฉุกเฉิน,2026-06-11,2026-06-17,2026-06-18,8000,6500,พร้อมเพย์,รอจ่ายงวดถัดไป,1,เงินสำรองเพื่อกรณีฉุกเฉิน,กรุงเทพมหานคร,บางเขน,สำนักงานพัฒนาสังคมและความมั่นคงของมนุษย์จังหวัด
PAY00044,SOC00250,2351403231447,อริสรา,รัตนวงศ์,ชาย,2002-01-22,คนพิการ,เงินสงเคราะห์เด็กในครอบครัวยากจน,ครอบครัวประสบเหตุฉุกเฉิน,2025-12-19,2025-12-26,2025-12-29,5500,5500,โอนเข้าบัญชีธนาคาร,จ่ายครบแล้ว,1,เงินกองทุนส่งเสริมการจัดสวัสดิการสังคม,ตราด,หนองกลาง,สำนักงานพัฒนาสังคมและความมั่นคงของมนุษย์จังหวัด
PAY00045,SOC00419,2815398330313,ภาคิน,เพิ่มพูน,ชาย,1995-03-25,คนพิการ,เงินช่วยเหลือผู้ประสบปัญหาทางสังคมกรณีฉุกเฉิน,ที่อยู่อาศัยไม่เหมาะสม,2026-03-26,2026-03-29,2026-04-05,2500,500,เงินสดผ่านหน่วยงาน,รอจ่ายงวดถัดไป,1,เงินกองทุนส่งเสริมการจัดสวัสดิการสังคม,สมุทรปราการ,คลองใหม่,บ้านพักเด็กและครอบครัว
PAY00046,SOC00325,5953433031307,สุชาดา,นพคุณ,ชาย,1998-08-10,ผู้ประสบปัญหาทางสังคมทั่วไป,เงินช่วยเหลือผู้ประสบปัญหาทางสังคมกรณีฉุกเฉิน,ที่อยู่อาศัยไม่เหมาะสม,2023-03-02,2023-03-08,2023-03-13,9500,9500,เงินสดผ่านหน่วยงาน,จ่ายครบแล้ว,1,งบดำเนินงานของหน่วยงาน,สมุทรสาคร,ทุ่งสุข,บ้านพักเด็กและครอบครัว
PAY00047,SOC00168,7714071128675,ปัญญา,สุนทรวงศ์,ชาย,2006-11-03,ผู้ประสบปัญหาทางสังคมทั่วไป,เงินสงเคราะห์ผู้สูงอายุในภาวะยากลำบาก,ที่อยู่อาศัยไม่เหมาะสม,2025-04-14,2025-04-26,2025-04-28,8500,500,เงินสดผ่านหน่วยงาน,รอจ่ายงวดถัดไป,1,เงินสำรองเพื่อกรณีฉุกเฉิน,สระบุรี,บ้านใหม่,ศูนย์คุ้มครองคนไร้ที่พึ่ง
PAY00048,SOC00011,6291383137886,นันทนา,เจริญผล,ชาย,1942-04-15,ผู้สูงอายุ,เงินช่วยเหลือผู้ประสบปัญหาทางสังคมกรณีฉุกเฉิน,ประสบปัญหาค่าครองชีพ,2025-07-21,2025-07-29,2025-08-04,7500,3000,พร้อมเพย์,รอจ่ายงวดถัดไป,1,เงินสำรองเพื่อกรณีฉุกเฉิน,ลพบุรี,คลองใหม่,ศูนย์คุ้มครองคนไร้ที่พึ่ง
PAY00049,SOC00125,7972318178827,ธนา,วัฒนกุล,หญิง,2005-06-07,สตรีและครอบครัว,เงินช่วยเหลือด้านที่อยู่อาศัย,ขาดรายได้สำหรับค่าใช้จ่ายจำเป็น,2022-01-18,2022-01-24,2022-01-25,5000,1500,เงินสดผ่านหน่วยงาน,รอจ่ายงวดถัดไป,1,งบประมาณรายจ่ายประจำปี,พิษณุโลก,ศรีพัฒนา,บ้านพักเด็กและครอบครัว
PAY00050,SOC00386,3383093442551,วาสนา,รัตนกุล,หญิง,1952-07-13,ผู้ประสบปัญหาทางสังคมทั่วไป,เงินช่วยเหลือผู้ประสบปัญหาทางสังคมกรณีฉุกเฉิน,มีภาระหนี้สินและค่าใช้จ่ายจำเป็น,2025-05-30,2025-06-09,2025-06-11,6500,1000,พร้อมเพย์,จ่ายบางส่วน,1,งบประมาณรายจ่ายประจำปี,นราธิวาส,เมือง,บ้านพักเด็กและครอบครัว
PAY00051,SOC00027,2007476414141,ขวัญฤดี,สุวรรณวงศ์,ชาย,2008-09-22,เด็กและเยาวชน,เงินช่วยเหลือผู้ประสบปัญหาทางสังคมกรณีฉุกเฉิน,ครอบครัวประสบเหตุฉุกเฉิน,2024-08-01,2024-08-11,2024-08-13,2000,2000,เงินสดผ่านหน่วยงาน,จ่ายครบแล้ว,1,งบประมาณรายจ่ายประจำปี,สมุทรปราการ,เมือง,ศูนย์พัฒนาการจัดสวัสดิการสังคมผู้สูงอายุ
PAY00052,SOC00233,6021285211145,รวิศ,ศรีสุข,หญิง,1977-08-15,ผู้ประสบปัญหาทางสังคมทั่วไป,เงินช่วยเหลือด้านที่อยู่อาศัย,มีค่าใช้จ่ายด้านสุขภาพ,2023-12-06,2023-12-08,2023-12-15,6500,1500,โอนเข้าบัญชีธนาคาร,จ่ายบางส่วน,1,เงินสำรองเพื่อกรณีฉุกเฉิน,ปราจีนบุรี,หนองกลาง,สำนักงานพัฒนาสังคมและความมั่นคงของมนุษย์จังหวัด
PAY00053,SOC00499,1864211334809,สุวิมล,ศรีนวล,หญิง,1939-07-02,ผู้สูงอายุ,เงินสงเคราะห์ครอบครัวผู้มีรายได้น้อยและผู้ไร้ที่พึ่ง,มีค่าใช้จ่ายด้านสุขภาพ,2026-08-23,2026-08-24,2026-08-24,8000,2500,โอนเข้าบัญชีธนาคาร,จ่ายบางส่วน,1,งบดำเนินงานของหน่วยงาน,พระนครศรีอยุธยา,ศรีพัฒนา,บ้านพักเด็กและครอบครัว
PAY00054,SOC00351,3747354168121,สมฤดี,ฤทธิไกร,หญิง,2012-10-26,เด็กและเยาวชน,เงินช่วยเหลือด้านที่อยู่อาศัย,มีค่าใช้จ่ายด้านสุขภาพ,2024-11-30,2024-12-05,2024-12-11,17500,9500,พร้อมเพย์,รอจ่ายงวดถัดไป,1,เงินสำรองเพื่อกรณีฉุกเฉิน,ชลบุรี,บางละมุง,ศูนย์คุ้มครองคนไร้ที่พึ่ง
PAY00055,SOC00015,2056539513638,พชร,วัฒนกุล,หญิง,2005-09-24,ผู้มีรายได้น้อย,เงินช่วยเหลือด้านที่อยู่อาศัย,ขาดผู้ดูแลและรายได้,2023-05-04,2023-05-13,2023-05-18,4500,4500,โอนเข้าบัญชีธนาคาร,จ่ายครบแล้ว,1,งบประมาณรายจ่ายประจำปี,ลพบุรี,บ้านใหม่,ศูนย์พัฒนาการจัดสวัสดิการสังคมผู้สูงอายุ
PAY00056,SOC00042,5538896382323,ชลธิชา,ไชยวงศ์,ชาย,1979-01-10,ผู้มีรายได้น้อย,เงินสงเคราะห์เด็กในครอบครัวยากจน,ที่อยู่อาศัยไม่เหมาะสม,2023-07-18,2023-07-24,2023-07-26,7000,7000,เงินสดผ่านหน่วยงาน,จ่ายครบแล้ว,1,เงินสำรองเพื่อกรณีฉุกเฉิน,สุพรรณบุรี,หนองกลาง,สำนักงานพัฒนาสังคมและความมั่นคงของมนุษย์จังหวัด
PAY00057,SOC00209,7996579409231,กฤษฎา,วัฒนกุล,ชาย,1975-04-28,คนพิการ,เงินสงเคราะห์คนพิการ,มีค่าใช้จ่ายด้านสุขภาพ,2025-03-31,2025-04-09,2025-04-11,3500,500,เงินสดผ่านหน่วยงาน,รอจ่ายงวดถัดไป,2,เงินสำรองเพื่อกรณีฉุกเฉิน,พิษณุโลก,ศรีพัฒนา,บ้านพักเด็กและครอบครัว
PAY00058,SOC00208,5064539365071,ภัทรพล,จันทร์ฉาย,หญิง,2006-01-22,เด็กและเยาวชน,เงินสงเคราะห์ครอบครัวผู้มีรายได้น้อยและผู้ไร้ที่พึ่ง,ขาดผู้ดูแลและรายได้,2026-05-30,2026-06-03,2026-06-05,2500,2500,พร้อมเพย์,จ่ายครบแล้ว,1,งบประมาณรายจ่ายประจำปี,ปัตตานี,หนองกลาง,สำนักงานพัฒนาสังคมและความมั่นคงของมนุษย์จังหวัด
PAY00059,SOC00013,6664024796872,จุฑามาศ,แสงทอง,ชาย,1947-05-16,ผู้สูงอายุ,เงินสงเคราะห์เด็กในครอบครัวยากจน,ขาดรายได้สำหรับค่าใช้จ่ายจำเป็น,2024-11-24,2024-12-05,2024-12-06,4500,4500,เงินสดผ่านหน่วยงาน,จ่ายครบแล้ว,1,เงินสำรองเพื่อกรณีฉุกเฉิน,มหาสารคาม,เมือง,สำนักงานพัฒนาสังคมและความมั่นคงของมนุษย์จังหวัด
PAY00060,SOC00216,5677722032104,ณัฐวุฒิ,ทรัพย์เจริญ,หญิง,2016-05-27,เด็กและเยาวชน,เงินสงเคราะห์คนพิการ,มีภาระหนี้สินและค่าใช้จ่ายจำเป็น,2026-06-04,2026-06-14,2026-06-17,3500,3500,โอนเข้าบัญชีธนาคาร,จ่ายครบแล้ว,1,งบประมาณรายจ่ายประจำปี,ราชบุรี,ทุ่งสุข,ศูนย์พัฒนาการจัดสวัสดิการสังคมผู้สูงอายุ
PAY00061,SOC00353,8999644550274,บุษบา,สุทธิวงศ์,ชาย,1983-10-03,คนพิการ,เงินสงเคราะห์ผู้สูงอายุในภาวะยากลำบาก,ประสบปัญหาค่าครองชีพ,2025-08-09,2025-08-13,2025-08-19,2500,1000,เงินสดผ่านหน่วยงาน,รอจ่ายงวดถัดไป,1,งบประมาณรายจ่ายประจำปี,สงขลา,สะเดา,ศูนย์คุ้มครองคนไร้ที่พึ่ง
PAY00062,SOC00278,5449099631143,นฤมล,ปัญญาดี,หญิง,2005-01-20,ผู้มีรายได้น้อย,เงินช่วยเหลือผู้ประสบปัญหาทางสังคมกรณีฉุกเฉิน,มีภาระหนี้สินและค่าใช้จ่ายจำเป็น,2023-04-09,2023-04-17,2023-04-24,3500,3500,เงินสดผ่านหน่วยงาน,จ่ายครบแล้ว,1,เงินสำรองเพื่อกรณีฉุกเฉิน,กระบี่,บ้านใหม่,ศูนย์พัฒนาการจัดสวัสดิการสังคมผู้สูงอายุ
PAY00063,SOC00182,8736958089081,รวิศ,ศรีจันทร์,หญิง,1960-03-01,ผู้สูงอายุ,เงินสงเคราะห์เด็กในครอบครัวยากจน,ว่างงานหรือรายได้ลดลง,2023-08-23,2023-08-29,2023-09-04,6500,2000,พร้อมเพย์,จ่ายบางส่วน,1,เงินกองทุนส่งเสริมการจัดสวัสดิการสังคม,สกลนคร,เมือง,สำนักงานพัฒนาสังคมและความมั่นคงของมนุษย์จังหวัด
PAY00064,SOC00232,7081007014439,พิมพ์ชนก,สมานมิตร,ชาย,2006-03-24,เด็กและเยาวชน,เงินสงเคราะห์ผู้สูงอายุในภาวะยากลำบาก,ขาดผู้ดูแลและรายได้,2024-02-26,2024-03-02,2024-03-04,10000,9000,โอนเข้าบัญชีธนาคาร,จ่ายบางส่วน,1,เงินกองทุนส่งเสริมการจัดสวัสดิการสังคม,อุดรธานี,ศรีพัฒนา,ศูนย์พัฒนาการจัดสวัสดิการสังคมผู้สูงอายุ
PAY00065,SOC00207,4906403102464,สายฝน,สมบูรณ์ผล,หญิง,2008-05-01,ผู้มีรายได้น้อย,เงินสงเคราะห์ผู้สูงอายุในภาวะยากลำบาก,มีค่าใช้จ่ายด้านสุขภาพ,2026-01-26,2026-02-06,2026-02-08,2000,1000,เงินสดผ่านหน่วยงาน,รอจ่ายงวดถัดไป,1,เงินสำรองเพื่อกรณีฉุกเฉิน,สมุทรสาคร,เมือง,ศูนย์คุ้มครองคนไร้ที่พึ่ง
PAY00066,SOC00182,8736958089081,รวิศ,ศรีจันทร์,หญิง,1960-03-01,ผู้สูงอายุ,เงินสงเคราะห์เด็กในครอบครัวยากจน,ว่างงานหรือรายได้ลดลง,2023-08-28,2023-09-04,2023-09-08,6500,1500,เงินสดผ่านหน่วยงาน,จ่ายบางส่วน,2,เงินกองทุนส่งเสริมการจัดสวัสดิการสังคม,สกลนคร,เมือง,สำนักงานพัฒนาสังคมและความมั่นคงของมนุษย์จังหวัด
PAY00067,SOC00329,8961874810092,สุรศักดิ์,แสงจันทร์,ชาย,1994-08-18,คนพิการ,เงินสงเคราะห์ผู้สูงอายุในภาวะยากลำบาก,ว่างงานหรือรายได้ลดลง,2025-06-05,2025-06-06,2025-06-07,5500,500,โอนเข้าบัญชีธนาคาร,จ่ายบางส่วน,1,เงินกองทุนส่งเสริมการจัดสวัสดิการสังคม,เชียงราย,เชียงของ,บ้านพักเด็กและครอบครัว
PAY00068,SOC00125,7972318178827,ธนา,วัฒนกุล,หญิง,2005-06-07,สตรีและครอบครัว,เงินช่วยเหลือด้านที่อยู่อาศัย,ขาดรายได้สำหรับค่าใช้จ่ายจำเป็น,2022-01-18,2022-01-19,2022-01-28,5000,3500,โอนเข้าบัญชีธนาคาร,จ่ายครบแล้ว,2,งบประมาณรายจ่ายประจำปี,พิษณุโลก,ศรีพัฒนา,ศูนย์คุ้มครองคนไร้ที่พึ่ง
PAY00069,SOC00200,5213927845395,วราภรณ์,เรืองฤทธิ์,ชาย,1980-01-10,ผู้มีรายได้น้อย,เงินช่วยเหลือผู้ประสบปัญหาทางสังคมกรณีฉุกเฉิน,ว่างงานหรือรายได้ลดลง,2024-12-08,2024-12-13,2024-12-23,6500,4000,พร้อมเพย์,จ่ายบางส่วน,1,เงินกองทุนส่งเสริมการจัดสวัสดิการสังคม,สุพรรณบุรี,บ้านใหม่,บ้านพักเด็กและครอบครัว
PAY00070,SOC00228,1174743688351,เมธาวี,ทองมาก,ชาย,1986-05-25,ผู้ประสบปัญหาทางสังคมทั่วไป,เงินสงเคราะห์ผู้สูงอายุในภาวะยากลำบาก,ที่อยู่อาศัยไม่เหมาะสม,2022-08-22,2022-09-01,2022-09-04,5500,1500,เงินสดผ่านหน่วยงาน,รอจ่ายงวดถัดไป,1,งบดำเนินงานของหน่วยงาน,ระยอง,ทุ่งสุข,สำนักงานพัฒนาสังคมและความมั่นคงของมนุษย์จังหวัด
PAY00071,SOC00433,4027002142600,ภัทรพล,มั่นคง,หญิง,1980-09-17,ผู้มีรายได้น้อย,เงินสงเคราะห์ผู้สูงอายุในภาวะยากลำบาก,ครอบครัวประสบเหตุฉุกเฉิน,2026-08-14,2026-08-24,2026-08-24,6500,6500,เงินสดผ่านหน่วยงาน,จ่ายครบแล้ว,1,งบดำเนินงานของหน่วยงาน,ระยอง,ทุ่งสุข,ศูนย์คุ้มครองคนไร้ที่พึ่ง
PAY00072,SOC00334,1955805695341,ชไมพร,สุนทรวงศ์,หญิง,1998-05-14,คนไร้ที่พึ่ง,เงินสงเคราะห์ผู้สูงอายุในภาวะยากลำบาก,มีค่าใช้จ่ายด้านสุขภาพ,2025-05-19,2025-05-29,2025-05-30,2500,1500,พร้อมเพย์,จ่ายบางส่วน,1,เงินกองทุนส่งเสริมการจัดสวัสดิการสังคม,จันทบุรี,บ้านใหม่,ศูนย์พัฒนาการจัดสวัสดิการสังคมผู้สูงอายุ
PAY00073,SOC00224,8259809644730,มยุรี,ธรรมรักษ์,หญิง,1981-04-03,ผู้มีรายได้น้อย,เงินสงเคราะห์ครอบครัวผู้มีรายได้น้อยและผู้ไร้ที่พึ่ง,มีภาระหนี้สินและค่าใช้จ่ายจำเป็น,2023-09-25,2023-10-01,2023-10-11,2500,2500,โอนเข้าบัญชีธนาคาร,จ่ายครบแล้ว,1,เงินสำรองเพื่อกรณีฉุกเฉิน,อุตรดิตถ์,เมือง,บ้านพักเด็กและครอบครัว
PAY00074,SOC00446,6237216689566,กัญญารัตน์,เข็มทอง,หญิง,1953-01-15,คนพิการ,เงินช่วยเหลือผู้ประสบปัญหาทางสังคมกรณีฉุกเฉิน,ครอบครัวประสบเหตุฉุกเฉิน,2023-06-17,2023-06-20,2023-06-23,4000,500,โอนเข้าบัญชีธนาคาร,จ่ายบางส่วน,1,เงินสำรองเพื่อกรณีฉุกเฉิน,จันทบุรี,ทุ่งสุข,บ้านพักเด็กและครอบครัว
PAY00075,SOC00225,4266212027472,เพ็ญนภา,ยอดแก้ว,ชาย,1982-07-30,คนพิการ,เงินสงเคราะห์ครอบครัวผู้มีรายได้น้อยและผู้ไร้ที่พึ่ง,ขาดรายได้สำหรับค่าใช้จ่ายจำเป็น,2025-11-07,2025-11-15,2025-11-17,3500,2500,โอนเข้าบัญชีธนาคาร,จ่ายบางส่วน,1,เงินกองทุนส่งเสริมการจัดสวัสดิการสังคม,ระยอง,หนองกลาง,ศูนย์พัฒนาการจัดสวัสดิการสังคมผู้สูงอายุ
PAY00076,SOC00257,5018625824481,มนัสวี,บุญช่วย,ชาย,2003-11-29,เด็กและเยาวชน,เงินสงเคราะห์ครอบครัวผู้มีรายได้น้อยและผู้ไร้ที่พึ่ง,มีค่าใช้จ่ายด้านสุขภาพ,2025-10-09,2025-10-18,2025-10-24,3000,1500,เงินสดผ่านหน่วยงาน,จ่ายบางส่วน,1,เงินสำรองเพื่อกรณีฉุกเฉิน,กระบี่,ทุ่งสุข,สำนักงานพัฒนาสังคมและความมั่นคงของมนุษย์จังหวัด
PAY00077,SOC00147,7326725368021,วราภรณ์,วิริยะกุล,หญิง,1983-07-06,ผู้ประสบปัญหาทางสังคมทั่วไป,เงินช่วยเหลือด้านที่อยู่อาศัย,ที่อยู่อาศัยไม่เหมาะสม,2024-05-08,2024-05-09,2024-05-15,20000,4000,พร้อมเพย์,จ่ายบางส่วน,1,งบดำเนินงานของหน่วยงาน,ลำพูน,คลองใหม่,ศูนย์พัฒนาการจัดสวัสดิการสังคมผู้สูงอายุ
PAY00078,SOC00016,4806263249604,สุรีย์พร,เพิ่มพูน,ชาย,1983-05-24,สตรีและครอบครัว,เงินช่วยเหลือผู้ประสบปัญหาทางสังคมกรณีฉุกเฉิน,ขาดผู้ดูแลและรายได้,2026-06-29,2026-07-07,2026-07-07,7500,2500,โอนเข้าบัญชีธนาคาร,จ่ายบางส่วน,1,เงินกองทุนส่งเสริมการจัดสวัสดิการสังคม,บุรีรัมย์,เมือง,ศูนย์คุ้มครองคนไร้ที่พึ่ง
PAY00079,SOC00252,8414064445998,ธิดารัตน์,บุญช่วย,หญิง,1966-01-22,ผู้ประสบปัญหาทางสังคมทั่วไป,เงินสงเคราะห์เด็กในครอบครัวยากจน,ขาดผู้ดูแลและรายได้,2024-08-31,2024-09-06,2024-09-09,10000,500,เงินสดผ่านหน่วยงาน,จ่ายครบแล้ว,2,งบประมาณรายจ่ายประจำปี,จันทบุรี,ทุ่งสุข,ศูนย์พัฒนาการจัดสวัสดิการสังคมผู้สูงอายุ
PAY00080,SOC00386,3383093442551,วาสนา,รัตนกุล,หญิง,1952-07-13,ผู้ประสบปัญหาทางสังคมทั่วไป,เงินช่วยเหลือผู้ประสบปัญหาทางสังคมกรณีฉุกเฉิน,มีภาระหนี้สินและค่าใช้จ่ายจำเป็น,2025-05-30,2025-06-08,2025-06-17,6500,5500,โอนเข้าบัญชีธนาคาร,จ่ายครบแล้ว,2,งบประมาณรายจ่ายประจำปี,นราธิวาส,เมือง,ศูนย์พัฒนาการจัดสวัสดิการสังคมผู้สูงอายุ
PAY00081,SOC00463,3023876434160,ภัทรพล,บุญส่ง,หญิง,1974-10-04,ผู้มีรายได้น้อย,เงินช่วยเหลือผู้ประสบปัญหาทางสังคมกรณีฉุกเฉิน,ครอบครัวประสบเหตุฉุกเฉิน,2026-06-11,2026-06-16,2026-06-16,8000,1500,เงินสดผ่านหน่วยงาน,จ่ายครบแล้ว,2,เงินสำรองเพื่อกรณีฉุกเฉิน,กรุงเทพมหานคร,บางเขน,สำนักงานพัฒนาสังคมและความมั่นคงของมนุษย์จังหวัด
PAY00082,SOC00180,4543633079937,เมธาวี,นิลแก้ว,หญิง,1943-12-13,ผู้สูงอายุ,เงินช่วยเหลือด้านที่อยู่อาศัย,ประสบปัญหาค่าครองชีพ,2026-03-04,2026-03-15,2026-03-22,10500,2000,พร้อมเพย์,จ่ายบางส่วน,1,งบดำเนินงานของหน่วยงาน,ลพบุรี,หนองกลาง,ศูนย์คุ้มครองคนไร้ที่พึ่ง
PAY00083,SOC00491,4479406795336,ปิยธิดา,ตั้งมั่น,ชาย,1976-11-21,สตรีและครอบครัว,เงินสงเคราะห์ครอบครัวผู้มีรายได้น้อยและผู้ไร้ที่พึ่ง,ขาดรายได้สำหรับค่าใช้จ่ายจำเป็น,2022-01-23,2022-01-26,2022-02-01,5500,5500,โอนเข้าบัญชีธนาคาร,จ่ายครบแล้ว,1,งบดำเนินงานของหน่วยงาน,กรุงเทพมหานคร,ดินแดง,ศูนย์พัฒนาการจัดสวัสดิการสังคมผู้สูงอายุ
PAY00084,SOC00112,4920132833501,รัชนี,รัตนวงศ์,หญิง,1947-05-23,ผู้สูงอายุ,เงินช่วยเหลือผู้ประสบปัญหาทางสังคมกรณีฉุกเฉิน,ที่อยู่อาศัยไม่เหมาะสม,2026-07-08,2026-07-20,2026-07-28,4000,2500,พร้อมเพย์,รอจ่ายงวดถัดไป,1,งบประมาณรายจ่ายประจำปี,อุดรธานี,ศรีพัฒนา,สำนักงานพัฒนาสังคมและความมั่นคงของมนุษย์จังหวัด
PAY00085,SOC00318,3143859781531,นพดล,ธนากุล,ชาย,1996-01-06,ผู้มีรายได้น้อย,เงินช่วยเหลือผู้ประสบปัญหาทางสังคมกรณีฉุกเฉิน,ขาดผู้ดูแลและรายได้,2026-04-13,2026-04-21,2026-04-27,4000,1000,โอนเข้าบัญชีธนาคาร,จ่ายบางส่วน,1,เงินสำรองเพื่อกรณีฉุกเฉิน,สุพรรณบุรี,ศรีพัฒนา,สำนักงานพัฒนาสังคมและความมั่นคงของมนุษย์จังหวัด
PAY00086,SOC00173,2990855004931,สุวิมล,ธนากุล,ชาย,1998-07-14,ผู้ประสบปัญหาทางสังคมทั่วไป,เงินสงเคราะห์ผู้สูงอายุในภาวะยากลำบาก,ว่างงานหรือรายได้ลดลง,2025-01-31,2025-02-10,2025-02-11,2000,1500,พร้อมเพย์,จ่ายบางส่วน,1,เงินกองทุนส่งเสริมการจัดสวัสดิการสังคม,สุราษฎร์ธานี,คลองใหม่,สำนักงานพัฒนาสังคมและความมั่นคงของมนุษย์จังหวัด
PAY00087,SOC00382,2871362990999,ชไมพร,ตั้งมั่น,หญิง,2007-01-09,เด็กและเยาวชน,เงินสงเคราะห์ผู้สูงอายุในภาวะยากลำบาก,มีค่าใช้จ่ายด้านสุขภาพ,2026-04-21,2026-05-01,2026-05-03,8000,1000,เงินสดผ่านหน่วยงาน,รอจ่ายงวดถัดไป,1,งบดำเนินงานของหน่วยงาน,นครสวรรค์,ทุ่งสุข,สำนักงานพัฒนาสังคมและความมั่นคงของมนุษย์จังหวัด
PAY00088,SOC00437,3805999728646,สายฝน,แสงทอง,หญิง,1975-08-27,ผู้ประสบปัญหาทางสังคมทั่วไป,เงินสงเคราะห์เด็กในครอบครัวยากจน,ว่างงานหรือรายได้ลดลง,2026-03-28,2026-03-30,2026-04-09,4500,2500,โอนเข้าบัญชีธนาคาร,รอจ่ายงวดถัดไป,1,งบประมาณรายจ่ายประจำปี,กระบี่,เมือง,ศูนย์พัฒนาการจัดสวัสดิการสังคมผู้สูงอายุ
PAY00089,SOC00203,1246854237102,ชยพล,ธรรมรักษ์,หญิง,1940-03-02,ผู้สูงอายุ,เงินสงเคราะห์ผู้สูงอายุในภาวะยากลำบาก,มีค่าใช้จ่ายด้านสุขภาพ,2025-02-05,2025-02-08,2025-02-13,4500,500,โอนเข้าบัญชีธนาคาร,จ่ายบางส่วน,1,งบประมาณรายจ่ายประจำปี,สุราษฎร์ธานี,ทุ่งสุข,สำนักงานพัฒนาสังคมและความมั่นคงของมนุษย์จังหวัด
PAY00090,SOC00085,3659961914821,ปกรณ์,รัตนวงศ์,ชาย,2004-07-14,เด็กและเยาวชน,เงินสงเคราะห์ผู้สูงอายุในภาวะยากลำบาก,ขาดผู้ดูแลและรายได้,2025-11-13,2025-11-15,2025-11-21,2500,2500,พร้อมเพย์,จ่ายครบแล้ว,1,งบประมาณรายจ่ายประจำปี,ลำปาง,บ้านใหม่,สำนักงานพัฒนาสังคมและความมั่นคงของมนุษย์จังหวัด
PAY00091,SOC00083,1279326264943,ปกรณ์,สุวรรณวงศ์,หญิง,2010-12-14,เด็กและเยาวชน,เงินสงเคราะห์คนพิการ,ครอบครัวประสบเหตุฉุกเฉิน,2023-09-21,2023-09-29,2023-10-09,4500,3000,โอนเข้าบัญชีธนาคาร,จ่ายบางส่วน,1,งบประมาณรายจ่ายประจำปี,มหาสารคาม,ศรีพัฒนา,สำนักงานพัฒนาสังคมและความมั่นคงของมนุษย์จังหวัด
PAY00092,SOC00076,1159799300603,ภูริณัฐ,สุทธิวงศ์,ชาย,1989-09-19,สตรีและครอบครัว,เงินสงเคราะห์ครอบครัวผู้มีรายได้น้อยและผู้ไร้ที่พึ่ง,ขาดรายได้สำหรับค่าใช้จ่ายจำเป็น,2026-04-05,2026-04-11,2026-04-17,4000,3000,เงินสดผ่านหน่วยงาน,รอจ่ายงวดถัดไป,1,งบประมาณรายจ่ายประจำปี,ตราด,หนองกลาง,บ้านพักเด็กและครอบครัว
PAY00093,SOC00122,8702933405911,พิกุล,ศรีสง่า,ชาย,1965-11-01,ผู้มีรายได้น้อย,เงินสงเคราะห์คนพิการ,ขาดผู้ดูแลและรายได้,2024-04-22,2024-04-23,2024-04-24,2000,2000,พร้อมเพย์,จ่ายครบแล้ว,1,เงินสำรองเพื่อกรณีฉุกเฉิน,อุบลราชธานี,ศรีพัฒนา,ศูนย์พัฒนาการจัดสวัสดิการสังคมผู้สูงอายุ
PAY00094,SOC00443,7996579409231,กฤษฎา,วัฒนกุล,ชาย,1975-04-28,คนพิการ,เงินช่วยเหลือด้านที่อยู่อาศัย,ว่างงานหรือรายได้ลดลง,2024-07-26,2024-08-06,2024-08-06,16500,16500,พร้อมเพย์,จ่ายครบแล้ว,1,งบดำเนินงานของหน่วยงาน,ชลบุรี,เมืองชลบุรี,ศูนย์พัฒนาการจัดสวัสดิการสังคมผู้สูงอายุ
PAY00095,SOC00248,1711069285392,ปิยธิดา,รุ่งเรือง,หญิง,1960-06-23,ผู้ประสบปัญหาทางสังคมทั่วไป,เงินสงเคราะห์เด็กในครอบครัวยากจน,มีค่าใช้จ่ายด้านสุขภาพ,2022-04-18,2022-04-30,2022-05-09,8000,4500,โอนเข้าบัญชีธนาคาร,รอจ่ายงวดถัดไป,1,งบประมาณรายจ่ายประจำปี,ลพบุรี,หนองกลาง,ศูนย์คุ้มครองคนไร้ที่พึ่ง
PAY00096,SOC00393,2502522677138,กรรณิการ์,บัวแก้ว,ชาย,1948-07-07,ผู้สูงอายุ,เงินสงเคราะห์เด็กในครอบครัวยากจน,ขาดรายได้สำหรับค่าใช้จ่ายจำเป็น,2024-10-30,2024-11-10,2024-11-20,5500,5500,โอนเข้าบัญชีธนาคาร,จ่ายครบแล้ว,1,งบประมาณรายจ่ายประจำปี,แพร่,หนองกลาง,ศูนย์คุ้มครองคนไร้ที่พึ่ง
PAY00097,SOC00339,5565278476865,ปวีณา,เกียรติไพศาล,หญิง,2017-07-12,เด็กและเยาวชน,เงินสงเคราะห์ครอบครัวผู้มีรายได้น้อยและผู้ไร้ที่พึ่ง,ครอบครัวประสบเหตุฉุกเฉิน,2024-01-20,2024-01-22,2024-01-24,6500,2500,เงินสดผ่านหน่วยงาน,จ่ายบางส่วน,1,เงินสำรองเพื่อกรณีฉุกเฉิน,บุรีรัมย์,ศรีพัฒนา,บ้านพักเด็กและครอบครัว
PAY00098,SOC00436,5971094264981,เพ็ญนภา,ธรรมคุณ,ชาย,1993-03-05,ผู้มีรายได้น้อย,เงินสงเคราะห์คนพิการ,ขาดรายได้สำหรับค่าใช้จ่ายจำเป็น,2022-11-14,2022-11-25,2022-12-05,7000,2500,เงินสดผ่านหน่วยงาน,จ่ายบางส่วน,1,เงินสำรองเพื่อกรณีฉุกเฉิน,กาฬสินธุ์,คลองใหม่,สำนักงานพัฒนาสังคมและความมั่นคงของมนุษย์จังหวัด
PAY00099,SOC00426,4117368689091,ธนา,พิทักษ์วงศ์,หญิง,1960-09-04,ผู้สูงอายุ,เงินสงเคราะห์เด็กในครอบครัวยากจน,ว่างงานหรือรายได้ลดลง,2026-04-17,2026-04-23,2026-04-26,6000,3500,พร้อมเพย์,จ่ายบางส่วน,1,เงินกองทุนส่งเสริมการจัดสวัสดิการสังคม,นนทบุรี,ปากเกร็ด,ศูนย์คุ้มครองคนไร้ที่พึ่ง
PAY00100,SOC00200,5213927845395,วราภรณ์,เรืองฤทธิ์,ชาย,1980-01-10,ผู้มีรายได้น้อย,เงินช่วยเหลือผู้ประสบปัญหาทางสังคมกรณีฉุกเฉิน,ว่างงานหรือรายได้ลดลง,2024-12-03,2024-12-04,2024-12-11,6500,2500,พร้อมเพย์,จ่ายครบแล้ว,2,เงินกองทุนส่งเสริมการจัดสวัสดิการสังคม,สุพรรณบุรี,บ้านใหม่,สำนักงานพัฒนาสังคมและความมั่นคงของมนุษย์จังหวัด
PAY00101,SOC00352,7217531176802,ธัญชนก,สุขใจ,หญิง,1967-11-26,ผู้มีรายได้น้อย,เงินสงเคราะห์ผู้สูงอายุในภาวะยากลำบาก,ขาดผู้ดูแลและรายได้,2025-11-15,2025-11-27,2025-12-02,6000,1000,พร้อมเพย์,รอจ่ายงวดถัดไป,2,งบดำเนินงานของหน่วยงาน,เชียงราย,พาน,ศูนย์คุ้มครองคนไร้ที่พึ่ง
PAY00102,SOC00444,6154240759810,พัชรินทร์,มิตรดี,หญิง,1941-09-05,ผู้สูงอายุ,เงินช่วยเหลือผู้ประสบปัญหาทางสังคมกรณีฉุกเฉิน,ที่อยู่อาศัยไม่เหมาะสม,2022-06-22,2022-06-25,2022-06-28,7500,6000,พร้อมเพย์,จ่ายบางส่วน,1,เงินกองทุนส่งเสริมการจัดสวัสดิการสังคม,สุรินทร์,บ้านใหม่,ศูนย์พัฒนาการจัดสวัสดิการสังคมผู้สูงอายุ
PAY00103,SOC00166,2353403266706,วายุ,นิลแก้ว,ชาย,1992-02-27,ผู้มีรายได้น้อย,เงินสงเคราะห์เด็กในครอบครัวยากจน,ประสบปัญหาค่าครองชีพ,2026-03-04,2026-03-09,2026-03-16,2500,1000,เงินสดผ่านหน่วยงาน,รอจ่ายงวดถัดไป,1,เงินสำรองเพื่อกรณีฉุกเฉิน,สระแก้ว,เมือง,สำนักงานพัฒนาสังคมและความมั่นคงของมนุษย์จังหวัด
PAY00104,SOC00309,5045662977004,กาญจนา,มงคลชัย,ชาย,2006-05-12,ผู้มีรายได้น้อย,เงินสงเคราะห์ผู้สูงอายุในภาวะยากลำบาก,ขาดผู้ดูแลและรายได้,2025-12-17,2025-12-19,2025-12-21,3500,500,โอนเข้าบัญชีธนาคาร,จ่ายบางส่วน,2,งบดำเนินงานของหน่วยงาน,กรุงเทพมหานคร,บางกะปิ,สำนักงานพัฒนาสังคมและความมั่นคงของมนุษย์จังหวัด
PAY00105,SOC00080,5895763449804,ธนกฤต,อินทร์แก้ว,หญิง,1952-05-31,ผู้สูงอายุ,เงินสงเคราะห์ครอบครัวผู้มีรายได้น้อยและผู้ไร้ที่พึ่ง,มีค่าใช้จ่ายด้านสุขภาพ,2025-12-21,2025-12-28,2025-12-31,4500,3000,โอนเข้าบัญชีธนาคาร,รอจ่ายงวดถัดไป,1,เงินสำรองเพื่อกรณีฉุกเฉิน,พระนครศรีอยุธยา,หนองกลาง,บ้านพักเด็กและครอบครัว
PAY00106,SOC00259,2347442790261,จิราภรณ์,โพธิ์ทอง,ชาย,1957-08-28,ผู้สูงอายุ,เงินสงเคราะห์ผู้สูงอายุในภาวะยากลำบาก,ขาดผู้ดูแลและรายได้,2024-12-08,2024-12-11,2024-12-21,8500,8500,เงินสดผ่านหน่วยงาน,จ่ายครบแล้ว,1,งบดำเนินงานของหน่วยงาน,สมุทรปราการ,ศรีพัฒนา,ศูนย์พัฒนาการจัดสวัสดิการสังคมผู้สูงอายุ
PAY00107,SOC00032,1446676889069,ณัฐวุฒิ,สุขเกษม,ชาย,2016-12-06,เด็กและเยาวชน,เงินสงเคราะห์คนพิการ,มีค่าใช้จ่ายด้านสุขภาพ,2024-01-17,2024-01-28,2024-01-30,9000,6500,พร้อมเพย์,รอจ่ายงวดถัดไป,1,เงินกองทุนส่งเสริมการจัดสวัสดิการสังคม,นราธิวาส,ศรีพัฒนา,สำนักงานพัฒนาสังคมและความมั่นคงของมนุษย์จังหวัด
PAY00108,SOC00181,5405931520462,วนิดา,มงคลชัย,หญิง,1996-06-14,สตรีและครอบครัว,เงินสงเคราะห์คนพิการ,ครอบครัวประสบเหตุฉุกเฉิน,2023-08-08,2023-08-20,2023-08-29,8000,7000,พร้อมเพย์,รอจ่ายงวดถัดไป,1,งบประมาณรายจ่ายประจำปี,นนทบุรี,บางบัวทอง,ศูนย์พัฒนาการจัดสวัสดิการสังคมผู้สูงอายุ
PAY00109,SOC00296,7319271730342,ชยุต,เจริญสุข,ชาย,2019-01-31,เด็กและเยาวชน,เงินสงเคราะห์คนพิการ,ประสบปัญหาค่าครองชีพ,2025-06-29,2025-07-01,2025-07-07,3000,3000,พร้อมเพย์,จ่ายครบแล้ว,1,งบดำเนินงานของหน่วยงาน,สมุทรปราการ,ทุ่งสุข,สำนักงานพัฒนาสังคมและความมั่นคงของมนุษย์จังหวัด
PAY00110,SOC00469,4369565420184,ภัทรพล,จำปาแก้ว,หญิง,1961-01-01,ผู้ประสบปัญหาทางสังคมทั่วไป,เงินช่วยเหลือด้านที่อยู่อาศัย,มีค่าใช้จ่ายด้านสุขภาพ,2022-06-05,2022-06-06,2022-06-06,15500,14000,พร้อมเพย์,รอจ่ายงวดถัดไป,1,งบประมาณรายจ่ายประจำปี,จันทบุรี,ศรีพัฒนา,บ้านพักเด็กและครอบครัว
PAY00111,SOC00217,7246430645709,ชลธิชา,สวัสดี,หญิง,2012-06-05,เด็กและเยาวชน,เงินสงเคราะห์คนพิการ,มีภาระหนี้สินและค่าใช้จ่ายจำเป็น,2022-06-22,2022-07-04,2022-07-14,6500,6000,เงินสดผ่านหน่วยงาน,รอจ่ายงวดถัดไป,1,งบประมาณรายจ่ายประจำปี,สงขลา,สิงหนคร,ศูนย์พัฒนาการจัดสวัสดิการสังคมผู้สูงอายุ
PAY00112,SOC00028,3402808904127,วรเมธ,บุญส่ง,ชาย,1970-12-12,สตรีและครอบครัว,เงินช่วยเหลือด้านที่อยู่อาศัย,ประสบปัญหาค่าครองชีพ,2024-12-26,2024-12-28,2025-01-02,7000,3500,เงินสดผ่านหน่วยงาน,จ่ายบางส่วน,1,เงินกองทุนส่งเสริมการจัดสวัสดิการสังคม,สมุทรสาคร,ทุ่งสุข,สำนักงานพัฒนาสังคมและความมั่นคงของมนุษย์จังหวัด
PAY00113,SOC00458,5802602110896,เกศรินทร์,พิทักษ์วงศ์,หญิง,2016-09-17,เด็กและเยาวชน,เงินสงเคราะห์ครอบครัวผู้มีรายได้น้อยและผู้ไร้ที่พึ่ง,ประสบปัญหาค่าครองชีพ,2025-01-24,2025-01-31,2025-02-09,4500,500,เงินสดผ่านหน่วยงาน,จ่ายบางส่วน,2,เงินสำรองเพื่อกรณีฉุกเฉิน,นนทบุรี,เมืองนนทบุรี,สำนักงานพัฒนาสังคมและความมั่นคงของมนุษย์จังหวัด
PAY00114,SOC00347,3352295168467,ชนิดา,จำปาแก้ว,หญิง,2020-07-02,เด็กและเยาวชน,เงินสงเคราะห์ครอบครัวผู้มีรายได้น้อยและผู้ไร้ที่พึ่ง,ขาดผู้ดูแลและรายได้,2026-04-12,2026-04-21,2026-04-30,4500,4500,โอนเข้าบัญชีธนาคาร,จ่ายครบแล้ว,1,เงินกองทุนส่งเสริมการจัดสวัสดิการสังคม,อุดรธานี,เมือง,บ้านพักเด็กและครอบครัว
PAY00115,SOC00490,1245594224587,กิตติพงศ์,รุ่งสวัสดิ์,หญิง,1970-04-26,ผู้มีรายได้น้อย,เงินสงเคราะห์คนพิการ,ว่างงานหรือรายได้ลดลง,2025-11-18,2025-11-30,2025-12-08,9500,9500,พร้อมเพย์,จ่ายครบแล้ว,1,งบดำเนินงานของหน่วยงาน,แพร่,เมือง,ศูนย์พัฒนาการจัดสวัสดิการสังคมผู้สูงอายุ
PAY00116,SOC00164,2580717310193,วรัญญา,วัฒนศรี,ชาย,1975-04-01,ผู้มีรายได้น้อย,เงินช่วยเหลือด้านที่อยู่อาศัย,มีค่าใช้จ่ายด้านสุขภาพ,2025-09-17,2025-09-28,2025-09-29,6500,5500,เงินสดผ่านหน่วยงาน,จ่ายบางส่วน,1,เงินสำรองเพื่อกรณีฉุกเฉิน,ตรัง,เมือง,บ้านพักเด็กและครอบครัว
PAY00117,SOC00212,2359976046107,ศิวกร,วัฒนกุล,ชาย,2007-07-18,เด็กและเยาวชน,เงินช่วยเหลือด้านที่อยู่อาศัย,มีค่าใช้จ่ายด้านสุขภาพ,2024-04-01,2024-04-08,2024-04-17,8000,500,เงินสดผ่านหน่วยงาน,จ่ายบางส่วน,1,เงินกองทุนส่งเสริมการจัดสวัสดิการสังคม,สระบุรี,หนองกลาง,สำนักงานพัฒนาสังคมและความมั่นคงของมนุษย์จังหวัด
PAY00118,SOC00102,4912356015731,ธีรวัฒน์,นาคทอง,ชาย,1969-02-14,ผู้ประสบปัญหาทางสังคมทั่วไป,เงินสงเคราะห์ครอบครัวผู้มีรายได้น้อยและผู้ไร้ที่พึ่ง,ขาดผู้ดูแลและรายได้,2023-06-15,2023-06-21,2023-06-30,6000,2000,เงินสดผ่านหน่วยงาน,รอจ่ายงวดถัดไป,1,เงินกองทุนส่งเสริมการจัดสวัสดิการสังคม,กรุงเทพมหานคร,บางเขน,ศูนย์คุ้มครองคนไร้ที่พึ่ง
PAY00119,SOC00081,7604242971330,ปัญญา,แสนดี,หญิง,1971-09-25,สตรีและครอบครัว,เงินสงเคราะห์ครอบครัวผู้มีรายได้น้อยและผู้ไร้ที่พึ่ง,ที่อยู่อาศัยไม่เหมาะสม,2024-01-21,2024-01-22,2024-01-28,8000,4500,พร้อมเพย์,จ่ายบางส่วน,1,งบดำเนินงานของหน่วยงาน,จันทบุรี,บ้านใหม่,ศูนย์พัฒนาการจัดสวัสดิการสังคมผู้สูงอายุ
PAY00120,SOC00207,4906403102464,สายฝน,สมบูรณ์ผล,หญิง,2008-05-01,ผู้มีรายได้น้อย,เงินสงเคราะห์ผู้สูงอายุในภาวะยากลำบาก,มีค่าใช้จ่ายด้านสุขภาพ,2026-01-26,2026-01-29,2026-02-05,2000,1000,โอนเข้าบัญชีธนาคาร,จ่ายครบแล้ว,2,เงินสำรองเพื่อกรณีฉุกเฉิน,สมุทรสาคร,เมือง,บ้านพักเด็กและครอบครัว
PAY00121,SOC00466,5041600482458,ธวัชชัย,ธรรมคุณ,ชาย,1972-12-17,ผู้ประสบปัญหาทางสังคมทั่วไป,เงินสงเคราะห์ครอบครัวผู้มีรายได้น้อยและผู้ไร้ที่พึ่ง,ที่อยู่อาศัยไม่เหมาะสม,2026-05-25,2026-06-01,2026-06-04,9500,9500,เงินสดผ่านหน่วยงาน,จ่ายครบแล้ว,1,งบประมาณรายจ่ายประจำปี,อุบลราชธานี,บ้านใหม่,สำนักงานพัฒนาสังคมและความมั่นคงของมนุษย์จังหวัด
PAY00122,SOC00215,4871562621101,ณิชา,สมานมิตร,หญิง,1960-05-07,ผู้สูงอายุ,เงินช่วยเหลือผู้ประสบปัญหาทางสังคมกรณีฉุกเฉิน,ว่างงานหรือรายได้ลดลง,2025-03-25,2025-03-30,2025-03-30,8500,8000,เงินสดผ่านหน่วยงาน,จ่ายบางส่วน,1,งบประมาณรายจ่ายประจำปี,อุดรธานี,ทุ่งสุข,ศูนย์คุ้มครองคนไร้ที่พึ่ง
PAY00123,SOC00328,4104853624513,สิทธิโชค,เพชรรัตน์,ชาย,1951-06-16,ผู้สูงอายุ,เงินสงเคราะห์ผู้สูงอายุในภาวะยากลำบาก,ว่างงานหรือรายได้ลดลง,2026-07-01,2026-07-06,2026-07-11,8000,8000,พร้อมเพย์,จ่ายครบแล้ว,1,งบประมาณรายจ่ายประจำปี,สุรินทร์,หนองกลาง,บ้านพักเด็กและครอบครัว
PAY00124,SOC00211,7932533333335,ภาคิน,บุญธรรม,หญิง,2003-05-21,สตรีและครอบครัว,เงินสงเคราะห์ผู้สูงอายุในภาวะยากลำบาก,ขาดผู้ดูแลและรายได้,2024-05-03,2024-05-06,2024-05-06,6500,1500,เงินสดผ่านหน่วยงาน,รอจ่ายงวดถัดไป,1,งบดำเนินงานของหน่วยงาน,พิจิตร,ทุ่งสุข,ศูนย์พัฒนาการจัดสวัสดิการสังคมผู้สูงอายุ
PAY00125,SOC00178,1246854237102,ชยพล,ธรรมรักษ์,หญิง,1940-03-02,ผู้สูงอายุ,เงินสงเคราะห์ครอบครัวผู้มีรายได้น้อยและผู้ไร้ที่พึ่ง,ครอบครัวประสบเหตุฉุกเฉิน,2026-07-01,2026-07-02,2026-07-12,10000,10000,พร้อมเพย์,จ่ายครบแล้ว,1,งบประมาณรายจ่ายประจำปี,สมุทรปราการ,คลองใหม่,ศูนย์คุ้มครองคนไร้ที่พึ่ง
PAY00126,SOC00396,8147042507422,นภัสสร,ธรรมคุณ,ชาย,2006-10-12,ผู้ประสบปัญหาทางสังคมทั่วไป,เงินสงเคราะห์เด็กในครอบครัวยากจน,ที่อยู่อาศัยไม่เหมาะสม,2026-01-24,2026-01-31,2026-02-07,2500,1500,เงินสดผ่านหน่วยงาน,จ่ายบางส่วน,1,งบดำเนินงานของหน่วยงาน,ปทุมธานี,คลองหลวง,บ้านพักเด็กและครอบครัว
PAY00127,SOC00181,5405931520462,วนิดา,มงคลชัย,หญิง,1996-06-14,สตรีและครอบครัว,เงินสงเคราะห์คนพิการ,ครอบครัวประสบเหตุฉุกเฉิน,2023-08-08,2023-08-15,2023-08-16,8000,1000,พร้อมเพย์,จ่ายครบแล้ว,2,งบประมาณรายจ่ายประจำปี,นนทบุรี,บางบัวทอง,ศูนย์คุ้มครองคนไร้ที่พึ่ง
PAY00128,SOC00378,4781461527241,ชยุต,เข็มทอง,ชาย,2006-11-01,เด็กและเยาวชน,เงินช่วยเหลือด้านที่อยู่อาศัย,ประสบปัญหาค่าครองชีพ,2023-02-14,2023-02-23,2023-02-26,10000,6000,เงินสดผ่านหน่วยงาน,จ่ายบางส่วน,1,เงินสำรองเพื่อกรณีฉุกเฉิน,พิจิตร,ทุ่งสุข,ศูนย์พัฒนาการจัดสวัสดิการสังคมผู้สูงอายุ
PAY00129,SOC00363,1567960319344,เอกภพ,ทองสุข,ชาย,2004-11-03,ผู้มีรายได้น้อย,เงินสงเคราะห์คนพิการ,ประสบปัญหาค่าครองชีพ,2025-02-28,2025-03-01,2025-03-03,3500,3500,โอนเข้าบัญชีธนาคาร,จ่ายครบแล้ว,1,งบประมาณรายจ่ายประจำปี,สมุทรปราการ,บ้านใหม่,ศูนย์คุ้มครองคนไร้ที่พึ่ง
PAY00130,SOC00447,3636405672556,พชร,แสงจันทร์,ชาย,2021-08-13,เด็กและเยาวชน,เงินสงเคราะห์ครอบครัวผู้มีรายได้น้อยและผู้ไร้ที่พึ่ง,ที่อยู่อาศัยไม่เหมาะสม,2023-08-08,2023-08-16,2023-08-25,7000,4000,พร้อมเพย์,รอจ่ายงวดถัดไป,1,งบดำเนินงานของหน่วยงาน,ตรัง,เมือง,สำนักงานพัฒนาสังคมและความมั่นคงของมนุษย์จังหวัด
PAY00131,SOC00455,8814171986492,ศิวกร,รัตนกุล,หญิง,1982-09-06,ผู้ประสบปัญหาทางสังคมทั่วไป,เงินสงเคราะห์คนพิการ,ขาดรายได้สำหรับค่าใช้จ่ายจำเป็น,2024-03-05,2024-03-06,2024-03-11,5500,3500,เงินสดผ่านหน่วยงาน,รอจ่ายงวดถัดไป,1,เงินสำรองเพื่อกรณีฉุกเฉิน,กาฬสินธุ์,เมือง,สำนักงานพัฒนาสังคมและความมั่นคงของมนุษย์จังหวัด
PAY00132,SOC00226,7223281060540,นันทนา,แสงทอง,หญิง,1973-04-20,ผู้มีรายได้น้อย,เงินช่วยเหลือด้านที่อยู่อาศัย,ครอบครัวประสบเหตุฉุกเฉิน,2023-02-17,2023-02-26,2023-03-01,3000,3000,พร้อมเพย์,จ่ายครบแล้ว,1,เงินกองทุนส่งเสริมการจัดสวัสดิการสังคม,ปราจีนบุรี,คลองใหม่,บ้านพักเด็กและครอบครัว
PAY00133,SOC00313,8251165373959,ณิชา,นาคทอง,หญิง,2021-06-09,เด็กและเยาวชน,เงินสงเคราะห์เด็กในครอบครัวยากจน,มีค่าใช้จ่ายด้านสุขภาพ,2025-01-07,2025-01-11,2025-01-12,5500,5500,พร้อมเพย์,จ่ายครบแล้ว,1,งบประมาณรายจ่ายประจำปี,ขอนแก่น,บ้านไผ่,ศูนย์คุ้มครองคนไร้ที่พึ่ง
PAY00134,SOC00149,6631677191388,รุจิรา,สุทธิวงศ์,ชาย,1994-11-09,คนไร้ที่พึ่ง,เงินช่วยเหลือด้านที่อยู่อาศัย,ขาดรายได้สำหรับค่าใช้จ่ายจำเป็น,2026-03-15,2026-03-24,2026-03-25,15500,4500,เงินสดผ่านหน่วยงาน,รอจ่ายงวดถัดไป,1,งบดำเนินงานของหน่วยงาน,จันทบุรี,หนองกลาง,ศูนย์คุ้มครองคนไร้ที่พึ่ง
PAY00135,SOC00370,2860863018482,วรเมธ,ทวีทรัพย์,ชาย,1972-10-04,คนพิการ,เงินสงเคราะห์ผู้สูงอายุในภาวะยากลำบาก,ขาดรายได้สำหรับค่าใช้จ่ายจำเป็น,2025-11-20,2025-11-29,2025-12-07,6000,500,โอนเข้าบัญชีธนาคาร,จ่ายบางส่วน,1,งบดำเนินงานของหน่วยงาน,บุรีรัมย์,ศรีพัฒนา,สำนักงานพัฒนาสังคมและความมั่นคงของมนุษย์จังหวัด
PAY00136,SOC00168,7714071128675,ปัญญา,สุนทรวงศ์,ชาย,2006-11-03,ผู้ประสบปัญหาทางสังคมทั่วไป,เงินสงเคราะห์ผู้สูงอายุในภาวะยากลำบาก,ที่อยู่อาศัยไม่เหมาะสม,2025-04-14,2025-04-16,2025-04-21,8500,5000,พร้อมเพย์,จ่ายบางส่วน,2,เงินสำรองเพื่อกรณีฉุกเฉิน,สระบุรี,บ้านใหม่,ศูนย์คุ้มครองคนไร้ที่พึ่ง
PAY00137,SOC00436,5971094264981,เพ็ญนภา,ธรรมคุณ,ชาย,1993-03-05,ผู้มีรายได้น้อย,เงินสงเคราะห์คนพิการ,ขาดรายได้สำหรับค่าใช้จ่ายจำเป็น,2022-11-12,2022-11-16,2022-11-18,7000,4500,โอนเข้าบัญชีธนาคาร,จ่ายครบแล้ว,2,เงินสำรองเพื่อกรณีฉุกเฉิน,กาฬสินธุ์,คลองใหม่,ศูนย์พัฒนาการจัดสวัสดิการสังคมผู้สูงอายุ
PAY00138,SOC00358,7571303492442,พรทิพย์,จันทร์ฉาย,หญิง,2005-05-18,คนไร้ที่พึ่ง,เงินช่วยเหลือผู้ประสบปัญหาทางสังคมกรณีฉุกเฉิน,ที่อยู่อาศัยไม่เหมาะสม,2026-08-22,2026-08-24,2026-08-24,8500,500,โอนเข้าบัญชีธนาคาร,จ่ายบางส่วน,1,เงินสำรองเพื่อกรณีฉุกเฉิน,เชียงราย,พาน,ศูนย์คุ้มครองคนไร้ที่พึ่ง
PAY00139,SOC00214,4597099625827,พงศกร,ธรรมวงศ์,ชาย,1988-02-06,ผู้ประสบปัญหาทางสังคมทั่วไป,เงินช่วยเหลือด้านที่อยู่อาศัย,ขาดรายได้สำหรับค่าใช้จ่ายจำเป็น,2022-06-08,2022-06-12,2022-06-18,7000,5000,โอนเข้าบัญชีธนาคาร,จ่ายบางส่วน,1,เงินสำรองเพื่อกรณีฉุกเฉิน,มหาสารคาม,เมือง,ศูนย์คุ้มครองคนไร้ที่พึ่ง
PAY00140,SOC00353,8999644550274,บุษบา,สุทธิวงศ์,ชาย,1983-10-03,คนพิการ,เงินสงเคราะห์ผู้สูงอายุในภาวะยากลำบาก,ประสบปัญหาค่าครองชีพ,2025-08-12,2025-08-13,2025-08-18,2500,1500,โอนเข้าบัญชีธนาคาร,จ่ายครบแล้ว,2,งบประมาณรายจ่ายประจำปี,สงขลา,สะเดา,ศูนย์พัฒนาการจัดสวัสดิการสังคมผู้สูงอายุ
PAY00141,SOC00191,4690478151303,สิทธิโชค,สมานมิตร,ชาย,1946-09-13,ผู้สูงอายุ,เงินช่วยเหลือด้านที่อยู่อาศัย,มีค่าใช้จ่ายด้านสุขภาพ,2023-10-23,2023-11-02,2023-11-04,19500,17500,โอนเข้าบัญชีธนาคาร,รอจ่ายงวดถัดไป,1,งบประมาณรายจ่ายประจำปี,สระบุรี,หนองกลาง,ศูนย์คุ้มครองคนไร้ที่พึ่ง
PAY00142,SOC00051,7569771275880,วาสนา,ศรีสุข,หญิง,1951-09-25,ผู้ประสบปัญหาทางสังคมทั่วไป,เงินช่วยเหลือด้านที่อยู่อาศัย,ว่างงานหรือรายได้ลดลง,2023-02-02,2023-02-09,2023-02-18,14000,14000,เงินสดผ่านหน่วยงาน,จ่ายครบแล้ว,1,งบประมาณรายจ่ายประจำปี,อุตรดิตถ์,หนองกลาง,สำนักงานพัฒนาสังคมและความมั่นคงของมนุษย์จังหวัด
PAY00143,SOC00488,5587313741118,สิทธิโชค,นาคะ,ชาย,2007-10-21,ผู้มีรายได้น้อย,เงินสงเคราะห์ครอบครัวผู้มีรายได้น้อยและผู้ไร้ที่พึ่ง,ขาดรายได้สำหรับค่าใช้จ่ายจำเป็น,2023-05-22,2023-05-24,2023-05-30,3500,3500,พร้อมเพย์,จ่ายครบแล้ว,1,เงินสำรองเพื่อกรณีฉุกเฉิน,แพร่,บ้านใหม่,ศูนย์คุ้มครองคนไร้ที่พึ่ง
PAY00144,SOC00399,8601658106211,ชไมพร,เกษมสุข,ชาย,2015-01-21,เด็กและเยาวชน,เงินสงเคราะห์คนพิการ,ขาดรายได้สำหรับค่าใช้จ่ายจำเป็น,2025-12-07,2025-12-08,2025-12-16,9000,2000,โอนเข้าบัญชีธนาคาร,จ่ายบางส่วน,2,เงินกองทุนส่งเสริมการจัดสวัสดิการสังคม,สระแก้ว,ศรีพัฒนา,สำนักงานพัฒนาสังคมและความมั่นคงของมนุษย์จังหวัด
PAY00145,SOC00196,1140292518312,ศุภลักษณ์,จารุวัฒน์,ชาย,2004-06-22,เด็กและเยาวชน,เงินช่วยเหลือด้านที่อยู่อาศัย,มีค่าใช้จ่ายด้านสุขภาพ,2022-06-11,2022-06-22,2022-06-24,11500,11000,พร้อมเพย์,จ่ายครบแล้ว,2,งบประมาณรายจ่ายประจำปี,กระบี่,เมือง,ศูนย์พัฒนาการจัดสวัสดิการสังคมผู้สูงอายุ
PAY00146,SOC00240,5834245476820,เพ็ญนภา,เกียรติไพศาล,ชาย,1982-07-21,คนไร้ที่พึ่ง,เงินสงเคราะห์ผู้สูงอายุในภาวะยากลำบาก,มีค่าใช้จ่ายด้านสุขภาพ,2024-03-30,2024-04-10,2024-04-11,2500,2500,เงินสดผ่านหน่วยงาน,จ่ายครบแล้ว,1,งบประมาณรายจ่ายประจำปี,ฉะเชิงเทรา,หนองกลาง,สำนักงานพัฒนาสังคมและความมั่นคงของมนุษย์จังหวัด
PAY00147,SOC00439,3053576212498,ธัญชนก,จันทร์หอม,ชาย,1956-06-25,ผู้มีรายได้น้อย,เงินสงเคราะห์ผู้สูงอายุในภาวะยากลำบาก,มีค่าใช้จ่ายด้านสุขภาพ,2025-10-03,2025-10-13,2025-10-18,7000,1500,โอนเข้าบัญชีธนาคาร,จ่ายบางส่วน,1,งบดำเนินงานของหน่วยงาน,เชียงใหม่,แม่ริม,สำนักงานพัฒนาสังคมและความมั่นคงของมนุษย์จังหวัด
PAY00148,SOC00320,3182451883395,นิภาพร,บัวทอง,หญิง,1959-08-29,ผู้สูงอายุ,เงินสงเคราะห์คนพิการ,มีค่าใช้จ่ายด้านสุขภาพ,2024-12-26,2025-01-06,2025-01-14,4500,2500,เงินสดผ่านหน่วยงาน,จ่ายบางส่วน,1,เงินกองทุนส่งเสริมการจัดสวัสดิการสังคม,ปทุมธานี,ลำลูกกา,สำนักงานพัฒนาสังคมและความมั่นคงของมนุษย์จังหวัด
PAY00149,SOC00054,5863969138748,กมลชนก,นาคทอง,ชาย,1957-12-19,ผู้สูงอายุ,เงินสงเคราะห์ผู้สูงอายุในภาวะยากลำบาก,ครอบครัวประสบเหตุฉุกเฉิน,2026-01-31,2026-02-09,2026-02-12,9500,8000,โอนเข้าบัญชีธนาคาร,จ่ายครบแล้ว,2,เงินกองทุนส่งเสริมการจัดสวัสดิการสังคม,ฉะเชิงเทรา,ทุ่งสุข,บ้านพักเด็กและครอบครัว
PAY00150,SOC00360,7047418035150,วรเมธ,สมบูรณ์ผล,ชาย,1971-01-18,ผู้ประสบปัญหาทางสังคมทั่วไป,เงินสงเคราะห์ครอบครัวผู้มีรายได้น้อยและผู้ไร้ที่พึ่ง,ขาดรายได้สำหรับค่าใช้จ่ายจำเป็น,2026-07-11,2026-07-12,2026-07-14,7500,3500,พร้อมเพย์,จ่ายครบแล้ว,2,เงินกองทุนส่งเสริมการจัดสวัสดิการสังคม,นครปฐม,ทุ่งสุข,บ้านพักเด็กและครอบครัว
PAY00151,SOC00195,6720112086082,กรรณิการ์,แสงจันทร์,ชาย,2003-04-07,เด็กและเยาวชน,เงินสงเคราะห์ครอบครัวผู้มีรายได้น้อยและผู้ไร้ที่พึ่ง,ว่างงานหรือรายได้ลดลง,2023-05-08,2023-05-14,2023-05-15,4000,500,เงินสดผ่านหน่วยงาน,จ่ายบางส่วน,1,งบประมาณรายจ่ายประจำปี,อุตรดิตถ์,บ้านใหม่,สำนักงานพัฒนาสังคมและความมั่นคงของมนุษย์จังหวัด
PAY00152,SOC00165,2416387552781,ปกรณ์,คำแสน,ชาย,1980-01-16,ผู้มีรายได้น้อย,เงินสงเคราะห์เด็กในครอบครัวยากจน,ครอบครัวประสบเหตุฉุกเฉิน,2022-02-10,2022-02-18,2022-02-18,3000,500,พร้อมเพย์,จ่ายบางส่วน,2,เงินกองทุนส่งเสริมการจัดสวัสดิการสังคม,นราธิวาส,เมือง,ศูนย์พัฒนาการจัดสวัสดิการสังคมผู้สูงอายุ
PAY00153,SOC00228,1174743688351,เมธาวี,ทองมาก,ชาย,1986-05-25,ผู้ประสบปัญหาทางสังคมทั่วไป,เงินสงเคราะห์ผู้สูงอายุในภาวะยากลำบาก,ที่อยู่อาศัยไม่เหมาะสม,2022-08-20,2022-08-25,2022-08-27,5500,4000,โอนเข้าบัญชีธนาคาร,จ่ายครบแล้ว,2,งบดำเนินงานของหน่วยงาน,ระยอง,ทุ่งสุข,สำนักงานพัฒนาสังคมและความมั่นคงของมนุษย์จังหวัด
PAY00154,SOC00427,6747467430119,ภาคิน,ศรีประภา,ชาย,1953-06-17,คนพิการ,เงินสงเคราะห์คนพิการ,ขาดผู้ดูแลและรายได้,2024-06-19,2024-06-24,2024-07-04,10000,3500,พร้อมเพย์,รอจ่ายงวดถัดไป,1,เงินกองทุนส่งเสริมการจัดสวัสดิการสังคม,เชียงใหม่,สันทราย,บ้านพักเด็กและครอบครัว
PAY00155,SOC00382,2871362990999,ชไมพร,ตั้งมั่น,หญิง,2007-01-09,เด็กและเยาวชน,เงินสงเคราะห์ผู้สูงอายุในภาวะยากลำบาก,มีค่าใช้จ่ายด้านสุขภาพ,2026-04-20,2026-04-24,2026-05-01,8000,7000,เงินสดผ่านหน่วยงาน,จ่ายครบแล้ว,2,งบดำเนินงานของหน่วยงาน,นครสวรรค์,ทุ่งสุข,บ้านพักเด็กและครอบครัว
PAY00156,SOC00011,6291383137886,นันทนา,เจริญผล,ชาย,1942-04-15,ผู้สูงอายุ,เงินช่วยเหลือผู้ประสบปัญหาทางสังคมกรณีฉุกเฉิน,ประสบปัญหาค่าครองชีพ,2025-07-24,2025-08-03,2025-08-12,7500,4500,เงินสดผ่านหน่วยงาน,จ่ายครบแล้ว,2,เงินสำรองเพื่อกรณีฉุกเฉิน,ลพบุรี,คลองใหม่,ศูนย์คุ้มครองคนไร้ที่พึ่ง
PAY00157,SOC00400,6854204602659,มยุรี,วัฒนชัย,ชาย,1988-09-08,คนไร้ที่พึ่ง,เงินช่วยเหลือด้านที่อยู่อาศัย,ขาดผู้ดูแลและรายได้,2023-01-02,2023-01-09,2023-01-18,4500,500,พร้อมเพย์,รอจ่ายงวดถัดไป,1,งบประมาณรายจ่ายประจำปี,ลำพูน,เมือง,บ้านพักเด็กและครอบครัว
PAY00158,SOC00400,6854204602659,มยุรี,วัฒนชัย,ชาย,1988-09-08,คนไร้ที่พึ่ง,เงินช่วยเหลือด้านที่อยู่อาศัย,ขาดผู้ดูแลและรายได้,2022-12-30,2023-01-05,2023-01-07,4500,2500,โอนเข้าบัญชีธนาคาร,จ่ายบางส่วน,2,งบประมาณรายจ่ายประจำปี,ลำพูน,เมือง,บ้านพักเด็กและครอบครัว
PAY00159,SOC00126,7796041239748,นิตยา,ประเสริฐศรี,หญิง,2000-05-29,ผู้ประสบปัญหาทางสังคมทั่วไป,เงินสงเคราะห์เด็กในครอบครัวยากจน,ว่างงานหรือรายได้ลดลง,2026-07-01,2026-07-09,2026-07-10,9000,7500,พร้อมเพย์,จ่ายบางส่วน,1,เงินสำรองเพื่อกรณีฉุกเฉิน,จันทบุรี,เมือง,บ้านพักเด็กและครอบครัว
PAY00160,SOC00425,8794221720068,ปราณี,รุ่งเรือง,หญิง,1939-04-11,ผู้สูงอายุ,เงินสงเคราะห์ผู้สูงอายุในภาวะยากลำบาก,ที่อยู่อาศัยไม่เหมาะสม,2026-08-18,2026-08-24,2026-08-24,3500,2000,โอนเข้าบัญชีธนาคาร,รอจ่ายงวดถัดไป,1,งบดำเนินงานของหน่วยงาน,อุบลราชธานี,เมือง,ศูนย์คุ้มครองคนไร้ที่พึ่ง
PAY00161,SOC00417,6058464981804,สิทธิโชค,ศรีสุข,ชาย,1983-09-26,ผู้ประสบปัญหาทางสังคมทั่วไป,เงินช่วยเหลือผู้ประสบปัญหาทางสังคมกรณีฉุกเฉิน,ขาดผู้ดูแลและรายได้,2022-02-12,2022-02-14,2022-02-23,5000,4000,พร้อมเพย์,รอจ่ายงวดถัดไป,1,งบดำเนินงานของหน่วยงาน,นราธิวาส,คลองใหม่,ศูนย์พัฒนาการจัดสวัสดิการสังคมผู้สูงอายุ
PAY00162,SOC00383,6822597867864,พัชราภา,วัฒนชัย,ชาย,1975-05-20,สตรีและครอบครัว,เงินช่วยเหลือด้านที่อยู่อาศัย,ว่างงานหรือรายได้ลดลง,2026-02-21,2026-02-24,2026-03-04,15000,3000,เงินสดผ่านหน่วยงาน,รอจ่ายงวดถัดไป,1,งบดำเนินงานของหน่วยงาน,พิจิตร,หนองกลาง,ศูนย์พัฒนาการจัดสวัสดิการสังคมผู้สูงอายุ
PAY00163,SOC00432,7299832843044,เอกภพ,เข็มทอง,ชาย,2012-10-04,เด็กและเยาวชน,เงินช่วยเหลือผู้ประสบปัญหาทางสังคมกรณีฉุกเฉิน,มีค่าใช้จ่ายด้านสุขภาพ,2024-06-04,2024-06-06,2024-06-14,4500,1000,โอนเข้าบัญชีธนาคาร,รอจ่ายงวดถัดไป,1,งบประมาณรายจ่ายประจำปี,สกลนคร,เมือง,ศูนย์พัฒนาการจัดสวัสดิการสังคมผู้สูงอายุ
PAY00164,SOC00327,4004278741939,รัชนี,ธรรมรักษ์,หญิง,2008-02-21,ผู้มีรายได้น้อย,เงินสงเคราะห์เด็กในครอบครัวยากจน,มีค่าใช้จ่ายด้านสุขภาพ,2026-03-14,2026-03-19,2026-03-28,6000,5500,เงินสดผ่านหน่วยงาน,จ่ายบางส่วน,1,เงินกองทุนส่งเสริมการจัดสวัสดิการสังคม,เชียงราย,เมืองเชียงราย,ศูนย์คุ้มครองคนไร้ที่พึ่ง
PAY00165,SOC00040,7366960558128,วชิรวิทย์,พรมศรี,หญิง,1961-05-10,คนไร้ที่พึ่ง,เงินช่วยเหลือด้านที่อยู่อาศัย,ที่อยู่อาศัยไม่เหมาะสม,2025-05-17,2025-05-23,2025-05-28,7000,7000,โอนเข้าบัญชีธนาคาร,จ่ายครบแล้ว,1,เงินสำรองเพื่อกรณีฉุกเฉิน,พิษณุโลก,เมือง,ศูนย์คุ้มครองคนไร้ที่พึ่ง
PAY00166,SOC00468,7099437880414,ขวัญฤดี,ทองมาก,ชาย,1975-08-05,ผู้ประสบปัญหาทางสังคมทั่วไป,เงินสงเคราะห์ครอบครัวผู้มีรายได้น้อยและผู้ไร้ที่พึ่ง,ที่อยู่อาศัยไม่เหมาะสม,2024-04-26,2024-05-07,2024-05-15,8000,6500,โอนเข้าบัญชีธนาคาร,รอจ่ายงวดถัดไป,1,เงินสำรองเพื่อกรณีฉุกเฉิน,เชียงใหม่,สันทราย,สำนักงานพัฒนาสังคมและความมั่นคงของมนุษย์จังหวัด
PAY00167,SOC00248,1711069285392,ปิยธิดา,รุ่งเรือง,หญิง,1960-06-23,ผู้ประสบปัญหาทางสังคมทั่วไป,เงินสงเคราะห์เด็กในครอบครัวยากจน,มีค่าใช้จ่ายด้านสุขภาพ,2022-04-19,2022-04-21,2022-04-25,8000,3500,พร้อมเพย์,จ่ายครบแล้ว,2,งบประมาณรายจ่ายประจำปี,ลพบุรี,หนองกลาง,ศูนย์พัฒนาการจัดสวัสดิการสังคมผู้สูงอายุ
PAY00168,SOC00055,5874525905810,ภาคิน,วงศ์คำ,ชาย,1957-03-05,ผู้มีรายได้น้อย,เงินสงเคราะห์ครอบครัวผู้มีรายได้น้อยและผู้ไร้ที่พึ่ง,ที่อยู่อาศัยไม่เหมาะสม,2023-11-04,2023-11-10,2023-11-20,2500,500,โอนเข้าบัญชีธนาคาร,จ่ายครบแล้ว,2,เงินสำรองเพื่อกรณีฉุกเฉิน,พิจิตร,ทุ่งสุข,ศูนย์พัฒนาการจัดสวัสดิการสังคมผู้สูงอายุ
PAY00169,SOC00063,4809391044889,ชไมพร,สุขใจ,ชาย,1961-02-24,ผู้ประสบปัญหาทางสังคมทั่วไป,เงินช่วยเหลือผู้ประสบปัญหาทางสังคมกรณีฉุกเฉิน,ครอบครัวประสบเหตุฉุกเฉิน,2024-03-02,2024-03-03,2024-03-08,2500,1000,พร้อมเพย์,รอจ่ายงวดถัดไป,1,เงินกองทุนส่งเสริมการจัดสวัสดิการสังคม,ลพบุรี,คลองใหม่,ศูนย์พัฒนาการจัดสวัสดิการสังคมผู้สูงอายุ
PAY00170,SOC00180,4543633079937,เมธาวี,นิลแก้ว,หญิง,1943-12-13,ผู้สูงอายุ,เงินช่วยเหลือด้านที่อยู่อาศัย,ประสบปัญหาค่าครองชีพ,2026-03-02,2026-03-05,2026-03-14,10500,8500,พร้อมเพย์,จ่ายครบแล้ว,2,งบดำเนินงานของหน่วยงาน,ลพบุรี,หนองกลาง,ศูนย์คุ้มครองคนไร้ที่พึ่ง
PAY00171,SOC00057,7200506975946,อรทัย,สวัสดิผล,ชาย,1978-08-05,คนพิการ,เงินสงเคราะห์ครอบครัวผู้มีรายได้น้อยและผู้ไร้ที่พึ่ง,มีค่าใช้จ่ายด้านสุขภาพ,2023-07-20,2023-08-01,2023-08-07,5500,5500,โอนเข้าบัญชีธนาคาร,จ่ายครบแล้ว,1,งบประมาณรายจ่ายประจำปี,สระบุรี,คลองใหม่,ศูนย์คุ้มครองคนไร้ที่พึ่ง
PAY00172,SOC00321,2028627553510,เบญจพร,ศรีประภา,ชาย,1954-12-08,ผู้สูงอายุ,เงินสงเคราะห์เด็กในครอบครัวยากจน,ขาดผู้ดูแลและรายได้,2024-02-20,2024-02-23,2024-02-28,5000,3000,เงินสดผ่านหน่วยงาน,รอจ่ายงวดถัดไป,1,เงินกองทุนส่งเสริมการจัดสวัสดิการสังคม,สระแก้ว,หนองกลาง,ศูนย์คุ้มครองคนไร้ที่พึ่ง
PAY00173,SOC00379,6741799148907,ชาญวิทย์,ชัยมงคล,หญิง,2002-08-20,เด็กและเยาวชน,เงินช่วยเหลือด้านที่อยู่อาศัย,ขาดรายได้สำหรับค่าใช้จ่ายจำเป็น,2025-08-04,2025-08-14,2025-08-21,17500,17500,โอนเข้าบัญชีธนาคาร,จ่ายครบแล้ว,1,เงินสำรองเพื่อกรณีฉุกเฉิน,อุตรดิตถ์,หนองกลาง,ศูนย์คุ้มครองคนไร้ที่พึ่ง
PAY00174,SOC00290,2125938423592,ปกรณ์,มิตรดี,หญิง,1971-07-18,สตรีและครอบครัว,เงินช่วยเหลือผู้ประสบปัญหาทางสังคมกรณีฉุกเฉิน,ขาดผู้ดูแลและรายได้,2025-09-10,2025-09-17,2025-09-17,8000,7000,โอนเข้าบัญชีธนาคาร,รอจ่ายงวดถัดไป,1,งบดำเนินงานของหน่วยงาน,สระแก้ว,คลองใหม่,บ้านพักเด็กและครอบครัว
PAY00175,SOC00173,2990855004931,สุวิมล,ธนากุล,ชาย,1998-07-14,ผู้ประสบปัญหาทางสังคมทั่วไป,เงินสงเคราะห์ผู้สูงอายุในภาวะยากลำบาก,ว่างงานหรือรายได้ลดลง,2025-01-28,2025-02-01,2025-02-10,2000,500,เงินสดผ่านหน่วยงาน,จ่ายครบแล้ว,2,เงินกองทุนส่งเสริมการจัดสวัสดิการสังคม,สุราษฎร์ธานี,คลองใหม่,ศูนย์พัฒนาการจัดสวัสดิการสังคมผู้สูงอายุ
PAY00176,SOC00333,5298047499741,ปัญญา,พิทักษ์วงศ์,ชาย,1958-12-07,ผู้สูงอายุ,เงินสงเคราะห์เด็กในครอบครัวยากจน,ขาดผู้ดูแลและรายได้,2025-06-26,2025-06-27,2025-07-02,8000,4500,เงินสดผ่านหน่วยงาน,รอจ่ายงวดถัดไป,1,เงินสำรองเพื่อกรณีฉุกเฉิน,นราธิวาส,คลองใหม่,บ้านพักเด็กและครอบครัว
PAY00177,SOC00005,4187314354202,กรรณิการ์,ชำนาญกิจ,หญิง,1986-04-06,ผู้ประสบปัญหาทางสังคมทั่วไป,เงินช่วยเหลือด้านที่อยู่อาศัย,ขาดผู้ดูแลและรายได้,2025-06-25,2025-07-03,2025-07-08,18000,18000,พร้อมเพย์,จ่ายครบแล้ว,1,งบดำเนินงานของหน่วยงาน,ลพบุรี,ศรีพัฒนา,ศูนย์พัฒนาการจัดสวัสดิการสังคมผู้สูงอายุ
PAY00178,SOC00115,6025487269245,ศิรินภา,กุลวงศ์,ชาย,1994-03-12,ผู้ประสบปัญหาทางสังคมทั่วไป,เงินช่วยเหลือผู้ประสบปัญหาทางสังคมกรณีฉุกเฉิน,ว่างงานหรือรายได้ลดลง,2025-06-13,2025-06-14,2025-06-22,9500,8000,เงินสดผ่านหน่วยงาน,รอจ่ายงวดถัดไป,1,งบประมาณรายจ่ายประจำปี,ปราจีนบุรี,ทุ่งสุข,ศูนย์คุ้มครองคนไร้ที่พึ่ง
PAY00179,SOC00187,2860863018482,วรเมธ,ทวีทรัพย์,ชาย,1972-10-04,คนพิการ,เงินสงเคราะห์คนพิการ,มีภาระหนี้สินและค่าใช้จ่ายจำเป็น,2022-09-13,2022-09-20,2022-09-21,3000,3000,โอนเข้าบัญชีธนาคาร,จ่ายครบแล้ว,1,เงินสำรองเพื่อกรณีฉุกเฉิน,ปัตตานี,ทุ่งสุข,บ้านพักเด็กและครอบครัว
PAY00180,SOC00444,6154240759810,พัชรินทร์,มิตรดี,หญิง,1941-09-05,ผู้สูงอายุ,เงินช่วยเหลือผู้ประสบปัญหาทางสังคมกรณีฉุกเฉิน,ที่อยู่อาศัยไม่เหมาะสม,2022-06-22,2022-06-25,2022-07-04,7500,500,โอนเข้าบัญชีธนาคาร,จ่ายบางส่วน,2,เงินกองทุนส่งเสริมการจัดสวัสดิการสังคม,สุรินทร์,บ้านใหม่,ศูนย์คุ้มครองคนไร้ที่พึ่ง
PAY00181,SOC00167,8532637779129,จิราภรณ์,บัวทอง,หญิง,2005-04-10,คนพิการ,เงินสงเคราะห์ผู้สูงอายุในภาวะยากลำบาก,ครอบครัวประสบเหตุฉุกเฉิน,2023-12-07,2023-12-13,2023-12-17,2500,500,เงินสดผ่านหน่วยงาน,รอจ่ายงวดถัดไป,1,งบประมาณรายจ่ายประจำปี,ลพบุรี,หนองกลาง,บ้านพักเด็กและครอบครัว
PAY00182,SOC00460,2916748425911,กฤษฎา,วงศ์คำ,หญิง,1984-10-30,ผู้ประสบปัญหาทางสังคมทั่วไป,เงินช่วยเหลือด้านที่อยู่อาศัย,ครอบครัวประสบเหตุฉุกเฉิน,2025-08-04,2025-08-12,2025-08-14,12500,1500,โอนเข้าบัญชีธนาคาร,จ่ายบางส่วน,1,เงินกองทุนส่งเสริมการจัดสวัสดิการสังคม,น่าน,หนองกลาง,สำนักงานพัฒนาสังคมและความมั่นคงของมนุษย์จังหวัด
PAY00183,SOC00422,7365848629379,นันทนา,ทรัพย์เจริญ,ชาย,2008-12-30,ผู้ประสบปัญหาทางสังคมทั่วไป,เงินช่วยเหลือผู้ประสบปัญหาทางสังคมกรณีฉุกเฉิน,ประสบปัญหาค่าครองชีพ,2026-04-28,2026-05-09,2026-05-11,5500,5500,พร้อมเพย์,จ่ายครบแล้ว,1,เงินสำรองเพื่อกรณีฉุกเฉิน,กรุงเทพมหานคร,บางกะปิ,ศูนย์พัฒนาการจัดสวัสดิการสังคมผู้สูงอายุ
PAY00184,SOC00351,3747354168121,สมฤดี,ฤทธิไกร,หญิง,2012-10-26,เด็กและเยาวชน,เงินช่วยเหลือด้านที่อยู่อาศัย,มีค่าใช้จ่ายด้านสุขภาพ,2024-11-30,2024-12-11,2024-12-18,17500,3000,เงินสดผ่านหน่วยงาน,รอจ่ายงวดถัดไป,2,เงินสำรองเพื่อกรณีฉุกเฉิน,ชลบุรี,บางละมุง,สำนักงานพัฒนาสังคมและความมั่นคงของมนุษย์จังหวัด
PAY00185,SOC00485,1508678020559,นพดล,สืบสาย,หญิง,1997-10-05,ผู้มีรายได้น้อย,เงินช่วยเหลือด้านที่อยู่อาศัย,ขาดรายได้สำหรับค่าใช้จ่ายจำเป็น,2022-10-24,2022-10-31,2022-11-07,18000,18000,เงินสดผ่านหน่วยงาน,จ่ายครบแล้ว,1,งบดำเนินงานของหน่วยงาน,ปทุมธานี,ลำลูกกา,ศูนย์พัฒนาการจัดสวัสดิการสังคมผู้สูงอายุ
PAY00186,SOC00273,1762634084546,นภัสสร,เพชรรัตน์,หญิง,1995-03-11,ผู้มีรายได้น้อย,เงินสงเคราะห์ครอบครัวผู้มีรายได้น้อยและผู้ไร้ที่พึ่ง,ที่อยู่อาศัยไม่เหมาะสม,2023-07-12,2023-07-19,2023-07-19,6000,6000,โอนเข้าบัญชีธนาคาร,จ่ายครบแล้ว,1,เงินกองทุนส่งเสริมการจัดสวัสดิการสังคม,กระบี่,ทุ่งสุข,ศูนย์พัฒนาการจัดสวัสดิการสังคมผู้สูงอายุ
PAY00187,SOC00283,5641634976130,นรินทร์,สวัสดิผล,ชาย,2024-12-15,เด็กและเยาวชน,เงินสงเคราะห์ครอบครัวผู้มีรายได้น้อยและผู้ไร้ที่พึ่ง,ว่างงานหรือรายได้ลดลง,2022-11-25,2022-11-28,2022-12-01,7500,2000,เงินสดผ่านหน่วยงาน,รอจ่ายงวดถัดไป,1,งบดำเนินงานของหน่วยงาน,ราชบุรี,ทุ่งสุข,บ้านพักเด็กและครอบครัว
PAY00188,SOC00242,5348041820164,พรทิพย์,สุขใจ,ชาย,1965-03-30,ผู้มีรายได้น้อย,เงินสงเคราะห์ผู้สูงอายุในภาวะยากลำบาก,ขาดรายได้สำหรับค่าใช้จ่ายจำเป็น,2022-09-18,2022-09-27,2022-10-05,5500,5500,โอนเข้าบัญชีธนาคาร,จ่ายครบแล้ว,1,งบดำเนินงานของหน่วยงาน,ระยอง,เมือง,บ้านพักเด็กและครอบครัว
PAY00189,SOC00410,2510068330946,วรัญญา,ธรรมรักษ์,ชาย,1977-08-10,ผู้ประสบปัญหาทางสังคมทั่วไป,เงินสงเคราะห์คนพิการ,ที่อยู่อาศัยไม่เหมาะสม,2023-04-20,2023-05-01,2023-05-11,4000,2500,พร้อมเพย์,รอจ่ายงวดถัดไป,1,เงินสำรองเพื่อกรณีฉุกเฉิน,ปราจีนบุรี,เมือง,สำนักงานพัฒนาสังคมและความมั่นคงของมนุษย์จังหวัด
PAY00190,SOC00098,1114485059968,อรทัย,กุลวงศ์,ชาย,2006-08-14,ผู้ประสบปัญหาทางสังคมทั่วไป,เงินสงเคราะห์เด็กในครอบครัวยากจน,มีค่าใช้จ่ายด้านสุขภาพ,2024-09-12,2024-09-23,2024-09-26,6000,2000,เงินสดผ่านหน่วยงาน,จ่ายบางส่วน,1,งบดำเนินงานของหน่วยงาน,สงขลา,เมืองสงขลา,ศูนย์พัฒนาการจัดสวัสดิการสังคมผู้สูงอายุ
PAY00191,SOC00426,4117368689091,ธนา,พิทักษ์วงศ์,หญิง,1960-09-04,ผู้สูงอายุ,เงินสงเคราะห์เด็กในครอบครัวยากจน,ว่างงานหรือรายได้ลดลง,2026-04-14,2026-04-25,2026-05-01,6000,2500,พร้อมเพย์,จ่ายครบแล้ว,2,เงินกองทุนส่งเสริมการจัดสวัสดิการสังคม,นนทบุรี,ปากเกร็ด,ศูนย์พัฒนาการจัดสวัสดิการสังคมผู้สูงอายุ
PAY00192,SOC00301,4560828573997,ปวีณา,กุลวงศ์,ชาย,1954-12-13,คนพิการ,เงินช่วยเหลือผู้ประสบปัญหาทางสังคมกรณีฉุกเฉิน,ประสบปัญหาค่าครองชีพ,2026-05-04,2026-05-10,2026-05-11,7000,2000,โอนเข้าบัญชีธนาคาร,จ่ายบางส่วน,2,งบประมาณรายจ่ายประจำปี,ชลบุรี,ศรีราชา,ศูนย์พัฒนาการจัดสวัสดิการสังคมผู้สูงอายุ
PAY00193,SOC00286,6579075718815,ชาญวิทย์,นพคุณ,หญิง,1956-11-25,ผู้สูงอายุ,เงินสงเคราะห์ครอบครัวผู้มีรายได้น้อยและผู้ไร้ที่พึ่ง,ที่อยู่อาศัยไม่เหมาะสม,2026-01-22,2026-01-26,2026-01-26,7000,7000,โอนเข้าบัญชีธนาคาร,จ่ายครบแล้ว,1,งบดำเนินงานของหน่วยงาน,สุพรรณบุรี,บ้านใหม่,บ้านพักเด็กและครอบครัว
PAY00194,SOC00317,6880206256355,ธีรวัฒน์,แสงเพชร,ชาย,1940-01-09,ผู้สูงอายุ,เงินสงเคราะห์เด็กในครอบครัวยากจน,ว่างงานหรือรายได้ลดลง,2023-03-20,2023-03-31,2023-04-08,8500,7000,พร้อมเพย์,จ่ายบางส่วน,1,เงินกองทุนส่งเสริมการจัดสวัสดิการสังคม,พิษณุโลก,หนองกลาง,บ้านพักเด็กและครอบครัว
PAY00195,SOC00396,8147042507422,นภัสสร,ธรรมคุณ,ชาย,2006-10-12,ผู้ประสบปัญหาทางสังคมทั่วไป,เงินสงเคราะห์เด็กในครอบครัวยากจน,ที่อยู่อาศัยไม่เหมาะสม,2026-01-24,2026-01-25,2026-01-29,2500,500,พร้อมเพย์,จ่ายบางส่วน,2,งบดำเนินงานของหน่วยงาน,ปทุมธานี,คลองหลวง,ศูนย์พัฒนาการจัดสวัสดิการสังคมผู้สูงอายุ
PAY00196,SOC00164,2580717310193,วรัญญา,วัฒนศรี,ชาย,1975-04-01,ผู้มีรายได้น้อย,เงินช่วยเหลือด้านที่อยู่อาศัย,มีค่าใช้จ่ายด้านสุขภาพ,2025-09-17,2025-09-26,2025-10-06,6500,500,เงินสดผ่านหน่วยงาน,รอจ่ายงวดถัดไป,2,เงินสำรองเพื่อกรณีฉุกเฉิน,ตรัง,เมือง,ศูนย์คุ้มครองคนไร้ที่พึ่ง
PAY00197,SOC00315,6977211830230,ภาคิน,นิ่มนวล,ชาย,1956-09-06,ผู้มีรายได้น้อย,เงินสงเคราะห์ผู้สูงอายุในภาวะยากลำบาก,มีค่าใช้จ่ายด้านสุขภาพ,2024-05-24,2024-06-01,2024-06-04,3000,2000,เงินสดผ่านหน่วยงาน,จ่ายครบแล้ว,2,งบประมาณรายจ่ายประจำปี,สงขลา,เมืองสงขลา,บ้านพักเด็กและครอบครัว
PAY00198,SOC00274,3182451883395,นิภาพร,บัวทอง,หญิง,1959-08-29,ผู้สูงอายุ,เงินช่วยเหลือผู้ประสบปัญหาทางสังคมกรณีฉุกเฉิน,มีภาระหนี้สินและค่าใช้จ่ายจำเป็น,2022-05-03,2022-05-05,2022-05-13,7000,4500,พร้อมเพย์,รอจ่ายงวดถัดไป,1,เงินสำรองเพื่อกรณีฉุกเฉิน,ลพบุรี,ทุ่งสุข,ศูนย์พัฒนาการจัดสวัสดิการสังคมผู้สูงอายุ
PAY00199,SOC00109,7193309946432,ณัฐพงษ์,ธรรมคุณ,ชาย,1982-04-23,ผู้ประสบปัญหาทางสังคมทั่วไป,เงินสงเคราะห์เด็กในครอบครัวยากจน,ขาดรายได้สำหรับค่าใช้จ่ายจำเป็น,2023-09-10,2023-09-11,2023-09-19,7500,4500,เงินสดผ่านหน่วยงาน,จ่ายบางส่วน,1,เงินกองทุนส่งเสริมการจัดสวัสดิการสังคม,อุตรดิตถ์,ศรีพัฒนา,บ้านพักเด็กและครอบครัว
PAY00200,SOC00201,7104762217057,ปกรณ์,สวัสดี,ชาย,2023-10-31,เด็กและเยาวชน,เงินสงเคราะห์ครอบครัวผู้มีรายได้น้อยและผู้ไร้ที่พึ่ง,ที่อยู่อาศัยไม่เหมาะสม,2026-04-05,2026-04-17,2026-04-20,10000,9000,โอนเข้าบัญชีธนาคาร,รอจ่ายงวดถัดไป,1,งบดำเนินงานของหน่วยงาน,ร้อยเอ็ด,ศรีพัฒนา,ศูนย์คุ้มครองคนไร้ที่พึ่ง
PAY00201,SOC00468,7099437880414,ขวัญฤดี,ทองมาก,ชาย,1975-08-05,ผู้ประสบปัญหาทางสังคมทั่วไป,เงินสงเคราะห์ครอบครัวผู้มีรายได้น้อยและผู้ไร้ที่พึ่ง,ที่อยู่อาศัยไม่เหมาะสม,2024-04-25,2024-05-07,2024-05-10,8000,1500,โอนเข้าบัญชีธนาคาร,จ่ายครบแล้ว,2,เงินสำรองเพื่อกรณีฉุกเฉิน,เชียงใหม่,สันทราย,ศูนย์พัฒนาการจัดสวัสดิการสังคมผู้สูงอายุ
PAY00202,SOC00392,6981481048466,นรินทร์,วิริยะกุล,ชาย,2024-06-08,เด็กและเยาวชน,เงินช่วยเหลือผู้ประสบปัญหาทางสังคมกรณีฉุกเฉิน,ที่อยู่อาศัยไม่เหมาะสม,2026-06-24,2026-06-30,2026-07-06,5500,4000,โอนเข้าบัญชีธนาคาร,จ่ายบางส่วน,1,เงินกองทุนส่งเสริมการจัดสวัสดิการสังคม,นครสวรรค์,ศรีพัฒนา,สำนักงานพัฒนาสังคมและความมั่นคงของมนุษย์จังหวัด
PAY00203,SOC00098,1114485059968,อรทัย,กุลวงศ์,ชาย,2006-08-14,ผู้ประสบปัญหาทางสังคมทั่วไป,เงินสงเคราะห์เด็กในครอบครัวยากจน,มีค่าใช้จ่ายด้านสุขภาพ,2024-09-12,2024-09-21,2024-09-21,6000,1000,โอนเข้าบัญชีธนาคาร,รอจ่ายงวดถัดไป,2,งบดำเนินงานของหน่วยงาน,สงขลา,เมืองสงขลา,ศูนย์คุ้มครองคนไร้ที่พึ่ง
PAY00204,SOC00425,8794221720068,ปราณี,รุ่งเรือง,หญิง,1939-04-11,ผู้สูงอายุ,เงินสงเคราะห์ผู้สูงอายุในภาวะยากลำบาก,ที่อยู่อาศัยไม่เหมาะสม,2026-08-22,2026-08-24,2026-08-24,3500,1500,พร้อมเพย์,จ่ายครบแล้ว,2,งบดำเนินงานของหน่วยงาน,อุบลราชธานี,เมือง,บ้านพักเด็กและครอบครัว
PAY00205,SOC00247,5565278476865,ปวีณา,เกียรติไพศาล,หญิง,2017-07-12,เด็กและเยาวชน,เงินสงเคราะห์คนพิการ,ขาดรายได้สำหรับค่าใช้จ่ายจำเป็น,2024-03-07,2024-03-16,2024-03-16,5500,3000,โอนเข้าบัญชีธนาคาร,จ่ายบางส่วน,1,งบดำเนินงานของหน่วยงาน,สุราษฎร์ธานี,ศรีพัฒนา,บ้านพักเด็กและครอบครัว
PAY00206,SOC00032,1446676889069,ณัฐวุฒิ,สุขเกษม,ชาย,2016-12-06,เด็กและเยาวชน,เงินสงเคราะห์คนพิการ,มีค่าใช้จ่ายด้านสุขภาพ,2024-01-17,2024-01-28,2024-01-29,9000,2500,เงินสดผ่านหน่วยงาน,จ่ายครบแล้ว,2,เงินกองทุนส่งเสริมการจัดสวัสดิการสังคม,นราธิวาส,ศรีพัฒนา,บ้านพักเด็กและครอบครัว
PAY00207,SOC00317,6880206256355,ธีรวัฒน์,แสงเพชร,ชาย,1940-01-09,ผู้สูงอายุ,เงินสงเคราะห์เด็กในครอบครัวยากจน,ว่างงานหรือรายได้ลดลง,2023-03-18,2023-03-26,2023-03-26,8500,1500,เงินสดผ่านหน่วยงาน,จ่ายครบแล้ว,2,เงินกองทุนส่งเสริมการจัดสวัสดิการสังคม,พิษณุโลก,หนองกลาง,สำนักงานพัฒนาสังคมและความมั่นคงของมนุษย์จังหวัด
PAY00208,SOC00211,7932533333335,ภาคิน,บุญธรรม,หญิง,2003-05-21,สตรีและครอบครัว,เงินสงเคราะห์ผู้สูงอายุในภาวะยากลำบาก,ขาดผู้ดูแลและรายได้,2024-05-03,2024-05-15,2024-05-18,6500,5000,เงินสดผ่านหน่วยงาน,จ่ายครบแล้ว,2,งบดำเนินงานของหน่วยงาน,พิจิตร,ทุ่งสุข,ศูนย์คุ้มครองคนไร้ที่พึ่ง
PAY00209,SOC00400,6854204602659,มยุรี,วัฒนชัย,ชาย,1988-09-08,คนไร้ที่พึ่ง,เงินช่วยเหลือด้านที่อยู่อาศัย,ขาดผู้ดูแลและรายได้,2022-12-29,2023-01-03,2023-01-09,4500,1500,เงินสดผ่านหน่วยงาน,จ่ายครบแล้ว,3,งบประมาณรายจ่ายประจำปี,ลำพูน,เมือง,สำนักงานพัฒนาสังคมและความมั่นคงของมนุษย์จังหวัด
PAY00210,SOC00477,3352295168467,ชนิดา,จำปาแก้ว,หญิง,2020-07-02,เด็กและเยาวชน,เงินช่วยเหลือด้านที่อยู่อาศัย,ครอบครัวประสบเหตุฉุกเฉิน,2023-06-16,2023-06-25,2023-06-30,15000,500,พร้อมเพย์,จ่ายบางส่วน,2,งบดำเนินงานของหน่วยงาน,ชลบุรี,เมืองชลบุรี,ศูนย์คุ้มครองคนไร้ที่พึ่ง
PAY00211,SOC00124,6577609981502,วิภาวี,เกษมสุข,ชาย,1992-08-18,ผู้ประสบปัญหาทางสังคมทั่วไป,เงินสงเคราะห์คนพิการ,ครอบครัวประสบเหตุฉุกเฉิน,2026-03-28,2026-04-01,2026-04-04,4000,4000,พร้อมเพย์,จ่ายครบแล้ว,1,เงินสำรองเพื่อกรณีฉุกเฉิน,กาฬสินธุ์,ทุ่งสุข,ศูนย์พัฒนาการจัดสวัสดิการสังคมผู้สูงอายุ
PAY00212,SOC00301,4560828573997,ปวีณา,กุลวงศ์,ชาย,1954-12-13,คนพิการ,เงินช่วยเหลือผู้ประสบปัญหาทางสังคมกรณีฉุกเฉิน,ประสบปัญหาค่าครองชีพ,2026-05-04,2026-05-11,2026-05-15,7000,3500,โอนเข้าบัญชีธนาคาร,จ่ายครบแล้ว,3,งบประมาณรายจ่ายประจำปี,ชลบุรี,ศรีราชา,บ้านพักเด็กและครอบครัว
PAY00213,SOC00223,3256095832457,วิศรุต,ฤทธิไกร,ชาย,1945-12-20,ผู้สูงอายุ,เงินช่วยเหลือผู้ประสบปัญหาทางสังคมกรณีฉุกเฉิน,ครอบครัวประสบเหตุฉุกเฉิน,2023-01-09,2023-01-20,2023-01-20,7500,2500,พร้อมเพย์,จ่ายครบแล้ว,2,งบดำเนินงานของหน่วยงาน,ราชบุรี,ทุ่งสุข,สำนักงานพัฒนาสังคมและความมั่นคงของมนุษย์จังหวัด
PAY00214,SOC00256,8630586817476,ชยพล,ไชยวงศ์,หญิง,1956-12-10,คนไร้ที่พึ่ง,เงินสงเคราะห์ผู้สูงอายุในภาวะยากลำบาก,ครอบครัวประสบเหตุฉุกเฉิน,2023-11-13,2023-11-18,2023-11-18,2000,2000,พร้อมเพย์,จ่ายครบแล้ว,1,งบประมาณรายจ่ายประจำปี,มหาสารคาม,เมือง,ศูนย์คุ้มครองคนไร้ที่พึ่ง
PAY00215,SOC00167,8532637779129,จิราภรณ์,บัวทอง,หญิง,2005-04-10,คนพิการ,เงินสงเคราะห์ผู้สูงอายุในภาวะยากลำบาก,ครอบครัวประสบเหตุฉุกเฉิน,2023-12-09,2023-12-20,2023-12-28,2500,1000,พร้อมเพย์,รอจ่ายงวดถัดไป,2,งบประมาณรายจ่ายประจำปี,ลพบุรี,หนองกลาง,บ้านพักเด็กและครอบครัว
PAY00216,SOC00414,5943697160306,นรินทร์,ศรีประภา,ชาย,1961-04-30,ผู้สูงอายุ,เงินสงเคราะห์ครอบครัวผู้มีรายได้น้อยและผู้ไร้ที่พึ่ง,ขาดรายได้สำหรับค่าใช้จ่ายจำเป็น,2024-10-10,2024-10-19,2024-10-29,4500,2000,พร้อมเพย์,จ่ายบางส่วน,1,งบประมาณรายจ่ายประจำปี,เชียงใหม่,สันทราย,ศูนย์พัฒนาการจัดสวัสดิการสังคมผู้สูงอายุ
PAY00217,SOC00115,6025487269245,ศิรินภา,กุลวงศ์,ชาย,1994-03-12,ผู้ประสบปัญหาทางสังคมทั่วไป,เงินช่วยเหลือผู้ประสบปัญหาทางสังคมกรณีฉุกเฉิน,ว่างงานหรือรายได้ลดลง,2025-06-12,2025-06-14,2025-06-19,9500,500,เงินสดผ่านหน่วยงาน,จ่ายบางส่วน,2,งบประมาณรายจ่ายประจำปี,ปราจีนบุรี,ทุ่งสุข,บ้านพักเด็กและครอบครัว
PAY00218,SOC00060,4649540570562,รวิศ,บุญธรรม,ชาย,1944-11-03,ผู้สูงอายุ,เงินช่วยเหลือผู้ประสบปัญหาทางสังคมกรณีฉุกเฉิน,มีภาระหนี้สินและค่าใช้จ่ายจำเป็น,2026-05-28,2026-06-07,2026-06-11,5500,5500,เงินสดผ่านหน่วยงาน,จ่ายครบแล้ว,1,เงินสำรองเพื่อกรณีฉุกเฉิน,ลพบุรี,หนองกลาง,สำนักงานพัฒนาสังคมและความมั่นคงของมนุษย์จังหวัด
PAY00219,SOC00215,4871562621101,ณิชา,สมานมิตร,หญิง,1960-05-07,ผู้สูงอายุ,เงินช่วยเหลือผู้ประสบปัญหาทางสังคมกรณีฉุกเฉิน,ว่างงานหรือรายได้ลดลง,2025-03-23,2025-04-04,2025-04-09,8500,500,พร้อมเพย์,จ่ายครบแล้ว,2,งบประมาณรายจ่ายประจำปี,อุดรธานี,ทุ่งสุข,ศูนย์พัฒนาการจัดสวัสดิการสังคมผู้สูงอายุ
PAY00220,SOC00267,8107121784585,ศุภชัย,สุทธิวงศ์,ชาย,1939-05-06,ผู้สูงอายุ,เงินช่วยเหลือผู้ประสบปัญหาทางสังคมกรณีฉุกเฉิน,ขาดรายได้สำหรับค่าใช้จ่ายจำเป็น,2026-03-20,2026-03-29,2026-04-01,7500,1500,เงินสดผ่านหน่วยงาน,รอจ่ายงวดถัดไป,1,งบดำเนินงานของหน่วยงาน,ชลบุรี,พนัสนิคม,บ้านพักเด็กและครอบครัว
PAY00221,SOC00399,8601658106211,ชไมพร,เกษมสุข,ชาย,2015-01-21,เด็กและเยาวชน,เงินสงเคราะห์คนพิการ,ขาดรายได้สำหรับค่าใช้จ่ายจำเป็น,2025-12-09,2025-12-15,2025-12-19,9000,2000,โอนเข้าบัญชีธนาคาร,จ่ายครบแล้ว,3,เงินกองทุนส่งเสริมการจัดสวัสดิการสังคม,สระแก้ว,ศรีพัฒนา,ศูนย์พัฒนาการจัดสวัสดิการสังคมผู้สูงอายุ
PAY00222,SOC00112,4920132833501,รัชนี,รัตนวงศ์,หญิง,1947-05-23,ผู้สูงอายุ,เงินช่วยเหลือผู้ประสบปัญหาทางสังคมกรณีฉุกเฉิน,ที่อยู่อาศัยไม่เหมาะสม,2026-07-09,2026-07-16,2026-07-25,4000,1500,โอนเข้าบัญชีธนาคาร,จ่ายครบแล้ว,2,งบประมาณรายจ่ายประจำปี,อุดรธานี,ศรีพัฒนา,ศูนย์คุ้มครองคนไร้ที่พึ่ง
PAY00223,SOC00335,1698987571443,ปราณี,เจริญผล,ชาย,1979-05-14,ผู้มีรายได้น้อย,เงินสงเคราะห์เด็กในครอบครัวยากจน,มีภาระหนี้สินและค่าใช้จ่ายจำเป็น,2026-07-15,2026-07-22,2026-07-22,9500,1000,เงินสดผ่านหน่วยงาน,จ่ายบางส่วน,2,เงินกองทุนส่งเสริมการจัดสวัสดิการสังคม,ยะลา,บ้านใหม่,ศูนย์พัฒนาการจัดสวัสดิการสังคมผู้สูงอายุ
PAY00224,SOC00188,8338090748565,วิภาวี,อารีรักษ์,หญิง,2019-06-21,คนพิการ,เงินสงเคราะห์คนพิการ,ครอบครัวประสบเหตุฉุกเฉิน,2026-03-11,2026-03-22,2026-03-23,4500,3500,พร้อมเพย์,รอจ่ายงวดถัดไป,1,งบดำเนินงานของหน่วยงาน,แพร่,ศรีพัฒนา,สำนักงานพัฒนาสังคมและความมั่นคงของมนุษย์จังหวัด
PAY00225,SOC00475,4879943199151,ศศิธร,พึ่งบุญ,ชาย,1960-04-06,คนไร้ที่พึ่ง,เงินช่วยเหลือผู้ประสบปัญหาทางสังคมกรณีฉุกเฉิน,ที่อยู่อาศัยไม่เหมาะสม,2022-11-04,2022-11-07,2022-11-16,4000,4000,เงินสดผ่านหน่วยงาน,จ่ายครบแล้ว,1,งบดำเนินงานของหน่วยงาน,นครสวรรค์,เมือง,สำนักงานพัฒนาสังคมและความมั่นคงของมนุษย์จังหวัด
PAY00226,SOC00084,4681324578448,ชลธิชา,สืบสาย,หญิง,1976-01-20,ผู้มีรายได้น้อย,เงินช่วยเหลือผู้ประสบปัญหาทางสังคมกรณีฉุกเฉิน,ครอบครัวประสบเหตุฉุกเฉิน,2025-10-31,2025-11-10,2025-11-12,7500,6000,โอนเข้าบัญชีธนาคาร,รอจ่ายงวดถัดไป,1,งบประมาณรายจ่ายประจำปี,กาฬสินธุ์,คลองใหม่,บ้านพักเด็กและครอบครัว
PAY00227,SOC00430,5895763449804,ธนกฤต,อินทร์แก้ว,หญิง,1952-05-31,ผู้สูงอายุ,เงินช่วยเหลือผู้ประสบปัญหาทางสังคมกรณีฉุกเฉิน,ขาดผู้ดูแลและรายได้,2026-05-17,2026-05-21,2026-05-26,2000,1000,โอนเข้าบัญชีธนาคาร,จ่ายบางส่วน,1,งบประมาณรายจ่ายประจำปี,กาฬสินธุ์,ทุ่งสุข,ศูนย์คุ้มครองคนไร้ที่พึ่ง
PAY00228,SOC00324,2689565144790,ณิชา,แสงเพชร,ชาย,2000-09-16,คนพิการ,เงินช่วยเหลือผู้ประสบปัญหาทางสังคมกรณีฉุกเฉิน,ขาดรายได้สำหรับค่าใช้จ่ายจำเป็น,2024-08-02,2024-08-04,2024-08-13,6000,500,พร้อมเพย์,รอจ่ายงวดถัดไป,1,เงินสำรองเพื่อกรณีฉุกเฉิน,สงขลา,สะเดา,ศูนย์คุ้มครองคนไร้ที่พึ่ง
PAY00229,SOC00452,2381483219562,วรัญญา,วิริยะกุล,ชาย,1940-01-09,ผู้สูงอายุ,เงินช่วยเหลือผู้ประสบปัญหาทางสังคมกรณีฉุกเฉิน,มีค่าใช้จ่ายด้านสุขภาพ,2023-09-13,2023-09-23,2023-10-02,5500,5500,เงินสดผ่านหน่วยงาน,จ่ายครบแล้ว,1,เงินสำรองเพื่อกรณีฉุกเฉิน,ภูเก็ต,ถลาง,สำนักงานพัฒนาสังคมและความมั่นคงของมนุษย์จังหวัด
PAY00230,SOC00440,1340388966012,พัชรินทร์,รุ่งเรือง,ชาย,2010-01-21,คนพิการ,เงินสงเคราะห์คนพิการ,มีภาระหนี้สินและค่าใช้จ่ายจำเป็น,2026-03-04,2026-03-16,2026-03-26,7000,7000,เงินสดผ่านหน่วยงาน,จ่ายครบแล้ว,1,เงินกองทุนส่งเสริมการจัดสวัสดิการสังคม,กระบี่,ศรีพัฒนา,ศูนย์พัฒนาการจัดสวัสดิการสังคมผู้สูงอายุ
PAY00231,SOC00262,1287900655090,ธนภัทร,สวัสดิผล,ชาย,1991-04-18,ผู้ประสบปัญหาทางสังคมทั่วไป,เงินสงเคราะห์ผู้สูงอายุในภาวะยากลำบาก,ที่อยู่อาศัยไม่เหมาะสม,2026-04-05,2026-04-16,2026-04-23,4500,4500,พร้อมเพย์,จ่ายครบแล้ว,1,งบประมาณรายจ่ายประจำปี,นครปฐม,หนองกลาง,สำนักงานพัฒนาสังคมและความมั่นคงของมนุษย์จังหวัด
PAY00232,SOC00083,1279326264943,ปกรณ์,สุวรรณวงศ์,หญิง,2010-12-14,เด็กและเยาวชน,เงินสงเคราะห์คนพิการ,ครอบครัวประสบเหตุฉุกเฉิน,2023-09-20,2023-09-26,2023-09-30,4500,1500,เงินสดผ่านหน่วยงาน,จ่ายครบแล้ว,2,งบประมาณรายจ่ายประจำปี,มหาสารคาม,ศรีพัฒนา,สำนักงานพัฒนาสังคมและความมั่นคงของมนุษย์จังหวัด
PAY00233,SOC00044,4871562621101,ณิชา,สมานมิตร,หญิง,1960-05-07,ผู้สูงอายุ,เงินสงเคราะห์เด็กในครอบครัวยากจน,ประสบปัญหาค่าครองชีพ,2026-06-13,2026-06-16,2026-06-24,2000,1000,พร้อมเพย์,จ่ายบางส่วน,1,งบประมาณรายจ่ายประจำปี,อุบลราชธานี,เมือง,สำนักงานพัฒนาสังคมและความมั่นคงของมนุษย์จังหวัด
PAY00234,SOC00144,1006605605860,ชไมพร,ทองอินทร์,ชาย,1976-02-25,ผู้มีรายได้น้อย,เงินสงเคราะห์เด็กในครอบครัวยากจน,มีภาระหนี้สินและค่าใช้จ่ายจำเป็น,2023-10-30,2023-10-31,2023-11-05,6500,4000,พร้อมเพย์,จ่ายบางส่วน,1,เงินกองทุนส่งเสริมการจัดสวัสดิการสังคม,น่าน,หนองกลาง,สำนักงานพัฒนาสังคมและความมั่นคงของมนุษย์จังหวัด
PAY00235,SOC00219,6931577564112,กรรณิการ์,บุญช่วย,ชาย,2001-01-13,คนพิการ,เงินสงเคราะห์เด็กในครอบครัวยากจน,ขาดผู้ดูแลและรายได้,2024-09-07,2024-09-16,2024-09-23,7500,7500,พร้อมเพย์,จ่ายครบแล้ว,1,งบประมาณรายจ่ายประจำปี,สุราษฎร์ธานี,ศรีพัฒนา,บ้านพักเด็กและครอบครัว
PAY00236,SOC00182,8736958089081,รวิศ,ศรีจันทร์,หญิง,1960-03-01,ผู้สูงอายุ,เงินสงเคราะห์เด็กในครอบครัวยากจน,ว่างงานหรือรายได้ลดลง,2023-08-25,2023-08-28,2023-08-31,6500,3000,เงินสดผ่านหน่วยงาน,จ่ายครบแล้ว,3,เงินกองทุนส่งเสริมการจัดสวัสดิการสังคม,สกลนคร,เมือง,ศูนย์คุ้มครองคนไร้ที่พึ่ง
PAY00237,SOC00258,6844038585389,ปาริชาติ,อารีรักษ์,หญิง,1951-01-01,ผู้สูงอายุ,เงินสงเคราะห์ครอบครัวผู้มีรายได้น้อยและผู้ไร้ที่พึ่ง,ว่างงานหรือรายได้ลดลง,2023-08-10,2023-08-18,2023-08-27,9000,9000,พร้อมเพย์,จ่ายครบแล้ว,1,เงินสำรองเพื่อกรณีฉุกเฉิน,เชียงใหม่,สันทราย,บ้านพักเด็กและครอบครัว
PAY00238,SOC00321,2028627553510,เบญจพร,ศรีประภา,ชาย,1954-12-08,ผู้สูงอายุ,เงินสงเคราะห์เด็กในครอบครัวยากจน,ขาดผู้ดูแลและรายได้,2024-02-17,2024-02-20,2024-02-28,5000,2000,โอนเข้าบัญชีธนาคาร,จ่ายครบแล้ว,2,เงินกองทุนส่งเสริมการจัดสวัสดิการสังคม,สระแก้ว,หนองกลาง,สำนักงานพัฒนาสังคมและความมั่นคงของมนุษย์จังหวัด
PAY00239,SOC00432,7299832843044,เอกภพ,เข็มทอง,ชาย,2012-10-04,เด็กและเยาวชน,เงินช่วยเหลือผู้ประสบปัญหาทางสังคมกรณีฉุกเฉิน,มีค่าใช้จ่ายด้านสุขภาพ,2024-06-02,2024-06-08,2024-06-09,4500,1000,โอนเข้าบัญชีธนาคาร,รอจ่ายงวดถัดไป,2,งบประมาณรายจ่ายประจำปี,สกลนคร,เมือง,ศูนย์พัฒนาการจัดสวัสดิการสังคมผู้สูงอายุ
PAY00240,SOC00454,1662630763628,ชยุต,ร่มเย็น,หญิง,1988-10-04,ผู้มีรายได้น้อย,เงินสงเคราะห์ครอบครัวผู้มีรายได้น้อยและผู้ไร้ที่พึ่ง,มีค่าใช้จ่ายด้านสุขภาพ,2025-08-23,2025-08-30,2025-09-09,2500,2000,พร้อมเพย์,จ่ายครบแล้ว,2,งบดำเนินงานของหน่วยงาน,ภูเก็ต,กะทู้,บ้านพักเด็กและครอบครัว
PAY00241,SOC00020,8334995448384,สุภาวดี,นิ่มนวล,ชาย,1956-02-07,คนไร้ที่พึ่ง,เงินสงเคราะห์คนพิการ,ครอบครัวประสบเหตุฉุกเฉิน,2026-01-20,2026-01-31,2026-02-06,2000,2000,พร้อมเพย์,จ่ายครบแล้ว,1,งบประมาณรายจ่ายประจำปี,จันทบุรี,หนองกลาง,บ้านพักเด็กและครอบครัว
PAY00242,SOC00108,6770693544191,ณัฐวุฒิ,คุ้มภัย,หญิง,1976-03-02,ผู้ประสบปัญหาทางสังคมทั่วไป,เงินสงเคราะห์ครอบครัวผู้มีรายได้น้อยและผู้ไร้ที่พึ่ง,ว่างงานหรือรายได้ลดลง,2026-07-07,2026-07-14,2026-07-16,2000,2000,โอนเข้าบัญชีธนาคาร,จ่ายครบแล้ว,1,งบประมาณรายจ่ายประจำปี,แพร่,ศรีพัฒนา,บ้านพักเด็กและครอบครัว
PAY00243,SOC00144,1006605605860,ชไมพร,ทองอินทร์,ชาย,1976-02-25,ผู้มีรายได้น้อย,เงินสงเคราะห์เด็กในครอบครัวยากจน,มีภาระหนี้สินและค่าใช้จ่ายจำเป็น,2023-10-31,2023-11-02,2023-11-08,6500,2000,โอนเข้าบัญชีธนาคาร,จ่ายบางส่วน,2,เงินกองทุนส่งเสริมการจัดสวัสดิการสังคม,น่าน,หนองกลาง,สำนักงานพัฒนาสังคมและความมั่นคงของมนุษย์จังหวัด
PAY00244,SOC00164,2580717310193,วรัญญา,วัฒนศรี,ชาย,1975-04-01,ผู้มีรายได้น้อย,เงินช่วยเหลือด้านที่อยู่อาศัย,มีค่าใช้จ่ายด้านสุขภาพ,2025-09-16,2025-09-27,2025-10-02,6500,500,พร้อมเพย์,จ่ายครบแล้ว,3,เงินสำรองเพื่อกรณีฉุกเฉิน,ตรัง,เมือง,ศูนย์คุ้มครองคนไร้ที่พึ่ง
PAY00245,SOC00255,8147042507422,นภัสสร,ธรรมคุณ,ชาย,2006-10-12,ผู้ประสบปัญหาทางสังคมทั่วไป,เงินสงเคราะห์คนพิการ,ขาดผู้ดูแลและรายได้,2024-02-16,2024-02-21,2024-02-28,8000,4500,โอนเข้าบัญชีธนาคาร,จ่ายบางส่วน,1,เงินสำรองเพื่อกรณีฉุกเฉิน,ราชบุรี,ทุ่งสุข,ศูนย์พัฒนาการจัดสวัสดิการสังคมผู้สูงอายุ
PAY00246,SOC00128,7411660149308,ณิชา,ศรีสุข,หญิง,1961-08-07,ผู้สูงอายุ,เงินสงเคราะห์เด็กในครอบครัวยากจน,ครอบครัวประสบเหตุฉุกเฉิน,2025-11-21,2025-11-28,2025-12-04,5500,4000,เงินสดผ่านหน่วยงาน,จ่ายบางส่วน,1,งบดำเนินงานของหน่วยงาน,ชลบุรี,พนัสนิคม,ศูนย์พัฒนาการจัดสวัสดิการสังคมผู้สูงอายุ
PAY00247,SOC00137,7847287882876,วรเมธ,สุวรรณวงศ์,หญิง,1971-08-04,คนไร้ที่พึ่ง,เงินช่วยเหลือด้านที่อยู่อาศัย,ว่างงานหรือรายได้ลดลง,2024-10-12,2024-10-14,2024-10-23,3000,1500,พร้อมเพย์,จ่ายบางส่วน,1,เงินกองทุนส่งเสริมการจัดสวัสดิการสังคม,ลำปาง,เมือง,สำนักงานพัฒนาสังคมและความมั่นคงของมนุษย์จังหวัด
PAY00248,SOC00198,6058464981804,สิทธิโชค,ศรีสุข,ชาย,1983-09-26,ผู้ประสบปัญหาทางสังคมทั่วไป,เงินสงเคราะห์เด็กในครอบครัวยากจน,ขาดรายได้สำหรับค่าใช้จ่ายจำเป็น,2023-09-21,2023-10-03,2023-10-03,4000,500,พร้อมเพย์,จ่ายบางส่วน,1,เงินสำรองเพื่อกรณีฉุกเฉิน,ลพบุรี,เมือง,บ้านพักเด็กและครอบครัว
PAY00249,SOC00284,5211057895007,วาสนา,มงคลชัย,หญิง,1994-07-18,ผู้มีรายได้น้อย,เงินสงเคราะห์คนพิการ,ว่างงานหรือรายได้ลดลง,2022-01-22,2022-01-28,2022-02-01,9500,9500,เงินสดผ่านหน่วยงาน,จ่ายครบแล้ว,1,เงินสำรองเพื่อกรณีฉุกเฉิน,พิษณุโลก,ศรีพัฒนา,ศูนย์คุ้มครองคนไร้ที่พึ่ง
PAY00250,SOC00342,7319271730342,ชยุต,เจริญสุข,ชาย,2019-01-31,เด็กและเยาวชน,เงินสงเคราะห์ครอบครัวผู้มีรายได้น้อยและผู้ไร้ที่พึ่ง,ประสบปัญหาค่าครองชีพ,2024-11-24,2024-12-01,2024-12-07,8500,7500,เงินสดผ่านหน่วยงาน,รอจ่ายงวดถัดไป,1,งบดำเนินงานของหน่วยงาน,สระบุรี,เมือง,ศูนย์พัฒนาการจัดสวัสดิการสังคมผู้สูงอายุ
PAY00251,SOC00370,2860863018482,วรเมธ,ทวีทรัพย์,ชาย,1972-10-04,คนพิการ,เงินสงเคราะห์ผู้สูงอายุในภาวะยากลำบาก,ขาดรายได้สำหรับค่าใช้จ่ายจำเป็น,2025-11-24,2025-12-04,2025-12-07,6000,5500,โอนเข้าบัญชีธนาคาร,จ่ายครบแล้ว,2,งบดำเนินงานของหน่วยงาน,บุรีรัมย์,ศรีพัฒนา,ศูนย์คุ้มครองคนไร้ที่พึ่ง
PAY00252,SOC00247,5565278476865,ปวีณา,เกียรติไพศาล,หญิง,2017-07-12,เด็กและเยาวชน,เงินสงเคราะห์คนพิการ,ขาดรายได้สำหรับค่าใช้จ่ายจำเป็น,2024-03-07,2024-03-17,2024-03-22,5500,2000,เงินสดผ่านหน่วยงาน,จ่ายบางส่วน,2,งบดำเนินงานของหน่วยงาน,สุราษฎร์ธานี,ศรีพัฒนา,สำนักงานพัฒนาสังคมและความมั่นคงของมนุษย์จังหวัด
PAY00253,SOC00401,6221876707493,ปิยะพงษ์,สุวรรณศรี,หญิง,2002-10-21,คนพิการ,เงินช่วยเหลือด้านที่อยู่อาศัย,ที่อยู่อาศัยไม่เหมาะสม,2024-11-03,2024-11-13,2024-11-19,11500,11500,โอนเข้าบัญชีธนาคาร,จ่ายครบแล้ว,1,เงินกองทุนส่งเสริมการจัดสวัสดิการสังคม,ชลบุรี,บางละมุง,ศูนย์คุ้มครองคนไร้ที่พึ่ง
PAY00254,SOC00016,4806263249604,สุรีย์พร,เพิ่มพูน,ชาย,1983-05-24,สตรีและครอบครัว,เงินช่วยเหลือผู้ประสบปัญหาทางสังคมกรณีฉุกเฉิน,ขาดผู้ดูแลและรายได้,2026-06-30,2026-07-02,2026-07-08,7500,5000,พร้อมเพย์,จ่ายครบแล้ว,2,เงินกองทุนส่งเสริมการจัดสวัสดิการสังคม,บุรีรัมย์,เมือง,บ้านพักเด็กและครอบครัว
PAY00255,SOC00421,5668932373375,สุภาวดี,สุขเกษม,ชาย,2016-12-31,เด็กและเยาวชน,เงินสงเคราะห์คนพิการ,ว่างงานหรือรายได้ลดลง,2026-08-15,2026-08-24,2026-08-24,9000,9000,โอนเข้าบัญชีธนาคาร,จ่ายครบแล้ว,1,งบประมาณรายจ่ายประจำปี,เชียงใหม่,สันทราย,สำนักงานพัฒนาสังคมและความมั่นคงของมนุษย์จังหวัด
PAY00256,SOC00119,8812706443560,วชิรวิทย์,เกษมสุข,หญิง,1963-06-01,ผู้สูงอายุ,เงินสงเคราะห์ครอบครัวผู้มีรายได้น้อยและผู้ไร้ที่พึ่ง,มีภาระหนี้สินและค่าใช้จ่ายจำเป็น,2026-02-27,2026-03-06,2026-03-16,3000,500,เงินสดผ่านหน่วยงาน,รอจ่ายงวดถัดไป,2,เงินกองทุนส่งเสริมการจัดสวัสดิการสังคม,อุบลราชธานี,ศรีพัฒนา,บ้านพักเด็กและครอบครัว
PAY00257,SOC00107,2648215185615,ศิรินภา,เรืองฤทธิ์,หญิง,2024-02-24,เด็กและเยาวชน,เงินสงเคราะห์คนพิการ,ขาดรายได้สำหรับค่าใช้จ่ายจำเป็น,2024-07-18,2024-07-26,2024-07-27,2000,500,โอนเข้าบัญชีธนาคาร,จ่ายบางส่วน,1,เงินกองทุนส่งเสริมการจัดสวัสดิการสังคม,จันทบุรี,บ้านใหม่,ศูนย์พัฒนาการจัดสวัสดิการสังคมผู้สูงอายุ
PAY00258,SOC00194,6063912569281,ศุภชัย,จันทร์หอม,ชาย,1997-12-25,คนพิการ,เงินสงเคราะห์คนพิการ,ที่อยู่อาศัยไม่เหมาะสม,2024-02-12,2024-02-22,2024-03-03,7500,5500,พร้อมเพย์,จ่ายบางส่วน,1,เงินกองทุนส่งเสริมการจัดสวัสดิการสังคม,สงขลา,หาดใหญ่,ศูนย์พัฒนาการจัดสวัสดิการสังคมผู้สูงอายุ
PAY00259,SOC00429,4183267553743,รุจิรา,พิพัฒน์กุล,ชาย,1991-07-17,ผู้ประสบปัญหาทางสังคมทั่วไป,เงินช่วยเหลือด้านที่อยู่อาศัย,ขาดรายได้สำหรับค่าใช้จ่ายจำเป็น,2023-03-13,2023-03-25,2023-04-02,10000,6500,เงินสดผ่านหน่วยงาน,รอจ่ายงวดถัดไป,1,งบประมาณรายจ่ายประจำปี,พระนครศรีอยุธยา,ทุ่งสุข,ศูนย์พัฒนาการจัดสวัสดิการสังคมผู้สูงอายุ
PAY00260,SOC00295,4974925388431,สุชาดา,นิ่มนวล,ชาย,2003-09-12,ผู้มีรายได้น้อย,เงินสงเคราะห์ผู้สูงอายุในภาวะยากลำบาก,ว่างงานหรือรายได้ลดลง,2022-06-27,2022-07-04,2022-07-12,8500,500,โอนเข้าบัญชีธนาคาร,รอจ่ายงวดถัดไป,2,เงินสำรองเพื่อกรณีฉุกเฉิน,ลำปาง,ทุ่งสุข,สำนักงานพัฒนาสังคมและความมั่นคงของมนุษย์จังหวัด
PAY00261,SOC00405,7814056200513,ภาคิน,ชัยมงคล,หญิง,1990-04-15,ผู้มีรายได้น้อย,เงินช่วยเหลือด้านที่อยู่อาศัย,ที่อยู่อาศัยไม่เหมาะสม,2025-09-17,2025-09-19,2025-09-20,5000,5000,เงินสดผ่านหน่วยงาน,จ่ายครบแล้ว,1,งบประมาณรายจ่ายประจำปี,มหาสารคาม,ศรีพัฒนา,บ้านพักเด็กและครอบครัว
PAY00262,SOC00028,3402808904127,วรเมธ,บุญส่ง,ชาย,1970-12-12,สตรีและครอบครัว,เงินช่วยเหลือด้านที่อยู่อาศัย,ประสบปัญหาค่าครองชีพ,2024-12-28,2024-12-30,2025-01-09,7000,2500,เงินสดผ่านหน่วยงาน,รอจ่ายงวดถัดไป,2,เงินกองทุนส่งเสริมการจัดสวัสดิการสังคม,สมุทรสาคร,ทุ่งสุข,บ้านพักเด็กและครอบครัว
PAY00263,SOC00274,3182451883395,นิภาพร,บัวทอง,หญิง,1959-08-29,ผู้สูงอายุ,เงินช่วยเหลือผู้ประสบปัญหาทางสังคมกรณีฉุกเฉิน,มีภาระหนี้สินและค่าใช้จ่ายจำเป็น,2022-05-01,2022-05-03,2022-05-09,7000,2000,โอนเข้าบัญชีธนาคาร,จ่ายบางส่วน,2,เงินสำรองเพื่อกรณีฉุกเฉิน,ลพบุรี,ทุ่งสุข,ศูนย์คุ้มครองคนไร้ที่พึ่ง
PAY00264,SOC00359,4399706834036,วายุ,เจริญสุข,ชาย,1943-01-05,ผู้สูงอายุ,เงินช่วยเหลือผู้ประสบปัญหาทางสังคมกรณีฉุกเฉิน,มีภาระหนี้สินและค่าใช้จ่ายจำเป็น,2026-02-16,2026-02-20,2026-02-22,7000,7000,เงินสดผ่านหน่วยงาน,จ่ายครบแล้ว,1,เงินกองทุนส่งเสริมการจัดสวัสดิการสังคม,สมุทรสาคร,ศรีพัฒนา,ศูนย์พัฒนาการจัดสวัสดิการสังคมผู้สูงอายุ
PAY00265,SOC00318,3143859781531,นพดล,ธนากุล,ชาย,1996-01-06,ผู้มีรายได้น้อย,เงินช่วยเหลือผู้ประสบปัญหาทางสังคมกรณีฉุกเฉิน,ขาดผู้ดูแลและรายได้,2026-04-11,2026-04-20,2026-04-26,4000,3000,เงินสดผ่านหน่วยงาน,จ่ายครบแล้ว,2,เงินสำรองเพื่อกรณีฉุกเฉิน,สุพรรณบุรี,ศรีพัฒนา,สำนักงานพัฒนาสังคมและความมั่นคงของมนุษย์จังหวัด
PAY00266,SOC00299,6942314063865,มนัสวี,อุดมศักดิ์,ชาย,1963-12-17,ผู้สูงอายุ,เงินสงเคราะห์เด็กในครอบครัวยากจน,ครอบครัวประสบเหตุฉุกเฉิน,2023-05-13,2023-05-21,2023-05-30,3500,3000,พร้อมเพย์,จ่ายบางส่วน,1,งบประมาณรายจ่ายประจำปี,นครศรีธรรมราช,ศรีพัฒนา,ศูนย์คุ้มครองคนไร้ที่พึ่ง
PAY00267,SOC00335,1698987571443,ปราณี,เจริญผล,ชาย,1979-05-14,ผู้มีรายได้น้อย,เงินสงเคราะห์เด็กในครอบครัวยากจน,มีภาระหนี้สินและค่าใช้จ่ายจำเป็น,2026-07-15,2026-07-26,2026-08-01,9500,5500,พร้อมเพย์,จ่ายครบแล้ว,3,เงินกองทุนส่งเสริมการจัดสวัสดิการสังคม,ยะลา,บ้านใหม่,ศูนย์พัฒนาการจัดสวัสดิการสังคมผู้สูงอายุ
PAY00268,SOC00282,8663551263876,เกศรินทร์,เพชรรัตน์,ชาย,1964-07-16,ผู้สูงอายุ,เงินช่วยเหลือผู้ประสบปัญหาทางสังคมกรณีฉุกเฉิน,ที่อยู่อาศัยไม่เหมาะสม,2022-03-29,2022-04-02,2022-04-03,5500,1500,เงินสดผ่านหน่วยงาน,รอจ่ายงวดถัดไป,1,เงินกองทุนส่งเสริมการจัดสวัสดิการสังคม,สระบุรี,บ้านใหม่,บ้านพักเด็กและครอบครัว
PAY00269,SOC00198,6058464981804,สิทธิโชค,ศรีสุข,ชาย,1983-09-26,ผู้ประสบปัญหาทางสังคมทั่วไป,เงินสงเคราะห์เด็กในครอบครัวยากจน,ขาดรายได้สำหรับค่าใช้จ่ายจำเป็น,2023-09-25,2023-10-02,2023-10-04,4000,1000,เงินสดผ่านหน่วยงาน,รอจ่ายงวดถัดไป,2,เงินสำรองเพื่อกรณีฉุกเฉิน,ลพบุรี,เมือง,ศูนย์พัฒนาการจัดสวัสดิการสังคมผู้สูงอายุ
PAY00270,SOC00274,3182451883395,นิภาพร,บัวทอง,หญิง,1959-08-29,ผู้สูงอายุ,เงินช่วยเหลือผู้ประสบปัญหาทางสังคมกรณีฉุกเฉิน,มีภาระหนี้สินและค่าใช้จ่ายจำเป็น,2022-05-03,2022-05-13,2022-05-13,7000,500,พร้อมเพย์,จ่ายครบแล้ว,3,เงินสำรองเพื่อกรณีฉุกเฉิน,ลพบุรี,ทุ่งสุข,บ้านพักเด็กและครอบครัว
PAY00271,SOC00302,7648088792161,ชนิดา,มิตรดี,หญิง,1955-01-24,ผู้สูงอายุ,เงินสงเคราะห์เด็กในครอบครัวยากจน,ขาดผู้ดูแลและรายได้,2026-02-16,2026-02-23,2026-03-05,2500,2500,พร้อมเพย์,จ่ายครบแล้ว,1,งบประมาณรายจ่ายประจำปี,กระบี่,บ้านใหม่,บ้านพักเด็กและครอบครัว
PAY00272,SOC00165,2416387552781,ปกรณ์,คำแสน,ชาย,1980-01-16,ผู้มีรายได้น้อย,เงินสงเคราะห์เด็กในครอบครัวยากจน,ครอบครัวประสบเหตุฉุกเฉิน,2022-02-07,2022-02-15,2022-02-24,3000,1000,พร้อมเพย์,จ่ายครบแล้ว,3,เงินกองทุนส่งเสริมการจัดสวัสดิการสังคม,นราธิวาส,เมือง,บ้านพักเด็กและครอบครัว
PAY00273,SOC00147,7326725368021,วราภรณ์,วิริยะกุล,หญิง,1983-07-06,ผู้ประสบปัญหาทางสังคมทั่วไป,เงินช่วยเหลือด้านที่อยู่อาศัย,ที่อยู่อาศัยไม่เหมาะสม,2024-05-07,2024-05-17,2024-05-25,20000,15500,เงินสดผ่านหน่วยงาน,รอจ่ายงวดถัดไป,2,งบดำเนินงานของหน่วยงาน,ลำพูน,คลองใหม่,สำนักงานพัฒนาสังคมและความมั่นคงของมนุษย์จังหวัด
PAY00274,SOC00371,5782467502958,กาญจนา,ธรรมวงศ์,หญิง,1990-02-27,ผู้ประสบปัญหาทางสังคมทั่วไป,เงินสงเคราะห์ครอบครัวผู้มีรายได้น้อยและผู้ไร้ที่พึ่ง,ขาดรายได้สำหรับค่าใช้จ่ายจำเป็น,2026-08-24,2026-08-24,2026-08-24,6000,500,พร้อมเพย์,จ่ายบางส่วน,1,เงินกองทุนส่งเสริมการจัดสวัสดิการสังคม,ชลบุรี,ศรีราชา,ศูนย์พัฒนาการจัดสวัสดิการสังคมผู้สูงอายุ
PAY00275,SOC00006,6001213402611,ชญานิศ,ประเสริฐศรี,ชาย,2017-04-15,เด็กและเยาวชน,เงินสงเคราะห์ครอบครัวผู้มีรายได้น้อยและผู้ไร้ที่พึ่ง,ประสบปัญหาค่าครองชีพ,2025-01-23,2025-01-30,2025-02-02,2000,2000,เงินสดผ่านหน่วยงาน,จ่ายครบแล้ว,1,งบดำเนินงานของหน่วยงาน,อุตรดิตถ์,ทุ่งสุข,บ้านพักเด็กและครอบครัว
PAY00276,SOC00456,8264653465243,นภัสสร,กุลวงศ์,หญิง,1965-09-21,คนไร้ที่พึ่ง,เงินช่วยเหลือผู้ประสบปัญหาทางสังคมกรณีฉุกเฉิน,ประสบปัญหาค่าครองชีพ,2026-05-02,2026-05-04,2026-05-08,6000,1000,พร้อมเพย์,รอจ่ายงวดถัดไป,1,เงินกองทุนส่งเสริมการจัดสวัสดิการสังคม,เชียงราย,แม่สาย,สำนักงานพัฒนาสังคมและความมั่นคงของมนุษย์จังหวัด
PAY00277,SOC00429,4183267553743,รุจิรา,พิพัฒน์กุล,ชาย,1991-07-17,ผู้ประสบปัญหาทางสังคมทั่วไป,เงินช่วยเหลือด้านที่อยู่อาศัย,ขาดรายได้สำหรับค่าใช้จ่ายจำเป็น,2023-03-09,2023-03-18,2023-03-23,10000,3500,พร้อมเพย์,จ่ายครบแล้ว,2,งบประมาณรายจ่ายประจำปี,พระนครศรีอยุธยา,ทุ่งสุข,บ้านพักเด็กและครอบครัว
PAY00278,SOC00341,8951075466650,สายฝน,รุ่งสวัสดิ์,ชาย,1957-02-03,ผู้ประสบปัญหาทางสังคมทั่วไป,เงินสงเคราะห์ครอบครัวผู้มีรายได้น้อยและผู้ไร้ที่พึ่ง,ครอบครัวประสบเหตุฉุกเฉิน,2024-10-22,2024-10-24,2024-10-24,8500,8500,โอนเข้าบัญชีธนาคาร,จ่ายครบแล้ว,1,เงินสำรองเพื่อกรณีฉุกเฉิน,ชลบุรี,เมืองชลบุรี,สำนักงานพัฒนาสังคมและความมั่นคงของมนุษย์จังหวัด
PAY00279,SOC00068,3019247215310,วิศรุต,ทองสุข,หญิง,2023-08-27,เด็กและเยาวชน,เงินสงเคราะห์คนพิการ,ที่อยู่อาศัยไม่เหมาะสม,2024-02-03,2024-02-09,2024-02-15,2000,2000,พร้อมเพย์,จ่ายครบแล้ว,1,งบประมาณรายจ่ายประจำปี,ลำพูน,ทุ่งสุข,ศูนย์พัฒนาการจัดสวัสดิการสังคมผู้สูงอายุ
PAY00280,SOC00084,4681324578448,ชลธิชา,สืบสาย,หญิง,1976-01-20,ผู้มีรายได้น้อย,เงินช่วยเหลือผู้ประสบปัญหาทางสังคมกรณีฉุกเฉิน,ครอบครัวประสบเหตุฉุกเฉิน,2025-10-30,2025-11-03,2025-11-03,7500,1000,พร้อมเพย์,จ่ายบางส่วน,2,งบประมาณรายจ่ายประจำปี,กาฬสินธุ์,คลองใหม่,สำนักงานพัฒนาสังคมและความมั่นคงของมนุษย์จังหวัด
PAY00281,SOC00128,7411660149308,ณิชา,ศรีสุข,หญิง,1961-08-07,ผู้สูงอายุ,เงินสงเคราะห์เด็กในครอบครัวยากจน,ครอบครัวประสบเหตุฉุกเฉิน,2025-11-24,2025-11-28,2025-12-05,5500,1000,เงินสดผ่านหน่วยงาน,จ่ายบางส่วน,2,งบดำเนินงานของหน่วยงาน,ชลบุรี,พนัสนิคม,ศูนย์พัฒนาการจัดสวัสดิการสังคมผู้สูงอายุ
PAY00282,SOC00073,4336679348757,นิภาพร,อินทร์แก้ว,หญิง,1963-06-27,ผู้สูงอายุ,เงินสงเคราะห์ครอบครัวผู้มีรายได้น้อยและผู้ไร้ที่พึ่ง,มีภาระหนี้สินและค่าใช้จ่ายจำเป็น,2022-01-04,2022-01-13,2022-01-20,10000,10000,เงินสดผ่านหน่วยงาน,จ่ายครบแล้ว,1,เงินกองทุนส่งเสริมการจัดสวัสดิการสังคม,นครปฐม,ศรีพัฒนา,สำนักงานพัฒนาสังคมและความมั่นคงของมนุษย์จังหวัด
PAY00283,SOC00076,1159799300603,ภูริณัฐ,สุทธิวงศ์,ชาย,1989-09-19,สตรีและครอบครัว,เงินสงเคราะห์ครอบครัวผู้มีรายได้น้อยและผู้ไร้ที่พึ่ง,ขาดรายได้สำหรับค่าใช้จ่ายจำเป็น,2026-04-06,2026-04-07,2026-04-11,4000,1000,โอนเข้าบัญชีธนาคาร,จ่ายครบแล้ว,2,งบประมาณรายจ่ายประจำปี,ตราด,หนองกลาง,บ้านพักเด็กและครอบครัว
PAY00284,SOC00129,8687267231381,กรรณิการ์,คงเจริญ,ชาย,1985-08-03,ผู้มีรายได้น้อย,เงินช่วยเหลือผู้ประสบปัญหาทางสังคมกรณีฉุกเฉิน,ครอบครัวประสบเหตุฉุกเฉิน,2025-04-08,2025-04-15,2025-04-20,4500,4500,พร้อมเพย์,จ่ายครบแล้ว,1,เงินกองทุนส่งเสริมการจัดสวัสดิการสังคม,เชียงใหม่,สันทราย,สำนักงานพัฒนาสังคมและความมั่นคงของมนุษย์จังหวัด
PAY00285,SOC00241,6928030073187,ธวัชชัย,อ่อนละมุน,ชาย,1947-01-14,ผู้สูงอายุ,เงินสงเคราะห์เด็กในครอบครัวยากจน,ขาดผู้ดูแลและรายได้,2024-07-16,2024-07-18,2024-07-28,8500,8500,โอนเข้าบัญชีธนาคาร,จ่ายครบแล้ว,1,งบดำเนินงานของหน่วยงาน,ตรัง,หนองกลาง,สำนักงานพัฒนาสังคมและความมั่นคงของมนุษย์จังหวัด
PAY00286,SOC00380,6262808476946,วรรณวิสา,อ่อนละมุน,ชาย,1991-02-03,คนพิการ,เงินสงเคราะห์ผู้สูงอายุในภาวะยากลำบาก,มีภาระหนี้สินและค่าใช้จ่ายจำเป็น,2026-06-16,2026-06-17,2026-06-18,3000,1000,พร้อมเพย์,รอจ่ายงวดถัดไป,1,งบดำเนินงานของหน่วยงาน,สุราษฎร์ธานี,บ้านใหม่,บ้านพักเด็กและครอบครัว
PAY00287,SOC00099,6175018023820,กาญจนา,อ่อนละมุน,หญิง,1954-02-05,ผู้สูงอายุ,เงินสงเคราะห์ครอบครัวผู้มีรายได้น้อยและผู้ไร้ที่พึ่ง,ครอบครัวประสบเหตุฉุกเฉิน,2025-01-19,2025-01-29,2025-02-04,6000,3000,โอนเข้าบัญชีธนาคาร,รอจ่ายงวดถัดไป,1,เงินสำรองเพื่อกรณีฉุกเฉิน,พิษณุโลก,หนองกลาง,ศูนย์คุ้มครองคนไร้ที่พึ่ง
PAY00288,SOC00212,2359976046107,ศิวกร,วัฒนกุล,ชาย,2007-07-18,เด็กและเยาวชน,เงินช่วยเหลือด้านที่อยู่อาศัย,มีค่าใช้จ่ายด้านสุขภาพ,2024-03-31,2024-04-10,2024-04-15,8000,6000,โอนเข้าบัญชีธนาคาร,รอจ่ายงวดถัดไป,2,เงินกองทุนส่งเสริมการจัดสวัสดิการสังคม,สระบุรี,หนองกลาง,ศูนย์คุ้มครองคนไร้ที่พึ่ง
PAY00289,SOC00329,8961874810092,สุรศักดิ์,แสงจันทร์,ชาย,1994-08-18,คนพิการ,เงินสงเคราะห์ผู้สูงอายุในภาวะยากลำบาก,ว่างงานหรือรายได้ลดลง,2025-06-08,2025-06-11,2025-06-11,5500,5000,เงินสดผ่านหน่วยงาน,จ่ายครบแล้ว,2,เงินกองทุนส่งเสริมการจัดสวัสดิการสังคม,เชียงราย,เชียงของ,บ้านพักเด็กและครอบครัว
PAY00290,SOC00358,7571303492442,พรทิพย์,จันทร์ฉาย,หญิง,2005-05-18,คนไร้ที่พึ่ง,เงินช่วยเหลือผู้ประสบปัญหาทางสังคมกรณีฉุกเฉิน,ที่อยู่อาศัยไม่เหมาะสม,2026-08-22,2026-08-24,2026-08-24,8500,8000,พร้อมเพย์,จ่ายครบแล้ว,2,เงินสำรองเพื่อกรณีฉุกเฉิน,เชียงราย,พาน,บ้านพักเด็กและครอบครัว
PAY00291,SOC00188,8338090748565,วิภาวี,อารีรักษ์,หญิง,2019-06-21,คนพิการ,เงินสงเคราะห์คนพิการ,ครอบครัวประสบเหตุฉุกเฉิน,2026-03-06,2026-03-15,2026-03-18,4500,1000,โอนเข้าบัญชีธนาคาร,จ่ายครบแล้ว,2,งบดำเนินงานของหน่วยงาน,แพร่,ศรีพัฒนา,สำนักงานพัฒนาสังคมและความมั่นคงของมนุษย์จังหวัด
PAY00292,SOC00144,1006605605860,ชไมพร,ทองอินทร์,ชาย,1976-02-25,ผู้มีรายได้น้อย,เงินสงเคราะห์เด็กในครอบครัวยากจน,มีภาระหนี้สินและค่าใช้จ่ายจำเป็น,2023-10-30,2023-11-04,2023-11-09,6500,500,เงินสดผ่านหน่วยงาน,จ่ายครบแล้ว,3,เงินกองทุนส่งเสริมการจัดสวัสดิการสังคม,น่าน,หนองกลาง,บ้านพักเด็กและครอบครัว
PAY00293,SOC00044,4871562621101,ณิชา,สมานมิตร,หญิง,1960-05-07,ผู้สูงอายุ,เงินสงเคราะห์เด็กในครอบครัวยากจน,ประสบปัญหาค่าครองชีพ,2026-06-11,2026-06-19,2026-06-28,2000,500,โอนเข้าบัญชีธนาคาร,จ่ายบางส่วน,2,งบประมาณรายจ่ายประจำปี,อุบลราชธานี,เมือง,ศูนย์พัฒนาการจัดสวัสดิการสังคมผู้สูงอายุ
PAY00294,SOC00203,1246854237102,ชยพล,ธรรมรักษ์,หญิง,1940-03-02,ผู้สูงอายุ,เงินสงเคราะห์ผู้สูงอายุในภาวะยากลำบาก,มีค่าใช้จ่ายด้านสุขภาพ,2025-02-05,2025-02-07,2025-02-15,4500,4000,พร้อมเพย์,จ่ายครบแล้ว,2,งบประมาณรายจ่ายประจำปี,สุราษฎร์ธานี,ทุ่งสุข,ศูนย์พัฒนาการจัดสวัสดิการสังคมผู้สูงอายุ
PAY00295,SOC00316,1166285723581,จักรพันธ์,ไชยวงศ์,หญิง,1968-08-10,คนไร้ที่พึ่ง,เงินช่วยเหลือด้านที่อยู่อาศัย,มีภาระหนี้สินและค่าใช้จ่ายจำเป็น,2023-09-13,2023-09-17,2023-09-19,15000,3000,โอนเข้าบัญชีธนาคาร,รอจ่ายงวดถัดไป,2,งบดำเนินงานของหน่วยงาน,สุพรรณบุรี,บ้านใหม่,ศูนย์พัฒนาการจัดสวัสดิการสังคมผู้สูงอายุ
PAY00296,SOC00339,5565278476865,ปวีณา,เกียรติไพศาล,หญิง,2017-07-12,เด็กและเยาวชน,เงินสงเคราะห์ครอบครัวผู้มีรายได้น้อยและผู้ไร้ที่พึ่ง,ครอบครัวประสบเหตุฉุกเฉิน,2024-01-22,2024-01-28,2024-02-07,6500,4000,เงินสดผ่านหน่วยงาน,จ่ายครบแล้ว,2,เงินสำรองเพื่อกรณีฉุกเฉิน,บุรีรัมย์,ศรีพัฒนา,ศูนย์คุ้มครองคนไร้ที่พึ่ง
PAY00297,SOC00098,1114485059968,อรทัย,กุลวงศ์,ชาย,2006-08-14,ผู้ประสบปัญหาทางสังคมทั่วไป,เงินสงเคราะห์เด็กในครอบครัวยากจน,มีค่าใช้จ่ายด้านสุขภาพ,2024-09-12,2024-09-24,2024-10-04,6000,3000,เงินสดผ่านหน่วยงาน,จ่ายครบแล้ว,3,งบดำเนินงานของหน่วยงาน,สงขลา,เมืองสงขลา,ศูนย์พัฒนาการจัดสวัสดิการสังคมผู้สูงอายุ
PAY00298,SOC00063,4809391044889,ชไมพร,สุขใจ,ชาย,1961-02-24,ผู้ประสบปัญหาทางสังคมทั่วไป,เงินช่วยเหลือผู้ประสบปัญหาทางสังคมกรณีฉุกเฉิน,ครอบครัวประสบเหตุฉุกเฉิน,2024-02-27,2024-03-09,2024-03-19,2500,1500,พร้อมเพย์,จ่ายครบแล้ว,2,เงินกองทุนส่งเสริมการจัดสวัสดิการสังคม,ลพบุรี,คลองใหม่,บ้านพักเด็กและครอบครัว
PAY00299,SOC00414,5943697160306,นรินทร์,ศรีประภา,ชาย,1961-04-30,ผู้สูงอายุ,เงินสงเคราะห์ครอบครัวผู้มีรายได้น้อยและผู้ไร้ที่พึ่ง,ขาดรายได้สำหรับค่าใช้จ่ายจำเป็น,2024-10-09,2024-10-12,2024-10-16,4500,2500,โอนเข้าบัญชีธนาคาร,จ่ายครบแล้ว,2,งบประมาณรายจ่ายประจำปี,เชียงใหม่,สันทราย,บ้านพักเด็กและครอบครัว
PAY00300,SOC00229,3053576212498,ธัญชนก,จันทร์หอม,ชาย,1956-06-25,ผู้มีรายได้น้อย,เงินสงเคราะห์เด็กในครอบครัวยากจน,ขาดรายได้สำหรับค่าใช้จ่ายจำเป็น,2022-07-27,2022-08-08,2022-08-10,6500,4500,โอนเข้าบัญชีธนาคาร,จ่ายครบแล้ว,2,เงินกองทุนส่งเสริมการจัดสวัสดิการสังคม,นครศรีธรรมราช,หนองกลาง,สำนักงานพัฒนาสังคมและความมั่นคงของมนุษย์จังหวัด
PAY00301,SOC00121,6602393035595,วราภรณ์,คำดี,ชาย,2004-07-18,ผู้ประสบปัญหาทางสังคมทั่วไป,เงินสงเคราะห์ผู้สูงอายุในภาวะยากลำบาก,ครอบครัวประสบเหตุฉุกเฉิน,2024-10-02,2024-10-13,2024-10-16,3000,2000,โอนเข้าบัญชีธนาคาร,รอจ่ายงวดถัดไป,1,เงินกองทุนส่งเสริมการจัดสวัสดิการสังคม,สุราษฎร์ธานี,เมือง,สำนักงานพัฒนาสังคมและความมั่นคงของมนุษย์จังหวัด
PAY00302,SOC00128,7411660149308,ณิชา,ศรีสุข,หญิง,1961-08-07,ผู้สูงอายุ,เงินสงเคราะห์เด็กในครอบครัวยากจน,ครอบครัวประสบเหตุฉุกเฉิน,2025-11-21,2025-12-03,2025-12-13,5500,500,โอนเข้าบัญชีธนาคาร,จ่ายครบแล้ว,3,งบดำเนินงานของหน่วยงาน,ชลบุรี,พนัสนิคม,สำนักงานพัฒนาสังคมและความมั่นคงของมนุษย์จังหวัด
PAY00303,SOC00430,5895763449804,ธนกฤต,อินทร์แก้ว,หญิง,1952-05-31,ผู้สูงอายุ,เงินช่วยเหลือผู้ประสบปัญหาทางสังคมกรณีฉุกเฉิน,ขาดผู้ดูแลและรายได้,2026-05-22,2026-05-30,2026-06-01,2000,500,เงินสดผ่านหน่วยงาน,รอจ่ายงวดถัดไป,2,งบประมาณรายจ่ายประจำปี,กาฬสินธุ์,ทุ่งสุข,ศูนย์พัฒนาการจัดสวัสดิการสังคมผู้สูงอายุ
PAY00304,SOC00427,6747467430119,ภาคิน,ศรีประภา,ชาย,1953-06-17,คนพิการ,เงินสงเคราะห์คนพิการ,ขาดผู้ดูแลและรายได้,2024-06-21,2024-07-01,2024-07-09,10000,2000,โอนเข้าบัญชีธนาคาร,รอจ่ายงวดถัดไป,2,เงินกองทุนส่งเสริมการจัดสวัสดิการสังคม,เชียงใหม่,สันทราย,ศูนย์พัฒนาการจัดสวัสดิการสังคมผู้สูงอายุ
PAY00305,SOC00469,4369565420184,ภัทรพล,จำปาแก้ว,หญิง,1961-01-01,ผู้ประสบปัญหาทางสังคมทั่วไป,เงินช่วยเหลือด้านที่อยู่อาศัย,มีค่าใช้จ่ายด้านสุขภาพ,2022-06-04,2022-06-05,2022-06-13,15500,1500,เงินสดผ่านหน่วยงาน,จ่ายครบแล้ว,2,งบประมาณรายจ่ายประจำปี,จันทบุรี,ศรีพัฒนา,ศูนย์คุ้มครองคนไร้ที่พึ่ง
PAY00306,SOC00147,7326725368021,วราภรณ์,วิริยะกุล,หญิง,1983-07-06,ผู้ประสบปัญหาทางสังคมทั่วไป,เงินช่วยเหลือด้านที่อยู่อาศัย,ที่อยู่อาศัยไม่เหมาะสม,2024-05-07,2024-05-19,2024-05-20,20000,500,โอนเข้าบัญชีธนาคาร,จ่ายครบแล้ว,3,งบดำเนินงานของหน่วยงาน,ลำพูน,คลองใหม่,ศูนย์พัฒนาการจัดสวัสดิการสังคมผู้สูงอายุ
PAY00307,SOC00305,8400897548223,เมธาวี,ศรีจันทร์,หญิง,1960-06-01,คนพิการ,เงินสงเคราะห์ผู้สูงอายุในภาวะยากลำบาก,มีค่าใช้จ่ายด้านสุขภาพ,2025-02-16,2025-02-18,2025-02-20,10000,10000,พร้อมเพย์,จ่ายครบแล้ว,1,งบประมาณรายจ่ายประจำปี,ปราจีนบุรี,ศรีพัฒนา,ศูนย์คุ้มครองคนไร้ที่พึ่ง
PAY00308,SOC00455,8814171986492,ศิวกร,รัตนกุล,หญิง,1982-09-06,ผู้ประสบปัญหาทางสังคมทั่วไป,เงินสงเคราะห์คนพิการ,ขาดรายได้สำหรับค่าใช้จ่ายจำเป็น,2024-03-07,2024-03-18,2024-03-19,5500,2000,พร้อมเพย์,จ่ายครบแล้ว,2,เงินสำรองเพื่อกรณีฉุกเฉิน,กาฬสินธุ์,เมือง,ศูนย์พัฒนาการจัดสวัสดิการสังคมผู้สูงอายุ
PAY00309,SOC00423,3130178026844,พรชัย,ธนากุล,ชาย,1951-07-24,ผู้สูงอายุ,เงินช่วยเหลือด้านที่อยู่อาศัย,ที่อยู่อาศัยไม่เหมาะสม,2025-12-22,2025-12-24,2026-01-03,16500,16500,โอนเข้าบัญชีธนาคาร,จ่ายครบแล้ว,1,เงินสำรองเพื่อกรณีฉุกเฉิน,ชลบุรี,เมืองชลบุรี,ศูนย์พัฒนาการจัดสวัสดิการสังคมผู้สูงอายุ
PAY00310,SOC00212,2359976046107,ศิวกร,วัฒนกุล,ชาย,2007-07-18,เด็กและเยาวชน,เงินช่วยเหลือด้านที่อยู่อาศัย,มีค่าใช้จ่ายด้านสุขภาพ,2024-03-29,2024-04-02,2024-04-05,8000,1500,โอนเข้าบัญชีธนาคาร,จ่ายครบแล้ว,3,เงินกองทุนส่งเสริมการจัดสวัสดิการสังคม,สระบุรี,หนองกลาง,บ้านพักเด็กและครอบครัว
PAY00311,SOC00456,8264653465243,นภัสสร,กุลวงศ์,หญิง,1965-09-21,คนไร้ที่พึ่ง,เงินช่วยเหลือผู้ประสบปัญหาทางสังคมกรณีฉุกเฉิน,ประสบปัญหาค่าครองชีพ,2026-05-01,2026-05-08,2026-05-09,6000,5000,โอนเข้าบัญชีธนาคาร,จ่ายครบแล้ว,2,เงินกองทุนส่งเสริมการจัดสวัสดิการสังคม,เชียงราย,แม่สาย,บ้านพักเด็กและครอบครัว
PAY00312,SOC00232,7081007014439,พิมพ์ชนก,สมานมิตร,ชาย,2006-03-24,เด็กและเยาวชน,เงินสงเคราะห์ผู้สูงอายุในภาวะยากลำบาก,ขาดผู้ดูแลและรายได้,2024-02-25,2024-03-04,2024-03-12,10000,500,โอนเข้าบัญชีธนาคาร,จ่ายบางส่วน,2,เงินกองทุนส่งเสริมการจัดสวัสดิการสังคม,อุดรธานี,ศรีพัฒนา,ศูนย์พัฒนาการจัดสวัสดิการสังคมผู้สูงอายุ
PAY00313,SOC00460,2916748425911,กฤษฎา,วงศ์คำ,หญิง,1984-10-30,ผู้ประสบปัญหาทางสังคมทั่วไป,เงินช่วยเหลือด้านที่อยู่อาศัย,ครอบครัวประสบเหตุฉุกเฉิน,2025-08-03,2025-08-15,2025-08-23,12500,11000,พร้อมเพย์,จ่ายครบแล้ว,2,เงินกองทุนส่งเสริมการจัดสวัสดิการสังคม,น่าน,หนองกลาง,ศูนย์คุ้มครองคนไร้ที่พึ่ง
PAY00314,SOC00221,3330387062795,ณิชา,ภูมิใจ,ชาย,1988-09-12,คนพิการ,เงินสงเคราะห์ครอบครัวผู้มีรายได้น้อยและผู้ไร้ที่พึ่ง,มีค่าใช้จ่ายด้านสุขภาพ,2022-10-25,2022-11-05,2022-11-09,6500,1000,เงินสดผ่านหน่วยงาน,รอจ่ายงวดถัดไป,1,งบประมาณรายจ่ายประจำปี,อุบลราชธานี,ศรีพัฒนา,ศูนย์คุ้มครองคนไร้ที่พึ่ง
PAY00315,SOC00279,2832727268067,นิตยา,เกียรติไพศาล,หญิง,1960-05-24,ผู้ประสบปัญหาทางสังคมทั่วไป,เงินสงเคราะห์ครอบครัวผู้มีรายได้น้อยและผู้ไร้ที่พึ่ง,ขาดผู้ดูแลและรายได้,2024-03-11,2024-03-21,2024-03-26,3000,1000,พร้อมเพย์,รอจ่ายงวดถัดไป,1,งบประมาณรายจ่ายประจำปี,ราชบุรี,เมือง,สำนักงานพัฒนาสังคมและความมั่นคงของมนุษย์จังหวัด
PAY00316,SOC00464,8621378426380,ณัฐวุฒิ,อุดมศักดิ์,ชาย,1987-09-07,ผู้มีรายได้น้อย,เงินสงเคราะห์คนพิการ,ที่อยู่อาศัยไม่เหมาะสม,2023-10-06,2023-10-14,2023-10-24,6500,5000,โอนเข้าบัญชีธนาคาร,รอจ่ายงวดถัดไป,1,งบประมาณรายจ่ายประจำปี,เชียงใหม่,หางดง,บ้านพักเด็กและครอบครัว
PAY00317,SOC00155,8271399955733,พรชัย,ใจดี,ชาย,1992-05-19,คนไร้ที่พึ่ง,เงินสงเคราะห์เด็กในครอบครัวยากจน,ครอบครัวประสบเหตุฉุกเฉิน,2024-04-11,2024-04-22,2024-04-22,9000,5500,โอนเข้าบัญชีธนาคาร,จ่ายครบแล้ว,2,งบประมาณรายจ่ายประจำปี,สกลนคร,ทุ่งสุข,ศูนย์พัฒนาการจัดสวัสดิการสังคมผู้สูงอายุ
PAY00318,SOC00167,8532637779129,จิราภรณ์,บัวทอง,หญิง,2005-04-10,คนพิการ,เงินสงเคราะห์ผู้สูงอายุในภาวะยากลำบาก,ครอบครัวประสบเหตุฉุกเฉิน,2023-12-06,2023-12-08,2023-12-09,2500,1000,โอนเข้าบัญชีธนาคาร,จ่ายครบแล้ว,3,งบประมาณรายจ่ายประจำปี,ลพบุรี,หนองกลาง,สำนักงานพัฒนาสังคมและความมั่นคงของมนุษย์จังหวัด
PAY00319,SOC00330,3615783861595,รุจิรา,วัฒนศรี,ชาย,1964-08-29,คนไร้ที่พึ่ง,เงินสงเคราะห์คนพิการ,ที่อยู่อาศัยไม่เหมาะสม,2025-06-25,2025-07-06,2025-07-14,4500,4500,พร้อมเพย์,จ่ายครบแล้ว,1,งบประมาณรายจ่ายประจำปี,ชลบุรี,ศรีราชา,ศูนย์พัฒนาการจัดสวัสดิการสังคมผู้สูงอายุ
PAY00320,SOC00118,6891795333954,เกศรินทร์,เรืองฤทธิ์,ชาย,1984-05-07,ผู้มีรายได้น้อย,เงินช่วยเหลือด้านที่อยู่อาศัย,ที่อยู่อาศัยไม่เหมาะสม,2026-03-19,2026-03-25,2026-04-04,17000,16000,โอนเข้าบัญชีธนาคาร,จ่ายบางส่วน,1,เงินกองทุนส่งเสริมการจัดสวัสดิการสังคม,ปทุมธานี,ธัญบุรี,บ้านพักเด็กและครอบครัว
PAY00321,SOC00100,5931255930678,นรินทร์,บุญส่ง,ชาย,1939-12-10,ผู้สูงอายุ,เงินช่วยเหลือด้านที่อยู่อาศัย,ขาดรายได้สำหรับค่าใช้จ่ายจำเป็น,2024-08-24,2024-09-04,2024-09-14,3000,3000,โอนเข้าบัญชีธนาคาร,จ่ายครบแล้ว,1,เงินสำรองเพื่อกรณีฉุกเฉิน,ขอนแก่น,น้ำพอง,ศูนย์พัฒนาการจัดสวัสดิการสังคมผู้สูงอายุ
PAY00322,SOC00233,6021285211145,รวิศ,ศรีสุข,หญิง,1977-08-15,ผู้ประสบปัญหาทางสังคมทั่วไป,เงินช่วยเหลือด้านที่อยู่อาศัย,มีค่าใช้จ่ายด้านสุขภาพ,2023-12-06,2023-12-15,2023-12-21,6500,5000,เงินสดผ่านหน่วยงาน,จ่ายครบแล้ว,2,เงินสำรองเพื่อกรณีฉุกเฉิน,ปราจีนบุรี,หนองกลาง,บ้านพักเด็กและครอบครัว
PAY00323,SOC00123,3019247215310,วิศรุต,ทองสุข,หญิง,2023-08-27,เด็กและเยาวชน,เงินช่วยเหลือผู้ประสบปัญหาทางสังคมกรณีฉุกเฉิน,ประสบปัญหาค่าครองชีพ,2025-01-08,2025-01-20,2025-01-23,4000,3500,เงินสดผ่านหน่วยงาน,รอจ่ายงวดถัดไป,1,เงินสำรองเพื่อกรณีฉุกเฉิน,ตรัง,ศรีพัฒนา,บ้านพักเด็กและครอบครัว
PAY00324,SOC00246,2241236265259,รัชนี,เกษมสุข,หญิง,1955-06-16,ผู้สูงอายุ,เงินสงเคราะห์ครอบครัวผู้มีรายได้น้อยและผู้ไร้ที่พึ่ง,ครอบครัวประสบเหตุฉุกเฉิน,2024-01-26,2024-02-02,2024-02-03,8000,8000,เงินสดผ่านหน่วยงาน,จ่ายครบแล้ว,1,งบดำเนินงานของหน่วยงาน,ลพบุรี,บ้านใหม่,สำนักงานพัฒนาสังคมและความมั่นคงของมนุษย์จังหวัด
PAY00325,SOC00396,8147042507422,นภัสสร,ธรรมคุณ,ชาย,2006-10-12,ผู้ประสบปัญหาทางสังคมทั่วไป,เงินสงเคราะห์เด็กในครอบครัวยากจน,ที่อยู่อาศัยไม่เหมาะสม,2026-01-24,2026-02-04,2026-02-11,2500,500,โอนเข้าบัญชีธนาคาร,จ่ายครบแล้ว,3,งบดำเนินงานของหน่วยงาน,ปทุมธานี,คลองหลวง,ศูนย์คุ้มครองคนไร้ที่พึ่ง
PAY00326,SOC00458,5802602110896,เกศรินทร์,พิทักษ์วงศ์,หญิง,2016-09-17,เด็กและเยาวชน,เงินสงเคราะห์ครอบครัวผู้มีรายได้น้อยและผู้ไร้ที่พึ่ง,ประสบปัญหาค่าครองชีพ,2025-01-25,2025-01-31,2025-02-09,4500,1500,พร้อมเพย์,จ่ายครบแล้ว,3,เงินสำรองเพื่อกรณีฉุกเฉิน,นนทบุรี,เมืองนนทบุรี,ศูนย์พัฒนาการจัดสวัสดิการสังคมผู้สูงอายุ
PAY00327,SOC00119,8812706443560,วชิรวิทย์,เกษมสุข,หญิง,1963-06-01,ผู้สูงอายุ,เงินสงเคราะห์ครอบครัวผู้มีรายได้น้อยและผู้ไร้ที่พึ่ง,มีภาระหนี้สินและค่าใช้จ่ายจำเป็น,2026-02-26,2026-03-01,2026-03-07,3000,1000,พร้อมเพย์,จ่ายครบแล้ว,3,เงินกองทุนส่งเสริมการจัดสวัสดิการสังคม,อุบลราชธานี,ศรีพัฒนา,ศูนย์พัฒนาการจัดสวัสดิการสังคมผู้สูงอายุ
PAY00328,SOC00121,6602393035595,วราภรณ์,คำดี,ชาย,2004-07-18,ผู้ประสบปัญหาทางสังคมทั่วไป,เงินสงเคราะห์ผู้สูงอายุในภาวะยากลำบาก,ครอบครัวประสบเหตุฉุกเฉิน,2024-10-02,2024-10-08,2024-10-11,3000,500,โอนเข้าบัญชีธนาคาร,จ่ายบางส่วน,2,เงินกองทุนส่งเสริมการจัดสวัสดิการสังคม,สุราษฎร์ธานี,เมือง,บ้านพักเด็กและครอบครัว
PAY00329,SOC00324,2689565144790,ณิชา,แสงเพชร,ชาย,2000-09-16,คนพิการ,เงินช่วยเหลือผู้ประสบปัญหาทางสังคมกรณีฉุกเฉิน,ขาดรายได้สำหรับค่าใช้จ่ายจำเป็น,2024-07-31,2024-08-05,2024-08-11,6000,5500,โอนเข้าบัญชีธนาคาร,จ่ายครบแล้ว,2,เงินสำรองเพื่อกรณีฉุกเฉิน,สงขลา,สะเดา,บ้านพักเด็กและครอบครัว
PAY00330,SOC00410,2510068330946,วรัญญา,ธรรมรักษ์,ชาย,1977-08-10,ผู้ประสบปัญหาทางสังคมทั่วไป,เงินสงเคราะห์คนพิการ,ที่อยู่อาศัยไม่เหมาะสม,2023-04-16,2023-04-24,2023-04-25,4000,500,โอนเข้าบัญชีธนาคาร,จ่ายบางส่วน,2,เงินสำรองเพื่อกรณีฉุกเฉิน,ปราจีนบุรี,เมือง,ศูนย์คุ้มครองคนไร้ที่พึ่ง
PAY00331,SOC00110,1153238619508,จิราภรณ์,ศรีนวล,หญิง,2010-11-23,เด็กและเยาวชน,เงินช่วยเหลือด้านที่อยู่อาศัย,มีค่าใช้จ่ายด้านสุขภาพ,2025-01-09,2025-01-11,2025-01-15,19500,19500,เงินสดผ่านหน่วยงาน,จ่ายครบแล้ว,1,งบดำเนินงานของหน่วยงาน,สระแก้ว,ศรีพัฒนา,สำนักงานพัฒนาสังคมและความมั่นคงของมนุษย์จังหวัด
PAY00332,SOC00449,5771373915310,สิริกานต์,ชำนาญกิจ,ชาย,1961-11-28,ผู้สูงอายุ,เงินสงเคราะห์เด็กในครอบครัวยากจน,มีภาระหนี้สินและค่าใช้จ่ายจำเป็น,2022-08-27,2022-08-30,2022-09-02,7000,7000,โอนเข้าบัญชีธนาคาร,จ่ายครบแล้ว,1,เงินสำรองเพื่อกรณีฉุกเฉิน,นราธิวาส,ทุ่งสุข,ศูนย์พัฒนาการจัดสวัสดิการสังคมผู้สูงอายุ
PAY00333,SOC00430,5895763449804,ธนกฤต,อินทร์แก้ว,หญิง,1952-05-31,ผู้สูงอายุ,เงินช่วยเหลือผู้ประสบปัญหาทางสังคมกรณีฉุกเฉิน,ขาดผู้ดูแลและรายได้,2026-05-22,2026-05-23,2026-06-01,2000,500,พร้อมเพย์,จ่ายครบแล้ว,3,งบประมาณรายจ่ายประจำปี,กาฬสินธุ์,ทุ่งสุข,สำนักงานพัฒนาสังคมและความมั่นคงของมนุษย์จังหวัด
PAY00334,SOC00402,4475392043321,ลลิตา,นพคุณ,หญิง,2005-06-16,สตรีและครอบครัว,เงินช่วยเหลือด้านที่อยู่อาศัย,ที่อยู่อาศัยไม่เหมาะสม,2022-03-02,2022-03-10,2022-03-20,15000,4500,พร้อมเพย์,จ่ายบางส่วน,1,เงินสำรองเพื่อกรณีฉุกเฉิน,ปราจีนบุรี,ศรีพัฒนา,ศูนย์พัฒนาการจัดสวัสดิการสังคมผู้สูงอายุ
PAY00335,SOC00283,5641634976130,นรินทร์,สวัสดิผล,ชาย,2024-12-15,เด็กและเยาวชน,เงินสงเคราะห์ครอบครัวผู้มีรายได้น้อยและผู้ไร้ที่พึ่ง,ว่างงานหรือรายได้ลดลง,2022-11-26,2022-11-29,2022-11-29,7500,5500,พร้อมเพย์,จ่ายครบแล้ว,2,งบดำเนินงานของหน่วยงาน,ราชบุรี,ทุ่งสุข,บ้านพักเด็กและครอบครัว
PAY00336,SOC00197,3083468472662,วาสนา,เกียรติไพศาล,ชาย,1985-11-16,คนพิการ,เงินสงเคราะห์ครอบครัวผู้มีรายได้น้อยและผู้ไร้ที่พึ่ง,ประสบปัญหาค่าครองชีพ,2023-11-27,2023-12-07,2023-12-09,8500,8500,โอนเข้าบัญชีธนาคาร,จ่ายครบแล้ว,1,เงินสำรองเพื่อกรณีฉุกเฉิน,นครปฐม,ทุ่งสุข,ศูนย์คุ้มครองคนไร้ที่พึ่ง
PAY00337,SOC00163,5908646124684,สุภาวดี,พิทักษ์วงศ์,ชาย,1961-05-19,ผู้มีรายได้น้อย,เงินสงเคราะห์คนพิการ,ว่างงานหรือรายได้ลดลง,2022-07-15,2022-07-21,2022-07-28,4500,3000,พร้อมเพย์,จ่ายครบแล้ว,2,เงินสำรองเพื่อกรณีฉุกเฉิน,สุรินทร์,บ้านใหม่,บ้านพักเด็กและครอบครัว
PAY00338,SOC00303,2471753028534,บุษบา,เพิ่มพูน,หญิง,1977-11-17,ผู้ประสบปัญหาทางสังคมทั่วไป,เงินช่วยเหลือผู้ประสบปัญหาทางสังคมกรณีฉุกเฉิน,ขาดรายได้สำหรับค่าใช้จ่ายจำเป็น,2026-03-03,2026-03-10,2026-03-12,9000,4500,โอนเข้าบัญชีธนาคาร,จ่ายครบแล้ว,2,งบดำเนินงานของหน่วยงาน,พิจิตร,บ้านใหม่,ศูนย์คุ้มครองคนไร้ที่พึ่ง
PAY00339,SOC00287,2094396151876,เกศรินทร์,พึ่งบุญ,หญิง,1982-11-13,คนพิการ,เงินช่วยเหลือด้านที่อยู่อาศัย,ครอบครัวประสบเหตุฉุกเฉิน,2026-03-13,2026-03-15,2026-03-24,10000,10000,พร้อมเพย์,จ่ายครบแล้ว,1,เงินกองทุนส่งเสริมการจัดสวัสดิการสังคม,สกลนคร,ศรีพัฒนา,ศูนย์คุ้มครองคนไร้ที่พึ่ง
PAY00340,SOC00418,3637347331594,เบญจพร,แสงทอง,ชาย,1980-08-10,ผู้ประสบปัญหาทางสังคมทั่วไป,เงินสงเคราะห์ผู้สูงอายุในภาวะยากลำบาก,ว่างงานหรือรายได้ลดลง,2024-07-07,2024-07-09,2024-07-17,4500,4500,พร้อมเพย์,จ่ายครบแล้ว,1,เงินสำรองเพื่อกรณีฉุกเฉิน,สระบุรี,คลองใหม่,สำนักงานพัฒนาสังคมและความมั่นคงของมนุษย์จังหวัด
PAY00341,SOC00472,5846260039739,อาทิตย์,นาคะ,ชาย,2011-12-10,เด็กและเยาวชน,เงินสงเคราะห์ผู้สูงอายุในภาวะยากลำบาก,ประสบปัญหาค่าครองชีพ,2026-06-13,2026-06-24,2026-06-25,3000,3000,พร้อมเพย์,จ่ายครบแล้ว,1,เงินสำรองเพื่อกรณีฉุกเฉิน,นนทบุรี,เมืองนนทบุรี,สำนักงานพัฒนาสังคมและความมั่นคงของมนุษย์จังหวัด
PAY00342,SOC00168,7714071128675,ปัญญา,สุนทรวงศ์,ชาย,2006-11-03,ผู้ประสบปัญหาทางสังคมทั่วไป,เงินสงเคราะห์ผู้สูงอายุในภาวะยากลำบาก,ที่อยู่อาศัยไม่เหมาะสม,2025-04-12,2025-04-16,2025-04-17,8500,3000,โอนเข้าบัญชีธนาคาร,จ่ายครบแล้ว,3,เงินสำรองเพื่อกรณีฉุกเฉิน,สระบุรี,บ้านใหม่,ศูนย์คุ้มครองคนไร้ที่พึ่ง
PAY00343,SOC00033,8876900213829,สุรศักดิ์,อ่อนละมุน,ชาย,1985-09-20,ผู้ประสบปัญหาทางสังคมทั่วไป,เงินสงเคราะห์ครอบครัวผู้มีรายได้น้อยและผู้ไร้ที่พึ่ง,ที่อยู่อาศัยไม่เหมาะสม,2026-05-13,2026-05-14,2026-05-16,7000,7000,เงินสดผ่านหน่วยงาน,จ่ายครบแล้ว,1,งบดำเนินงานของหน่วยงาน,สงขลา,สะเดา,บ้านพักเด็กและครอบครัว
PAY00344,SOC00397,4079131974271,สิริกานต์,โชคชัย,ชาย,2006-09-03,เด็กและเยาวชน,เงินสงเคราะห์คนพิการ,ว่างงานหรือรายได้ลดลง,2025-01-10,2025-01-11,2025-01-17,9500,9500,พร้อมเพย์,จ่ายครบแล้ว,1,เงินกองทุนส่งเสริมการจัดสวัสดิการสังคม,อุดรธานี,บ้านใหม่,บ้านพักเด็กและครอบครัว
PAY00345,SOC00191,4690478151303,สิทธิโชค,สมานมิตร,ชาย,1946-09-13,ผู้สูงอายุ,เงินช่วยเหลือด้านที่อยู่อาศัย,มีค่าใช้จ่ายด้านสุขภาพ,2023-10-25,2023-10-29,2023-10-30,19500,1000,เงินสดผ่านหน่วยงาน,จ่ายบางส่วน,2,งบประมาณรายจ่ายประจำปี,สระบุรี,หนองกลาง,ศูนย์คุ้มครองคนไร้ที่พึ่ง
PAY00346,SOC00365,1319209136948,นิตยา,แสงจันทร์,หญิง,1966-01-05,ผู้ประสบปัญหาทางสังคมทั่วไป,เงินสงเคราะห์ครอบครัวผู้มีรายได้น้อยและผู้ไร้ที่พึ่ง,ครอบครัวประสบเหตุฉุกเฉิน,2026-01-04,2026-01-09,2026-01-09,6500,6500,พร้อมเพย์,จ่ายครบแล้ว,1,งบประมาณรายจ่ายประจำปี,ราชบุรี,เมือง,ศูนย์คุ้มครองคนไร้ที่พึ่ง
PAY00347,SOC00378,4781461527241,ชยุต,เข็มทอง,ชาย,2006-11-01,เด็กและเยาวชน,เงินช่วยเหลือด้านที่อยู่อาศัย,ประสบปัญหาค่าครองชีพ,2023-02-10,2023-02-12,2023-02-13,10000,4000,เงินสดผ่านหน่วยงาน,จ่ายครบแล้ว,2,เงินสำรองเพื่อกรณีฉุกเฉิน,พิจิตร,ทุ่งสุข,ศูนย์คุ้มครองคนไร้ที่พึ่ง
PAY00348,SOC00195,6720112086082,กรรณิการ์,แสงจันทร์,ชาย,2003-04-07,เด็กและเยาวชน,เงินสงเคราะห์ครอบครัวผู้มีรายได้น้อยและผู้ไร้ที่พึ่ง,ว่างงานหรือรายได้ลดลง,2023-05-08,2023-05-14,2023-05-17,4000,3500,เงินสดผ่านหน่วยงาน,จ่ายครบแล้ว,2,งบประมาณรายจ่ายประจำปี,อุตรดิตถ์,บ้านใหม่,ศูนย์คุ้มครองคนไร้ที่พึ่ง
PAY00349,SOC00294,5231827650698,กิตติพงศ์,บุญเกิด,หญิง,1959-07-05,ผู้สูงอายุ,เงินสงเคราะห์ครอบครัวผู้มีรายได้น้อยและผู้ไร้ที่พึ่ง,ประสบปัญหาค่าครองชีพ,2025-10-30,2025-11-08,2025-11-11,8500,1500,เงินสดผ่านหน่วยงาน,รอจ่ายงวดถัดไป,1,เงินกองทุนส่งเสริมการจัดสวัสดิการสังคม,นนทบุรี,บางใหญ่,ศูนย์พัฒนาการจัดสวัสดิการสังคมผู้สูงอายุ
PAY00350,SOC00035,4010769542037,สมฤดี,ทรัพย์เจริญ,หญิง,2022-12-05,เด็กและเยาวชน,เงินสงเคราะห์ครอบครัวผู้มีรายได้น้อยและผู้ไร้ที่พึ่ง,ประสบปัญหาค่าครองชีพ,2025-09-13,2025-09-20,2025-09-28,4000,4000,เงินสดผ่านหน่วยงาน,จ่ายครบแล้ว,1,เงินกองทุนส่งเสริมการจัดสวัสดิการสังคม,เชียงราย,เมืองเชียงราย,ศูนย์พัฒนาการจัดสวัสดิการสังคมผู้สูงอายุ
PAY00351,SOC00135,2443182373342,ธนา,บุญช่วย,หญิง,2020-04-12,เด็กและเยาวชน,เงินสงเคราะห์เด็กในครอบครัวยากจน,ว่างงานหรือรายได้ลดลง,2025-08-23,2025-09-03,2025-09-11,8500,3000,โอนเข้าบัญชีธนาคาร,รอจ่ายงวดถัดไป,1,งบประมาณรายจ่ายประจำปี,สุพรรณบุรี,บ้านใหม่,ศูนย์คุ้มครองคนไร้ที่พึ่ง
PAY00352,SOC00394,7892267323974,นันทนา,ร่มเย็น,หญิง,2020-12-04,เด็กและเยาวชน,เงินสงเคราะห์คนพิการ,ขาดผู้ดูแลและรายได้,2026-06-09,2026-06-11,2026-06-18,6000,1500,เงินสดผ่านหน่วยงาน,จ่ายบางส่วน,1,เงินสำรองเพื่อกรณีฉุกเฉิน,ขอนแก่น,ชุมแพ,บ้านพักเด็กและครอบครัว
PAY00353,SOC00221,3330387062795,ณิชา,ภูมิใจ,ชาย,1988-09-12,คนพิการ,เงินสงเคราะห์ครอบครัวผู้มีรายได้น้อยและผู้ไร้ที่พึ่ง,มีค่าใช้จ่ายด้านสุขภาพ,2022-10-28,2022-11-09,2022-11-19,6500,5500,พร้อมเพย์,จ่ายครบแล้ว,2,งบประมาณรายจ่ายประจำปี,อุบลราชธานี,ศรีพัฒนา,ศูนย์คุ้มครองคนไร้ที่พึ่ง
PAY00354,SOC00477,3352295168467,ชนิดา,จำปาแก้ว,หญิง,2020-07-02,เด็กและเยาวชน,เงินช่วยเหลือด้านที่อยู่อาศัย,ครอบครัวประสบเหตุฉุกเฉิน,2023-06-16,2023-06-19,2023-06-26,15000,13000,พร้อมเพย์,จ่ายครบแล้ว,3,งบดำเนินงานของหน่วยงาน,ชลบุรี,เมืองชลบุรี,บ้านพักเด็กและครอบครัว
PAY00355,SOC00444,6154240759810,พัชรินทร์,มิตรดี,หญิง,1941-09-05,ผู้สูงอายุ,เงินช่วยเหลือผู้ประสบปัญหาทางสังคมกรณีฉุกเฉิน,ที่อยู่อาศัยไม่เหมาะสม,2022-06-20,2022-06-30,2022-07-09,7500,1000,โอนเข้าบัญชีธนาคาร,จ่ายครบแล้ว,3,เงินกองทุนส่งเสริมการจัดสวัสดิการสังคม,สุรินทร์,บ้านใหม่,บ้านพักเด็กและครอบครัว
PAY00356,SOC00323,3411108989471,วราภรณ์,พรมศรี,หญิง,2011-10-06,เด็กและเยาวชน,เงินสงเคราะห์คนพิการ,ขาดรายได้สำหรับค่าใช้จ่ายจำเป็น,2025-12-08,2025-12-19,2025-12-25,6000,500,เงินสดผ่านหน่วยงาน,รอจ่ายงวดถัดไป,2,งบประมาณรายจ่ายประจำปี,อุบลราชธานี,คลองใหม่,ศูนย์คุ้มครองคนไร้ที่พึ่ง
PAY00357,SOC00118,6891795333954,เกศรินทร์,เรืองฤทธิ์,ชาย,1984-05-07,ผู้มีรายได้น้อย,เงินช่วยเหลือด้านที่อยู่อาศัย,ที่อยู่อาศัยไม่เหมาะสม,2026-03-18,2026-03-22,2026-04-01,17000,500,โอนเข้าบัญชีธนาคาร,รอจ่ายงวดถัดไป,2,เงินกองทุนส่งเสริมการจัดสวัสดิการสังคม,ปทุมธานี,ธัญบุรี,สำนักงานพัฒนาสังคมและความมั่นคงของมนุษย์จังหวัด
PAY00358,SOC00140,2630581397593,กัลยา,พูลเพิ่ม,ชาย,2020-06-19,คนพิการ,เงินช่วยเหลือผู้ประสบปัญหาทางสังคมกรณีฉุกเฉิน,ว่างงานหรือรายได้ลดลง,2022-09-10,2022-09-18,2022-09-27,9000,9000,เงินสดผ่านหน่วยงาน,จ่ายครบแล้ว,1,งบประมาณรายจ่ายประจำปี,ชลบุรี,เมืองชลบุรี,ศูนย์คุ้มครองคนไร้ที่พึ่ง
PAY00359,SOC00194,6063912569281,ศุภชัย,จันทร์หอม,ชาย,1997-12-25,คนพิการ,เงินสงเคราะห์คนพิการ,ที่อยู่อาศัยไม่เหมาะสม,2024-02-08,2024-02-10,2024-02-12,7500,2000,พร้อมเพย์,จ่ายครบแล้ว,2,เงินกองทุนส่งเสริมการจัดสวัสดิการสังคม,สงขลา,หาดใหญ่,ศูนย์พัฒนาการจัดสวัสดิการสังคมผู้สูงอายุ
PAY00360,SOC00066,7881006384375,ชยพล,แสนดี,ชาย,1966-05-08,ผู้สูงอายุ,เงินสงเคราะห์เด็กในครอบครัวยากจน,มีค่าใช้จ่ายด้านสุขภาพ,2025-08-01,2025-08-02,2025-08-09,6500,4000,พร้อมเพย์,จ่ายครบแล้ว,2,งบประมาณรายจ่ายประจำปี,ระยอง,คลองใหม่,ศูนย์คุ้มครองคนไร้ที่พึ่ง
PAY00361,SOC00190,2110407965764,ลลิตา,ศรีนวล,ชาย,2012-12-23,เด็กและเยาวชน,เงินสงเคราะห์ครอบครัวผู้มีรายได้น้อยและผู้ไร้ที่พึ่ง,ที่อยู่อาศัยไม่เหมาะสม,2023-04-06,2023-04-12,2023-04-13,2500,2000,โอนเข้าบัญชีธนาคาร,รอจ่ายงวดถัดไป,1,เงินกองทุนส่งเสริมการจัดสวัสดิการสังคม,กระบี่,บ้านใหม่,ศูนย์คุ้มครองคนไร้ที่พึ่ง
PAY00362,SOC00102,4912356015731,ธีรวัฒน์,นาคทอง,ชาย,1969-02-14,ผู้ประสบปัญหาทางสังคมทั่วไป,เงินสงเคราะห์ครอบครัวผู้มีรายได้น้อยและผู้ไร้ที่พึ่ง,ขาดผู้ดูแลและรายได้,2023-06-16,2023-06-25,2023-06-29,6000,2500,พร้อมเพย์,รอจ่ายงวดถัดไป,2,เงินกองทุนส่งเสริมการจัดสวัสดิการสังคม,กรุงเทพมหานคร,บางเขน,ศูนย์พัฒนาการจัดสวัสดิการสังคมผู้สูงอายุ
PAY00363,SOC00385,3063114888172,ปวีณา,มีทรัพย์,ชาย,1983-11-28,สตรีและครอบครัว,เงินช่วยเหลือด้านที่อยู่อาศัย,ว่างงานหรือรายได้ลดลง,2025-09-04,2025-09-14,2025-09-21,13500,13500,โอนเข้าบัญชีธนาคาร,จ่ายครบแล้ว,1,งบดำเนินงานของหน่วยงาน,พัทลุง,บ้านใหม่,บ้านพักเด็กและครอบครัว
PAY00364,SOC00282,8663551263876,เกศรินทร์,เพชรรัตน์,ชาย,1964-07-16,ผู้สูงอายุ,เงินช่วยเหลือผู้ประสบปัญหาทางสังคมกรณีฉุกเฉิน,ที่อยู่อาศัยไม่เหมาะสม,2022-03-31,2022-04-04,2022-04-07,5500,3500,เงินสดผ่านหน่วยงาน,รอจ่ายงวดถัดไป,2,เงินกองทุนส่งเสริมการจัดสวัสดิการสังคม,สระบุรี,บ้านใหม่,ศูนย์คุ้มครองคนไร้ที่พึ่ง
PAY00365,SOC00322,5944550586756,วรเมธ,มั่นคง,หญิง,1986-01-07,สตรีและครอบครัว,เงินสงเคราะห์ครอบครัวผู้มีรายได้น้อยและผู้ไร้ที่พึ่ง,ประสบปัญหาค่าครองชีพ,2022-02-14,2022-02-26,2022-03-08,4500,3500,พร้อมเพย์,จ่ายบางส่วน,1,เงินสำรองเพื่อกรณีฉุกเฉิน,น่าน,หนองกลาง,ศูนย์คุ้มครองคนไร้ที่พึ่ง
PAY00366,SOC00201,7104762217057,ปกรณ์,สวัสดี,ชาย,2023-10-31,เด็กและเยาวชน,เงินสงเคราะห์ครอบครัวผู้มีรายได้น้อยและผู้ไร้ที่พึ่ง,ที่อยู่อาศัยไม่เหมาะสม,2026-04-03,2026-04-09,2026-04-12,10000,500,โอนเข้าบัญชีธนาคาร,รอจ่ายงวดถัดไป,2,งบดำเนินงานของหน่วยงาน,ร้อยเอ็ด,ศรีพัฒนา,ศูนย์พัฒนาการจัดสวัสดิการสังคมผู้สูงอายุ
PAY00367,SOC00264,3892952290471,พีรพัฒน์,บุญธรรม,หญิง,1977-03-13,ผู้มีรายได้น้อย,เงินช่วยเหลือผู้ประสบปัญหาทางสังคมกรณีฉุกเฉิน,ครอบครัวประสบเหตุฉุกเฉิน,2022-11-24,2022-12-01,2022-12-05,5000,5000,พร้อมเพย์,จ่ายครบแล้ว,1,งบประมาณรายจ่ายประจำปี,สมุทรปราการ,บ้านใหม่,สำนักงานพัฒนาสังคมและความมั่นคงของมนุษย์จังหวัด
PAY00368,SOC00220,8112974341114,อริสรา,นิ่มนวล,ชาย,1994-03-16,คนพิการ,เงินช่วยเหลือด้านที่อยู่อาศัย,ประสบปัญหาค่าครองชีพ,2026-03-02,2026-03-08,2026-03-18,11500,11500,พร้อมเพย์,จ่ายครบแล้ว,1,งบดำเนินงานของหน่วยงาน,จันทบุรี,หนองกลาง,สำนักงานพัฒนาสังคมและความมั่นคงของมนุษย์จังหวัด
PAY00369,SOC00255,8147042507422,นภัสสร,ธรรมคุณ,ชาย,2006-10-12,ผู้ประสบปัญหาทางสังคมทั่วไป,เงินสงเคราะห์คนพิการ,ขาดผู้ดูแลและรายได้,2024-02-14,2024-02-15,2024-02-22,8000,3500,พร้อมเพย์,จ่ายครบแล้ว,2,เงินสำรองเพื่อกรณีฉุกเฉิน,ราชบุรี,ทุ่งสุข,บ้านพักเด็กและครอบครัว
PAY00370,SOC00254,4703764944885,วาสนา,แสงทอง,ชาย,2004-02-02,เด็กและเยาวชน,เงินสงเคราะห์ครอบครัวผู้มีรายได้น้อยและผู้ไร้ที่พึ่ง,ครอบครัวประสบเหตุฉุกเฉิน,2026-02-10,2026-02-20,2026-02-21,5500,2500,เงินสดผ่านหน่วยงาน,รอจ่ายงวดถัดไป,1,งบประมาณรายจ่ายประจำปี,ฉะเชิงเทรา,หนองกลาง,สำนักงานพัฒนาสังคมและความมั่นคงของมนุษย์จังหวัด
PAY00371,SOC00126,7796041239748,นิตยา,ประเสริฐศรี,หญิง,2000-05-29,ผู้ประสบปัญหาทางสังคมทั่วไป,เงินสงเคราะห์เด็กในครอบครัวยากจน,ว่างงานหรือรายได้ลดลง,2026-07-03,2026-07-08,2026-07-12,9000,1500,พร้อมเพย์,จ่ายครบแล้ว,2,เงินสำรองเพื่อกรณีฉุกเฉิน,จันทบุรี,เมือง,ศูนย์คุ้มครองคนไร้ที่พึ่ง
PAY00372,SOC00099,6175018023820,กาญจนา,อ่อนละมุน,หญิง,1954-02-05,ผู้สูงอายุ,เงินสงเคราะห์ครอบครัวผู้มีรายได้น้อยและผู้ไร้ที่พึ่ง,ครอบครัวประสบเหตุฉุกเฉิน,2025-01-21,2025-01-26,2025-01-30,6000,3000,โอนเข้าบัญชีธนาคาร,จ่ายครบแล้ว,2,เงินสำรองเพื่อกรณีฉุกเฉิน,พิษณุโลก,หนองกลาง,ศูนย์คุ้มครองคนไร้ที่พึ่ง
PAY00373,SOC00109,7193309946432,ณัฐพงษ์,ธรรมคุณ,ชาย,1982-04-23,ผู้ประสบปัญหาทางสังคมทั่วไป,เงินสงเคราะห์เด็กในครอบครัวยากจน,ขาดรายได้สำหรับค่าใช้จ่ายจำเป็น,2023-09-13,2023-09-21,2023-09-29,7500,1000,เงินสดผ่านหน่วยงาน,จ่ายบางส่วน,2,เงินกองทุนส่งเสริมการจัดสวัสดิการสังคม,อุตรดิตถ์,ศรีพัฒนา,ศูนย์พัฒนาการจัดสวัสดิการสังคมผู้สูงอายุ
PAY00374,SOC00049,7232545485018,ศุภชัย,จิตมั่น,ชาย,1982-04-11,ผู้มีรายได้น้อย,เงินช่วยเหลือผู้ประสบปัญหาทางสังคมกรณีฉุกเฉิน,ขาดผู้ดูแลและรายได้,2022-03-24,2022-03-28,2022-03-29,8000,2500,เงินสดผ่านหน่วยงาน,จ่ายบางส่วน,1,เงินสำรองเพื่อกรณีฉุกเฉิน,ลพบุรี,ทุ่งสุข,สำนักงานพัฒนาสังคมและความมั่นคงของมนุษย์จังหวัด
PAY00375,SOC00028,3402808904127,วรเมธ,บุญส่ง,ชาย,1970-12-12,สตรีและครอบครัว,เงินช่วยเหลือด้านที่อยู่อาศัย,ประสบปัญหาค่าครองชีพ,2024-12-25,2024-12-28,2024-12-30,7000,1000,เงินสดผ่านหน่วยงาน,จ่ายครบแล้ว,3,เงินกองทุนส่งเสริมการจัดสวัสดิการสังคม,สมุทรสาคร,ทุ่งสุข,ศูนย์คุ้มครองคนไร้ที่พึ่ง
PAY00376,SOC00383,6822597867864,พัชราภา,วัฒนชัย,ชาย,1975-05-20,สตรีและครอบครัว,เงินช่วยเหลือด้านที่อยู่อาศัย,ว่างงานหรือรายได้ลดลง,2026-02-20,2026-03-01,2026-03-02,15000,12000,เงินสดผ่านหน่วยงาน,จ่ายครบแล้ว,2,งบดำเนินงานของหน่วยงาน,พิจิตร,หนองกลาง,สำนักงานพัฒนาสังคมและความมั่นคงของมนุษย์จังหวัด
PAY00377,SOC00406,3204662753417,ชไมพร,วงศ์คำ,ชาย,1942-10-08,ผู้สูงอายุ,เงินสงเคราะห์ผู้สูงอายุในภาวะยากลำบาก,ที่อยู่อาศัยไม่เหมาะสม,2025-09-11,2025-09-23,2025-09-30,7500,7500,เงินสดผ่านหน่วยงาน,จ่ายครบแล้ว,1,เงินสำรองเพื่อกรณีฉุกเฉิน,สุรินทร์,บ้านใหม่,ศูนย์พัฒนาการจัดสวัสดิการสังคมผู้สูงอายุ
PAY00378,SOC00049,7232545485018,ศุภชัย,จิตมั่น,ชาย,1982-04-11,ผู้มีรายได้น้อย,เงินช่วยเหลือผู้ประสบปัญหาทางสังคมกรณีฉุกเฉิน,ขาดผู้ดูแลและรายได้,2022-03-22,2022-03-26,2022-04-02,8000,5500,เงินสดผ่านหน่วยงาน,จ่ายครบแล้ว,2,เงินสำรองเพื่อกรณีฉุกเฉิน,ลพบุรี,ทุ่งสุข,ศูนย์พัฒนาการจัดสวัสดิการสังคมผู้สูงอายุ
PAY00379,SOC00323,3411108989471,วราภรณ์,พรมศรี,หญิง,2011-10-06,เด็กและเยาวชน,เงินสงเคราะห์คนพิการ,ขาดรายได้สำหรับค่าใช้จ่ายจำเป็น,2025-12-12,2025-12-24,2025-12-26,6000,3000,พร้อมเพย์,จ่ายครบแล้ว,3,งบประมาณรายจ่ายประจำปี,อุบลราชธานี,คลองใหม่,บ้านพักเด็กและครอบครัว
PAY00380,SOC00499,1864211334809,สุวิมล,ศรีนวล,หญิง,1939-07-02,ผู้สูงอายุ,เงินสงเคราะห์ครอบครัวผู้มีรายได้น้อยและผู้ไร้ที่พึ่ง,มีค่าใช้จ่ายด้านสุขภาพ,2026-08-24,2026-08-24,2026-08-24,8000,4000,เงินสดผ่านหน่วยงาน,รอจ่ายงวดถัดไป,2,งบดำเนินงานของหน่วยงาน,พระนครศรีอยุธยา,ศรีพัฒนา,ศูนย์คุ้มครองคนไร้ที่พึ่ง
PAY00381,SOC00145,1153238619508,จิราภรณ์,ศรีนวล,หญิง,2010-11-23,เด็กและเยาวชน,เงินสงเคราะห์ครอบครัวผู้มีรายได้น้อยและผู้ไร้ที่พึ่ง,ว่างงานหรือรายได้ลดลง,2023-09-29,2023-10-05,2023-10-13,10000,10000,พร้อมเพย์,จ่ายครบแล้ว,1,เงินสำรองเพื่อกรณีฉุกเฉิน,สงขลา,หาดใหญ่,บ้านพักเด็กและครอบครัว
PAY00382,SOC00380,6262808476946,วรรณวิสา,อ่อนละมุน,ชาย,1991-02-03,คนพิการ,เงินสงเคราะห์ผู้สูงอายุในภาวะยากลำบาก,มีภาระหนี้สินและค่าใช้จ่ายจำเป็น,2026-06-16,2026-06-21,2026-06-28,3000,2000,เงินสดผ่านหน่วยงาน,จ่ายครบแล้ว,2,งบดำเนินงานของหน่วยงาน,สุราษฎร์ธานี,บ้านใหม่,สำนักงานพัฒนาสังคมและความมั่นคงของมนุษย์จังหวัด
PAY00383,SOC00050,4130455906299,รุจิรา,วัฒนกุล,ชาย,1970-12-07,ผู้ประสบปัญหาทางสังคมทั่วไป,เงินช่วยเหลือด้านที่อยู่อาศัย,ว่างงานหรือรายได้ลดลง,2022-06-03,2022-06-04,2022-06-07,6000,4500,โอนเข้าบัญชีธนาคาร,จ่ายบางส่วน,1,เงินสำรองเพื่อกรณีฉุกเฉิน,นครปฐม,ทุ่งสุข,บ้านพักเด็กและครอบครัว
PAY00384,SOC00334,1955805695341,ชไมพร,สุนทรวงศ์,หญิง,1998-05-14,คนไร้ที่พึ่ง,เงินสงเคราะห์ผู้สูงอายุในภาวะยากลำบาก,มีค่าใช้จ่ายด้านสุขภาพ,2025-05-17,2025-05-23,2025-06-02,2500,500,พร้อมเพย์,จ่ายบางส่วน,2,เงินกองทุนส่งเสริมการจัดสวัสดิการสังคม,จันทบุรี,บ้านใหม่,สำนักงานพัฒนาสังคมและความมั่นคงของมนุษย์จังหวัด
PAY00385,SOC00435,7622134403618,จุฑามาศ,คงมั่น,ชาย,2015-06-21,เด็กและเยาวชน,เงินสงเคราะห์คนพิการ,ครอบครัวประสบเหตุฉุกเฉิน,2026-08-21,2026-08-24,2026-08-24,4000,2000,พร้อมเพย์,รอจ่ายงวดถัดไป,2,งบดำเนินงานของหน่วยงาน,นนทบุรี,เมืองนนทบุรี,บ้านพักเด็กและครอบครัว
PAY00386,SOC00473,2094396151876,เกศรินทร์,พึ่งบุญ,หญิง,1982-11-13,คนพิการ,เงินช่วยเหลือด้านที่อยู่อาศัย,ว่างงานหรือรายได้ลดลง,2024-11-30,2024-12-05,2024-12-14,9500,6500,โอนเข้าบัญชีธนาคาร,จ่ายครบแล้ว,2,เงินกองทุนส่งเสริมการจัดสวัสดิการสังคม,ขอนแก่น,เมืองขอนแก่น,ศูนย์คุ้มครองคนไร้ที่พึ่ง
PAY00387,SOC00123,3019247215310,วิศรุต,ทองสุข,หญิง,2023-08-27,เด็กและเยาวชน,เงินช่วยเหลือผู้ประสบปัญหาทางสังคมกรณีฉุกเฉิน,ประสบปัญหาค่าครองชีพ,2025-01-09,2025-01-13,2025-01-16,4000,500,โอนเข้าบัญชีธนาคาร,จ่ายครบแล้ว,2,เงินสำรองเพื่อกรณีฉุกเฉิน,ตรัง,ศรีพัฒนา,สำนักงานพัฒนาสังคมและความมั่นคงของมนุษย์จังหวัด
PAY00388,SOC00115,6025487269245,ศิรินภา,กุลวงศ์,ชาย,1994-03-12,ผู้ประสบปัญหาทางสังคมทั่วไป,เงินช่วยเหลือผู้ประสบปัญหาทางสังคมกรณีฉุกเฉิน,ว่างงานหรือรายได้ลดลง,2025-06-15,2025-06-18,2025-06-19,9500,1000,พร้อมเพย์,จ่ายครบแล้ว,3,งบประมาณรายจ่ายประจำปี,ปราจีนบุรี,ทุ่งสุข,บ้านพักเด็กและครอบครัว
PAY00389,SOC00135,2443182373342,ธนา,บุญช่วย,หญิง,2020-04-12,เด็กและเยาวชน,เงินสงเคราะห์เด็กในครอบครัวยากจน,ว่างงานหรือรายได้ลดลง,2025-08-25,2025-09-01,2025-09-05,8500,2500,พร้อมเพย์,รอจ่ายงวดถัดไป,2,งบประมาณรายจ่ายประจำปี,สุพรรณบุรี,บ้านใหม่,สำนักงานพัฒนาสังคมและความมั่นคงของมนุษย์จังหวัด
PAY00390,SOC00062,7069019795497,ชยพล,สุวรรณศรี,ชาย,1992-03-16,ผู้ประสบปัญหาทางสังคมทั่วไป,เงินสงเคราะห์คนพิการ,ที่อยู่อาศัยไม่เหมาะสม,2025-10-20,2025-10-24,2025-10-26,5000,4500,โอนเข้าบัญชีธนาคาร,จ่ายบางส่วน,1,งบดำเนินงานของหน่วยงาน,ร้อยเอ็ด,หนองกลาง,ศูนย์พัฒนาการจัดสวัสดิการสังคมผู้สูงอายุ
PAY00391,SOC00257,5018625824481,มนัสวี,บุญช่วย,ชาย,2003-11-29,เด็กและเยาวชน,เงินสงเคราะห์ครอบครัวผู้มีรายได้น้อยและผู้ไร้ที่พึ่ง,มีค่าใช้จ่ายด้านสุขภาพ,2025-10-09,2025-10-17,2025-10-19,3000,500,พร้อมเพย์,จ่ายบางส่วน,2,เงินสำรองเพื่อกรณีฉุกเฉิน,กระบี่,ทุ่งสุข,ศูนย์พัฒนาการจัดสวัสดิการสังคมผู้สูงอายุ
PAY00392,SOC00044,4871562621101,ณิชา,สมานมิตร,หญิง,1960-05-07,ผู้สูงอายุ,เงินสงเคราะห์เด็กในครอบครัวยากจน,ประสบปัญหาค่าครองชีพ,2026-06-10,2026-06-18,2026-06-23,2000,500,เงินสดผ่านหน่วยงาน,จ่ายครบแล้ว,3,งบประมาณรายจ่ายประจำปี,อุบลราชธานี,เมือง,ศูนย์พัฒนาการจัดสวัสดิการสังคมผู้สูงอายุ
PAY00393,SOC00281,6720112086082,กรรณิการ์,แสงจันทร์,ชาย,2003-04-07,เด็กและเยาวชน,เงินสงเคราะห์คนพิการ,ที่อยู่อาศัยไม่เหมาะสม,2022-08-20,2022-08-27,2022-09-01,2000,1000,โอนเข้าบัญชีธนาคาร,จ่ายบางส่วน,1,เงินกองทุนส่งเสริมการจัดสวัสดิการสังคม,นราธิวาส,เมือง,ศูนย์พัฒนาการจัดสวัสดิการสังคมผู้สูงอายุ
PAY00394,SOC00292,8545371554212,อาทิตย์,แสนดี,ชาย,1988-05-29,คนพิการ,เงินช่วยเหลือผู้ประสบปัญหาทางสังคมกรณีฉุกเฉิน,มีภาระหนี้สินและค่าใช้จ่ายจำเป็น,2022-08-06,2022-08-11,2022-08-17,6500,3000,พร้อมเพย์,รอจ่ายงวดถัดไป,1,เงินกองทุนส่งเสริมการจัดสวัสดิการสังคม,บุรีรัมย์,ทุ่งสุข,สำนักงานพัฒนาสังคมและความมั่นคงของมนุษย์จังหวัด
PAY00395,SOC00214,4597099625827,พงศกร,ธรรมวงศ์,ชาย,1988-02-06,ผู้ประสบปัญหาทางสังคมทั่วไป,เงินช่วยเหลือด้านที่อยู่อาศัย,ขาดรายได้สำหรับค่าใช้จ่ายจำเป็น,2022-06-05,2022-06-15,2022-06-22,7000,2000,เงินสดผ่านหน่วยงาน,จ่ายครบแล้ว,2,เงินสำรองเพื่อกรณีฉุกเฉิน,มหาสารคาม,เมือง,สำนักงานพัฒนาสังคมและความมั่นคงของมนุษย์จังหวัด
PAY00396,SOC00387,1755042253701,ศิริพร,พิพัฒน์กุล,หญิง,1955-04-25,ผู้ประสบปัญหาทางสังคมทั่วไป,เงินสงเคราะห์ครอบครัวผู้มีรายได้น้อยและผู้ไร้ที่พึ่ง,ที่อยู่อาศัยไม่เหมาะสม,2023-12-04,2023-12-15,2023-12-23,4500,4500,พร้อมเพย์,จ่ายครบแล้ว,1,งบประมาณรายจ่ายประจำปี,สระแก้ว,ทุ่งสุข,ศูนย์คุ้มครองคนไร้ที่พึ่ง
PAY00397,SOC00107,2648215185615,ศิรินภา,เรืองฤทธิ์,หญิง,2024-02-24,เด็กและเยาวชน,เงินสงเคราะห์คนพิการ,ขาดรายได้สำหรับค่าใช้จ่ายจำเป็น,2024-07-20,2024-07-23,2024-07-30,2000,500,พร้อมเพย์,จ่ายบางส่วน,2,เงินกองทุนส่งเสริมการจัดสวัสดิการสังคม,จันทบุรี,บ้านใหม่,สำนักงานพัฒนาสังคมและความมั่นคงของมนุษย์จังหวัด
PAY00398,SOC00446,6237216689566,กัญญารัตน์,เข็มทอง,หญิง,1953-01-15,คนพิการ,เงินช่วยเหลือผู้ประสบปัญหาทางสังคมกรณีฉุกเฉิน,ครอบครัวประสบเหตุฉุกเฉิน,2023-06-22,2023-06-29,2023-07-05,4000,3500,โอนเข้าบัญชีธนาคาร,จ่ายครบแล้ว,2,เงินสำรองเพื่อกรณีฉุกเฉิน,จันทบุรี,ทุ่งสุข,สำนักงานพัฒนาสังคมและความมั่นคงของมนุษย์จังหวัด
PAY00399,SOC00381,5306326527501,วาสนา,สมานมิตร,ชาย,2005-01-26,ผู้มีรายได้น้อย,เงินสงเคราะห์เด็กในครอบครัวยากจน,ครอบครัวประสบเหตุฉุกเฉิน,2022-08-09,2022-08-13,2022-08-15,5000,5000,พร้อมเพย์,จ่ายครบแล้ว,1,งบประมาณรายจ่ายประจำปี,นราธิวาส,ศรีพัฒนา,บ้านพักเด็กและครอบครัว
PAY00400,SOC00371,5782467502958,กาญจนา,ธรรมวงศ์,หญิง,1990-02-27,ผู้ประสบปัญหาทางสังคมทั่วไป,เงินสงเคราะห์ครอบครัวผู้มีรายได้น้อยและผู้ไร้ที่พึ่ง,ขาดรายได้สำหรับค่าใช้จ่ายจำเป็น,2026-08-23,2026-08-24,2026-08-24,6000,4500,พร้อมเพย์,รอจ่ายงวดถัดไป,2,เงินกองทุนส่งเสริมการจัดสวัสดิการสังคม,ชลบุรี,ศรีราชา,บ้านพักเด็กและครอบครัว
PAY00401,SOC00281,6720112086082,กรรณิการ์,แสงจันทร์,ชาย,2003-04-07,เด็กและเยาวชน,เงินสงเคราะห์คนพิการ,ที่อยู่อาศัยไม่เหมาะสม,2022-08-20,2022-09-01,2022-09-07,2000,1000,โอนเข้าบัญชีธนาคาร,จ่ายครบแล้ว,2,เงินกองทุนส่งเสริมการจัดสวัสดิการสังคม,นราธิวาส,เมือง,ศูนย์คุ้มครองคนไร้ที่พึ่ง
PAY00402,SOC00457,8538122527796,กิตติพงศ์,บัวแก้ว,หญิง,1985-09-28,ผู้ประสบปัญหาทางสังคมทั่วไป,เงินช่วยเหลือด้านที่อยู่อาศัย,มีค่าใช้จ่ายด้านสุขภาพ,2025-01-06,2025-01-18,2025-01-20,14000,14000,เงินสดผ่านหน่วยงาน,จ่ายครบแล้ว,1,งบประมาณรายจ่ายประจำปี,สมุทรสาคร,ทุ่งสุข,ศูนย์คุ้มครองคนไร้ที่พึ่ง
PAY00403,SOC00132,4469110189890,ธีรภัทร,คุ้มภัย,หญิง,1976-02-04,คนไร้ที่พึ่ง,เงินสงเคราะห์เด็กในครอบครัวยากจน,ขาดรายได้สำหรับค่าใช้จ่ายจำเป็น,2025-02-27,2025-03-07,2025-03-08,9000,9000,พร้อมเพย์,จ่ายครบแล้ว,1,เงินสำรองเพื่อกรณีฉุกเฉิน,ร้อยเอ็ด,ทุ่งสุข,ศูนย์พัฒนาการจัดสวัสดิการสังคมผู้สูงอายุ
PAY00404,SOC00201,7104762217057,ปกรณ์,สวัสดี,ชาย,2023-10-31,เด็กและเยาวชน,เงินสงเคราะห์ครอบครัวผู้มีรายได้น้อยและผู้ไร้ที่พึ่ง,ที่อยู่อาศัยไม่เหมาะสม,2026-04-06,2026-04-11,2026-04-12,10000,500,พร้อมเพย์,จ่ายครบแล้ว,3,งบดำเนินงานของหน่วยงาน,ร้อยเอ็ด,ศรีพัฒนา,ศูนย์คุ้มครองคนไร้ที่พึ่ง
PAY00405,SOC00333,5298047499741,ปัญญา,พิทักษ์วงศ์,ชาย,1958-12-07,ผู้สูงอายุ,เงินสงเคราะห์เด็กในครอบครัวยากจน,ขาดผู้ดูแลและรายได้,2025-06-21,2025-06-22,2025-06-24,8000,3500,โอนเข้าบัญชีธนาคาร,จ่ายครบแล้ว,2,เงินสำรองเพื่อกรณีฉุกเฉิน,นราธิวาส,คลองใหม่,สำนักงานพัฒนาสังคมและความมั่นคงของมนุษย์จังหวัด
PAY00406,SOC00402,4475392043321,ลลิตา,นพคุณ,หญิง,2005-06-16,สตรีและครอบครัว,เงินช่วยเหลือด้านที่อยู่อาศัย,ที่อยู่อาศัยไม่เหมาะสม,2022-03-03,2022-03-12,2022-03-12,15000,10500,พร้อมเพย์,จ่ายครบแล้ว,2,เงินสำรองเพื่อกรณีฉุกเฉิน,ปราจีนบุรี,ศรีพัฒนา,ศูนย์พัฒนาการจัดสวัสดิการสังคมผู้สูงอายุ
PAY00407,SOC00464,8621378426380,ณัฐวุฒิ,อุดมศักดิ์,ชาย,1987-09-07,ผู้มีรายได้น้อย,เงินสงเคราะห์คนพิการ,ที่อยู่อาศัยไม่เหมาะสม,2023-10-04,2023-10-12,2023-10-18,6500,1500,เงินสดผ่านหน่วยงาน,จ่ายครบแล้ว,2,งบประมาณรายจ่ายประจำปี,เชียงใหม่,หางดง,ศูนย์คุ้มครองคนไร้ที่พึ่ง
PAY00408,SOC00420,3149668833523,วิศรุต,เกษมสุข,หญิง,1985-09-18,คนไร้ที่พึ่ง,เงินสงเคราะห์ครอบครัวผู้มีรายได้น้อยและผู้ไร้ที่พึ่ง,ที่อยู่อาศัยไม่เหมาะสม,2025-02-09,2025-02-13,2025-02-20,7000,7000,พร้อมเพย์,จ่ายครบแล้ว,1,เงินกองทุนส่งเสริมการจัดสวัสดิการสังคม,บุรีรัมย์,หนองกลาง,บ้านพักเด็กและครอบครัว
PAY00409,SOC00081,7604242971330,ปัญญา,แสนดี,หญิง,1971-09-25,สตรีและครอบครัว,เงินสงเคราะห์ครอบครัวผู้มีรายได้น้อยและผู้ไร้ที่พึ่ง,ที่อยู่อาศัยไม่เหมาะสม,2024-01-23,2024-01-31,2024-02-06,8000,3500,โอนเข้าบัญชีธนาคาร,จ่ายครบแล้ว,2,งบดำเนินงานของหน่วยงาน,จันทบุรี,บ้านใหม่,สำนักงานพัฒนาสังคมและความมั่นคงของมนุษย์จังหวัด
PAY00410,SOC00342,7319271730342,ชยุต,เจริญสุข,ชาย,2019-01-31,เด็กและเยาวชน,เงินสงเคราะห์ครอบครัวผู้มีรายได้น้อยและผู้ไร้ที่พึ่ง,ประสบปัญหาค่าครองชีพ,2024-11-25,2024-11-26,2024-11-30,8500,1000,เงินสดผ่านหน่วยงาน,จ่ายครบแล้ว,2,งบดำเนินงานของหน่วยงาน,สระบุรี,เมือง,ศูนย์คุ้มครองคนไร้ที่พึ่ง
PAY00411,SOC00295,4974925388431,สุชาดา,นิ่มนวล,ชาย,2003-09-12,ผู้มีรายได้น้อย,เงินสงเคราะห์ผู้สูงอายุในภาวะยากลำบาก,ว่างงานหรือรายได้ลดลง,2022-06-27,2022-07-02,2022-07-12,8500,500,เงินสดผ่านหน่วยงาน,จ่ายครบแล้ว,3,เงินสำรองเพื่อกรณีฉุกเฉิน,ลำปาง,ทุ่งสุข,ศูนย์คุ้มครองคนไร้ที่พึ่ง
PAY00412,SOC00412,2521329022787,ชไมพร,ทองสุข,ชาย,2007-03-27,เด็กและเยาวชน,เงินช่วยเหลือผู้ประสบปัญหาทางสังคมกรณีฉุกเฉิน,มีภาระหนี้สินและค่าใช้จ่ายจำเป็น,2025-11-03,2025-11-09,2025-11-11,5500,5500,พร้อมเพย์,จ่ายครบแล้ว,1,งบประมาณรายจ่ายประจำปี,นนทบุรี,บางบัวทอง,บ้านพักเด็กและครอบครัว
PAY00413,SOC00166,2353403266706,วายุ,นิลแก้ว,ชาย,1992-02-27,ผู้มีรายได้น้อย,เงินสงเคราะห์เด็กในครอบครัวยากจน,ประสบปัญหาค่าครองชีพ,2026-03-05,2026-03-07,2026-03-14,2500,1500,เงินสดผ่านหน่วยงาน,จ่ายครบแล้ว,2,เงินสำรองเพื่อกรณีฉุกเฉิน,สระแก้ว,เมือง,สำนักงานพัฒนาสังคมและความมั่นคงของมนุษย์จังหวัด
PAY00414,SOC00102,4912356015731,ธีรวัฒน์,นาคทอง,ชาย,1969-02-14,ผู้ประสบปัญหาทางสังคมทั่วไป,เงินสงเคราะห์ครอบครัวผู้มีรายได้น้อยและผู้ไร้ที่พึ่ง,ขาดผู้ดูแลและรายได้,2023-06-17,2023-06-28,2023-06-29,6000,1500,เงินสดผ่านหน่วยงาน,จ่ายครบแล้ว,3,เงินกองทุนส่งเสริมการจัดสวัสดิการสังคม,กรุงเทพมหานคร,บางเขน,ศูนย์พัฒนาการจัดสวัสดิการสังคมผู้สูงอายุ
PAY00415,SOC00012,4492446098303,พัชรินทร์,สุขสวัสดิ์,หญิง,1938-09-20,ผู้สูงอายุ,เงินสงเคราะห์คนพิการ,ประสบปัญหาค่าครองชีพ,2026-07-15,2026-07-23,2026-07-26,2000,2000,พร้อมเพย์,จ่ายครบแล้ว,1,งบดำเนินงานของหน่วยงาน,ขอนแก่น,บ้านไผ่,บ้านพักเด็กและครอบครัว
PAY00416,SOC00190,2110407965764,ลลิตา,ศรีนวล,ชาย,2012-12-23,เด็กและเยาวชน,เงินสงเคราะห์ครอบครัวผู้มีรายได้น้อยและผู้ไร้ที่พึ่ง,ที่อยู่อาศัยไม่เหมาะสม,2023-04-08,2023-04-18,2023-04-24,2500,500,โอนเข้าบัญชีธนาคาร,จ่ายครบแล้ว,2,เงินกองทุนส่งเสริมการจัดสวัสดิการสังคม,กระบี่,บ้านใหม่,สำนักงานพัฒนาสังคมและความมั่นคงของมนุษย์จังหวัด
PAY00417,SOC00247,5565278476865,ปวีณา,เกียรติไพศาล,หญิง,2017-07-12,เด็กและเยาวชน,เงินสงเคราะห์คนพิการ,ขาดรายได้สำหรับค่าใช้จ่ายจำเป็น,2024-03-04,2024-03-13,2024-03-21,5500,500,เงินสดผ่านหน่วยงาน,จ่ายครบแล้ว,3,งบดำเนินงานของหน่วยงาน,สุราษฎร์ธานี,ศรีพัฒนา,ศูนย์คุ้มครองคนไร้ที่พึ่ง
PAY00418,SOC00351,3747354168121,สมฤดี,ฤทธิไกร,หญิง,2012-10-26,เด็กและเยาวชน,เงินช่วยเหลือด้านที่อยู่อาศัย,มีค่าใช้จ่ายด้านสุขภาพ,2024-12-03,2024-12-04,2024-12-11,17500,5000,เงินสดผ่านหน่วยงาน,จ่ายครบแล้ว,3,เงินสำรองเพื่อกรณีฉุกเฉิน,ชลบุรี,บางละมุง,ศูนย์คุ้มครองคนไร้ที่พึ่ง
PAY00419,SOC00225,4266212027472,เพ็ญนภา,ยอดแก้ว,ชาย,1982-07-30,คนพิการ,เงินสงเคราะห์ครอบครัวผู้มีรายได้น้อยและผู้ไร้ที่พึ่ง,ขาดรายได้สำหรับค่าใช้จ่ายจำเป็น,2025-11-08,2025-11-12,2025-11-14,3500,500,เงินสดผ่านหน่วยงาน,รอจ่ายงวดถัดไป,2,เงินกองทุนส่งเสริมการจัดสวัสดิการสังคม,ระยอง,หนองกลาง,ศูนย์พัฒนาการจัดสวัสดิการสังคมผู้สูงอายุ
PAY00420,SOC00327,4004278741939,รัชนี,ธรรมรักษ์,หญิง,2008-02-21,ผู้มีรายได้น้อย,เงินสงเคราะห์เด็กในครอบครัวยากจน,มีค่าใช้จ่ายด้านสุขภาพ,2026-03-16,2026-03-23,2026-03-26,6000,500,พร้อมเพย์,จ่ายครบแล้ว,2,เงินกองทุนส่งเสริมการจัดสวัสดิการสังคม,เชียงราย,เมืองเชียงราย,ศูนย์พัฒนาการจัดสวัสดิการสังคมผู้สูงอายุ
PAY00421,SOC00070,2156750551055,กัญญารัตน์,สุนทรวงศ์,หญิง,1992-11-20,สตรีและครอบครัว,เงินช่วยเหลือด้านที่อยู่อาศัย,มีภาระหนี้สินและค่าใช้จ่ายจำเป็น,2024-12-01,2024-12-04,2024-12-04,4500,4500,โอนเข้าบัญชีธนาคาร,จ่ายครบแล้ว,1,เงินกองทุนส่งเสริมการจัดสวัสดิการสังคม,ร้อยเอ็ด,เมือง,ศูนย์พัฒนาการจัดสวัสดิการสังคมผู้สูงอายุ
PAY00422,SOC00316,1166285723581,จักรพันธ์,ไชยวงศ์,หญิง,1968-08-10,คนไร้ที่พึ่ง,เงินช่วยเหลือด้านที่อยู่อาศัย,มีภาระหนี้สินและค่าใช้จ่ายจำเป็น,2023-09-13,2023-09-14,2023-09-23,15000,8500,เงินสดผ่านหน่วยงาน,จ่ายครบแล้ว,3,งบดำเนินงานของหน่วยงาน,สุพรรณบุรี,บ้านใหม่,สำนักงานพัฒนาสังคมและความมั่นคงของมนุษย์จังหวัด
PAY00423,SOC00080,5895763449804,ธนกฤต,อินทร์แก้ว,หญิง,1952-05-31,ผู้สูงอายุ,เงินสงเคราะห์ครอบครัวผู้มีรายได้น้อยและผู้ไร้ที่พึ่ง,มีค่าใช้จ่ายด้านสุขภาพ,2025-12-23,2026-01-03,2026-01-05,4500,1500,โอนเข้าบัญชีธนาคาร,จ่ายครบแล้ว,2,เงินสำรองเพื่อกรณีฉุกเฉิน,พระนครศรีอยุธยา,หนองกลาง,สำนักงานพัฒนาสังคมและความมั่นคงของมนุษย์จังหวัด
PAY00424,SOC00267,8107121784585,ศุภชัย,สุทธิวงศ์,ชาย,1939-05-06,ผู้สูงอายุ,เงินช่วยเหลือผู้ประสบปัญหาทางสังคมกรณีฉุกเฉิน,ขาดรายได้สำหรับค่าใช้จ่ายจำเป็น,2026-03-20,2026-03-29,2026-04-01,7500,6000,โอนเข้าบัญชีธนาคาร,จ่ายครบแล้ว,2,งบดำเนินงานของหน่วยงาน,ชลบุรี,พนัสนิคม,ศูนย์คุ้มครองคนไร้ที่พึ่ง
PAY00425,SOC00279,2832727268067,นิตยา,เกียรติไพศาล,หญิง,1960-05-24,ผู้ประสบปัญหาทางสังคมทั่วไป,เงินสงเคราะห์ครอบครัวผู้มีรายได้น้อยและผู้ไร้ที่พึ่ง,ขาดผู้ดูแลและรายได้,2024-03-10,2024-03-11,2024-03-16,3000,2000,เงินสดผ่านหน่วยงาน,จ่ายครบแล้ว,2,งบประมาณรายจ่ายประจำปี,ราชบุรี,เมือง,ศูนย์พัฒนาการจัดสวัสดิการสังคมผู้สูงอายุ
PAY00426,SOC00292,8545371554212,อาทิตย์,แสนดี,ชาย,1988-05-29,คนพิการ,เงินช่วยเหลือผู้ประสบปัญหาทางสังคมกรณีฉุกเฉิน,มีภาระหนี้สินและค่าใช้จ่ายจำเป็น,2022-08-07,2022-08-19,2022-08-29,6500,1000,เงินสดผ่านหน่วยงาน,จ่ายบางส่วน,2,เงินกองทุนส่งเสริมการจัดสวัสดิการสังคม,บุรีรัมย์,ทุ่งสุข,สำนักงานพัฒนาสังคมและความมั่นคงของมนุษย์จังหวัด
PAY00427,SOC00427,6747467430119,ภาคิน,ศรีประภา,ชาย,1953-06-17,คนพิการ,เงินสงเคราะห์คนพิการ,ขาดผู้ดูแลและรายได้,2024-06-19,2024-06-25,2024-06-30,10000,4500,พร้อมเพย์,จ่ายครบแล้ว,3,เงินกองทุนส่งเสริมการจัดสวัสดิการสังคม,เชียงใหม่,สันทราย,ศูนย์พัฒนาการจัดสวัสดิการสังคมผู้สูงอายุ
PAY00428,SOC00209,7996579409231,กฤษฎา,วัฒนกุล,ชาย,1975-04-28,คนพิการ,เงินสงเคราะห์คนพิการ,มีค่าใช้จ่ายด้านสุขภาพ,2025-03-30,2025-04-03,2025-04-12,3500,500,เงินสดผ่านหน่วยงาน,จ่ายครบแล้ว,3,เงินสำรองเพื่อกรณีฉุกเฉิน,พิษณุโลก,ศรีพัฒนา,บ้านพักเด็กและครอบครัว
PAY00429,SOC00174,2028627553510,เบญจพร,ศรีประภา,ชาย,1954-12-08,ผู้สูงอายุ,เงินสงเคราะห์ครอบครัวผู้มีรายได้น้อยและผู้ไร้ที่พึ่ง,มีภาระหนี้สินและค่าใช้จ่ายจำเป็น,2024-01-21,2024-01-31,2024-02-10,4000,4000,พร้อมเพย์,จ่ายครบแล้ว,1,เงินกองทุนส่งเสริมการจัดสวัสดิการสังคม,อุบลราชธานี,ศรีพัฒนา,ศูนย์คุ้มครองคนไร้ที่พึ่ง
PAY00430,SOC00371,5782467502958,กาญจนา,ธรรมวงศ์,หญิง,1990-02-27,ผู้ประสบปัญหาทางสังคมทั่วไป,เงินสงเคราะห์ครอบครัวผู้มีรายได้น้อยและผู้ไร้ที่พึ่ง,ขาดรายได้สำหรับค่าใช้จ่ายจำเป็น,2026-08-24,2026-08-24,2026-08-24,6000,1000,เงินสดผ่านหน่วยงาน,จ่ายครบแล้ว,3,เงินกองทุนส่งเสริมการจัดสวัสดิการสังคม,ชลบุรี,ศรีราชา,ศูนย์พัฒนาการจัดสวัสดิการสังคมผู้สูงอายุ
PAY00431,SOC00045,5076148346258,สิทธิโชค,ปัญญาดี,ชาย,1951-12-09,ผู้สูงอายุ,เงินสงเคราะห์ผู้สูงอายุในภาวะยากลำบาก,ที่อยู่อาศัยไม่เหมาะสม,2024-03-17,2024-03-27,2024-04-05,6000,6000,พร้อมเพย์,จ่ายครบแล้ว,1,เงินกองทุนส่งเสริมการจัดสวัสดิการสังคม,ฉะเชิงเทรา,คลองใหม่,ศูนย์คุ้มครองคนไร้ที่พึ่ง
PAY00432,SOC00482,6747467430119,ภาคิน,ศรีประภา,ชาย,1953-06-17,คนพิการ,เงินสงเคราะห์คนพิการ,ขาดผู้ดูแลและรายได้,2024-04-30,2024-05-02,2024-05-04,4000,1500,โอนเข้าบัญชีธนาคาร,จ่ายบางส่วน,1,งบประมาณรายจ่ายประจำปี,อุตรดิตถ์,เมือง,ศูนย์พัฒนาการจัดสวัสดิการสังคมผู้สูงอายุ
PAY00433,SOC00419,2815398330313,ภาคิน,เพิ่มพูน,ชาย,1995-03-25,คนพิการ,เงินช่วยเหลือผู้ประสบปัญหาทางสังคมกรณีฉุกเฉิน,ที่อยู่อาศัยไม่เหมาะสม,2026-03-24,2026-03-29,2026-04-01,2500,500,เงินสดผ่านหน่วยงาน,รอจ่ายงวดถัดไป,2,เงินกองทุนส่งเสริมการจัดสวัสดิการสังคม,สมุทรปราการ,คลองใหม่,ศูนย์พัฒนาการจัดสวัสดิการสังคมผู้สูงอายุ
PAY00434,SOC00417,6058464981804,สิทธิโชค,ศรีสุข,ชาย,1983-09-26,ผู้ประสบปัญหาทางสังคมทั่วไป,เงินช่วยเหลือผู้ประสบปัญหาทางสังคมกรณีฉุกเฉิน,ขาดผู้ดูแลและรายได้,2022-02-10,2022-02-16,2022-02-25,5000,1000,เงินสดผ่านหน่วยงาน,จ่ายครบแล้ว,2,งบดำเนินงานของหน่วยงาน,นราธิวาส,คลองใหม่,สำนักงานพัฒนาสังคมและความมั่นคงของมนุษย์จังหวัด
PAY00435,SOC00334,1955805695341,ชไมพร,สุนทรวงศ์,หญิง,1998-05-14,คนไร้ที่พึ่ง,เงินสงเคราะห์ผู้สูงอายุในภาวะยากลำบาก,มีค่าใช้จ่ายด้านสุขภาพ,2025-05-19,2025-05-31,2025-06-02,2500,500,โอนเข้าบัญชีธนาคาร,จ่ายครบแล้ว,3,เงินกองทุนส่งเสริมการจัดสวัสดิการสังคม,จันทบุรี,บ้านใหม่,สำนักงานพัฒนาสังคมและความมั่นคงของมนุษย์จังหวัด
PAY00436,SOC00398,5150776389513,สิริกานต์,ศรีสง่า,หญิง,1982-10-12,คนพิการ,เงินสงเคราะห์คนพิการ,ว่างงานหรือรายได้ลดลง,2024-01-26,2024-01-28,2024-01-31,3000,3000,โอนเข้าบัญชีธนาคาร,จ่ายครบแล้ว,1,งบดำเนินงานของหน่วยงาน,ลำพูน,ทุ่งสุข,บ้านพักเด็กและครอบครัว
PAY00437,SOC00293,6780686362783,บุษบา,วัฒนชัย,หญิง,2016-10-29,คนพิการ,เงินสงเคราะห์ผู้สูงอายุในภาวะยากลำบาก,มีค่าใช้จ่ายด้านสุขภาพ,2025-01-19,2025-01-23,2025-02-02,6000,6000,โอนเข้าบัญชีธนาคาร,จ่ายครบแล้ว,1,งบดำเนินงานของหน่วยงาน,สกลนคร,คลองใหม่,บ้านพักเด็กและครอบครัว
PAY00438,SOC00096,3460345240830,พงศกร,สุนทรวงศ์,ชาย,1995-08-03,สตรีและครอบครัว,เงินสงเคราะห์เด็กในครอบครัวยากจน,ครอบครัวประสบเหตุฉุกเฉิน,2025-02-11,2025-02-16,2025-02-23,5000,5000,พร้อมเพย์,จ่ายครบแล้ว,1,เงินกองทุนส่งเสริมการจัดสวัสดิการสังคม,นนทบุรี,บางใหญ่,ศูนย์คุ้มครองคนไร้ที่พึ่ง
PAY00439,SOC00149,6631677191388,รุจิรา,สุทธิวงศ์,ชาย,1994-11-09,คนไร้ที่พึ่ง,เงินช่วยเหลือด้านที่อยู่อาศัย,ขาดรายได้สำหรับค่าใช้จ่ายจำเป็น,2026-03-15,2026-03-17,2026-03-22,15500,11000,เงินสดผ่านหน่วยงาน,จ่ายครบแล้ว,2,งบดำเนินงานของหน่วยงาน,จันทบุรี,หนองกลาง,สำนักงานพัฒนาสังคมและความมั่นคงของมนุษย์จังหวัด
PAY00440,SOC00419,2815398330313,ภาคิน,เพิ่มพูน,ชาย,1995-03-25,คนพิการ,เงินช่วยเหลือผู้ประสบปัญหาทางสังคมกรณีฉุกเฉิน,ที่อยู่อาศัยไม่เหมาะสม,2026-03-23,2026-03-27,2026-04-04,2500,1500,เงินสดผ่านหน่วยงาน,จ่ายครบแล้ว,3,เงินกองทุนส่งเสริมการจัดสวัสดิการสังคม,สมุทรปราการ,คลองใหม่,สำนักงานพัฒนาสังคมและความมั่นคงของมนุษย์จังหวัด
PAY00441,SOC00282,8663551263876,เกศรินทร์,เพชรรัตน์,ชาย,1964-07-16,ผู้สูงอายุ,เงินช่วยเหลือผู้ประสบปัญหาทางสังคมกรณีฉุกเฉิน,ที่อยู่อาศัยไม่เหมาะสม,2022-04-02,2022-04-14,2022-04-15,5500,500,โอนเข้าบัญชีธนาคาร,จ่ายครบแล้ว,3,เงินกองทุนส่งเสริมการจัดสวัสดิการสังคม,สระบุรี,บ้านใหม่,บ้านพักเด็กและครอบครัว
PAY00442,SOC00392,6981481048466,นรินทร์,วิริยะกุล,ชาย,2024-06-08,เด็กและเยาวชน,เงินช่วยเหลือผู้ประสบปัญหาทางสังคมกรณีฉุกเฉิน,ที่อยู่อาศัยไม่เหมาะสม,2026-06-27,2026-07-01,2026-07-04,5500,500,เงินสดผ่านหน่วยงาน,รอจ่ายงวดถัดไป,2,เงินกองทุนส่งเสริมการจัดสวัสดิการสังคม,นครสวรรค์,ศรีพัฒนา,ศูนย์พัฒนาการจัดสวัสดิการสังคมผู้สูงอายุ
PAY00443,SOC00407,7569632092212,อริสรา,โชคชัย,ชาย,1963-02-16,ผู้สูงอายุ,เงินสงเคราะห์ผู้สูงอายุในภาวะยากลำบาก,มีค่าใช้จ่ายด้านสุขภาพ,2023-09-06,2023-09-15,2023-09-23,7000,1000,พร้อมเพย์,จ่ายบางส่วน,1,งบประมาณรายจ่ายประจำปี,พิษณุโลก,ทุ่งสุข,บ้านพักเด็กและครอบครัว
PAY00444,SOC00349,7141714885654,สิริกานต์,จันทร์หอม,ชาย,1982-06-12,คนพิการ,เงินสงเคราะห์ครอบครัวผู้มีรายได้น้อยและผู้ไร้ที่พึ่ง,มีภาระหนี้สินและค่าใช้จ่ายจำเป็น,2025-11-06,2025-11-17,2025-11-27,10000,10000,พร้อมเพย์,จ่ายครบแล้ว,1,เงินสำรองเพื่อกรณีฉุกเฉิน,สุพรรณบุรี,หนองกลาง,สำนักงานพัฒนาสังคมและความมั่นคงของมนุษย์จังหวัด
PAY00445,SOC00254,4703764944885,วาสนา,แสงทอง,ชาย,2004-02-02,เด็กและเยาวชน,เงินสงเคราะห์ครอบครัวผู้มีรายได้น้อยและผู้ไร้ที่พึ่ง,ครอบครัวประสบเหตุฉุกเฉิน,2026-02-08,2026-02-14,2026-02-19,5500,3000,โอนเข้าบัญชีธนาคาร,จ่ายครบแล้ว,2,งบประมาณรายจ่ายประจำปี,ฉะเชิงเทรา,หนองกลาง,สำนักงานพัฒนาสังคมและความมั่นคงของมนุษย์จังหวัด
PAY00446,SOC00309,5045662977004,กาญจนา,มงคลชัย,ชาย,2006-05-12,ผู้มีรายได้น้อย,เงินสงเคราะห์ผู้สูงอายุในภาวะยากลำบาก,ขาดผู้ดูแลและรายได้,2025-12-15,2025-12-23,2025-12-23,3500,2000,โอนเข้าบัญชีธนาคาร,จ่ายครบแล้ว,3,งบดำเนินงานของหน่วยงาน,กรุงเทพมหานคร,บางกะปิ,สำนักงานพัฒนาสังคมและความมั่นคงของมนุษย์จังหวัด
PAY00447,SOC00361,5396977354222,วรัญญา,คุ้มภัย,ชาย,1940-07-08,ผู้สูงอายุ,เงินสงเคราะห์คนพิการ,ขาดรายได้สำหรับค่าใช้จ่ายจำเป็น,2024-02-26,2024-02-27,2024-02-27,3000,3000,พร้อมเพย์,จ่ายครบแล้ว,1,งบดำเนินงานของหน่วยงาน,อุดรธานี,บ้านใหม่,ศูนย์พัฒนาการจัดสวัสดิการสังคมผู้สูงอายุ
PAY00448,SOC00191,4690478151303,สิทธิโชค,สมานมิตร,ชาย,1946-09-13,ผู้สูงอายุ,เงินช่วยเหลือด้านที่อยู่อาศัย,มีค่าใช้จ่ายด้านสุขภาพ,2023-10-20,2023-10-24,2023-10-25,19500,1000,เงินสดผ่านหน่วยงาน,จ่ายครบแล้ว,3,งบประมาณรายจ่ายประจำปี,สระบุรี,หนองกลาง,ศูนย์คุ้มครองคนไร้ที่พึ่ง
PAY00449,SOC00137,7847287882876,วรเมธ,สุวรรณวงศ์,หญิง,1971-08-04,คนไร้ที่พึ่ง,เงินช่วยเหลือด้านที่อยู่อาศัย,ว่างงานหรือรายได้ลดลง,2024-10-12,2024-10-19,2024-10-22,3000,1000,พร้อมเพย์,รอจ่ายงวดถัดไป,2,เงินกองทุนส่งเสริมการจัดสวัสดิการสังคม,ลำปาง,เมือง,ศูนย์พัฒนาการจัดสวัสดิการสังคมผู้สูงอายุ
PAY00450,SOC00127,5668932373375,สุภาวดี,สุขเกษม,ชาย,2016-12-31,เด็กและเยาวชน,เงินช่วยเหลือด้านที่อยู่อาศัย,ว่างงานหรือรายได้ลดลง,2024-02-22,2024-02-26,2024-03-05,14000,14000,โอนเข้าบัญชีธนาคาร,จ่ายครบแล้ว,1,เงินสำรองเพื่อกรณีฉุกเฉิน,สกลนคร,ศรีพัฒนา,ศูนย์คุ้มครองคนไร้ที่พึ่ง
PAY00451,SOC00137,7847287882876,วรเมธ,สุวรรณวงศ์,หญิง,1971-08-04,คนไร้ที่พึ่ง,เงินช่วยเหลือด้านที่อยู่อาศัย,ว่างงานหรือรายได้ลดลง,2024-10-14,2024-10-18,2024-10-23,3000,500,พร้อมเพย์,จ่ายครบแล้ว,3,เงินกองทุนส่งเสริมการจัดสวัสดิการสังคม,ลำปาง,เมือง,สำนักงานพัฒนาสังคมและความมั่นคงของมนุษย์จังหวัด
PAY00452,SOC00107,2648215185615,ศิรินภา,เรืองฤทธิ์,หญิง,2024-02-24,เด็กและเยาวชน,เงินสงเคราะห์คนพิการ,ขาดรายได้สำหรับค่าใช้จ่ายจำเป็น,2024-07-22,2024-07-30,2024-08-09,2000,1000,เงินสดผ่านหน่วยงาน,จ่ายครบแล้ว,3,เงินกองทุนส่งเสริมการจัดสวัสดิการสังคม,จันทบุรี,บ้านใหม่,ศูนย์คุ้มครองคนไร้ที่พึ่ง
PAY00453,SOC00408,7193309946432,ณัฐพงษ์,ธรรมคุณ,ชาย,1982-04-23,ผู้ประสบปัญหาทางสังคมทั่วไป,เงินสงเคราะห์คนพิการ,ครอบครัวประสบเหตุฉุกเฉิน,2025-07-03,2025-07-12,2025-07-21,9000,9000,โอนเข้าบัญชีธนาคาร,จ่ายครบแล้ว,1,เงินสำรองเพื่อกรณีฉุกเฉิน,กาฬสินธุ์,คลองใหม่,บ้านพักเด็กและครอบครัว
PAY00454,SOC00175,4399706834036,วายุ,เจริญสุข,ชาย,1943-01-05,ผู้สูงอายุ,เงินช่วยเหลือด้านที่อยู่อาศัย,มีค่าใช้จ่ายด้านสุขภาพ,2023-03-03,2023-03-09,2023-03-11,7500,6500,เงินสดผ่านหน่วยงาน,จ่ายบางส่วน,1,เงินกองทุนส่งเสริมการจัดสวัสดิการสังคม,สุราษฎร์ธานี,หนองกลาง,ศูนย์คุ้มครองคนไร้ที่พึ่ง
PAY00455,SOC00439,3053576212498,ธัญชนก,จันทร์หอม,ชาย,1956-06-25,ผู้มีรายได้น้อย,เงินสงเคราะห์ผู้สูงอายุในภาวะยากลำบาก,มีค่าใช้จ่ายด้านสุขภาพ,2025-10-03,2025-10-13,2025-10-16,7000,5500,โอนเข้าบัญชีธนาคาร,จ่ายครบแล้ว,2,งบดำเนินงานของหน่วยงาน,เชียงใหม่,แม่ริม,ศูนย์พัฒนาการจัดสวัสดิการสังคมผู้สูงอายุ
PAY00456,SOC00058,1119003715413,อัญชลี,พิทักษ์วงศ์,หญิง,1960-02-02,ผู้สูงอายุ,เงินสงเคราะห์ผู้สูงอายุในภาวะยากลำบาก,มีภาระหนี้สินและค่าใช้จ่ายจำเป็น,2022-05-21,2022-05-30,2022-05-31,10000,2000,โอนเข้าบัญชีธนาคาร,จ่ายครบแล้ว,2,งบประมาณรายจ่ายประจำปี,ร้อยเอ็ด,ทุ่งสุข,บ้านพักเด็กและครอบครัว
PAY00457,SOC00118,6891795333954,เกศรินทร์,เรืองฤทธิ์,ชาย,1984-05-07,ผู้มีรายได้น้อย,เงินช่วยเหลือด้านที่อยู่อาศัย,ที่อยู่อาศัยไม่เหมาะสม,2026-03-19,2026-03-29,2026-04-08,17000,500,พร้อมเพย์,จ่ายครบแล้ว,3,เงินกองทุนส่งเสริมการจัดสวัสดิการสังคม,ปทุมธานี,ธัญบุรี,บ้านพักเด็กและครอบครัว
PAY00458,SOC00432,7299832843044,เอกภพ,เข็มทอง,ชาย,2012-10-04,เด็กและเยาวชน,เงินช่วยเหลือผู้ประสบปัญหาทางสังคมกรณีฉุกเฉิน,มีค่าใช้จ่ายด้านสุขภาพ,2024-06-03,2024-06-12,2024-06-20,4500,2500,พร้อมเพย์,จ่ายครบแล้ว,3,งบประมาณรายจ่ายประจำปี,สกลนคร,เมือง,บ้านพักเด็กและครอบครัว
PAY00459,SOC00290,2125938423592,ปกรณ์,มิตรดี,หญิง,1971-07-18,สตรีและครอบครัว,เงินช่วยเหลือผู้ประสบปัญหาทางสังคมกรณีฉุกเฉิน,ขาดผู้ดูแลและรายได้,2025-09-10,2025-09-20,2025-09-25,8000,1000,เงินสดผ่านหน่วยงาน,จ่ายครบแล้ว,2,งบดำเนินงานของหน่วยงาน,สระแก้ว,คลองใหม่,ศูนย์คุ้มครองคนไร้ที่พึ่ง
PAY00460,SOC00175,4399706834036,วายุ,เจริญสุข,ชาย,1943-01-05,ผู้สูงอายุ,เงินช่วยเหลือด้านที่อยู่อาศัย,มีค่าใช้จ่ายด้านสุขภาพ,2023-03-01,2023-03-11,2023-03-21,7500,1000,โอนเข้าบัญชีธนาคาร,จ่ายครบแล้ว,2,เงินกองทุนส่งเสริมการจัดสวัสดิการสังคม,สุราษฎร์ธานี,หนองกลาง,บ้านพักเด็กและครอบครัว
PAY00461,SOC00322,5944550586756,วรเมธ,มั่นคง,หญิง,1986-01-07,สตรีและครอบครัว,เงินสงเคราะห์ครอบครัวผู้มีรายได้น้อยและผู้ไร้ที่พึ่ง,ประสบปัญหาค่าครองชีพ,2022-02-15,2022-02-23,2022-03-05,4500,1000,เงินสดผ่านหน่วยงาน,จ่ายครบแล้ว,2,เงินสำรองเพื่อกรณีฉุกเฉิน,น่าน,หนองกลาง,ศูนย์พัฒนาการจัดสวัสดิการสังคมผู้สูงอายุ
PAY00462,SOC00392,6981481048466,นรินทร์,วิริยะกุล,ชาย,2024-06-08,เด็กและเยาวชน,เงินช่วยเหลือผู้ประสบปัญหาทางสังคมกรณีฉุกเฉิน,ที่อยู่อาศัยไม่เหมาะสม,2026-06-27,2026-06-30,2026-07-06,5500,1000,เงินสดผ่านหน่วยงาน,จ่ายครบแล้ว,3,เงินกองทุนส่งเสริมการจัดสวัสดิการสังคม,นครสวรรค์,ศรีพัฒนา,ศูนย์คุ้มครองคนไร้ที่พึ่ง
PAY00463,SOC00447,3636405672556,พชร,แสงจันทร์,ชาย,2021-08-13,เด็กและเยาวชน,เงินสงเคราะห์ครอบครัวผู้มีรายได้น้อยและผู้ไร้ที่พึ่ง,ที่อยู่อาศัยไม่เหมาะสม,2023-08-07,2023-08-11,2023-08-14,7000,3000,โอนเข้าบัญชีธนาคาร,จ่ายครบแล้ว,2,งบดำเนินงานของหน่วยงาน,ตรัง,เมือง,บ้านพักเด็กและครอบครัว
PAY00464,SOC00499,1864211334809,สุวิมล,ศรีนวล,หญิง,1939-07-02,ผู้สูงอายุ,เงินสงเคราะห์ครอบครัวผู้มีรายได้น้อยและผู้ไร้ที่พึ่ง,มีค่าใช้จ่ายด้านสุขภาพ,2026-08-22,2026-08-24,2026-08-24,8000,1500,พร้อมเพย์,จ่ายครบแล้ว,3,งบดำเนินงานของหน่วยงาน,พระนครศรีอยุธยา,ศรีพัฒนา,สำนักงานพัฒนาสังคมและความมั่นคงของมนุษย์จังหวัด
PAY00465,SOC00285,7076286750735,กาญจนา,รัตนกุล,ชาย,1972-05-14,ผู้มีรายได้น้อย,เงินสงเคราะห์ผู้สูงอายุในภาวะยากลำบาก,มีภาระหนี้สินและค่าใช้จ่ายจำเป็น,2026-08-21,2026-08-24,2026-08-24,9000,9000,เงินสดผ่านหน่วยงาน,จ่ายครบแล้ว,1,เงินสำรองเพื่อกรณีฉุกเฉิน,ปทุมธานี,เมืองปทุมธานี,ศูนย์พัฒนาการจัดสวัสดิการสังคมผู้สูงอายุ
PAY00466,SOC00299,6942314063865,มนัสวี,อุดมศักดิ์,ชาย,1963-12-17,ผู้สูงอายุ,เงินสงเคราะห์เด็กในครอบครัวยากจน,ครอบครัวประสบเหตุฉุกเฉิน,2023-05-11,2023-05-13,2023-05-21,3500,500,พร้อมเพย์,จ่ายครบแล้ว,2,งบประมาณรายจ่ายประจำปี,นครศรีธรรมราช,ศรีพัฒนา,สำนักงานพัฒนาสังคมและความมั่นคงของมนุษย์จังหวัด
PAY00467,SOC00434,1314132430524,วรรณวิสา,สืบสาย,ชาย,1992-08-10,ผู้มีรายได้น้อย,เงินสงเคราะห์ครอบครัวผู้มีรายได้น้อยและผู้ไร้ที่พึ่ง,ว่างงานหรือรายได้ลดลง,2024-02-13,2024-02-19,2024-02-22,5500,5500,พร้อมเพย์,จ่ายครบแล้ว,1,เงินกองทุนส่งเสริมการจัดสวัสดิการสังคม,ปทุมธานี,ลำลูกกา,สำนักงานพัฒนาสังคมและความมั่นคงของมนุษย์จังหวัด
PAY00468,SOC00106,5499312856054,วรวิทย์,บุญธรรม,หญิง,2014-10-03,เด็กและเยาวชน,เงินช่วยเหลือด้านที่อยู่อาศัย,ขาดรายได้สำหรับค่าใช้จ่ายจำเป็น,2023-12-24,2023-12-27,2024-01-04,10000,10000,พร้อมเพย์,จ่ายครบแล้ว,1,เงินสำรองเพื่อกรณีฉุกเฉิน,สุราษฎร์ธานี,คลองใหม่,สำนักงานพัฒนาสังคมและความมั่นคงของมนุษย์จังหวัด
PAY00469,SOC00257,5018625824481,มนัสวี,บุญช่วย,ชาย,2003-11-29,เด็กและเยาวชน,เงินสงเคราะห์ครอบครัวผู้มีรายได้น้อยและผู้ไร้ที่พึ่ง,มีค่าใช้จ่ายด้านสุขภาพ,2025-10-07,2025-10-18,2025-10-27,3000,1000,โอนเข้าบัญชีธนาคาร,จ่ายครบแล้ว,3,เงินสำรองเพื่อกรณีฉุกเฉิน,กระบี่,ทุ่งสุข,ศูนย์พัฒนาการจัดสวัสดิการสังคมผู้สูงอายุ
PAY00470,SOC00320,3182451883395,นิภาพร,บัวทอง,หญิง,1959-08-29,ผู้สูงอายุ,เงินสงเคราะห์คนพิการ,มีค่าใช้จ่ายด้านสุขภาพ,2024-12-26,2024-12-28,2025-01-02,4500,2000,พร้อมเพย์,จ่ายครบแล้ว,2,เงินกองทุนส่งเสริมการจัดสวัสดิการสังคม,ปทุมธานี,ลำลูกกา,บ้านพักเด็กและครอบครัว
PAY00471,SOC00437,3805999728646,สายฝน,แสงทอง,หญิง,1975-08-27,ผู้ประสบปัญหาทางสังคมทั่วไป,เงินสงเคราะห์เด็กในครอบครัวยากจน,ว่างงานหรือรายได้ลดลง,2026-03-24,2026-03-31,2026-04-01,4500,500,โอนเข้าบัญชีธนาคาร,รอจ่ายงวดถัดไป,2,งบประมาณรายจ่ายประจำปี,กระบี่,เมือง,ศูนย์คุ้มครองคนไร้ที่พึ่ง
PAY00472,SOC00050,4130455906299,รุจิรา,วัฒนกุล,ชาย,1970-12-07,ผู้ประสบปัญหาทางสังคมทั่วไป,เงินช่วยเหลือด้านที่อยู่อาศัย,ว่างงานหรือรายได้ลดลง,2022-06-03,2022-06-07,2022-06-09,6000,1500,โอนเข้าบัญชีธนาคาร,จ่ายครบแล้ว,2,เงินสำรองเพื่อกรณีฉุกเฉิน,นครปฐม,ทุ่งสุข,บ้านพักเด็กและครอบครัว
PAY00473,SOC00232,7081007014439,พิมพ์ชนก,สมานมิตร,ชาย,2006-03-24,เด็กและเยาวชน,เงินสงเคราะห์ผู้สูงอายุในภาวะยากลำบาก,ขาดผู้ดูแลและรายได้,2024-02-23,2024-02-24,2024-02-24,10000,500,พร้อมเพย์,จ่ายครบแล้ว,3,เงินกองทุนส่งเสริมการจัดสวัสดิการสังคม,อุดรธานี,ศรีพัฒนา,สำนักงานพัฒนาสังคมและความมั่นคงของมนุษย์จังหวัด
PAY00474,SOC00483,5163302379447,ภูริณัฐ,อ่อนละมุน,หญิง,2023-09-19,เด็กและเยาวชน,เงินสงเคราะห์เด็กในครอบครัวยากจน,มีภาระหนี้สินและค่าใช้จ่ายจำเป็น,2024-08-12,2024-08-24,2024-08-29,5500,5500,เงินสดผ่านหน่วยงาน,จ่ายครบแล้ว,1,งบดำเนินงานของหน่วยงาน,ปทุมธานี,คลองหลวง,ศูนย์คุ้มครองคนไร้ที่พึ่ง
PAY00475,SOC00135,2443182373342,ธนา,บุญช่วย,หญิง,2020-04-12,เด็กและเยาวชน,เงินสงเคราะห์เด็กในครอบครัวยากจน,ว่างงานหรือรายได้ลดลง,2025-08-22,2025-08-27,2025-09-04,8500,3000,โอนเข้าบัญชีธนาคาร,จ่ายครบแล้ว,3,งบประมาณรายจ่ายประจำปี,สุพรรณบุรี,บ้านใหม่,สำนักงานพัฒนาสังคมและความมั่นคงของมนุษย์จังหวัด
PAY00476,SOC00217,7246430645709,ชลธิชา,สวัสดี,หญิง,2012-06-05,เด็กและเยาวชน,เงินสงเคราะห์คนพิการ,มีภาระหนี้สินและค่าใช้จ่ายจำเป็น,2022-06-19,2022-06-21,2022-06-22,6500,500,โอนเข้าบัญชีธนาคาร,จ่ายครบแล้ว,2,งบประมาณรายจ่ายประจำปี,สงขลา,สิงหนคร,ศูนย์พัฒนาการจัดสวัสดิการสังคมผู้สูงอายุ
PAY00477,SOC00117,4030663922367,กาญจนา,สุวรรณศรี,ชาย,1957-11-14,ผู้สูงอายุ,เงินช่วยเหลือด้านที่อยู่อาศัย,ว่างงานหรือรายได้ลดลง,2026-06-24,2026-06-27,2026-06-28,8500,8500,เงินสดผ่านหน่วยงาน,จ่ายครบแล้ว,1,เงินสำรองเพื่อกรณีฉุกเฉิน,สงขลา,เมืองสงขลา,ศูนย์พัฒนาการจัดสวัสดิการสังคมผู้สูงอายุ
PAY00478,SOC00265,5058987582109,ศิริพร,รัตนวงศ์,ชาย,1944-12-21,ผู้สูงอายุ,เงินช่วยเหลือผู้ประสบปัญหาทางสังคมกรณีฉุกเฉิน,ว่างงานหรือรายได้ลดลง,2025-08-23,2025-08-24,2025-08-31,8000,2000,พร้อมเพย์,จ่ายครบแล้ว,2,งบประมาณรายจ่ายประจำปี,ราชบุรี,ศรีพัฒนา,สำนักงานพัฒนาสังคมและความมั่นคงของมนุษย์จังหวัด
PAY00479,SOC00394,7892267323974,นันทนา,ร่มเย็น,หญิง,2020-12-04,เด็กและเยาวชน,เงินสงเคราะห์คนพิการ,ขาดผู้ดูแลและรายได้,2026-06-09,2026-06-11,2026-06-14,6000,4500,โอนเข้าบัญชีธนาคาร,จ่ายครบแล้ว,2,เงินสำรองเพื่อกรณีฉุกเฉิน,ขอนแก่น,ชุมแพ,บ้านพักเด็กและครอบครัว
PAY00480,SOC00435,7622134403618,จุฑามาศ,คงมั่น,ชาย,2015-06-21,เด็กและเยาวชน,เงินสงเคราะห์คนพิการ,ครอบครัวประสบเหตุฉุกเฉิน,2026-08-21,2026-08-24,2026-08-24,4000,1000,เงินสดผ่านหน่วยงาน,จ่ายครบแล้ว,3,งบดำเนินงานของหน่วยงาน,นนทบุรี,เมืองนนทบุรี,ศูนย์คุ้มครองคนไร้ที่พึ่ง
PAY00481,SOC00407,7569632092212,อริสรา,โชคชัย,ชาย,1963-02-16,ผู้สูงอายุ,เงินสงเคราะห์ผู้สูงอายุในภาวะยากลำบาก,มีค่าใช้จ่ายด้านสุขภาพ,2023-09-03,2023-09-10,2023-09-19,7000,6000,โอนเข้าบัญชีธนาคาร,จ่ายครบแล้ว,2,งบประมาณรายจ่ายประจำปี,พิษณุโลก,ทุ่งสุข,สำนักงานพัฒนาสังคมและความมั่นคงของมนุษย์จังหวัด
PAY00482,SOC00120,8440504636601,สายฝน,จำปาแก้ว,หญิง,1966-08-21,คนพิการ,เงินสงเคราะห์คนพิการ,ครอบครัวประสบเหตุฉุกเฉิน,2026-05-12,2026-05-23,2026-05-28,6500,6500,เงินสดผ่านหน่วยงาน,จ่ายครบแล้ว,1,งบประมาณรายจ่ายประจำปี,นครสวรรค์,บ้านใหม่,ศูนย์คุ้มครองคนไร้ที่พึ่ง
PAY00483,SOC00437,3805999728646,สายฝน,แสงทอง,หญิง,1975-08-27,ผู้ประสบปัญหาทางสังคมทั่วไป,เงินสงเคราะห์เด็กในครอบครัวยากจน,ว่างงานหรือรายได้ลดลง,2026-03-27,2026-04-02,2026-04-02,4500,1500,โอนเข้าบัญชีธนาคาร,จ่ายครบแล้ว,3,งบประมาณรายจ่ายประจำปี,กระบี่,เมือง,ศูนย์พัฒนาการจัดสวัสดิการสังคมผู้สูงอายุ
PAY00484,SOC00062,7069019795497,ชยพล,สุวรรณศรี,ชาย,1992-03-16,ผู้ประสบปัญหาทางสังคมทั่วไป,เงินสงเคราะห์คนพิการ,ที่อยู่อาศัยไม่เหมาะสม,2025-10-20,2025-10-25,2025-10-30,5000,500,พร้อมเพย์,จ่ายครบแล้ว,2,งบดำเนินงานของหน่วยงาน,ร้อยเอ็ด,หนองกลาง,สำนักงานพัฒนาสังคมและความมั่นคงของมนุษย์จังหวัด
PAY00485,SOC00482,6747467430119,ภาคิน,ศรีประภา,ชาย,1953-06-17,คนพิการ,เงินสงเคราะห์คนพิการ,ขาดผู้ดูแลและรายได้,2024-04-27,2024-05-05,2024-05-10,4000,2500,เงินสดผ่านหน่วยงาน,จ่ายครบแล้ว,2,งบประมาณรายจ่ายประจำปี,อุตรดิตถ์,เมือง,สำนักงานพัฒนาสังคมและความมั่นคงของมนุษย์จังหวัด
PAY00486,SOC00294,5231827650698,กิตติพงศ์,บุญเกิด,หญิง,1959-07-05,ผู้สูงอายุ,เงินสงเคราะห์ครอบครัวผู้มีรายได้น้อยและผู้ไร้ที่พึ่ง,ประสบปัญหาค่าครองชีพ,2025-10-27,2025-11-05,2025-11-05,8500,7000,พร้อมเพย์,จ่ายครบแล้ว,2,เงินกองทุนส่งเสริมการจัดสวัสดิการสังคม,นนทบุรี,บางใหญ่,ศูนย์พัฒนาการจัดสวัสดิการสังคมผู้สูงอายุ
PAY00487,SOC00225,4266212027472,เพ็ญนภา,ยอดแก้ว,ชาย,1982-07-30,คนพิการ,เงินสงเคราะห์ครอบครัวผู้มีรายได้น้อยและผู้ไร้ที่พึ่ง,ขาดรายได้สำหรับค่าใช้จ่ายจำเป็น,2025-11-06,2025-11-14,2025-11-15,3500,500,พร้อมเพย์,จ่ายครบแล้ว,3,เงินกองทุนส่งเสริมการจัดสวัสดิการสังคม,ระยอง,หนองกลาง,สำนักงานพัฒนาสังคมและความมั่นคงของมนุษย์จังหวัด
PAY00488,SOC00109,7193309946432,ณัฐพงษ์,ธรรมคุณ,ชาย,1982-04-23,ผู้ประสบปัญหาทางสังคมทั่วไป,เงินสงเคราะห์เด็กในครอบครัวยากจน,ขาดรายได้สำหรับค่าใช้จ่ายจำเป็น,2023-09-14,2023-09-19,2023-09-26,7500,2000,โอนเข้าบัญชีธนาคาร,จ่ายครบแล้ว,3,เงินกองทุนส่งเสริมการจัดสวัสดิการสังคม,อุตรดิตถ์,ศรีพัฒนา,ศูนย์คุ้มครองคนไร้ที่พึ่ง
PAY00489,SOC00355,6122534688276,พงศกร,ทวีทรัพย์,หญิง,1955-05-01,ผู้สูงอายุ,เงินช่วยเหลือด้านที่อยู่อาศัย,ว่างงานหรือรายได้ลดลง,2025-06-09,2025-06-15,2025-06-23,5500,5500,เงินสดผ่านหน่วยงาน,จ่ายครบแล้ว,1,เงินกองทุนส่งเสริมการจัดสวัสดิการสังคม,ปัตตานี,เมือง,บ้านพักเด็กและครอบครัว
PAY00490,SOC00079,1036515935046,รัตนา,ตั้งมั่น,ชาย,1959-02-19,ผู้ประสบปัญหาทางสังคมทั่วไป,เงินสงเคราะห์ครอบครัวผู้มีรายได้น้อยและผู้ไร้ที่พึ่ง,มีค่าใช้จ่ายด้านสุขภาพ,2026-08-04,2026-08-11,2026-08-14,9000,6500,พร้อมเพย์,จ่ายบางส่วน,1,งบประมาณรายจ่ายประจำปี,สุพรรณบุรี,ทุ่งสุข,สำนักงานพัฒนาสังคมและความมั่นคงของมนุษย์จังหวัด
PAY00491,SOC00352,7217531176802,ธัญชนก,สุขใจ,หญิง,1967-11-26,ผู้มีรายได้น้อย,เงินสงเคราะห์ผู้สูงอายุในภาวะยากลำบาก,ขาดผู้ดูแลและรายได้,2025-11-16,2025-11-25,2025-12-02,6000,500,พร้อมเพย์,จ่ายครบแล้ว,3,งบดำเนินงานของหน่วยงาน,เชียงราย,พาน,ศูนย์คุ้มครองคนไร้ที่พึ่ง
PAY00492,SOC00410,2510068330946,วรัญญา,ธรรมรักษ์,ชาย,1977-08-10,ผู้ประสบปัญหาทางสังคมทั่วไป,เงินสงเคราะห์คนพิการ,ที่อยู่อาศัยไม่เหมาะสม,2023-04-17,2023-04-20,2023-04-24,4000,1000,โอนเข้าบัญชีธนาคาร,จ่ายครบแล้ว,3,เงินสำรองเพื่อกรณีฉุกเฉิน,ปราจีนบุรี,เมือง,สำนักงานพัฒนาสังคมและความมั่นคงของมนุษย์จังหวัด
PAY00493,SOC00079,1036515935046,รัตนา,ตั้งมั่น,ชาย,1959-02-19,ผู้ประสบปัญหาทางสังคมทั่วไป,เงินสงเคราะห์ครอบครัวผู้มีรายได้น้อยและผู้ไร้ที่พึ่ง,มีค่าใช้จ่ายด้านสุขภาพ,2026-07-31,2026-08-08,2026-08-13,9000,2500,โอนเข้าบัญชีธนาคาร,จ่ายครบแล้ว,2,งบประมาณรายจ่ายประจำปี,สุพรรณบุรี,ทุ่งสุข,บ้านพักเด็กและครอบครัว
PAY00494,SOC00198,6058464981804,สิทธิโชค,ศรีสุข,ชาย,1983-09-26,ผู้ประสบปัญหาทางสังคมทั่วไป,เงินสงเคราะห์เด็กในครอบครัวยากจน,ขาดรายได้สำหรับค่าใช้จ่ายจำเป็น,2023-09-22,2023-10-04,2023-10-06,4000,2500,โอนเข้าบัญชีธนาคาร,จ่ายครบแล้ว,3,เงินสำรองเพื่อกรณีฉุกเฉิน,ลพบุรี,เมือง,ศูนย์คุ้มครองคนไร้ที่พึ่ง
PAY00495,SOC00029,3899298774505,กาญจนา,ตั้งมั่น,หญิง,1982-12-13,สตรีและครอบครัว,เงินสงเคราะห์ผู้สูงอายุในภาวะยากลำบาก,ครอบครัวประสบเหตุฉุกเฉิน,2026-06-26,2026-07-01,2026-07-08,6500,6500,พร้อมเพย์,จ่ายครบแล้ว,1,เงินกองทุนส่งเสริมการจัดสวัสดิการสังคม,ลำปาง,บ้านใหม่,สำนักงานพัฒนาสังคมและความมั่นคงของมนุษย์จังหวัด
PAY00496,SOC00183,7622134403618,จุฑามาศ,คงมั่น,ชาย,2015-06-21,เด็กและเยาวชน,เงินสงเคราะห์ครอบครัวผู้มีรายได้น้อยและผู้ไร้ที่พึ่ง,ขาดผู้ดูแลและรายได้,2023-11-14,2023-11-21,2023-12-01,3000,3000,โอนเข้าบัญชีธนาคาร,จ่ายครบแล้ว,1,เงินสำรองเพื่อกรณีฉุกเฉิน,พระนครศรีอยุธยา,คลองใหม่,สำนักงานพัฒนาสังคมและความมั่นคงของมนุษย์จังหวัด
PAY00497,SOC00084,4681324578448,ชลธิชา,สืบสาย,หญิง,1976-01-20,ผู้มีรายได้น้อย,เงินช่วยเหลือผู้ประสบปัญหาทางสังคมกรณีฉุกเฉิน,ครอบครัวประสบเหตุฉุกเฉิน,2025-10-29,2025-11-01,2025-11-08,7500,500,พร้อมเพย์,จ่ายครบแล้ว,3,งบประมาณรายจ่ายประจำปี,กาฬสินธุ์,คลองใหม่,ศูนย์พัฒนาการจัดสวัสดิการสังคมผู้สูงอายุ
PAY00498,SOC00235,8917447989352,ณัฐธิดา,พรมศรี,ชาย,2015-03-31,คนพิการ,เงินสงเคราะห์ผู้สูงอายุในภาวะยากลำบาก,ประสบปัญหาค่าครองชีพ,2025-04-29,2025-05-07,2025-05-16,7500,5000,พร้อมเพย์,จ่ายครบแล้ว,2,เงินกองทุนส่งเสริมการจัดสวัสดิการสังคม,จันทบุรี,เมือง,ศูนย์พัฒนาการจัดสวัสดิการสังคมผู้สูงอายุ
PAY00499,SOC00121,6602393035595,วราภรณ์,คำดี,ชาย,2004-07-18,ผู้ประสบปัญหาทางสังคมทั่วไป,เงินสงเคราะห์ผู้สูงอายุในภาวะยากลำบาก,ครอบครัวประสบเหตุฉุกเฉิน,2024-10-03,2024-10-13,2024-10-23,3000,500,เงินสดผ่านหน่วยงาน,จ่ายครบแล้ว,3,เงินกองทุนส่งเสริมการจัดสวัสดิการสังคม,สุราษฎร์ธานี,เมือง,ศูนย์คุ้มครองคนไร้ที่พึ่ง
PAY00500,SOC00292,8545371554212,อาทิตย์,แสนดี,ชาย,1988-05-29,คนพิการ,เงินช่วยเหลือผู้ประสบปัญหาทางสังคมกรณีฉุกเฉิน,มีภาระหนี้สินและค่าใช้จ่ายจำเป็น,2022-08-04,2022-08-14,2022-08-22,6500,2500,พร้อมเพย์,จ่ายครบแล้ว,3,เงินกองทุนส่งเสริมการจัดสวัสดิการสังคม,บุรีรัมย์,ทุ่งสุข,ศูนย์พัฒนาการจัดสวัสดิการสังคมผู้สูงอายุ
