ลำดับที่,ปี,อำเภอ,ชื่อ,ที่ตั้ง,ที่มา,ตำบล
1,2565,เมืองเพชรบูรณ์,วิสาหกิจชุมชนกลุ่มปลูกผักบ้านทุ่งแค,149/1 หมู่ 6 ต.บ้านโตก อ.เมืองเพชรบูรณ์ จ.เพชรบูรณ์,สำนักงานเกษตรจังหวัดเพชรบูรณ์,บ้านโตก
2,2565,เมืองเพชรบูรณ์,วิสาหกิจชุมชนผู้ปลูกหอมแดงบ้านทุ่งแค,29/4 หมู่ 6 ต.บ้านโตก อ.เมืองเพชรบูรณ์ จ.เพชรบูรณ์,สำนักงานเกษตรจังหวัดเพชรบูรณ์,บ้านโตก
3,2565,เมืองเพชรบูรณ์,วิสาหกิจชุมชนกลุ่มแม่บ้านเกษตรบ้านนาร่วมใจ,153 หมู่ 6 ต.นางั่ว อ.เมืองเพชรบูรณ์ จ.เพชรบูรณ์,สำนักงานเกษตรจังหวัดเพชรบูรณ์,นางั่ว
4,2565,เมืองเพชรบูรณ์,วิสาหกิจชุมชนส่งเสริมอาชีพผลิตน้ำพริกเผาปรุงสำเร็จบ้านโคก,63/1 หมู่ 1 ต.บ้านโคก อ.เมืองเพชรบูรณ์ จ.เพชรบูรณ์,สำนักงานเกษตรจังหวัดเพชรบูรณ์,บ้านโคก
5,2565,เมืองเพชรบูรณ์,วิสาหกิจชุมชนกลุ่มเกษตรกรเพื่อการผลิต กม. 13,14/1 หมู่ 13 ต.ห้วยสะแก อ.เมืองเพชรบูรณ์ จ.เพชรบูรณ์,สำนักงานเกษตรจังหวัดเพชรบูรณ์,ห้วยสะแก
6,2565,เมืองเพชรบูรณ์,วิสาหกิจชุมชนกลุ่มเกษตรสัมพันธุ์ บ.เนินสง่า,101 หมู่ 6 ต.ห้วยสะแก อ.เมืองเพชรบูรณ์ จ.เพชรบูรณ์,สำนักงานเกษตรจังหวัดเพชรบูรณ์,ห้วยสะแก
7,2565,เมืองเพชรบูรณ์,วิสาหกิจชุมชนกลุ่มเกษตรกรร่วมใจพัฒนาห้วยสะแก,2 หมู่ 6 ต.ห้วยสะแก อ.เมืองเพชรบูรณ์ จ.เพชรบูรณ์,สำนักงานเกษตรจังหวัดเพชรบูรณ์,ห้วยสะแก
8,2565,เมืองเพชรบูรณ์,วิสาหกิจชุมชนเกษตรกรชีวภาพบ้าน 13 ทวีทรัพย์,105/3 หมู่ 13 ต.ห้วยสะแก อ.เมืองเพชรบูรณ์ จ.เพชรบูรณ์,สำนักงานเกษตรจังหวัดเพชรบูรณ์,ห้วยสะแก
9,2565,เมืองเพชรบูรณ์,วิสาหกิจชุมชนกลุ่มตัดเย็บเสื้อผ้าบ้านเนินสง่า หมู่ 6,90/3 หมู่ 6 ต.ห้วยสะแก อ.เมืองเพชรบูรณ์ จ.เพชรบูรณ์,สำนักงานเกษตรจังหวัดเพชรบูรณ์,ห้วยสะแก
10,2565,เมืองเพชรบูรณ์,วิสาหกิจชุมชนสุกรบ้านสวน,380/5 หมู่ ต.ในเมือง อ.เมืองเพชรบูรณ์ จ.เพชรบูรณ์ ,สำนักงานเกษตรจังหวัดเพชรบูรณ์,ในเมือง
11,2565,เมืองเพชรบูรณ์,วิสาหกิจชุมชนข้าวเกรียบสมุนไพรหมู่ 5 วังชมภู,173 หมู่ 5 ต.วังชมภู อ.เมืองเพชรบูรณ์ จ.เพชรบูรณ์,สำนักงานเกษตรจังหวัดเพชรบูรณ์,วังชมภู
12,2565,เมืองเพชรบูรณ์,วิสาหกิจชุมชนกลุ่มกล้วยทิพย์บ้านวังทอง หมู่ 4,59 หมู่ 4 ต.วังชมภู อ.เมืองเพชรบูรณ์ จ.เพชรบูรณ์,สำนักงานเกษตรจังหวัดเพชรบูรณ์,วังชมภู
13,2565,เมืองเพชรบูรณ์,วิสาหกิจชุมชนกลุ่มแปรรูปผลไม้บ้านยาวี,258 หมู่ 1 ต.วังชมภู อ.เมืองเพชรบูรณ์ จ.เพชรบูรณ์,สำนักงานเกษตรจังหวัดเพชรบูรณ์,วังชมภู
14,2565,เมืองเพชรบูรณ์,วิสาหกิจชุมชนกลุ่มมะขามหวานแปรรูปบ้านยาวี,120/1 หมู่ 1 ต.วังชมภู อ.เมืองเพชรบูรณ์ จ.เพชรบูรณ์,สำนักงานเกษตรจังหวัดเพชรบูรณ์,วังชมภู
15,2565,เมืองเพชรบูรณ์,วิสาหกิจชุมชนกลุ่มเลี้ยงวัวพันธุ์เนื้อบ้านน้อย ต. น้ำร้อน,187 หมู่ 10 ต.น้ำร้อน อ.เมืองเพชรบูรณ์ จ.เพชรบูรณ์,สำนักงานเกษตรจังหวัดเพชรบูรณ์,น้ำร้อน
16,2565,เมืองเพชรบูรณ์,วิสาหกิจชุมชนกลุ่มสตรีกล้วยฉาบแม่บ้านซำบอน หมู่ 8,33/1 หมู่ 8 ต.ห้วยใหญ่ อ.เมืองเพชรบูรณ์ จ.เพชรบูรณ์,สำนักงานเกษตรจังหวัดเพชรบูรณ์,ห้วยใหญ่
17,2565,เมืองเพชรบูรณ์,วิสาหกิจชุมชนกลุ่มมะขามหวานแปรรูปบุญคง 48,145/1 หมู่ 1 ต.วังชมภู อ.เมืองเพชรบูรณ์ จ.เพชรบูรณ์,สำนักงานเกษตรจังหวัดเพชรบูรณ์,วังชมภู
18,2565,เมืองเพชรบูรณ์,วิสาหกิจชุมชนกลุ่มผู้ปลูกข้าวหอมมะลิหนองผักบุ้งพัฒนา,49 หมู่ 1 ต.นายม อ.เมืองเพชรบูรณ์ จ.เพชรบูรณ์,สำนักงานเกษตรจังหวัดเพชรบูรณ์,นายม
19,2565,เมืองเพชรบูรณ์,วิสาหกิจชุมชนกลุ่มสตรีแสงจันทร์,290 หมู่ 1 ต.สะเดียง อ.เมืองเพชรบูรณ์ จ.เพชรบูรณ์,สำนักงานเกษตรจังหวัดเพชรบูรณ์,สะเดียง
20,2565,เมืองเพชรบูรณ์,วิสาหกิจชุมชนกลุ่มเลี้ยงโคบ้านโนนเสาธง ม.6 ตำบลตะเบาะ,156/2 หมู่ 6 ต.ตะเบาะ อ.เมืองเพชรบูรณ์ จ.เพชรบูรณ์,สำนักงานเกษตรจังหวัดเพชรบูรณ์,ตะเบาะ
21,2565,เมืองเพชรบูรณ์,วิสาหกิจชุมชนกลุ่มเลี้ยงวัวพันธุ์เนื้อร่วมใจ ธ.ก.ส. บ้านบุฉนวน,135/1 หมู่ 1 ต.น้ำร้อน อ.เมืองเพชรบูรณ์ จ.เพชรบูรณ์,สำนักงานเกษตรจังหวัดเพชรบูรณ์,น้ำร้อน
22,2565,เมืองเพชรบูรณ์,วิสาหกิจชุมชนศูนย์ผลิตเมล็ดพันธุ์กลุ่ม 2 หมู่ 4 บ้านป่าแดง,73 หมู่ 4 ต.ป่าเลา อ.เมืองเพชรบูรณ์ จ.เพชรบูรณ์,สำนักงานเกษตรจังหวัดเพชรบูรณ์,ป่าเลา
23,2565,เมืองเพชรบูรณ์,วิสาหกิจชุมชนผู้เลี้ยงสุกรบ้านขมวด หมู่ 6,1/3 หมู่ 6 ต.นายม อ.เมืองเพชรบูรณ์ จ.เพชรบูรณ์,สำนักงานเกษตรจังหวัดเพชรบูรณ์,นายม
24,2565,เมืองเพชรบูรณ์,วิสาหกิจชุมชนผู้เลี้ยงสุกรบ้านพลำ หมู่ 6,119/1 หมู่ 6 ต.ป่าเลา อ.เมืองเพชรบูรณ์ จ.เพชรบูรณ์,สำนักงานเกษตรจังหวัดเพชรบูรณ์,ป่าเลา
25,2565,เมืองเพชรบูรณ์,วิสาหกิจชุมชนกลุ่มแปรรูปผลิตภัณฑ์ทางการเกษตร หมู่ 3 ต. บ้านโคก,86 หมู่ 3 ต.บ้านโคก อ.เมืองเพชรบูรณ์ จ.เพชรบูรณ์,สำนักงานเกษตรจังหวัดเพชรบูรณ์,บ้านโคก
26,2565,เมืองเพชรบูรณ์,วิสาหกิจชุมชนกลุ่มปลูกข้าวโพดบ้านน้ำร้อนเหนือ หมู่ 2,16 หมู่ 2 ต.น้ำร้อน อ.เมืองเพชรบูรณ์ จ.เพชรบูรณ์,สำนักงานเกษตรจังหวัดเพชรบูรณ์,น้ำร้อน
27,2565,เมืองเพชรบูรณ์,วิสาหกิจชุมชนกลุ่มข้าวโพดบ้านซำบอน หมู่ 8 ต. ห้วยใหญ่,15 หมู่ 8 ต.ห้วยใหญ่ อ.เมืองเพชรบูรณ์ จ.เพชรบูรณ์,สำนักงานเกษตรจังหวัดเพชรบูรณ์,ห้วยใหญ่
28,2565,เมืองเพชรบูรณ์,วิสาหกิจชุมชนกลุ่มกองทุนเพื่อการเกษตร หมู่ 8 บ้านซำบอน,273/3 หมู่ 8 ต.ห้วยใหญ่ อ.เมืองเพชรบูรณ์ จ.เพชรบูรณ์,สำนักงานเกษตรจังหวัดเพชรบูรณ์,ห้วยใหญ่
29,2565,เมืองเพชรบูรณ์,วิสาหกิจชุมชนกลุ่มเลี้ยงโคเนื้อชัยเจริญพัฒนา กลุ่มที่ 1,25 หมู่ 11 ต.ห้วยสะแก อ.เมืองเพชรบูรณ์ จ.เพชรบูรณ์,สำนักงานเกษตรจังหวัดเพชรบูรณ์,ห้วยสะแก
30,2565,เมืองเพชรบูรณ์,วิสาหกิจชุมชนกลุ่มเลี้ยงโคเนื้อชัยเจริญ 49,28 หมู่ 11 ต.ห้วยสะแก อ.เมืองเพชรบูรณ์ จ.เพชรบูรณ์,สำนักงานเกษตรจังหวัดเพชรบูรณ์,ห้วยสะแก
31,2565,เมืองเพชรบูรณ์,วิสาหกิจชุมชนกลุ่มโคเนื้อโชคเจริญทรัพย์ หมู่ 11,26 หมู่ 11 ต.ห้วยสะแก อ.เมืองเพชรบูรณ์ จ.เพชรบูรณ์,สำนักงานเกษตรจังหวัดเพชรบูรณ์,ห้วยสะแก
32,2565,เมืองเพชรบูรณ์,วิสาหกิจชุมชนกลุ่มออมทรัพย์โคบาล,93/1 หมู่ 3 ต.ห้วยสะแก อ.เมืองเพชรบูรณ์ จ.เพชรบูรณ์,สำนักงานเกษตรจังหวัดเพชรบูรณ์,ห้วยสะแก
33,2565,เมืองเพชรบูรณ์,วิสาหกิจชุมชนกลุ่มเลี้ยงโคชัยมงคล กลุ่มที่ 1,13/1 หมู่ 1 ต.ห้วยสะแก อ.เมืองเพชรบูรณ์ จ.เพชรบูรณ์,สำนักงานเกษตรจังหวัดเพชรบูรณ์,ห้วยสะแก
34,2565,เมืองเพชรบูรณ์,วิสาหกิจชุมชนกลุ่มป้ายไม้มงคล,34 หมู่ 3 ต.นางั่ว อ.เมืองเพชรบูรณ์ จ.เพชรบูรณ์,สำนักงานเกษตรจังหวัดเพชรบูรณ์,นางั่ว
35,2565,เมืองเพชรบูรณ์,วิสาหกิจชุมชนกลุ่มผู้เลี้ยงหมูร่วมใจบ้านพลำ หมู่ 6,93/2 หมู่ 6 ต.ป่าเลา อ.เมืองเพชรบูรณ์ จ.เพชรบูรณ์,สำนักงานเกษตรจังหวัดเพชรบูรณ์,ป่าเลา
36,2565,เมืองเพชรบูรณ์,วิสาหกิจชุมชนกลุ่มเลี้ยงโคบ้านห้วยไคร้สามัคคี,152 หมู่ 5 ต.ตะเบาะ อ.เมืองเพชรบูรณ์ จ.เพชรบูรณ์,สำนักงานเกษตรจังหวัดเพชรบูรณ์,ตะเบาะ
37,2565,เมืองเพชรบูรณ์,วิสาหกิจชุมชนกลุ่มเลี้ยงโคเนื้อชัยมงคลพัฒนา ปี 51 หมู่ 1,89 หมู่ 1 ต.ห้วยสะแก อ.เมืองเพชรบูรณ์ จ.เพชรบูรณ์,สำนักงานเกษตรจังหวัดเพชรบูรณ์,ห้วยสะแก
38,2565,เมืองเพชรบูรณ์,วิสาหกิจชุมชนกลุ่มโคเนื้อทรัพย์เจริญ หมู่ 11 ปี 51,72 หมู่ 11 ต.ห้วยสะแก อ.เมืองเพชรบูรณ์ จ.เพชรบูรณ์,สำนักงานเกษตรจังหวัดเพชรบูรณ์,ห้วยสะแก
39,2565,เมืองเพชรบูรณ์,วิสาหกิจชุมชนกลุ่มเลี้ยงโคเนื้อชัยมงคล 2008 หมู่ 1,113/1 หมู่ 1 ต.ห้วยสะแก อ.เมืองเพชรบูรณ์ จ.เพชรบูรณ์,สำนักงานเกษตรจังหวัดเพชรบูรณ์,ห้วยสะแก
40,2565,เมืองเพชรบูรณ์,วิสาหกิจชุมชนกลุ่มมงคลทิพย์ 2551,90 หมู่ 1 ต.ห้วยสะแก อ.เมืองเพชรบูรณ์ จ.เพชรบูรณ์,สำนักงานเกษตรจังหวัดเพชรบูรณ์,ห้วยสะแก
41,2565,เมืองเพชรบูรณ์,วิสาหกิจชุมชนกลุ่มเลี้ยงโคเนื้อชัยมงคลก้าวหน้า,110 หมู่ 1 ต.ห้วยสะแก อ.เมืองเพชรบูรณ์ จ.เพชรบูรณ์,สำนักงานเกษตรจังหวัดเพชรบูรณ์,ห้วยสะแก
42,2565,เมืองเพชรบูรณ์,วิสาหกิจชุมชนศูนย์ผลิตเมล็ดพันธุ์พืชตำบลน้ำร้อน,14 หมู่ 10 ต.น้ำร้อน อ.เมืองเพชรบูรณ์ จ.เพชรบูรณ์,สำนักงานเกษตรจังหวัดเพชรบูรณ์,น้ำร้อน
43,2565,เมืองเพชรบูรณ์,วิสาหกิจชุมชนกลุ่มผลิตน้ำดื่มเพื่อชุมชนบ้านไร่อ้อย,95 หมู่ 12 ต.บ้านโคก อ.เมืองเพชรบูรณ์ จ.เพชรบูรณ์,สำนักงานเกษตรจังหวัดเพชรบูรณ์,บ้านโคก
44,2565,เมืองเพชรบูรณ์,วิสาหกิจชุมชนกลุ่มมะขามหวานศรีทองเกษตร ม.9,78 หมู่ 9 ต.น้ำร้อน อ.เมืองเพชรบูรณ์ จ.เพชรบูรณ์,สำนักงานเกษตรจังหวัดเพชรบูรณ์,น้ำร้อน
45,2565,เมืองเพชรบูรณ์,วิสาหกิจชุมชนศูนย์ผลิตเมล็ดพันธุ์พืชตำบลนาป่า,64 หมู่ 7 ต.นาป่า อ.เมืองเพชรบูรณ์ จ.เพชรบูรณ์,สำนักงานเกษตรจังหวัดเพชรบูรณ์,นาป่า
46,2565,เมืองเพชรบูรณ์,วิสาหกิจชุมชนกลุ่มผู้เลี้ยงสุกรบ้านบุสง่า,191 หมู่ 10 ต.น้ำร้อน อ.เมืองเพชรบูรณ์ จ.เพชรบูรณ์,สำนักงานเกษตรจังหวัดเพชรบูรณ์,น้ำร้อน
47,2565,เมืองเพชรบูรณ์,วิสาหกิจชุมชนกลุ่มผู้เลี้ยงหมู บ้านบุฉนวน,52 หมู่ 10 ต.น้ำร้อน อ.เมืองเพชรบูรณ์ จ.เพชรบูรณ์,สำนักงานเกษตรจังหวัดเพชรบูรณ์,น้ำร้อน
48,2565,เมืองเพชรบูรณ์,วิสาหกิจชุมชนกลุ่มเกษตรกรกสิกรรมธรรมชาติท่าพล,19 หมู่ 13 ต.ท่าพล อ.เมืองเพชรบูรณ์ จ.เพชรบูรณ์,สำนักงานเกษตรจังหวัดเพชรบูรณ์,ท่าพล
49,2565,เมืองเพชรบูรณ์,วิสาหกิจชุมชนกลุ่มออมทรัพย์เพื่อการเกษตร ม.9 ต.บ้านโตก,92/1 หมู่ 9 ต.บ้านโตก อ.เมืองเพชรบูรณ์ จ.เพชรบูรณ์,สำนักงานเกษตรจังหวัดเพชรบูรณ์,บ้านโตก
50,2565,เมืองเพชรบูรณ์,วิสาหกิจชุมชนแปรรูปยางพาราเพื่อเพิ่มมูลค่าบ้านโคก,56 หมู่ 1 ต.บ้านโคก อ.เมืองเพชรบูรณ์ จ.เพชรบูรณ์,สำนักงานเกษตรจังหวัดเพชรบูรณ์,บ้านโคก
51,2565,เมืองเพชรบูรณ์,วิสาหกิจชุมชนกลุ่มจัดซื้อผลผลิตมะขามหวานบ้านยางลาด,55 หมู่ 8 ต.ระวิง อ.เมืองเพชรบูรณ์ จ.เพชรบูรณ์,สำนักงานเกษตรจังหวัดเพชรบูรณ์,ระวิง
52,2565,เมืองเพชรบูรณ์,วิสาหกิจชุมชนเกษตรกรผู้ทำข้าว,54 หมู่ 7 ต.ห้วยสะแก อ.เมืองเพชรบูรณ์ จ.เพชรบูรณ์,สำนักงานเกษตรจังหวัดเพชรบูรณ์,ห้วยสะแก
53,2565,เมืองเพชรบูรณ์,วิสาหกิจชุมชนคนรักวัว,84 หมู่ 7 ต.ห้วยสะแก อ.เมืองเพชรบูรณ์ จ.เพชรบูรณ์,สำนักงานเกษตรจังหวัดเพชรบูรณ์,ห้วยสะแก
54,2565,เมืองเพชรบูรณ์,วิสาหกิจชุมชนกลุ่มเลี้ยงโคเนื้อมิตรใหม่พัฒนา,154 หมู่ 9 ต.ตะเบาะ อ.เมืองเพชรบูรณ์ จ.เพชรบูรณ์,สำนักงานเกษตรจังหวัดเพชรบูรณ์,ตะเบาะ
55,2565,เมืองเพชรบูรณ์,วิสาหกิจชุมชนกลุ่มบริการมะขามหวานบ้านซับชมภู,90 หมู่ 8 ต.ระวิง อ.เมืองเพชรบูรณ์ จ.เพชรบูรณ์,สำนักงานเกษตรจังหวัดเพชรบูรณ์,ระวิง
56,2565,เมืองเพชรบูรณ์,วิสาหกิจชุมชนแปรรูปผลผลิตการเกษตรตำบลป่าเลาเมืองเพชรบูรณ์,23/7 หมู่ 2 ต.ป่าเลา อ.เมืองเพชรบูรณ์ จ.เพชรบูรณ์,สำนักงานเกษตรจังหวัดเพชรบูรณ์,ป่าเลา
57,2565,เมืองเพชรบูรณ์,วิสาหกิจชุมชนธนาคารหมู่บ้านตามแนวพระราชดำริ หมู่ 15 ต.นาป่า,9 หมู่ 15 ต.นาป่า อ.เมืองเพชรบูรณ์ จ.เพชรบูรณ์,สำนักงานเกษตรจังหวัดเพชรบูรณ์,นาป่า
58,2565,เมืองเพชรบูรณ์,วิสาหกิจชุมชนกลุ่มปลูกผัก หมู่ 6 บ้านท่ากกตาล,116/3 หมู่ 6 ต.ดงมูลเหล็ก อ.เมืองเพชรบูรณ์ จ.เพชรบูรณ์,สำนักงานเกษตรจังหวัดเพชรบูรณ์,ดงมูลเหล็ก
59,2565,เมืองเพชรบูรณ์,วิสาหกิจชุมชนกลุ่มส่งเสริมอาชีพแปรรูปมะขามหวานบ้านโนนเสาธง,202 หมู่ 6 ต.ตะเบาะ อ.เมืองเพชรบูรณ์ จ.เพชรบูรณ์,สำนักงานเกษตรจังหวัดเพชรบูรณ์,ตะเบาะ
60,2565,เมืองเพชรบูรณ์,วิสาหกิจชุมชนกลุ่มเกษตรปลูกพืชผักหมุนเวียนบ้านซับชมภู,407 หมู่ 8 ต.ระวิง อ.เมืองเพชรบูรณ์ จ.เพชรบูรณ์,สำนักงานเกษตรจังหวัดเพชรบูรณ์,ระวิง
61,2565,เมืองเพชรบูรณ์,วิสาหกิจชุมชนผลิตข้าวปลอดสารพิษตำบลชอนไพร,209 หมู่ 3 ต.ชอนไพร อ.เมืองเพชรบูรณ์ จ.เพชรบูรณ์,สำนักงานเกษตรจังหวัดเพชรบูรณ์,ชอนไพร
62,2565,เมืองเพชรบูรณ์,วิสาหกิจชุมชนชาวนาบ้านวังขอน ปี 57,123 หมู่ 2 ต.ระวิง อ.เมืองเพชรบูรณ์ จ.เพชรบูรณ์,สำนักงานเกษตรจังหวัดเพชรบูรณ์,ระวิง
63,2565,เมืองเพชรบูรณ์,วิสาหกิจชุมชนข้าวโพดบ้านซำบอน 57,11 หมู่ 11 ต.น้ำร้อน อ.เมืองเพชรบูรณ์ จ.เพชรบูรณ์,สำนักงานเกษตรจังหวัดเพชรบูรณ์,น้ำร้อน
64,2565,เมืองเพชรบูรณ์,วิสาหกิจชุมชนขนมจีนบ้านโมคลา 57,50 หมู่ 6 ต.น้ำร้อน อ.เมืองเพชรบูรณ์ จ.เพชรบูรณ์,สำนักงานเกษตรจังหวัดเพชรบูรณ์,น้ำร้อน
65,2565,เมืองเพชรบูรณ์,วิสาหกิจชุมชนผู้เลี้ยงสุกรและแปรรูปสุกรบ้านห้วยไร่ 2558,172 หมู่ 3 ต.ระวิง อ.เมืองเพชรบูรณ์ จ.เพชรบูรณ์,สำนักงานเกษตรจังหวัดเพชรบูรณ์,ระวิง
66,2565,เมืองเพชรบูรณ์,วิสาหกิจชุมชนกลุ่มเกษตรอินทรีย์บ้านไร่สีอำพัน,234 หมู่ 2 ต.น้ำร้อน อ.เมืองเพชรบูรณ์ จ.เพชรบูรณ์,สำนักงานเกษตรจังหวัดเพชรบูรณ์,น้ำร้อน
67,2565,เมืองเพชรบูรณ์,วิสาหกิจชุมชนพันธุ์ข้าวบ้านโมคลา 2558,25 หมู่ 6 ต.น้ำร้อน อ.เมืองเพชรบูรณ์ จ.เพชรบูรณ์,สำนักงานเกษตรจังหวัดเพชรบูรณ์,น้ำร้อน
68,2565,เมืองเพชรบูรณ์,วิสาหกิจชุมชนกลุ่มเกษตรพอเพียงบ้านไทรงาม,51/1 หมู่ 9 ต.สะเดียง อ.เมืองเพชรบูรณ์ จ.เพชรบูรณ์,สำนักงานเกษตรจังหวัดเพชรบูรณ์,สะเดียง
69,2565,เมืองเพชรบูรณ์,วิสาหกิจชุมชนโคขุนบ้านซำบอน 2558,179 หมู่ 11 ต.น้ำร้อน อ.เมืองเพชรบูรณ์ จ.เพชรบูรณ์,สำนักงานเกษตรจังหวัดเพชรบูรณ์,น้ำร้อน
70,2565,เมืองเพชรบูรณ์,วิสาหกิจชุมชนพันธุ์ข้าวโพดบ้านหนองตาวงค์ 2558,196 หมู่ 5 ต.น้ำร้อน อ.เมืองเพชรบูรณ์ จ.เพชรบูรณ์,สำนักงานเกษตรจังหวัดเพชรบูรณ์,น้ำร้อน
71,2565,เมืองเพชรบูรณ์,วิสาหกิจชุมชนพืชเพื่อสุขภาพเพชรบูรณ์,13/2 หมู่ 5 ต.สะเดียง อ.เมืองเพชรบูรณ์ จ.เพชรบูรณ์,สำนักงานเกษตรจังหวัดเพชรบูรณ์,สะเดียง
72,2565,เมืองเพชรบูรณ์,วิสาหกิจชุมชนพันธุ์ข้าวบ้านซำเรียง 2558,78 หมู่ 8 ต.น้ำร้อน อ.เมืองเพชรบูรณ์ จ.เพชรบูรณ์,สำนักงานเกษตรจังหวัดเพชรบูรณ์,น้ำร้อน
73,2565,เมืองเพชรบูรณ์,วิสาหกิจชุมชนนวัตกรรมผ้าเพชรบูรณ์,127 หมู่ 18 ต.ท่าพล อ.เมืองเพชรบูรณ์ จ.เพชรบูรณ์,สำนักงานเกษตรจังหวัดเพชรบูรณ์,ท่าพล
74,2565,เมืองเพชรบูรณ์,วิสาหกิจชุมชนกลุ่มส่งเสริมอาชีพเพาะเห็ดบ้านปากปู่,33 หมู่ 10 ต.สะเดียง อ.เมืองเพชรบูรณ์ จ.เพชรบูรณ์,สำนักงานเกษตรจังหวัดเพชรบูรณ์,สะเดียง
75,2565,เมืองเพชรบูรณ์,วิสาหกิจชุมชนแปรรูปผลผลิตทางการเกษตรบ้านนางั่วเหนือ,75/1 หมู่ 11 ต.นางั่ว อ.เมืองเพชรบูรณ์ จ.เพชรบูรณ์,สำนักงานเกษตรจังหวัดเพชรบูรณ์,นางั่ว
76,2565,เมืองเพชรบูรณ์,วิสาหกิจชุมชนส่งเสริมอาชีพการเกษตรบ้านน้ำร้อน ปี 2559,148 หมู่ 3 ต.น้ำร้อน อ.เมืองเพชรบูรณ์ จ.เพชรบูรณ์,สำนักงานเกษตรจังหวัดเพชรบูรณ์,น้ำร้อน
77,2565,เมืองเพชรบูรณ์,วิสาหกิจชุมชนปัจจัยผลิตทางการเกษตรบ้านบุสง่า 2559,144 หมู่ 10 ต.น้ำร้อน อ.เมืองเพชรบูรณ์ จ.เพชรบูรณ์,สำนักงานเกษตรจังหวัดเพชรบูรณ์,น้ำร้อน
78,2565,เมืองเพชรบูรณ์,วิสาหกิจชุมชนนารวมบ้านวังทอง,81 หมู่ 4 ต.วังชมภู อ.เมืองเพชรบูรณ์ จ.เพชรบูรณ์,สำนักงานเกษตรจังหวัดเพชรบูรณ์,วังชมภู
79,2565,เมืองเพชรบูรณ์,วิสาหกิจชุมชนจำหน่ายปัจจัยการผลิตทางการเกษตรบ้านทุ่งหินปูน 2559,131 หมู่ 4 ต.น้ำร้อน อ.เมืองเพชรบูรณ์ จ.เพชรบูรณ์,สำนักงานเกษตรจังหวัดเพชรบูรณ์,น้ำร้อน
80,2565,เมืองเพชรบูรณ์,วิสาหกิจชุมชนเมล็ดข้าวพันธุ์ดีปลอดสารพิษบ้านคลองบง,39/1 หมู่ 3 ต.ดงมูลเหล็ก อ.เมืองเพชรบูรณ์ จ.เพชรบูรณ์,สำนักงานเกษตรจังหวัดเพชรบูรณ์,ดงมูลเหล็ก
81,2565,เมืองเพชรบูรณ์,วิสาหกิจชุมชนกลุ่มเกษตรพัฒนา,105 หมู่ 8 ต.ห้วยสะแก อ.เมืองเพชรบูรณ์ จ.เพชรบูรณ์,สำนักงานเกษตรจังหวัดเพชรบูรณ์,ห้วยสะแก
82,2565,เมืองเพชรบูรณ์,วิสาหกิจชุมชนโคเนื้อบ้านหนองหิน,17 หมู่ 3 ต.ห้วยสะแก อ.เมืองเพชรบูรณ์ จ.เพชรบูรณ์,สำนักงานเกษตรจังหวัดเพชรบูรณ์,ห้วยสะแก
83,2565,เมืองเพชรบูรณ์,วิสาหกิจชุมชนกลุ่มเปลผลิตภัณฑ์จากผ้าบ้านชัยเจริญ,112 หมู่ 11 ต.ห้วยสะแก อ.เมืองเพชรบูรณ์ จ.เพชรบูรณ์,สำนักงานเกษตรจังหวัดเพชรบูรณ์,ห้วยสะแก
84,2565,เมืองเพชรบูรณ์,วิสาหกิจชุมชนโคเนื้อบ้านห้วยทราย 2559,54/2 หมู่ 3 ต.ระวิง อ.เมืองเพชรบูรณ์ จ.เพชรบูรณ์,สำนักงานเกษตรจังหวัดเพชรบูรณ์,ระวิง
85,2565,เมืองเพชรบูรณ์,วิสาหกิจชุมชนโคเนื้อบ้านห้วยไร่ 2559,30 หมู่ 3 ต.ระวิง อ.เมืองเพชรบูรณ์ จ.เพชรบูรณ์,สำนักงานเกษตรจังหวัดเพชรบูรณ์,ระวิง
86,2565,เมืองเพชรบูรณ์,วิสาหกิจชุมชนกลุ่มผู้เลี้ยงโค ต.ห้วยสะแก,66/1 หมู่ 6 ต.ห้วยสะแก อ.เมืองเพชรบูรณ์ จ.เพชรบูรณ์,สำนักงานเกษตรจังหวัดเพชรบูรณ์,ห้วยสะแก
87,2565,เมืองเพชรบูรณ์,วิสาหกิจชุมชนกลุ่มผู้เลี้ยงโคขุนบ้านไร่ยาน,65/1 หมู่ 10 ต.ตะเบาะ อ.เมืองเพชรบูรณ์ จ.เพชรบูรณ์,สำนักงานเกษตรจังหวัดเพชรบูรณ์,ตะเบาะ
88,2565,เมืองเพชรบูรณ์,วิสาหกิจชุมชนกลุ่มผู้เลี้ยงโคเนื้อ บ้านดงผักกูด ม.14,39 หมู่ 14 ต.ห้วยสะแก อ.เมืองเพชรบูรณ์ จ.เพชรบูรณ์,สำนักงานเกษตรจังหวัดเพชรบูรณ์,ห้วยสะแก
89,2565,เมืองเพชรบูรณ์,วิสาหกิจชุมชนการผลิตและแปรรูปอาหารเพื่อสุขภาพ,111 หมู่ 2 ต.ห้วยใหญ่ อ.เมืองเพชรบูรณ์ จ.เพชรบูรณ์,สำนักงานเกษตรจังหวัดเพชรบูรณ์,ห้วยใหญ่
90,2565,เมืองเพชรบูรณ์,วิสาหกิจชุมชนกลุ่มปุ๋ยเพื่อนเกษตร ม.6 ต.ตะเบาะ,49/1 หมู่ 6 ต.ตะเบาะ อ.เมืองเพชรบูรณ์ จ.เพชรบูรณ์,สำนักงานเกษตรจังหวัดเพชรบูรณ์,ตะเบาะ
91,2565,เมืองเพชรบูรณ์,วิสาหกิจชุมชนส่งเสริมอาชีพเกษตรบ้านป่าบง 2560,224 หมู่ 7 ต.ตะเบาะ อ.เมืองเพชรบูรณ์ จ.เพชรบูรณ์,สำนักงานเกษตรจังหวัดเพชรบูรณ์,ตะเบาะ
92,2565,เมืองเพชรบูรณ์,วิสาหกิจชุมชนเกษตรร่วมใจนางั่ว,24 หมู่ 4 ต.นางั่ว อ.เมืองเพชรบูรณ์ จ.เพชรบูรณ์,สำนักงานเกษตรจังหวัดเพชรบูรณ์,นางั่ว
93,2565,เมืองเพชรบูรณ์,วิสาหกิจชุมชนเกษตรบ้านหัวนา,36/1 หมู่ 8 ต.บ้านโคก อ.เมืองเพชรบูรณ์ จ.เพชรบูรณ์,สำนักงานเกษตรจังหวัดเพชรบูรณ์,บ้านโคก
94,2565,เมืองเพชรบูรณ์,วิสาหกิจชุมชนกลุ่มผู้เลี้ยงโคเนื้อ ตำบลห้วยใหญ่,145 หมู่ 7 ต.ห้วยใหญ่ อ.เมืองเพชรบูรณ์ จ.เพชรบูรณ์,สำนักงานเกษตรจังหวัดเพชรบูรณ์,ห้วยใหญ่
95,2565,เมืองเพชรบูรณ์,วิสาหกิจชุมชนปลูกมะม่วงน้ำดอกไม้สีทองตำบลดงมูลเหล็ก,154 หมู่ 2 ต.ดงมูลเหล็ก อ.เมืองเพชรบูรณ์ จ.เพชรบูรณ์,สำนักงานเกษตรจังหวัดเพชรบูรณ์,ดงมูลเหล็ก
96,2565,เมืองเพชรบูรณ์,วิสาหกิจชุมชนกลุ่มผลิตภัณฑ์แปรรูปมะขาม,127/1 หมู่ 8 ต.ท่าพล อ.เมืองเพชรบูรณ์ จ.เพชรบูรณ์,สำนักงานเกษตรจังหวัดเพชรบูรณ์,ท่าพล
97,2565,เมืองเพชรบูรณ์,วิสาหกิจชุมชนข้าวหอมมะลิแปลงใหญ่ปลอดสารพิษ,51/1 หมู่ 10 ต.ป่าเลา อ.เมืองเพชรบูรณ์ จ.เพชรบูรณ์,สำนักงานเกษตรจังหวัดเพชรบูรณ์,ป่าเลา
98,2565,เมืองเพชรบูรณ์,วิสาหกิจชุมชนเกษตรแปรรูป หมู่ที่ 2 ต.นาป่า,119 หมู่ 2 ต.นาป่า อ.เมืองเพชรบูรณ์ จ.เพชรบูรณ์,สำนักงานเกษตรจังหวัดเพชรบูรณ์,นาป่า
99,2565,เมืองเพชรบูรณ์,วิสาหกิจชุมชนแปรรูปพริกแม่สะอาดเสวย,196 หมู่ 3 ต.ห้วยสะแก อ.เมืองเพชรบูรณ์ จ.เพชรบูรณ์,สำนักงานเกษตรจังหวัดเพชรบูรณ์,ห้วยสะแก
100,2565,เมืองเพชรบูรณ์,วิสาหกิจชุมชนการเลี้ยงหมูขุนวิถีธรรมชาติเพื่อความยั่งยืน,58/11 หมู่ ต.ในเมือง อ.เมืองเพชรบูรณ์ จ.เพชรบูรณ์ ,สำนักงานเกษตรจังหวัดเพชรบูรณ์,ในเมือง
101,2565,เมืองเพชรบูรณ์,วิสาหกิจชุมชนกลุ่มคนรักแพะ,164/2 หมู่ 4 ต.นาป่า อ.เมืองเพชรบูรณ์ จ.เพชรบูรณ์,สำนักงานเกษตรจังหวัดเพชรบูรณ์,นาป่า
102,2565,เมืองเพชรบูรณ์,วิสาหกิจชุมชนผู้ปลูกข้าวโพดเลี้ยงสัตว์แปลงใหญ่ตำบลห้วยสะแก,51 หมู่ 4 ต.ห้วยสะแก อ.เมืองเพชรบูรณ์ จ.เพชรบูรณ์,สำนักงานเกษตรจังหวัดเพชรบูรณ์,ห้วยสะแก
103,2565,เมืองเพชรบูรณ์,วิสาหกิจชุมชนเกษตรอินทรีย์นางั่ว,5/4 หมู่ 6 ต.นางั่ว อ.เมืองเพชรบูรณ์ จ.เพชรบูรณ์,สำนักงานเกษตรจังหวัดเพชรบูรณ์,นางั่ว
104,2565,เมืองเพชรบูรณ์,วิสาหกิจชุมชนเลี้ยงวัวเนื้อบ้านบุฉนวน,189 หมู่ 1 ต.น้ำร้อน อ.เมืองเพชรบูรณ์ จ.เพชรบูรณ์,สำนักงานเกษตรจังหวัดเพชรบูรณ์,น้ำร้อน
105,2565,เมืองเพชรบูรณ์,วิสาหกิจชุมชนมั่งมีเรือนสุราพื้นเมือง,241 หมู่ 6 ต.ดงมูลเหล็ก อ.เมืองเพชรบูรณ์ จ.เพชรบูรณ์,สำนักงานเกษตรจังหวัดเพชรบูรณ์,ดงมูลเหล็ก
106,2565,เมืองเพชรบูรณ์,วิสาหกิจชุมชนกลุ่มคนเลี้ยงแพะบ้านตะเบาะน้อย,184 หมู่ 3 ต.ตะเบาะ อ.เมืองเพชรบูรณ์ จ.เพชรบูรณ์,สำนักงานเกษตรจังหวัดเพชรบูรณ์,ตะเบาะ
107,2565,เมืองเพชรบูรณ์,วิสาหกิจชุมชนแปลงใหญ่ปลาตะเพียนบ้านคลองสำโรง,203 หมู่ 6 ต.ชอนไพร อ.เมืองเพชรบูรณ์ จ.เพชรบูรณ์,สำนักงานเกษตรจังหวัดเพชรบูรณ์,ชอนไพร
108,2565,เมืองเพชรบูรณ์,วิสาหกิจชุมชนผู้ผลิตพืชผักปลอดภัยห้วยสะแก,9809 หมู่ 8 ต.ห้วยสะแก อ.เมืองเพชรบูรณ์ จ.เพชรบูรณ์,สำนักงานเกษตรจังหวัดเพชรบูรณ์,ห้วยสะแก
109,2565,เมืองเพชรบูรณ์,วิสาหกิจชุมชนกลุ่มปลูกข้าวโพดป่าแดงเหนือ,46 หมู่ 3 ต.ป่าเลา อ.เมืองเพชรบูรณ์ จ.เพชรบูรณ์,สำนักงานเกษตรจังหวัดเพชรบูรณ์,ป่าเลา
110,2565,เมืองเพชรบูรณ์,วิสาหกิจชุมชนกลุ่มผู้เลี้ยงแพะ-แกะ อำเภอเมือง,25 หมู่ 6 ต.ป่าเลา อ.เมืองเพชรบูรณ์ จ.เพชรบูรณ์,สำนักงานเกษตรจังหวัดเพชรบูรณ์,ป่าเลา
111,2565,เมืองเพชรบูรณ์,วิสาหกิจชุมชนกลุ่มมะขามหวานร่วมใจพัฒนาบ้านพลำ,102 หมู่ 13 ต.ป่าเลา อ.เมืองเพชรบูรณ์ จ.เพชรบูรณ์,สำนักงานเกษตรจังหวัดเพชรบูรณ์,ป่าเลา
112,2565,เมืองเพชรบูรณ์,วิสาหกิจชุมชนกลุ่มผู้เลี้ยงโคบ้านห้วยไคร้ หมู่ 5 ตะเบาะ,106 หมู่ 5 ต.ตะเบาะ อ.เมืองเพชรบูรณ์ จ.เพชรบูรณ์,สำนักงานเกษตรจังหวัดเพชรบูรณ์,ตะเบาะ
113,2565,เมืองเพชรบูรณ์,วิสาหกิจชุมชนนวัตกรรมการเกษตรเพื่อส่งเสริมการปลูกพืชสมุนไพรพีชปุระเพชรบูรณ์,168/9 หมู่ 12 ต.นางั่ว อ.เมืองเพชรบูรณ์ จ.เพชรบูรณ์,สำนักงานเกษตรจังหวัดเพชรบูรณ์,นางั่ว
114,2565,เมืองเพชรบูรณ์,วิสาหกิจชุมชนกลุ่มเกษตรอินทรีย์พระใหญ่,14/1 หมู่ 10 ต.นางั่ว อ.เมืองเพชรบูรณ์ จ.เพชรบูรณ์,สำนักงานเกษตรจังหวัดเพชรบูรณ์,นางั่ว
115,2565,เมืองเพชรบูรณ์,วิสาหกิจชุมชนเกษตรกรปลูกข้าว,148 หมู่ 7 ต.ห้วยสะแก อ.เมืองเพชรบูรณ์ จ.เพชรบูรณ์,สำนักงานเกษตรจังหวัดเพชรบูรณ์,ห้วยสะแก
116,2565,เมืองเพชรบูรณ์,วิสาหกิจชุมชนแปรรูปมะขามบ้านซับชมภู,120/3 หมู่ 8 ต.ระวิง อ.เมืองเพชรบูรณ์ จ.เพชรบูรณ์,สำนักงานเกษตรจังหวัดเพชรบูรณ์,ระวิง
117,2565,เมืองเพชรบูรณ์,วิสาหกิจชุมชนเกษตรผสมผสานและการแปรรูปสมุนไพรเชิงพาณิชย์,282 หมู่ 7 ต.นางั่ว อ.เมืองเพชรบูรณ์ จ.เพชรบูรณ์,สำนักงานเกษตรจังหวัดเพชรบูรณ์,นางั่ว
118,2565,เมืองเพชรบูรณ์,วิสาหกิจชุมชนกลุ่มแปรรูปผลผลิตทางการเกษตร หมู่ 1 ตำบลดงมูลเหล็ก,93 หมู่ 1 ต.ดงมูลเหล็ก อ.เมืองเพชรบูรณ์ จ.เพชรบูรณ์,สำนักงานเกษตรจังหวัดเพชรบูรณ์,ดงมูลเหล็ก
119,2565,เมืองเพชรบูรณ์,วิสาหกิจชุมชนกลุ่มแปรรูปผลผลิตทางการเกษตร หมู่ 12 บ้านผาแดง,206 หมู่ 12 ต.นายม อ.เมืองเพชรบูรณ์ จ.เพชรบูรณ์,สำนักงานเกษตรจังหวัดเพชรบูรณ์,นายม
120,2565,เมืองเพชรบูรณ์,วิสาหกิจชุมชนกลุ่มมะขามหวานแปรรูปของฝากจากเพชรบูรณ์,208 หมู่ 11 ต.ตะเบาะ อ.เมืองเพชรบูรณ์ จ.เพชรบูรณ์,สำนักงานเกษตรจังหวัดเพชรบูรณ์,ตะเบาะ
121,2565,เมืองเพชรบูรณ์,วิสาหกิจชุมชนร่วมมิตรการเลี้ยงโคขุนห้วยใหญ่,168 หมู่ 6 ต.ห้วยใหญ่ อ.เมืองเพชรบูรณ์ จ.เพชรบูรณ์,สำนักงานเกษตรจังหวัดเพชรบูรณ์,ห้วยใหญ่
122,2565,เมืองเพชรบูรณ์,วิสาหกิจชุมชนวังซองร่วมใจรักษ์,218 หมู่ 9 ต.ท่าพล อ.เมืองเพชรบูรณ์ จ.เพชรบูรณ์,สำนักงานเกษตรจังหวัดเพชรบูรณ์,ท่าพล
123,2565,เมืองเพชรบูรณ์,วิสาหกิจชุมชนเกษตรอินทรีย์บ้านพลำตำบลป่าเลา,225 หมู่ 9 ต.ป่าเลา อ.เมืองเพชรบูรณ์ จ.เพชรบูรณ์,สำนักงานเกษตรจังหวัดเพชรบูรณ์,ป่าเลา
124,2565,เมืองเพชรบูรณ์,วิสาหกิจชุมชนผู้เลี้ยงโคขุนวากิวเพชรบูรณ์,77 หมู่ 12 ต.นายม อ.เมืองเพชรบูรณ์ จ.เพชรบูรณ์,สำนักงานเกษตรจังหวัดเพชรบูรณ์,นายม
125,2565,เมืองเพชรบูรณ์,วิสาหกิจชุมชนกลุ่มเกษตรบุฉนวน หมู่ 1 ต.น้ำร้อน,215 หมู่ 1 ต.น้ำร้อน อ.เมืองเพชรบูรณ์ จ.เพชรบูรณ์,สำนักงานเกษตรจังหวัดเพชรบูรณ์,น้ำร้อน
126,2565,เมืองเพชรบูรณ์,วิสาหกิจชุมชนตลาดเกษตรกรมีสุขปากปู่,62/1 หมู่ 8 ต.นางั่ว อ.เมืองเพชรบูรณ์ จ.เพชรบูรณ์,สำนักงานเกษตรจังหวัดเพชรบูรณ์,นางั่ว
127,2565,เมืองเพชรบูรณ์,วิสาหกิจชุมชนโคขุนตำบลวังชมภู,88 หมู่ 2 ต.วังชมภู อ.เมืองเพชรบูรณ์ จ.เพชรบูรณ์,สำนักงานเกษตรจังหวัดเพชรบูรณ์,วังชมภู
128,2565,เมืองเพชรบูรณ์,วิสาหกิจชุมชนรักวังชมภูรักโลก,90 หมู่ 10 ต.ห้วยสะแก อ.เมืองเพชรบูรณ์ จ.เพชรบูรณ์,สำนักงานเกษตรจังหวัดเพชรบูรณ์,ห้วยสะแก
129,2565,เมืองเพชรบูรณ์,วิสาหกิจชุมชนพืชพลังงานพาไทยก้าวไกล,95/1 หมู่ 14 ต.นายม อ.เมืองเพชรบูรณ์ จ.เพชรบูรณ์,สำนักงานเกษตรจังหวัดเพชรบูรณ์,นายม
130,2565,เมืองเพชรบูรณ์,วิสาหกิจชุมชนกลุ่มเกษตรอินทรีย์วิถีพอเพียง 459 แปรรูปผลผลิตอีโดกวังจาน,75 หมู่ 9 ต.บ้านโตก อ.เมืองเพชรบูรณ์ จ.เพชรบูรณ์,สำนักงานเกษตรจังหวัดเพชรบูรณ์,บ้านโตก
131,2565,เมืองเพชรบูรณ์,วิสาหกิจชุมชนผู้ปลูกพืชพลังงานตำบลนายม,12/6 หมู่ 5 ต.นายม อ.เมืองเพชรบูรณ์ จ.เพชรบูรณ์,สำนักงานเกษตรจังหวัดเพชรบูรณ์,นายม
132,2565,เมืองเพชรบูรณ์,วิสาหกิจชุมชนกลุ่มโกโก้นางั่ว,38/1 หมู่ 9 ต.นางั่ว อ.เมืองเพชรบูรณ์ จ.เพชรบูรณ์,สำนักงานเกษตรจังหวัดเพชรบูรณ์,นางั่ว
133,2565,เมืองเพชรบูรณ์,วิสาหกิจชุมชนพญาแพะเพชรบูรณ์,363 หมู่ 1 ต.วังชมภู อ.เมืองเพชรบูรณ์ จ.เพชรบูรณ์,สำนักงานเกษตรจังหวัดเพชรบูรณ์,วังชมภู
134,2565,เมืองเพชรบูรณ์,วิสาหกิจชุมชนบ้านขนมหวาน,250/2 หมู่ 1 ต.นาป่า อ.เมืองเพชรบูรณ์ จ.เพชรบูรณ์,สำนักงานเกษตรจังหวัดเพชรบูรณ์,นาป่า
135,2565,เมืองเพชรบูรณ์,วิสาหกิจชุมชนอินโนเวทีฟ สวิส อะกริคัลเจอร์ เพชรบูรณ์,9/2 หมู่ 5 ต.สะเดียง อ.เมืองเพชรบูรณ์ จ.เพชรบูรณ์,สำนักงานเกษตรจังหวัดเพชรบูรณ์,สะเดียง
136,2565,เมืองเพชรบูรณ์,วิสาหกิจชุมชนเพชรบูรณ์กลิ่นไอดิน,166/28 หมู่ ต.ในเมือง อ.เมืองเพชรบูรณ์ จ.เพชรบูรณ์ ,สำนักงานเกษตรจังหวัดเพชรบูรณ์,ในเมือง
137,2565,เมืองเพชรบูรณ์,วิสาหกิจชุมชนเลี้ยงโคเนื้อบ้านโคก,75 หมู่ 13 ต.บ้านโคก อ.เมืองเพชรบูรณ์ จ.เพชรบูรณ์,สำนักงานเกษตรจังหวัดเพชรบูรณ์,บ้านโคก
138,2565,เมืองเพชรบูรณ์,วิสาหกิจชุมชนกลุ่มเกษตรพัฒนา หมู่ที่ 10 ต.น้ำร้อน,80 หมู่ 10 ต.น้ำร้อน อ.เมืองเพชรบูรณ์ จ.เพชรบูรณ์,สำนักงานเกษตรจังหวัดเพชรบูรณ์,น้ำร้อน
139,2565,เมืองเพชรบูรณ์,วิสาหกิจชุมชนกลุ่มไส้เมี่ยงสมุนไพร,246 หมู่ 1 ต.วังชมภู อ.เมืองเพชรบูรณ์ จ.เพชรบูรณ์,สำนักงานเกษตรจังหวัดเพชรบูรณ์,วังชมภู
140,2565,เมืองเพชรบูรณ์,วิสาหกิจชุมชนกลุ่มทอผ้าไหมมัดหมี่บ้านหนองจอก,39 หมู่ 9 ต.ระวิง อ.เมืองเพชรบูรณ์ จ.เพชรบูรณ์,สำนักงานเกษตรจังหวัดเพชรบูรณ์,ระวิง
141,2565,เมืองเพชรบูรณ์,วิสาหกิจชุมชนกลุ่มสมุนไพรพื้นบ้านภูมิปัญญาหมอแต่ง,32 หมู่ ต.ในเมือง อ.เมืองเพชรบูรณ์ จ.เพชรบูรณ์ ,สำนักงานเกษตรจังหวัดเพชรบูรณ์,ในเมือง
142,2565,เมืองเพชรบูรณ์,วิสาหกิจชุมชนกลุ่มปลูกหอมแดงบ้านท่ากกตาล,116/3 หมู่ 6 ต.ดงมูลเหล็ก อ.เมืองเพชรบูรณ์ จ.เพชรบูรณ์,สำนักงานเกษตรจังหวัดเพชรบูรณ์,ดงมูลเหล็ก
143,2565,เมืองเพชรบูรณ์,วิสาหกิจชุมชนพอเพียง ก็ เพียงพอ,93/1 หมู่ 3 ต.ห้วยสะแก อ.เมืองเพชรบูรณ์ จ.เพชรบูรณ์,สำนักงานเกษตรจังหวัดเพชรบูรณ์,ห้วยสะแก
144,2565,เมืองเพชรบูรณ์,วิสาหกิจชุมชนกลุ่มแม่บ้านแปรรูปหมูฝอยบ้านนาป่า หมู่ที่ 1 ต.นาป่า,95 หมู่ 1 ต.นาป่า อ.เมืองเพชรบูรณ์ จ.เพชรบูรณ์,สำนักงานเกษตรจังหวัดเพชรบูรณ์,นาป่า
145,2565,เมืองเพชรบูรณ์,วิสาหกิจชุมชนเกษตรผสมผสานและการแปรรูปผลิตภัณฑ์,91/3 หมู่ 4 ต.ท่าพล อ.เมืองเพชรบูรณ์ จ.เพชรบูรณ์,สำนักงานเกษตรจังหวัดเพชรบูรณ์,ท่าพล
146,2565,เมืองเพชรบูรณ์,"วิสาหกิจชุมชนกลุ่มหมุนเวียนเมล็ดพันธุ์ข้าว, ข้าวโพด ม.7",46 หมู่ 7 ต.น้ำร้อน อ.เมืองเพชรบูรณ์ จ.เพชรบูรณ์,สำนักงานเกษตรจังหวัดเพชรบูรณ์,น้ำร้อน
147,2565,เมืองเพชรบูรณ์,วิสาหกิจชุมชนแปลงใหญ่ข้าวบ้านวังจาน,14/3 หมู่ 6 ต.บ้านโตก อ.เมืองเพชรบูรณ์ จ.เพชรบูรณ์,สำนักงานเกษตรจังหวัดเพชรบูรณ์,บ้านโตก
148,2565,เมืองเพชรบูรณ์,วิสาหกิจชุมชนกลุ่มอาชีพเย็บผ้าและปลูกพืชผักสมุนไพรตำบลท่าพล,93 หมู่ 12 ต.ท่าพล อ.เมืองเพชรบูรณ์ จ.เพชรบูรณ์,สำนักงานเกษตรจังหวัดเพชรบูรณ์,ท่าพล
149,2565,เมืองเพชรบูรณ์,วิสาหกิจชุมชนกลุ่มปลูกโกโก้และพืชสมุนไพรทางเลือกใหม่บ้านดง,15/3 หมู่ 6 ต.ท่าพล อ.เมืองเพชรบูรณ์ จ.เพชรบูรณ์,สำนักงานเกษตรจังหวัดเพชรบูรณ์,ท่าพล
150,2565,เมืองเพชรบูรณ์,วิสาหกิจชุมชนเกาะแก้วพืชพันธุ์,261 หมู่ 4 ต.น้ำร้อน อ.เมืองเพชรบูรณ์ จ.เพชรบูรณ์,สำนักงานเกษตรจังหวัดเพชรบูรณ์,น้ำร้อน
151,2565,เมืองเพชรบูรณ์,วิสาหกิจชุมชนพืชสมุนไพรบ้านระหาร,74/1 หมู่ 10 ต.ห้วยสะแก อ.เมืองเพชรบูรณ์ จ.เพชรบูรณ์,สำนักงานเกษตรจังหวัดเพชรบูรณ์,ห้วยสะแก
152,2565,เมืองเพชรบูรณ์,วิสาหกิจชุมชนสมุนไพรเพื่อสุขภาพบ้านเฮา,146 หมู่ 17 ต.บ้านโคก อ.เมืองเพชรบูรณ์ จ.เพชรบูรณ์,สำนักงานเกษตรจังหวัดเพชรบูรณ์,บ้านโคก
153,2565,เมืองเพชรบูรณ์,วิสาหกิจชุมชนรักษ์สมุนไพรเพชรบูรณ์,335 หมู่ 1 ต.นางั่ว อ.เมืองเพชรบูรณ์ จ.เพชรบูรณ์,สำนักงานเกษตรจังหวัดเพชรบูรณ์,นางั่ว
154,2565,เมืองเพชรบูรณ์,วิสาหกิจชุมชนกลุ่มเลี้ยงหมู ม.6 ต.น้ำร้อน,192 หมู่ 6 ต.น้ำร้อน อ.เมืองเพชรบูรณ์ จ.เพชรบูรณ์,สำนักงานเกษตรจังหวัดเพชรบูรณ์,น้ำร้อน
155,2565,เมืองเพชรบูรณ์,วิสาหกิจชุมชนกลุ่มปลูกพืชสมุนไพรตำบลระวิง,91/1 หมู่ 6 ต.ระวิง อ.เมืองเพชรบูรณ์ จ.เพชรบูรณ์,สำนักงานเกษตรจังหวัดเพชรบูรณ์,ระวิง
156,2565,เมืองเพชรบูรณ์,วิสาหกิจชุมชนผู้เลี้ยงผึ้งตำบลท่าพล,327 หมู่ 1 ต.ท่าพล อ.เมืองเพชรบูรณ์ จ.เพชรบูรณ์,สำนักงานเกษตรจังหวัดเพชรบูรณ์,ท่าพล
157,2565,เมืองเพชรบูรณ์,วิสาหกิจชุมชนฅนรักษ์ป่าสัก,251 หมู่ 8 ต.นาป่า อ.เมืองเพชรบูรณ์ จ.เพชรบูรณ์,สำนักงานเกษตรจังหวัดเพชรบูรณ์,นาป่า
158,2565,เมืองเพชรบูรณ์,วิสาหกิจชุมชนส่งเสริมปลูกพืชสมุนไพรและแปรรูปผลผลิตการเกษตร,94/1 หมู่ 5 ต.น้ำร้อน อ.เมืองเพชรบูรณ์ จ.เพชรบูรณ์,สำนักงานเกษตรจังหวัดเพชรบูรณ์,น้ำร้อน
159,2565,เมืองเพชรบูรณ์,วิสาหกิจชุมชนกลุ่มแม่บ้านคลองศาลา,184/4 หมู่ 13 ต.สะเดียง อ.เมืองเพชรบูรณ์ จ.เพชรบูรณ์,สำนักงานเกษตรจังหวัดเพชรบูรณ์,สะเดียง
160,2565,เมืองเพชรบูรณ์,วิสาหกิจชุมชนเกษตรอินทรีย์บ้านเนินสบาย,54 หมู่ 9 ต.ห้วยสะแก อ.เมืองเพชรบูรณ์ จ.เพชรบูรณ์,สำนักงานเกษตรจังหวัดเพชรบูรณ์,ห้วยสะแก
161,2565,เมืองเพชรบูรณ์,เครือข่ายวิสาหกิจชุมชนกรีนไดมอนด์เพชรบูรณ์,156 หมู่ 15 ต.นาป่า อ.เมืองเพชรบูรณ์ จ.เพชรบูรณ์,สำนักงานเกษตรจังหวัดเพชรบูรณ์,นาป่า
162,2565,เมืองเพชรบูรณ์,วิสาหกิจชุมชนปลูกพืชเศรษฐกิจแปรรูปสมุนไพรแพทย์แผนไทย,82 หมู่ 11 ต.สะเดียง อ.เมืองเพชรบูรณ์ จ.เพชรบูรณ์,สำนักงานเกษตรจังหวัดเพชรบูรณ์,สะเดียง
163,2565,เมืองเพชรบูรณ์,วิสาหกิจชุมชนขยายกิ่งพันธุ์มะขามบ้านโป่งตาโป้,44 หมู่ 15 ต.บ้านโคก อ.เมืองเพชรบูรณ์ จ.เพชรบูรณ์,สำนักงานเกษตรจังหวัดเพชรบูรณ์,บ้านโคก
164,2565,เมืองเพชรบูรณ์,วิสาหกิจชุมชนพัฒนาอาชีพผู้เกษียณอายุป่าเลา,184 หมู่ 12 ต.นางั่ว อ.เมืองเพชรบูรณ์ จ.เพชรบูรณ์,สำนักงานเกษตรจังหวัดเพชรบูรณ์,นางั่ว
165,2565,เมืองเพชรบูรณ์,วิสาหกิจชุมชนว่านสมุนไพรคำกา,25 หมู่ 9 ต.ดงมูลเหล็ก อ.เมืองเพชรบูรณ์ จ.เพชรบูรณ์,สำนักงานเกษตรจังหวัดเพชรบูรณ์,ดงมูลเหล็ก
166,2565,เมืองเพชรบูรณ์,วิสาหกิจชุมชนสมุนไพรบ้านป่าเลา,135 หมู่ 1 ต.ป่าเลา อ.เมืองเพชรบูรณ์ จ.เพชรบูรณ์,สำนักงานเกษตรจังหวัดเพชรบูรณ์,ป่าเลา
167,2565,เมืองเพชรบูรณ์,วิสาหกิจชุมชนเกษตรกรบ้านป่าสักโมเดล,199 หมู่ 12 ต.ห้วยใหญ่ อ.เมืองเพชรบูรณ์ จ.เพชรบูรณ์,สำนักงานเกษตรจังหวัดเพชรบูรณ์,ห้วยใหญ่
168,2565,เมืองเพชรบูรณ์,วิสาหกิจชุมชนเอ็นพีรักษ์โลก,40 หมู่ 8 ต.บ้านโตก อ.เมืองเพชรบูรณ์ จ.เพชรบูรณ์,สำนักงานเกษตรจังหวัดเพชรบูรณ์,บ้านโตก
169,2565,เมืองเพชรบูรณ์,วิสาหกิจชุมชนผลผลิตดอกไม้อบแห้งบ้านน้ำร้อน,190 หมู่ 7 ต.น้ำร้อน อ.เมืองเพชรบูรณ์ จ.เพชรบูรณ์,สำนักงานเกษตรจังหวัดเพชรบูรณ์,น้ำร้อน
170,2565,ชนแดน,วิสาหกิจชุมชนแปรรูปสมุนไพรบ้านเนินพัฒนา,150/2 หมู่ 10 ต.ศาลาลาย อ.ชนแดน จ.เพชรบูรณ์,สำนักงานเกษตรจังหวัดเพชรบูรณ์,ศาลาลาย
171,2565,ชนแดน,วิสาหกิจชุมชนกลุ่มแม่บ้านวังไทร,11 หมู่ 4 ต.ซับพุทรา อ.ชนแดน จ.เพชรบูรณ์,สำนักงานเกษตรจังหวัดเพชรบูรณ์,ซับพุทรา
172,2565,ชนแดน,วิสาหกิจชุมชนกลุ่มผู้ผลิตไม้กวาดดอกหญ้าบ้านซับหมาแสน,125 หมู่ 6 ต.ซับพุทรา อ.ชนแดน จ.เพชรบูรณ์,สำนักงานเกษตรจังหวัดเพชรบูรณ์,ซับพุทรา
173,2565,ชนแดน,วิสาหกิจชุมชนเพาะพันธุ์กล้าไม้บ้านโค้งผักชี,65 หมู่ 14 ต.พุทธบาท อ.ชนแดน จ.เพชรบูรณ์,สำนักงานเกษตรจังหวัดเพชรบูรณ์,พุทธบาท
174,2565,ชนแดน,วิสาหกิจชุมชนกลุ่มผู้เลี้ยงโคบ้านโคกเจริญเหนือ,98/2 หมู่ 13 ต.ชนแดน อ.ชนแดน จ.เพชรบูรณ์,สำนักงานเกษตรจังหวัดเพชรบูรณ์,ชนแดน
175,2565,ชนแดน,วิสาหกิจชุมชนกลุ่มร้านค้าชุมชนสตรีบ้านซำเตย,81 หมู่ 21 ต.พุทธบาท อ.ชนแดน จ.เพชรบูรณ์,สำนักงานเกษตรจังหวัดเพชรบูรณ์,พุทธบาท
176,2565,ชนแดน,วิสาหกิจชุมชนมะขามหวานประกายทอง,94 หมู่ 8 ต.ชนแดน อ.ชนแดน จ.เพชรบูรณ์,สำนักงานเกษตรจังหวัดเพชรบูรณ์,ชนแดน
177,2565,ชนแดน,วิสาหกิจชุมชนกลุ่มเลี้ยงวัวเนื้อเพื่อการผลิตเพิ่มรายได้ หมู่ที่ 1 ตำบลศาลาลาย,215 หมู่ 1 ต.ศาลาลาย อ.ชนแดน จ.เพชรบูรณ์,สำนักงานเกษตรจังหวัดเพชรบูรณ์,ศาลาลาย
178,2565,ชนแดน,วิสาหกิจชุมชนกลุ่มผู้เลี้ยงโคเนื้อเพื่อเพิ่มผลผลิต หมู่ที่ 5 ตำบลศาลาลาย,400 หมู่ 5 ต.ศาลาลาย อ.ชนแดน จ.เพชรบูรณ์,สำนักงานเกษตรจังหวัดเพชรบูรณ์,ศาลาลาย
179,2565,ชนแดน,วิสาหกิจชุมชนผู้ปลูกข้าวโพดและเลี้ยงสัตว์บ้านคลองปอบ หมู่ที่ 9 ตำบลพุทธบาท,28 หมู่ 9 ต.พุทธบาท อ.ชนแดน จ.เพชรบูรณ์,สำนักงานเกษตรจังหวัดเพชรบูรณ์,พุทธบาท
180,2565,ชนแดน,วิสาหกิจชุมชนกลุ่มทอผ้าบ้านคลองบนใต้ หมู่ที่ 20,380/1 หมู่ 20 ต.ลาดแค อ.ชนแดน จ.เพชรบูรณ์,สำนักงานเกษตรจังหวัดเพชรบูรณ์,ลาดแค
181,2565,ชนแดน,วิสาหกิจชุมชนศูนย์ข้าวโพดชุมชนตำบลลาดแค,177 หมู่ 8 ต.ลาดแค อ.ชนแดน จ.เพชรบูรณ์,สำนักงานเกษตรจังหวัดเพชรบูรณ์,ลาดแค
182,2565,ชนแดน,วิสาหกิจชุมชนกลุ่มแม่บ้านคลองคล้า หมู่ที่ 26 ตำบลพุทธบาท,40 หมู่ 26 ต.พุทธบาท อ.ชนแดน จ.เพชรบูรณ์,สำนักงานเกษตรจังหวัดเพชรบูรณ์,พุทธบาท
183,2565,ชนแดน,วิสาหกิจชุมชนกลุ่มออมทรัพย์เพื่ออาชีพเลี้ยงโคเนื้อบ้านคลองบน,9 หมู่ 11 ต.ลาดแค อ.ชนแดน จ.เพชรบูรณ์,สำนักงานเกษตรจังหวัดเพชรบูรณ์,ลาดแค
184,2565,ชนแดน,วิสาหกิจชุมชนกลุ่มเลี้ยงวัวเนื้อเพื่อการผลิตเพิ่มรายได้ หมู่ที่ 18 ตำบลลาดแค,153/1 หมู่ 18 ต.ลาดแค อ.ชนแดน จ.เพชรบูรณ์,สำนักงานเกษตรจังหวัดเพชรบูรณ์,ลาดแค
185,2565,ชนแดน,วิสาหกิจชุมชนกลุ่มเกษตรก้าวหน้า หมู่ที่ 10 ศาลาลาย,95/1 หมู่ 10 ต.ศาลาลาย อ.ชนแดน จ.เพชรบูรณ์,สำนักงานเกษตรจังหวัดเพชรบูรณ์,ศาลาลาย
186,2565,ชนแดน,วิสาหกิจชุมชนศูนย์ข้าวโพดชุมชนหมู่ที่ 1 ตำบลศาลาลาย,318/1 หมู่ 1 ต.ศาลาลาย อ.ชนแดน จ.เพชรบูรณ์,สำนักงานเกษตรจังหวัดเพชรบูรณ์,ศาลาลาย
187,2565,ชนแดน,วิสาหกิจชุมชนกลุ่มผู้ปลูกข้าวโพดเลี้ยงสัตว์บ้านอ่างหิน ตำบลพุทธบาท,35/1 หมู่ 22 ต.พุทธบาท อ.ชนแดน จ.เพชรบูรณ์,สำนักงานเกษตรจังหวัดเพชรบูรณ์,พุทธบาท
188,2565,ชนแดน,วิสาหกิจชุมชนกลุ่มสตรีทอผ้าบ้านเขาชะโงกเหนือ,239 หมู่ 7 ต.บ้านกล้วย อ.ชนแดน จ.เพชรบูรณ์,สำนักงานเกษตรจังหวัดเพชรบูรณ์,บ้านกล้วย
189,2565,ชนแดน,วิสาหกิจชุมชนกลุ่มเกษตรกรเลี้ยงสัตว์หนองใหญ่,428/1 หมู่ 2 ต.ลาดแค อ.ชนแดน จ.เพชรบูรณ์,สำนักงานเกษตรจังหวัดเพชรบูรณ์,ลาดแค
190,2565,ชนแดน,วิสาหกิจชุมชนกลุ่มเกษตรกรบ้านวังไทร,1 หมู่ 4 ต.ซับพุทรา อ.ชนแดน จ.เพชรบูรณ์,สำนักงานเกษตรจังหวัดเพชรบูรณ์,ซับพุทรา
191,2565,ชนแดน,วิสาหกิจชุมชนยูคาฯ เศรษฐกิจชุมชนพุทธบาท 2550,353 หมู่ 10 ต.พุทธบาท อ.ชนแดน จ.เพชรบูรณ์,สำนักงานเกษตรจังหวัดเพชรบูรณ์,พุทธบาท
192,2565,ชนแดน,วิสาหกิจชุมชนผู้เลี้ยงสัตว์บ้านคลองกลาง,76/1 หมู่ 2 ต.ซับพุทรา อ.ชนแดน จ.เพชรบูรณ์,สำนักงานเกษตรจังหวัดเพชรบูรณ์,ซับพุทรา
193,2565,ชนแดน,วิสาหกิจชุมชนเพื่อเกษตรกรบ้านคลองโปร่ง 1,5 หมู่ 17 ต.ลาดแค อ.ชนแดน จ.เพชรบูรณ์,สำนักงานเกษตรจังหวัดเพชรบูรณ์,ลาดแค
194,2565,ชนแดน,วิสาหกิจชุมชนกลุ่มออมทรัพย์เพื่อการผลิตบ้านตะกุดไร หมู่ที่ 1,117/1 หมู่ 1 ต.ตะกุดไร อ.ชนแดน จ.เพชรบูรณ์,สำนักงานเกษตรจังหวัดเพชรบูรณ์,ตะกุดไร
195,2565,ชนแดน,วิสาหกิจชุมชนศูนย์เรียนรู้เศรษฐกิจพอเพียงกลุ่มเกษตรกรตำบลท่าข้าม,751 หมู่ 1 ต.ท่าข้าม อ.ชนแดน จ.เพชรบูรณ์,สำนักงานเกษตรจังหวัดเพชรบูรณ์,ท่าข้าม
196,2565,ชนแดน,วิสาหกิจชุมชนศูนย์เรียนรู้เศรษฐกิจพอเพียงกลุ่มปุ๋ยหมู่ 1 ตำบลท่าข้าม,796/3 หมู่ 1 ต.ท่าข้าม อ.ชนแดน จ.เพชรบูรณ์,สำนักงานเกษตรจังหวัดเพชรบูรณ์,ท่าข้าม
197,2565,ชนแดน,วิสาหกิจชุมชนศูนย์เรียนรู้เศรษฐกิจพอเพียงกลุ่มพลังงานหมู่ 1 ตำบลท่าข้าม,764 หมู่ 1 ต.ท่าข้าม อ.ชนแดน จ.เพชรบูรณ์,สำนักงานเกษตรจังหวัดเพชรบูรณ์,ท่าข้าม
198,2565,ชนแดน,วิสาหกิจชุมชนกลุ่มอาชีพเกษตรกร ม.18 ต.ลาดแค,51 หมู่ 18 ต.ลาดแค อ.ชนแดน จ.เพชรบูรณ์,สำนักงานเกษตรจังหวัดเพชรบูรณ์,ลาดแค
199,2565,ชนแดน,วิสาหกิจชุมชนวิสาหกิจชุมชนปรีชาสักทอง 2009,111 หมู่ 3 ต.ศาลาลาย อ.ชนแดน จ.เพชรบูรณ์,สำนักงานเกษตรจังหวัดเพชรบูรณ์,ศาลาลาย
200,2565,ชนแดน,วิสาหกิจชุมชนวิสาหกิจชุมชนบ้านดงลาน ม.2 ต.ลาดแค,322 หมู่ 2 ต.ลาดแค อ.ชนแดน จ.เพชรบูรณ์,สำนักงานเกษตรจังหวัดเพชรบูรณ์,ลาดแค
201,2565,ชนแดน,วิสาหกิจชุมชนวิสาหกิจชุมชนกลุ่มเกษตรพึ่งตนเองบ้านวังกำแพง,307 หมู่ 13 ต.ลาดแค อ.ชนแดน จ.เพชรบูรณ์,สำนักงานเกษตรจังหวัดเพชรบูรณ์,ลาดแค
202,2565,ชนแดน,วิสาหกิจชุมชนวิสาหกิจชุมชนทองมีมาการช่าง,154/3 หมู่ 3 ต.ดงขุย อ.ชนแดน จ.เพชรบูรณ์,สำนักงานเกษตรจังหวัดเพชรบูรณ์,ดงขุย
203,2565,ชนแดน,วิสาหกิจชุมชนศูนย์เรียนรู้นิคมเกษตรกรพืชอาหารและพืชทดแทนพลังงาน,99 หมู่ 5 ต.ซับพุทรา อ.ชนแดน จ.เพชรบูรณ์,สำนักงานเกษตรจังหวัดเพชรบูรณ์,ซับพุทรา
204,2565,ชนแดน,วิสาหกิจชุมชนกลุ่มเกษตรกรบ้านลาดน้อย ม.13 ต.พุทธบาท,24/1 หมู่ 13 ต.พุทธบาท อ.ชนแดน จ.เพชรบูรณ์,สำนักงานเกษตรจังหวัดเพชรบูรณ์,พุทธบาท
205,2565,ชนแดน,วิสาหกิจชุมชนเกษตรแนวใหม่บ้านเขาแม่แก่,179 หมู่ 3 ต.ลาดแค อ.ชนแดน จ.เพชรบูรณ์,สำนักงานเกษตรจังหวัดเพชรบูรณ์,ลาดแค
206,2565,ชนแดน,วิสาหกิจชุมชนเกษตรพอเพียงบ้านลาดแคใต้,102 หมู่ 1 ต.ลาดแค อ.ชนแดน จ.เพชรบูรณ์,สำนักงานเกษตรจังหวัดเพชรบูรณ์,ลาดแค
207,2565,ชนแดน,วิสาหกิจชุมชนเกษตรพัฒนาอาชีพบ้านโป่งเจ็ดหัว,120 หมู่ 12 ต.พุทธบาท อ.ชนแดน จ.เพชรบูรณ์,สำนักงานเกษตรจังหวัดเพชรบูรณ์,พุทธบาท
208,2565,ชนแดน,วิสาหกิจชุมชนเกษตรผสมผสานบ้านเนินต้อง,159/1 หมู่ 25 ต.พุทธบาท อ.ชนแดน จ.เพชรบูรณ์,สำนักงานเกษตรจังหวัดเพชรบูรณ์,พุทธบาท
209,2565,ชนแดน,วิสาหกิจชุมชนกลุ่มเฟอร์นิเจอร์ไม้ เทศบาลตำบล่ทาข้าม,947 หมู่ 1 ต.ท่าข้าม อ.ชนแดน จ.เพชรบูรณ์,สำนักงานเกษตรจังหวัดเพชรบูรณ์,ท่าข้าม
210,2565,ชนแดน,วิสาหกิจชุมชนวิสาหกิจชุมชนเกษตรกรบ้านอ่างหิน,421 หมู่ 22 ต.พุทธบาท อ.ชนแดน จ.เพชรบูรณ์,สำนักงานเกษตรจังหวัดเพชรบูรณ์,พุทธบาท
211,2565,ชนแดน,วิสาหกิจชุมชนกลุ่มทำเฟอร์นิเจอร์ไม้,717 หมู่ 1 ต.ท่าข้าม อ.ชนแดน จ.เพชรบูรณ์,สำนักงานเกษตรจังหวัดเพชรบูรณ์,ท่าข้าม
212,2565,ชนแดน,วิสาหกิจชุมชนกลุ่มงานเฟอร์นิเจอร์,12 หมู่ 7 ต.ชนแดน อ.ชนแดน จ.เพชรบูรณ์,สำนักงานเกษตรจังหวัดเพชรบูรณ์,ชนแดน
213,2565,ชนแดน,วิสาหกิจชุมชนกลุ่มการเกษตรซับขลุงพัฒนา,176 หมู่ 7 ต.ศาลาลาย อ.ชนแดน จ.เพชรบูรณ์,สำนักงานเกษตรจังหวัดเพชรบูรณ์,ศาลาลาย
214,2565,ชนแดน,วิสาหกิจชุมชนการเลี้ยงไก่พันธุ์ไข่ หมู่ 8 ตำบลบ้านกล้วย,59/1 หมู่ 8 ต.บ้านกล้วย อ.ชนแดน จ.เพชรบูรณ์,สำนักงานเกษตรจังหวัดเพชรบูรณ์,บ้านกล้วย
215,2565,ชนแดน,วิสาหกิจชุมชนหอมแดงบ้านดงลานใต้,49/1 หมู่ 16 ต.ลาดแค อ.ชนแดน จ.เพชรบูรณ์,สำนักงานเกษตรจังหวัดเพชรบูรณ์,ลาดแค
216,2565,ชนแดน,วิสาหกิจชุมชนกลุ่มแม่บ้านการผลิตหนองระมาน,100/1 หมู่ 6 ต.ดงขุย อ.ชนแดน จ.เพชรบูรณ์,สำนักงานเกษตรจังหวัดเพชรบูรณ์,ดงขุย
217,2565,ชนแดน,วิสาหกิจชุมชนเกษตรกรชาวสวนยาง อำเภอชนแดน จังหวัดเพชรบูรณ์,234 หมู่ 1 ต.ชนแดน อ.ชนแดน จ.เพชรบูรณ์,สำนักงานเกษตรจังหวัดเพชรบูรณ์,ชนแดน
218,2565,ชนแดน,วิสาหกิจชุมชนกลุ่มผู้เลี้ยงโคเนื้อตำบลชนแดน,57/1 หมู่ 5 ต.ชนแดน อ.ชนแดน จ.เพชรบูรณ์,สำนักงานเกษตรจังหวัดเพชรบูรณ์,ชนแดน
219,2565,ชนแดน,วิสาหกิจชุมชนกลุ่มโครงการทอพรมเช็ดเท้า,88 หมู่ 6 ต.ซับพุทรา อ.ชนแดน จ.เพชรบูรณ์,สำนักงานเกษตรจังหวัดเพชรบูรณ์,ซับพุทรา
220,2565,ชนแดน,วิสาหกิจชุมชนพัฒนาเกษตรกรบ้าน กม.28,93 หมู่ 8 ต.ดงขุย อ.ชนแดน จ.เพชรบูรณ์,สำนักงานเกษตรจังหวัดเพชรบูรณ์,ดงขุย
221,2565,ชนแดน,วิสาหกิจชุมชนกลุ่มโคกระบือบ้านซับม่วง หมู่15,23 หมู่ 15 ต.ลาดแค อ.ชนแดน จ.เพชรบูรณ์,สำนักงานเกษตรจังหวัดเพชรบูรณ์,ลาดแค
222,2565,ชนแดน,วิสาหกิจชุมชนพัฒนาการเกษตร หมู่5,108/1 หมู่ 5 ต.ศาลาลาย อ.ชนแดน จ.เพชรบูรณ์,สำนักงานเกษตรจังหวัดเพชรบูรณ์,ศาลาลาย
223,2565,ชนแดน,วิสาหกิจชุมชนกลุ่มโคกระบือ บ้านคลองโปร่ง,98 หมู่ 17 ต.ลาดแค อ.ชนแดน จ.เพชรบูรณ์,สำนักงานเกษตรจังหวัดเพชรบูรณ์,ลาดแค
224,2565,ชนแดน,วิสาหกิจชุมชนเลี้ยงโคเนื้อบ้านกล้วยพัฒนา,401 หมู่ 3 ต.บ้านกล้วย อ.ชนแดน จ.เพชรบูรณ์,สำนักงานเกษตรจังหวัดเพชรบูรณ์,บ้านกล้วย
225,2565,ชนแดน,วิสาหกิจชุมชนกลุ่มบุญยิ่งโคเนื้อ,10/1 หมู่ 3 ต.ศาลาลาย อ.ชนแดน จ.เพชรบูรณ์,สำนักงานเกษตรจังหวัดเพชรบูรณ์,ศาลาลาย
226,2565,ชนแดน,วิสาหกิจชุมชนดาวเรืองโคเนื้อ,294 หมู่ 8 ต.ศาลาลาย อ.ชนแดน จ.เพชรบูรณ์,สำนักงานเกษตรจังหวัดเพชรบูรณ์,ศาลาลาย
227,2565,ชนแดน,วิสาหกิจชุมชนประจวบโคเนื้อ,70 หมู่ 9 ต.ศาลาลาย อ.ชนแดน จ.เพชรบูรณ์,สำนักงานเกษตรจังหวัดเพชรบูรณ์,ศาลาลาย
228,2565,ชนแดน,วิสาหกิจชุมชนณัฐพงษ์โคเนื้อ,13 หมู่ 5 ต.ศาลาลาย อ.ชนแดน จ.เพชรบูรณ์,สำนักงานเกษตรจังหวัดเพชรบูรณ์,ศาลาลาย
229,2565,ชนแดน,วิสาหกิจชุมชนปรานอมโคเนื้อ,47 หมู่ 8 ต.ศาลาลาย อ.ชนแดน จ.เพชรบูรณ์,สำนักงานเกษตรจังหวัดเพชรบูรณ์,ศาลาลาย
230,2565,ชนแดน,วิสาหกิจชุมชนกลุ่มผู้เลี้ยงโคเนื้อ หมู่9 ต.ศาลาลาย,112 หมู่ 9 ต.ศาลาลาย อ.ชนแดน จ.เพชรบูรณ์,สำนักงานเกษตรจังหวัดเพชรบูรณ์,ศาลาลาย
231,2565,ชนแดน,วิสาหกิจชุมชนส่งเสริมการลดต้นทุนการผลิต ต.ดงขุย,24/4 หมู่ 3 ต.ดงขุย อ.ชนแดน จ.เพชรบูรณ์,สำนักงานเกษตรจังหวัดเพชรบูรณ์,ดงขุย
232,2565,ชนแดน,วิสาหกิจชุมชนกลุ่มบรรจงเลี้ยงโคเนื้อ ม.6 ต.ศาลาลาย,149/6 หมู่ 6 ต.ศาลาลาย อ.ชนแดน จ.เพชรบูรณ์,สำนักงานเกษตรจังหวัดเพชรบูรณ์,ศาลาลาย
233,2565,ชนแดน,วิสาหกิจชุมชนซับพุทราสมุนไพร,599 หมู่ 1 ต.ซับพุทรา อ.ชนแดน จ.เพชรบูรณ์,สำนักงานเกษตรจังหวัดเพชรบูรณ์,ซับพุทรา
234,2565,ชนแดน,วิสาหกิจชุมชนเนินพัฒนาโคเนื้อ,2 หมู่ 10 ต.ศาลาลาย อ.ชนแดน จ.เพชรบูรณ์,สำนักงานเกษตรจังหวัดเพชรบูรณ์,ศาลาลาย
235,2565,ชนแดน,วิสาหกิจชุมชนกลุ่มเลี้ยงสัตว์บ้านชนแดน,1120 หมู่ 4 ต.ชนแดน อ.ชนแดน จ.เพชรบูรณ์,สำนักงานเกษตรจังหวัดเพชรบูรณ์,ชนแดน
236,2565,ชนแดน,วิสาหกิจชุมชนกลุ่มผู้เลี้ยงโคเนื้อ ม.6 ต.ศาลาลาย,192 หมู่ 6 ต.ศาลาลาย อ.ชนแดน จ.เพชรบูรณ์,สำนักงานเกษตรจังหวัดเพชรบูรณ์,ศาลาลาย
237,2565,ชนแดน,วิสาหกิจชุมชนหนองขามโคเนื้อ,95 หมู่ 9 ต.ศาลาลาย อ.ชนแดน จ.เพชรบูรณ์,สำนักงานเกษตรจังหวัดเพชรบูรณ์,ศาลาลาย
238,2565,ชนแดน,วิสาหกิจชุมชนกลุ่มเลี้ยงไก่พื้นเมืองบ้านผาทองใต้,363 หมู่ 28 ต.พุทธบาท อ.ชนแดน จ.เพชรบูรณ์,สำนักงานเกษตรจังหวัดเพชรบูรณ์,พุทธบาท
239,2565,ชนแดน,วิสาหกิจชุมชนคลองตะแบกโคเนื้อ,60 หมู่ 10 ต.ศาลาลาย อ.ชนแดน จ.เพชรบูรณ์,สำนักงานเกษตรจังหวัดเพชรบูรณ์,ศาลาลาย
240,2565,ชนแดน,วิสาหกิจชุมชนกลุ่มผู้ผลิตและแปรรูป หมู่ที่ ๖ บ้านกกจั่น,96 หมู่ 6 ต.พุทธบาท อ.ชนแดน จ.เพชรบูรณ์,สำนักงานเกษตรจังหวัดเพชรบูรณ์,พุทธบาท
241,2565,ชนแดน,วิสาหกิจชุมชนกลุ่มผู้เลี้ยงแพะแกะต.บ้านกล้วย,31 หมู่ 1 ต.บ้านกล้วย อ.ชนแดน จ.เพชรบูรณ์,สำนักงานเกษตรจังหวัดเพชรบูรณ์,บ้านกล้วย
242,2565,ชนแดน,วิสาหกิจชุมชนกลุ่มผลิตเมล็ดพันธุ์-ปศุสัตว์และไร่นาสวนผสม,63 หมู่ 4 ต.ท่าข้าม อ.ชนแดน จ.เพชรบูรณ์,สำนักงานเกษตรจังหวัดเพชรบูรณ์,ท่าข้าม
243,2565,ชนแดน,วิสาหกิจชุมชนกลุ่มผลิตภัณฑ์แปรรูปจากธัญพืชบ้านวังปลาช่อน,122 หมู่ 2 ต.ท่าข้าม อ.ชนแดน จ.เพชรบูรณ์,สำนักงานเกษตรจังหวัดเพชรบูรณ์,ท่าข้าม
244,2565,ชนแดน,วิสาหกิจชุมชนกลุ่มปศุสัตว์บ้านโคกสำราญ,166/1 หมู่ 8 ต.บ้านกล้วย อ.ชนแดน จ.เพชรบูรณ์,สำนักงานเกษตรจังหวัดเพชรบูรณ์,บ้านกล้วย
245,2565,ชนแดน,วิสาหกิจชุมชนกลุ่มการเพาะเห็ดถุง เห็ดอินทรีย์,54/1 หมู่ 5 ต.บ้านกล้วย อ.ชนแดน จ.เพชรบูรณ์,สำนักงานเกษตรจังหวัดเพชรบูรณ์,บ้านกล้วย
246,2565,ชนแดน,วิสาหกิจชุมชนกลุ่มจักสานตะกร้า,53 หมู่ 17 ต.ลาดแค อ.ชนแดน จ.เพชรบูรณ์,สำนักงานเกษตรจังหวัดเพชรบูรณ์,ลาดแค
247,2565,ชนแดน,วิสาหกิจชุมชนกลุ่มอาชีพแปรรูปมะขาม,444 หมู่ 2 ต.พุทธบาท อ.ชนแดน จ.เพชรบูรณ์,สำนักงานเกษตรจังหวัดเพชรบูรณ์,พุทธบาท
248,2565,ชนแดน,วิสาหกิจชุมชนเกษตรทฤษฎีใหม่บ้านโค้งผักชี,278 หมู่ 14 ต.พุทธบาท อ.ชนแดน จ.เพชรบูรณ์,สำนักงานเกษตรจังหวัดเพชรบูรณ์,พุทธบาท
249,2565,ชนแดน,วิสาหกิจชุมชนไร่ผาสุขโคเนื้อ,434 หมู่ 5 ต.ศาลาลาย อ.ชนแดน จ.เพชรบูรณ์,สำนักงานเกษตรจังหวัดเพชรบูรณ์,ศาลาลาย
250,2565,ชนแดน,วิสาหกิจชุมชนกลุ่มปศุสัตว์ร่วมใจ,195/1 หมู่ 4 ต.พุทธบาท อ.ชนแดน จ.เพชรบูรณ์,สำนักงานเกษตรจังหวัดเพชรบูรณ์,พุทธบาท
251,2565,ชนแดน,วิสาหกิจชุมชนผู้เลี้ยงวัว,6 หมู่ 6 ต.ศาลาลาย อ.ชนแดน จ.เพชรบูรณ์,สำนักงานเกษตรจังหวัดเพชรบูรณ์,ศาลาลาย
252,2565,ชนแดน,วิสาหกิจชุมชนกลุ่มสตรีบ้านห้วยตูม,69 หมู่ 1 ต.พุทธบาท อ.ชนแดน จ.เพชรบูรณ์,สำนักงานเกษตรจังหวัดเพชรบูรณ์,พุทธบาท
253,2565,ชนแดน,วิสาหกิจชุมชนเกษตรพัฒนาบ้านหัวถนน ม.8,410/5 หมู่ 8 ต.ศาลาลาย อ.ชนแดน จ.เพชรบูรณ์,สำนักงานเกษตรจังหวัดเพชรบูรณ์,ศาลาลาย
254,2565,ชนแดน,วิสาหกิจชุมชนคลองปอบโคเนื้อ,9 หมู่ 9 ต.พุทธบาท อ.ชนแดน จ.เพชรบูรณ์,สำนักงานเกษตรจังหวัดเพชรบูรณ์,พุทธบาท
255,2565,ชนแดน,วิสาหกิจชุมชนซับม่วงพัฒนาโคเนื้อ,18 หมู่ 15 ต.ลาดแค อ.ชนแดน จ.เพชรบูรณ์,สำนักงานเกษตรจังหวัดเพชรบูรณ์,ลาดแค
256,2565,ชนแดน,วิสาหกิจชุมชนกลุ่มส่งเสริมการเกษตร,2 หมู่ 3 ต.ท่าข้าม อ.ชนแดน จ.เพชรบูรณ์,สำนักงานเกษตรจังหวัดเพชรบูรณ์,ท่าข้าม
257,2565,ชนแดน,วิสาหกิจชุมชนสายทองโคเนื้อ หมู่ที่ 8 ตำบลศาลาลาย,104 หมู่ 8 ต.ศาลาลาย อ.ชนแดน จ.เพชรบูรณ์,สำนักงานเกษตรจังหวัดเพชรบูรณ์,ศาลาลาย
258,2565,ชนแดน,วิสาหกิจชุมชนผู้เลี้ยงโคเนื้อบ้านซับม่วง,151 หมู่ 15 ต.ลาดแค อ.ชนแดน จ.เพชรบูรณ์,สำนักงานเกษตรจังหวัดเพชรบูรณ์,ลาดแค
259,2565,ชนแดน,วิสาหกิจชุมชนบ้านไร่ผาสุขโคเนื้อ,193/2 หมู่ 6 ต.ศาลาลาย อ.ชนแดน จ.เพชรบูรณ์,สำนักงานเกษตรจังหวัดเพชรบูรณ์,ศาลาลาย
260,2565,ชนแดน,วิสาหกิจชุมชนรุ่งเกตุฟาร์ม,101/2 หมู่ 1 ต.พุทธบาท อ.ชนแดน จ.เพชรบูรณ์,สำนักงานเกษตรจังหวัดเพชรบูรณ์,พุทธบาท
261,2565,ชนแดน,วิสาหกิจชุมชนเกษตรพัฒนาบ้านลาดน้อย,441 หมู่ 13 ต.พุทธบาท อ.ชนแดน จ.เพชรบูรณ์,สำนักงานเกษตรจังหวัดเพชรบูรณ์,พุทธบาท
262,2565,ชนแดน,วิสาหกิจชุมชนกลุ่มเลี้ยงแพะร่วมใจ ต.บ้านกล้วย,182 หมู่ 12 ต.บ้านกล้วย อ.ชนแดน จ.เพชรบูรณ์,สำนักงานเกษตรจังหวัดเพชรบูรณ์,บ้านกล้วย
263,2565,ชนแดน,วิสาหกิจชุมชนกลุ่มจักสานตะกร้าบ้านโคกยาว,11/2 หมู่ 6 ต.ลาดแค อ.ชนแดน จ.เพชรบูรณ์,สำนักงานเกษตรจังหวัดเพชรบูรณ์,ลาดแค
264,2565,ชนแดน,วิสาหกิจชุมชนดงขุยผลิตและแปรรูปผลิตภัณฑ์,333 หมู่ 3 ต.ดงขุย อ.ชนแดน จ.เพชรบูรณ์,สำนักงานเกษตรจังหวัดเพชรบูรณ์,ดงขุย
265,2565,ชนแดน,เครือข่ายวิสาหกิจชุมชนวิสาหกิจชุมชนกลุ่มผลิตสินค้าเกษตรพื้นที่ส่งเสริมแปลงใหญ่ตำบลซับพุทรา,99 หมู่ 5 ต.ซับพุทรา อ.ชนแดน จ.เพชรบูรณ์,สำนักงานเกษตรจังหวัดเพชรบูรณ์,ซับพุทรา
266,2565,ชนแดน,วิสาหกิจชุมชนกลุ่มเลี้ยงสุกร ตำบลพุทธบาท,73/2 หมู่ 25 ต.พุทธบาท อ.ชนแดน จ.เพชรบูรณ์,สำนักงานเกษตรจังหวัดเพชรบูรณ์,พุทธบาท
267,2565,ชนแดน,วิสาหกิจชุมชนกลุ่มเลี้ยงสัตว์ ตำบลพุทธบาท,55 หมู่ 25 ต.พุทธบาท อ.ชนแดน จ.เพชรบูรณ์,สำนักงานเกษตรจังหวัดเพชรบูรณ์,พุทธบาท
268,2565,ชนแดน,วิสาหกิจชุมชนกลุ่มผู้เลี้ยงโคเนื้อบ้านวังปลาช่อน,52 หมู่ 2 ต.ท่าข้าม อ.ชนแดน จ.เพชรบูรณ์,สำนักงานเกษตรจังหวัดเพชรบูรณ์,ท่าข้าม
269,2565,ชนแดน,วิสาหกิจชุมชนกลุ่มเลี้ยงโคกระบือ ต.ท่าข้าม ม.5,79 หมู่ 5 ต.ท่าข้าม อ.ชนแดน จ.เพชรบูรณ์,สำนักงานเกษตรจังหวัดเพชรบูรณ์,ท่าข้าม
270,2565,ชนแดน,วิสาหกิจชุมชนกลุ่มเลี้ยงโคเนื้อ ม.7 ต.ลาดแค,55/1 หมู่ 7 ต.ลาดแค อ.ชนแดน จ.เพชรบูรณ์,สำนักงานเกษตรจังหวัดเพชรบูรณ์,ลาดแค
271,2565,ชนแดน,วิสาหกิจชุมชนกลุ่มผู้เลี้ยงโคขุน ม.25 ต.พุทธบาท,148 หมู่ 25 ต.พุทธบาท อ.ชนแดน จ.เพชรบูรณ์,สำนักงานเกษตรจังหวัดเพชรบูรณ์,พุทธบาท
272,2565,ชนแดน,วิสาหกิจชุมชนกลุ่มผู้เลี้ยงโคเนื้อตำบลท่าข้าม,287/1 หมู่ 7 ต.ท่าข้าม อ.ชนแดน จ.เพชรบูรณ์,สำนักงานเกษตรจังหวัดเพชรบูรณ์,ท่าข้าม
273,2565,ชนแดน,วิสาหกิจชุมชนกลุ่มเกษตรกรผู้เลี้ยงสัตว์ ม.25 ต.พุทธบาท,118 หมู่ 25 ต.พุทธบาท อ.ชนแดน จ.เพชรบูรณ์,สำนักงานเกษตรจังหวัดเพชรบูรณ์,พุทธบาท
274,2565,ชนแดน,วิสาหกิจชุมชนเกษตรโคเนื้อ,17 หมู่ 8 ต.ศาลาลาย อ.ชนแดน จ.เพชรบูรณ์,สำนักงานเกษตรจังหวัดเพชรบูรณ์,ศาลาลาย
275,2565,ชนแดน,วิสาหกิจชุมชนกลุ่มเกษตรกรรมยั่งยืนบ้านคลองกลาง,16 หมู่ 2 ต.ซับพุทรา อ.ชนแดน จ.เพชรบูรณ์,สำนักงานเกษตรจังหวัดเพชรบูรณ์,ซับพุทรา
276,2565,ชนแดน,วิสาหกิจชุมชนเลี้ยงโคเนื้อ ม.7 ต.ท่าข้าม,24 หมู่ 7 ต.ท่าข้าม อ.ชนแดน จ.เพชรบูรณ์,สำนักงานเกษตรจังหวัดเพชรบูรณ์,ท่าข้าม
277,2565,ชนแดน,วิสาหกิจชุมชนกลุ่มปศุสัตว์บ้านกล้วยเหนือ,81 หมู่ 10 ต.บ้านกล้วย อ.ชนแดน จ.เพชรบูรณ์,สำนักงานเกษตรจังหวัดเพชรบูรณ์,บ้านกล้วย
278,2565,ชนแดน,วิสาหกิจชุมชนกลุ่มผู้เลี้ยงโคเนื้อ ม.19 ต.ลาดแค,1/3 หมู่ 19 ต.ลาดแค อ.ชนแดน จ.เพชรบูรณ์,สำนักงานเกษตรจังหวัดเพชรบูรณ์,ลาดแค
279,2565,ชนแดน,วิสาหกิจชุมชนการลดต้นทุนการผลิต หมู่ที่13,167/1 หมู่ 13 ต.ดงขุย อ.ชนแดน จ.เพชรบูรณ์,สำนักงานเกษตรจังหวัดเพชรบูรณ์,ดงขุย
280,2565,ชนแดน,เครือข่ายวิสาหกิจชุมชนการลดต้นทุนการผลิต อำเภอชนแดน,3 หมู่ 3 ต.ดงขุย อ.ชนแดน จ.เพชรบูรณ์,สำนักงานเกษตรจังหวัดเพชรบูรณ์,ดงขุย
281,2565,ชนแดน,วิสาหกิจชุมชนกลุุ่มเลี้ยงโคเนื้อบ้านโคกสาร,37/1 หมู่ 5 ต.ซับพุทรา อ.ชนแดน จ.เพชรบูรณ์,สำนักงานเกษตรจังหวัดเพชรบูรณ์,ซับพุทรา
282,2565,ชนแดน,วิสาหกิจชุมชนกลุ่มเกษตรสวนผสมและโคเนื้อ,99 หมู่ 7 ต.ศาลาลาย อ.ชนแดน จ.เพชรบูรณ์,สำนักงานเกษตรจังหวัดเพชรบูรณ์,ศาลาลาย
283,2565,ชนแดน,วิสาหกิจชุมชนกลุ่มผู้เลี้ยงโคเนื้อ-โคกสาร,77 หมู่ 5 ต.ซับพุทรา อ.ชนแดน จ.เพชรบูรณ์,สำนักงานเกษตรจังหวัดเพชรบูรณ์,ซับพุทรา
284,2565,ชนแดน,วิสาหกิจชุมชนกลุ่มปศุสัตว์ ม.8,88 หมู่ 8 ต.ท่าข้าม อ.ชนแดน จ.เพชรบูรณ์,สำนักงานเกษตรจังหวัดเพชรบูรณ์,ท่าข้าม
285,2565,ชนแดน,วิสาหกิจชุมชนเกษตรก้าวหน้า ม.13,119/1 หมู่ 13 ต.พุทธบาท อ.ชนแดน จ.เพชรบูรณ์,สำนักงานเกษตรจังหวัดเพชรบูรณ์,พุทธบาท
286,2565,ชนแดน,เครือข่ายวิสาหกิจชุมชนกลุ่มรวบรวมผลผลิตเกษตรและแปรรูปสินค้าอำเภอชนแดน,3 หมู่ 3 ต.ดงขุย อ.ชนแดน จ.เพชรบูรณ์,สำนักงานเกษตรจังหวัดเพชรบูรณ์,ดงขุย
287,2565,ชนแดน,วิสาหกิจชุมชนกลุ่มผู้เลี้ยงโค น้ำตกแสนสมบูรณ์,358/3 หมู่ 13 ต.พุทธบาท อ.ชนแดน จ.เพชรบูรณ์,สำนักงานเกษตรจังหวัดเพชรบูรณ์,พุทธบาท
288,2565,ชนแดน,วิสาหกิจชุมชนผู้เลี้ยงสัตว์ ป่าตอง,98 หมู่ 23 ต.พุทธบาท อ.ชนแดน จ.เพชรบูรณ์,สำนักงานเกษตรจังหวัดเพชรบูรณ์,พุทธบาท
289,2565,ชนแดน,วิสาหกิจชุมชนป่าตอง เลี้ยงสัตว์,152 หมู่ 23 ต.พุทธบาท อ.ชนแดน จ.เพชรบูรณ์,สำนักงานเกษตรจังหวัดเพชรบูรณ์,พุทธบาท
290,2565,ชนแดน,วิสาหกิจชุมชนผู้เลี้ยงโค บ้านห้วยงาช้างบน,37 หมู่ 23 ต.พุทธบาท อ.ชนแดน จ.เพชรบูรณ์,สำนักงานเกษตรจังหวัดเพชรบูรณ์,พุทธบาท
291,2565,ชนแดน,วิสาหกิจชุมชนเกษตรก้าวหน้าบ้านโคกยาว,29/4 หมู่ 6 ต.ลาดแค อ.ชนแดน จ.เพชรบูรณ์,สำนักงานเกษตรจังหวัดเพชรบูรณ์,ลาดแค
292,2565,ชนแดน,วิสาหกิจชุมชนกลุ่มผู้เลี้ยงแพะงามตา,102 หมู่ 3 ต.ชนแดน อ.ชนแดน จ.เพชรบูรณ์,สำนักงานเกษตรจังหวัดเพชรบูรณ์,ชนแดน
293,2565,ชนแดน,วิสาหกิจชุมชนกลุ่มผลิตพืชอาหารปลอดภัยบ้านซับม่วง,68 หมู่ 15 ต.ลาดแค อ.ชนแดน จ.เพชรบูรณ์,สำนักงานเกษตรจังหวัดเพชรบูรณ์,ลาดแค
294,2565,ชนแดน,วิสาหกิจชุมชนกลุ่มผลิตพืชอาหารปลอดภัยบ้านโคกยาว,11 หมู่ 6 ต.ลาดแค อ.ชนแดน จ.เพชรบูรณ์,สำนักงานเกษตรจังหวัดเพชรบูรณ์,ลาดแค
295,2565,ชนแดน,วิสาหกิจชุมชนกลุ่มผลิตเมล็ดพันธุ์พืชและปศุสัตว์ตำบลซับพุทรา,23 หมู่ 7 ต.ซับพุทรา อ.ชนแดน จ.เพชรบูรณ์,สำนักงานเกษตรจังหวัดเพชรบูรณ์,ซับพุทรา
296,2565,ชนแดน,วิสาหกิจชุมชนกลุ่มเกษตรสามัคคีบ้านโคกสูง,135 หมู่ 3 ต.ท่าข้าม อ.ชนแดน จ.เพชรบูรณ์,สำนักงานเกษตรจังหวัดเพชรบูรณ์,ท่าข้าม
297,2565,ชนแดน,วิสาหกิจชุมชนเกษตรยั่งยืนบ้านโคกสูง,434/2 หมู่ 3 ต.ท่าข้าม อ.ชนแดน จ.เพชรบูรณ์,สำนักงานเกษตรจังหวัดเพชรบูรณ์,ท่าข้าม
298,2565,ชนแดน,วิสาหกิจชุมชนกลุ่มแปรรูปผลผลิตการเกษตรบ้านเนินสว่าง,255 หมู่ 2 ต.ตะกุดไร อ.ชนแดน จ.เพชรบูรณ์,สำนักงานเกษตรจังหวัดเพชรบูรณ์,ตะกุดไร
299,2565,ชนแดน,วิสาหกิจชุมชนกลุ่มผลิตและแปรรูปมะขามอำเภอชนแดน,7 หมู่ 8 ต.ชนแดน อ.ชนแดน จ.เพชรบูรณ์,สำนักงานเกษตรจังหวัดเพชรบูรณ์,ชนแดน
300,2565,ชนแดน,วิสาหกิจชุมชนกลุ่มเกษตรกรผลิตพืชปลอดภัยอำเภอชนแดน,1046 หมู่ 4 ต.ชนแดน อ.ชนแดน จ.เพชรบูรณ์,สำนักงานเกษตรจังหวัดเพชรบูรณ์,ชนแดน
301,2565,ชนแดน,วิสาหกิจชุมชนกลุ่มเย็บผ้าบ้านวังโรง,30 หมู่ 6 ต.ชนแดน อ.ชนแดน จ.เพชรบูรณ์,สำนักงานเกษตรจังหวัดเพชรบูรณ์,ชนแดน
302,2565,ชนแดน,วิสาหกิจชุมชนกลุ่มผู้เลี้ยงสุกร ม.1 ต.ซับพุทรา,34/5 หมู่ 1 ต.ซับพุทรา อ.ชนแดน จ.เพชรบูรณ์,สำนักงานเกษตรจังหวัดเพชรบูรณ์,ซับพุทรา
303,2565,ชนแดน,วิสาหกิจชุมชนกลุ่มปลูกหญ้าเนเปียร์และผลิตอาหารสัตว์,9 หมู่ 13 ต.ชนแดน อ.ชนแดน จ.เพชรบูรณ์,สำนักงานเกษตรจังหวัดเพชรบูรณ์,ชนแดน
304,2565,ชนแดน,วิสาหกิจชุมชนกลุ่มเลี้ยงโคเนื้อบ้านเขาวงศ์ ต.ศาลาลาย,45/4 หมู่ 6 ต.ศาลาลาย อ.ชนแดน จ.เพชรบูรณ์,สำนักงานเกษตรจังหวัดเพชรบูรณ์,ศาลาลาย
305,2565,ชนแดน,วิสาหกิจชุมชนเกษตรผสมผสานบ้านวังไทร,1/4 หมู่ 4 ต.ซับพุทรา อ.ชนแดน จ.เพชรบูรณ์,สำนักงานเกษตรจังหวัดเพชรบูรณ์,ซับพุทรา
306,2565,ชนแดน,วิสาหกิจชุมชนกลุ่มน้ำพริกบ้านโคกตายอ,105/1 หมู่ 17 ต.ดงขุย อ.ชนแดน จ.เพชรบูรณ์,สำนักงานเกษตรจังหวัดเพชรบูรณ์,ดงขุย
307,2565,ชนแดน,วิสาหกิจชุมชนกลุ่มพัฒนาอาชีพเกษตรผสมผสานบ้านถ้ำเขาเครือ,102 หมู่ 11 ต.พุทธบาท อ.ชนแดน จ.เพชรบูรณ์,สำนักงานเกษตรจังหวัดเพชรบูรณ์,พุทธบาท
308,2565,ชนแดน,วิสาหกิจชุมชนกลุ่มทอเสื่อแม่บ้านตะกุดเป้า ม.5,34 หมู่ 5 ต.ท่าข้าม อ.ชนแดน จ.เพชรบูรณ์,สำนักงานเกษตรจังหวัดเพชรบูรณ์,ท่าข้าม
309,2565,ชนแดน,วิสาหกิจชุมชนเกษตรกรบ้านทุ่งโตนด,90/1 หมู่ 9 ต.ดงขุย อ.ชนแดน จ.เพชรบูรณ์,สำนักงานเกษตรจังหวัดเพชรบูรณ์,ดงขุย
310,2565,ชนแดน,วิสาหกิจชุมชนเกษตรผสมผสาน ต.ดงขุย,95/2 หมู่ 3 ต.ดงขุย อ.ชนแดน จ.เพชรบูรณ์,สำนักงานเกษตรจังหวัดเพชรบูรณ์,ดงขุย
311,2565,ชนแดน,วิสาหกิจชุมชนเกษตรกรหมู่10โป่งปู,23/1 หมู่ 10 ต.ดงขุย อ.ชนแดน จ.เพชรบูรณ์,สำนักงานเกษตรจังหวัดเพชรบูรณ์,ดงขุย
312,2565,ชนแดน,วิสาหกิจชุมชนกลุ่มผู้ปลูกและรวบรวมอ้อย,104 หมู่ 18 ต.ลาดแค อ.ชนแดน จ.เพชรบูรณ์,สำนักงานเกษตรจังหวัดเพชรบูรณ์,ลาดแค
313,2565,ชนแดน,วิสาหกิจชุมชนกลุ่มผู้ผลิตอ้อย,186 หมู่ 3 ต.บ้านกล้วย อ.ชนแดน จ.เพชรบูรณ์,สำนักงานเกษตรจังหวัดเพชรบูรณ์,บ้านกล้วย
314,2565,ชนแดน,วิสาหกิจชุมชนรวบรวมผลผลิตการเกษตร ม.2 โคกสำราญ,121 หมู่ 2 ต.บ้านกล้วย อ.ชนแดน จ.เพชรบูรณ์,สำนักงานเกษตรจังหวัดเพชรบูรณ์,บ้านกล้วย
315,2565,ชนแดน,วิสาหกิจชุมชนเกษตรกรชาวไร่อ้อย,82 หมู่ 2 ต.ลาดแค อ.ชนแดน จ.เพชรบูรณ์,สำนักงานเกษตรจังหวัดเพชรบูรณ์,ลาดแค
316,2565,ชนแดน,วิสาหกิจชุมชนกลุ่มเลี้ยงวัวบ้านเขาปูน ม.18,91/1 หมู่ 18 ต.ลาดแค อ.ชนแดน จ.เพชรบูรณ์,สำนักงานเกษตรจังหวัดเพชรบูรณ์,ลาดแค
317,2565,ชนแดน,วิสาหกิจชุมชนไร่นาสวนผสม ต.ดงขุย,19 หมู่ 1 ต.ดงขุย อ.ชนแดน จ.เพชรบูรณ์,สำนักงานเกษตรจังหวัดเพชรบูรณ์,ดงขุย
318,2565,ชนแดน,วิสาหกิจชุมชนรวบรวมผลผลิตทางการเกษตรตามฤดูกาล,10 หมู่ 2 ต.บ้านกล้วย อ.ชนแดน จ.เพชรบูรณ์,สำนักงานเกษตรจังหวัดเพชรบูรณ์,บ้านกล้วย
319,2565,ชนแดน,วิสาหกิจชุมชนกลุ่มเลี้ยงสัตว์และแปรรูปผลผลิตทางการเกษตร,44/1 หมู่ 8 ต.บ้านกล้วย อ.ชนแดน จ.เพชรบูรณ์,สำนักงานเกษตรจังหวัดเพชรบูรณ์,บ้านกล้วย
320,2565,ชนแดน,วิสาหกิจชุมชนกลุ่มเลี้ยงโคเนื้อบ้านหนองใหญ่ หมู่ 8,253 หมู่ 8 ต.ลาดแค อ.ชนแดน จ.เพชรบูรณ์,สำนักงานเกษตรจังหวัดเพชรบูรณ์,ลาดแค
321,2565,ชนแดน,วิสาหกิจชุมชนกลุ่มผู้ปลูกอ้อยหมู่บ้านเขาน้อย หมู่4,107 หมู่ 4 ต.ลาดแค อ.ชนแดน จ.เพชรบูรณ์,สำนักงานเกษตรจังหวัดเพชรบูรณ์,ลาดแค
322,2565,ชนแดน,วิสาหกิจชุมชนกลุ่มผู้ปลูกข้าวโพดบ้านเขาสัก,26 หมู่ 4 ต.ตะกุดไร อ.ชนแดน จ.เพชรบูรณ์,สำนักงานเกษตรจังหวัดเพชรบูรณ์,ตะกุดไร
323,2565,ชนแดน,วิสาหกิจชุมชนกลุ่มปลูกอ้อยบ้านหนองใหญ่ หมู่8,268 หมู่ 8 ต.ลาดแค อ.ชนแดน จ.เพชรบูรณ์,สำนักงานเกษตรจังหวัดเพชรบูรณ์,ลาดแค
324,2565,ชนแดน,วิสาหกิจชุมชนกลุ่มเกษตรกรบ้านดงสว่าง,455/1 หมู่ 12 ต.ดงขุย อ.ชนแดน จ.เพชรบูรณ์,สำนักงานเกษตรจังหวัดเพชรบูรณ์,ดงขุย
325,2565,ชนแดน,วิสาหกิจชุมชนเกษตรกรหมู่15 บ้านดงขุยกลาง,119 หมู่ 15 ต.ดงขุย อ.ชนแดน จ.เพชรบูรณ์,สำนักงานเกษตรจังหวัดเพชรบูรณ์,ดงขุย
326,2565,ชนแดน,วิสาหกิจชุมชนชาวไร่อ้อย ม.21 ลาดแค,60 หมู่ 21 ต.ลาดแค อ.ชนแดน จ.เพชรบูรณ์,สำนักงานเกษตรจังหวัดเพชรบูรณ์,ลาดแค
327,2565,ชนแดน,วิสาหกิจชุมชนกลุ่มปลูกพืชผักปลอดภัย,99/1 หมู่ 6 ต.ลาดแค อ.ชนแดน จ.เพชรบูรณ์,สำนักงานเกษตรจังหวัดเพชรบูรณ์,ลาดแค
328,2565,ชนแดน,วิสาหกิจชุมชนชาวไร่อ้อย ม.7 บ้านถ้ำแก้ว,50 หมู่ 7 ต.ลาดแค อ.ชนแดน จ.เพชรบูรณ์,สำนักงานเกษตรจังหวัดเพชรบูรณ์,ลาดแค
329,2565,ชนแดน,วิสาหกิจชุมชนกลุ่มเกษตรกรบ้านดงลานใต้ หมู่ 16,2 หมู่ 16 ต.ลาดแค อ.ชนแดน จ.เพชรบูรณ์,สำนักงานเกษตรจังหวัดเพชรบูรณ์,ลาดแค
330,2565,ชนแดน,วิสาหกิจชุมชนกลุ่มเลี้ยงแพะบ้านเขาเพิ่ม,54 หมู่ 8 ต.ซับพุทรา อ.ชนแดน จ.เพชรบูรณ์,สำนักงานเกษตรจังหวัดเพชรบูรณ์,ซับพุทรา
331,2565,ชนแดน,วิสาหกิจชุมชนกลุ่มเลี้ยงโคเนื้อเพื่อการผลิต หมู่ที่ 16,57 หมู่ 16 ต.ลาดแค อ.ชนแดน จ.เพชรบูรณ์,สำนักงานเกษตรจังหวัดเพชรบูรณ์,ลาดแค
332,2565,ชนแดน,วิสาหกิจชุมชนคนเลี้ยงแพะตำบลพุทธบาท,336 หมู่ 5 ต.พุทธบาท อ.ชนแดน จ.เพชรบูรณ์,สำนักงานเกษตรจังหวัดเพชรบูรณ์,พุทธบาท
333,2565,ชนแดน,วิสาหกิจชุมชนเกษตรพัฒนาโคเงิน,267 หมู่ 8 ต.ศาลาลาย อ.ชนแดน จ.เพชรบูรณ์,สำนักงานเกษตรจังหวัดเพชรบูรณ์,ศาลาลาย
334,2565,ชนแดน,วิสาหกิจชุมชนกลุ่มเกษตรกร หมู่3 ตำบลดงขุย,42/4 หมู่ 3 ต.ดงขุย อ.ชนแดน จ.เพชรบูรณ์,สำนักงานเกษตรจังหวัดเพชรบูรณ์,ดงขุย
335,2565,ชนแดน,วิสาหกิจชุมชนกลุ่มเกษตรกรหมู่ 5 ต.ดงขุย,567/4 หมู่ 5 ต.ดงขุย อ.ชนแดน จ.เพชรบูรณ์,สำนักงานเกษตรจังหวัดเพชรบูรณ์,ดงขุย
336,2565,ชนแดน,วิสาหกิจชุมชนเกษตรกรทุ่งโตนดร่วมใจ,91/1 หมู่ 9 ต.ดงขุย อ.ชนแดน จ.เพชรบูรณ์,สำนักงานเกษตรจังหวัดเพชรบูรณ์,ดงขุย
337,2565,ชนแดน,วิสาหกิจชุมชนกลุ่มผู้ปลูกอ้อย บ้านเขาปูน ม.18,57 หมู่ 18 ต.ลาดแค อ.ชนแดน จ.เพชรบูรณ์,สำนักงานเกษตรจังหวัดเพชรบูรณ์,ลาดแค
338,2565,ชนแดน,วิสาหกิจชุมชนบ้านดงสว่างร่วมใจ,591/1 หมู่ 12 ต.ดงขุย อ.ชนแดน จ.เพชรบูรณ์,สำนักงานเกษตรจังหวัดเพชรบูรณ์,ดงขุย
339,2565,ชนแดน,วิสาหกิจชุมชนพืชเศรษฐกิจวารีย์วงษ์,79 หมู่ 4 ต.ดงขุย อ.ชนแดน จ.เพชรบูรณ์,สำนักงานเกษตรจังหวัดเพชรบูรณ์,ดงขุย
340,2565,ชนแดน,วิสาหกิจชุมชนกลุ่มอาชีพเกษตรกรผู้ปลูกอ้อย หมู่18 ตำบลลาดแค,122 หมู่ 18 ต.ลาดแค อ.ชนแดน จ.เพชรบูรณ์,สำนักงานเกษตรจังหวัดเพชรบูรณ์,ลาดแค
341,2565,ชนแดน,วิสาหกิจชุมชนกลุ่มเกษตรกรผู้ปลูกอ้อยตำบลลาดแค,53/1 หมู่ 20 ต.ลาดแค อ.ชนแดน จ.เพชรบูรณ์,สำนักงานเกษตรจังหวัดเพชรบูรณ์,ลาดแค
342,2565,ชนแดน,วิสาหกิจชุมชนกลุ่มเกษตรกรผู้ปลูกอ้อย ม.18 ลาดแค,10 หมู่ 18 ต.ลาดแค อ.ชนแดน จ.เพชรบูรณ์,สำนักงานเกษตรจังหวัดเพชรบูรณ์,ลาดแค
343,2565,ชนแดน,วิสาหกิจชุมชนปลูกข้าวโพดเลี้ยงสัตว์ หมู่ 16 ลาดแค,140/2 หมู่ 16 ต.ลาดแค อ.ชนแดน จ.เพชรบูรณ์,สำนักงานเกษตรจังหวัดเพชรบูรณ์,ลาดแค
344,2565,ชนแดน,วิสาหกิจชุมชนสมุนไพร 108,123 หมู่ 2 ต.ชนแดน อ.ชนแดน จ.เพชรบูรณ์,สำนักงานเกษตรจังหวัดเพชรบูรณ์,ชนแดน
345,2565,ชนแดน,วิสาหกิจชุมชนกลุ่มเลี้ยงแพะเนื้อโคกเจริญเหนือ,111 หมู่ 13 ต.ชนแดน อ.ชนแดน จ.เพชรบูรณ์,สำนักงานเกษตรจังหวัดเพชรบูรณ์,ชนแดน
346,2565,ชนแดน,วิสาหกิจชุมชนกลุ่มเกษตรกรเลี้ยงสัตว์บ้านดงลานใต้ ม.16 ลาดแค,140 หมู่ 16 ต.ลาดแค อ.ชนแดน จ.เพชรบูรณ์,สำนักงานเกษตรจังหวัดเพชรบูรณ์,ลาดแค
347,2565,ชนแดน,วิสาหกิจชุมชนกลุ่มเกษตรกรบ้านอำพรฟาร์ม,52 หมู่ 3 ต.ลาดแค อ.ชนแดน จ.เพชรบูรณ์,สำนักงานเกษตรจังหวัดเพชรบูรณ์,ลาดแค
348,2565,ชนแดน,เครือข่ายวิสาหกิจชุมชนเกษตรแปลงใหญ่โคเนื้อชนแดน,79 หมู่ 9 ต.ลาดแค อ.ชนแดน จ.เพชรบูรณ์,สำนักงานเกษตรจังหวัดเพชรบูรณ์,ลาดแค
349,2565,ชนแดน,วิสาหกิจชุมชนโรงสีข้าวบ้านวังศาลา,167/1 หมู่ 13 ต.ดงขุย อ.ชนแดน จ.เพชรบูรณ์,สำนักงานเกษตรจังหวัดเพชรบูรณ์,ดงขุย
350,2565,ชนแดน,วิสาหกิจชุมชนโครงการเลี้ยงไก่ตะเภาทอง,333 หมู่ 6 ต.ดงขุย อ.ชนแดน จ.เพชรบูรณ์,สำนักงานเกษตรจังหวัดเพชรบูรณ์,ดงขุย
351,2565,ชนแดน,วิสาหกิจชุมชนส่งเสริมอาชีพผลิตปุ๋ย,90/1 หมู่ 9 ต.ดงขุย อ.ชนแดน จ.เพชรบูรณ์,สำนักงานเกษตรจังหวัดเพชรบูรณ์,ดงขุย
352,2565,ชนแดน,วิสาหกิจชุมชนกลุ่มพัฒนาอาชีพบ้านวารีวงษ์,206 หมู่ 14 ต.ดงขุย อ.ชนแดน จ.เพชรบูรณ์,สำนักงานเกษตรจังหวัดเพชรบูรณ์,ดงขุย
353,2565,ชนแดน,วิสาหกิจชุมชนพืชพลังงานทดแทนเพื่อชุมชนตำบลตะกุดไร,186 หมู่ 6 ต.ตะกุดไร อ.ชนแดน จ.เพชรบูรณ์,สำนักงานเกษตรจังหวัดเพชรบูรณ์,ตะกุดไร
354,2565,ชนแดน,วิสาหกิจชุมชนผลิตและแปรรูปผลผลิตทางการเกษตรบ้านกล้วย,345 หมู่ 10 ต.บ้านกล้วย อ.ชนแดน จ.เพชรบูรณ์,สำนักงานเกษตรจังหวัดเพชรบูรณ์,บ้านกล้วย
355,2565,ชนแดน,วิสาหกิจชุมชนกลุ่มเกษตรยั่งยืนและแปรรูปผลผลิตทางการเกษตรอำเภอชนแดน,100 หมู่ 15 ต.ลาดแค อ.ชนแดน จ.เพชรบูรณ์,สำนักงานเกษตรจังหวัดเพชรบูรณ์,ลาดแค
356,2565,ชนแดน,วิสาหกิจชุมชนผู้เลี้ยงโคเนื้อ-โคขุน บ้านหนองตาด,99 หมู่ 5 ต.พุทธบาท อ.ชนแดน จ.เพชรบูรณ์,สำนักงานเกษตรจังหวัดเพชรบูรณ์,พุทธบาท
357,2565,ชนแดน,วิสาหกิจชุมชนกลุ่มรากแก้ว,12/1 หมู่ 6 ต.ดงขุย อ.ชนแดน จ.เพชรบูรณ์,สำนักงานเกษตรจังหวัดเพชรบูรณ์,ดงขุย
358,2565,ชนแดน,วิสาหกิจชุมชนกลุ่มแปรรูปผลผลิตทางการเกษตร บ้านศาลาลาย,1 หมู่ 1 ต.ศาลาลาย อ.ชนแดน จ.เพชรบูรณ์,สำนักงานเกษตรจังหวัดเพชรบูรณ์,ศาลาลาย
359,2565,ชนแดน,วิสาหกิจชุมชนลาดน้อยร่วมใจ,268/1 หมู่ 13 ต.พุทธบาท อ.ชนแดน จ.เพชรบูรณ์,สำนักงานเกษตรจังหวัดเพชรบูรณ์,พุทธบาท
360,2565,ชนแดน,วิสาหกิจชุมชนเกษตรกรผู้ปลูกและแปรรูปมะขามหวานบ้านโป่งตาเบ้า,212 หมู่ 8 ต.ชนแดน อ.ชนแดน จ.เพชรบูรณ์,สำนักงานเกษตรจังหวัดเพชรบูรณ์,ชนแดน
361,2565,ชนแดน,วิสาหกิจชุมชนกลุ่มไม้ผลและไม้ยืนต้นเพื่อเศรษฐกิจ,14/1 หมู่ 27 ต.พุทธบาท อ.ชนแดน จ.เพชรบูรณ์,สำนักงานเกษตรจังหวัดเพชรบูรณ์,พุทธบาท
362,2565,ชนแดน,วิสาหกิจชุมชนเทพจักรพันธ์เพื่อการเกษตรและสมุนไพรที่ยั่งยืน,95 หมู่ 6 ต.ตะกุดไร อ.ชนแดน จ.เพชรบูรณ์,สำนักงานเกษตรจังหวัดเพชรบูรณ์,ตะกุดไร
363,2565,ชนแดน,วิสาหกิจชุมชนท่องเที่ยววิถีเกษตรบ้านดง,99/9 หมู่ 7 ต.ดงขุย อ.ชนแดน จ.เพชรบูรณ์,สำนักงานเกษตรจังหวัดเพชรบูรณ์,ดงขุย
364,2565,ชนแดน,วิสาหกิจชุมชนกลุ่มเกษตรกรผู้ปลูกและแปรรูปมะขามหวานบ้านโป่งตะแบก,28 หมู่ 10 ต.พุทธบาท อ.ชนแดน จ.เพชรบูรณ์,สำนักงานเกษตรจังหวัดเพชรบูรณ์,พุทธบาท
365,2565,ชนแดน,วิสาหกิจชุมชนโคขุนบ้านซับตะเคียนหมู่21,34 หมู่ 21 ต.ลาดแค อ.ชนแดน จ.เพชรบูรณ์,สำนักงานเกษตรจังหวัดเพชรบูรณ์,ลาดแค
366,2565,ชนแดน,เครือข่ายวิสาหกิจชุมชนพืชเศรษฐกิจใหม่,100 หมู่ 15 ต.ลาดแค อ.ชนแดน จ.เพชรบูรณ์,สำนักงานเกษตรจังหวัดเพชรบูรณ์,ลาดแค
367,2565,ชนแดน,วิสาหกิจชุมชนชนแดนเกษตรยั่งยืน,26 หมู่ 7 ต.ชนแดน อ.ชนแดน จ.เพชรบูรณ์,สำนักงานเกษตรจังหวัดเพชรบูรณ์,ชนแดน
368,2565,ชนแดน,วิสาหกิจชุมชนปลูกพืชเศรษฐกิจสมุนไพรบ้านโป่งตะแบก,99 หมู่ 10 ต.พุทธบาท อ.ชนแดน จ.เพชรบูรณ์,สำนักงานเกษตรจังหวัดเพชรบูรณ์,พุทธบาท
369,2565,หล่มสัก,วิสาหกิจชุมชนลีลา & มะขามยิ้ม,215 หมู่ 1 ต.วัดป่า อ.หล่มสัก จ.เพชรบูรณ์,สำนักงานเกษตรจังหวัดเพชรบูรณ์,วัดป่า
370,2565,หล่มสัก,วิสาหกิจชุมชนดอกไม้ฝ้ายทอ,124 หมู่ 8 ต.สักหลง อ.หล่มสัก จ.เพชรบูรณ์,สำนักงานเกษตรจังหวัดเพชรบูรณ์,สักหลง
371,2565,หล่มสัก,วิสาหกิจชุมชนจักสานบ้านไทรหย่อนหมู่ 5,45 หมู่ 5 ต.ปากดุก อ.หล่มสัก จ.เพชรบูรณ์,สำนักงานเกษตรจังหวัดเพชรบูรณ์,ปากดุก
372,2565,หล่มสัก,วิสาหกิจชุมชนบ้านน้ำดุกชลประทาน,91 หมู่ 7 ต.ปากดุก อ.หล่มสัก จ.เพชรบูรณ์,สำนักงานเกษตรจังหวัดเพชรบูรณ์,ปากดุก
373,2565,หล่มสัก,วิสาหกิจชุมชนน้ำผลไม้พร้อมดื่มห้วยไร่,136 หมู่ 2 ต.ห้วยไร่ อ.หล่มสัก จ.เพชรบูรณ์,สำนักงานเกษตรจังหวัดเพชรบูรณ์,ห้วยไร่
374,2565,หล่มสัก,วิสาหกิจชุมชนสตรีพัฒนาหมู่ 7,68 หมู่ 7 ต.สักหลง อ.หล่มสัก จ.เพชรบูรณ์,สำนักงานเกษตรจังหวัดเพชรบูรณ์,สักหลง
375,2565,หล่มสัก,วิสาหกิจชุมชนกลุ่มทอผ้ากี่กระตุกบ้านวังร่อง,58 หมู่ 8 ต.สักหลง อ.หล่มสัก จ.เพชรบูรณ์,สำนักงานเกษตรจังหวัดเพชรบูรณ์,สักหลง
376,2565,หล่มสัก,วิสาหกิจชุมชนส่งเสริมสารชีวภาพตำบลห้วยไร่,152 หมู่ 12 ต.ห้วยไร่ อ.หล่มสัก จ.เพชรบูรณ์,สำนักงานเกษตรจังหวัดเพชรบูรณ์,ห้วยไร่
377,2565,หล่มสัก,วิสาหกิจชุมชนแปรรูปบ้านกุดกุ่ม,7 หมู่ 8 ต.บุ่งคล้า อ.หล่มสัก จ.เพชรบูรณ์,สำนักงานเกษตรจังหวัดเพชรบูรณ์,บุ่งคล้า
378,2565,หล่มสัก,วิสาหกิจชุมชนกลุ่มพัฒนาอาชีพการเกษตร,325 หมู่ 12 ต.วัดป่า อ.หล่มสัก จ.เพชรบูรณ์,สำนักงานเกษตรจังหวัดเพชรบูรณ์,วัดป่า
379,2565,หล่มสัก,วิสาหกิจชุมชนปลูกผักปลอดสารพิษตำบลห้วยไร่,39 หมู่ 1 ต.ห้วยไร่ อ.หล่มสัก จ.เพชรบูรณ์,สำนักงานเกษตรจังหวัดเพชรบูรณ์,ห้วยไร่
380,2565,หล่มสัก,วิสาหกิจชุมชนกลุ่มรวบรวมผลิตภัณฑ์ใบยาสูบห้วยไร่,199 หมู่ 5 ต.ห้วยไร่ อ.หล่มสัก จ.เพชรบูรณ์,สำนักงานเกษตรจังหวัดเพชรบูรณ์,ห้วยไร่
381,2565,หล่มสัก,วิสาหกิจชุมชนกลุ่มออมทรัพย์เกษตรยั่งยืนหมู่ 6,21 หมู่ 6 ต.บ้านโสก อ.หล่มสัก จ.เพชรบูรณ์,สำนักงานเกษตรจังหวัดเพชรบูรณ์,บ้านโสก
382,2565,หล่มสัก,วิสาหกิจชุมชนกลุ่มกองทุนเกษตรยั่งยืนบ้านแก่งยาว,42/1 หมู่ 6 ต.ห้วยไร่ อ.หล่มสัก จ.เพชรบูรณ์,สำนักงานเกษตรจังหวัดเพชรบูรณ์,ห้วยไร่
383,2565,หล่มสัก,วิสาหกิจชุมชนกลุ่มผู้ปลูกข้าวโพดเลี้ยงสัตว์บ้านแก่งยาว,30 หมู่ 6 ต.ห้วยไร่ อ.หล่มสัก จ.เพชรบูรณ์,สำนักงานเกษตรจังหวัดเพชรบูรณ์,ห้วยไร่
384,2565,หล่มสัก,วิสาหกิจชุมชนเครื่องนอนบ้านหนองบัว,165 หมู่ 2 ต.สักหลง อ.หล่มสัก จ.เพชรบูรณ์,สำนักงานเกษตรจังหวัดเพชรบูรณ์,สักหลง
385,2565,หล่มสัก,วิสาหกิจชุมชนกลุ่มแปรรูปไม้ไผ่บ้านขวัญโยน,1/3 หมู่ 1 ต.ตาลเดี่ยว อ.หล่มสัก จ.เพชรบูรณ์,สำนักงานเกษตรจังหวัดเพชรบูรณ์,ตาลเดี่ยว
386,2565,หล่มสัก,วิสาหกิจชุมชนกลุ่มข้าวแดงซ้อมมือบ้านน้ำเฮี้ย,20 หมู่ 2 ต.น้ำเฮี้ย อ.หล่มสัก จ.เพชรบูรณ์,สำนักงานเกษตรจังหวัดเพชรบูรณ์,น้ำเฮี้ย
387,2565,หล่มสัก,วิสาหกิจชุมชนกลุ่มเลี้ยงหมูบ้านหนองปลาตำบลน้ำเฮี้ย,93 หมู่ 1 ต.น้ำเฮี้ย อ.หล่มสัก จ.เพชรบูรณ์,สำนักงานเกษตรจังหวัดเพชรบูรณ์,น้ำเฮี้ย
388,2565,หล่มสัก,วิสาหกิจชุมชนกลุ่มผู้เลี้ยงวัวบ้านช้างตะลูด,210 หมู่ 11 ต.ช้างตะลูด อ.หล่มสัก จ.เพชรบูรณ์,สำนักงานเกษตรจังหวัดเพชรบูรณ์,ช้างตะลูด
389,2565,หล่มสัก,วิสาหกิจชุมชนกลุ่มผลิตกิ่งพันธุ์ไม้,63 หมู่ 10 ต.ช้างตะลูด อ.หล่มสัก จ.เพชรบูรณ์,สำนักงานเกษตรจังหวัดเพชรบูรณ์,ช้างตะลูด
390,2565,หล่มสัก,วิสาหกิจชุมชนกลุ่มร้านค้าออมทรัพย์เพื่อการผลิตบ้านป่าบง,124/2 หมู่ 6 ต.บ้านกลาง อ.หล่มสัก จ.เพชรบูรณ์,สำนักงานเกษตรจังหวัดเพชรบูรณ์,บ้านกลาง
391,2565,หล่มสัก,วิสาหกิจชุมชนกลุ่มผู้ทำปุ๋ยน้ำหมักชีวภาพ,5 หมู่ 5 ต.บ้านไร่ อ.หล่มสัก จ.เพชรบูรณ์,สำนักงานเกษตรจังหวัดเพชรบูรณ์,บ้านไร่
392,2565,หล่มสัก,วิสาหกิจชุมชนกลุ่มช่างไม้เฟอร์นิเจอร์หมู่ 5 บ้านน้ำคำ,159 หมู่ 5 ต.ปากช่อง อ.หล่มสัก จ.เพชรบูรณ์,สำนักงานเกษตรจังหวัดเพชรบูรณ์,ปากช่อง
393,2565,หล่มสัก,วิสาหกิจชุมชนกลุ่มเกษตรกรหมู่ 2 บ้านน้ำเฮี้ย,37 หมู่ 2 ต.น้ำเฮี้ย อ.หล่มสัก จ.เพชรบูรณ์,สำนักงานเกษตรจังหวัดเพชรบูรณ์,น้ำเฮี้ย
394,2565,หล่มสัก,วิสาหกิจชุมชนกลุ่มเกษตรกรน้ำเฮี้ย หมู่ 5,34 หมู่ 5 ต.น้ำเฮี้ย อ.หล่มสัก จ.เพชรบูรณ์,สำนักงานเกษตรจังหวัดเพชรบูรณ์,น้ำเฮี้ย
395,2565,หล่มสัก,วิสาหกิจชุมชนกลุ่มเกษตรกรบ้านกุดโก หมู่ 4,41 หมู่ 4 ต.น้ำเฮี้ย อ.หล่มสัก จ.เพชรบูรณ์,สำนักงานเกษตรจังหวัดเพชรบูรณ์,น้ำเฮี้ย
396,2565,หล่มสัก,วิสาหกิจชุมชนกองทุนปุ๋ยชีวภาพบ้านน้อยหนองโก หมู่ 2,62 หมู่ 2 ต.ลานบ่า อ.หล่มสัก จ.เพชรบูรณ์,สำนักงานเกษตรจังหวัดเพชรบูรณ์,ลานบ่า
397,2565,หล่มสัก,วิสาหกิจชุมชนกลุ่มดินทองการเกษตร,124 หมู่ 10 ต.บุ่งน้ำเต้า อ.หล่มสัก จ.เพชรบูรณ์,สำนักงานเกษตรจังหวัดเพชรบูรณ์,บุ่งน้ำเต้า
398,2565,หล่มสัก,วิสาหกิจชุมชนกลุ่มผักชีฝรั่งบ้านส้มเลาเหนือ,26 หมู่ 4 ต.บ้านโสก อ.หล่มสัก จ.เพชรบูรณ์,สำนักงานเกษตรจังหวัดเพชรบูรณ์,บ้านโสก
399,2565,หล่มสัก,วิสาหกิจชุมชนกลุ่มชมพู่เกษตรทฤษฎีใหม่บ้านทุ่งส้มเลา,154 หมู่ 7 ต.บ้านโสก อ.หล่มสัก จ.เพชรบูรณ์,สำนักงานเกษตรจังหวัดเพชรบูรณ์,บ้านโสก
400,2565,หล่มสัก,วิสาหกิจชุมชนกลุ่มผู้ปลูกยาเส้นอิดำ,25 หมู่ 16 ต.บ้านกลาง อ.หล่มสัก จ.เพชรบูรณ์,สำนักงานเกษตรจังหวัดเพชรบูรณ์,บ้านกลาง
401,2565,หล่มสัก,วิสาหกิจชุมชนกลุ่มแม่บ้านเกษตรกรบ้านฝายพัฒนา,145 หมู่ 8 ต.น้ำก้อ อ.หล่มสัก จ.เพชรบูรณ์,สำนักงานเกษตรจังหวัดเพชรบูรณ์,น้ำก้อ
402,2565,หล่มสัก,วิสาหกิจชุมชนกลุ่มแม่บ้านเกษตรกรห้วยปูนร่วมใจ,15/3 หมู่ 1 ต.น้ำก้อ อ.หล่มสัก จ.เพชรบูรณ์,สำนักงานเกษตรจังหวัดเพชรบูรณ์,น้ำก้อ
403,2565,หล่มสัก,วิสาหกิจชุมชนกลุ่มจักสานบ้านงิ้วงาม,49 หมู่ 11 ต.ลานบ่า อ.หล่มสัก จ.เพชรบูรณ์,สำนักงานเกษตรจังหวัดเพชรบูรณ์,ลานบ่า
404,2565,หล่มสัก,วิสาหกิจชุมชนกลุ่มจักสานตะกร้าใส่ผักบ้านท่าขาม,155 หมู่ 5 ต.ลานบ่า อ.หล่มสัก จ.เพชรบูรณ์,สำนักงานเกษตรจังหวัดเพชรบูรณ์,ลานบ่า
405,2565,หล่มสัก,วิสาหกิจชุมชนกลุ่มเกษตรกรบ้านท่าขาม,154 หมู่ 5 ต.ลานบ่า อ.หล่มสัก จ.เพชรบูรณ์,สำนักงานเกษตรจังหวัดเพชรบูรณ์,ลานบ่า
406,2565,หล่มสัก,วิสาหกิจชุมชนกลุ่มเกษตรผู้ปลูกยาสูบกกโอ,66 หมู่ 4 ต.น้ำชุน อ.หล่มสัก จ.เพชรบูรณ์,สำนักงานเกษตรจังหวัดเพชรบูรณ์,น้ำชุน
407,2565,หล่มสัก,วิสาหกิจชุมชนกลุ่มออมทรัพย์เพื่อการผลิตใบยาสูบบ้านลานบ่าหมู่ 6,124 หมู่ 6 ต.ลานบ่า อ.หล่มสัก จ.เพชรบูรณ์,สำนักงานเกษตรจังหวัดเพชรบูรณ์,ลานบ่า
408,2565,หล่มสัก,วิสาหกิจชุมชนกลุ่มภูมิไทร่วมใจ,288 หมู่ 4 ต.น้ำชุน อ.หล่มสัก จ.เพชรบูรณ์,สำนักงานเกษตรจังหวัดเพชรบูรณ์,น้ำชุน
409,2565,หล่มสัก,วิสาหกิจชุมชนบ้านหนองปลา หมู่ 1,99 หมู่ 1 ต.น้ำเฮี้ย อ.หล่มสัก จ.เพชรบูรณ์,สำนักงานเกษตรจังหวัดเพชรบูรณ์,น้ำเฮี้ย
410,2565,หล่มสัก,วิสาหกิจชุมชนอัดฟางก้อน หมู่ 6,68 หมู่ 6 ต.ลานบ่า อ.หล่มสัก จ.เพชรบูรณ์,สำนักงานเกษตรจังหวัดเพชรบูรณ์,ลานบ่า
411,2565,หล่มสัก,วิสาหกิจชุมชนกลุ่มมะพร้าวแก้วบ้านท่าช้างหมู่ 6,65 หมู่ 2 ต.ห้วยไร่ อ.หล่มสัก จ.เพชรบูรณ์,สำนักงานเกษตรจังหวัดเพชรบูรณ์,ห้วยไร่
412,2565,หล่มสัก,วิสาหกิจชุมชนกลุ่มส่งเสริมอาชีพนาหญ้าบ้านร่องดู่,149 หมู่ 4 ต.ห้วยไร่ อ.หล่มสัก จ.เพชรบูรณ์,สำนักงานเกษตรจังหวัดเพชรบูรณ์,ห้วยไร่
413,2565,หล่มสัก,วิสาหกิจชุมชนเกษตรประสานงานอุตสาหกรรม,102 หมู่ 4 ต.ปากช่อง อ.หล่มสัก จ.เพชรบูรณ์,สำนักงานเกษตรจังหวัดเพชรบูรณ์,ปากช่อง
414,2565,หล่มสัก,วิสาหกิจชุมชนกลุ่มผู้ใช้ปุ๋ยอินทรีย์บ้านร่องคู,27 หมู่ 4 ต.ห้วยไร่ อ.หล่มสัก จ.เพชรบูรณ์,สำนักงานเกษตรจังหวัดเพชรบูรณ์,ห้วยไร่
415,2565,หล่มสัก,วิสาหกิจชุมชนผู้ปลูกยาสูบหมู่ 7 ท่าโก,60 หมู่ 7 ต.ตาลเดี่ยว อ.หล่มสัก จ.เพชรบูรณ์,สำนักงานเกษตรจังหวัดเพชรบูรณ์,ตาลเดี่ยว
416,2565,หล่มสัก,วิสาหกิจชุมชนกลุ่มผู้เลี้ยงโค-กระบือบ้านวังมลใต้,32 หมู่ 5 ต.ท่าอิบุญ อ.หล่มสัก จ.เพชรบูรณ์,สำนักงานเกษตรจังหวัดเพชรบูรณ์,ท่าอิบุญ
417,2565,หล่มสัก,วิสาหกิจชุมชนกลุ่มปุ๋ยอินทรีย์บ้านวังร่องหมู่ 5,2 หมู่ 5 ต.ห้วยไร่ อ.หล่มสัก จ.เพชรบูรณ์,สำนักงานเกษตรจังหวัดเพชรบูรณ์,ห้วยไร่
418,2565,หล่มสัก,วิสาหกิจชุมชนเพื่อการผลิตใบยาสูบหมู่ 6 บ้านนาหลวง,128 หมู่ 6 ต.บ้านโสก อ.หล่มสัก จ.เพชรบูรณ์,สำนักงานเกษตรจังหวัดเพชรบูรณ์,บ้านโสก
419,2565,หล่มสัก,วิสาหกิจชุมชนกลุ่มอนุรักษ์และพัฒนาโค-กระบือ หมู่ 2,19 หมู่ 2 ต.ท่าอิบุญ อ.หล่มสัก จ.เพชรบูรณ์,สำนักงานเกษตรจังหวัดเพชรบูรณ์,ท่าอิบุญ
420,2565,หล่มสัก,วิสาหกิจชุมชนกลุ่มผู้ปลูกหน่อไม้ฝรั่งปลอดสารพิษ หมู่ 1 ตำบลห้วยไร่,10 หมู่ 1 ต.ห้วยไร่ อ.หล่มสัก จ.เพชรบูรณ์,สำนักงานเกษตรจังหวัดเพชรบูรณ์,ห้วยไร่
421,2565,หล่มสัก,วิสาหกิจชุมชนกลุ่มสตรีสหกรณ์บ้านติ้ว(ทอผ้ามุก),159 หมู่ 3 ต.บ้านติ้ว อ.หล่มสัก จ.เพชรบูรณ์,สำนักงานเกษตรจังหวัดเพชรบูรณ์,บ้านติ้ว
422,2565,หล่มสัก,วิสาหกิจชุมชนกลุ่มผู้ปลูกข้าวและยาสูบหมู่ 5 ตำบลบ้านหวาย,94 หมู่ 5 ต.บ้านหวาย อ.หล่มสัก จ.เพชรบูรณ์,สำนักงานเกษตรจังหวัดเพชรบูรณ์,บ้านหวาย
423,2565,หล่มสัก,วิสาหกิจชุมชนกลุ่มโคกระบือบ้านคลองสีฟัน,150 หมู่ 8 ต.ลานบ่า อ.หล่มสัก จ.เพชรบูรณ์,สำนักงานเกษตรจังหวัดเพชรบูรณ์,ลานบ่า
424,2565,หล่มสัก,วิสาหกิจชุมชนเลี้ยงโคกระบือสนามบิน,38 หมู่ 9 ต.ลานบ่า อ.หล่มสัก จ.เพชรบูรณ์,สำนักงานเกษตรจังหวัดเพชรบูรณ์,ลานบ่า
425,2565,หล่มสัก,วิสาหกิจชุมชนกลุ่มโคกระบือบ้านหนองโก,16 หมู่ 1 ต.ลานบ่า อ.หล่มสัก จ.เพชรบูรณ์,สำนักงานเกษตรจังหวัดเพชรบูรณ์,ลานบ่า
426,2565,หล่มสัก,วิสาหกิจชุมชนธนาคารหมู่บ้านหมู่ 10 บ้านดงเมือง,20 หมู่ 10 ต.ลานบ่า อ.หล่มสัก จ.เพชรบูรณ์,สำนักงานเกษตรจังหวัดเพชรบูรณ์,ลานบ่า
427,2565,หล่มสัก,วิสาหกิจชุมชนกลุ่มผู้เลี้ยงวัวแม่พันธุ์หมู่ 6 ท่าอิบุญ,111 หมู่ 6 ต.ท่าอิบุญ อ.หล่มสัก จ.เพชรบูรณ์,สำนักงานเกษตรจังหวัดเพชรบูรณ์,ท่าอิบุญ
428,2565,หล่มสัก,วิสาหกิจชุมชนธนาคารหมู่บ้านงิ้วงาม,90 หมู่ 11 ต.ลานบ่า อ.หล่มสัก จ.เพชรบูรณ์,สำนักงานเกษตรจังหวัดเพชรบูรณ์,ลานบ่า
429,2565,หล่มสัก,วิสาหกิจชุมชนกลุ่มผลิตเมล็ดพันธุ์ข้าวโพดลูกผสมบ้านไร่พัฒนา,55 หมู่ 14 ต.ลานบ่า อ.หล่มสัก จ.เพชรบูรณ์,สำนักงานเกษตรจังหวัดเพชรบูรณ์,ลานบ่า
430,2565,หล่มสัก,วิสาหกิจชุมชนกลุ่มส้มโอหวานบ้านคลองสีฟันตำบลลานบ่า,150 หมู่ 8 ต.ลานบ่า อ.หล่มสัก จ.เพชรบูรณ์,สำนักงานเกษตรจังหวัดเพชรบูรณ์,ลานบ่า
431,2565,หล่มสัก,วิสาหกิจชุมชนกลุ่มส้มโอหวานบ้านคลองสีฟันตำบลลานบ่า 2,43 หมู่ 8 ต.ลานบ่า อ.หล่มสัก จ.เพชรบูรณ์,สำนักงานเกษตรจังหวัดเพชรบูรณ์,ลานบ่า
432,2565,หล่มสัก,วิสาหกิจชุมชนสหกรณ์การเกษตรตำบลลานบ่าจำกัด,99 หมู่ 2 ต.ลานบ่า อ.หล่มสัก จ.เพชรบูรณ์,สำนักงานเกษตรจังหวัดเพชรบูรณ์,ลานบ่า
433,2565,หล่มสัก,วิสาหกิจชุมชนผู้ปลูกมะขามหวานผลิตผลและผู้เลี้ยงสัตว์(แกะ โคขุน),41 หมู่ 9 ต.ปากช่อง อ.หล่มสัก จ.เพชรบูรณ์,สำนักงานเกษตรจังหวัดเพชรบูรณ์,ปากช่อง
434,2565,หล่มสัก,วิสาหกิจชุมชนกลุ่มพัฒนาอาชีพเพาะเห็ดตำบลบุ่งน้ำเต้า,260 หมู่ 10 ต.บุ่งน้ำเต้า อ.หล่มสัก จ.เพชรบูรณ์,สำนักงานเกษตรจังหวัดเพชรบูรณ์,บุ่งน้ำเต้า
435,2565,หล่มสัก,วิสาหกิจชุมชนผลิตผักตำบลปากดุก,33/3 หมู่ 6 ต.ปากดุก อ.หล่มสัก จ.เพชรบูรณ์,สำนักงานเกษตรจังหวัดเพชรบูรณ์,ปากดุก
436,2565,หล่มสัก,วิสาหกิจชุมชนธนาคารหมู่บ้านวังโป่ง,27 หมู่ 3 ต.ลานบ่า อ.หล่มสัก จ.เพชรบูรณ์,สำนักงานเกษตรจังหวัดเพชรบูรณ์,ลานบ่า
437,2565,หล่มสัก,วิสาหกิจชุมชนพืชผักปลอดภัยตำบลปากช่อง,335/1 หมู่ 12 ต.ปากช่อง อ.หล่มสัก จ.เพชรบูรณ์,สำนักงานเกษตรจังหวัดเพชรบูรณ์,ปากช่อง
438,2565,หล่มสัก,วิสาหกิจชุมชนผู้เลี้ยงโคกระบือตำบลน้ำก้อ,199 หมู่ 12 ต.น้ำก้อ อ.หล่มสัก จ.เพชรบูรณ์,สำนักงานเกษตรจังหวัดเพชรบูรณ์,น้ำก้อ
439,2565,หล่มสัก,วิสาหกิจชุมชนกลุ่มออมทรัพย์เพื่อการผลิตบ้านน้ำก้อโคก,12 หมู่ 7 ต.น้ำก้อ อ.หล่มสัก จ.เพชรบูรณ์,สำนักงานเกษตรจังหวัดเพชรบูรณ์,น้ำก้อ
440,2565,หล่มสัก,วิสาหกิจชุมชนบริษัทกรีนเอิร์ธไบโอเทคโนโลยี(ประเทศไทย)จำกัด,99/9 หมู่ 9 ต.น้ำชุน อ.หล่มสัก จ.เพชรบูรณ์,สำนักงานเกษตรจังหวัดเพชรบูรณ์,น้ำชุน
441,2565,หล่มสัก,วิสาหกิจชุมชนกลุ่มออมทรัพย์ฯ ม.1 บ้านท่าช้าง ต.ห้วยไร่,106 หมู่ 1 ต.ห้วยไร่ อ.หล่มสัก จ.เพชรบูรณ์,สำนักงานเกษตรจังหวัดเพชรบูรณ์,ห้วยไร่
442,2565,หล่มสัก,วิสาหกิจชุมชนหน่อไม้ฝรั่งปลอดภัยตำบลห้วยไร่,113/2 หมู่ 10 ต.ห้วยไร่ อ.หล่มสัก จ.เพชรบูรณ์,สำนักงานเกษตรจังหวัดเพชรบูรณ์,ห้วยไร่
443,2565,หล่มสัก,วิสาหกิจชุมชนกลุ่มผู้ทำการเกษตร,16 หมู่ 4 ต.ห้วยไร่ อ.หล่มสัก จ.เพชรบูรณ์,สำนักงานเกษตรจังหวัดเพชรบูรณ์,ห้วยไร่
444,2565,หล่มสัก,วิสาหกิจชุมชนสถานีผลิตพลังงานชีวมวลชุมชนตำบลปากช่อง จังหวัดเพชรบูรณ์,86 หมู่ 5 ต.ปากช่อง อ.หล่มสัก จ.เพชรบูรณ์,สำนักงานเกษตรจังหวัดเพชรบูรณ์,ปากช่อง
445,2565,หล่มสัก,วิสาหกิจชุมชนธนาคารผักปลอดสาร459ชุมชนบ้านไร่,189 หมู่ 1 ต.บ้านไร่ อ.หล่มสัก จ.เพชรบูรณ์,สำนักงานเกษตรจังหวัดเพชรบูรณ์,บ้านไร่
446,2565,หล่มสัก,วิสาหกิจชุมชนกลุ่มเกษตรอินทรีย์บ้านวังร่อง,214 หมู่ 5 ต.ห้วยไร่ อ.หล่มสัก จ.เพชรบูรณ์,สำนักงานเกษตรจังหวัดเพชรบูรณ์,ห้วยไร่
447,2565,หล่มสัก,วิสาหกิจชุมชนกลุ่มน้ำก้อท่องเที่ยวเชิงเกษตร,198 หมู่ 2 ต.น้ำก้อ อ.หล่มสัก จ.เพชรบูรณ์,สำนักงานเกษตรจังหวัดเพชรบูรณ์,น้ำก้อ
448,2565,หล่มสัก,วิสาหกิจชุมชนกลุ่มชุมชนไม้มีค่าและการแปรรูปผลิตผลทางการเกษตรห้วยแสนคำ,2 หมู่ 7 ต.บ้านหวาย อ.หล่มสัก จ.เพชรบูรณ์,สำนักงานเกษตรจังหวัดเพชรบูรณ์,บ้านหวาย
449,2565,หล่มสัก,วิสาหกิจชุมชนกลุ่มออมทรัพย์ฯ เพื่อการออมหุ้น หมู่ 7,76 หมู่ 7 ต.ลานบ่า อ.หล่มสัก จ.เพชรบูรณ์,สำนักงานเกษตรจังหวัดเพชรบูรณ์,ลานบ่า
450,2565,หล่มสัก,วิสาหกิจชุมชนโนนสาวเอ้ออร์แกนิคฟาร์ม,71 หมู่ 7 ต.บ้านหวาย อ.หล่มสัก จ.เพชรบูรณ์,สำนักงานเกษตรจังหวัดเพชรบูรณ์,บ้านหวาย
451,2565,หล่มสัก,วิสาหกิจชุมชนกลุ่มออมทรัพย์ฯ หมู่ 3 บ้านวังโป่ง ตำบลลานบ่า,56 หมู่ 3 ต.ลานบ่า อ.หล่มสัก จ.เพชรบูรณ์,สำนักงานเกษตรจังหวัดเพชรบูรณ์,ลานบ่า
452,2565,หล่มสัก,วิสาหกิจชุมชนกลุ่มไทบ้านสมุนไพรไทหล่ม หมู่ 13 ตำบลน้ำชุน,17/1 หมู่ 13 ต.น้ำชุน อ.หล่มสัก จ.เพชรบูรณ์,สำนักงานเกษตรจังหวัดเพชรบูรณ์,น้ำชุน
453,2565,หล่มสัก,วิสาหกิจชุมชนกลุ่มออมทรัพย์เกษตรกรบ้านห้วยปูน,31/1 หมู่ 1 ต.น้ำก้อ อ.หล่มสัก จ.เพชรบูรณ์,สำนักงานเกษตรจังหวัดเพชรบูรณ์,น้ำก้อ
454,2565,หล่มสัก,วิสาหกิจชุมชนธนาคารหมู่บ้านตามแนวพระราชดำริบ้านท่าขาม,137 หมู่ 5 ต.ลานบ่า อ.หล่มสัก จ.เพชรบูรณ์,สำนักงานเกษตรจังหวัดเพชรบูรณ์,ลานบ่า
455,2565,หล่มสัก,วิสาหกิจชุมชนธนาคารหมู่บ้านท่าใหม่ ตามแนวพระราชดำริ,101/1 หมู่ 12 ต.ลานบ่า อ.หล่มสัก จ.เพชรบูรณ์,สำนักงานเกษตรจังหวัดเพชรบูรณ์,ลานบ่า
456,2565,หล่มสัก,วิสาหกิจชุมชนกลุ่มธนาคารหมู่บ้านหมู่ 12,48 หมู่ 12 ต.บ้านติ้ว อ.หล่มสัก จ.เพชรบูรณ์,สำนักงานเกษตรจังหวัดเพชรบูรณ์,บ้านติ้ว
457,2565,หล่มสัก,วิสาหกิจชุมชนธนาคารหมู่บ้านตามแนวพระราชดำริบ้านจางวาง,147 หมู่ 18 ต.ลานบ่า อ.หล่มสัก จ.เพชรบูรณ์,สำนักงานเกษตรจังหวัดเพชรบูรณ์,ลานบ่า
458,2565,หล่มสัก,วิสาหกิจชุมชนกลุ่มออมทรัพย์เพื่อการผลิตบ้านฝายนาแซง,42 หมู่ 2 ต.ฝายนาแซง อ.หล่มสัก จ.เพชรบูรณ์,สำนักงานเกษตรจังหวัดเพชรบูรณ์,ฝายนาแซง
459,2565,หล่มสัก,วิสาหกิจชุมชนรวบรวมและแปรรูปมะขามหวานบ้านมะขาม,96 หมู่ 4 ต.บุ่งน้ำเต้า อ.หล่มสัก จ.เพชรบูรณ์,สำนักงานเกษตรจังหวัดเพชรบูรณ์,บุ่งน้ำเต้า
460,2565,หล่มสัก,วิสาหกิจชุมชนกลุ่มแปลงใหญ่ข้าวโพดเลี้ยงสัตว์ตำบลลานบ่า,1 หมู่ 9 ต.ลานบ่า อ.หล่มสัก จ.เพชรบูรณ์,สำนักงานเกษตรจังหวัดเพชรบูรณ์,ลานบ่า
461,2565,หล่มสัก,วิสาหกิจชุมชนกลุ่มแปลงใหญ่ข้าวโพดเลี้ยงสัตว์ตำบลบุ่งน้ำเต้า,42/1 หมู่ 3 ต.บุ่งน้ำเต้า อ.หล่มสัก จ.เพชรบูรณ์,สำนักงานเกษตรจังหวัดเพชรบูรณ์,บุ่งน้ำเต้า
462,2565,หล่มสัก,วิสาหกิจชุมชนกลุ่มรักโคน้ำก้อ,104 หมู่ 3 ต.น้ำก้อ อ.หล่มสัก จ.เพชรบูรณ์,สำนักงานเกษตรจังหวัดเพชรบูรณ์,น้ำก้อ
463,2565,หล่มสัก,วิสาหกิจชุมชนผู้ปลูกพืชเศรษฐกิจตำบลบุ่งคล้า,10 หมู่ 4 ต.บุ่งคล้า อ.หล่มสัก จ.เพชรบูรณ์,สำนักงานเกษตรจังหวัดเพชรบูรณ์,บุ่งคล้า
464,2565,หล่มสัก,วิสาหกิจชุมชนผลิตภัณฑ์พืชอินทรีย์บ้านช้างตะลูด,103 หมู่ 7 ต.ช้างตะลูด อ.หล่มสัก จ.เพชรบูรณ์,สำนักงานเกษตรจังหวัดเพชรบูรณ์,ช้างตะลูด
465,2565,หล่มสัก,วิสาหกิจชุมชนเกษตรอินทรีย์วิถีคนรุ่นใหม่หล่มสัก,10 หมู่ 8 ต.บุ่งคล้า อ.หล่มสัก จ.เพชรบูรณ์,สำนักงานเกษตรจังหวัดเพชรบูรณ์,บุ่งคล้า
466,2565,หล่มสัก,วิสาหกิจชุมชนกลุ่มทอผ้าไทหล่มบ้านหวาย,43 หมู่ 1 ต.บ้านหวาย อ.หล่มสัก จ.เพชรบูรณ์,สำนักงานเกษตรจังหวัดเพชรบูรณ์,บ้านหวาย
467,2565,หล่มสัก,วิสาหกิจชุมชนศูนย์เรียนรู้เกษตรทฤษฎีใหม่ตามปรัชญาเศรษฐกิจพอเพียง,45 หมู่ 5 ต.น้ำเฮี้ย อ.หล่มสัก จ.เพชรบูรณ์,สำนักงานเกษตรจังหวัดเพชรบูรณ์,น้ำเฮี้ย
468,2565,หล่มสัก,วิสาหกิจชุมชนที่ดินทำกินเกษตรพอเพียง,24/1 หมู่ 7 ต.ตาลเดี่ยว อ.หล่มสัก จ.เพชรบูรณ์,สำนักงานเกษตรจังหวัดเพชรบูรณ์,ตาลเดี่ยว
469,2565,หล่มสัก,วิสาหกิจชุมชนนวัตกรรมเกษตรแปรรูปหล่มสัก,81 หมู่ 10 ต.น้ำชุน อ.หล่มสัก จ.เพชรบูรณ์,สำนักงานเกษตรจังหวัดเพชรบูรณ์,น้ำชุน
470,2565,หล่มสัก,วิสาหกิจชุมชนโคขุนหล่มสัก,18/1 หมู่ ต.หล่มสัก อ.หล่มสัก จ.เพชรบูรณ์ ,สำนักงานเกษตรจังหวัดเพชรบูรณ์,หล่มสัก
471,2565,หล่มสัก,วิสาหกิจชุมชนไร่นาสวนผสมตำบลช้างตะลูด,64/2 หมู่ 10 ต.ช้างตะลูด อ.หล่มสัก จ.เพชรบูรณ์,สำนักงานเกษตรจังหวัดเพชรบูรณ์,ช้างตะลูด
472,2565,หล่มสัก,วิสาหกิจชุมชนกลุ่มส้มโอลานบ่า 2021,87 หมู่ 11 ต.ลานบ่า อ.หล่มสัก จ.เพชรบูรณ์,สำนักงานเกษตรจังหวัดเพชรบูรณ์,ลานบ่า
473,2565,หล่มสัก,วิสาหกิจชุมชนกลุ่มจัดซื้อและเลี้ยงโคแม่พันธุ์บ้านดงข่อยหมู่ 1,3 หมู่ 1 ต.หนองไขว่ อ.หล่มสัก จ.เพชรบูรณ์,สำนักงานเกษตรจังหวัดเพชรบูรณ์,หนองไขว่
474,2565,หล่มสัก,เครือข่ายวิสาหกิจชุมชนยังสมาทฟาร์มเมอร์จังหวัดเพชรบูรณ์,260 หมู่ 10 ต.บุ่งน้ำเต้า อ.หล่มสัก จ.เพชรบูรณ์,สำนักงานเกษตรจังหวัดเพชรบูรณ์,บุ่งน้ำเต้า
475,2565,หล่มสัก,วิสาหกิจชุมชนเครือข่ายกองทุนพัฒนาเกษตรยั่งยืนตำบลน้ำก้อ,119 หมู่ 3 ต.น้ำก้อ อ.หล่มสัก จ.เพชรบูรณ์,สำนักงานเกษตรจังหวัดเพชรบูรณ์,น้ำก้อ
476,2565,หล่มสัก,วิสาหกิจชุมชนแปลงใหญ่ผักตำบลบ้านหวาย,115 หมู่ 4 ต.บ้านหวาย อ.หล่มสัก จ.เพชรบูรณ์,สำนักงานเกษตรจังหวัดเพชรบูรณ์,บ้านหวาย
477,2565,หล่มสัก,วิสาหกิจชุมชนพืชผักเกษตรและสมุนไพรออนไลน์,94 หมู่ 9 ต.น้ำชุน อ.หล่มสัก จ.เพชรบูรณ์,สำนักงานเกษตรจังหวัดเพชรบูรณ์,น้ำชุน
478,2565,หล่มสัก,วิสาหกิจชุมชนบ้านทุ่งร่วมใจ,26/1 หมู่ 8 ต.หนองไขว่ อ.หล่มสัก จ.เพชรบูรณ์,สำนักงานเกษตรจังหวัดเพชรบูรณ์,หนองไขว่
479,2565,หล่มสัก,วิสาหกิจชุมชนผลิตภัณฑ์อินทรีย์เพชรบูรณ์,150 หมู่ 5 ต.ช้างตะลูด อ.หล่มสัก จ.เพชรบูรณ์,สำนักงานเกษตรจังหวัดเพชรบูรณ์,ช้างตะลูด
480,2565,หล่มสัก,วิสาหกิจชุมชนยิ้มฟาร์มยามแฮง,97 หมู่ 13 ต.หนองไขว่ อ.หล่มสัก จ.เพชรบูรณ์,สำนักงานเกษตรจังหวัดเพชรบูรณ์,หนองไขว่
481,2565,หล่มสัก,วิสาหกิจชุมชนกลุ่มอนุรักษ์สืบสานสมุนไพรไทยบ้านกลาง,98 หมู่ 4 ต.บ้านกลาง อ.หล่มสัก จ.เพชรบูรณ์,สำนักงานเกษตรจังหวัดเพชรบูรณ์,บ้านกลาง
482,2565,หล่มสัก,วิสาหกิจชุมชนโคกหนองนาโมเดลเพื่อการเรียนรู้บ้านสวนละมุด,93 หมู่ 12 ต.หนองไขว่ อ.หล่มสัก จ.เพชรบูรณ์,สำนักงานเกษตรจังหวัดเพชรบูรณ์,หนองไขว่
483,2565,หล่มสัก,วิสาหกิจชุมชนเกษตรพืชผักปลอดภัยบ้านช้างตะลูด,181 หมู่ 7 ต.ช้างตะลูด อ.หล่มสัก จ.เพชรบูรณ์,สำนักงานเกษตรจังหวัดเพชรบูรณ์,ช้างตะลูด
484,2565,หล่มสัก,วิสาหกิจชุมชนลูกช้าง,2/1 หมู่ 11 ต.ช้างตะลูด อ.หล่มสัก จ.เพชรบูรณ์,สำนักงานเกษตรจังหวัดเพชรบูรณ์,ช้างตะลูด
485,2565,หล่มสัก,วิสาหกิจชุมชนธนาคารหมู่บ้านหมู่ 6 บ้านบุ่งผักขม,71 หมู่ 6 ต.บ้านติ้ว อ.หล่มสัก จ.เพชรบูรณ์,สำนักงานเกษตรจังหวัดเพชรบูรณ์,บ้านติ้ว
486,2565,หล่มสัก,วิสาหกิจชุมชนกลุ่มหัตถกรรมทอผ้าขิดวัดโฆษา,3/2 หมู่ 10 ต.ห้วยไร่ อ.หล่มสัก จ.เพชรบูรณ์,สำนักงานเกษตรจังหวัดเพชรบูรณ์,ห้วยไร่
487,2565,หล่มสัก,วิสาหกิจชุมชนแปรรูปผลิตภัณฑ์การเกษตรบ้านโคกประแดงหลวง,82 หมู่ 13 ต.ช้างตะลูด อ.หล่มสัก จ.เพชรบูรณ์,สำนักงานเกษตรจังหวัดเพชรบูรณ์,ช้างตะลูด
488,2565,หล่มสัก,วิสาหกิจชุมชนผู้เลี้ยงแมลงเศรษฐกิจหมู่ 8 ตำบลปากช่อง,15 หมู่ 8 ต.ปากช่อง อ.หล่มสัก จ.เพชรบูรณ์,สำนักงานเกษตรจังหวัดเพชรบูรณ์,ปากช่อง
489,2565,หล่มสัก,วิสาหกิจชุมชนเกษตรอินทรีย์ชีวิตวิถีใหม่,132 หมู่ 5 ต.ช้างตะลูด อ.หล่มสัก จ.เพชรบูรณ์,สำนักงานเกษตรจังหวัดเพชรบูรณ์,ช้างตะลูด
490,2565,หล่มสัก,วิสาหกิจชุมชนเกษตรปลอดภัยสมุนไพรล้ำค่า,276 หมู่ 12 ต.ปากช่อง อ.หล่มสัก จ.เพชรบูรณ์,สำนักงานเกษตรจังหวัดเพชรบูรณ์,ปากช่อง
491,2565,หล่มสัก,วิสาหกิจชุมชนกระท่อมโคกมน,35 หมู่ 8 ต.สักหลง อ.หล่มสัก จ.เพชรบูรณ์,สำนักงานเกษตรจังหวัดเพชรบูรณ์,สักหลง
492,2565,หล่มสัก,วิสาหกิจชุมชนกลุ่มเกษตรอินทรีย์ตำบลห้วยไร่,191 หมู่ 2 ต.ห้วยไร่ อ.หล่มสัก จ.เพชรบูรณ์,สำนักงานเกษตรจังหวัดเพชรบูรณ์,ห้วยไร่
493,2565,หล่มสัก,วิสาหกิจชุมชนแปลงใหญ่ผักปลอดภัยตำบลบ้านกลาง,4 หมู่ 5 ต.บ้านกลาง อ.หล่มสัก จ.เพชรบูรณ์,สำนักงานเกษตรจังหวัดเพชรบูรณ์,บ้านกลาง
494,2565,หล่มสัก,วิสาหกิจชุมชนโกโก้ไทหล่ม2022,105 หมู่ 2 ต.ปากช่อง อ.หล่มสัก จ.เพชรบูรณ์,สำนักงานเกษตรจังหวัดเพชรบูรณ์,ปากช่อง
495,2565,หล่มสัก,วิสาหกิจชุมชนกลุ่มผู้เลี้ยงกบ บ้านบุ่งยาง ม.8 ต.วัดป่า,343 หมู่ 8 ต.วัดป่า อ.หล่มสัก จ.เพชรบูรณ์,สำนักงานเกษตรจังหวัดเพชรบูรณ์,วัดป่า
496,2565,หล่มสัก,วิสาหกิจชุมชนกลุ่มออมทรัพย์บ้านหัวนาท่าช้าง ม.10 ต.ห้วยไร่,113/1 หมู่ 10 ต.ห้วยไร่ อ.หล่มสัก จ.เพชรบูรณ์,สำนักงานเกษตรจังหวัดเพชรบูรณ์,ห้วยไร่
497,2565,หล่มสัก,วิสาหกิจชุมชนกลุ่มออมทรัพย์เพื่อการผลิตบ้านหัวนาขาม ม.9 ต.ห้วยไร่,72 หมู่ 9 ต.ห้วยไร่ อ.หล่มสัก จ.เพชรบูรณ์,สำนักงานเกษตรจังหวัดเพชรบูรณ์,ห้วยไร่
498,2565,หล่มสัก,วิสาหกิจชุมชนกลุ่มการผลิตพืชบ้านงิ้วงาม,90 หมู่ 11 ต.ลานบ่า อ.หล่มสัก จ.เพชรบูรณ์,สำนักงานเกษตรจังหวัดเพชรบูรณ์,ลานบ่า
499,2565,หล่มสัก,วิสาหกิจชุมชนกลุ่มผู้ปลูกโกโก้ตำบลบ้านติ้ว,29 หมู่ 11 ต.บ้านติ้ว อ.หล่มสัก จ.เพชรบูรณ์,สำนักงานเกษตรจังหวัดเพชรบูรณ์,บ้านติ้ว
500,2565,หล่มสัก,วิสาหกิจชุมชนปลูกสมุนไพร หมู่4 ต.บุ่งน้ำเต้า,59/1 หมู่ 4 ต.บุ่งน้ำเต้า อ.หล่มสัก จ.เพชรบูรณ์,สำนักงานเกษตรจังหวัดเพชรบูรณ์,บุ่งน้ำเต้า
501,2565,หล่มสัก,วิสาหกิจชุมชนกลุ่มสมุนไพรสตรีบ้านบุ่งยาง,194 หมู่ 4 ต.วัดป่า อ.หล่มสัก จ.เพชรบูรณ์,สำนักงานเกษตรจังหวัดเพชรบูรณ์,วัดป่า
502,2565,หล่มสัก,วิสาหกิจชุมชนกลุ่มพืชเศรษฐกิจตัวใหม่อำเภอหล่มสัก,52 หมู่ 4 ต.ปากช่อง อ.หล่มสัก จ.เพชรบูรณ์,สำนักงานเกษตรจังหวัดเพชรบูรณ์,ปากช่อง
503,2565,หล่มสัก,วิสาหกิจชุมชนกลุ่มบ้านน้ำคำพัฒนา,77 หมู่ 5 ต.ปากช่อง อ.หล่มสัก จ.เพชรบูรณ์,สำนักงานเกษตรจังหวัดเพชรบูรณ์,ปากช่อง
504,2565,หล่มสัก,วิสาหกิจชุมชนกลุ่มหัตถกรรมสร้างอาชีพตำบลห้วยไร่,6/1 หมู่ 5 ต.ห้วยไร่ อ.หล่มสัก จ.เพชรบูรณ์,สำนักงานเกษตรจังหวัดเพชรบูรณ์,ห้วยไร่
505,2565,หล่มสัก,วิสาหกิจชุมชนพืชผักสมุนไพรตามรอยพระบาท,35/1 หมู่ 4 ต.ช้างตะลูด อ.หล่มสัก จ.เพชรบูรณ์,สำนักงานเกษตรจังหวัดเพชรบูรณ์,ช้างตะลูด
506,2565,หล่มสัก,วิสาหกิจชุมชนกลุ่มผลิตพืชผัก GAP ตำบลหนองไขว่,8 หมู่ 2 ต.หนองไขว่ อ.หล่มสัก จ.เพชรบูรณ์,สำนักงานเกษตรจังหวัดเพชรบูรณ์,หนองไขว่
507,2565,หล่มสัก,วิสาหกิจชุมชนพิลาฟาร์มสตูดิโอ,81 หมู่ 10 ต.น้ำชุน อ.หล่มสัก จ.เพชรบูรณ์,สำนักงานเกษตรจังหวัดเพชรบูรณ์,น้ำชุน
508,2565,หล่มเก่า,วิสาหกิจชุมชนกลุ่มแม่บ้านเกษตรกรขี้นาคแผนใหม่,28 หมู่ 12 ต.วังบาล อ.หล่มเก่า จ.เพชรบูรณ์,สำนักงานเกษตรจังหวัดเพชรบูรณ์,วังบาล
509,2565,หล่มเก่า,วิสาหกิจชุมชนโรงเรียนเกษตรอินทรีย์,212 หมู่ 3 ต.บ้านเนิน อ.หล่มเก่า จ.เพชรบูรณ์,สำนักงานเกษตรจังหวัดเพชรบูรณ์,บ้านเนิน
510,2565,หล่มเก่า,วิสาหกิจชุมชนศูนย์ส่งเสริมและผลิตพันธุ์ข้าวชุมชน ต.หินฮาว,32 หมู่ 2 ต.หินฮาว อ.หล่มเก่า จ.เพชรบูรณ์,สำนักงานเกษตรจังหวัดเพชรบูรณ์,หินฮาว
511,2565,หล่มเก่า,วิสาหกิจชุมชนกลุ่มผู้ค้าสลากกินแบ่งรัฐบาล,280 หมู่ 6 ต.ศิลา อ.หล่มเก่า จ.เพชรบูรณ์,สำนักงานเกษตรจังหวัดเพชรบูรณ์,ศิลา
512,2565,หล่มเก่า,วิสาหกิจชุมชนกลุ่มผู้ขายล็อตเตอรี่ตำบลศิลา,107 หมู่ 4 ต.ศิลา อ.หล่มเก่า จ.เพชรบูรณ์,สำนักงานเกษตรจังหวัดเพชรบูรณ์,ศิลา
513,2565,หล่มเก่า,วิสาหกิจชุมชนผลิตข้าวโพดเลี้ยงสัตว์ 666,51 หมู่ 7 ต.ตาดกลอย อ.หล่มเก่า จ.เพชรบูรณ์,สำนักงานเกษตรจังหวัดเพชรบูรณ์,ตาดกลอย
514,2565,หล่มเก่า,วิสาหกิจชุมชนผลิตข้าวโพดเลี้ยงสัตว์ 653,106 หมู่ 7 ต.ตาดกลอย อ.หล่มเก่า จ.เพชรบูรณ์,สำนักงานเกษตรจังหวัดเพชรบูรณ์,ตาดกลอย
515,2565,หล่มเก่า,วิสาหกิจชุมชนผลิตข้าวโพดเลี้ยงสัตว์ 664,144 หมู่ 7 ต.ตาดกลอย อ.หล่มเก่า จ.เพชรบูรณ์,สำนักงานเกษตรจังหวัดเพชรบูรณ์,ตาดกลอย
516,2565,หล่มเก่า,วิสาหกิจชุมชนผู้ค้าล๊อตเตอรี่บ้านกกกล้วยนวน,19/1 หมู่ 7 ต.ตาดกลอย อ.หล่มเก่า จ.เพชรบูรณ์,สำนักงานเกษตรจังหวัดเพชรบูรณ์,ตาดกลอย
517,2565,หล่มเก่า,วิสาหกิจชุมชนผลิตข้าวโพดเลี้ยงสัตว์ 635,222 หมู่ 3 ต.ตาดกลอย อ.หล่มเก่า จ.เพชรบูรณ์,สำนักงานเกษตรจังหวัดเพชรบูรณ์,ตาดกลอย
518,2565,หล่มเก่า,วิสาหกิจชุมชนผลิตข้าวโพดเลี้ยงสัตว์ 595,16 หมู่ 5 ต.ตาดกลอย อ.หล่มเก่า จ.เพชรบูรณ์,สำนักงานเกษตรจังหวัดเพชรบูรณ์,ตาดกลอย
519,2565,หล่มเก่า,วิสาหกิจชุมชนผลิตข้าวโพดเลี้ยงสัตว์ 585,5 หมู่ 5 ต.ตาดกลอย อ.หล่มเก่า จ.เพชรบูรณ์,สำนักงานเกษตรจังหวัดเพชรบูรณ์,ตาดกลอย
520,2565,หล่มเก่า,วิสาหกิจชุมชนผลิตข้าวโพดเลี้ยงสัตว์ 577,64 หมู่ 5 ต.ตาดกลอย อ.หล่มเก่า จ.เพชรบูรณ์,สำนักงานเกษตรจังหวัดเพชรบูรณ์,ตาดกลอย
521,2565,หล่มเก่า,วิสาหกิจชุมชนกลุ่มปลูกยางพาราบ้านอุ่มกะทาด,30 หมู่ 3 ต.ศิลา อ.หล่มเก่า จ.เพชรบูรณ์,สำนักงานเกษตรจังหวัดเพชรบูรณ์,ศิลา
522,2565,หล่มเก่า,วิสาหกิจชุมชนกลุ่มผู้ปลูกยาสูบ,61 หมู่ 4 ต.นาเกาะ อ.หล่มเก่า จ.เพชรบูรณ์,สำนักงานเกษตรจังหวัดเพชรบูรณ์,นาเกาะ
523,2565,หล่มเก่า,วิสาหกิจชุมชนกลุ่มพัฒนาอาชีพห้วยผักกูด,89 หมู่ 10 ต.ศิลา อ.หล่มเก่า จ.เพชรบูรณ์,สำนักงานเกษตรจังหวัดเพชรบูรณ์,ศิลา
524,2565,หล่มเก่า,วิสาหกิจชุมชนต้นน้ำห้วยผักกูด (ผู้ค้าสลากกินแบ่งรัฐบาล),38 หมู่ 10 ต.ศิลา อ.หล่มเก่า จ.เพชรบูรณ์,สำนักงานเกษตรจังหวัดเพชรบูรณ์,ศิลา
525,2565,หล่มเก่า,วิสาหกิจชุมชนกลุ่มผลิตและจัดซื้อหอม-กระเทียมบ้านหนองเล,102 หมู่ 13 ต.หินฮาว อ.หล่มเก่า จ.เพชรบูรณ์,สำนักงานเกษตรจังหวัดเพชรบูรณ์,หินฮาว
526,2565,หล่มเก่า,วิสาหกิจชุมชนกลุ่มปลูกและซื้อ-ขายยาสูบ,151 หมู่ 13 ต.หินฮาว อ.หล่มเก่า จ.เพชรบูรณ์,สำนักงานเกษตรจังหวัดเพชรบูรณ์,หินฮาว
527,2565,หล่มเก่า,วิสาหกิจชุมชนกลุ่มเลี้ยงโคพันธุ์เนื้อบ้านหนองเล,96 หมู่ 13 ต.หินฮาว อ.หล่มเก่า จ.เพชรบูรณ์,สำนักงานเกษตรจังหวัดเพชรบูรณ์,หินฮาว
528,2565,หล่มเก่า,วิสาหกิจชุมชนกลุ่มเกษตรชุมชนส่งเสริมเศรษฐกิจพอเพียง,21 หมู่ 7 ต.นาแซง อ.หล่มเก่า จ.เพชรบูรณ์,สำนักงานเกษตรจังหวัดเพชรบูรณ์,นาแซง
529,2565,หล่มเก่า,วิสาหกิจชุมชนธนาคารหมู่บ้านห้วยมะเขือ ม.4 ตำบลนาแซง,127 หมู่ 4 ต.นาแซง อ.หล่มเก่า จ.เพชรบูรณ์,สำนักงานเกษตรจังหวัดเพชรบูรณ์,นาแซง
530,2565,หล่มเก่า,วิสาหกิจชุมชนกลุ่มเย็บผ้าห่มใยสังเคราะห์นาเกาะ,11 หมู่ 2 ต.นาเกาะ อ.หล่มเก่า จ.เพชรบูรณ์,สำนักงานเกษตรจังหวัดเพชรบูรณ์,นาเกาะ
531,2565,หล่มเก่า,วิสาหกิจชุมชนกลุ่มผู้ผลิตสินค้าเกษตร หมู่ 1 ตำบลนาเกาะ,50 หมู่ 1 ต.นาเกาะ อ.หล่มเก่า จ.เพชรบูรณ์,สำนักงานเกษตรจังหวัดเพชรบูรณ์,นาเกาะ
532,2565,หล่มเก่า,วิสาหกิจชุมชนกลุ่มทอผ้าบ้านภูผักไซ่,32 หมู่ 7 ต.หินฮาว อ.หล่มเก่า จ.เพชรบูรณ์,สำนักงานเกษตรจังหวัดเพชรบูรณ์,หินฮาว
533,2565,หล่มเก่า,วิสาหกิจชุมชนกลุ่มวิสาหกิจชุมชนท่องเที่ยวภูทับเบิก,299 หมู่ 16 ต.วังบาล อ.หล่มเก่า จ.เพชรบูรณ์,สำนักงานเกษตรจังหวัดเพชรบูรณ์,วังบาล
534,2565,หล่มเก่า,วิสาหกิจชุมชนกลุ่มทอผ้าบ้านอีเลิศ,210 หมู่ 8 ต.นาซำ อ.หล่มเก่า จ.เพชรบูรณ์,สำนักงานเกษตรจังหวัดเพชรบูรณ์,นาซำ
535,2565,หล่มเก่า,วิสาหกิจชุมชนภูมิไทที่ 23 มะขามแปรรูปเสน่ห์ดาว,21 หมู่ 6 ต.บ้านเนิน อ.หล่มเก่า จ.เพชรบูรณ์,สำนักงานเกษตรจังหวัดเพชรบูรณ์,บ้านเนิน
536,2565,หล่มเก่า,วิสาหกิจชุมชนนาแซงเพื่อการผลิต (ศูนย์เรียนรู้มะขามหวานหล่มเก่า),98 หมู่ 6 ต.นาแซง อ.หล่มเก่า จ.เพชรบูรณ์,สำนักงานเกษตรจังหวัดเพชรบูรณ์,นาแซง
537,2565,หล่มเก่า,วิสาหกิจชุมชนกลุ่มแปรรูปพริกบ้านแก่งโตน,147 หมู่ 2 ต.นาซำ อ.หล่มเก่า จ.เพชรบูรณ์,สำนักงานเกษตรจังหวัดเพชรบูรณ์,นาซำ
538,2565,หล่มเก่า,วิสาหกิจชุมชนกลุ่มออมทรัพย์เพื่อการผลิต หมู่ 2,26/1 หมู่ 2 ต.หล่มเก่า อ.หล่มเก่า จ.เพชรบูรณ์,สำนักงานเกษตรจังหวัดเพชรบูรณ์,หล่มเก่า
539,2565,หล่มเก่า,วิสาหกิจชุมชนกลุ่มเกษตรกรบ้านไร่นาขี้หูด,141 หมู่ 3 ต.นาแซง อ.หล่มเก่า จ.เพชรบูรณ์,สำนักงานเกษตรจังหวัดเพชรบูรณ์,นาแซง
540,2565,หล่มเก่า,วิสาหกิจชุมชนกลุ่มมะขามแปรรูปบ้านหินกลิ้ง,26/1 หมู่ 2 ต.หล่มเก่า อ.หล่มเก่า จ.เพชรบูรณ์,สำนักงานเกษตรจังหวัดเพชรบูรณ์,หล่มเก่า
541,2565,หล่มเก่า,วิสาหกิจชุมชนวิสาหกิจชุมชนกลุ่มออมทรัพย์เพื่อการผลิต ม.3,41 หมู่ 3 ต.หล่มเก่า อ.หล่มเก่า จ.เพชรบูรณ์,สำนักงานเกษตรจังหวัดเพชรบูรณ์,หล่มเก่า
542,2565,หล่มเก่า,วิสาหกิจชุมชนกลุ่มออมทรัพย์เพื่อการผลิตนาแซง,65 หมู่ 2 ต.นาแซง อ.หล่มเก่า จ.เพชรบูรณ์,สำนักงานเกษตรจังหวัดเพชรบูรณ์,นาแซง
543,2565,หล่มเก่า,วิสาหกิจชุมชนกลุ่มร่วมใจเกษตรกร 607,1 หมู่ 9 ต.ตาดกลอย อ.หล่มเก่า จ.เพชรบูรณ์,สำนักงานเกษตรจังหวัดเพชรบูรณ์,ตาดกลอย
544,2565,หล่มเก่า,วิสาหกิจชุมชนวิสาหกิจพัฒนา 569,60 หมู่ 9 ต.ตาดกลอย อ.หล่มเก่า จ.เพชรบูรณ์,สำนักงานเกษตรจังหวัดเพชรบูรณ์,ตาดกลอย
545,2565,หล่มเก่า,วิสาหกิจชุมชนกลุ่มเกษตรบ้านห้วยโป่งน้ำ,113 หมู่ 9 ต.ตาดกลอย อ.หล่มเก่า จ.เพชรบูรณ์,สำนักงานเกษตรจังหวัดเพชรบูรณ์,ตาดกลอย
546,2565,หล่มเก่า,วิสาหกิจชุมชนท่องเที่ยวม้งทับเบิก,41 หมู่ 16 ต.วังบาล อ.หล่มเก่า จ.เพชรบูรณ์,สำนักงานเกษตรจังหวัดเพชรบูรณ์,วังบาล
547,2565,หล่มเก่า,วิสาหกิจชุมชนกลุ่มผลิตและแปรรูปมะขามบ้านท่าผู,143 หมู่ 6 ต.หินฮาว อ.หล่มเก่า จ.เพชรบูรณ์,สำนักงานเกษตรจังหวัดเพชรบูรณ์,หินฮาว
548,2565,หล่มเก่า,วิสาหกิจชุมชนกลุ่มปลูกข้าวโพดเลี้ยงสัตว์บ้านศิลา,311/1 หมู่ 6 ต.ศิลา อ.หล่มเก่า จ.เพชรบูรณ์,สำนักงานเกษตรจังหวัดเพชรบูรณ์,ศิลา
549,2565,หล่มเก่า,วิสาหกิจชุมชนกลุ่มออมทรัพย์เพื่อการผลิตบ้านขี้นาค,75 หมู่ 12 ต.วังบาล อ.หล่มเก่า จ.เพชรบูรณ์,สำนักงานเกษตรจังหวัดเพชรบูรณ์,วังบาล
550,2565,หล่มเก่า,วิสาหกิจชุมชนธนาคารหมู่บ้าน ม.6 ตำบลศิลา,329 หมู่ 6 ต.ศิลา อ.หล่มเก่า จ.เพชรบูรณ์,สำนักงานเกษตรจังหวัดเพชรบูรณ์,ศิลา
551,2565,หล่มเก่า,วิสาหกิจชุมชนกลุ่มล๊อตเตอรี่ตำบลศิลา,265/1 หมู่ 7 ต.ศิลา อ.หล่มเก่า จ.เพชรบูรณ์,สำนักงานเกษตรจังหวัดเพชรบูรณ์,ศิลา
552,2565,หล่มเก่า,วิสาหกิจชุมชนกลุ่มขายล็อตเตอรี่บ้านกลาง ม.14,16 หมู่ 14 ต.ศิลา อ.หล่มเก่า จ.เพชรบูรณ์,สำนักงานเกษตรจังหวัดเพชรบูรณ์,ศิลา
553,2565,หล่มเก่า,วิสาหกิจชุมชนกลุ่มแม่บ้านทฤษฎีใหม่,165 หมู่ 1 ต.นาซำ อ.หล่มเก่า จ.เพชรบูรณ์,สำนักงานเกษตรจังหวัดเพชรบูรณ์,นาซำ
554,2565,หล่มเก่า,วิสาหกิจชุมชนกลุ่มสัจจะออมทรัพย์บ้านห้วยมะเขือ ม.5 ต.นาแซง,18 หมู่ 5 ต.นาแซง อ.หล่มเก่า จ.เพชรบูรณ์,สำนักงานเกษตรจังหวัดเพชรบูรณ์,นาแซง
555,2565,หล่มเก่า,วิสาหกิจชุมชนกลุ่มเกษตรกรทำไร่บ้านห้วยผักกูด,28/1 หมู่ 10 ต.ศิลา อ.หล่มเก่า จ.เพชรบูรณ์,สำนักงานเกษตรจังหวัดเพชรบูรณ์,ศิลา
556,2565,หล่มเก่า,วิสาหกิจชุมชนกลุ่มเกษตรกรผู้ใช้ปุ๋ยบ้านหนองยาว,58/1 หมู่ 1 ต.หินฮาว อ.หล่มเก่า จ.เพชรบูรณ์,สำนักงานเกษตรจังหวัดเพชรบูรณ์,หินฮาว
557,2565,หล่มเก่า,วิสาหกิจชุมชนกลุ่มผู้ใช้ปุ๋ย หมู่ 5 บ้านปลาฝา,7 หมู่ 5 ต.หินฮาว อ.หล่มเก่า จ.เพชรบูรณ์,สำนักงานเกษตรจังหวัดเพชรบูรณ์,หินฮาว
558,2565,หล่มเก่า,วิสาหกิจชุมชนผลิตและแปรรูปผลิตภัณฑ์กลุ่มเพื่อนพึ่ง(ภาฯ)ยามยาก ต.นาซำ,35 หมู่ 7 ต.นาซำ อ.หล่มเก่า จ.เพชรบูรณ์,สำนักงานเกษตรจังหวัดเพชรบูรณ์,นาซำ
559,2565,หล่มเก่า,วิสาหกิจชุมชนกลุ่มออมทรัพย์เพื่อการผลิตบ้านกกกะทอน,97 หมู่ 4 ต.นาซำ อ.หล่มเก่า จ.เพชรบูรณ์,สำนักงานเกษตรจังหวัดเพชรบูรณ์,นาซำ
560,2565,หล่มเก่า,วิสาหกิจชุมชนผู้ปลูกพืชผัก-ผลไม้อินทรีย์ หมู่ 8 ตำบลนาซำ,309 หมู่ 8 ต.นาซำ อ.หล่มเก่า จ.เพชรบูรณ์,สำนักงานเกษตรจังหวัดเพชรบูรณ์,นาซำ
561,2565,หล่มเก่า,วิสาหกิจชุมชนอินทรีย์ เจพี-นาแซง,135 หมู่ 4 ต.นาแซง อ.หล่มเก่า จ.เพชรบูรณ์,สำนักงานเกษตรจังหวัดเพชรบูรณ์,นาแซง
562,2565,หล่มเก่า,วิสาหกิจชุมชนแก่งโตนเฟอร์นิเจอร์,131 หมู่ 10 ต.นาซำ อ.หล่มเก่า จ.เพชรบูรณ์,สำนักงานเกษตรจังหวัดเพชรบูรณ์,นาซำ
563,2565,หล่มเก่า,วิสาหกิจชุมชนกลุ่มผู้ใช้ปุ๋ยบ้านไร่ ต.นาเกาะ,49 หมู่ 3 ต.นาเกาะ อ.หล่มเก่า จ.เพชรบูรณ์,สำนักงานเกษตรจังหวัดเพชรบูรณ์,นาเกาะ
564,2565,หล่มเก่า,วิสาหกิจชุมชนนักเลี้ยงผึ้งเพชรบูรณ์,142 หมู่ 1 ต.หล่มเก่า อ.หล่มเก่า จ.เพชรบูรณ์,สำนักงานเกษตรจังหวัดเพชรบูรณ์,หล่มเก่า
565,2565,หล่มเก่า,วิสาหกิจชุมชนกลุ่มปลูกใบยาสูบ,32 หมู่ 2 ต.หินฮาว อ.หล่มเก่า จ.เพชรบูรณ์,สำนักงานเกษตรจังหวัดเพชรบูรณ์,หินฮาว
566,2565,หล่มเก่า,วิสาหกิจชุมชนกลุ่มผลิตภัณฑ์ภูมิปัญญาท้องถิ่น หมู่ที่ 1,46 หมู่ 1 ต.นาเกาะ อ.หล่มเก่า จ.เพชรบูรณ์,สำนักงานเกษตรจังหวัดเพชรบูรณ์,นาเกาะ
567,2565,หล่มเก่า,วิสาหกิจชุมชนกลุ่มแม่บ้านเกษตรกรโจะโหวะเหนือ,39 หมู่ 5 ต.บ้านเนิน อ.หล่มเก่า จ.เพชรบูรณ์,สำนักงานเกษตรจังหวัดเพชรบูรณ์,บ้านเนิน
568,2565,หล่มเก่า,วิสาหกิจชุมชนรุ่งเรืองตำบลหล่มเก่า,3 หมู่ 4 ต.หล่มเก่า อ.หล่มเก่า จ.เพชรบูรณ์,สำนักงานเกษตรจังหวัดเพชรบูรณ์,หล่มเก่า
569,2565,หล่มเก่า,วิสาหกิจชุมชนผลิตภัณฑ์พืชอินทรีย์นาซำ,163 หมู่ 1 ต.นาซำ อ.หล่มเก่า จ.เพชรบูรณ์,สำนักงานเกษตรจังหวัดเพชรบูรณ์,นาซำ
570,2565,หล่มเก่า,วิสาหกิจชุมชนกลุ่มเกษตรพอเพียงห้วยผักกูด,90 หมู่ 10 ต.ศิลา อ.หล่มเก่า จ.เพชรบูรณ์,สำนักงานเกษตรจังหวัดเพชรบูรณ์,ศิลา
571,2565,หล่มเก่า,วิสาหกิจชุมชนอุดมสุขบ้านโป่งสามขา,99/1 หมู่ 1 ต.ศิลา อ.หล่มเก่า จ.เพชรบูรณ์,สำนักงานเกษตรจังหวัดเพชรบูรณ์,ศิลา
572,2565,หล่มเก่า,วิสาหกิจชุมชนอุดมสุขบ้านตาดกลอย,195 หมู่ 4 ต.ตาดกลอย อ.หล่มเก่า จ.เพชรบูรณ์,สำนักงานเกษตรจังหวัดเพชรบูรณ์,ตาดกลอย
573,2565,หล่มเก่า,วิสาหกิจชุมชนอุดมสุขบ้านนาซำ,48 หมู่ 6 ต.นาซำ อ.หล่มเก่า จ.เพชรบูรณ์,สำนักงานเกษตรจังหวัดเพชรบูรณ์,นาซำ
574,2565,หล่มเก่า,วิสาหกิจชุมชนอุดมสุขบ้านอีเลิศ,16 หมู่ 8 ต.นาซำ อ.หล่มเก่า จ.เพชรบูรณ์,สำนักงานเกษตรจังหวัดเพชรบูรณ์,นาซำ
575,2565,หล่มเก่า,วิสาหกิจชุมชนอุดมสุขบ้านกกกล้วยนวน,160 หมู่ 7 ต.ตาดกลอย อ.หล่มเก่า จ.เพชรบูรณ์,สำนักงานเกษตรจังหวัดเพชรบูรณ์,ตาดกลอย
576,2565,หล่มเก่า,วิสาหกิจชุมชนอุดมสุขบ้านตาดข่า,5 หมู่ 5 ต.ตาดกลอย อ.หล่มเก่า จ.เพชรบูรณ์,สำนักงานเกษตรจังหวัดเพชรบูรณ์,ตาดกลอย
577,2565,หล่มเก่า,วิสาหกิจชุมชนอุดมสุขบ้านวังขอน,67 หมู่ 1 ต.ตาดกลอย อ.หล่มเก่า จ.เพชรบูรณ์,สำนักงานเกษตรจังหวัดเพชรบูรณ์,ตาดกลอย
578,2565,หล่มเก่า,วิสาหกิจชุมชนการผลิตมะขามตาดกลอยใต้,249 หมู่ 3 ต.ตาดกลอย อ.หล่มเก่า จ.เพชรบูรณ์,สำนักงานเกษตรจังหวัดเพชรบูรณ์,ตาดกลอย
579,2565,หล่มเก่า,วิสาหกิจชุมชนกลุ่มผู้ใช้ปุ๋ยบ้านห้วยมะยม หมู่ 7 ต. นาซง,38/1 หมู่ 7 ต.นาแซง อ.หล่มเก่า จ.เพชรบูรณ์,สำนักงานเกษตรจังหวัดเพชรบูรณ์,นาแซง
580,2565,หล่มเก่า,วิสาหกิจชุมชนครัวหล่มเก่ารักษ์สุขภาพ,108 หมู่ 7 ต.บ้านเนิน อ.หล่มเก่า จ.เพชรบูรณ์,สำนักงานเกษตรจังหวัดเพชรบูรณ์,บ้านเนิน
581,2565,หล่มเก่า,วิสาหกิจชุมชนกลุ่มเกษตรวิถีพอเพียงบ้านน้ำครั่งน้อย ม.7,3 หมู่ 7 ต.วังบาล อ.หล่มเก่า จ.เพชรบูรณ์,สำนักงานเกษตรจังหวัดเพชรบูรณ์,วังบาล
582,2565,หล่มเก่า,วิสาหกิจชุมชนกลุ่มสมุนไพรเครื่องเคียงตำรับยา,1 หมู่ 3 ต.ตาดกลอย อ.หล่มเก่า จ.เพชรบูรณ์,สำนักงานเกษตรจังหวัดเพชรบูรณ์,ตาดกลอย
583,2565,หล่มเก่า,วิสาหกิจชุมชนเกษตรอินทรีย์ 1 ไร่ 1 แสน บ้านห้วยมะเขือ,157 หมู่ 5 ต.นาแซง อ.หล่มเก่า จ.เพชรบูรณ์,สำนักงานเกษตรจังหวัดเพชรบูรณ์,นาแซง
584,2565,หล่มเก่า,วิสาหกิจชุมชนปลูกพืชสมุนไพรเพื่อการพัฒนาสุขภาพครบวงจร,54 หมู่ 13 ต.หล่มเก่า อ.หล่มเก่า จ.เพชรบูรณ์,สำนักงานเกษตรจังหวัดเพชรบูรณ์,หล่มเก่า
585,2565,หล่มเก่า,วิสาหกิจชุมชนผักปลอดภัยแปลงใหญ่ตำบลนาแซง,127 หมู่ 4 ต.นาแซง อ.หล่มเก่า จ.เพชรบูรณ์,สำนักงานเกษตรจังหวัดเพชรบูรณ์,นาแซง
586,2565,หล่มเก่า,วิสาหกิจชุมชนกลุ่มแปรรูปกล้วยอบเนยบ้านห้วยโป่งน้ำ,55 หมู่ 9 ต.ตาดกลอย อ.หล่มเก่า จ.เพชรบูรณ์,สำนักงานเกษตรจังหวัดเพชรบูรณ์,ตาดกลอย
587,2565,หล่มเก่า,วิสาหกิจชุมชนกลุ่มมะขามทองตำบลศิลา,166 หมู่ 7 ต.ศิลา อ.หล่มเก่า จ.เพชรบูรณ์,สำนักงานเกษตรจังหวัดเพชรบูรณ์,ศิลา
588,2565,หล่มเก่า,วิสาหกิจชุมชนพืชพลังงานเพื่อเศรษฐกิจฐานรากนาซำ,40 หมู่ 8 ต.นาซำ อ.หล่มเก่า จ.เพชรบูรณ์,สำนักงานเกษตรจังหวัดเพชรบูรณ์,นาซำ
589,2565,หล่มเก่า,วิสาหกิจชุมชนกลุ่มโคขุนตำบลบ้านเนิน 2020,19/1 หมู่ 5 ต.บ้านเนิน อ.หล่มเก่า จ.เพชรบูรณ์,สำนักงานเกษตรจังหวัดเพชรบูรณ์,บ้านเนิน
590,2565,หล่มเก่า,วิสาหกิจชุมชนข้าวโพดแปลงใหญ่ ตำบลศิลา,65 หมู่ 3 ต.ศิลา อ.หล่มเก่า จ.เพชรบูรณ์,สำนักงานเกษตรจังหวัดเพชรบูรณ์,ศิลา
591,2565,หล่มเก่า,วิสาหกิจชุมชนกลุ่มแปลงใหญ่กล้วยตำบลนาซำ,75/2 หมู่ 6 ต.นาซำ อ.หล่มเก่า จ.เพชรบูรณ์,สำนักงานเกษตรจังหวัดเพชรบูรณ์,นาซำ
592,2565,หล่มเก่า,วิสาหกิจชุมชนผักแปลงใหญ่สหกรณ์ผักปลอดภัยภูทับเบิก,300 หมู่ 16 ต.วังบาล อ.หล่มเก่า จ.เพชรบูรณ์,สำนักงานเกษตรจังหวัดเพชรบูรณ์,วังบาล
593,2565,หล่มเก่า,วิสาหกิจชุมชนพืชและสมุนไพรสารัช,174 หมู่ 1 ต.นาแซง อ.หล่มเก่า จ.เพชรบูรณ์,สำนักงานเกษตรจังหวัดเพชรบูรณ์,นาแซง
594,2565,หล่มเก่า,วิสาหกิจชุมชนแปรรูปมะขามยั่งยืนตาดกลอย หมู่ที่ 4,174 หมู่ 4 ต.ตาดกลอย อ.หล่มเก่า จ.เพชรบูรณ์,สำนักงานเกษตรจังหวัดเพชรบูรณ์,ตาดกลอย
595,2565,หล่มเก่า,วิสาหกิจชุมชนกลุ่มบ้านวังเวินเกษตรปลอดภัย,202 หมู่ 12 ต.หล่มเก่า อ.หล่มเก่า จ.เพชรบูรณ์,สำนักงานเกษตรจังหวัดเพชรบูรณ์,หล่มเก่า
596,2565,หล่มเก่า,วิสาหกิจชุมชนปุ๋ยชีวภาพ ซุปเปอร์ไบโอทอป-999,160 หมู่ 3 ต.นาแซง อ.หล่มเก่า จ.เพชรบูรณ์,สำนักงานเกษตรจังหวัดเพชรบูรณ์,นาแซง
597,2565,หล่มเก่า,วิสาหกิจชุมชนท่องเที่ยวเชิงภูมิวัฒนธรรมทับเบิก,หมู่ ต.วังบาล อ.หล่มเก่า จ.เพชรบูรณ์  0613739674,สำนักงานเกษตรจังหวัดเพชรบูรณ์,วังบาล
598,2565,หล่มเก่า,วิสาหกิจชุมชนบ้านสมุนไพรฅนไทหล่ม,132 หมู่ 9 ต.หล่มเก่า อ.หล่มเก่า จ.เพชรบูรณ์,สำนักงานเกษตรจังหวัดเพชรบูรณ์,หล่มเก่า
599,2565,หล่มเก่า,วิสาหกิจชุมชน1 ตำบล 1 กลุ่มเกษตรทฤษฎีใหม่อำเภอหล่มเก่า,24 หมู่ 6 ต.นาเกาะ อ.หล่มเก่า จ.เพชรบูรณ์,สำนักงานเกษตรจังหวัดเพชรบูรณ์,นาเกาะ
600,2565,หล่มเก่า,วิสาหกิจชุมชนผู้ปลูกพืชสมุนไพรประยุกต์ใช้เพื่อสุขภาพ,123 หมู่ 13 ต.หินฮาว อ.หล่มเก่า จ.เพชรบูรณ์,สำนักงานเกษตรจังหวัดเพชรบูรณ์,หินฮาว
601,2565,หล่มเก่า,วิสาหกิจชุมชนมณฑาพืชและสมุนไพร,205 หมู่ 1 ต.นาแซง อ.หล่มเก่า จ.เพชรบูรณ์,สำนักงานเกษตรจังหวัดเพชรบูรณ์,นาแซง
602,2565,หล่มเก่า,วิสาหกิจชุมชนฐานบวรวัดศรีฐาน,1 หมู่ 15 ต.วังบาล อ.หล่มเก่า จ.เพชรบูรณ์,สำนักงานเกษตรจังหวัดเพชรบูรณ์,วังบาล
603,2565,หล่มเก่า,วิสาหกิจชุมชนผ้าตรานกยูงพระราชทานสีทองผลิตภัณฑ์วัดศรีฐานปิยาราม ตำบลวังบาล อำเภอหล่มเก่า จังหวัดเพชรบูรณ์,1 หมู่ 15 ต.วังบาล อ.หล่มเก่า จ.เพชรบูรณ์,สำนักงานเกษตรจังหวัดเพชรบูรณ์,วังบาล
604,2565,หล่มเก่า,วิสาหกิจชุมชนกลุ่มมะขามแปลงใหญ่บ้านเหมืองแบ่ง,14 หมู่ 11 ต.วังบาล อ.หล่มเก่า จ.เพชรบูรณ์,สำนักงานเกษตรจังหวัดเพชรบูรณ์,วังบาล
605,2565,หล่มเก่า,วิสาหกิจชุมชนแปลงใหญ่มะละกอบ้านหนองใหญ่,23 หมู่ 1 ต.นาซำ อ.หล่มเก่า จ.เพชรบูรณ์,สำนักงานเกษตรจังหวัดเพชรบูรณ์,นาซำ
606,2565,หล่มเก่า,วิสาหกิจชุมชนแปลงใหญ่มะขามตำบลนาซำ,92 หมู่ 7 ต.นาซำ อ.หล่มเก่า จ.เพชรบูรณ์,สำนักงานเกษตรจังหวัดเพชรบูรณ์,นาซำ
607,2565,หล่มเก่า,วิสาหกิจชุมชนกลุ่มเลี้ยงไก่ไข่บ้านโคกสว่าง,151 หมู่ 12 ต.ศิลา อ.หล่มเก่า จ.เพชรบูรณ์,สำนักงานเกษตรจังหวัดเพชรบูรณ์,ศิลา
608,2565,หล่มเก่า,วิสาหกิจชุมชนกลุ่มเลี้ยงแพะบ้านอุ่มกะทาด,185 หมู่ 3 ต.ศิลา อ.หล่มเก่า จ.เพชรบูรณ์,สำนักงานเกษตรจังหวัดเพชรบูรณ์,ศิลา
609,2565,หล่มเก่า,วิสาหกิจชุมชนกลุ่มผู้ค้าล๊อตเตอรี่บ้านใหม่หัวนา,165 หมู่ 15 ต.ศิลา อ.หล่มเก่า จ.เพชรบูรณ์,สำนักงานเกษตรจังหวัดเพชรบูรณ์,ศิลา
610,2565,หล่มเก่า,วิสาหกิจชุมชนกลุ่มเลี้ยงแพะบ้านปลาฝา,77 หมู่ 5 ต.หินฮาว อ.หล่มเก่า จ.เพชรบูรณ์,สำนักงานเกษตรจังหวัดเพชรบูรณ์,หินฮาว
611,2565,หล่มเก่า,วิสาหกิจชุมชนแหล่งท่องเที่ยวเชิงเกษตรภูโปรด,129 หมู่ 6 ต.บ้านเนิน อ.หล่มเก่า จ.เพชรบูรณ์,สำนักงานเกษตรจังหวัดเพชรบูรณ์,บ้านเนิน
612,2565,วิเชียรบุรี,วิสาหกิจชุมชนกลุ่มอาชีพขยายพันธุ์ไม้ผลไม้ดอก,5 หมู่ 6 ต.ซับสมบูรณ์ อ.วิเชียรบุรี จ.เพชรบูรณ์,สำนักงานเกษตรจังหวัดเพชรบูรณ์,ซับสมบูรณ์
613,2565,วิเชียรบุรี,วิสาหกิจชุมชนกองทุนเกษตรกรข้าวโพดชุมชน,194 หมู่ 1 ต.สระประดู่ อ.วิเชียรบุรี จ.เพชรบูรณ์,สำนักงานเกษตรจังหวัดเพชรบูรณ์,สระประดู่
614,2565,วิเชียรบุรี,วิสาหกิจชุมชนศูนย์ส่งเสริมผลิตข้าวชุมชนบ้านยางโด่,9 หมู่ 7 ต.สระประดู่ อ.วิเชียรบุรี จ.เพชรบูรณ์,สำนักงานเกษตรจังหวัดเพชรบูรณ์,สระประดู่
615,2565,วิเชียรบุรี,วิสาหกิจชุมชนผลิตไข่เค็มพันถ้วย,7 หมู่ 9 ต.สระประดู่ อ.วิเชียรบุรี จ.เพชรบูรณ์,สำนักงานเกษตรจังหวัดเพชรบูรณ์,สระประดู่
616,2565,วิเชียรบุรี,วิสาหกิจชุมชนคนเลี้ยงปลาบ้านลำเพียร,6 หมู่ 10 ต.โคกปรง อ.วิเชียรบุรี จ.เพชรบูรณ์,สำนักงานเกษตรจังหวัดเพชรบูรณ์,โคกปรง
617,2565,วิเชียรบุรี,วิสาหกิจชุมชนกลุ่มผู้ผลิตเมล็ดพันธุ์ข้าวบ้านบุมะกรูดเขามอง,ศาลาประชาค หมู่ 18 ต.ท่าโรง อ.วิเชียรบุรี จ.เพชรบูรณ์,สำนักงานเกษตรจังหวัดเพชรบูรณ์,ท่าโรง
618,2565,วิเชียรบุรี,วิสาหกิจชุมชนกลุ่มทอเสื่อกกบ้านวังวัด,56/1 หมู่ 3 ต.ยางสาว อ.วิเชียรบุรี จ.เพชรบูรณ์,สำนักงานเกษตรจังหวัดเพชรบูรณ์,ยางสาว
619,2565,วิเชียรบุรี,วิสาหกิจชุมชนกลุ่มพัฒนาอุตสาหกรรมชุมชนตำบลบ่อรัง,244 หมู่ 11 ต.บ่อรัง อ.วิเชียรบุรี จ.เพชรบูรณ์,สำนักงานเกษตรจังหวัดเพชรบูรณ์,บ่อรัง
620,2565,วิเชียรบุรี,วิสาหกิจชุมชนกลุ่มหัตถกรรมดอกไม้จันทร์ ดอกไม้ประดิษฐ์หมู่ 2,15 หมู่ 2 ต.ยางสาว อ.วิเชียรบุรี จ.เพชรบูรณ์,สำนักงานเกษตรจังหวัดเพชรบูรณ์,ยางสาว
621,2565,วิเชียรบุรี,วิสาหกิจชุมชนกลุ่มผลิตดอกไม้จันทร์ห้วยชัน,139 หมู่ 4 ต.สระประดู่ อ.วิเชียรบุรี จ.เพชรบูรณ์,สำนักงานเกษตรจังหวัดเพชรบูรณ์,สระประดู่
622,2565,วิเชียรบุรี,วิสาหกิจชุมชนศูนย์ส่งเสริมและผลิตพันธุ์ข้าวชุมชนบ้านวังชะอม,1 หมู่ 10 ต.พุเตย อ.วิเชียรบุรี จ.เพชรบูรณ์,สำนักงานเกษตรจังหวัดเพชรบูรณ์,พุเตย
623,2565,วิเชียรบุรี,วิสาหกิจชุมชนผลิตชาเขียวใบหม่อนยางสาว,55 หมู่ 4 ต.ยางสาว อ.วิเชียรบุรี จ.เพชรบูรณ์,สำนักงานเกษตรจังหวัดเพชรบูรณ์,ยางสาว
624,2565,วิเชียรบุรี,วิสาหกิจชุมชนกลุ่มวิสาหกิจชุมชนเลี้ยงโคเนื้อเขาสูง,55 หมู่ 4 ต.ยางสาว อ.วิเชียรบุรี จ.เพชรบูรณ์,สำนักงานเกษตรจังหวัดเพชรบูรณ์,ยางสาว
625,2565,วิเชียรบุรี,วิสาหกิจชุมชนกลุ่มแม่บ้านเย็บผ้าบ้านไร่อุดม,124 หมู่ 3 ต.ซับสมบูรณ์ อ.วิเชียรบุรี จ.เพชรบูรณ์,สำนักงานเกษตรจังหวัดเพชรบูรณ์,ซับสมบูรณ์
626,2565,วิเชียรบุรี,วิสาหกิจชุมชนกลุ่มวิสาหกิจชุมชนบ้านกลุ่มอุทัย หมู่ 2,21 หมู่ 2 ต.สามแยก อ.วิเชียรบุรี จ.เพชรบูรณ์,สำนักงานเกษตรจังหวัดเพชรบูรณ์,สามแยก
627,2565,วิเชียรบุรี,วิสาหกิจชุมชนกลุ่มสายใยรักตัดเย็บ,273 หมู่ 1 ต.สามแยก อ.วิเชียรบุรี จ.เพชรบูรณ์,สำนักงานเกษตรจังหวัดเพชรบูรณ์,สามแยก
628,2565,วิเชียรบุรี,วิสาหกิจชุมชนกลุ่มผลิตโคเนื้อบ้านเขาขาดหมู่ 4 ตำบลซับสมบูรณ์,145 หมู่ 4 ต.ซับสมบูรณ์ อ.วิเชียรบุรี จ.เพชรบูรณ์,สำนักงานเกษตรจังหวัดเพชรบูรณ์,ซับสมบูรณ์
629,2565,วิเชียรบุรี,วิสาหกิจชุมชนกลุ่มแม่บ้านโต๊ะจีนตำบลพุขาม,39 หมู่ 4 ต.พุขาม อ.วิเชียรบุรี จ.เพชรบูรณ์,สำนักงานเกษตรจังหวัดเพชรบูรณ์,พุขาม
630,2565,วิเชียรบุรี,วิสาหกิจชุมชนกลุ่มเกษตรกรบ้านร่วมใจพัฒนา หมู่ 12 ตำบลสระประดู่,34/1 หมู่ 12 ต.สระประดู่ อ.วิเชียรบุรี จ.เพชรบูรณ์,สำนักงานเกษตรจังหวัดเพชรบูรณ์,สระประดู่
631,2565,วิเชียรบุรี,วิสาหกิจชุมชนกลุ่มเกษตรกรสระประดู่ก้าวหน้า หมู่ 2,45 หมู่ 2 ต.สระประดู่ อ.วิเชียรบุรี จ.เพชรบูรณ์,สำนักงานเกษตรจังหวัดเพชรบูรณ์,สระประดู่
632,2565,วิเชียรบุรี,วิสาหกิจชุมชนทอผ้ากี่กระตุกบ้านบุมะกรูด,วัดคมคาฯ หมู่ 8 ต.ท่าโรง อ.วิเชียรบุรี จ.เพชรบูรณ์,สำนักงานเกษตรจังหวัดเพชรบูรณ์,ท่าโรง
633,2565,วิเชียรบุรี,วิสาหกิจชุมชนกลุ่มพัฒนาอาชีพถี่กระตุกบ้านเกาะบรเพ็ด หมู่ 10,43 หมู่ 10 ต.บึงกระจับ อ.วิเชียรบุรี จ.เพชรบูรณ์,สำนักงานเกษตรจังหวัดเพชรบูรณ์,บึงกระจับ
634,2565,วิเชียรบุรี,วิสาหกิจชุมชนอนุรักษ์ป่าเขาสูง ตำบลยางสาว,162 หมู่ 4 ต.ยางสาว อ.วิเชียรบุรี จ.เพชรบูรณ์,สำนักงานเกษตรจังหวัดเพชรบูรณ์,ยางสาว
635,2565,วิเชียรบุรี,วิสาหกิจชุมชนกองทุนปัจจัยการผลิตบ้านคอเลือก หมู่ 3 ตำบลสระประดู่,6 หมู่ 3 ต.สระประดู่ อ.วิเชียรบุรี จ.เพชรบูรณ์,สำนักงานเกษตรจังหวัดเพชรบูรณ์,สระประดู่
636,2565,วิเชียรบุรี,วิสาหกิจชุมชนสมุนไพรนวดแผนโบราณบ้านยางโด่,25 หมู่ 7 ต.สระประดู่ อ.วิเชียรบุรี จ.เพชรบูรณ์,สำนักงานเกษตรจังหวัดเพชรบูรณ์,สระประดู่
637,2565,วิเชียรบุรี,วิสาหกิจชุมชนกลุ่มผู้ปลูกหอม-กระเทียม บ้านพุน้ำร้อน,88 หมู่ 9 ต.ยางสาว อ.วิเชียรบุรี จ.เพชรบูรณ์,สำนักงานเกษตรจังหวัดเพชรบูรณ์,ยางสาว
638,2565,วิเชียรบุรี,วิสาหกิจชุมชนส่งเสริมอาชีพการเกษตรและร้านค้าชุมชนโคกสง่า หมู่ 7,272 หมู่ 7 ต.พุขาม อ.วิเชียรบุรี จ.เพชรบูรณ์,สำนักงานเกษตรจังหวัดเพชรบูรณ์,พุขาม
639,2565,วิเชียรบุรี,วิสาหกิจชุมชนผลิตปุ๋ยอินทรีย์ชีวภาพปั้นเม็ด ม.4 บ้านโคกสำราญ,68 หมู่ 4 ต.น้ำร้อน อ.วิเชียรบุรี จ.เพชรบูรณ์,สำนักงานเกษตรจังหวัดเพชรบูรณ์,น้ำร้อน
640,2565,วิเชียรบุรี,วิสาหกิจชุมชนศูนย์ส่งเสริมผลิตพันธุ์ข้าวชุมชน ม.8 ตำบลพุเตย,162 หมู่ 8 ต.พุเตย อ.วิเชียรบุรี จ.เพชรบูรณ์,สำนักงานเกษตรจังหวัดเพชรบูรณ์,พุเตย
641,2565,วิเชียรบุรี,วิสาหกิจชุมชนกลุ่มเศรษฐกิจชุมชนเกษตรกร หมู่ 4 ต.วังใหญ่,19 หมู่ 4 ต.วังใหญ่ อ.วิเชียรบุรี จ.เพชรบูรณ์,สำนักงานเกษตรจังหวัดเพชรบูรณ์,วังใหญ่
642,2565,วิเชียรบุรี,วิสาหกิจชุมชนปลูกข้าวโพดเลี้ยงสัตว์ก้าวหน้า หมู่ 15 ต.ยางสาว,91 หมู่ 15 ต.ยางสาว อ.วิเชียรบุรี จ.เพชรบูรณ์,สำนักงานเกษตรจังหวัดเพชรบูรณ์,ยางสาว
643,2565,วิเชียรบุรี,"วิสาหกิจชุมชนถักสานไม้กวาดดอกหญ้า หมู่ 8,19",88 หมู่ 19 ต.บ่อรัง อ.วิเชียรบุรี จ.เพชรบูรณ์,สำนักงานเกษตรจังหวัดเพชรบูรณ์,บ่อรัง
644,2565,วิเชียรบุรี,วิสาหกิจชุมชนผลิตพืชพันธุ์ดีและส่งเสริมอาชีพ หมู่ 8 บ้านนาสามัคคี,57 หมู่ 8 ต.โคกปรง อ.วิเชียรบุรี จ.เพชรบูรณ์,สำนักงานเกษตรจังหวัดเพชรบูรณ์,โคกปรง
645,2565,วิเชียรบุรี,วิสาหกิจชุมชนกลุ่มพัฒนาอาชีพวิเชียรบุรี,210 หมู่ 1 ต.ท่าโรง อ.วิเชียรบุรี จ.เพชรบูรณ์,สำนักงานเกษตรจังหวัดเพชรบูรณ์,ท่าโรง
646,2565,วิเชียรบุรี,วิสาหกิจชุมชนกลุ่มเลี้ยงโคบ้านเขายางโปร่ง หมู่ 4,14 หมู่ 4 ต.โคกปรง อ.วิเชียรบุรี จ.เพชรบูรณ์,สำนักงานเกษตรจังหวัดเพชรบูรณ์,โคกปรง
647,2565,วิเชียรบุรี,วิสาหกิจชุมชนสถาบันการเงินชุมชนต้นแบบบ้านหนองคล้า,97 หมู่ 8 ต.พุเตย อ.วิเชียรบุรี จ.เพชรบูรณ์,สำนักงานเกษตรจังหวัดเพชรบูรณ์,พุเตย
648,2565,วิเชียรบุรี,วิสาหกิจชุมชนกลุ่มส่งเสริมอาชีพการเกษตรบ้านน้ำอ้อม,58 หมู่ 7 ต.ยางสาว อ.วิเชียรบุรี จ.เพชรบูรณ์,สำนักงานเกษตรจังหวัดเพชรบูรณ์,ยางสาว
649,2565,วิเชียรบุรี,วิสาหกิจชุมชนกลุ่มส่งเสริมอาชีพการเกษตรบ้านโคกปรง หมู่ 3,213 หมู่ 3 ต.โคกปรง อ.วิเชียรบุรี จ.เพชรบูรณ์,สำนักงานเกษตรจังหวัดเพชรบูรณ์,โคกปรง
650,2565,วิเชียรบุรี,วิสาหกิจชุมชนกลุ่มจำหน่ายและขยายพันธุ์ไม้บ้านยางโด่,34 หมู่ 7 ต.สระประดู่ อ.วิเชียรบุรี จ.เพชรบูรณ์,สำนักงานเกษตรจังหวัดเพชรบูรณ์,สระประดู่
651,2565,วิเชียรบุรี,วิสาหกิจชุมชนกลุ่มพัฒนาอาชีพตำบลโคกปรง หมู่ 2,5 หมู่ 2 ต.โคกปรง อ.วิเชียรบุรี จ.เพชรบูรณ์,สำนักงานเกษตรจังหวัดเพชรบูรณ์,โคกปรง
652,2565,วิเชียรบุรี,วิสาหกิจชุมชนกลุ่มออมทรัพย์การผลิตบ้านรวมทรัพย์,239/1 หมู่ 6 ต.ภูน้ำหยด อ.วิเชียรบุรี จ.เพชรบูรณ์,สำนักงานเกษตรจังหวัดเพชรบูรณ์,ภูน้ำหยด
653,2565,วิเชียรบุรี,วิสาหกิจชุมชนกลุ่มส่งเสริมพัฒนาศักยภาพอาชีพตำบลโคกปรง,174 หมู่ 3 ต.โคกปรง อ.วิเชียรบุรี จ.เพชรบูรณ์,สำนักงานเกษตรจังหวัดเพชรบูรณ์,โคกปรง
654,2565,วิเชียรบุรี,วิสาหกิจชุมชนเฟอร์นิเจอร์ หมู่ 9 ตำบลพุเตย,57 หมู่ 9 ต.พุเตย อ.วิเชียรบุรี จ.เพชรบูรณ์,สำนักงานเกษตรจังหวัดเพชรบูรณ์,พุเตย
655,2565,วิเชียรบุรี,วิสาหกิจชุมชนกลุ่มชาวนาเข็มแข็งตำบลโคกปรง,123 หมู่ 1 ต.โคกปรง อ.วิเชียรบุรี จ.เพชรบูรณ์,สำนักงานเกษตรจังหวัดเพชรบูรณ์,โคกปรง
656,2565,วิเชียรบุรี,วิสาหกิจชุมชนกลุ่มหมอนสวยงามทำจากผ้าต่วน หมู่ 1 ตำบลซับสมบูรณ์,157 หมู่ 1 ต.ซับสมบูรณ์ อ.วิเชียรบุรี จ.เพชรบูรณ์,สำนักงานเกษตรจังหวัดเพชรบูรณ์,ซับสมบูรณ์
657,2565,วิเชียรบุรี,วิสาหกิจชุมชนกลุ่มสมุนไพรโบราณขุมทรัพย์ปัญญาไทย,63 หมู่ 4 ต.ซับสมบูรณ์ อ.วิเชียรบุรี จ.เพชรบูรณ์,สำนักงานเกษตรจังหวัดเพชรบูรณ์,ซับสมบูรณ์
658,2565,วิเชียรบุรี,วิสาหกิจชุมชนกลุ่มเกษตรผสมผสาน หมู่ 5 บ้านพุขาม,155 หมู่ 5 ต.พุขาม อ.วิเชียรบุรี จ.เพชรบูรณ์,สำนักงานเกษตรจังหวัดเพชรบูรณ์,พุขาม
659,2565,วิเชียรบุรี,วิสาหกิจชุมชนกลุ่มพัฒนาผลผลิตเกษตรบ้านวงษ์ทอง หมู่ 11,141/1 หมู่ 11 ต.พุเตย อ.วิเชียรบุรี จ.เพชรบูรณ์,สำนักงานเกษตรจังหวัดเพชรบูรณ์,พุเตย
660,2565,วิเชียรบุรี,วิสาหกิจชุมชนกลุ่มส่งเสริมอาชีพบ้านลำจังหัน หมู่ 1 ตำบลสามแยก,29/1 หมู่ 1 ต.สามแยก อ.วิเชียรบุรี จ.เพชรบูรณ์,สำนักงานเกษตรจังหวัดเพชรบูรณ์,สามแยก
661,2565,วิเชียรบุรี,วิสาหกิจชุมชนกลุ่มผู้ปลูกข้าวโพดข้าวเหนียว อำเภอวิเชียรบุรี จังหวัดเพชรบูรณ์,108 หมู่ 12 ต.พุเตย อ.วิเชียรบุรี จ.เพชรบูรณ์,สำนักงานเกษตรจังหวัดเพชรบูรณ์,พุเตย
662,2565,วิเชียรบุรี,วิสาหกิจชุมชนกลุ่มเกษตรกรผู้เลี้ยงหมู หมู่ 1 บ้านโคกปรง,149 หมู่ 1 ต.โคกปรง อ.วิเชียรบุรี จ.เพชรบูรณ์,สำนักงานเกษตรจังหวัดเพชรบูรณ์,โคกปรง
663,2565,วิเชียรบุรี,วิสาหกิจชุมชนกลุ่มส่งเสริมอาชีพเกษตรกรบ้านใหม่วิไลวัลย์ หมู่ 10,153 หมู่ 10 ต.บ่อรัง อ.วิเชียรบุรี จ.เพชรบูรณ์,สำนักงานเกษตรจังหวัดเพชรบูรณ์,บ่อรัง
664,2565,วิเชียรบุรี,วิสาหกิจชุมชนกลุ่มปุ๋ยบ้านวงษ์ทอง หมู่ 11 ตำบลพุเตย,105 หมู่ 11 ต.พุเตย อ.วิเชียรบุรี จ.เพชรบูรณ์,สำนักงานเกษตรจังหวัดเพชรบูรณ์,พุเตย
665,2565,วิเชียรบุรี,วิสาหกิจชุมชนกลุ่มพัฒนาอาชีพงานไม้ชุมชน หมู่ 3 ตำบลสามแยก,181 หมู่ 3 ต.สามแยก อ.วิเชียรบุรี จ.เพชรบูรณ์,สำนักงานเกษตรจังหวัดเพชรบูรณ์,สามแยก
666,2565,วิเชียรบุรี,วิสาหกิจชุมชนกลุ่มผลิตการเกษตรบ้านไทรทอง,83 หมู่ 5 ต.วังใหญ่ อ.วิเชียรบุรี จ.เพชรบูรณ์,สำนักงานเกษตรจังหวัดเพชรบูรณ์,วังใหญ่
667,2565,วิเชียรบุรี,วิสาหกิจชุมชนกลุ่มส่งเสริมการเลี้ยงโคเนื้อของชุมชนบ้านใหม่วิไลวัลย์ หมู่ 10 ตำบลบ่อรัง,27 หมู่ 10 ต.บ่อรัง อ.วิเชียรบุรี จ.เพชรบูรณ์,สำนักงานเกษตรจังหวัดเพชรบูรณ์,บ่อรัง
668,2565,วิเชียรบุรี,วิสาหกิจชุมชนกลุ่มผู้เลี้ยงโคเนื้อบ้านทุ่งใหญ่ หมู่ 5 ตำบลท่าโรง,460 หมู่ 5 ต.ท่าโรง อ.วิเชียรบุรี จ.เพชรบูรณ์,สำนักงานเกษตรจังหวัดเพชรบูรณ์,ท่าโรง
669,2565,วิเชียรบุรี,วิสาหกิจชุมชนกลุ่มส่งเสริมการเลี้ยงโคเนื้อของชุมชนบ้านหนองบัวทอง หมู่ 11,173 หมู่ 11 ต.บ่อรัง อ.วิเชียรบุรี จ.เพชรบูรณ์,สำนักงานเกษตรจังหวัดเพชรบูรณ์,บ่อรัง
670,2565,วิเชียรบุรี,วิสาหกิจชุมชนกลุ่มส่งเสริมการเลี้ยงโคเนื้อตำบลท่าโรง,136 หมู่ 14 ต.ท่าโรง อ.วิเชียรบุรี จ.เพชรบูรณ์,สำนักงานเกษตรจังหวัดเพชรบูรณ์,ท่าโรง
671,2565,วิเชียรบุรี,วิสาหกิจชุมชนกลุ่มภูน้ำหยดพัฒนาเพื่อการเกษตร,78/1 หมู่ 6 ต.ภูน้ำหยด อ.วิเชียรบุรี จ.เพชรบูรณ์,สำนักงานเกษตรจังหวัดเพชรบูรณ์,ภูน้ำหยด
672,2565,วิเชียรบุรี,วิสาหกิจชุมชนวัวขุนตำบลพุเตย อำเภอวิเชียรบุรี จังหวัดเพชรบูรณ์,97 หมู่ 8 ต.พุเตย อ.วิเชียรบุรี จ.เพชรบูรณ์,สำนักงานเกษตรจังหวัดเพชรบูรณ์,พุเตย
673,2565,วิเชียรบุรี,วิสาหกิจชุมชนกลุ่มส่งเสริมการเลี้ยงโคเนื้อชุมชนบ้านพระที่นั่ง หมู่ 7,103 หมู่ 7 ต.ภูน้ำหยด อ.วิเชียรบุรี จ.เพชรบูรณ์,สำนักงานเกษตรจังหวัดเพชรบูรณ์,ภูน้ำหยด
674,2565,วิเชียรบุรี,วิสาหกิจชุมชนกลุ่มแม่บ้านหนองสมบูรณ์ หมู่ 6 ตำบลพุขาม,109 หมู่ 6 ต.พุขาม อ.วิเชียรบุรี จ.เพชรบูรณ์,สำนักงานเกษตรจังหวัดเพชรบูรณ์,พุขาม
675,2565,วิเชียรบุรี,วิสาหกิจชุมชนกลุ่มโคเนื้อตำบลภูน้ำหยด,3/4 หมู่ 6 ต.ภูน้ำหยด อ.วิเชียรบุรี จ.เพชรบูรณ์,สำนักงานเกษตรจังหวัดเพชรบูรณ์,ภูน้ำหยด
676,2565,วิเชียรบุรี,วิสาหกิจชุมชนพัฒนาผลิตผลทางการเกษตรบ้านกระทุ่มทอง ตำบลซับสมบูรณ์,25/1 หมู่ 5 ต.ซับสมบูรณ์ อ.วิเชียรบุรี จ.เพชรบูรณ์,สำนักงานเกษตรจังหวัดเพชรบูรณ์,ซับสมบูรณ์
677,2565,วิเชียรบุรี,วิสาหกิจชุมชนกลุ่มผลิตภัณฑ์ปลาส้มสายเดี่ยวบ้านซับอีลุม,155 หมู่ 5 ต.โคกปรง อ.วิเชียรบุรี จ.เพชรบูรณ์,สำนักงานเกษตรจังหวัดเพชรบูรณ์,โคกปรง
678,2565,วิเชียรบุรี,วิสาหกิจชุมชนกลุ่มเกษตรกรทำปุ๋ยหมักชีวภาพบ้านน้ำร้อน หมู่ 1,41 หมู่ 1 ต.น้ำร้อน อ.วิเชียรบุรี จ.เพชรบูรณ์,สำนักงานเกษตรจังหวัดเพชรบูรณ์,น้ำร้อน
679,2565,วิเชียรบุรี,วิสาหกิจชุมชนการเพาะเห็ดอินทรีย์บ้านดงเข็ม,2 หมู่ 3 ต.สามแยก อ.วิเชียรบุรี จ.เพชรบูรณ์,สำนักงานเกษตรจังหวัดเพชรบูรณ์,สามแยก
680,2565,วิเชียรบุรี,วิสาหกิจชุมชนเกษตรพัฒนาวังเตียน,67 หมู่ 5 ต.โคกปรง อ.วิเชียรบุรี จ.เพชรบูรณ์,สำนักงานเกษตรจังหวัดเพชรบูรณ์,โคกปรง
681,2565,วิเชียรบุรี,วิสาหกิจชุมชนกลุ่มเลี้ยงสัตว์บ้านเขาสูง ม.4 ต.ยางสาว,136 หมู่ 4 ต.ยางสาว อ.วิเชียรบุรี จ.เพชรบูรณ์,สำนักงานเกษตรจังหวัดเพชรบูรณ์,ยางสาว
682,2565,วิเชียรบุรี,วิสาหกิจชุมชนกลุ่มเกษตรกรผู้เลี้ยงโคแม่พันธุ์ หมู่ 9 ต.ยางสาว,28 หมู่ 9 ต.ยางสาว อ.วิเชียรบุรี จ.เพชรบูรณ์,สำนักงานเกษตรจังหวัดเพชรบูรณ์,ยางสาว
683,2565,วิเชียรบุรี,วิสาหกิจชุมชนกลุ่มผู้เลี้ยงวัวเพื่อการค้าตำบลวังใหญ่,153 หมู่ 4 ต.วังใหญ่ อ.วิเชียรบุรี จ.เพชรบูรณ์,สำนักงานเกษตรจังหวัดเพชรบูรณ์,วังใหญ่
684,2565,วิเชียรบุรี,วิสาหกิจชุมชนไร่เขาเล็งอินทรีย์เกษตร,180 หมู่ 8 ต.ท่าโรง อ.วิเชียรบุรี จ.เพชรบูรณ์,สำนักงานเกษตรจังหวัดเพชรบูรณ์,ท่าโรง
685,2565,วิเชียรบุรี,วิสาหกิจชุมชนผักผลไม้ปลอดภัยอำเภอวิเชียรบุรี,51 หมู่ 10 ต.ซับสมบูรณ์ อ.วิเชียรบุรี จ.เพชรบูรณ์,สำนักงานเกษตรจังหวัดเพชรบูรณ์,ซับสมบูรณ์
686,2565,วิเชียรบุรี,วิสาหกิจชุมชนกลุ่มเกษตรกรผู้เลี้ยงโคบ้านมาบสมอ หมู่ 14,144 หมู่ 14 ต.ท่าโรง อ.วิเชียรบุรี จ.เพชรบูรณ์,สำนักงานเกษตรจังหวัดเพชรบูรณ์,ท่าโรง
687,2565,วิเชียรบุรี,วิสาหกิจชุมชนกลุ่มทอผ้าพุเตย,181 หมู่ 1 ต.พุเตย อ.วิเชียรบุรี จ.เพชรบูรณ์,สำนักงานเกษตรจังหวัดเพชรบูรณ์,พุเตย
688,2565,วิเชียรบุรี,วิสาหกิจชุมชนปลูกผักหลังฤดูทำนา,132 หมู่ 12 ต.โคกปรง อ.วิเชียรบุรี จ.เพชรบูรณ์,สำนักงานเกษตรจังหวัดเพชรบูรณ์,โคกปรง
689,2565,วิเชียรบุรี,วิสาหกิจชุมชนเกษตรสร้างสรรค์,54/1 หมู่ 3 ต.สระประดู่ อ.วิเชียรบุรี จ.เพชรบูรณ์,สำนักงานเกษตรจังหวัดเพชรบูรณ์,สระประดู่
690,2565,วิเชียรบุรี,วิสาหกิจชุมชนมันสำปะหลังภูน้ำหยด,โรงปุ๋ย หมู่ 4 ต.ภูน้ำหยด อ.วิเชียรบุรี จ.เพชรบูรณ์,สำนักงานเกษตรจังหวัดเพชรบูรณ์,ภูน้ำหยด
691,2565,วิเชียรบุรี,วิสาหกิจชุมชนพืชสวนสมุนไพร หมู่ 4 บึงกระจับ,27/2 หมู่ 2 ต.ท่าโรง อ.วิเชียรบุรี จ.เพชรบูรณ์,สำนักงานเกษตรจังหวัดเพชรบูรณ์,ท่าโรง
692,2565,วิเชียรบุรี,วิสาหกิจชุมชนกลุ่มผลิตลูกโคเพื่อขุนจำหน่าย,31 หมู่ 6 ต.พุเตย อ.วิเชียรบุรี จ.เพชรบูรณ์,สำนักงานเกษตรจังหวัดเพชรบูรณ์,พุเตย
693,2565,วิเชียรบุรี,วิสาหกิจชุมชนปุ๋ยบ้านหนองภิรมย์,32 หมู่ 16 ต.ภูน้ำหยด อ.วิเชียรบุรี จ.เพชรบูรณ์,สำนักงานเกษตรจังหวัดเพชรบูรณ์,ภูน้ำหยด
694,2565,วิเชียรบุรี,วิสาหกิจชุมชนกลุ่มออมทรัพย์เพื่อการค้าและการผลิต หมู่ 10 ต.ภูน้ำหยด,55 หมู่ 10 ต.ภูน้ำหยด อ.วิเชียรบุรี จ.เพชรบูรณ์,สำนักงานเกษตรจังหวัดเพชรบูรณ์,ภูน้ำหยด
695,2565,วิเชียรบุรี,วิสาหกิจชุมชนสมบัติฟาร์มเห็ดบ้านโคกปรง,77 หมู่ 16 ต.โคกปรง อ.วิเชียรบุรี จ.เพชรบูรณ์,สำนักงานเกษตรจังหวัดเพชรบูรณ์,โคกปรง
696,2565,วิเชียรบุรี,วิสาหกิจชุมชนอินทผลัมเพาะเลี้ยงเนื้อเยื่ออำเภอวิเชียรบุรี,67 หมู่ 8 ต.บึงกระจับ อ.วิเชียรบุรี จ.เพชรบูรณ์,สำนักงานเกษตรจังหวัดเพชรบูรณ์,บึงกระจับ
697,2565,วิเชียรบุรี,วิสาหกิจชุมชนกลุ่มผลิตปุ๋ยอินทรีย์อัดเม็ดเพื่อการเกษตร,244 หมู่ 5 ต.ท่าโรง อ.วิเชียรบุรี จ.เพชรบูรณ์,สำนักงานเกษตรจังหวัดเพชรบูรณ์,ท่าโรง
698,2565,วิเชียรบุรี,วิสาหกิจชุมชนกลุ่มกล้วยหอมทองบ้านซับรุ่งเจริญ,37 หมู่ 7 ต.ซับน้อย อ.วิเชียรบุรี จ.เพชรบูรณ์,สำนักงานเกษตรจังหวัดเพชรบูรณ์,ซับน้อย
699,2565,วิเชียรบุรี,วิสาหกิจชุมชนกลุ่มเลี้ยงโคบ้านไร่ตาพุฒ,164 หมู่ 9 ต.สามแยก อ.วิเชียรบุรี จ.เพชรบูรณ์,สำนักงานเกษตรจังหวัดเพชรบูรณ์,สามแยก
700,2565,วิเชียรบุรี,วิสาหกิจชุมชน YSF วิเชียรบุรีเกษตรพอเพียงเพื่อการพัฒนาอย่างยั่งยืน,27 หมู่ 11 ต.สระประดู่ อ.วิเชียรบุรี จ.เพชรบูรณ์,สำนักงานเกษตรจังหวัดเพชรบูรณ์,สระประดู่
701,2565,วิเชียรบุรี,วิสาหกิจชุมชนแปลงใหญ่มันสำปะหลังตำบลบ่อรัง,ศาลา หมู่ 2 ต.บ่อรัง อ.วิเชียรบุรี จ.เพชรบูรณ์,สำนักงานเกษตรจังหวัดเพชรบูรณ์,บ่อรัง
702,2565,วิเชียรบุรี,วิสาหกิจชุมชนหมูหลุมอินดี้ตำบลซับสมบูรณ์,26 หมู่ 9 ต.ซับสมบูรณ์ อ.วิเชียรบุรี จ.เพชรบูรณ์,สำนักงานเกษตรจังหวัดเพชรบูรณ์,ซับสมบูรณ์
703,2565,วิเชียรบุรี,วิสาหกิจชุมชนกลุ่มพัฒนาเศรษฐกิจการเกษตรบ้านน้ำเดือด,61 หมู่ 12 ต.โคกปรง อ.วิเชียรบุรี จ.เพชรบูรณ์,สำนักงานเกษตรจังหวัดเพชรบูรณ์,โคกปรง
704,2565,วิเชียรบุรี,วิสาหกิจชุมชนกลุ่มเกษตรอินทรีย์วิถีชุมชน ตำบลบึงกระจับ,251 หมู่ 5 ต.บึงกระจับ อ.วิเชียรบุรี จ.เพชรบูรณ์,สำนักงานเกษตรจังหวัดเพชรบูรณ์,บึงกระจับ
705,2565,วิเชียรบุรี,วิสาหกิจชุมชนปลูกพืชไร่ตำบลซับน้อย,57 หมู่ 4 ต.ซับน้อย อ.วิเชียรบุรี จ.เพชรบูรณ์,สำนักงานเกษตรจังหวัดเพชรบูรณ์,ซับน้อย
706,2565,วิเชียรบุรี,วิสาหกิจชุมชนเกษตรอินทรีย์ผสมผสานตำบลน้ำร้อน,66 หมู่ 10 ต.น้ำร้อน อ.วิเชียรบุรี จ.เพชรบูรณ์,สำนักงานเกษตรจังหวัดเพชรบูรณ์,น้ำร้อน
707,2565,วิเชียรบุรี,วิสาหกิจชุมชนกลุ่มสมุนไพรเกษตรผสมผสานพุเตย,256 หมู่ 1 ต.พุเตย อ.วิเชียรบุรี จ.เพชรบูรณ์,สำนักงานเกษตรจังหวัดเพชรบูรณ์,พุเตย
708,2565,วิเชียรบุรี,วิสาหกิจชุมชนสมุนไพรเพื่อสุขภาพบ้านน้ำร้อน,288 หมู่ 1 ต.น้ำร้อน อ.วิเชียรบุรี จ.เพชรบูรณ์,สำนักงานเกษตรจังหวัดเพชรบูรณ์,น้ำร้อน
709,2565,วิเชียรบุรี,วิสาหกิจชุมชนปลูกพืชสมุนไพรเกษตรอินทรีย์วิเชียรบุรี,399 หมู่ 3 ต.ท่าโรง อ.วิเชียรบุรี จ.เพชรบูรณ์,สำนักงานเกษตรจังหวัดเพชรบูรณ์,ท่าโรง
710,2565,วิเชียรบุรี,วิสาหกิจชุมชนส่งเสริมอาชีพบ้านโปร่งนกเป้า หมู่ 10,31 หมู่ 10 ต.สามแยก อ.วิเชียรบุรี จ.เพชรบูรณ์,สำนักงานเกษตรจังหวัดเพชรบูรณ์,สามแยก
711,2565,วิเชียรบุรี,วิสาหกิจชุมชนส่งเสริมอาชีพบ้านแสงทอง,3 หมู่ 16 ต.บ่อรัง อ.วิเชียรบุรี จ.เพชรบูรณ์,สำนักงานเกษตรจังหวัดเพชรบูรณ์,บ่อรัง
712,2565,ศรีเทพ,วิสาหกิจชุมชนทอผ้าบ้านวังขอนพัฒนา,58 หมู่ 17 ต.คลองกระจัง อ.ศรีเทพ จ.เพชรบูรณ์,สำนักงานเกษตรจังหวัดเพชรบูรณ์,คลองกระจัง
713,2565,ศรีเทพ,วิสาหกิจชุมชนแปรรูปอาหารปลอดสารพิษ,7 หมู่ 5 ต.โคกสะอาด อ.ศรีเทพ จ.เพชรบูรณ์,สำนักงานเกษตรจังหวัดเพชรบูรณ์,โคกสะอาด
714,2565,ศรีเทพ,วิสาหกิจชุมชนศิลปะเครื่องนอนเมืองศรีเทพ,52 หมู่ 1 ต.ศรีเทพ อ.ศรีเทพ จ.เพชรบูรณ์,สำนักงานเกษตรจังหวัดเพชรบูรณ์,ศรีเทพ
715,2565,ศรีเทพ,วิสาหกิจชุมชนศรีเทพไทย,8 หมู่ 16 ต.ศรีเทพ อ.ศรีเทพ จ.เพชรบูรณ์,สำนักงานเกษตรจังหวัดเพชรบูรณ์,ศรีเทพ
716,2565,ศรีเทพ,วิสาหกิจชุมชนศิลปงานไม้ประดิษฐ์,46/2 หมู่ 2 ต.ศรีเทพ อ.ศรีเทพ จ.เพชรบูรณ์,สำนักงานเกษตรจังหวัดเพชรบูรณ์,ศรีเทพ
717,2565,ศรีเทพ,วิสาหกิจชุมชนกลุ่มทำนาบ้านนาตะกรุด หมู่ 1,215 หมู่ 1 ต.ศรีเทพ อ.ศรีเทพ จ.เพชรบูรณ์,สำนักงานเกษตรจังหวัดเพชรบูรณ์,ศรีเทพ
718,2565,ศรีเทพ,วิสาหกิจชุมชนเกษตรและเลี้ยงสัตว์,41 หมู่ 20 ต.นาสนุ่น อ.ศรีเทพ จ.เพชรบูรณ์,สำนักงานเกษตรจังหวัดเพชรบูรณ์,นาสนุ่น
719,2565,ศรีเทพ,วิสาหกิจชุมชนวิสาหกิจชุมชนธูปหอมมงคลเศรษฐี,222 หมู่ 18 ต.นาสนุ่น อ.ศรีเทพ จ.เพชรบูรณ์,สำนักงานเกษตรจังหวัดเพชรบูรณ์,นาสนุ่น
720,2565,ศรีเทพ,วิสาหกิจชุมชนกลุ่มโคขุน ท.253,245 หมู่ 10 ต.คลองกระจัง อ.ศรีเทพ จ.เพชรบูรณ์,สำนักงานเกษตรจังหวัดเพชรบูรณ์,คลองกระจัง
721,2565,ศรีเทพ,วิสาหกิจชุมชนกลุ่มเครื่องนอนสว่างวัฒนา,205 หมู่ 2 ต.สระกรวด อ.ศรีเทพ จ.เพชรบูรณ์,สำนักงานเกษตรจังหวัดเพชรบูรณ์,สระกรวด
722,2565,ศรีเทพ,วิสาหกิจชุมชนกลุ่มสิบเอ็ดอุตสาหกรรมเครื่องนอนชุมชน,205/4 หมู่ 2 ต.สระกรวด อ.ศรีเทพ จ.เพชรบูรณ์,สำนักงานเกษตรจังหวัดเพชรบูรณ์,สระกรวด
723,2565,ศรีเทพ,วิสาหกิจชุมชนกลุ่มออมทรัพย์เพื่อการผลิตหมู่15,297 หมู่ 15 ต.สระกรวด อ.ศรีเทพ จ.เพชรบูรณ์,สำนักงานเกษตรจังหวัดเพชรบูรณ์,สระกรวด
724,2565,ศรีเทพ,วิสาหกิจชุมชนผู้เลี้ยงแพะ-แกะตำบลนาสนุ่น,138 หมู่ 12 ต.นาสนุ่น อ.ศรีเทพ จ.เพชรบูรณ์,สำนักงานเกษตรจังหวัดเพชรบูรณ์,นาสนุ่น
725,2565,ศรีเทพ,วิสาหกิจชุมชนกลุ่มผู้เลี้ยงแพะและแกะตำบลหนองย่างทอย,147 หมู่ 3 ต.หนองย่างทอย อ.ศรีเทพ จ.เพชรบูรณ์,สำนักงานเกษตรจังหวัดเพชรบูรณ์,หนองย่างทอย
726,2565,ศรีเทพ,วิสาหกิจชุมชนราชินีหวาน บ้านรักไทย,17/1 หมู่ 12 ต.ศรีเทพ อ.ศรีเทพ จ.เพชรบูรณ์,สำนักงานเกษตรจังหวัดเพชรบูรณ์,ศรีเทพ
727,2565,ศรีเทพ,วิสาหกิจชุมชนกลุ่มพัฒนาอาชีพสตรีกล้วยน้ำว้านาสนุ่น หมู่1,95 หมู่ 1 ต.นาสนุ่น อ.ศรีเทพ จ.เพชรบูรณ์,สำนักงานเกษตรจังหวัดเพชรบูรณ์,นาสนุ่น
728,2565,ศรีเทพ,วิสาหกิจชุมชนศรีไพรการเกษตร,262 หมู่ 2 ต.ศรีเทพ อ.ศรีเทพ จ.เพชรบูรณ์,สำนักงานเกษตรจังหวัดเพชรบูรณ์,ศรีเทพ
729,2565,ศรีเทพ,วิสาหกิจชุมชนกลุ่มทอผ้าบ้านเนินละคร หมู่12,9 หมู่ 12 ต.นาสนุ่น อ.ศรีเทพ จ.เพชรบูรณ์,สำนักงานเกษตรจังหวัดเพชรบูรณ์,นาสนุ่น
730,2565,ศรีเทพ,วิสาหกิจชุมชนกลุ่มกล้วยแปรรูปประดู่งาม,12 หมู่ 5 ต.ประดู่งาม อ.ศรีเทพ จ.เพชรบูรณ์,สำนักงานเกษตรจังหวัดเพชรบูรณ์,ประดู่งาม
731,2565,ศรีเทพ,วิสาหกิจชุมชนกลุ่มปลูกหม่อนเลี้ยงใหม,6 หมู่ 13 ต.คลองกระจัง อ.ศรีเทพ จ.เพชรบูรณ์,สำนักงานเกษตรจังหวัดเพชรบูรณ์,คลองกระจัง
732,2565,ศรีเทพ,วิสาหกิจชุมชนกลุ่มโคเนื้อบ้านเนินหินอ่อน,40 หมู่ 16 ต.สระกรวด อ.ศรีเทพ จ.เพชรบูรณ์,สำนักงานเกษตรจังหวัดเพชรบูรณ์,สระกรวด
733,2565,ศรีเทพ,วิสาหกิจชุมชนกลุ่มเลี้ยงแพะแกะเนินละคร,121 หมู่ 12 ต.นาสนุ่น อ.ศรีเทพ จ.เพชรบูรณ์,สำนักงานเกษตรจังหวัดเพชรบูรณ์,นาสนุ่น
734,2565,ศรีเทพ,วิสาหกิจชุมชนผลิตและแปรรูปปลาดุก ม.6 บ้านบึงนาจาน,333 หมู่ 6 ต.ศรีเทพ อ.ศรีเทพ จ.เพชรบูรณ์,สำนักงานเกษตรจังหวัดเพชรบูรณ์,ศรีเทพ
735,2565,ศรีเทพ,วิสาหกิจชุมชนเลี้ยงแพะสะอาดดูงาม,30 หมู่ 10 ต.โคกสะอาด อ.ศรีเทพ จ.เพชรบูรณ์,สำนักงานเกษตรจังหวัดเพชรบูรณ์,โคกสะอาด
736,2565,ศรีเทพ,วิสาหกิจชุมชนเลี้ยงโคเนื้อบ้านนาสวรรค์ ม.12,78 หมู่ 12 ต.คลองกระจัง อ.ศรีเทพ จ.เพชรบูรณ์,สำนักงานเกษตรจังหวัดเพชรบูรณ์,คลองกระจัง
737,2565,ศรีเทพ,วิสาหกิจชุมชนกล้วยตากประทุมทิพย์,318 หมู่ 7 ต.นาสนุ่น อ.ศรีเทพ จ.เพชรบูรณ์,สำนักงานเกษตรจังหวัดเพชรบูรณ์,นาสนุ่น
738,2565,ศรีเทพ,วิสาหกิจชุมชนหม่อนไหมพัฒนา,6 หมู่ 13 ต.คลองกระจัง อ.ศรีเทพ จ.เพชรบูรณ์,สำนักงานเกษตรจังหวัดเพชรบูรณ์,คลองกระจัง
739,2565,ศรีเทพ,วิสาหกิจชุมชนปลูกพืชผักปลอดภัย (ซับเพิก),16 หมู่ 6 ต.หนองย่างทอย อ.ศรีเทพ จ.เพชรบูรณ์,สำนักงานเกษตรจังหวัดเพชรบูรณ์,หนองย่างทอย
740,2565,ศรีเทพ,วิสาหกิจชุมชนกลุ่มเลี้ยงสัตว์ ม.6 บ้านบ่อมะกัก,5 หมู่ 6 ต.ประดู่งาม อ.ศรีเทพ จ.เพชรบูรณ์,สำนักงานเกษตรจังหวัดเพชรบูรณ์,ประดู่งาม
741,2565,ศรีเทพ,วิสาหกิจชุมชนกลุ่มปลาตะเพียนขาว,41 หมู่ 20 ต.นาสนุ่น อ.ศรีเทพ จ.เพชรบูรณ์,สำนักงานเกษตรจังหวัดเพชรบูรณ์,นาสนุ่น
742,2565,ศรีเทพ,วิสาหกิจชุมชนกลุ่มเลี้ยงแพะแกะบ้านคลองดู่,43 หมู่ 11 ต.คลองกระจัง อ.ศรีเทพ จ.เพชรบูรณ์,สำนักงานเกษตรจังหวัดเพชรบูรณ์,คลองกระจัง
743,2565,ศรีเทพ,วิสาหกิจชุมชนกลุ่มเลี้ยงแพะบ้านด่านเจริญชัย,119 หมู่ 9 ต.หนองย่างทอย อ.ศรีเทพ จ.เพชรบูรณ์,สำนักงานเกษตรจังหวัดเพชรบูรณ์,หนองย่างทอย
744,2565,ศรีเทพ,วิสาหกิจชุมชนผู้ปลูกข้าว ม.5 ต.นาสนุ่น อ.ศรีเทพ,210 หมู่ 5 ต.นาสนุ่น อ.ศรีเทพ จ.เพชรบูรณ์,สำนักงานเกษตรจังหวัดเพชรบูรณ์,นาสนุ่น
745,2565,ศรีเทพ,วิสาหกิจชุมชนผู้ปลูกข้าว หนองบัวทอง ม.11 ต.นาสนุ่น อ.ศรีเทพ,127 หมู่ 11 ต.นาสนุ่น อ.ศรีเทพ จ.เพชรบูรณ์,สำนักงานเกษตรจังหวัดเพชรบูรณ์,นาสนุ่น
746,2565,ศรีเทพ,วิสาหกิจชุมชนศรีเทพออร์แกนิค,14/1 หมู่ 5 ต.ประดู่งาม อ.ศรีเทพ จ.เพชรบูรณ์,สำนักงานเกษตรจังหวัดเพชรบูรณ์,ประดู่งาม
747,2565,ศรีเทพ,วิสาหกิจชุมชนกลุ่มปลูกหญ้าเนเปียศรีเทพ อ.ศรีเทพ,22 หมู่ 9 ต.คลองกระจัง อ.ศรีเทพ จ.เพชรบูรณ์,สำนักงานเกษตรจังหวัดเพชรบูรณ์,คลองกระจัง
748,2565,ศรีเทพ,วิสาหกิจชุมชนกลุ่มผลิตและแปรรูป อ้อยคั้นน้ำ ศรีเทพ,339 หมู่ 2 ต.ศรีเทพ อ.ศรีเทพ จ.เพชรบูรณ์,สำนักงานเกษตรจังหวัดเพชรบูรณ์,ศรีเทพ
749,2565,ศรีเทพ,วิสาหกิจชุมชนแปรรูปปลาบ้านวังขอน ต.คลองกระจัง อ.ศรีเทพ,12 หมู่ 18 ต.คลองกระจัง อ.ศรีเทพ จ.เพชรบูรณ์,สำนักงานเกษตรจังหวัดเพชรบูรณ์,คลองกระจัง
750,2565,ศรีเทพ,วิสาหกิจชุมชนผู้เลี้ยงวัววังขอนเทิดพระเกียรติ,7 หมู่ 18 ต.คลองกระจัง อ.ศรีเทพ จ.เพชรบูรณ์,สำนักงานเกษตรจังหวัดเพชรบูรณ์,คลองกระจัง
751,2565,ศรีเทพ,วิสาหกิจชุมชนผู้เลี้ยงโคขุนบ้านนาสนุ่น,36 หมู่ 3 ต.นาสนุ่น อ.ศรีเทพ จ.เพชรบูรณ์,สำนักงานเกษตรจังหวัดเพชรบูรณ์,นาสนุ่น
752,2565,ศรีเทพ,วิสาหกิจชุมชนแปลงใหญ่ข้าวกลุ่มเกษตรกรทำนานาสนุ่น,99/9 หมู่ 7 ต.นาสนุ่น อ.ศรีเทพ จ.เพชรบูรณ์,สำนักงานเกษตรจังหวัดเพชรบูรณ์,นาสนุ่น
753,2565,ศรีเทพ,วิสาหกิจชุมชนธงทอง เศรษฐกิจพอเพียงด้านพลังงานทดแทน,12/1 หมู่ 5 ต.ประดู่งาม อ.ศรีเทพ จ.เพชรบูรณ์,สำนักงานเกษตรจังหวัดเพชรบูรณ์,ประดู่งาม
754,2565,ศรีเทพ,วิสาหกิจชุมชนกลุ่มส่งเสริมอาชีพแม่บ้าน หมู่ 15,406/6 หมู่ 15 ต.สระกรวด อ.ศรีเทพ จ.เพชรบูรณ์,สำนักงานเกษตรจังหวัดเพชรบูรณ์,สระกรวด
755,2565,ศรีเทพ,วิสาหกิจชุมชนกลุ่มเกษตรวิถีใหม่ผสมผสาน ต.หนองย่างทอย,46 หมู่ 12 ต.หนองย่างทอย อ.ศรีเทพ จ.เพชรบูรณ์,สำนักงานเกษตรจังหวัดเพชรบูรณ์,หนองย่างทอย
756,2565,ศรีเทพ,วิสาหกิจชุมชนนวัตกรรมไม้ไผ่ตำบลหนองย่างทอย,351 หมู่ 3 ต.หนองย่างทอย อ.ศรีเทพ จ.เพชรบูรณ์,สำนักงานเกษตรจังหวัดเพชรบูรณ์,หนองย่างทอย
757,2565,ศรีเทพ,วิสาหกิจชุมชนไผ่เพื่ออุตสาหกรรมตำบลหนองย่างทอย,97 หมู่ 8 ต.หนองย่างทอย อ.ศรีเทพ จ.เพชรบูรณ์,สำนักงานเกษตรจังหวัดเพชรบูรณ์,หนองย่างทอย
758,2565,ศรีเทพ,วิสาหกิจชุมชนไผ่เพื่ออุตสาหกรรมตำบลศรีเทพ,106 หมู่ 14 ต.ศรีเทพ อ.ศรีเทพ จ.เพชรบูรณ์,สำนักงานเกษตรจังหวัดเพชรบูรณ์,ศรีเทพ
759,2565,ศรีเทพ,วิสาหกิจชุมชนนวัตกรรมไม้ไผ่ตำบลศรีเทพ,198 หมู่ 13 ต.ศรีเทพ อ.ศรีเทพ จ.เพชรบูรณ์,สำนักงานเกษตรจังหวัดเพชรบูรณ์,ศรีเทพ
760,2565,ศรีเทพ,วิสาหกิจชุมชนพืชสมุนไพรศรีเทพ,63/1 หมู่ 3 ต.ศรีเทพ อ.ศรีเทพ จ.เพชรบูรณ์,สำนักงานเกษตรจังหวัดเพชรบูรณ์,ศรีเทพ
761,2565,ศรีเทพ,วิสาหกิจชุมชนบ้านถ่านโคกสะอาด21,88 หมู่ 6 ต.โคกสะอาด อ.ศรีเทพ จ.เพชรบูรณ์,สำนักงานเกษตรจังหวัดเพชรบูรณ์,โคกสะอาด
762,2565,ศรีเทพ,วิสาหกิจชุมชนท่องเที่ยวเชิงเกษตรวิถีชาวฟาร์ม,84 หมู่ 11 ต.สระกรวด อ.ศรีเทพ จ.เพชรบูรณ์,สำนักงานเกษตรจังหวัดเพชรบูรณ์,สระกรวด
763,2565,ศรีเทพ,วิสาหกิจชุมชนพืชมรดกสมุนไพรบ้านโนน,94 หมู่ 1 ต.สระกรวด อ.ศรีเทพ จ.เพชรบูรณ์,สำนักงานเกษตรจังหวัดเพชรบูรณ์,สระกรวด
764,2565,ศรีเทพ,วิสาหกิจชุมชนกลุ่มเลี้ยงไส้เดือนบ้านเนินละคร,21/1 หมู่ 12 ต.นาสนุ่น อ.ศรีเทพ จ.เพชรบูรณ์,สำนักงานเกษตรจังหวัดเพชรบูรณ์,นาสนุ่น
765,2565,ศรีเทพ,วิสาหกิจชุมชนพิทักษ์สมุนไพร,105 หมู่ 3 ต.โคกสะอาด อ.ศรีเทพ จ.เพชรบูรณ์,สำนักงานเกษตรจังหวัดเพชรบูรณ์,โคกสะอาด
766,2565,หนองไผ่,วิสาหกิจชุมชนการเพาะเห็ดโคนร่วมใจ,81 หมู่ 7 ต.วังท่าดี อ.หนองไผ่ จ.เพชรบูรณ์,สำนักงานเกษตรจังหวัดเพชรบูรณ์,วังท่าดี
767,2565,หนองไผ่,วิสาหกิจชุมชนแม่บ้านเกษตรกร(ผลิตถั่วเหลือง)ตำบลวังท่าดี,81 หมู่ 3 ต.วังท่าดี อ.หนองไผ่ จ.เพชรบูรณ์,สำนักงานเกษตรจังหวัดเพชรบูรณ์,วังท่าดี
768,2565,หนองไผ่,วิสาหกิจชุมชนกลุ่มพัฒนาสตรีบัววัฒนา,54 หมู่ 1 ต.บัววัฒนา อ.หนองไผ่ จ.เพชรบูรณ์,สำนักงานเกษตรจังหวัดเพชรบูรณ์,บัววัฒนา
769,2565,หนองไผ่,วิสาหกิจชุมชนกลุ่มผลิตเพื่อการเกษตรบ้านยางงาม,5 หมู่ 9 ต.ยางงาม อ.หนองไผ่ จ.เพชรบูรณ์,สำนักงานเกษตรจังหวัดเพชรบูรณ์,ยางงาม
770,2565,หนองไผ่,วิสาหกิจชุมชนกลุ่มปศุสัตว์ท่าสวาย ตำบลท่าแดง,218 หมู่ 15 ต.ท่าแดง อ.หนองไผ่ จ.เพชรบูรณ์,สำนักงานเกษตรจังหวัดเพชรบูรณ์,ท่าแดง
771,2565,หนองไผ่,วิสาหกิจชุมชนกลุ่มโคพูนทรัพย์ ตำบลวังโบสถ์,296 หมู่ 8 ต.วังโบสถ์ อ.หนองไผ่ จ.เพชรบูรณ์,สำนักงานเกษตรจังหวัดเพชรบูรณ์,วังโบสถ์
772,2565,หนองไผ่,วิสาหกิจชุมชนกลุ่มเกษตรพัฒนาบ้านวังประสาน,1 หมู่ 9 ต.วังโบสถ์ อ.หนองไผ่ จ.เพชรบูรณ์,สำนักงานเกษตรจังหวัดเพชรบูรณ์,วังโบสถ์
773,2565,หนองไผ่,วิสาหกิจชุมชนกลุ่มปศุสัตว์เพื่อการค้า,180 หมู่ 6 ต.วังโบสถ์ อ.หนองไผ่ จ.เพชรบูรณ์,สำนักงานเกษตรจังหวัดเพชรบูรณ์,วังโบสถ์
774,2565,หนองไผ่,วิสาหกิจชุมชนกลุ่มโคเนื้อขอนยางขวาง ตำบลวังท่าดี,76 หมู่ 1 ต.วังท่าดี อ.หนองไผ่ จ.เพชรบูรณ์,สำนักงานเกษตรจังหวัดเพชรบูรณ์,วังท่าดี
775,2565,หนองไผ่,วิสาหกิจชุมชนกลุ่มเกษตรกรผู้เลี้ยงสุกร หมู่ที่ 3,235/4 หมู่ 3 ต.ท่าแดง อ.หนองไผ่ จ.เพชรบูรณ์,สำนักงานเกษตรจังหวัดเพชรบูรณ์,ท่าแดง
776,2565,หนองไผ่,วิสาหกิจชุมชนกลุ่มเลี้ยงโคเนื้อบ้านตะกุดงาม หมู่ที่ 4,75 หมู่ 4 ต.วังโบสถ์ อ.หนองไผ่ จ.เพชรบูรณ์,สำนักงานเกษตรจังหวัดเพชรบูรณ์,วังโบสถ์
777,2565,หนองไผ่,วิสาหกิจชุมชนกลุ่มทรัพย์เจริญ,1 หมู่ 7 ต.บ้านโภชน์ อ.หนองไผ่ จ.เพชรบูรณ์,สำนักงานเกษตรจังหวัดเพชรบูรณ์,บ้านโภชน์
778,2565,หนองไผ่,วิสาหกิจชุมชนกลุ่มผลิตเพื่อการเกษตรบ้านด่านบุญธรรม,182 หมู่ 7 ต.ยางงาม อ.หนองไผ่ จ.เพชรบูรณ์,สำนักงานเกษตรจังหวัดเพชรบูรณ์,ยางงาม
779,2565,หนองไผ่,วิสาหกิจชุมชนกลุ่มเกษตรกรผู้เลี้ยงสัตว์บ้านไร่,26 หมู่ 5 ต.ท่าแดง อ.หนองไผ่ จ.เพชรบูรณ์,สำนักงานเกษตรจังหวัดเพชรบูรณ์,ท่าแดง
780,2565,หนองไผ่,วิสาหกิจชุมชนกลุ่มพัฒนาการเลี้ยงโคบ้านหนองม่วง,55 หมู่ 11 ต.ท่าแดง อ.หนองไผ่ จ.เพชรบูรณ์,สำนักงานเกษตรจังหวัดเพชรบูรณ์,ท่าแดง
781,2565,หนองไผ่,วิสาหกิจชุมชนกลุ่มผู้เลี้ยงสัตว์บ้านท่าเยี่ยม,3 หมู่ 4 ต.ท่าแดง อ.หนองไผ่ จ.เพชรบูรณ์,สำนักงานเกษตรจังหวัดเพชรบูรณ์,ท่าแดง
782,2565,หนองไผ่,วิสาหกิจชุมชนกลุ่มส่งเสริมผู้เลี้ยงสุกร,151 หมู่ 6 ต.ยางงาม อ.หนองไผ่ จ.เพชรบูรณ์,สำนักงานเกษตรจังหวัดเพชรบูรณ์,ยางงาม
783,2565,หนองไผ่,วิสาหกิจชุมชนกลุ่มเกษตรทำสวนมะขามหวานบ้านวังเหว,49 หมู่ 4 ต.ยางงาม อ.หนองไผ่ จ.เพชรบูรณ์,สำนักงานเกษตรจังหวัดเพชรบูรณ์,ยางงาม
784,2565,หนองไผ่,วิสาหกิจชุมชนกลุ่มดวงทอง ตำบลห้วยโป่ง,281 หมู่ 4 ต.ห้วยโป่ง อ.หนองไผ่ จ.เพชรบูรณ์,สำนักงานเกษตรจังหวัดเพชรบูรณ์,ห้วยโป่ง
785,2565,หนองไผ่,วิสาหกิจชุมชนกลุ่มไม้ผลสามัคคี,201 หมู่ 4 ต.ยางงาม อ.หนองไผ่ จ.เพชรบูรณ์,สำนักงานเกษตรจังหวัดเพชรบูรณ์,ยางงาม
786,2565,หนองไผ่,วิสาหกิจชุมชนกลุ่มผลิตมะม่วงคุณภาพเพื่อการส่งออกตำบลบ้านโภชน์,310 หมู่ 8 ต.บ้านโภชน์ อ.หนองไผ่ จ.เพชรบูรณ์,สำนักงานเกษตรจังหวัดเพชรบูรณ์,บ้านโภชน์
787,2565,หนองไผ่,วิสาหกิจชุมชนกลุ่มผู้ปลูกข้าวบ้านไผ่ขวาง ตำบลห้วยโป่ง,71 หมู่ 3 ต.ห้วยโป่ง อ.หนองไผ่ จ.เพชรบูรณ์,สำนักงานเกษตรจังหวัดเพชรบูรณ์,ห้วยโป่ง
788,2565,หนองไผ่,วิสาหกิจชุมชนกลุ่มผลิตเพื่อการเกษตร ม.2 ต.ห้วยโป่ง,154 หมู่ 2 ต.ห้วยโป่ง อ.หนองไผ่ จ.เพชรบูรณ์,สำนักงานเกษตรจังหวัดเพชรบูรณ์,ห้วยโป่ง
789,2565,หนองไผ่,วิสาหกิจชุมชนกลุ่มเกษตรกรพัฒนาทฤษฎีใหม่,44 หมู่ 10 ต.เพชรละคร อ.หนองไผ่ จ.เพชรบูรณ์,สำนักงานเกษตรจังหวัดเพชรบูรณ์,เพชรละคร
790,2565,หนองไผ่,วิสาหกิจชุมชนกลุ่มปลูกพืช บ.ลำตาเณร ต.บัววัฒนา,63 หมู่ 6 ต.บัววัฒนา อ.หนองไผ่ จ.เพชรบูรณ์,สำนักงานเกษตรจังหวัดเพชรบูรณ์,บัววัฒนา
791,2565,หนองไผ่,วิสาหกิจชุมชนกลุ่มผลิตปุ๋ยอินทรีย์-ชีวภาพเพื่อการเกษตรบ้านไร่เหนือ,42 หมู่ 2 ต.บัววัฒนา อ.หนองไผ่ จ.เพชรบูรณ์,สำนักงานเกษตรจังหวัดเพชรบูรณ์,บัววัฒนา
792,2565,หนองไผ่,วิสาหกิจชุมชนกลุ่มสหกิจชุมชน หมู่ที่ 8 ต.วังโบสถ์,287 หมู่ 8 ต.วังโบสถ์ อ.หนองไผ่ จ.เพชรบูรณ์,สำนักงานเกษตรจังหวัดเพชรบูรณ์,วังโบสถ์
793,2565,หนองไผ่,วิสาหกิจชุมชนกลุ่มคลองตาริน ต.วังโบสถ์,221 หมู่ 10 ต.วังโบสถ์ อ.หนองไผ่ จ.เพชรบูรณ์,สำนักงานเกษตรจังหวัดเพชรบูรณ์,วังโบสถ์
794,2565,หนองไผ่,วิสาหกิจชุมชนกลุ่มมีทรัพย์บ้านโคกสง่าเหนือ,172/1 หมู่ 10 ต.วังโบสถ์ อ.หนองไผ่ จ.เพชรบูรณ์,สำนักงานเกษตรจังหวัดเพชรบูรณ์,วังโบสถ์
795,2565,หนองไผ่,วิสาหกิจชุมชนกลุ่มออมทรัพย์เพื่อการผลิตบ้านไผ่ขวาง,117/1 หมู่ 3 ต.ห้วยโป่ง อ.หนองไผ่ จ.เพชรบูรณ์,สำนักงานเกษตรจังหวัดเพชรบูรณ์,ห้วยโป่ง
796,2565,หนองไผ่,วิสาหกิจชุมชนวิสาหกิจชุมชนกลุ่มเกษตรกรยั่งยืนบ้านเกษมสุข,285/1 หมู่ 8 ต.เพชรละคร อ.หนองไผ่ จ.เพชรบูรณ์,สำนักงานเกษตรจังหวัดเพชรบูรณ์,เพชรละคร
797,2565,หนองไผ่,วิสาหกิจชุมชนวิสาหกิจชุมชนกลุ่มบ้านหนองชุมแสง ต.ท่าแดง,226 หมู่ 12 ต.ท่าแดง อ.หนองไผ่ จ.เพชรบูรณ์,สำนักงานเกษตรจังหวัดเพชรบูรณ์,ท่าแดง
798,2565,หนองไผ่,วิสาหกิจชุมชนกลุ่มมะขามหวาน 2,76 หมู่ 4 ต.ยางงาม อ.หนองไผ่ จ.เพชรบูรณ์,สำนักงานเกษตรจังหวัดเพชรบูรณ์,ยางงาม
799,2565,หนองไผ่,วิสาหกิจชุมชนกลุ่มเกษตรกรรมธรรมชาติครบวงจรเริงสำราญพัฒนา,26 หมู่ 12 ต.เพชรละคร อ.หนองไผ่ จ.เพชรบูรณ์,สำนักงานเกษตรจังหวัดเพชรบูรณ์,เพชรละคร
800,2565,หนองไผ่,วิสาหกิจชุมชนกลุ่มส่งเสริมอาชีพการเกษตรด้านการผลิตผักตำบลท่าแดง,123/2 หมู่ 12 ต.ท่าแดง อ.หนองไผ่ จ.เพชรบูรณ์,สำนักงานเกษตรจังหวัดเพชรบูรณ์,ท่าแดง
801,2565,หนองไผ่,วิสาหกิจชุมชนกลุ่มการเพาะเห็ดโคนร่วมใจ 2,82 หมู่ 7 ต.วังท่าดี อ.หนองไผ่ จ.เพชรบูรณ์,สำนักงานเกษตรจังหวัดเพชรบูรณ์,วังท่าดี
802,2565,หนองไผ่,วิสาหกิจชุมชนกลุ่มเกษตรกรรมบ้านสระเกษ,207 หมู่ 6 ต.เพชรละคร อ.หนองไผ่ จ.เพชรบูรณ์,สำนักงานเกษตรจังหวัดเพชรบูรณ์,เพชรละคร
803,2565,หนองไผ่,วิสาหกิจชุมชนกลุ่มผู้ปลูกข้าวบ้านนาเฉลียง,87 หมู่ 6 ต.นาเฉลียง อ.หนองไผ่ จ.เพชรบูรณ์,สำนักงานเกษตรจังหวัดเพชรบูรณ์,นาเฉลียง
804,2565,หนองไผ่,วิสาหกิจชุมชนกลุ่มทานตะวันตำบลวังท่าดี,49 หมู่ 1 ต.วังท่าดี อ.หนองไผ่ จ.เพชรบูรณ์,สำนักงานเกษตรจังหวัดเพชรบูรณ์,วังท่าดี
805,2565,หนองไผ่,วิสาหกิจชุมชนโรงสีชุมชนบ้านวังชงโค ม.1 (อบต.กองทูล),28 หมู่ 1 ต.กองทูล อ.หนองไผ่ จ.เพชรบูรณ์,สำนักงานเกษตรจังหวัดเพชรบูรณ์,กองทูล
806,2565,หนองไผ่,วิสาหกิจชุมชนกลุ่มเลี้ยงโคเนื้อขุน,341 หมู่ 11 ต.ท่าแดง อ.หนองไผ่ จ.เพชรบูรณ์,สำนักงานเกษตรจังหวัดเพชรบูรณ์,ท่าแดง
807,2565,หนองไผ่,วิสาหกิจชุมชนกลุ่มเกษตรกรรุ่นใหม่ร่วมใจพัฒนาการเกษตร,246 หมู่ 8 ต.วังโบสถ์ อ.หนองไผ่ จ.เพชรบูรณ์,สำนักงานเกษตรจังหวัดเพชรบูรณ์,วังโบสถ์
808,2565,หนองไผ่,วิสาหกิจชุมชนกลุ่มเกษตรกรรมบ้านหนองบัวทอง,20 หมู่ 8 ต.กองทูล อ.หนองไผ่ จ.เพชรบูรณ์,สำนักงานเกษตรจังหวัดเพชรบูรณ์,กองทูล
809,2565,หนองไผ่,วิสาหกิจชุมชนกลุ่มสตรีสหกรณ์ บ้านบัววัฒนา,352 หมู่ 1 ต.บัววัฒนา อ.หนองไผ่ จ.เพชรบูรณ์,สำนักงานเกษตรจังหวัดเพชรบูรณ์,บัววัฒนา
810,2565,หนองไผ่,วิสาหกิจชุมชนกลุ่มผู้ปลูกยางพาราบ้านปางยาง ตำบลท่าด้วง,55 หมู่ 1 ต.ท่าด้วง อ.หนองไผ่ จ.เพชรบูรณ์,สำนักงานเกษตรจังหวัดเพชรบูรณ์,ท่าด้วง
811,2565,หนองไผ่,วิสาหกิจชุมชนกลุ่มเกษตรกรรม หมู่ที่ 3 ตำบลห้วยโป่ง,68 หมู่ 3 ต.ห้วยโป่ง อ.หนองไผ่ จ.เพชรบูรณ์,สำนักงานเกษตรจังหวัดเพชรบูรณ์,ห้วยโป่ง
812,2565,หนองไผ่,วิสาหกิจชุมชนกลุ่มร่วมใจพัฒนาอาชีพ,352 หมู่ 5 ต.บัววัฒนา อ.หนองไผ่ จ.เพชรบูรณ์,สำนักงานเกษตรจังหวัดเพชรบูรณ์,บัววัฒนา
813,2565,หนองไผ่,วิสาหกิจชุมชนชุมชนที่ ๖ ตำบลหนองไผ่,48 หมู่ 6 ต.หนองไผ่ อ.หนองไผ่ จ.เพชรบูรณ์,สำนักงานเกษตรจังหวัดเพชรบูรณ์,หนองไผ่
814,2565,หนองไผ่,วิสาหกิจชุมชนกลุ่มรวบรวมและแปรรูปผลผลิตการเกษตรบ้านเนินสวรรค์,423 หมู่ 11 ต.เพชรละคร อ.หนองไผ่ จ.เพชรบูรณ์,สำนักงานเกษตรจังหวัดเพชรบูรณ์,เพชรละคร
815,2565,หนองไผ่,วิสาหกิจชุมชนกลุ่มรวบรวมและแปรรูปผลผลิตการเกษตรบ้านไผ่ทอง,14 หมู่ 13 ต.เพชรละคร อ.หนองไผ่ จ.เพชรบูรณ์,สำนักงานเกษตรจังหวัดเพชรบูรณ์,เพชรละคร
816,2565,หนองไผ่,วิสาหกิจชุมชนกลุ่มรวบรวมและแปรรูปผลผลิตการเกษตรบ้านเพชรละคร,709 หมู่ 1 ต.เพชรละคร อ.หนองไผ่ จ.เพชรบูรณ์,สำนักงานเกษตรจังหวัดเพชรบูรณ์,เพชรละคร
817,2565,หนองไผ่,วิสาหกิจชุมชนกลุ่มรวบรวมและแปรรูปผลผลิตการเกษตรบ้านซับตะเคียนทอง,9 หมู่ 9 ต.เพชรละคร อ.หนองไผ่ จ.เพชรบูรณ์,สำนักงานเกษตรจังหวัดเพชรบูรณ์,เพชรละคร
818,2565,หนองไผ่,วิสาหกิจชุมชนกลุ่มรวบรวมและแปรรูปผลผลิตการเกษตรบ้านเนินมะค่า,631 หมู่ 2 ต.เพชรละคร อ.หนองไผ่ จ.เพชรบูรณ์,สำนักงานเกษตรจังหวัดเพชรบูรณ์,เพชรละคร
819,2565,หนองไผ่,วิสาหกิจชุมชนกลุ่มรวบรวมและแปรรูปผลผลิตการเกษตรบ้านท่าเสาตะวันออก,8 หมู่ 7 ต.เพชรละคร อ.หนองไผ่ จ.เพชรบูรณ์,สำนักงานเกษตรจังหวัดเพชรบูรณ์,เพชรละคร
820,2565,หนองไผ่,วิสาหกิจชุมชนกลุ่มรวบรวมและแปรรูปผลผลิตการเกษตรบ้านท่าเสาตะวันตก,323/1 หมู่ 5 ต.เพชรละคร อ.หนองไผ่ จ.เพชรบูรณ์,สำนักงานเกษตรจังหวัดเพชรบูรณ์,เพชรละคร
821,2565,หนองไผ่,วิสาหกิจชุมชนกลุ่มรวบรวมและแปรรูปผลผลิตการเกษตรบ้านลำลวงใต้,84/1 หมู่ 4 ต.เพชรละคร อ.หนองไผ่ จ.เพชรบูรณ์,สำนักงานเกษตรจังหวัดเพชรบูรณ์,เพชรละคร
822,2565,หนองไผ่,เครือข่ายวิสาหกิจชุมชนกลุ่มสถาบันการเงินชุมชนตำบลเพชรละคร,100 หมู่ 13 ต.เพชรละคร อ.หนองไผ่ จ.เพชรบูรณ์,สำนักงานเกษตรจังหวัดเพชรบูรณ์,เพชรละคร
823,2565,หนองไผ่,วิสาหกิจชุมชนกลุ่มรวบรวมและแปรรูปผลผลิตการเกษตร หมู่ที่ 4 บ้านลำพาด,147/4 หมู่ 4 ต.วังท่าดี อ.หนองไผ่ จ.เพชรบูรณ์,สำนักงานเกษตรจังหวัดเพชรบูรณ์,วังท่าดี
824,2565,หนองไผ่,วิสาหกิจชุมชนกลุ่มรวบรวมและแปรรูปผลผลิตการเกษตร หมู่ที่ 9 ต.วังท่าดี,464 หมู่ 9 ต.วังท่าดี อ.หนองไผ่ จ.เพชรบูรณ์,สำนักงานเกษตรจังหวัดเพชรบูรณ์,วังท่าดี
825,2565,หนองไผ่,วิสาหกิจชุมชนกลุ่มท่องเที่ยวอ่างเก็บน้ำคลองลำกง ต.วังท่าดี,76 หมู่ 3 ต.วังท่าดี อ.หนองไผ่ จ.เพชรบูรณ์,สำนักงานเกษตรจังหวัดเพชรบูรณ์,วังท่าดี
826,2565,หนองไผ่,เครือข่ายวิสาหกิจชุมชนสถาบันการเงินชุมชน ตำบลวังท่าดี,100 หมู่ 1 ต.วังท่าดี อ.หนองไผ่ จ.เพชรบูรณ์,สำนักงานเกษตรจังหวัดเพชรบูรณ์,วังท่าดี
827,2565,หนองไผ่,วิสาหกิจชุมชนกลุ่มรวบรวมและแปรรูปผลผลิตการเกษตรบ้านโพธิ์เงิน,8/1 หมู่ 15 ต.ท่าแดง อ.หนองไผ่ จ.เพชรบูรณ์,สำนักงานเกษตรจังหวัดเพชรบูรณ์,ท่าแดง
828,2565,หนองไผ่,วิสาหกิจชุมชนกลุ่มรวบรวมและแปรรูปผลผลิตการเกษตรบ้านเนินคนธา,11 หมู่ 8 ต.ท่าแดง อ.หนองไผ่ จ.เพชรบูรณ์,สำนักงานเกษตรจังหวัดเพชรบูรณ์,ท่าแดง
829,2565,หนองไผ่,วิสาหกิจชุมชนกลุ่มรวบรวมและแปรรูปผลผลิตการเกษตรบ้านเนินสะเดา,120 หมู่ 9 ต.ท่าแดง อ.หนองไผ่ จ.เพชรบูรณ์,สำนักงานเกษตรจังหวัดเพชรบูรณ์,ท่าแดง
830,2565,หนองไผ่,วิสาหกิจชุมชนกลุ่มรวบรวมและแปรรูปผลผลิตการเกษตรบ้านหนองม่วง,35 หมู่ 11 ต.ท่าแดง อ.หนองไผ่ จ.เพชรบูรณ์,สำนักงานเกษตรจังหวัดเพชรบูรณ์,ท่าแดง
831,2565,หนองไผ่,วิสาหกิจชุมชนกลุ่มรวบรวมและแปรรูปผลผลิตการเกษตรบ้านนาทุ่ง,2 หมู่ 6 ต.ท่าแดง อ.หนองไผ่ จ.เพชรบูรณ์,สำนักงานเกษตรจังหวัดเพชรบูรณ์,ท่าแดง
832,2565,หนองไผ่,วิสาหกิจชุมชนกลุ่มรวบรวมและแปรรูปผลผลิตการเกษตรบ้านท่าสวาย,111 หมู่ 2 ต.ท่าแดง อ.หนองไผ่ จ.เพชรบูรณ์,สำนักงานเกษตรจังหวัดเพชรบูรณ์,ท่าแดง
833,2565,หนองไผ่,เครือข่ายวิสาหกิจชุมชนกลุ่มรวบรวมและแปรรูปผลผลิตการเกษตรสถาบันการเงินชุมชนตำบลท่าด้วง,345 หมู่ 8 ต.ท่าด้วง อ.หนองไผ่ จ.เพชรบูรณ์,สำนักงานเกษตรจังหวัดเพชรบูรณ์,ท่าด้วง
834,2565,หนองไผ่,เครือข่ายวิสาหกิจชุมชนสถาบันการเงินชุมชนตำบลท่าแดง,333 หมู่ 7 ต.ท่าแดง อ.หนองไผ่ จ.เพชรบูรณ์,สำนักงานเกษตรจังหวัดเพชรบูรณ์,ท่าแดง
835,2565,หนองไผ่,วิสาหกิจชุมชนกลุ่มรวบรวมและแปรรูปผลผลิตการเกษตรบ้านซับตะเคียนทอง 2,98 หมู่ 9 ต.เพชรละคร อ.หนองไผ่ จ.เพชรบูรณ์,สำนักงานเกษตรจังหวัดเพชรบูรณ์,เพชรละคร
836,2565,หนองไผ่,เครือข่ายวิสาหกิจชุมชนสถาบันการเงินชุมชน ธกส.สาขาท่าแดง,218/6 หมู่ 12 ต.ท่าแดง อ.หนองไผ่ จ.เพชรบูรณ์,สำนักงานเกษตรจังหวัดเพชรบูรณ์,ท่าแดง
837,2565,หนองไผ่,วิสาหกิจชุมชนกลุ่มเกษตรกรบ้านคลองศรีเทพ ม.8,153 หมู่ 8 ต.หนองไผ่ อ.หนองไผ่ จ.เพชรบูรณ์,สำนักงานเกษตรจังหวัดเพชรบูรณ์,หนองไผ่
838,2565,หนองไผ่,วิสาหกิจชุมชนกลุ่มเกษตรอินทรีย์ ม.3 ต.กองทูล,129/1 หมู่ 3 ต.กองทูล อ.หนองไผ่ จ.เพชรบูรณ์,สำนักงานเกษตรจังหวัดเพชรบูรณ์,กองทูล
839,2565,หนองไผ่,วิสาหกิจชุมชนสหกิจผู้เลี้ยงแพะอำเภอหนองไผ่,80/1 หมู่ 3 ต.วังโบสถ์ อ.หนองไผ่ จ.เพชรบูรณ์,สำนักงานเกษตรจังหวัดเพชรบูรณ์,วังโบสถ์
840,2565,หนองไผ่,วิสาหกิจชุมชนกองทุนปุ๋ยอินทรีย์ชีวภาพอัดเม็ดกลุ่มเกษตรกรสร้างฝัน ม.4 บ้านเฉลียงทอง ต. ท่าด้วง,222 หมู่ 4 ต.ท่าด้วง อ.หนองไผ่ จ.เพชรบูรณ์,สำนักงานเกษตรจังหวัดเพชรบูรณ์,ท่าด้วง
841,2565,หนองไผ่,วิสาหกิจชุมชนกลุ่มผู้เลี้ยงไก่งวง บ้านปางยาง,102/1 หมู่ 1 ต.ท่าด้วง อ.หนองไผ่ จ.เพชรบูรณ์,สำนักงานเกษตรจังหวัดเพชรบูรณ์,ท่าด้วง
842,2565,หนองไผ่,วิสาหกิจชุมชนเกษตรบ้านนาเฉลียง,131 หมู่ 3 ต.นาเฉลียง อ.หนองไผ่ จ.เพชรบูรณ์,สำนักงานเกษตรจังหวัดเพชรบูรณ์,นาเฉลียง
843,2565,หนองไผ่,วิสาหกิจชุมชนกลุ่มโคเนื้อตำบลบ้านโภชน์,353 หมู่ 1 ต.บ้านโภชน์ อ.หนองไผ่ จ.เพชรบูรณ์,สำนักงานเกษตรจังหวัดเพชรบูรณ์,บ้านโภชน์
844,2565,หนองไผ่,วิสาหกิจชุมชนกลุ่มโคเนื้อตำบลวังโบสถ์,115 หมู่ 8 ต.วังโบสถ์ อ.หนองไผ่ จ.เพชรบูรณ์,สำนักงานเกษตรจังหวัดเพชรบูรณ์,วังโบสถ์
845,2565,หนองไผ่,วิสาหกิจชุมชนกลุ่มเลี้ยงโคเนื้อบ้านซับตะเคียนทอง ตำบลเพชรละคร,29/1 หมู่ 9 ต.เพชรละคร อ.หนองไผ่ จ.เพชรบูรณ์,สำนักงานเกษตรจังหวัดเพชรบูรณ์,เพชรละคร
846,2565,หนองไผ่,วิสาหกิจชุมชนร้านค้าชุมชนบ้านนาประดู่,222 หมู่ 9 ต.วังท่าดี อ.หนองไผ่ จ.เพชรบูรณ์,สำนักงานเกษตรจังหวัดเพชรบูรณ์,วังท่าดี
847,2565,หนองไผ่,วิสาหกิจชุมชนบ้านพรประเสริฐ,191 หมู่ 12 ต.หนองไผ่ อ.หนองไผ่ จ.เพชรบูรณ์,สำนักงานเกษตรจังหวัดเพชรบูรณ์,หนองไผ่
848,2565,หนองไผ่,วิสาหกิจชุมชนบ้านใหม่สามัคคี หมู่ที่ 4,83/2 หมู่ 4 ต.ห้วยโป่ง อ.หนองไผ่ จ.เพชรบูรณ์,สำนักงานเกษตรจังหวัดเพชรบูรณ์,ห้วยโป่ง
849,2565,หนองไผ่,วิสาหกิจชุมชนกลุ่มผลิตเครื่องนอนเพื่อสุขภาพบ้านกลาง ตำบลวังท่าดี,1 หมู่ 3 ต.วังท่าดี อ.หนองไผ่ จ.เพชรบูรณ์,สำนักงานเกษตรจังหวัดเพชรบูรณ์,วังท่าดี
850,2565,หนองไผ่,วิสาหกิจชุมชนยางพารา อ.หนองไผ่,54 หมู่ 11 ต.ท่าแดง อ.หนองไผ่ จ.เพชรบูรณ์,สำนักงานเกษตรจังหวัดเพชรบูรณ์,ท่าแดง
851,2565,หนองไผ่,วิสาหกิจชุมชนSmart farmer อ.หนองไผ่ จ.เพชรบูรณ์,71 หมู่ 8 ต.กองทูล อ.หนองไผ่ จ.เพชรบูรณ์,สำนักงานเกษตรจังหวัดเพชรบูรณ์,กองทูล
852,2565,หนองไผ่,วิสาหกิจชุมชนเกษตรพอเพียงบ้านคลองศรีเทพ,7 หมู่ 8 ต.หนองไผ่ อ.หนองไผ่ จ.เพชรบูรณ์,สำนักงานเกษตรจังหวัดเพชรบูรณ์,หนองไผ่
853,2565,หนองไผ่,วิสาหกิจชุมชนกลุ่มเลี้ยงสุกรบ้านนาประดู่ หมู่ที่ 9,3/3 หมู่ 9 ต.วังท่าดี อ.หนองไผ่ จ.เพชรบูรณ์,สำนักงานเกษตรจังหวัดเพชรบูรณ์,วังท่าดี
854,2565,หนองไผ่,วิสาหกิจชุมชนกลุ่มเลี้ยงสัตว์บ้านใหม่สามัคคี,265/1 หมู่ 4 ต.ห้วยโป่ง อ.หนองไผ่ จ.เพชรบูรณ์,สำนักงานเกษตรจังหวัดเพชรบูรณ์,ห้วยโป่ง
855,2565,หนองไผ่,วิสาหกิจชุมชนกลุ่มแปลงใหญ่ถั่วเขียวตำบลท่าแดง,123 หมู่ 5 ต.ท่าแดง อ.หนองไผ่ จ.เพชรบูรณ์,สำนักงานเกษตรจังหวัดเพชรบูรณ์,ท่าแดง
856,2565,หนองไผ่,วิสาหกิจชุมชนกลุ่มปลาแปรรูปบ้านลำพาด,312 หมู่ 4 ต.วังท่าดี อ.หนองไผ่ จ.เพชรบูรณ์,สำนักงานเกษตรจังหวัดเพชรบูรณ์,วังท่าดี
857,2565,หนองไผ่,วิสาหกิจชุมชนกลุ่มทอผ้าบ้านโคกกลาง,476 หมู่ 7 ต.วังท่าดี อ.หนองไผ่ จ.เพชรบูรณ์,สำนักงานเกษตรจังหวัดเพชรบูรณ์,วังท่าดี
858,2565,หนองไผ่,วิสาหกิจชุมชนกลุ่มเกษตรกรผู้เลี้ยงสัตว์บ้านท่าเสาตะวันออก,94 หมู่ 7 ต.เพชรละคร อ.หนองไผ่ จ.เพชรบูรณ์,สำนักงานเกษตรจังหวัดเพชรบูรณ์,เพชรละคร
859,2565,หนองไผ่,วิสาหกิจชุมชนกลุ่มนวัตกรรมวิถีชุมชนตำบลวังท่าดี,100 หมู่ 1 ต.วังท่าดี อ.หนองไผ่ จ.เพชรบูรณ์,สำนักงานเกษตรจังหวัดเพชรบูรณ์,วังท่าดี
860,2565,หนองไผ่,วิสาหกิจชุมชนกลุ่มตัดเย็บผ้าห่มบ้านโนนสีทอง,388 หมู่ 3 ต.บ่อไทย อ.หนองไผ่ จ.เพชรบูรณ์,สำนักงานเกษตรจังหวัดเพชรบูรณ์,บ่อไทย
861,2565,หนองไผ่,วิสาหกิจชุมชนนาแปลงใหญ่ตำบลวังท่าดี,38 หมู่ 3 ต.วังท่าดี อ.หนองไผ่ จ.เพชรบูรณ์,สำนักงานเกษตรจังหวัดเพชรบูรณ์,วังท่าดี
862,2565,หนองไผ่,วิสาหกิจชุมชนแปลงใหญ่ถั่วเขียวสหกรณ์การเกษตรหนองไผ่จำกัด ตำบลกองทูล,40/2 หมู่ 1 ต.กองทูล อ.หนองไผ่ จ.เพชรบูรณ์,สำนักงานเกษตรจังหวัดเพชรบูรณ์,กองทูล
863,2565,หนองไผ่,วิสาหกิจชุมชนกลุ่มเกษตรกรมันสำปะหลัง หมู่ 8 ตำบลท่าแดง,62/4 หมู่ 4 ต.วังท่าดี อ.หนองไผ่ จ.เพชรบูรณ์,สำนักงานเกษตรจังหวัดเพชรบูรณ์,วังท่าดี
864,2565,หนองไผ่,วิสาหกิจชุมชนกลุ่มผู้เลี้ยงสุกรโคกสระแก้ว,90 หมู่ 10 ต.ท่าแดง อ.หนองไผ่ จ.เพชรบูรณ์,สำนักงานเกษตรจังหวัดเพชรบูรณ์,ท่าแดง
865,2565,หนองไผ่,วิสาหกิจชุมชนไม้ผลและพืชสมุนไพร,27 หมู่ 6 ต.ยางงาม อ.หนองไผ่ จ.เพชรบูรณ์,สำนักงานเกษตรจังหวัดเพชรบูรณ์,ยางงาม
866,2565,หนองไผ่,วิสาหกิจชุมชนเกษตรพันธุ์ใหม่บ้านโคกสูง,142 หมู่ 7 ต.ท่าแดง อ.หนองไผ่ จ.เพชรบูรณ์,สำนักงานเกษตรจังหวัดเพชรบูรณ์,ท่าแดง
867,2565,หนองไผ่,วิสาหกิจชุมชนเกษตรพอเพียงบ้านไร่ หมู่ 8,3 หมู่ 8 ต.หนองไผ่ อ.หนองไผ่ จ.เพชรบูรณ์,สำนักงานเกษตรจังหวัดเพชรบูรณ์,หนองไผ่
868,2565,หนองไผ่,วิสาหกิจชุมชนเกษตรพัฒนาตำบลบ่อไทย,64 หมู่ 12 ต.บ่อไทย อ.หนองไผ่ จ.เพชรบูรณ์,สำนักงานเกษตรจังหวัดเพชรบูรณ์,บ่อไทย
869,2565,หนองไผ่,วิสาหกิจชุมชนกลุ่มปลูกมะม่วงและเกษตรผสมผสาน,180 หมู่ 8 ต.วังท่าดี อ.หนองไผ่ จ.เพชรบูรณ์,สำนักงานเกษตรจังหวัดเพชรบูรณ์,วังท่าดี
870,2565,หนองไผ่,วิสาหกิจชุมชนเพื่อนใจคุ้มร่วมเจริญเกษตรปลูกกล้วย,239 หมู่ 3 ต.นาเฉลียง อ.หนองไผ่ จ.เพชรบูรณ์,สำนักงานเกษตรจังหวัดเพชรบูรณ์,นาเฉลียง
871,2565,หนองไผ่,วิสาหกิจชุมชนผู้ปลูกหอมกระเทียมและสมุนไพรตำบลกองทูล,6 หมู่ 4 ต.กองทูล อ.หนองไผ่ จ.เพชรบูรณ์,สำนักงานเกษตรจังหวัดเพชรบูรณ์,กองทูล
872,2565,หนองไผ่,วิสาหกิจชุมชนรวมใจพัฒนาเกษตรยั่งยืน หมู่ 7 หนองไผ่,399 หมู่ 7 ต.หนองไผ่ อ.หนองไผ่ จ.เพชรบูรณ์,สำนักงานเกษตรจังหวัดเพชรบูรณ์,หนองไผ่
873,2565,หนองไผ่,วิสาหกิจชุมชนตำบลวังโบสถ์เพื่อการเกษตรเชิงพานิชย์,72 หมู่ 10 ต.วังโบสถ์ อ.หนองไผ่ จ.เพชรบูรณ์,สำนักงานเกษตรจังหวัดเพชรบูรณ์,วังโบสถ์
874,2565,หนองไผ่,วิสาหกิจชุมชนพืชสมุนไพรเพื่อการแพทย์นาเฉลียง,99 หมู่ 9 ต.นาเฉลียง อ.หนองไผ่ จ.เพชรบูรณ์,สำนักงานเกษตรจังหวัดเพชรบูรณ์,นาเฉลียง
875,2565,หนองไผ่,วิสาหกิจชุมชนมหาชน วัลเลย์,123 หมู่ 7 ต.ยางงาม อ.หนองไผ่ จ.เพชรบูรณ์,สำนักงานเกษตรจังหวัดเพชรบูรณ์,ยางงาม
876,2565,หนองไผ่,วิสาหกิจชุมชนรุ่งเรืองพัฒนา,185 หมู่ 5 ต.เพชรละคร อ.หนองไผ่ จ.เพชรบูรณ์,สำนักงานเกษตรจังหวัดเพชรบูรณ์,เพชรละคร
877,2565,หนองไผ่,วิสาหกิจชุมชนกลุ่มผลิตปุ๋ยมูลสัตว์อัดเม็ดออร์แกนิค หนองไผ่,39 หมู่ 3 ต.กองทูล อ.หนองไผ่ จ.เพชรบูรณ์,สำนักงานเกษตรจังหวัดเพชรบูรณ์,กองทูล
878,2565,หนองไผ่,วิสาหกิจชุมชนบ้านห้วยน้ำบ่อ,320/1 หมู่ 8 ต.นาเฉลียง อ.หนองไผ่ จ.เพชรบูรณ์,สำนักงานเกษตรจังหวัดเพชรบูรณ์,นาเฉลียง
879,2565,หนองไผ่,วิสาหกิจชุมชนกลุ่มแกะสลักเขาสัตว์,256 หมู่ 14 ต.เพชรละคร อ.หนองไผ่ จ.เพชรบูรณ์,สำนักงานเกษตรจังหวัดเพชรบูรณ์,เพชรละคร
880,2565,หนองไผ่,วิสาหกิจชุมชนแสนดีพัฒนาแปรรูปผลิตภัณฑ์พืชผักผลไม้และสมุนไพร,506 หมู่ 8 ต.นาเฉลียง อ.หนองไผ่ จ.เพชรบูรณ์,สำนักงานเกษตรจังหวัดเพชรบูรณ์,นาเฉลียง
881,2565,หนองไผ่,วิสาหกิจชุมชนอินทผลัมเพาะเลี้ยงเนื่อเยื่ออำเภอหนองไผ่,235 หมู่ 1 ต.นาเฉลียง อ.หนองไผ่ จ.เพชรบูรณ์,สำนักงานเกษตรจังหวัดเพชรบูรณ์,นาเฉลียง
882,2565,หนองไผ่,วิสาหกิจชุมชนเลี้ยงวัวบ้านนาประดู่,3 หมู่ 9 ต.วังท่าดี อ.หนองไผ่ จ.เพชรบูรณ์,สำนักงานเกษตรจังหวัดเพชรบูรณ์,วังท่าดี
883,2565,บึงสามพัน,วิสาหกิจชุมชนทองม้วนทองมณี,184 หมู่ 9 ต.ซับไม้แดง อ.บึงสามพัน จ.เพชรบูรณ์,สำนักงานเกษตรจังหวัดเพชรบูรณ์,ซับไม้แดง
884,2565,บึงสามพัน,วิสาหกิจชุมชนกลุ่มผู้เลี้ยงโคขุนบ้านซับไทร,334 หมู่ 5 ต.สระแก้ว อ.บึงสามพัน จ.เพชรบูรณ์,สำนักงานเกษตรจังหวัดเพชรบูรณ์,สระแก้ว
885,2565,บึงสามพัน,วิสาหกิจชุมชนเลี้ยงวัวเสริมรายได้,230 หมู่ 3 ต.พญาวัง อ.บึงสามพัน จ.เพชรบูรณ์,สำนักงานเกษตรจังหวัดเพชรบูรณ์,พญาวัง
886,2565,บึงสามพัน,วิสาหกิจชุมชนกลุ่มเกษตรกรนำร่อง,15 หมู่ 3 ต.พญาวัง อ.บึงสามพัน จ.เพชรบูรณ์,สำนักงานเกษตรจังหวัดเพชรบูรณ์,พญาวัง
887,2565,บึงสามพัน,วิสาหกิจชุมชนเลี้ยงโคเนื้อบ้านลำพื้นทอง,79 หมู่ 9 ต.หนองแจง อ.บึงสามพัน จ.เพชรบูรณ์,สำนักงานเกษตรจังหวัดเพชรบูรณ์,หนองแจง
888,2565,บึงสามพัน,วิสาหกิจชุมชนกลุ่มผลิตปุ๋ยอินทรีย์ชีวภาพบ้านลำตะคร้อ,499 หมู่ 4 ต.กันจุ อ.บึงสามพัน จ.เพชรบูรณ์,สำนักงานเกษตรจังหวัดเพชรบูรณ์,กันจุ
889,2565,บึงสามพัน,วิสาหกิจชุมชนเกษตรกรผู้ผลิตและผู้ใช้ปุ๋ยอินทรีย์ปั้นเม็ด,40 หมู่ 3 ต.วังพิกุล อ.บึงสามพัน จ.เพชรบูรณ์,สำนักงานเกษตรจังหวัดเพชรบูรณ์,วังพิกุล
890,2565,บึงสามพัน,วิสาหกิจชุมชนผู้ผลิตเมล็ดพันธุ์พืชบ้านหนองแดง,30/1 หมู่ 12 ต.กันจุ อ.บึงสามพัน จ.เพชรบูรณ์,สำนักงานเกษตรจังหวัดเพชรบูรณ์,กันจุ
891,2565,บึงสามพัน,วิสาหกิจชุมชนกลุ่มตัดเย็บเสื้อผ้าสตรี หมู่ที่ 1 ออมทรัพย์,45 หมู่ 1 ต.หนองแจง อ.บึงสามพัน จ.เพชรบูรณ์,สำนักงานเกษตรจังหวัดเพชรบูรณ์,หนองแจง
892,2565,บึงสามพัน,วิสาหกิจชุมชนผลิตพืชบ้านโปร่งสวอง,93/1 หมู่ 8 ต.ศรีมงคล อ.บึงสามพัน จ.เพชรบูรณ์,สำนักงานเกษตรจังหวัดเพชรบูรณ์,ศรีมงคล
893,2565,บึงสามพัน,วิสาหกิจชุมชนกลุ่มเพชรป่าสัก,27 หมู่ 17 ต.หนองแจง อ.บึงสามพัน จ.เพชรบูรณ์,สำนักงานเกษตรจังหวัดเพชรบูรณ์,หนองแจง
894,2565,บึงสามพัน,วิสาหกิจชุมชนกลุ่มผู้ผลิตมะม่วงคุณภาพ อำเภอบึงสามพัน,278 หมู่ 10 ต.หนองแจง อ.บึงสามพัน จ.เพชรบูรณ์,สำนักงานเกษตรจังหวัดเพชรบูรณ์,หนองแจง
895,2565,บึงสามพัน,วิสาหกิจชุมชนกลุ่มเย็บจักรบ้านหนองชุมแสงเหนือ 1,39 หมู่ 14 ต.หนองแจง อ.บึงสามพัน จ.เพชรบูรณ์,สำนักงานเกษตรจังหวัดเพชรบูรณ์,หนองแจง
896,2565,บึงสามพัน,วิสาหกิจชุมชนตัดเย็บเสื้อผ้านักเรียนสำเร็จรูป (กลุ่มออมทรัพย์),5/1 หมู่ 7 ต.หนองแจง อ.บึงสามพัน จ.เพชรบูรณ์,สำนักงานเกษตรจังหวัดเพชรบูรณ์,หนองแจง
897,2565,บึงสามพัน,เครือข่ายวิสาหกิจชุมชนเกษตรพัฒนาตำบลหนองแจง,111 หมู่ 7 ต.หนองแจง อ.บึงสามพัน จ.เพชรบูรณ์,สำนักงานเกษตรจังหวัดเพชรบูรณ์,หนองแจง
898,2565,บึงสามพัน,วิสาหกิจชุมชนเกษตรพัฒนาบ้านหินดาดน้อย,32 หมู่ 6 ต.ซับสมอทอด อ.บึงสามพัน จ.เพชรบูรณ์,สำนักงานเกษตรจังหวัดเพชรบูรณ์,ซับสมอทอด
899,2565,บึงสามพัน,วิสาหกิจชุมชนบ้านยางสาว,30/1 หมู่ 3 ต.ศรีมงคล อ.บึงสามพัน จ.เพชรบูรณ์,สำนักงานเกษตรจังหวัดเพชรบูรณ์,ศรีมงคล
900,2565,บึงสามพัน,วิสาหกิจชุมชนกลุ่มเลี้ยงโคเนื้อหนองแจง(ฝั่งตะวันตก),30/1 หมู่ 16 ต.หนองแจง อ.บึงสามพัน จ.เพชรบูรณ์,สำนักงานเกษตรจังหวัดเพชรบูรณ์,หนองแจง
901,2565,บึงสามพัน,วิสาหกิจชุมชนผู้เลี้ยงโคเนื้อบ้านยางสาว หมู่ 3,2/2 หมู่ 3 ต.ศรีมงคล อ.บึงสามพัน จ.เพชรบูรณ์,สำนักงานเกษตรจังหวัดเพชรบูรณ์,ศรีมงคล
902,2565,บึงสามพัน,วิสาหกิจชุมชนกลุ่มโคขุนบ้านหนองแจง หมู่ที่ 6 ตำบลหนองแจง,22 หมู่ 6 ต.หนองแจง อ.บึงสามพัน จ.เพชรบูรณ์,สำนักงานเกษตรจังหวัดเพชรบูรณ์,หนองแจง
903,2565,บึงสามพัน,วิสาหกิจชุมชนโคเนื้อบ้านวังปลานอก,94 หมู่ 11 ต.พญาวัง อ.บึงสามพัน จ.เพชรบูรณ์,สำนักงานเกษตรจังหวัดเพชรบูรณ์,พญาวัง
904,2565,บึงสามพัน,วิสาหกิจชุมชนสมาชิกกลุ่มดาวอินคาและพัฒนาอาชีพบ้านซับไทร,102 หมู่ 5 ต.สระแก้ว อ.บึงสามพัน จ.เพชรบูรณ์,สำนักงานเกษตรจังหวัดเพชรบูรณ์,สระแก้ว
905,2565,บึงสามพัน,วิสาหกิจชุมชนฟาร์มเห็ดรักรวยหกพี่น้องซับไม้แดง,290 หมู่ 2 ต.ซับไม้แดง อ.บึงสามพัน จ.เพชรบูรณ์,สำนักงานเกษตรจังหวัดเพชรบูรณ์,ซับไม้แดง
906,2565,บึงสามพัน,วิสาหกิจชุมชนกลุ่มเลี้ยงโคเนื้อบ้านเขากะลา 59,6/2 หมู่ 6 ต.ศรีมงคล อ.บึงสามพัน จ.เพชรบูรณ์,สำนักงานเกษตรจังหวัดเพชรบูรณ์,ศรีมงคล
907,2565,บึงสามพัน,วิสาหกิจชุมชนกลุ่มเลี้ยงโคเนื้อบ้านอู่เรือ,100 หมู่ 12 ต.หนองแจง อ.บึงสามพัน จ.เพชรบูรณ์,สำนักงานเกษตรจังหวัดเพชรบูรณ์,หนองแจง
908,2565,บึงสามพัน,วิสาหกิจชุมชนกลุ่มเลี้ยงโคเนื้อบ้านยางสาวปี 2559,44 หมู่ 3 ต.ศรีมงคล อ.บึงสามพัน จ.เพชรบูรณ์,สำนักงานเกษตรจังหวัดเพชรบูรณ์,ศรีมงคล
909,2565,บึงสามพัน,วิสาหกิจชุมชนผู้เลี้ยงโคขุนบ้านซับสำราญ,136 หมู่ 2 ต.พญาวัง อ.บึงสามพัน จ.เพชรบูรณ์,สำนักงานเกษตรจังหวัดเพชรบูรณ์,พญาวัง
910,2565,บึงสามพัน,วิสาหกิจชุมชนกลุ่มเลี้ยงโคขุนบ้านเขากะลา2018,348 หมู่ 6 ต.ศรีมงคล อ.บึงสามพัน จ.เพชรบูรณ์,สำนักงานเกษตรจังหวัดเพชรบูรณ์,ศรีมงคล
911,2565,บึงสามพัน,วิสาหกิจชุมชนโคขุนบ้านเนินยางงาม,264 หมู่ 14 ต.วังพิกุล อ.บึงสามพัน จ.เพชรบูรณ์,สำนักงานเกษตรจังหวัดเพชรบูรณ์,วังพิกุล
912,2565,บึงสามพัน,วิสาหกิจชุมชนธนาคารต้นไม้บ้านซับบอน,341/1 หมู่ 7 ต.กันจุ อ.บึงสามพัน จ.เพชรบูรณ์,สำนักงานเกษตรจังหวัดเพชรบูรณ์,กันจุ
913,2565,บึงสามพัน,วิสาหกิจชุมชนแปรรูปมะขามเพิ่มทรัพย์,105 หมู่ 8 ต.ศรีมงคล อ.บึงสามพัน จ.เพชรบูรณ์,สำนักงานเกษตรจังหวัดเพชรบูรณ์,ศรีมงคล
914,2565,บึงสามพัน,วิสาหกิจชุมชนปลูกข้าวปลอดสารพิษ,80/1 หมู่ 16 ต.พญาวัง อ.บึงสามพัน จ.เพชรบูรณ์,สำนักงานเกษตรจังหวัดเพชรบูรณ์,พญาวัง
915,2565,บึงสามพัน,วิสาหกิจชุมชนกลุ่มปลูกพืชเกษตรอินทรีย์เพื่อแปรรูปบ้านทรัพย์เกษตร ตำบลบึงสามพัน,3 หมู่ 9 ต.บึงสามพัน อ.บึงสามพัน จ.เพชรบูรณ์,สำนักงานเกษตรจังหวัดเพชรบูรณ์,บึงสามพัน
916,2565,บึงสามพัน,วิสาหกิจชุมชนกลุ่มเลี้ยงโคขุนบ้านหนองไผ่,43 หมู่ 10 ต.ศรีมงคล อ.บึงสามพัน จ.เพชรบูรณ์,สำนักงานเกษตรจังหวัดเพชรบูรณ์,ศรีมงคล
917,2565,บึงสามพัน,วิสาหกิจชุมชนเกษตรกรเลี้ยงวัวเสริมรายได้,29 หมู่ 11 ต.พญาวัง อ.บึงสามพัน จ.เพชรบูรณ์,สำนักงานเกษตรจังหวัดเพชรบูรณ์,พญาวัง
918,2565,บึงสามพัน,วิสาหกิจชุมชนกลุ่มเลี้ยงโคขุนกลุ่ม ร.ร.บ้านยางสาว,48 หมู่ 3 ต.ศรีมงคล อ.บึงสามพัน จ.เพชรบูรณ์,สำนักงานเกษตรจังหวัดเพชรบูรณ์,ศรีมงคล
919,2565,บึงสามพัน,วิสาหกิจชุมชนโคขุนบ้านพนมเพชร,31/1 หมู่ 2 ต.ศรีมงคล อ.บึงสามพัน จ.เพชรบูรณ์,สำนักงานเกษตรจังหวัดเพชรบูรณ์,ศรีมงคล
920,2565,บึงสามพัน,วิสาหกิจชุมชนกลุ่มเลี้ยงโคขุนไม้แดงศรีมงคล,12 หมู่ 6 ต.ศรีมงคล อ.บึงสามพัน จ.เพชรบูรณ์,สำนักงานเกษตรจังหวัดเพชรบูรณ์,ศรีมงคล
921,2565,บึงสามพัน,วิสาหกิจชุมชนกลุ่มเลี้ยงโคขุนกลุ่มเทพนิมิตร,32 หมู่ 10 ต.ศรีมงคล อ.บึงสามพัน จ.เพชรบูรณ์,สำนักงานเกษตรจังหวัดเพชรบูรณ์,ศรีมงคล
922,2565,บึงสามพัน,วิสาหกิจชุมชนโคขุนบ้านหินดาดใหญ่,73 หมู่ 6 ต.ซับไม้แดง อ.บึงสามพัน จ.เพชรบูรณ์,สำนักงานเกษตรจังหวัดเพชรบูรณ์,ซับไม้แดง
923,2565,บึงสามพัน,วิสาหกิจชุมชนกลุ่มเลี้ยงโคขุนบ้านบ่อตาสัก,75 หมู่ 10 ต.ซับไม้แดง อ.บึงสามพัน จ.เพชรบูรณ์,สำนักงานเกษตรจังหวัดเพชรบูรณ์,ซับไม้แดง
924,2565,บึงสามพัน,วิสาหกิจชุมชนกลุ่มเพื่อการเกษตรบ้านห้วยทราย,166/1 หมู่ 4 ต.วังพิกุล อ.บึงสามพัน จ.เพชรบูรณ์,สำนักงานเกษตรจังหวัดเพชรบูรณ์,วังพิกุล
925,2565,บึงสามพัน,เครือข่ายวิสาหกิจชุมชนโคเนื้อเพชรบุระ,30/1 หมู่ 16 ต.หนองแจง อ.บึงสามพัน จ.เพชรบูรณ์,สำนักงานเกษตรจังหวัดเพชรบูรณ์,หนองแจง
926,2565,บึงสามพัน,วิสาหกิจชุมชนเกษตรเงินล้าน เพื่ออาชีพที่ยั่งยืน,59 หมู่ 8 ต.หนองแจง อ.บึงสามพัน จ.เพชรบูรณ์,สำนักงานเกษตรจังหวัดเพชรบูรณ์,หนองแจง
927,2565,บึงสามพัน,วิสาหกิจชุมชนผู้ผลิตอ้อยโรงงานตำบลหนองแจง,187 หมู่ 10 ต.หนองแจง อ.บึงสามพัน จ.เพชรบูรณ์,สำนักงานเกษตรจังหวัดเพชรบูรณ์,หนองแจง
928,2565,บึงสามพัน,วิสาหกิจชุมชนกลุ่มพัฒนาอาชีพ หมู่ที่ 5 ตำบลสระแก้ว,334 หมู่ 5 ต.สระแก้ว อ.บึงสามพัน จ.เพชรบูรณ์,สำนักงานเกษตรจังหวัดเพชรบูรณ์,สระแก้ว
929,2565,บึงสามพัน,วิสาหกิจชุมชนกลุ่มชุมชนขยายและแปรรูปผลิตภัณฑ์ข้าว(หนองปล้อง-ลำตะคร้อ),11 หมู่ 17 ต.กันจุ อ.บึงสามพัน จ.เพชรบูรณ์,สำนักงานเกษตรจังหวัดเพชรบูรณ์,กันจุ
930,2565,บึงสามพัน,วิสาหกิจชุมชนเลี้ยงไก่พื้นเมืองซับไพรวัลย์ หมู่4 ตำบลซับไม้แดง,14/1 หมู่ 4 ต.ซับไม้แดง อ.บึงสามพัน จ.เพชรบูรณ์,สำนักงานเกษตรจังหวัดเพชรบูรณ์,ซับไม้แดง
931,2565,บึงสามพัน,วิสาหกิจชุมชนชุมชนพอเพียงหมู่ 4 บ้านซับไพรวัลย์,25 หมู่ 4 ต.ซับไม้แดง อ.บึงสามพัน จ.เพชรบูรณ์,สำนักงานเกษตรจังหวัดเพชรบูรณ์,ซับไม้แดง
932,2565,บึงสามพัน,วิสาหกิจชุมชนเกษตรอินทรีย์วิถีพอเพียง 459 บ้านกลาง เขาพลวง,291 หมู่ 6 ต.สระแก้ว อ.บึงสามพัน จ.เพชรบูรณ์,สำนักงานเกษตรจังหวัดเพชรบูรณ์,สระแก้ว
933,2565,บึงสามพัน,วิสาหกิจชุมชนกลุ่มวิถีเกษตรปลอดภัยเพื่อการส่งออก,215/2 หมู่ 16 ต.กันจุ อ.บึงสามพัน จ.เพชรบูรณ์,สำนักงานเกษตรจังหวัดเพชรบูรณ์,กันจุ
934,2565,บึงสามพัน,วิสาหกิจชุมชนกลุ่มผู้ผลิตข้าวบ้านโคกตายอ หมู่ที่ 2 ตำบลซับสมอทอด,หมู่ 2 ต.ซับสมอทอด อ.บึงสามพัน จ.เพชรบูรณ์ ,สำนักงานเกษตรจังหวัดเพชรบูรณ์,ซับสมอทอด
935,2565,บึงสามพัน,วิสาหกิจชุมชนกลุ่มเลี้ยงไก่ตะเภาทองบ้านโพธิ์สวรรค์2,218/1 หมู่ 14 ต.พญาวัง อ.บึงสามพัน จ.เพชรบูรณ์,สำนักงานเกษตรจังหวัดเพชรบูรณ์,พญาวัง
936,2565,บึงสามพัน,วิสาหกิจชุมชนปลูกพืชอาหารและสมุนไพร ม.1 หนองแจง,456 หมู่ 1 ต.หนองแจง อ.บึงสามพัน จ.เพชรบูรณ์,สำนักงานเกษตรจังหวัดเพชรบูรณ์,หนองแจง
937,2565,บึงสามพัน,วิสาหกิจชุมชนผักสวนครัวและพืชสมุนไพรบ้านสวนละออ,299/3 หมู่ 3 ต.ซับสมอทอด อ.บึงสามพัน จ.เพชรบูรณ์,สำนักงานเกษตรจังหวัดเพชรบูรณ์,ซับสมอทอด
938,2565,บึงสามพัน,วิสาหกิจชุมชนปลูกพืชสมุนไพรอื่นๆ ม.2 ซับไม้แดง,258 หมู่ 2 ต.ซับไม้แดง อ.บึงสามพัน จ.เพชรบูรณ์,สำนักงานเกษตรจังหวัดเพชรบูรณ์,ซับไม้แดง
939,2565,น้ำหนาว,วิสาหกิจชุมชนกลุ่มข้าวพญาลืมแกง ต.น้ำหนาว,45 หมู่ 3 ต.น้ำหนาว อ.น้ำหนาว จ.เพชรบูรณ์,สำนักงานเกษตรจังหวัดเพชรบูรณ์,น้ำหนาว
940,2565,น้ำหนาว,วิสาหกิจชุมชนกาแฟน้ำหนาว,312 หมู่ 3 ต.น้ำหนาว อ.น้ำหนาว จ.เพชรบูรณ์,สำนักงานเกษตรจังหวัดเพชรบูรณ์,น้ำหนาว
941,2565,น้ำหนาว,วิสาหกิจชุมชนมะขามป้อมเพชรน้ำหนาว,2 หมู่ 5 ต.วังกวาง อ.น้ำหนาว จ.เพชรบูรณ์,สำนักงานเกษตรจังหวัดเพชรบูรณ์,วังกวาง
942,2565,น้ำหนาว,วิสาหกิจชุมชนกลุ่มสัจจะสะสมทรัพย์วัดโคกมน,230 หมู่ 2 ต.โคกมน อ.น้ำหนาว จ.เพชรบูรณ์,สำนักงานเกษตรจังหวัดเพชรบูรณ์,โคกมน
943,2565,น้ำหนาว,วิสาหกิจชุมชนน้ำหนาวอาราบิก้า,218 หมู่ 2 ต.โคกมน อ.น้ำหนาว จ.เพชรบูรณ์,สำนักงานเกษตรจังหวัดเพชรบูรณ์,โคกมน
944,2565,น้ำหนาว,วิสาหกิจชุมชนข้าวหลามน้ำหนาวแม่เสลี่ยง,269 หมู่ 5 ต.น้ำหนาว อ.น้ำหนาว จ.เพชรบูรณ์,สำนักงานเกษตรจังหวัดเพชรบูรณ์,น้ำหนาว
945,2565,น้ำหนาว,วิสาหกิจชุมชนห้วยยางทองการเกษตร,9 หมู่ 9 ต.วังกวาง อ.น้ำหนาว จ.เพชรบูรณ์,สำนักงานเกษตรจังหวัดเพชรบูรณ์,วังกวาง
946,2565,น้ำหนาว,วิสาหกิจชุมชนนวัตกรรมการเกษตรเพื่อส่งเสริมการปลูกพืชสมุนไพรภูมิพญาเพชรบูรณ์,258 หมู่ 5 ต.น้ำหนาว อ.น้ำหนาว จ.เพชรบูรณ์,สำนักงานเกษตรจังหวัดเพชรบูรณ์,น้ำหนาว
947,2565,น้ำหนาว,วิสาหกิจชุมชนนวัตกรรมวิถีสมุนไพรไทย,53 หมู่ 6 ต.หลักด่าน อ.น้ำหนาว จ.เพชรบูรณ์,สำนักงานเกษตรจังหวัดเพชรบูรณ์,หลักด่าน
948,2565,น้ำหนาว,วิสาหกิจชุมชนบ้านห้วยหญ้าเครือเกษตรอินทรีย์,103 หมู่ 1 ต.น้ำหนาว อ.น้ำหนาว จ.เพชรบูรณ์,สำนักงานเกษตรจังหวัดเพชรบูรณ์,น้ำหนาว
949,2565,น้ำหนาว,วิสาหกิจชุมชนกลุ่มเลี้ยงโคพื้นเมืองโคกมน,112 หมู่ 1 ต.โคกมน อ.น้ำหนาว จ.เพชรบูรณ์,สำนักงานเกษตรจังหวัดเพชรบูรณ์,โคกมน
950,2565,น้ำหนาว,วิสาหกิจชุมชนปาล์มน้ำมันแบบยั่งยืนอำเภอน้ำหนาว,324 หมู่ 1 ต.น้ำหนาว อ.น้ำหนาว จ.เพชรบูรณ์,สำนักงานเกษตรจังหวัดเพชรบูรณ์,น้ำหนาว
951,2565,น้ำหนาว,วิสาหกิจชุมชนผู้ปลูกสับปะรดผาลาน้อย,38 หมู่ 8 ต.วังกวาง อ.น้ำหนาว จ.เพชรบูรณ์,สำนักงานเกษตรจังหวัดเพชรบูรณ์,วังกวาง
952,2565,น้ำหนาว,วิสาหกิจชุมชนปลูกพืชสมุนไพรเพื่อการแปรรูปเป็นอาหารและยา,317 หมู่ 2 ต.โคกมน อ.น้ำหนาว จ.เพชรบูรณ์,สำนักงานเกษตรจังหวัดเพชรบูรณ์,โคกมน
953,2565,น้ำหนาว,วิสาหกิจชุมชนป่าอุ่น คนอิ่ม,192 หมู่ 6 ต.น้ำหนาว อ.น้ำหนาว จ.เพชรบูรณ์,สำนักงานเกษตรจังหวัดเพชรบูรณ์,น้ำหนาว
954,2565,น้ำหนาว,วิสาหกิจชุมชนการท่องเที่ยวและวัฒนธรรมบ้านโคกยาว,52 หมู่ 2 ต.น้ำหนาว อ.น้ำหนาว จ.เพชรบูรณ์,สำนักงานเกษตรจังหวัดเพชรบูรณ์,น้ำหนาว
955,2565,น้ำหนาว,วิสาหกิจชุมชนมีมาสมุนไพร,102 หมู่ 5 ต.โคกมน อ.น้ำหนาว จ.เพชรบูรณ์,สำนักงานเกษตรจังหวัดเพชรบูรณ์,โคกมน
956,2565,น้ำหนาว,วิสาหกิจชุมชนน้ำหนาวฟลาวเวอร์ฟาร์ม,254 หมู่ 2 ต.โคกมน อ.น้ำหนาว จ.เพชรบูรณ์,สำนักงานเกษตรจังหวัดเพชรบูรณ์,โคกมน
957,2565,น้ำหนาว,วิสาหกิจชุมชนผ้าทอวังกวาง,28 หมู่ 11 ต.วังกวาง อ.น้ำหนาว จ.เพชรบูรณ์,สำนักงานเกษตรจังหวัดเพชรบูรณ์,วังกวาง
958,2565,น้ำหนาว,วิสาหกิจชุมชนพืชสมุนไพรน้ำหนาว,295 หมู่ 5 ต.น้ำหนาว อ.น้ำหนาว จ.เพชรบูรณ์,สำนักงานเกษตรจังหวัดเพชรบูรณ์,น้ำหนาว
959,2565,วังโป่ง,วิสาหกิจชุมชนศูนย์ฯ ข้าวชุมชนบ้านทุ่งนางาม,6 หมู่ 7 ต.ท้ายดง อ.วังโป่ง จ.เพชรบูรณ์,สำนักงานเกษตรจังหวัดเพชรบูรณ์,ท้ายดง
960,2565,วังโป่ง,วิสาหกิจชุมชนกลุ่มออมทรัพย์ ว.44,8 หมู่ 16 ต.วังหิน อ.วังโป่ง จ.เพชรบูรณ์,สำนักงานเกษตรจังหวัดเพชรบูรณ์,วังหิน
961,2565,วังโป่ง,วิสาหกิจชุมชนบ้านเนินวังชุมนุมสามัคคี,67 หมู่ 2 ต.วังศาล อ.วังโป่ง จ.เพชรบูรณ์,สำนักงานเกษตรจังหวัดเพชรบูรณ์,วังศาล
962,2565,วังโป่ง,วิสาหกิจชุมชนกลุ่มแม่บ้านเกษตรกรบ้านวังกระดาษเงิน,134 หมู่ 2 ต.ท้ายดง อ.วังโป่ง จ.เพชรบูรณ์,สำนักงานเกษตรจังหวัดเพชรบูรณ์,ท้ายดง
963,2565,วังโป่ง,วิสาหกิจชุมชนศูนย์ผลิตพันธุ์พืชตำบลวังหิน,65 หมู่ 5 ต.วังหิน อ.วังโป่ง จ.เพชรบูรณ์,สำนักงานเกษตรจังหวัดเพชรบูรณ์,วังหิน
964,2565,วังโป่ง,วิสาหกิจชุมชนผู้ผลิตไม้ผลท้ายดง,327 หมู่ 2 ต.ท้ายดง อ.วังโป่ง จ.เพชรบูรณ์,สำนักงานเกษตรจังหวัดเพชรบูรณ์,ท้ายดง
965,2565,วังโป่ง,วิสาหกิจชุมชนกลุ่มสตรีทอผ้าตำบลวังหิน,35 หมู่ 15 ต.วังหิน อ.วังโป่ง จ.เพชรบูรณ์,สำนักงานเกษตรจังหวัดเพชรบูรณ์,วังหิน
966,2565,วังโป่ง,วิสาหกิจชุมชนกลุ่มแม่บ้านเกษตรกรบ้านวังหินซอง,41 หมู่ 7 ต.วังหิน อ.วังโป่ง จ.เพชรบูรณ์,สำนักงานเกษตรจังหวัดเพชรบูรณ์,วังหิน
967,2565,วังโป่ง,วิสาหกิจชุมชนกลุ่มส่งเสริมการผลิตข้าวชุมชนบ้านน้ำอ้อม,31 หมู่ 3 ต.วังหิน อ.วังโป่ง จ.เพชรบูรณ์,สำนักงานเกษตรจังหวัดเพชรบูรณ์,วังหิน
968,2565,วังโป่ง,วิสาหกิจชุมชนกลุ่มส่งเสริมและผลิตพันธุ์ข้าวชุมชนบ้านวังน้ำอ้อมใต้,15 หมู่ 15 ต.วังหิน อ.วังโป่ง จ.เพชรบูรณ์,สำนักงานเกษตรจังหวัดเพชรบูรณ์,วังหิน
969,2565,วังโป่ง,วิสาหกิจชุมชนกลุ่มวังไทรทองเหนือก้าวหน้า,188 หมู่ 7 ต.ซับเปิบ อ.วังโป่ง จ.เพชรบูรณ์,สำนักงานเกษตรจังหวัดเพชรบูรณ์,ซับเปิบ
970,2565,วังโป่ง,วิสาหกิจชุมชนกลุ่มเกษตรพัฒนา ม.8 ซับเปิบใต้,204 หมู่ 8 ต.ซับเปิบ อ.วังโป่ง จ.เพชรบูรณ์,สำนักงานเกษตรจังหวัดเพชรบูรณ์,ซับเปิบ
971,2565,วังโป่ง,วิสาหกิจชุมชนเกษตรพัฒนาซับเปิบ หมู่ที่ 3,118 หมู่ 3 ต.ซับเปิบ อ.วังโป่ง จ.เพชรบูรณ์,สำนักงานเกษตรจังหวัดเพชรบูรณ์,ซับเปิบ
972,2565,วังโป่ง,วิสาหกิจชุมชนกลุ่มส่งเสริมพัฒนาการเกษตรบ้านเนินดินแดง,9 หมู่ 4 ต.ซับเปิบ อ.วังโป่ง จ.เพชรบูรณ์,สำนักงานเกษตรจังหวัดเพชรบูรณ์,ซับเปิบ
973,2565,วังโป่ง,วิสาหกิจชุมชนบ้านวังขอน,225 หมู่ 6 ต.ท้ายดง อ.วังโป่ง จ.เพชรบูรณ์,สำนักงานเกษตรจังหวัดเพชรบูรณ์,ท้ายดง
974,2565,วังโป่ง,วิสาหกิจชุมชนภูเขาทอง,4 หมู่ 12 ต.วังศาล อ.วังโป่ง จ.เพชรบูรณ์,สำนักงานเกษตรจังหวัดเพชรบูรณ์,วังศาล
975,2565,วังโป่ง,วิสาหกิจชุมชนดงลึกพัฒนา,202/2 หมู่ 3 ต.วังศาล อ.วังโป่ง จ.เพชรบูรณ์,สำนักงานเกษตรจังหวัดเพชรบูรณ์,วังศาล
976,2565,วังโป่ง,วิสาหกิจชุมชนกลุ่มพัฒนาอาชีพบ้านคลองน้ำคัน,288 หมู่ 2 ต.ซับเปิบ อ.วังโป่ง จ.เพชรบูรณ์,สำนักงานเกษตรจังหวัดเพชรบูรณ์,ซับเปิบ
977,2565,วังโป่ง,วิสาหกิจชุมชนกลุ่มมะม่วงส่งออก,115 หมู่ 11 ต.ท้ายดง อ.วังโป่ง จ.เพชรบูรณ์,สำนักงานเกษตรจังหวัดเพชรบูรณ์,ท้ายดง
978,2565,วังโป่ง,วิสาหกิจชุมชนกลุ่มแม่บ้านคลองน้ำคันเหนือ,69 หมู่ 9 ต.ซับเปิบ อ.วังโป่ง จ.เพชรบูรณ์,สำนักงานเกษตรจังหวัดเพชรบูรณ์,ซับเปิบ
979,2565,วังโป่ง,วิสาหกิจชุมชนถั่วทอด บ้านเนินสวรรค์ ม.12,436 หมู่ 12 ต.วังหิน อ.วังโป่ง จ.เพชรบูรณ์,สำนักงานเกษตรจังหวัดเพชรบูรณ์,วังหิน
980,2565,วังโป่ง,วิสาหกิจชุมชนวิสาหกิจชุมชนขนมบ้านบ้าน,7/1 หมู่ 3 ต.ท้ายดง อ.วังโป่ง จ.เพชรบูรณ์,สำนักงานเกษตรจังหวัดเพชรบูรณ์,ท้ายดง
981,2565,วังโป่ง,วิสาหกิจชุมชนวิสาหกิจชุมชนไหมทอง,44 หมู่ 12 ต.วังหิน อ.วังโป่ง จ.เพชรบูรณ์,สำนักงานเกษตรจังหวัดเพชรบูรณ์,วังหิน
982,2565,วังโป่ง,วิสาหกิจชุมชนวิสาหกิจชุมชนสวนส้มโอปลอดสารพิษ,15/1 หมู่ 4 ต.วังหิน อ.วังโป่ง จ.เพชรบูรณ์,สำนักงานเกษตรจังหวัดเพชรบูรณ์,วังหิน
983,2565,วังโป่ง,วิสาหกิจชุมชนเกษตรไม้ผลตำบลวังหิน,38 หมู่ 14 ต.วังหิน อ.วังโป่ง จ.เพชรบูรณ์,สำนักงานเกษตรจังหวัดเพชรบูรณ์,วังหิน
984,2565,วังโป่ง,วิสาหกิจชุมชนออมทรัพย์กลุ่มลูกค้า ว82,123 หมู่ 1 ต.วังหิน อ.วังโป่ง จ.เพชรบูรณ์,สำนักงานเกษตรจังหวัดเพชรบูรณ์,วังหิน
985,2565,วังโป่ง,วิสาหกิจชุมชนวิสาหกิจชุมชนพัฒนาเกษตรแนวใหม่บ้านวังขอน,164 หมู่ 6 ต.ท้ายดง อ.วังโป่ง จ.เพชรบูรณ์,สำนักงานเกษตรจังหวัดเพชรบูรณ์,ท้ายดง
986,2565,วังโป่ง,วิสาหกิจชุมชนกลุ่มเกษตรบ้านวังไทรงาม,142 หมู่ 13 ต.วังหิน อ.วังโป่ง จ.เพชรบูรณ์,สำนักงานเกษตรจังหวัดเพชรบูรณ์,วังหิน
987,2565,วังโป่ง,วิสาหกิจชุมชนกลุ่มเกษตรพัฒนา ต.วังหิน,124 หมู่ 8 ต.วังหิน อ.วังโป่ง จ.เพชรบูรณ์,สำนักงานเกษตรจังหวัดเพชรบูรณ์,วังหิน
988,2565,วังโป่ง,วิสาหกิจชุมชนโคเนื้อบ้านสะพานสอง ต.วังโป่ง,144 หมู่ 13 ต.วังโป่ง อ.วังโป่ง จ.เพชรบูรณ์,สำนักงานเกษตรจังหวัดเพชรบูรณ์,วังโป่ง
989,2565,วังโป่ง,วิสาหกิจชุมชนสมุนไพรไทยบ้านวังใหญ่,54 หมู่ 4 ต.วังหิน อ.วังโป่ง จ.เพชรบูรณ์,สำนักงานเกษตรจังหวัดเพชรบูรณ์,วังหิน
990,2565,วังโป่ง,วิสาหกิจชุมชนกลุ่มผู้เลี้ยงโคเนื้อตำบลวังศาล,113 หมู่ 4 ต.วังศาล อ.วังโป่ง จ.เพชรบูรณ์,สำนักงานเกษตรจังหวัดเพชรบูรณ์,วังศาล
991,2565,วังโป่ง,วิสาหกิจชุมชนกลุ่มผู้เลี้ยงโคเนื้อตำบลซับเปิบ,18/1 หมู่ 4 ต.ซับเปิบ อ.วังโป่ง จ.เพชรบูรณ์,สำนักงานเกษตรจังหวัดเพชรบูรณ์,ซับเปิบ
992,2565,วังโป่ง,วิสาหกิจชุมชนกลุ่มผู้เลี้ยงโคเนื้อ ต.วังหิน,54 หมู่ 11 ต.วังหิน อ.วังโป่ง จ.เพชรบูรณ์,สำนักงานเกษตรจังหวัดเพชรบูรณ์,วังหิน
993,2565,วังโป่ง,วิสาหกิจชุมชนไม้ผลตำบลซับเปิบ,32 หมู่ 9 ต.ซับเปิบ อ.วังโป่ง จ.เพชรบูรณ์,สำนักงานเกษตรจังหวัดเพชรบูรณ์,ซับเปิบ
994,2565,วังโป่ง,วิสาหกิจชุมชนกลุ่มแม่บ้านเกษตรกรบ้านร่องตะแบก,161 หมู่ 9 ต.ท้ายดง อ.วังโป่ง จ.เพชรบูรณ์,สำนักงานเกษตรจังหวัดเพชรบูรณ์,ท้ายดง
995,2565,วังโป่ง,วิสาหกิจชุมชนกลุ่มพัฒนาอาชีพเกษตรตำบลวังศาล,2 หมู่ 4 ต.วังศาล อ.วังโป่ง จ.เพชรบูรณ์,สำนักงานเกษตรจังหวัดเพชรบูรณ์,วังศาล
996,2565,วังโป่ง,วิสาหกิจชุมชนปลูกป่าเพื่อเศรษฐกิจ,206/1 หมู่ 12 ต.วังหิน อ.วังโป่ง จ.เพชรบูรณ์,สำนักงานเกษตรจังหวัดเพชรบูรณ์,วังหิน
997,2565,วังโป่ง,วิสาหกิจชุมชนแม่บ้านเกษตรกรบ้านวังชะนางเหนือ หมู่ที่12,173/1 หมู่ 12 ต.ท้ายดง อ.วังโป่ง จ.เพชรบูรณ์,สำนักงานเกษตรจังหวัดเพชรบูรณ์,ท้ายดง
998,2565,วังโป่ง,วิสาหกิจชุมชนผลิตภัณฑ์แปรรูปหญ้าแฝก อ.วังโป่ง จ.เพชรบูรณ์,34/2 หมู่ 4 ต.ท้ายดง อ.วังโป่ง จ.เพชรบูรณ์,สำนักงานเกษตรจังหวัดเพชรบูรณ์,ท้ายดง
999,2565,วังโป่ง,วิสาหกิจชุมชนคนหัวใจอินทรีย์อำเภอวังโป่ง,231 หมู่ 6 ต.ท้ายดง อ.วังโป่ง จ.เพชรบูรณ์,สำนักงานเกษตรจังหวัดเพชรบูรณ์,ท้ายดง
1000,2565,วังโป่ง,วิสาหกิจชุมชนกลุ่มแปลงใหญ่ข้าววังโป่ง,197 หมู่ 1 ต.วังโป่ง อ.วังโป่ง จ.เพชรบูรณ์,สำนักงานเกษตรจังหวัดเพชรบูรณ์,วังโป่ง
1001,2565,วังโป่ง,วิสาหกิจชุมชนกลุ่มผลผลิตอาหารปลอดภัยโคกหนองนา พช. วังโป่ง,115 หมู่ 13 ต.วังหิน อ.วังโป่ง จ.เพชรบูรณ์,สำนักงานเกษตรจังหวัดเพชรบูรณ์,วังหิน
1002,2565,วังโป่ง,วิสาหกิจชุมชนกลุ่มเลี้ยงโคเนื้อปรับเปลี่ยนพื้นที่นาไม่เหมาะสม,17 หมู่ 13 ต.วังหิน อ.วังโป่ง จ.เพชรบูรณ์,สำนักงานเกษตรจังหวัดเพชรบูรณ์,วังหิน
1003,2565,เขาค้อ,วิสาหกิจชุมชนกลุ่มผู้เลี้ยงโคนมเขาค้อ,77 หมู่ 1 ต.สะเดาะพง อ.เขาค้อ จ.เพชรบูรณ์,สำนักงานเกษตรจังหวัดเพชรบูรณ์,สะเดาะพง
1004,2565,เขาค้อ,วิสาหกิจชุมชนกลุ่มสมุนไพรเพื่อสุขภาพเขาค้อ,32 หมู่ 8 ต.แคมป์สน อ.เขาค้อ จ.เพชรบูรณ์,สำนักงานเกษตรจังหวัดเพชรบูรณ์,แคมป์สน
1005,2565,เขาค้อ,วิสาหกิจชุมชนกลุ่มชุมชนคนรักษ์ป่า ต. หนองแม่นา,53/12 หมู่ 6 ต.หนองแม่นา อ.เขาค้อ จ.เพชรบูรณ์,สำนักงานเกษตรจังหวัดเพชรบูรณ์,หนองแม่นา
1006,2565,เขาค้อ,วิสาหกิจชุมชนกลุ่มกสิกรรมบ้านดงหลง หมู่ 6 ต. แคมป์สน,127 หมู่ 6 ต.แคมป์สน อ.เขาค้อ จ.เพชรบูรณ์,สำนักงานเกษตรจังหวัดเพชรบูรณ์,แคมป์สน
1007,2565,เขาค้อ,วิสาหกิจชุมชนต้นกล้าอาชีพเขาค้อพัฒนา,51 หมู่ 3 ต.หนองแม่นา อ.เขาค้อ จ.เพชรบูรณ์,สำนักงานเกษตรจังหวัดเพชรบูรณ์,หนองแม่นา
1008,2565,เขาค้อ,วิสาหกิจชุมชนกลุ่มจักสานบ้านกองเนียม,5 หมู่ 4 ต.เขาค้อ อ.เขาค้อ จ.เพชรบูรณ์,สำนักงานเกษตรจังหวัดเพชรบูรณ์,เขาค้อ
1009,2565,เขาค้อ,วิสาหกิจชุมชนกลุ่มผู้ผลิตเฟอร์นิเจอร์รากไม้-เศษไม้บ้านกองเนียมเขาค้อ,97 หมู่ 4 ต.เขาค้อ อ.เขาค้อ จ.เพชรบูรณ์,สำนักงานเกษตรจังหวัดเพชรบูรณ์,เขาค้อ
1010,2565,เขาค้อ,วิสาหกิจชุมชนกลุ่มผู้เลี้ยงไก่พื้นเมืองบ้านร่มโพธิ์-ร่มไทร,147/1 หมู่ 10 ต.หนองแม่นา อ.เขาค้อ จ.เพชรบูรณ์,สำนักงานเกษตรจังหวัดเพชรบูรณ์,หนองแม่นา
1011,2565,เขาค้อ,วิสาหกิจชุมชนกลุ่มบ้านพักหนองแม่นาโฮมสเตย์,41 หมู่ 6 ต.หนองแม่นา อ.เขาค้อ จ.เพชรบูรณ์,สำนักงานเกษตรจังหวัดเพชรบูรณ์,หนองแม่นา
1012,2565,เขาค้อ,วิสาหกิจชุมชนกลุ่มผู้ปลูกหม่อนเลี้ยงไหมตำบลสะเดาะพง,42 หมู่ 4 ต.สะเดาะพง อ.เขาค้อ จ.เพชรบูรณ์,สำนักงานเกษตรจังหวัดเพชรบูรณ์,สะเดาะพง
1013,2565,เขาค้อ,วิสาหกิจชุมชนกลุ่มผู้ผลิตและแปรรูปแมคคาเดเมีย เขาค้อ,429 หมู่ 12 ต.เข็กน้อย อ.เขาค้อ จ.เพชรบูรณ์,สำนักงานเกษตรจังหวัดเพชรบูรณ์,เข็กน้อย
1014,2565,เขาค้อ,วิสาหกิจชุมชนกลุ่มเขาค้อ ภูผา ธาราใส,61 หมู่ 6 ต.ทุ่งสมอ อ.เขาค้อ จ.เพชรบูรณ์,สำนักงานเกษตรจังหวัดเพชรบูรณ์,ทุ่งสมอ
1015,2565,เขาค้อ,วิสาหกิจชุมชนพรแม่ย่ารุ่งเรือง,111 หมู่ 3 ต.สะเดาะพง อ.เขาค้อ จ.เพชรบูรณ์,สำนักงานเกษตรจังหวัดเพชรบูรณ์,สะเดาะพง
1016,2565,เขาค้อ,วิสาหกิจชุมชนผลิตภัณฑ์ชุมชนมะขามทอง2,215 หมู่ 7 ต.แคมป์สน อ.เขาค้อ จ.เพชรบูรณ์,สำนักงานเกษตรจังหวัดเพชรบูรณ์,แคมป์สน
1017,2565,เขาค้อ,วิสาหกิจชุมชนสมุนไพรไฮแลนด์,161 หมู่ 9 ต.เข็กน้อย อ.เขาค้อ จ.เพชรบูรณ์,สำนักงานเกษตรจังหวัดเพชรบูรณ์,เข็กน้อย
1018,2565,เขาค้อ,วิสาหกิจชุมชนท่องเที่ยวจุดชมวิวเขาตะเคียนโง๊ะ บ้านสนสวย,63 หมู่ 2 ต.หนองแม่นา อ.เขาค้อ จ.เพชรบูรณ์,สำนักงานเกษตรจังหวัดเพชรบูรณ์,หนองแม่นา
1019,2565,เขาค้อ,วิสาหกิจชุมชนร้านค้าวิสาหกิจบ้านธนิตคำเที่ยง,54 หมู่ 2 ต.ริมสีม่วง อ.เขาค้อ จ.เพชรบูรณ์,สำนักงานเกษตรจังหวัดเพชรบูรณ์,ริมสีม่วง
1020,2565,เขาค้อ,วิสาหกิจชุมชนคุ้มภูเพชร เขาค้อ,104/1 หมู่ 5 ต.ทุ่งสมอ อ.เขาค้อ จ.เพชรบูรณ์,สำนักงานเกษตรจังหวัดเพชรบูรณ์,ทุ่งสมอ
1021,2565,เขาค้อ,วิสาหกิจชุมชนเกษตรอินทรีย์ริมสีม่วงและผลิตภัณฑ์แปรรูป,101 หมู่ 4 ต.ริมสีม่วง อ.เขาค้อ จ.เพชรบูรณ์,สำนักงานเกษตรจังหวัดเพชรบูรณ์,ริมสีม่วง
1022,2565,เขาค้อ,วิสาหกิจชุมชนการท่องเที่ยวเกษตรเชิงวัฒนธรรมลีซอ,172 หมู่ 10 ต.เขาค้อ อ.เขาค้อ จ.เพชรบูรณ์,สำนักงานเกษตรจังหวัดเพชรบูรณ์,เขาค้อ
1023,2565,เขาค้อ,วิสาหกิจชุมชนท่องเที่ยวภูสายลม,64 หมู่ 7 ต.ทุ่งสมอ อ.เขาค้อ จ.เพชรบูรณ์,สำนักงานเกษตรจังหวัดเพชรบูรณ์,ทุ่งสมอ
1024,2565,เขาค้อ,วิสาหกิจชุมชนผู้ปลูกและแปรรูปบุกเขาค้อ,80 หมู่ 11 ต.แคมป์สน อ.เขาค้อ จ.เพชรบูรณ์,สำนักงานเกษตรจังหวัดเพชรบูรณ์,แคมป์สน
1025,2565,เขาค้อ,วิสาหกิจชุมชนกลุ่มผ้าเขียนเทียนซีม้ง,361 หมู่ 12 ต.เข็กน้อย อ.เขาค้อ จ.เพชรบูรณ์,สำนักงานเกษตรจังหวัดเพชรบูรณ์,เข็กน้อย
1026,2565,เขาค้อ,วิสาหกิจชุมชนแปรรูปเสาวรสและแปรรูปพืชผลทางการเกษตร,97 หมู่ 5 ต.หนองแม่นา อ.เขาค้อ จ.เพชรบูรณ์,สำนักงานเกษตรจังหวัดเพชรบูรณ์,หนองแม่นา
1027,2565,เขาค้อ,วิสาหกิจชุมชนการปลูกพืชสมุนไพรแคมป์สน,27 หมู่ 11 ต.แคมป์สน อ.เขาค้อ จ.เพชรบูรณ์,สำนักงานเกษตรจังหวัดเพชรบูรณ์,แคมป์สน
1028,2565,เขาค้อ,วิสาหกิจชุมชนศูนย์ท่องเที่ยววัฒนธรรมม้งเข็กน้อย,1/1 หมู่ 6 ต.เข็กน้อย อ.เขาค้อ จ.เพชรบูรณ์,สำนักงานเกษตรจังหวัดเพชรบูรณ์,เข็กน้อย
1029,2565,เขาค้อ,วิสาหกิจชุมชนํYSF เขาค้อ,133/1 หมู่ 11 ต.ทุ่งสมอ อ.เขาค้อ จ.เพชรบูรณ์,สำนักงานเกษตรจังหวัดเพชรบูรณ์,ทุ่งสมอ
1030,2565,เขาค้อ,วิสาหกิจชุมชนเกษตรก้าวหน้า แคมป์สน,272 หมู่ 7 ต.แคมป์สน อ.เขาค้อ จ.เพชรบูรณ์,สำนักงานเกษตรจังหวัดเพชรบูรณ์,แคมป์สน
1031,2565,เขาค้อ,วิสาหกิจชุมชนแปลงใหญ่แมคคาเดเมียอำเภอเขาค้อ,63 หมู่ 3 ต.ริมสีม่วง อ.เขาค้อ จ.เพชรบูรณ์,สำนักงานเกษตรจังหวัดเพชรบูรณ์,ริมสีม่วง
1032,2565,เขาค้อ,วิสาหกิจชุมชนกรีนฟินน์ เขาค้อ,197 หมู่ 6 ต.แคมป์สน อ.เขาค้อ จ.เพชรบูรณ์,สำนักงานเกษตรจังหวัดเพชรบูรณ์,แคมป์สน
1033,2565,เขาค้อ,วิสาหกิจชุมชนกลุ่มแปรรูปผลไม้เมืองหนาวหนองแม่นา,30 หมู่ 8 ต.หนองแม่นา อ.เขาค้อ จ.เพชรบูรณ์,สำนักงานเกษตรจังหวัดเพชรบูรณ์,หนองแม่นา
1034,2565,เขาค้อ,วิสาหกิจชุมชนไม้กฤษณา ตะวันณา,114 หมู่ 2 ต.เขาค้อ อ.เขาค้อ จ.เพชรบูรณ์,สำนักงานเกษตรจังหวัดเพชรบูรณ์,เขาค้อ
1035,2565,เขาค้อ,วิสาหกิจชุมชนผู้เลี้ยงไก่ดำ บ้านเข็กน้อย,182 หมู่ 8 ต.เข็กน้อย อ.เขาค้อ จ.เพชรบูรณ์,สำนักงานเกษตรจังหวัดเพชรบูรณ์,เข็กน้อย
1036,2565,เขาค้อ,วิสาหกิจชุมชนการเกษตรและการท่องเที่ยวชุมชนบ้านเสลียงแห้ง เขาค้อ,92 หมู่ 3 ต.สะเดาะพง อ.เขาค้อ จ.เพชรบูรณ์,สำนักงานเกษตรจังหวัดเพชรบูรณ์,สะเดาะพง
1037,2565,เขาค้อ,วิสาหกิจชุมชนสมุนไพรและไม้หายาก ภูเคียงธาร,81 หมู่ 2 ต.ทุ่งสมอ อ.เขาค้อ จ.เพชรบูรณ์,สำนักงานเกษตรจังหวัดเพชรบูรณ์,ทุ่งสมอ
1038,2565,เขาค้อ,วิสาหกิจชุมชนฟอเรส ฮิลล์ เขาค้อ,169 หมู่ 6 ต.ทุ่งสมอ อ.เขาค้อ จ.เพชรบูรณ์,สำนักงานเกษตรจังหวัดเพชรบูรณ์,ทุ่งสมอ
1039,2565,เขาค้อ,วิสาหกิจชุมชนทุ่งนางแลสมุนไพรเพื่อการแพทย์,133 หมู่ 11 ต.แคมป์สน อ.เขาค้อ จ.เพชรบูรณ์,สำนักงานเกษตรจังหวัดเพชรบูรณ์,แคมป์สน
1040,2565,เขาค้อ,วิสาหกิจชุมชนเขาค้อโอเค,123 หมู่ 7 ต.แคมป์สน อ.เขาค้อ จ.เพชรบูรณ์,สำนักงานเกษตรจังหวัดเพชรบูรณ์,แคมป์สน
1041,2565,เขาค้อ,วิสาหกิจชุมชนผลไม้แปรรูป ตำบลหนองแม่นา อำเภอเขาค้อ,160 หมู่ 10 ต.หนองแม่นา อ.เขาค้อ จ.เพชรบูรณ์,สำนักงานเกษตรจังหวัดเพชรบูรณ์,หนองแม่นา
1042,2565,เขาค้อ,วิสาหกิจชุมชนกลุ่มเกษตรกรผู้ปลูกขิง ตำบลเข็กน้อย,44 หมู่ 7 ต.เข็กน้อย อ.เขาค้อ จ.เพชรบูรณ์,สำนักงานเกษตรจังหวัดเพชรบูรณ์,เข็กน้อย
1043,2565,เขาค้อ,วิสาหกิจชุมชนผู้เลี้ยงสุกร บ้านสะเดาะพง,30 หมู่ 2 ต.สะเดาะพง อ.เขาค้อ จ.เพชรบูรณ์,สำนักงานเกษตรจังหวัดเพชรบูรณ์,สะเดาะพง
1044,2565,เขาค้อ,วิสาหกิจชุมชนเคที อินเตอร์ ฟาร์ม,335 หมู่ 12 ต.เข็กน้อย อ.เขาค้อ จ.เพชรบูรณ์,สำนักงานเกษตรจังหวัดเพชรบูรณ์,เข็กน้อย
1045,2565,เขาค้อ,วิสาหกิจชุมชนวิถีมองดอกฮับ,99 หมู่ 2 ต.เขาค้อ อ.เขาค้อ จ.เพชรบูรณ์,สำนักงานเกษตรจังหวัดเพชรบูรณ์,เขาค้อ
1046,2566,เมืองเพชรบูรณ์,แปรรูปผลผลิตทางการเกษตรบ้านยางแหลม ต.ระวิง,เลขที่ 126 หมู่ 10 ตำบลระวิง อำเภอเมืองเพชรบูรณ์ เพชรบูรณ์ 67210,สำนักงานเกษตรจังหวัดเพชรบูรณ์,ระวิง
1047,2566,เมืองเพชรบูรณ์,สวนรัมณีย์เกษตรอินทรีย์สร้างอาชีพเพชรบูรณ์,เลขที่ 201/1 หมู่ 16 ตำบลนาป่า อำเภอเมืองเพชรบูรณ์ เพชรบูรณ์ 67000,สำนักงานเกษตรจังหวัดเพชรบูรณ์,นาป่า
1048,2566,เมืองเพชรบูรณ์,เกษตรพอเพียงบ้านนาสามัคคี,เลขที่ 359 หมู่ 6 ตำบลนางั่ว อำเภอเมืองเพชรบูรณ์ เพชรบูรณ์ 67000,สำนักงานเกษตรจังหวัดเพชรบูรณ์,างั่ว
1049,2566,เมืองเพชรบูรณ์,ฟาร์มฮักตัวบ้านในเมืองเพชรบูรณ์,เลขที่ 4 ตำบลในเมือง อำเภอเมืองเพชรบูรณ์ เพชรบูรณ์ 67000,สำนักงานเกษตรจังหวัดเพชรบูรณ์,ในเมือง
1050,2566,เมืองเพชรบูรณ์,สุขภาพสร้างสุข,เลขที่ 214/2 หมู่ 2 ตำบลห้วยใหญ่ อำเภอเมืองเพชรบูรณ์ เพชรบูรณ์ 67000,สำนักงานเกษตรจังหวัดเพชรบูรณ์,ห้วยใหญ่
1051,2566,เมืองเพชรบูรณ์,เกษตรปลอดภัยตำบลตะเบาะ,เลขที่ 134/2 หมู่ 10 ตำบลตะเบาะ อำเภอเมืองเพชรบูรณ์ เพชรบูรณ์ 67000,สำนักงานเกษตรจังหวัดเพชรบูรณ์,ตะเบาะ
1052,2566,เมืองเพชรบูรณ์,กลุ่มผู้เลี้ยงโคขุนบ้านซำเรียง,เลขที่ 107 หมู่ 8 ตำบลน้ำร้อน อำเภอเมืองเพชรบูรณ์ เพชรบูรณ์ 67000,สำนักงานเกษตรจังหวัดเพชรบูรณ์,น้ำร้อน
1053,2566,เมืองเพชรบูรณ์,ผลผลิตดอกไม้อบแห้งบ้านน้ำร้อน,เลขที่ 190 หมู่ 7 ตำบลน้ำร้อน อำเภอเมืองเพชรบูรณ์ เพชรบูรณ์ 67000,สำนักงานเกษตรจังหวัดเพชรบูรณ์,น้ำร้อน
1054,2566,เมืองเพชรบูรณ์,เอ็นพีรักษ์โลก,เลขที่ 40 หมู่ 8 ตำบลบ้านโตก อำเภอเมืองเพชรบูรณ์ เพชรบูรณ์ 67000,สำนักงานเกษตรจังหวัดเพชรบูรณ์,บ้านโตก
1055,2566,เมืองเพชรบูรณ์,เกษตรกรบ้านป่าสักโมเดล,เลขที่ 199 หมู่ 12 ตำบลห้วยใหญ่ อำเภอเมืองเพชรบูรณ์ เพชรบูรณ์ 67000,สำนักงานเกษตรจังหวัดเพชรบูรณ์,ห้วยใหญ่
1056,2566,เมืองเพชรบูรณ์,สมุนไพรบ้านป่าเลา,เลขที่ 135 หมู่ 1 ตำบลป่าเลา อำเภอเมืองเพชรบูรณ์ เพชรบูรณ์ 67000,สำนักงานเกษตรจังหวัดเพชรบูรณ์,ป่าเลา
1057,2566,เมืองเพชรบูรณ์,ว่านสมุนไพรคำกา,เลขที่ 25 หมู่ 9 ตำบลดงมูลเหล็ก อำเภอเมืองเพชรบูรณ์ เพชรบูรณ์ 67000,สำนักงานเกษตรจังหวัดเพชรบูรณ์,ดงมูลเหล็ก
1058,2566,เมืองเพชรบูรณ์,พัฒนาอาชีพผู้เกษียณอายุป่าเลา,เลขที่ 318 หมู่ 1 ตำบลนางั่ว อำเภอเมืองเพชรบูรณ์ เพชรบูรณ์ 67000,สำนักงานเกษตรจังหวัดเพชรบูรณ์,นางั่ว
1059,2566,เมืองเพชรบูรณ์,ขยายกิ่งพันธุ์มะขามบ้านโป่งตาโป้,เลขที่ 44 หมู่ 15 ตำบลบ้านโคก อำเภอเมืองเพชรบูรณ์ เพชรบูรณ์ 67000,สำนักงานเกษตรจังหวัดเพชรบูรณ์,บ้านโคก
1060,2566,เมืองเพชรบูรณ์,ปลูกพืชเศรษฐกิจแปรรูปสมุนไพรแพทย์แผนไทย,เลขที่ 82 หมู่ 11 ตำบลสะเดียง อำเภอเมืองเพชรบูรณ์ เพชรบูรณ์ 67000,สำนักงานเกษตรจังหวัดเพชรบูรณ์,สะเดียง
1061,2566,เมืองเพชรบูรณ์,กรีนไดมอนด์เพชรบูรณ์,เลขที่ 156 หมู่ 15 ตำบลนาป่า อำเภอเมืองเพชรบูรณ์ เพชรบูรณ์ 67000,สำนักงานเกษตรจังหวัดเพชรบูรณ์,นาป่า
1062,2566,เมืองเพชรบูรณ์,เกษตรอินทรีย์บ้านเนินสบาย,เลขที่ 54 หมู่ 9 ตำบลห้วยสะแก อำเภอเมืองเพชรบูรณ์ เพชรบูรณ์ 67210,สำนักงานเกษตรจังหวัดเพชรบูรณ์,ห้วยสะแก
1063,2566,เมืองเพชรบูรณ์,ส่งเสริมปลูกพืชสมุนไพรและแปรรูปผลผลิตการเกษตร,เลขที่ 94/1 หมู่ 5 ตำบลน้ำร้อน อำเภอเมืองเพชรบูรณ์ เพชรบูรณ์ 67000,สำนักงานเกษตรจังหวัดเพชรบูรณ์,น้ำร้อน
1064,2566,เมืองเพชรบูรณ์,ผู้เลี้ยงผึ้งตำบลท่าพล,เลขที่ 327 หมู่ 1 ตำบลท่าพล อำเภอเมืองเพชรบูรณ์ เพชรบูรณ์ 67250,สำนักงานเกษตรจังหวัดเพชรบูรณ์,ท่าพล
1065,2566,เมืองเพชรบูรณ์,กลุ่มปลูกพืชสมุนไพรตำบลระวิง,เลขที่ 91/1 หมู่ 6 ตำบลระวิง อำเภอเมืองเพชรบูรณ์ เพชรบูรณ์ 67210,สำนักงานเกษตรจังหวัดเพชรบูรณ์,ระวิง
1066,2566,เมืองเพชรบูรณ์,กลุ่มเลี้ยงหมู ม.6 ต.น้ำร้อน,เลขที่ 192 หมู่ 6 ตำบลน้ำร้อน อำเภอเมืองเพชรบูรณ์ เพชรบูรณ์ 67000,สำนักงานเกษตรจังหวัดเพชรบูรณ์,น้ำร้อน
1067,2566,เมืองเพชรบูรณ์,สมุนไพรเพื่อสุขภาพบ้านเฮา,เลขที่ 146 หมู่ 17 ตำบลบ้านโคก อำเภอเมืองเพชรบูรณ์ เพชรบูรณ์ 67000,สำนักงานเกษตรจังหวัดเพชรบูรณ์,บ้านโคก
1068,2566,เมืองเพชรบูรณ์,แปลงใหญ่ข้าวบ้านวังจาน,เลขที่ 14/3 หมู่ 6 ตำบลบ้านโตก อำเภอเมืองเพชรบูรณ์ เพชรบูรณ์ 67000,สำนักงานเกษตรจังหวัดเพชรบูรณ์,บ้านโตก
1069,2566,เมืองเพชรบูรณ์,"กลุ่มหมุนเวียนเมล็ดพันธุ์ข้าว, ข้าวโพด ม.7",เลขที่ 46 หมู่ 7 ตำบลน้ำร้อน อำเภอเมืองเพชรบูรณ์ เพชรบูรณ์ 67000,สำนักงานเกษตรจังหวัดเพชรบูรณ์,น้ำร้อน
1070,2566,เมืองเพชรบูรณ์,กลุ่มแม่บ้านแปรรูปหมูฝอยบ้านนาป่า หมู่ที่ 1 ต.นาป่า,เลขที่ 95 หมู่ 1 ตำบลนาป่า อำเภอเมืองเพชรบูรณ์ เพชรบูรณ์ 67000,สำนักงานเกษตรจังหวัดเพชรบูรณ์,นาป่า
1071,2566,เมืองเพชรบูรณ์,พอเพียง ก็ เพียงพอ,เลขที่ 93/1 หมู่ 3 ตำบลห้วยสะแก อำเภอเมืองเพชรบูรณ์ เพชรบูรณ์ 67210,สำนักงานเกษตรจังหวัดเพชรบูรณ์,ห้วยสะแก
1072,2566,เมืองเพชรบูรณ์,กลุ่มปลูกหอมแดงบ้านท่ากกตาล,เลขที่ 116/3 หมู่ 6 ตำบลดงมูลเหล็ก อำเภอเมืองเพชรบูรณ์ เพชรบูรณ์ 67000,สำนักงานเกษตรจังหวัดเพชรบูรณ์,ดงมูลเหล็ก
1073,2566,เมืองเพชรบูรณ์,กลุ่มสมุนไพรพื้นบ้านภูมิปัญญาหมอแต่ง,เลขที่ 32 ถนนประชาพัฒนา ตำบลในเมือง อำเภอเมืองเพชรบูรณ์ เพชรบูรณ์ 67000,สำนักงานเกษตรจังหวัดเพชรบูรณ์,ในเมือง
1074,2566,เมืองเพชรบูรณ์,กลุ่มทอผ้าไหมมัดหมี่บ้านหนองจอก,เลขที่ 39 หมู่ 9 ตำบลระวิง อำเภอเมืองเพชรบูรณ์ เพชรบูรณ์ 67210,สำนักงานเกษตรจังหวัดเพชรบูรณ์,ระวิง
1075,2566,เมืองเพชรบูรณ์,กลุ่มไส้เมี่ยงสมุนไพร,เลขที่ 246 หมู่ 1 ตำบลวังชมภู อำเภอเมืองเพชรบูรณ์ เพชรบูรณ์ 67210,สำนักงานเกษตรจังหวัดเพชรบูรณ์,วังชมภู
1076,2566,เมืองเพชรบูรณ์,กลุ่มเกษตรพัฒนา หมู่ที่ 10 ต.น้ำร้อน,เลขที่ 80 หมู่ 10 ตำบลน้ำร้อน อำเภอเมืองเพชรบูรณ์ เพชรบูรณ์ 67000,สำนักงานเกษตรจังหวัดเพชรบูรณ์,น้ำร้อน
1077,2566,เมืองเพชรบูรณ์,เลี้ยงโคเนื้อบ้านโคก,เลขที่ 75 หมู่ 13 ตำบลบ้านโคก อำเภอเมืองเพชรบูรณ์ เพชรบูรณ์ 67000,สำนักงานเกษตรจังหวัดเพชรบูรณ์,บ้านโคก
1078,2566,เมืองเพชรบูรณ์,อินโนเวทีฟ สวิส อะกริคัลเจอร์ เพชรบูรณ์,เลขที่ 9/2 หมู่ 5 ตำบลสะเดียง อำเภอเมืองเพชรบูรณ์ เพชรบูรณ์ 67000,สำนักงานเกษตรจังหวัดเพชรบูรณ์,สะเดียง
1079,2566,เมืองเพชรบูรณ์,พญาแพะเพชรบูรณ์,เลขที่ 363 หมู่ 1 ตำบลวังชมภู อำเภอเมืองเพชรบูรณ์ เพชรบูรณ์ 67210,สำนักงานเกษตรจังหวัดเพชรบูรณ์,วังชมภู
1080,2566,เมืองเพชรบูรณ์,กลุ่มโกโก้นางั่ว,เลขที่ 38/1 หมู่ 9 ตำบลนางั่ว อำเภอเมืองเพชรบูรณ์ เพชรบูรณ์ 67000,สำนักงานเกษตรจังหวัดเพชรบูรณ์,นางั่ว
1081,2566,เมืองเพชรบูรณ์,กลุ่มเกษตรอินทรีย์วิถีพอเพียง 459 แปรรูปผลผลิตอีโดกวังจาน,เลขที่ 75 หมู่ 9 ตำบลบ้านโตก อำเภอเมืองเพชรบูรณ์ เพชรบูรณ์ 67000,สำนักงานเกษตรจังหวัดเพชรบูรณ์,บ้านโตก
1082,2566,เมืองเพชรบูรณ์,รักวังชมภูรักโลก,เลขที่ 90 หมู่ 10 ตำบลห้วยสะแก อำเภอเมืองเพชรบูรณ์ เพชรบูรณ์ 67210,สำนักงานเกษตรจังหวัดเพชรบูรณ์,ห้วยสะแก
1083,2566,เมืองเพชรบูรณ์,พืชพลังงานพาไทยก้าวไกล,เลขที่ 95/1 หมู่ 14 ตำบลนายม อำเภอเมืองเพชรบูรณ์ เพชรบูรณ์ 67210,สำนักงานเกษตรจังหวัดเพชรบูรณ์,นายม
1084,2566,เมืองเพชรบูรณ์,โคขุนตำบลวังชมภู,เลขที่ 88 หมู่ 2 ตำบลวังชมภู อำเภอเมืองเพชรบูรณ์ เพชรบูรณ์ 67210,สำนักงานเกษตรจังหวัดเพชรบูรณ์,วังชมภู
1085,2566,เมืองเพชรบูรณ์,ตลาดเกษตรกรมีสุขปากปู่,เลขที่ 62/1 หมู่ 8 ตำบลนางั่ว อำเภอเมืองเพชรบูรณ์ เพชรบูรณ์ 67000,สำนักงานเกษตรจังหวัดเพชรบูรณ์,นางั่ว
1086,2566,เมืองเพชรบูรณ์,กลุ่มเกษตรบุฉนวน หมู่ 1 ต.น้ำร้อน,เลขที่ 215 หมู่ 1 ตำบลน้ำร้อน อำเภอเมืองเพชรบูรณ์ เพชรบูรณ์ 67000,สำนักงานเกษตรจังหวัดเพชรบูรณ์,น้ำร้อน
1087,2566,เมืองเพชรบูรณ์,เกษตรอินทรีย์บ้านพลำตำบลป่าเลา,เลขที่ 225 หมู่ 9 ตำบลป่าเลา อำเภอเมืองเพชรบูรณ์ เพชรบูรณ์ 67000,สำนักงานเกษตรจังหวัดเพชรบูรณ์,ป่าเลา
1088,2566,เมืองเพชรบูรณ์,วังซองร่วมใจรักษ์,เลขที่ 218 หมู่ 9 ตำบลท่าพล อำเภอเมืองเพชรบูรณ์ เพชรบูรณ์ 67250,สำนักงานเกษตรจังหวัดเพชรบูรณ์,ท่าพล
1089,2566,เมืองเพชรบูรณ์,กลุ่มแปรรูปผลผลิตทางการเกษตร หมู่ 12 บ้านผาแดง,เลขที่ 206 หมู่ 12 ตำบลนายม อำเภอเมืองเพชรบูรณ์ เพชรบูรณ์ 67210,สำนักงานเกษตรจังหวัดเพชรบูรณ์,นายม
1090,2566,เมืองเพชรบูรณ์,เกษตรผสมผสานและการแปรรูปสมุนไพรเชิงพาณิชย์,เลขที่ 282 หมู่ 7 ตำบลนางั่ว อำเภอเมืองเพชรบูรณ์ เพชรบูรณ์ 67000,สำนักงานเกษตรจังหวัดเพชรบูรณ์,นางั่ว
1091,2566,เมืองเพชรบูรณ์,แปรรูปมะขามบ้านซับชมภู,เลขที่ 120/3 หมู่ 8 ตำบลระวิง อำเภอเมืองเพชรบูรณ์ เพชรบูรณ์ 67210,สำนักงานเกษตรจังหวัดเพชรบูรณ์,ลระวิง
1092,2566,เมืองเพชรบูรณ์,เกษตรกรปลูกข้าว,เลขที่ 148 หมู่ 7 ตำบลห้วยสะแก อำเภอเมืองเพชรบูรณ์ เพชรบูรณ์ 67210,สำนักงานเกษตรจังหวัดเพชรบูรณ์,ห้วยสะแก
1093,2566,เมืองเพชรบูรณ์,กลุ่มเกษตรอินทรีย์พระใหญ่,เลขที่ 14/1 หมู่ 10 ตำบลนางั่ว อำเภอเมืองเพชรบูรณ์ เพชรบูรณ์ 67000,สำนักงานเกษตรจังหวัดเพชรบูรณ์,นางั่ว
1094,2566,เมืองเพชรบูรณ์,กลุ่มผู้เลี้ยงโคบ้านห้วยไคร้ หมู่ 5 ตะเบาะ,เลขที่ 106 หมู่ 5 ตำบลตะเบาะ อำเภอเมืองเพชรบูรณ์ เพชรบูรณ์ 67000,สำนักงานเกษตรจังหวัดเพชรบูรณ์,ตะเบาะ
1095,2566,เมืองเพชรบูรณ์,กลุ่มมะขามหวานร่วมใจพัฒนาบ้านพลำ,เลขที่ 102 หมู่ 13 ตำบลป่าเลา อำเภอเมืองเพชรบูรณ์ เพชรบูรณ์ 67000,สำนักงานเกษตรจังหวัดเพชรบูรณ์,ป่าเลา
1096,2566,เมืองเพชรบูรณ์,กลุ่มผู้เลี้ยงแพะ-แกะ อำเภอเมือง,เลขที่ 25 หมู่ 6 ตำบลป่าเลา อำเภอเมืองเพชรบูรณ์ เพชรบูรณ์ 67000,สำนักงานเกษตรจังหวัดเพชรบูรณ์,ป่าเลา
1097,2566,เมืองเพชรบูรณ์,กลุ่มปลูกข้าวโพดป่าแดงเหนือ,เลขที่ 46 หมู่ 3 ตำบลป่าเลา อำเภอเมืองเพชรบูรณ์ เพชรบูรณ์ 67000,สำนักงานเกษตรจังหวัดเพชรบูรณ์,ป่าเลา
1098,2566,เมืองเพชรบูรณ์,ผู้ผลิตพืชผักปลอดภัยห้วยสะแก,เลขที่ 9809 หมู่ 8 ตำบลห้วยสะแก อำเภอเมืองเพชรบูรณ์ เพชรบูรณ์ 67210,สำนักงานเกษตรจังหวัดเพชรบูรณ์,ห้วยสะแก
1099,2566,เมืองเพชรบูรณ์,แปลงใหญ่ปลาตะเพียนบ้านคลองสำโรง,เลขที่ 203 หมู่ 6 ตำบลชอนไพร อำเภอเมืองเพชรบูรณ์ เพชรบูรณ์ 67000,สำนักงานเกษตรจังหวัดเพชรบูรณ์,ชอนไพร
1100,2566,เมืองเพชรบูรณ์,กลุ่มคนเลี้ยงแพะบ้านตะเบาะน้อย,เลขที่ 184 หมู่ 3 ตำบลตะเบาะ อำเภอเมืองเพชรบูรณ์ เพชรบูรณ์ 67000,สำนักงานเกษตรจังหวัดเพชรบูรณ์,ตะเบาะ
1101,2566,เมืองเพชรบูรณ์,เลี้ยงวัวเนื้อบ้านบุฉนวน,เลขที่ 189 หมู่ 1 ตำบลน้ำร้อน อำเภอเมืองเพชรบูรณ์ เพชรบูรณ์ 67000,สำนักงานเกษตรจังหวัดเพชรบูรณ์,น้ำร้อน
1102,2566,เมืองเพชรบูรณ์,เกษตรอินทรีย์นางั่ว,เลขที่ 5/4 หมู่ 6 ตำบลนางั่ว อำเภอเมืองเพชรบูรณ์ เพชรบูรณ์ 67000,สำนักงานเกษตรจังหวัดเพชรบูรณ์,นางั่ว
1103,2566,เมืองเพชรบูรณ์,ผู้ปลูกข้าวโพดเลี้ยงสัตว์แปลงใหญ่ตำบลห้วยสะแก,เลขที่ 51 หมู่ 4 ตำบลห้วยสะแก อำเภอเมืองเพชรบูรณ์ เพชรบูรณ์ 67210,สำนักงานเกษตรจังหวัดเพชรบูรณ์,ห้วยสะแก
1104,2566,เมืองเพชรบูรณ์,กลุ่มคนรักแพะ,เลขที่ 164/2 หมู่ 4 ตำบลนาป่า อำเภอเมืองเพชรบูรณ์ เพชรบูรณ์ 67000,สำนักงานเกษตรจังหวัดเพชรบูรณ์,นาป่า
1105,2566,เมืองเพชรบูรณ์,การเลี้ยงหมูขุนวิถีธรรมชาติเพื่อความยั่งยืน,เลขที่ 58/11 ตำบลในเมือง อำเภอเมืองเพชรบูรณ์ เพชรบูรณ์ 67000,สำนักงานเกษตรจังหวัดเพชรบูรณ์,ในเมือง
1106,2566,เมืองเพชรบูรณ์,แปรรูปพริกแม่สะอาดเสวย,เลขที่ 196 หมู่ 3 ตำบลห้วยสะแก อำเภอเมืองเพชรบูรณ์ เพชรบูรณ์ 67210,สำนักงานเกษตรจังหวัดเพชรบูรณ์,ห้วยสะแก
1107,2566,เมืองเพชรบูรณ์,เกษตรแปรรูป หมู่ที่ 2 ต.นาป่า,เลขที่ 119 หมู่ 2 ตำบลนาป่า อำเภอเมืองเพชรบูรณ์ เพชรบูรณ์ 67000,สำนักงานเกษตรจังหวัดเพชรบูรณ์,นาป่า
1108,2566,เมืองเพชรบูรณ์,กลุ่มผลิตภัณฑ์แปรรูปมะขาม,เลขที่ 127/1 หมู่ 8 ตำบลท่าพล อำเภอเมืองเพชรบูรณ์ เพชรบูรณ์ 67250,สำนักงานเกษตรจังหวัดเพชรบูรณ์,ท่าพล
1109,2566,เมืองเพชรบูรณ์,ข้าวหอมมะลิแปลงใหญ่ปลอดสารพิษ,เลขที่ 51/1 หมู่ 10 ตำบลป่าเลา อำเภอเมืองเพชรบูรณ์ เพชรบูรณ์ 67000,สำนักงานเกษตรจังหวัดเพชรบูรณ์,ป่าเลา
1110,2566,เมืองเพชรบูรณ์,ปลูกมะม่วงน้ำดอกไม้สีทองตำบลดงมูลเหล็ก,เลขที่ 154 หมู่ 2 ตำบลดงมูลเหล็ก อำเภอเมืองเพชรบูรณ์ เพชรบูรณ์ 67000,สำนักงานเกษตรจังหวัดเพชรบูรณ์,ดงมูลเหล็ก
1111,2566,เมืองเพชรบูรณ์,กลุ่มผู้เลี้ยงโคเนื้อ ตำบลห้วยใหญ่,เลขที่ 145 หมู่ 7 ตำบลห้วยใหญ่ อำเภอเมืองเพชรบูรณ์ เพชรบูรณ์ 67000,สำนักงานเกษตรจังหวัดเพชรบูรณ์,ห้วยใหญ่
1112,2566,เมืองเพชรบูรณ์,เกษตรบ้านหัวนา,เลขที่ 36/1 หมู่ 8 ตำบลบ้านโคก อำเภอเมืองเพชรบูรณ์ เพชรบูรณ์ 67000,สำนักงานเกษตรจังหวัดเพชรบูรณ์,บ้านโคก
1113,2566,เมืองเพชรบูรณ์,เกษตรร่วมใจนางั่ว,เลขที่ 24 หมู่ 4 ตำบลนางั่ว อำเภอเมืองเพชรบูรณ์ เพชรบูรณ์ 67000,สำนักงานเกษตรจังหวัดเพชรบูรณ์,นางั่ว
1114,2566,เมืองเพชรบูรณ์,ส่งเสริมอาชีพเกษตรบ้านป่าบง 2560,เลขที่ 224 หมู่ 7 ตำบลตะเบาะ อำเภอเมืองเพชรบูรณ์ เพชรบูรณ์ 67000,สำนักงานเกษตรจังหวัดเพชรบูรณ์,ตะเบาะ
1115,2566,เมืองเพชรบูรณ์,กลุ่มปุ๋ยเพื่อนเกษตร ม.6 ต.ตะเบาะ,เลขที่ 49/1 หมู่ 6 ตำบลตะเบาะ อำเภอเมืองเพชรบูรณ์ เพชรบูรณ์ 67000,สำนักงานเกษตรจังหวัดเพชรบูรณ์,ตะเบาะ
1116,2566,เมืองเพชรบูรณ์,การผลิตและแปรรูปอาหารเพื่อสุขภาพ,เลขที่ 111 หมู่ 2 ตำบลห้วยใหญ่ อำเภอเมืองเพชรบูรณ์ เพชรบูรณ์ 67000,สำนักงานเกษตรจังหวัดเพชรบูรณ์,ห้วยใหญ่
1117,2566,เมืองเพชรบูรณ์,กลุ่มผู้เลี้ยงโค ต.ห้วยสะแก,เลขที่ 66/1 หมู่ 6 ตำบลห้วยสะแก อำเภอเมืองเพชรบูรณ์ เพชรบูรณ์ 67210,สำนักงานเกษตรจังหวัดเพชรบูรณ์,ตำบลห้วยสะแก
1118,2566,เมืองเพชรบูรณ์,กลุ่มเปลผลิตภัณฑ์จากผ้าบ้านชัยเจริญ,เลขที่ 112 หมู่ 11 ตำบลห้วยสะแก อำเภอเมืองเพชรบูรณ์ เพชรบูรณ์ 67210,สำนักงานเกษตรจังหวัดเพชรบูรณ์,ตำบลห้วยสะแก
1119,2566,เมืองเพชรบูรณ์,กลุ่มผู้เลี้ยงโคเนื้อ บ้านดงผักกูด ม.14,เลขที่ 39 หมู่ 14 ตำบลห้วยสะแก อำเภอเมืองเพชรบูรณ์ เพชรบูรณ์ 67210,สำนักงานเกษตรจังหวัดเพชรบูรณ์,ตำบลห้วยสะแก
1120,2566,เมืองเพชรบูรณ์,กลุ่มผู้เลี้ยงโคขุนบ้านไร่ยาน,เลขที่ 65/1 หมู่ 10 ตำบลตะเบาะ อำเภอเมืองเพชรบูรณ์ เพชรบูรณ์ 67000,สำนักงานเกษตรจังหวัดเพชรบูรณ์,ตำบลตะเบาะ
1121,2566,เมืองเพชรบูรณ์,โคเนื้อบ้านห้วยไร่ 2559,เลขที่ 30 หมู่ 3 ตำบลระวิง อำเภอเมืองเพชรบูรณ์ เพชรบูรณ์ 67210,สำนักงานเกษตรจังหวัดเพชรบูรณ์,ตำบลระวิง
1122,2566,เมืองเพชรบูรณ์,โคเนื้อบ้านห้วยทราย 2559,เลขที่ 54/2 หมู่ 3 ตำบลระวิง อำเภอเมืองเพชรบูรณ์ เพชรบูรณ์ 67210,สำนักงานเกษตรจังหวัดเพชรบูรณ์,ตำบลระวิง
1123,2566,เมืองเพชรบูรณ์,โคเนื้อบ้านหนองหิน,เลขที่ 17 หมู่ 3 ตำบลห้วยสะแก อำเภอเมืองเพชรบูรณ์ เพชรบูรณ์ 67210,สำนักงานเกษตรจังหวัดเพชรบูรณ์,ตำบลห้วยสะแก
1124,2566,เมืองเพชรบูรณ์,กลุ่มเกษตรพัฒนา,เลขที่ 105 หมู่ 8 ตำบลห้วยสะแก อำเภอเมืองเพชรบูรณ์ เพชรบูรณ์ 67210,สำนักงานเกษตรจังหวัดเพชรบูรณ์,ตำบลห้วยสะแก
1125,2566,เมืองเพชรบูรณ์,จำหน่ายปัจจัยการผลิตทางการเกษตรบ้านทุ่งหินปูน 2559,เลขที่ 131 หมู่ 4 ตำบลน้ำร้อน อำเภอเมืองเพชรบูรณ์ เพชรบูรณ์ 67000,สำนักงานเกษตรจังหวัดเพชรบูรณ์,ตำบลน้ำร้อน
1126,2566,เมืองเพชรบูรณ์,นารวมบ้านวังทอง,เลขที่ 81 หมู่ 4 ตำบลวังชมภู อำเภอเมืองเพชรบูรณ์ เพชรบูรณ์ 67210,สำนักงานเกษตรจังหวัดเพชรบูรณ์,ตำบลวังชมภู
1127,2566,เมืองเพชรบูรณ์,ปัจจัยผลิตทางการเกษตรบ้านบุสง่า 2559,เลขที่ 144 หมู่ 10 ตำบลน้ำร้อน อำเภอเมืองเพชรบูรณ์ เพชรบูรณ์ 67000,สำนักงานเกษตรจังหวัดเพชรบูรณ์,ตำบลน้ำร้อน
1128,2566,เมืองเพชรบูรณ์,ส่งเสริมอาชีพการเกษตรบ้านน้ำร้อน ปี 2559,เลขที่ 148 หมู่ 3 ตำบลน้ำร้อน อำเภอเมืองเพชรบูรณ์ เพชรบูรณ์ 67000,สำนักงานเกษตรจังหวัดเพชรบูรณ์,ตำบลน้ำร้อน
1129,2566,เมืองเพชรบูรณ์,แปรรูปผลผลิตทางการเกษตรบ้านนางั่วเหนือ,เลขที่ 75/1 หมู่ 11 ตำบลนางั่ว อำเภอเมืองเพชรบูรณ์ เพชรบูรณ์ 67000,สำนักงานเกษตรจังหวัดเพชรบูรณ์,ตำบลนางั่ว
1130,2566,เมืองเพชรบูรณ์,กลุ่มส่งเสริมอาชีพเพาะเห็ดบ้านปากปู่,เลขที่ 33 หมู่ 10 ตำบลสะเดียง อำเภอเมืองเพชรบูรณ์ เพชรบูรณ์ 67000,สำนักงานเกษตรจังหวัดเพชรบูรณ์,ตำบลสะเดียง
1131,2566,เมืองเพชรบูรณ์,นวัตกรรมผ้าเพชรบูรณ์,เลขที่ 127 หมู่ 18 ตำบลท่าพล อำเภอเมืองเพชรบูรณ์ เพชรบูรณ์ 67250,สำนักงานเกษตรจังหวัดเพชรบูรณ์,ตำบลท่าพล
1132,2566,เมืองเพชรบูรณ์,พันธุ์ข้าวบ้านซำเรียง 2558,เลขที่ 78 หมู่ 8 ตำบลน้ำร้อน อำเภอเมืองเพชรบูรณ์ เพชรบูรณ์ 67000,สำนักงานเกษตรจังหวัดเพชรบูรณ์,ตำบลน้ำร้อน
1133,2566,เมืองเพชรบูรณ์,พันธุ์ข้าวโพดบ้านหนองตาวงค์ 2558,เลขที่ 196 หมู่ 5 ตำบลน้ำร้อน อำเภอเมืองเพชรบูรณ์ เพชรบูรณ์ 67000,สำนักงานเกษตรจังหวัดเพชรบูรณ์,ตำบลน้ำร้อน
1134,2566,เมืองเพชรบูรณ์,โคขุนบ้านซำบอน 2558,เลขที่ 179 หมู่ 11 ตำบลน้ำร้อน อำเภอเมืองเพชรบูรณ์ เพชรบูรณ์ 67000,สำนักงานเกษตรจังหวัดเพชรบูรณ์,ตำบลน้ำร้อน
1135,2566,เมืองเพชรบูรณ์,กลุ่มเกษตรพอเพียงบ้านไทรงาม,เลขที่ 51/1 หมู่ 9 ตำบลสะเดียง อำเภอเมืองเพชรบูรณ์ เพชรบูรณ์ 67000,สำนักงานเกษตรจังหวัดเพชรบูรณ์,ตำบลสะเดียง
1136,2566,เมืองเพชรบูรณ์,พันธุ์ข้าวบ้านโมคลา 2558,เลขที่ 25 หมู่ 6 ตำบลน้ำร้อน อำเภอเมืองเพชรบูรณ์ เพชรบูรณ์ 67000,สำนักงานเกษตรจังหวัดเพชรบูรณ์,ตำบลน้ำร้อน
1137,2566,เมืองเพชรบูรณ์,กลุ่มเกษตรอินทรีย์บ้านไร่สีอำพัน,เลขที่ 234 หมู่ 2 ตำบลน้ำร้อน อำเภอเมืองเพชรบูรณ์ เพชรบูรณ์ 67000,สำนักงานเกษตรจังหวัดเพชรบูรณ์,ตำบลน้ำร้อน
1138,2566,เมืองเพชรบูรณ์,ผู้เลี้ยงสุกรและแปรรูปสุกรบ้านห้วยไร่ 2558,เลขที่ 172 หมู่ 3 ตำบลระวิง อำเภอเมืองเพชรบูรณ์ เพชรบูรณ์ 67210,สำนักงานเกษตรจังหวัดเพชรบูรณ์,ตำบลระวิง
1139,2566,เมืองเพชรบูรณ์,ข้าวโพดบ้านซำบอน 57,เลขที่ 11 หมู่ 11 ตำบลน้ำร้อน อำเภอเมืองเพชรบูรณ์ เพชรบูรณ์ 67000,สำนักงานเกษตรจังหวัดเพชรบูรณ์,ตำบลน้ำร้อน
1140,2566,เมืองเพชรบูรณ์,ชาวนาบ้านวังขอน ปี 57,เลขที่ 123 หมู่ 2 ตำบลระวิง อำเภอเมืองเพชรบูรณ์ เพชรบูรณ์ 67210,สำนักงานเกษตรจังหวัดเพชรบูรณ์,ตำบลระวิง
1141,2566,เมืองเพชรบูรณ์,ผลิตข้าวปลอดสารพิษตำบลชอนไพร,เลขที่ 209 หมู่ 3 ตำบลชอนไพร อำเภอเมืองเพชรบูรณ์ เพชรบูรณ์ 67000,สำนักงานเกษตรจังหวัดเพชรบูรณ์,ตำบลชอนไพร
1142,2566,เมืองเพชรบูรณ์,กลุ่มเกษตรปลูกพืชผักหมุนเวียนบ้านซับชมภู,เลขที่ 407 หมู่ 8 ตำบลระวิง อำเภอเมืองเพชรบูรณ์ เพชรบูรณ์ 67210,สำนักงานเกษตรจังหวัดเพชรบูรณ์,ตำบลระวิง
1143,2566,เมืองเพชรบูรณ์,กลุ่มส่งเสริมอาชีพแปรรูปมะขามหวานบ้านโนนเสาธง,เลขที่ 202 หมู่ 6 ตำบลตะเบาะ อำเภอเมืองเพชรบูรณ์ เพชรบูรณ์ 67000,สำนักงานเกษตรจังหวัดเพชรบูรณ์,ตำบลตะเบาะ
1144,2566,เมืองเพชรบูรณ์,กลุ่มปลูกผัก หมู่ 6 บ้านท่ากกตาล,เลขที่ 116/3 หมู่ 6 ตำบลดงมูลเหล็ก อำเภอเมืองเพชรบูรณ์ เพชรบูรณ์ 67000,สำนักงานเกษตรจังหวัดเพชรบูรณ์,ตำบลดงมูลเหล็ก
1145,2566,เมืองเพชรบูรณ์,ธนาคารหมู่บ้านตามแนวพระราชดำริ หมู่ 15 ต.นาป่า,เลขที่ 9 หมู่ 15 ตำบลนาป่า อำเภอเมืองเพชรบูรณ์ เพชรบูรณ์ 67000,สำนักงานเกษตรจังหวัดเพชรบูรณ์,ตำบลนาป่า
1146,2566,เมืองเพชรบูรณ์,แปรรูปผลผลิตการเกษตรตำบลป่าเลาเมืองเพชรบูรณ์,เลขที่ 23/7 หมู่ 2 ตำบลป่าเลา อำเภอเมืองเพชรบูรณ์ เพชรบูรณ์ 67000,สำนักงานเกษตรจังหวัดเพชรบูรณ์,ตำบลป่าเลา
1147,2566,เมืองเพชรบูรณ์,กลุ่มบริการมะขามหวานบ้านซับชมภู,เลขที่ 90 หมู่ 8 ตำบลระวิง อำเภอเมืองเพชรบูรณ์ เพชรบูรณ์ 67210,สำนักงานเกษตรจังหวัดเพชรบูรณ์,ตำบลระวิง
1148,2566,เมืองเพชรบูรณ์,กลุ่มเลี้ยงโคเนื้อมิตรใหม่พัฒนา,เลขที่ 154 หมู่ 9 ตำบลตะเบาะ อำเภอเมืองเพชรบูรณ์ เพชรบูรณ์ 67000,สำนักงานเกษตรจังหวัดเพชรบูรณ์,ตำบลตะเบาะ
1149,2566,เมืองเพชรบูรณ์,คนรักวัว,เลขที่ 84 หมู่ 7 ตำบลห้วยสะแก อำเภอเมืองเพชรบูรณ์ เพชรบูรณ์ 67210,สำนักงานเกษตรจังหวัดเพชรบูรณ์,ตำบลห้วยสะแก
1150,2566,เมืองเพชรบูรณ์,เกษตรกรผู้ทำข้าว,เลขที่ 54 หมู่ 7 ตำบลห้วยสะแก อำเภอเมืองเพชรบูรณ์ เพชรบูรณ์ 67210,สำนักงานเกษตรจังหวัดเพชรบูรณ์,ตำบลห้วยสะแก
1151,2566,เมืองเพชรบูรณ์,กลุ่มจัดซื้อผลผลิตมะขามหวานบ้านยางลาด,เลขที่ 55 หมู่ 8 ตำบลระวิง อำเภอเมืองเพชรบูรณ์ เพชรบูรณ์ 67210,สำนักงานเกษตรจังหวัดเพชรบูรณ์,ตำบลระวิง
1152,2566,เมืองเพชรบูรณ์,กลุ่มออมทรัพย์เพื่อการเกษตร ม.9 ต.บ้านโตก,เลขที่ 92/1 หมู่ 9 ตำบลบ้านโตก อำเภอเมืองเพชรบูรณ์ เพชรบูรณ์ 67000,สำนักงานเกษตรจังหวัดเพชรบูรณ์,ตำบลบ้านโตก
1153,2566,เมืองเพชรบูรณ์,กลุ่มเกษตรกรกสิกรรมธรรมชาติท่าพล,เลขที่ 19 หมู่ 13 ตำบลท่าพล อำเภอเมืองเพชรบูรณ์ เพชรบูรณ์ 67250,สำนักงานเกษตรจังหวัดเพชรบูรณ์,ตำบลท่าพล
1154,2566,เมืองเพชรบูรณ์,กลุ่มผู้เลี้ยงหมู บ้านบุฉนวน,เลขที่ 52 หมู่ 10 ตำบลน้ำร้อน อำเภอเมืองเพชรบูรณ์ เพชรบูรณ์ 67000,สำนักงานเกษตรจังหวัดเพชรบูรณ์,ตำบลน้ำร้อน
1155,2566,เมืองเพชรบูรณ์,กลุ่มผู้เลี้ยงสุกรบ้านบุสง่า,เลขที่ 191 หมู่ 10 ตำบลน้ำร้อน อำเภอเมืองเพชรบูรณ์ เพชรบูรณ์ 67000,สำนักงานเกษตรจังหวัดเพชรบูรณ์,ตำบลน้ำร้อน
1156,2566,เมืองเพชรบูรณ์,ศูนย์ผลิตเมล็ดพันธุ์พืชตำบลนาป่า,เลขที่ 64 หมู่ 7 ตำบลนาป่า อำเภอเมืองเพชรบูรณ์ เพชรบูรณ์ 67000,สำนักงานเกษตรจังหวัดเพชรบูรณ์,ตำบลนาป่า
1157,2566,เมืองเพชรบูรณ์,กลุ่มมะขามหวานศรีทองเกษตร ม.9,เลขที่ 78 หมู่ 9 ตำบลน้ำร้อน อำเภอเมืองเพชรบูรณ์ เพชรบูรณ์ 67000,สำนักงานเกษตรจังหวัดเพชรบูรณ์,ตำบลน้ำร้อน
1158,2566,เมืองเพชรบูรณ์,ศูนย์ผลิตเมล็ดพันธุ์พืชตำบลน้ำร้อน,เลขที่ 14 หมู่ 10 ตำบลน้ำร้อน อำเภอเมืองเพชรบูรณ์ เพชรบูรณ์ 67000,สำนักงานเกษตรจังหวัดเพชรบูรณ์,ตำบลน้ำร้อน
1159,2566,เมืองเพชรบูรณ์,กลุ่มเลี้ยงโคเนื้อชัยมงคลก้าวหน้า,เลขที่ 110 หมู่ 1 ตำบลห้วยสะแก อำเภอเมืองเพชรบูรณ์ เพชรบูรณ์ 67210,สำนักงานเกษตรจังหวัดเพชรบูรณ์,ตำบลห้วยสะแก
1160,2566,เมืองเพชรบูรณ์,กลุ่มมงคลทิพย์ 2551,เลขที่ 90 หมู่ 1 ตำบลห้วยสะแก อำเภอเมืองเพชรบูรณ์ เพชรบูรณ์ 67210,สำนักงานเกษตรจังหวัดเพชรบูรณ์,ตำบลห้วยสะแก
1161,2566,เมืองเพชรบูรณ์,กลุ่มเลี้ยงโคเนื้อชัยมงคล 2008 หมู่ 1,เลขที่ 113/1 หมู่ 1 ตำบลห้วยสะแก อำเภอเมืองเพชรบูรณ์ เพชรบูรณ์ 67210,สำนักงานเกษตรจังหวัดเพชรบูรณ์,ตำบลห้วยสะแก
1162,2566,เมืองเพชรบูรณ์,กลุ่มเลี้ยงโคเนื้อชัยมงคลพัฒนา ปี 51 หมู่ 1,เลขที่ 89 หมู่ 1 ตำบลห้วยสะแก อำเภอเมืองเพชรบูรณ์ เพชรบูรณ์ 67210,สำนักงานเกษตรจังหวัดเพชรบูรณ์,ตำบลห้วยสะแก
1163,2566,เมืองเพชรบูรณ์,กลุ่มโคเนื้อทรัพย์เจริญ หมู่ 11 ปี 51,เลขที่ 72 หมู่ 11 ตำบลห้วยสะแก อำเภอเมืองเพชรบูรณ์ เพชรบูรณ์ 67210,สำนักงานเกษตรจังหวัดเพชรบูรณ์,ตำบลห้วยสะแก
1164,2566,เมืองเพชรบูรณ์,กลุ่มเลี้ยงโคบ้านห้วยไคร้สามัคคี,เลขที่ 152 หมู่ 5 ตำบลตะเบาะ อำเภอเมืองเพชรบูรณ์ เพชรบูรณ์ 67000,สำนักงานเกษตรจังหวัดเพชรบูรณ์,ตำบลตะเบาะ
1165,2566,เมืองเพชรบูรณ์,กลุ่มผู้เลี้ยงหมูร่วมใจบ้านพลำ หมู่ 6,เลขที่ 93/2 หมู่ 6 ตำบลป่าเลา อำเภอเมืองเพชรบูรณ์ เพชรบูรณ์ 67000,สำนักงานเกษตรจังหวัดเพชรบูรณ์,ตำบลป่าเลา
1166,2566,เมืองเพชรบูรณ์,กลุ่มป้ายไม้มงคล,เลขที่ 34 หมู่ 3 ตำบลนางั่ว อำเภอเมืองเพชรบูรณ์ เพชรบูรณ์ 67000,สำนักงานเกษตรจังหวัดเพชรบูรณ์,ตำบลนางั่ว
1167,2566,เมืองเพชรบูรณ์,กลุ่มเลี้ยงโคชัยมงคล กลุ่มที่  1,เลขที่ 13/1 หมู่ 1 ตำบลห้วยสะแก อำเภอเมืองเพชรบูรณ์ เพชรบูรณ์ 67210,สำนักงานเกษตรจังหวัดเพชรบูรณ์,ตำบลห้วยสะแก
1168,2566,เมืองเพชรบูรณ์,กลุ่มออมทรัพย์โคบาล,เลขที่ 93/1 หมู่ 3 ตำบลห้วยสะแก อำเภอเมืองเพชรบูรณ์ เพชรบูรณ์ 67210,สำนักงานเกษตรจังหวัดเพชรบูรณ์,ตำบลห้วยสะแก
1169,2566,เมืองเพชรบูรณ์,กลุ่มเลี้ยงโคเนื้อชัยเจริญ  49,เลขที่ 28 หมู่ 11 ตำบลห้วยสะแก อำเภอเมืองเพชรบูรณ์ เพชรบูรณ์ 67210,สำนักงานเกษตรจังหวัดเพชรบูรณ์,ตำบลห้วยสะแก
1170,2566,เมืองเพชรบูรณ์,กลุ่มโคเนื้อโชคเจริญทรัพย์ หมู่  11,เลขที่ 26 หมู่ 11 ตำบลห้วยสะแก อำเภอเมืองเพชรบูรณ์ เพชรบูรณ์ 67210,สำนักงานเกษตรจังหวัดเพชรบูรณ์,ตำบลห้วยสะแก
1171,2566,เมืองเพชรบูรณ์,กลุ่มเลี้ยงโคเนื้อชัยเจริญพัฒนา กลุ่มที่ 1,เลขที่ 25 หมู่ 11 ตำบลห้วยสะแก อำเภอเมืองเพชรบูรณ์ เพชรบูรณ์ 67210,สำนักงานเกษตรจังหวัดเพชรบูรณ์,ตำบลห้วยสะแก
1172,2566,เมืองเพชรบูรณ์,กลุ่มกองทุนเพื่อการเกษตร หมู่ 8 บ้านซำบอน,เลขที่ 273/3 หมู่ 8 ตำบลห้วยใหญ่ อำเภอเมืองเพชรบูรณ์ เพชรบูรณ์ 67000,สำนักงานเกษตรจังหวัดเพชรบูรณ์,ตำบลห้วยใหญ่
1173,2566,เมืองเพชรบูรณ์,กลุ่มข้าวโพดบ้านซำบอน หมู่ 8  ต. ห้วยใหญ่,เลขที่ 15 หมู่ 8 ตำบลห้วยใหญ่ อำเภอเมืองเพชรบูรณ์ เพชรบูรณ์ 67000,สำนักงานเกษตรจังหวัดเพชรบูรณ์,ตำบลห้วยใหญ่
1174,2566,เมืองเพชรบูรณ์,กลุ่มปลูกข้าวโพดบ้านน้ำร้อนเหนือ  หมู่ 2,เลขที่ 16 หมู่ 2 ตำบลน้ำร้อน อำเภอเมืองเพชรบูรณ์ เพชรบูรณ์ 67000,สำนักงานเกษตรจังหวัดเพชรบูรณ์,ตำบลน้ำร้อน
1175,2566,เมืองเพชรบูรณ์,กลุ่มแปรรูปผลิตภัณฑ์ทางการเกษตร หมู่ 3  ต. บ้านโคก,เลขที่ 86 หมู่ 3 ตำบลบ้านโคก อำเภอเมืองเพชรบูรณ์ เพชรบูรณ์ 67000,สำนักงานเกษตรจังหวัดเพชรบูรณ์,ตำบลบ้านโคก
1176,2566,เมืองเพชรบูรณ์,ศูนย์ผลิตเมล็ดพันธุ์กลุ่ม 2 หมู่ 4 บ้านป่าแดง,เลขที่ 73 หมู่ 4 ตำบลป่าเลา อำเภอเมืองเพชรบูรณ์ เพชรบูรณ์ 67000,สำนักงานเกษตรจังหวัดเพชรบูรณ์,ตำบลป่าเลา
1177,2566,เมืองเพชรบูรณ์,กลุ่มเลี้ยงวัวพันธุ์เนื้อร่วมใจ ธ.ก.ส. บ้านบุฉนวน,เลขที่ 135/1 หมู่ 1 ตำบลน้ำร้อน อำเภอเมืองเพชรบูรณ์ เพชรบูรณ์ 67000,สำนักงานเกษตรจังหวัดเพชรบูรณ์,ตำบลน้ำร้อน
1178,2566,เมืองเพชรบูรณ์,กลุ่มผู้ปลูกข้าวหอมมะลิหนองผักบุ้งพัฒนา,เลขที่ 49 หมู่ 1 ตำบลนายม อำเภอเมืองเพชรบูรณ์ เพชรบูรณ์ 67210,สำนักงานเกษตรจังหวัดเพชรบูรณ์,ตำบลนายม
1179,2566,เมืองเพชรบูรณ์,กลุ่มมะขามหวานแปรรูปบุญคง 48,เลขที่ 145/1 หมู่ 1 ตำบลวังชมภู อำเภอเมืองเพชรบูรณ์ เพชรบูรณ์ 67210,สำนักงานเกษตรจังหวัดเพชรบูรณ์,ตำบลวังชมภู
1180,2566,เมืองเพชรบูรณ์,กลุ่มสตรีกล้วยฉาบแม่บ้านซำบอน หมู่ 8,เลขที่ 33/1 หมู่ 8 ตำบลห้วยใหญ่ อำเภอเมืองเพชรบูรณ์ เพชรบูรณ์ 67000,สำนักงานเกษตรจังหวัดเพชรบูรณ์,ตำบลห้วยใหญ่
1181,2566,เมืองเพชรบูรณ์,กลุ่มเลี้ยงวัวพันธุ์เนื้อบ้านน้อย ต. น้ำร้อน,เลขที่ 187 หมู่ 10 ตำบลน้ำร้อน อำเภอเมืองเพชรบูรณ์ เพชรบูรณ์ 67000,สำนักงานเกษตรจังหวัดเพชรบูรณ์,ตำบลน้ำร้อน
1182,2566,เมืองเพชรบูรณ์,กลุ่มตัดเย็บเสื้อผ้าบ้านเนินสง่า หมู่ 6,เลขที่ 90/3 หมู่ 6 ตำบลห้วยสะแก อำเภอเมืองเพชรบูรณ์ เพชรบูรณ์ 67210,สำนักงานเกษตรจังหวัดเพชรบูรณ์,ตำบลห้วยสะแก
1183,2566,เมืองเพชรบูรณ์,กลุ่มมะขามหวานแปรรูปบ้านยาวี,เลขที่ 120/1 หมู่ 1 ตำบลวังชมภู อำเภอเมืองเพชรบูรณ์ เพชรบูรณ์ 67210,สำนักงานเกษตรจังหวัดเพชรบูรณ์,ตำบลวังชมภู
1184,2566,เมืองเพชรบูรณ์,กลุ่มแปรรูปผลไม้บ้านยาวี,เลขที่ 258 หมู่ 1 ตำบลวังชมภู อำเภอเมืองเพชรบูรณ์ เพชรบูรณ์ 67210,สำนักงานเกษตรจังหวัดเพชรบูรณ์,ตำบลวังชมภู
1185,2566,เมืองเพชรบูรณ์,กลุ่มกล้วยทิพย์บ้านวังทอง หมู่ 4,เลขที่ 59 หมู่ 4 ตำบลวังชมภู อำเภอเมืองเพชรบูรณ์ เพชรบูรณ์ 67120,สำนักงานเกษตรจังหวัดเพชรบูรณ์,ตำบลวังชมภู
1186,2566,เมืองเพชรบูรณ์,ข้าวเกรียบสมุนไพรหมู่ 5 วังชมภู,เลขที่ 173 หมู่ 5 ตำบลวังชมภู อำเภอเมืองเพชรบูรณ์ เพชรบูรณ์ 67120,สำนักงานเกษตรจังหวัดเพชรบูรณ์,ตำบลวังชมภู
1187,2566,เมืองเพชรบูรณ์,สุกรบ้านสวน,เลขที่ 380/5 ตำบลในเมือง อำเภอเมืองเพชรบูรณ์ เพชรบูรณ์ 67000,สำนักงานเกษตรจังหวัดเพชรบูรณ์,อำเภอเมืองเพชรบูรณ์
1188,2566,เมืองเพชรบูรณ์,กลุ่มเกษตรกรร่วมใจพัฒนาห้วยสะแก,เลขที่ 2 หมู่ 6 ตำบลห้วยสะแก อำเภอเมืองเพชรบูรณ์ เพชรบูรณ์ 67210,สำนักงานเกษตรจังหวัดเพชรบูรณ์,ตำบลห้วยสะแก
1189,2566,เมืองเพชรบูรณ์,เกษตรกรชีวภาพบ้าน 13 ทวีทรัพย์,เลขที่ 105/3 หมู่ 13 ตำบลห้วยสะแก อำเภอเมืองเพชรบูรณ์ เพชรบูรณ์ 67210,สำนักงานเกษตรจังหวัดเพชรบูรณ์,ตำบลห้วยสะแก
1190,2566,เมืองเพชรบูรณ์,กลุ่มเกษตรสัมพันธุ์ บ.เนินสง่า,เลขที่ 101 หมู่ 6 ตำบลห้วยสะแก อำเภอเมืองเพชรบูรณ์ เพชรบูรณ์ 67210,สำนักงานเกษตรจังหวัดเพชรบูรณ์,ตำบลห้วยสะแก
1191,2566,เมืองเพชรบูรณ์,กลุ่มเกษตรกรเพื่อการผลิต กม. 13,เลขที่ 14/1 หมู่ 13 ตำบลห้วยสะแก อำเภอเมืองเพชรบูรณ์ เพชรบูรณ์ 67210,สำนักงานเกษตรจังหวัดเพชรบูรณ์,ตำบลห้วยสะแก
1192,2566,เมืองเพชรบูรณ์,ส่งเสริมอาชีพผลิตน้ำพริกเผาปรุงสำเร็จบ้านโคก,เลขที่ 63/1 หมู่ 1 ตำบลบ้านโคก อำเภอเมืองเพชรบูรณ์ เพชรบูรณ์ 67000,สำนักงานเกษตรจังหวัดเพชรบูรณ์,ตำบลบ้านโคก
1193,2566,เมืองเพชรบูรณ์,ผู้ปลูกหอมแดงบ้านทุ่งแค,เลขที่ 29/4 หมู่ 6 ตำบลบ้านโตก อำเภอเมืองเพชรบูรณ์ เพชรบูรณ์ 67000,สำนักงานเกษตรจังหวัดเพชรบูรณ์,ตำบลบ้านโตก
1194,2566,เมืองเพชรบูรณ์,กลุ่มปลูกผักบ้านทุ่งแค,เลขที่ 149/1 หมู่ 6 ตำบลบ้านโตก อำเภอเมืองเพชรบูรณ์ เพชรบูรณ์ 67000,สำนักงานเกษตรจังหวัดเพชรบูรณ์,ตำบลบ้านโตก
1195,2566,หล่มสัก,สานสายใยใจไทยทุกภาค โฮมสเตย์ มีเขามีเรา บ้านวังรู,เลขที่ 29 หมู่ 1 ตำบลสักหลง อำเภอหล่มสัก เพชรบูรณ์ 67110,สำนักงานเกษตรจังหวัดเพชรบูรณ์,ตำบลสักหลง
1196,2566,หล่มสัก,สานสายใยใจไทยทุกภาค เกษตรอินทรีย์ชีวีปลอดภัย,เลขที่ 29/1 หมู่ 1 ตำบลสักหลง อำเภอหล่มสัก เพชรบูรณ์ 67110,สำนักงานเกษตรจังหวัดเพชรบูรณ์,ตำบลสักหลง
1197,2566,หล่มสัก,สุรากลั่นช้างคู่,เลขที่ 42 หมู่ 10 ตำบลห้วยไร่ อำเภอหล่มสัก เพชรบูรณ์ 67110,สำนักงานเกษตรจังหวัดเพชรบูรณ์,ตำบลห้วยไร่
1198,2566,หล่มสัก,กลุ่มผู้เลี้ยงไก่พันธุ์ไข่บ้านไร่นาเจริญ,เลขที่ 48 หมู่ 2 ตำบลบ้านติ้ว อำเภอหล่มสัก เพชรบูรณ์ 67110,สำนักงานเกษตรจังหวัดเพชรบูรณ์,ตำบลบ้านติ้ว
1199,2566,หล่มสัก,แปรรูปน้ำพริก หมู่บ้านไร่นาเจริญ,เลขที่ 87 หมู่ 12 ตำบลบ้านติ้ว อำเภอหล่มสัก เพชรบูรณ์ 67110,สำนักงานเกษตรจังหวัดเพชรบูรณ์,ตำบลบ้านติ้ว
1200,2566,หล่มสัก,มะขามศรีเมืองหล่ม,เลขที่ 99/8 หมู่ 1 ตำบลน้ำเฮี้ย อำเภอหล่มสัก เพชรบูรณ์ 67110,สำนักงานเกษตรจังหวัดเพชรบูรณ์,ตำบลน้ำเฮี้ย
1201,2566,หล่มสัก,รักษ์เกษตรเพชรบูรณ์,เลขที่ 345 หมู่ 11 ตำบลวัดป่า อำเภอหล่มสัก เพชรบูรณ์ 67110,สำนักงานเกษตรจังหวัดเพชรบูรณ์,ตำบลวัดป่า
1202,2566,หล่มสัก,ตลาดนัดชุมชนตำบลสักหลง,เลขที่ 100 หมู่ 5 ตำบลสักหลง อำเภอหล่มสัก เพชรบูรณ์ 67110,สำนักงานเกษตรจังหวัดเพชรบูรณ์,ตำบลสักหลง
1203,2566,หล่มสัก,กลุ่มออมทรัพย์เพื่อการผลิต ม.6 ต.ห้วยไร่,เลขที่ 42/1 หมู่ 6 ตำบลห้วยไร่ อำเภอหล่มสัก เพชรบูรณ์ 67110,สำนักงานเกษตรจังหวัดเพชรบูรณ์,ตำบลห้วยไร่
1204,2566,หล่มสัก,แปรรูปมะขาม ม.7 ต.ช้างตะลูด,เลขที่ 71/5 หมู่ 7 ตำบลช้างตะลูด อำเภอหล่มสัก เพชรบูรณ์ 67110,สำนักงานเกษตรจังหวัดเพชรบูรณ์,ตำบลช้างตะลูด
1205,2566,หล่มสัก,กลุ่มเลี้ยงจิ้งหรีดบ้านโป่งขามผาด,เลขที่ 27 หมู่ 7 ตำบลบ้านกลาง อำเภอหล่มสัก เพชรบูรณ์ 67110,สำนักงานเกษตรจังหวัดเพชรบูรณ์,ตำบลบ้านกลาง
1206,2566,หล่มสัก,กลุ่มผู้เลี้ยงแพาะบ้านน้ำพุพัฒนา,เลขที่ 19 หมู่ 11 ตำบลบ้านกลาง อำเภอหล่มสัก เพชรบูรณ์ 67110,สำนักงานเกษตรจังหวัดเพชรบูรณ์,ตำบลบ้านกลาง
1207,2566,หล่มสัก,ศูนย์ข้าวชุมชนข้าวรักษ์โลกบ้านหนองบัว,เลขที่ 7/2 หมู่ 2 ตำบลสักหลง อำเภอหล่มสัก เพชรบูรณ์ 67110,สำนักงานเกษตรจังหวัดเพชรบูรณ์,ตำบลสักหลง
1208,2566,หล่มสัก,ศูนย์ข้าวชุมชนข้าวรักษ์โลกข้าวพันธุ์ดีบ้านวังรฺู ต.สักหลง,เลขที่ 17 หมู่ 1 ตำบลสักหลง อำเภอหล่มสัก เพชรบูรณ์ 67110,สำนักงานเกษตรจังหวัดเพชรบูรณ์,ตำบลสักหลง
1209,2566,หล่มสัก,เฮือนธนัชชา ผ้าทอไทหล่ม,เลขที่ 56 หมู่ 1 ตำบลตาลเดี่ยว อำเภอหล่มสัก เพชรบูรณ์ 67110,สำนักงานเกษตรจังหวัดเพชรบูรณ์,ตำบลตาลเดี่ยว
1210,2566,หล่มสัก,เกษตรอินทรีย์ชีววิถีบ้านไร่,เลขที่ 198 หมู่ 1 ตำบลบ้านไร่ อำเภอหล่มสัก เพชรบูรณ์ 67110,สำนักงานเกษตรจังหวัดเพชรบูรณ์,ตำบลบ้านไร่
1211,2566,หล่มสัก,กลุ่มผู้เลี้ยงวัวแม่พันธ์,เลขที่ 63/1 หมู่ 2 ตำบลท่าอิบุญ อำเภอหล่มสัก เพชรบูรณ์ 67110,สำนักงานเกษตรจังหวัดเพชรบูรณ์,ตำบลท่าอิบุญ
1212,2566,หล่มสัก,กลุ่มผู้เลี้ยงไก่ไข่บ้านฟากห้วย ต.บ้านติ้ว,เลขที่ 17 หมู่ 1 ตำบลบ้านติ้ว อำเภอหล่มสัก เพชรบูรณ์ 67110,สำนักงานเกษตรจังหวัดเพชรบูรณ์,ตำบลบ้านติ้ว
1213,2566,หล่มสัก,กลุ่มเลี้ยงไก่ไข่บ้านป่าแกเครือ,เลขที่ 35 หมู่ 11 ตำบลบ้านติ้ว อำเภอหล่มสัก เพชรบูรณ์ 67110,สำนักงานเกษตรจังหวัดเพชรบูรณ์,ตำบลบ้านติ้ว
1214,2566,หล่มสัก,พิลาฟาร์มสตูดิโอ,เลขที่ 81 หมู่ 10 ตำบลน้ำชุน อำเภอหล่มสัก เพชรบูรณ์ 67110,สำนักงานเกษตรจังหวัดเพชรบูรณ์,ตำบลน้ำชุน
1215,2566,หล่มสัก,พืชผักสมุนไพรตามรอยพระบาท,เลขที่ 35/1 หมู่ 4 ตำบลช้างตะลูด อำเภอหล่มสัก เพชรบูรณ์ 67110,สำนักงานเกษตรจังหวัดเพชรบูรณ์,ตำบลช้างตะลูด
1216,2566,หล่มสัก,กลุ่มผลิตพืชผัก GAP ตำบลหนองไขว่,เลขที่ 8 หมู่ 2 ตำบลหนองไขว่ อำเภอหล่มสัก เพชรบูรณ์ 67110,สำนักงานเกษตรจังหวัดเพชรบูรณ์,ตำบลหนองไขว่
1217,2566,หล่มสัก,กลุ่มหัตถกรรมสร้างอาชีพตำบลห้วยไร่,เลขที่ 26 หมู่ 5 ตำบลห้วยไร่ อำเภอหล่มสัก เพชรบูรณ์ 67110,สำนักงานเกษตรจังหวัดเพชรบูรณ์,ตำบลห้วยไร่
1218,2566,หล่มสัก,กลุ่มพืชเศรษฐกิจตัวใหม่อำเภอหล่มสัก,เลขที่ 52 หมู่ 4 ตำบลปากช่อง อำเภอหล่มสัก เพชรบูรณ์ 67110,สำนักงานเกษตรจังหวัดเพชรบูรณ์,ตำบลปากช่อง
1219,2566,หล่มสัก,กลุ่มบ้านน้ำคำพัฒนา,เลขที่ 77 หมู่ 5 ตำบลปากช่อง อำเภอหล่มสัก เพชรบูรณ์ 67110,สำนักงานเกษตรจังหวัดเพชรบูรณ์,ตำบลปากช่อง
1220,2566,หล่มสัก,กลุ่มสมุนไพรสตรีบ้านบุ่งยาง,เลขที่ 194 หมู่ 4 ตำบลวัดป่า อำเภอหล่มสัก เพชรบูรณ์ 67110,สำนักงานเกษตรจังหวัดเพชรบูรณ์,ตำบลวัดป่า
1221,2566,หล่มสัก,ปลูกสมุนไพร หมู่4 ต.บุ่งน้ำเต้า,เลขที่ 59/1 หมู่ 4 ตำบลบุ่งน้ำเต้า อำเภอหล่มสัก เพชรบูรณ์ 67110,สำนักงานเกษตรจังหวัดเพชรบูรณ์,ตำบลบุ่งน้ำเต้า
1222,2566,หล่มสัก,กลุ่มผู้ปลูกโกโก้ตำบลบ้านติ้ว,เลขที่ 29 หมู่ 11 ตำบลบ้านติ้ว อำเภอหล่มสัก เพชรบูรณ์ 67110,สำนักงานเกษตรจังหวัดเพชรบูรณ์,ตำบลบ้านติ้ว
1223,2566,หล่มสัก,กลุ่มการผลิตพืชบ้านงิ้วงาม,เลขที่ 90 หมู่ 11 ตำบลลานบ่า อำเภอหล่มสัก เพชรบูรณ์ 67110,สำนักงานเกษตรจังหวัดเพชรบูรณ์,ตำบลลานบ่า
1224,2566,หล่มสัก,กลุ่มออมทรัพย์เพื่อการผลิตบ้านหัวนาขาม ม.9 ต.ห้วยไร่,เลขที่ 72 หมู่ 9 ตำบลห้วยไร่ อำเภอหล่มสัก เพชรบูรณ์ 67110,สำนักงานเกษตรจังหวัดเพชรบูรณ์,ตำบลห้วยไร่
1225,2566,หล่มสัก,กลุ่มออมทรัพย์บ้านหัวนาท่าช้าง ม.10 ต.ห้วยไร่,เลขที่ 113/1 หมู่ 10 ตำบลห้วยไร่ อำเภอหล่มสัก เพชรบูรณ์ 67110,สำนักงานเกษตรจังหวัดเพชรบูรณ์,ตำบลห้วยไร่
1226,2566,หล่มสัก,แปลงใหญ่ผักปลอดภัยตำบลบ้านกลาง,เลขที่ 4 หมู่ 5 ตำบลบ้านกลาง อำเภอหล่มสัก เพชรบูรณ์ 67110,สำนักงานเกษตรจังหวัดเพชรบูรณ์,ตำบลบ้านกลาง
1227,2566,หล่มสัก,กลุ่มเกษตรอินทรีย์ตำบลห้วยไร่,เลขที่ 191 หมู่ 2 ตำบลห้วยไร่ อำเภอหล่มสัก เพชรบูรณ์ 67110,สำนักงานเกษตรจังหวัดเพชรบูรณ์,ตำบลห้วยไร่
1228,2566,หล่มสัก,เกษตรปลอดภัยสมุนไพรล้ำค่า,เลขที่ 276 หมู่ 12 ตำบลปากช่อง อำเภอหล่มสัก เพชรบูรณ์ 67110,สำนักงานเกษตรจังหวัดเพชรบูรณ์,ตำบลปากช่อง
1229,2566,หล่มสัก,กลุ่มหัตถกรรมทอผ้าขิดวัดโฆษา,เลขที่ 3/2 หมู่ 10 ตำบลห้วยไร่ อำเภอหล่มสัก เพชรบูรณ์ 67110,สำนักงานเกษตรจังหวัดเพชรบูรณ์,ตำบลห้วยไร่
1230,2566,หล่มสัก,ธนาคารหมู่บ้านหมู่ 6 บ้านบุ่งผักขม,เลขที่ 71 หมู่ 6 ตำบลบ้านติ้ว อำเภอหล่มสัก เพชรบูรณ์ 67110,สำนักงานเกษตรจังหวัดเพชรบูรณ์,ตำบลบ้านติ้ว
1231,2566,หล่มสัก,เกษตรพืชผักปลอดภัยบ้านช้างตะลูด,เลขที่ 181 หมู่ 7 ตำบลช้างตะลูด อำเภอหล่มสัก เพชรบูรณ์ 67110,สำนักงานเกษตรจังหวัดเพชรบูรณ์,ตำบลช้างตะลูด
1232,2566,หล่มสัก,โคกหนองนาโมเดลเพื่อการเรียนรู้บ้านสวนละมุด,เลขที่ 93 หมู่ 12 ตำบลหนองไขว่ อำเภอหล่มสัก เพชรบูรณ์ 67110,สำนักงานเกษตรจังหวัดเพชรบูรณ์,ตำบลหนองไขว่
1233,2566,หล่มสัก,ผลิตภัณฑ์อินทรีย์เพชรบูรณ์,เลขที่ 150 หมู่ 5 ตำบลช้างตะลูด อำเภอหล่มสัก เพชรบูรณ์ 67110,สำนักงานเกษตรจังหวัดเพชรบูรณ์,ตำบลช้างตะลูด
1234,2566,หล่มสัก,พืชผักเกษตรและสมุนไพรออนไลน์,เลขที่ 94 หมู่ 9 ตำบลน้ำชุน อำเภอหล่มสัก เพชรบูรณ์ 67110,สำนักงานเกษตรจังหวัดเพชรบูรณ์,ตำบลน้ำชุน
1235,2566,หล่มสัก,ยังสมาทฟาร์มเมอร์จังหวัดเพชรบูรณ์,เลขที่ 260 หมู่ 10 ตำบลบุ่งน้ำเต้า อำเภอหล่มสัก เพชรบูรณ์ 67110,สำนักงานเกษตรจังหวัดเพชรบูรณ์,ตำบลบุ่งน้ำเต้า
1236,2566,หล่มสัก,เครือข่ายกองทุนพัฒนาเกษตรยั่งยืนตำบลน้ำก้อ,เลขที่ 119 หมู่ 3 ตำบลน้ำก้อ อำเภอหล่มสัก เพชรบูรณ์ 67110,สำนักงานเกษตรจังหวัดเพชรบูรณ์,ตำบลน้ำก้อ
1237,2566,หล่มสัก,แปลงใหญ่ผักตำบลบ้านหวาย,เลขที่ 115 หมู่ 4 ตำบลบ้านหวาย อำเภอหล่มสัก เพชรบูรณ์ 67110,สำนักงานเกษตรจังหวัดเพชรบูรณ์,ตำบลบ้านหวาย
1238,2566,หล่มสัก,กลุ่มจัดซื้อและเลี้ยงโคแม่พันธุ์บ้านดงข่อยหมู่ 1,เลขที่ 3 หมู่ 1 ตำบลหนองไขว่ อำเภอหล่มสัก เพชรบูรณ์ 67110,สำนักงานเกษตรจังหวัดเพชรบูรณ์,ตำบลหนองไขว่
1239,2566,หล่มสัก,ที่ดินทำกินเกษตรพอเพียง,เลขที่ 24/1 หมู่ 7 ตำบลตาลเดี่ยว อำเภอหล่มสัก เพชรบูรณ์ 67110,สำนักงานเกษตรจังหวัดเพชรบูรณ์,ตำบลตาลเดี่ยว
1240,2566,หล่มสัก,กลุ่มทอผ้าไทหล่มบ้านหวาย,เลขที่ 43 หมู่ 1 ตำบลบ้านหวาย อำเภอหล่มสัก เพชรบูรณ์ 67110,สำนักงานเกษตรจังหวัดเพชรบูรณ์,ตำบลบ้านหวาย
1241,2566,หล่มสัก,เกษตรอินทรีย์วิถีคนรุ่นใหม่หล่มสัก,เลขที่ 10 หมู่ 8 ตำบลบุ่งคล้า อำเภอหล่มสัก เพชรบูรณ์ 67110,สำนักงานเกษตรจังหวัดเพชรบูรณ์,ตำบลบุ่งคล้า
1242,2566,หล่มสัก,ผลิตภัณฑ์พืชอินทรีย์บ้านช้างตะลูด,เลขที่ 103 หมู่ 7 ตำบลช้างตะลูด อำเภอหล่มสัก เพชรบูรณ์ 67110,สำนักงานเกษตรจังหวัดเพชรบูรณ์,ตำบลช้างตะลูด
1243,2566,หล่มสัก,กลุ่มรักโคน้ำก้อ,เลขที่ 104 หมู่ 3 ตำบลน้ำก้อ อำเภอหล่มสัก เพชรบูรณ์ 67110,สำนักงานเกษตรจังหวัดเพชรบูรณ์,ตำบลน้ำก้อ
1244,2566,หล่มสัก,กลุ่มแปลงใหญ่ข้าวโพดเลี้ยงสัตว์ตำบลบุ่งน้ำเต้า,เลขที่ 42/1 หมู่ 3 ตำบลบุ่งน้ำเต้า อำเภอหล่มสัก เพชรบูรณ์ 67110,สำนักงานเกษตรจังหวัดเพชรบูรณ์,ตำบลบุ่งน้ำเต้า
1245,2566,หล่มสัก,กลุ่มแปลงใหญ่ข้าวโพดเลี้ยงสัตว์ตำบลลานบ่า,เลขที่ 1 หมู่ 9 ตำบลลานบ่า อำเภอหล่มสัก เพชรบูรณ์ 67110,สำนักงานเกษตรจังหวัดเพชรบูรณ์,ตำบลลานบ่า
1246,2566,หล่มสัก,รวบรวมและแปรรูปมะขามหวานบ้านมะขาม,เลขที่ 96 หมู่ 4 ตำบลบุ่งน้ำเต้า อำเภอหล่มสัก เพชรบูรณ์ 67110,สำนักงานเกษตรจังหวัดเพชรบูรณ์,ตำบลบุ่งน้ำเต้า
1247,2566,หล่มสัก,กลุ่มออมทรัพย์เพื่อการผลิตบ้านฝายนาแซง,เลขที่ 42 หมู่ 2 ตำบลฝายนาแซง อำเภอหล่มสัก เพชรบูรณ์ 67110,สำนักงานเกษตรจังหวัดเพชรบูรณ์,ตำบลฝายนาแซง
1248,2566,หล่มสัก,ธนาคารหมู่บ้านตามแนวพระราชดำริบ้านจางวาง,เลขที่ 147 หมู่ 18 ตำบลลานบ่า อำเภอหล่มสัก เพชรบูรณ์ 67110,สำนักงานเกษตรจังหวัดเพชรบูรณ์,ตำบลลานบ่า
1249,2566,หล่มสัก,กลุ่มธนาคารหมู่บ้านหมู่ 12,เลขที่ 48 หมู่ 12 ตำบลบ้านติ้ว อำเภอหล่มสัก เพชรบูรณ์ 67110,สำนักงานเกษตรจังหวัดเพชรบูรณ์,ตำบลบ้านติ้ว
1250,2566,หล่มสัก,ธนาคารหมู่บ้านท่าใหม่ ตามแนวพระราชดำริ,เลขที่ 101/1 หมู่ 12 ตำบลลานบ่า อำเภอหล่มสัก เพชรบูรณ์ 67110,สำนักงานเกษตรจังหวัดเพชรบูรณ์,ตำบลลานบ่า
1251,2566,หล่มสัก,ธนาคารหมู่บ้านตามแนวพระราชดำริบ้านท่าขาม,เลขที่ 137 หมู่ 5 ตำบลลานบ่า อำเภอหล่มสัก เพชรบูรณ์ 67110,สำนักงานเกษตรจังหวัดเพชรบูรณ์,ตำบลลานบ่า
1252,2566,หล่มสัก,โนนสาวเอ้ออร์แกนิคฟาร์ม,เลขที่ 71 หมู่ 7 ตำบลบ้านหวาย อำเภอหล่มสัก เพชรบูรณ์ 67110,สำนักงานเกษตรจังหวัดเพชรบูรณ์,ตำบลบ้านหวาย
1253,2566,หล่มสัก,กลุ่มไทบ้านสมุนไพรไทหล่ม หมู่ 13 ตำบลน้ำชุน,เลขที่ 17/1 หมู่ 13 ตำบลน้ำชุน อำเภอหล่มสัก เพชรบูรณ์ 67110,สำนักงานเกษตรจังหวัดเพชรบูรณ์,ตำบลน้ำชุน
1254,2566,หล่มสัก,กลุ่มออมทรัพย์ฯ หมู่ 3 บ้านวังโป่ง ตำบลลานบ่า,เลขที่ 56 หมู่ 3 ตำบลลานบ่า อำเภอหล่มสัก เพชรบูรณ์ 67110,สำนักงานเกษตรจังหวัดเพชรบูรณ์,ตำบลลานบ่า
1255,2566,หล่มสัก,กลุ่มออมทรัพย์ฯ เพื่อการออมหุ้น หมู่ 7,เลขที่ 76 หมู่ 7 ตำบลลานบ่า อำเภอหล่มสัก เพชรบูรณ์ 67110,สำนักงานเกษตรจังหวัดเพชรบูรณ์,ตำบลลานบ่า
1256,2566,หล่มสัก,กลุ่มชุมชนไม้มีค่าและการแปรรูปผลิตผลทางการเกษตรห้วยแสนคำ,เลขที่ 2 หมู่ 7 ตำบลบ้านหวาย อำเภอหล่มสัก เพชรบูรณ์ 67110,สำนักงานเกษตรจังหวัดเพชรบูรณ์,ตำบลบ้านหวาย
1257,2566,หล่มสัก,กลุ่มน้ำก้อท่องเที่ยวเชิงเกษตร,เลขที่ 198 หมู่ 2 ตำบลน้ำก้อ อำเภอหล่มสัก เพชรบูรณ์ 67110,สำนักงานเกษตรจังหวัดเพชรบูรณ์,ตำบลน้ำก้อ
1258,2566,หล่มสัก,กลุ่มเกษตรอินทรีย์บ้านวังร่อง,เลขที่ 214 หมู่ 5 ตำบลห้วยไร่ อำเภอหล่มสัก เพชรบูรณ์ 67110,สำนักงานเกษตรจังหวัดเพชรบูรณ์,ตำบลห้วยไร่
1259,2566,หล่มสัก,ธนาคารผักปลอดสาร459ชุมชนบ้านไร่,เลขที่ 189 หมู่ 1 ตำบลบ้านไร่ อำเภอหล่มสัก เพชรบูรณ์ 67110,สำนักงานเกษตรจังหวัดเพชรบูรณ์,ตำบลบ้านไร่
1260,2566,หล่มสัก,สถานีผลิตพลังงานชีวมวลชุมชนตำบลปากช่อง จังหวัดเพชรบูรณ์,เลขที่ 86 หมู่ 5 ตำบลปากช่อง อำเภอหล่มสัก เพชรบูรณ์ 67110,สำนักงานเกษตรจังหวัดเพชรบูรณ์,ตำบลปากช่อง
1261,2566,หล่มสัก,กลุ่มผู้ทำการเกษตร,เลขที่ 16 หมู่ 4 ตำบลห้วยไร่ อำเภอหล่มสัก เพชรบูรณ์ 67110,สำนักงานเกษตรจังหวัดเพชรบูรณ์,ตำบลห้วยไร่
1262,2566,หล่มสัก,กลุ่มออมทรัพย์ฯ ม.1 บ้านท่าช้าง ต.ห้วยไร่,เลขที่ 106 หมู่ 1 ตำบลห้วยไร่ อำเภอหล่มสัก เพชรบูรณ์ 67110,สำนักงานเกษตรจังหวัดเพชรบูรณ์,ตำบลห้วยไร่
1263,2566,หล่มสัก,หน่อไม้ฝรั่งปลอดภัยตำบลห้วยไร่,เลขที่ 113/2 หมู่ 10 ตำบลห้วยไร่ อำเภอหล่มสัก เพชรบูรณ์ 67110,สำนักงานเกษตรจังหวัดเพชรบูรณ์,ตำบลห้วยไร่
1264,2566,หล่มสัก,บริษัทกรีนเอิร์ธไบโอเทคโนโลยี(ประเทศไทย)จำกัด,เลขที่ 99/9 หมู่ 9 ตำบลน้ำชุน อำเภอหล่มสัก เพชรบูรณ์ 67110,สำนักงานเกษตรจังหวัดเพชรบูรณ์,ตำบลน้ำชุน
1265,2566,หล่มสัก,พืชผักปลอดภัยตำบลปากช่อง,เลขที่ 335/1 หมู่ 12 ตำบลปากช่อง อำเภอหล่มสัก เพชรบูรณ์ 67110,สำนักงานเกษตรจังหวัดเพชรบูรณ์,ตำบลปากช่อง
1266,2566,หล่มสัก,ธนาคารหมู่บ้านวังโป่ง,เลขที่ 27 หมู่ 3 ตำบลลานบ่า อำเภอหล่มสัก เพชรบูรณ์ 67110,สำนักงานเกษตรจังหวัดเพชรบูรณ์,ตำบลลานบ่า
1267,2566,หล่มสัก,ผลิตผักตำบลปากดุก,เลขที่ 33/3 หมู่ 6 ตำบลปากดุก อำเภอหล่มสัก เพชรบูรณ์ 67110,สำนักงานเกษตรจังหวัดเพชรบูรณ์,ตำบลปากดุก
1268,2566,หล่มสัก,กลุ่มพัฒนาอาชีพเพาะเห็ดตำบลบุ่งน้ำเต้า,เลขที่ 260 หมู่ 10 ตำบลบุ่งน้ำเต้า อำเภอหล่มสัก เพชรบูรณ์ 67110,สำนักงานเกษตรจังหวัดเพชรบูรณ์,ตำบลบุ่งน้ำเต้า
1269,2566,หล่มสัก,ธนาคารหมู่บ้านงิ้วงาม,เลขที่ 90 หมู่ 11 ตำบลลานบ่า อำเภอหล่มสัก เพชรบูรณ์ 67110,สำนักงานเกษตรจังหวัดเพชรบูรณ์,ตำบลลานบ่า
1270,2566,หล่มสัก,กลุ่มส้มโอหวานบ้านคลองสีฟันตำบลลานบ่า 2,เลขที่ 43 หมู่ 8 ตำบลลานบ่า อำเภอหล่มสัก เพชรบูรณ์ 67110,สำนักงานเกษตรจังหวัดเพชรบูรณ์,ตำบลลานบ่า
1271,2566,หล่มสัก,ผู้ปลูกมะขามหวานผลิตผลและผู้เลี้ยงสัตว์(แกะ โคขุน),เลขที่ 41 หมู่ 9 ตำบลปากช่อง อำเภอหล่มสัก เพชรบูรณ์ 67110,สำนักงานเกษตรจังหวัดเพชรบูรณ์,ตำบลปากช่อง
1272,2566,หล่มสัก,กลุ่มส้มโอหวานบ้านคลองสีฟันตำบลลานบ่า,เลขที่ 150 หมู่ 8 ตำบลลานบ่า อำเภอหล่มสัก เพชรบูรณ์ 67110,สำนักงานเกษตรจังหวัดเพชรบูรณ์,ตำบลลานบ่า
1273,2566,หล่มสัก,กลุ่มผลิตเมล็ดพันธุ์ข้าวโพดลูกผสมบ้านไร่พัฒนา,เลขที่ 55 หมู่ 14 ตำบลลานบ่า อำเภอหล่มสัก เพชรบูรณ์ 67110,สำนักงานเกษตรจังหวัดเพชรบูรณ์,ตำบลลานบ่า
1274,2566,หล่มสัก,กลุ่มผู้เลี้ยงวัวแม่พันธุ์หมู่ 6 ท่าอิบุญ,เลขที่ 111 หมู่ 6 ตำบลท่าอิบุญ อำเภอหล่มสัก เพชรบูรณ์ 67110,สำนักงานเกษตรจังหวัดเพชรบูรณ์,ตำบลท่าอิบุญ
1275,2566,หล่มสัก,เลี้ยงโคกระบือสนามบิน,เลขที่ 38 หมู่ 9 ตำบลลานบ่า อำเภอหล่มสัก เพชรบูรณ์ 67110,สำนักงานเกษตรจังหวัดเพชรบูรณ์,ตำบลลานบ่า
1276,2566,หล่มสัก,กลุ่มโคกระบือบ้านคลองสีฟัน,เลขที่ 150 หมู่ 8 ตำบลลานบ่า อำเภอหล่มสัก เพชรบูรณ์ 67110,สำนักงานเกษตรจังหวัดเพชรบูรณ์,ตำบลลานบ่า
1277,2566,หล่มสัก,กลุ่มผู้ปลูกข้าวและยาสูบหมู่ 5 ตำบลบ้านหวาย,เลขที่ 94 หมู่ 5 ตำบลบ้านหวาย อำเภอหล่มสัก เพชรบูรณ์ 67110,สำนักงานเกษตรจังหวัดเพชรบูรณ์,ตำบลบ้านหวาย
1278,2566,หล่มสัก,กลุ่มผู้ปลูกหน่อไม้ฝรั่งปลอดสารพิษ หมู่ 1 ตำบลห้วยไร่,เลขที่ 10 หมู่ 1 ตำบลห้วยไร่ อำเภอหล่มสัก เพชรบูรณ์ 67110,สำนักงานเกษตรจังหวัดเพชรบูรณ์,ตำบลห้วยไร่
1279,2566,หล่มสัก,กลุ่มอนุรักษ์และพัฒนาโค-กระบือ หมู่ 2,เลขที่ 19 หมู่ 2 ตำบลท่าอิบุญ อำเภอหล่มสัก เพชรบูรณ์ 67110,สำนักงานเกษตรจังหวัดเพชรบูรณ์,ตำบลท่าอิบุญ
1280,2566,หล่มสัก,เพื่อการผลิตใบยาสูบหมู่ 6 บ้านนาหลวง,เลขที่ 128 หมู่ 6 ตำบลบ้านโสก อำเภอหล่มสัก เพชรบูรณ์ 67110,สำนักงานเกษตรจังหวัดเพชรบูรณ์,ตำบลบ้านโสก
1281,2566,หล่มสัก,กลุ่มปุ๋ยอินทรีย์บ้านวังร่องหมู่ 5,เลขที่ 2 หมู่ 5 ตำบลห้วยไร่ อำเภอหล่มสัก เพชรบูรณ์ 67110,สำนักงานเกษตรจังหวัดเพชรบูรณ์,ตำบลห้วยไร่
1282,2566,หล่มสัก,กลุ่มผู้เลี้ยงโค-กระบือบ้านวังมลใต้,เลขที่ 32 หมู่ 5 ตำบลท่าอิบุญ อำเภอหล่มสัก เพชรบูรณ์ 67110,สำนักงานเกษตรจังหวัดเพชรบูรณ์,ตำบลท่าอิบุญ
1283,2566,หล่มสัก,กลุ่มผู้ใช้ปุ๋ยอินทรีย์บ้านร่องคู,เลขที่ 27 หมู่ 4 ตำบลห้วยไร่ อำเภอหล่มสัก เพชรบูรณ์ 67110,สำนักงานเกษตรจังหวัดเพชรบูรณ์,ตำบลห้วยไร่
1284,2566,หล่มสัก,เกษตรประสานงานอุตสาหกรรม,เลขที่ 102 หมู่ 4 ตำบลปากช่อง อำเภอหล่มสัก เพชรบูรณ์ 67110,สำนักงานเกษตรจังหวัดเพชรบูรณ์,ตำบลปากช่อง
1285,2566,หล่มสัก,กลุ่มส่งเสริมอาชีพนาหญ้าบ้านร่องดู่,เลขที่ 149 หมู่ 4 ตำบลห้วยไร่ อำเภอหล่มสัก เพชรบูรณ์ 67110,สำนักงานเกษตรจังหวัดเพชรบูรณ์,ตำบลห้วยไร่
1286,2566,หล่มสัก,กลุ่มมะพร้าวแก้วบ้านท่าช้างหมู่ 6,เลขที่ 65 หมู่ 2 ตำบลห้วยไร่ อำเภอหล่มสัก เพชรบูรณ์ 67110,สำนักงานเกษตรจังหวัดเพชรบูรณ์,ตำบลห้วยไร่
1287,2566,หล่มสัก,อัดฟางก้อน หมู่ 6,เลขที่ 68 หมู่ 6 ตำบลลานบ่า อำเภอหล่มสัก เพชรบูรณ์ 67110,สำนักงานเกษตรจังหวัดเพชรบูรณ์,ตำบลลานบ่า
1288,2566,หล่มสัก,บ้านหนองปลา หมู่ 1,เลขที่ 99 หมู่ 1 ตำบลน้ำเฮี้ย อำเภอหล่มสัก เพชรบูรณ์ 67110,สำนักงานเกษตรจังหวัดเพชรบูรณ์,ตำบลน้ำเฮี้ย
1289,2566,หล่มสัก,กลุ่มภูมิไทร่วมใจ,เลขที่ 288 หมู่ 4 ตำบลน้ำชุน อำเภอหล่มสัก เพชรบูรณ์ 67110,สำนักงานเกษตรจังหวัดเพชรบูรณ์,ตำบลน้ำชุน
1290,2566,หล่มสัก,กลุ่มออมทรัพย์เพื่อการผลิตใบยาสูบบ้านลานบ่าหมู่ 6,เลขที่ 124 หมู่ 6 ตำบลลานบ่า อำเภอหล่มสัก เพชรบูรณ์ 67110,สำนักงานเกษตรจังหวัดเพชรบูรณ์,ตำบลลานบ่า
1291,2566,หล่มสัก,กลุ่มเกษตรผู้ปลูกยาสูบกกโอ,เลขที่ 66 หมู่ 4 ตำบลน้ำชุน อำเภอหล่มสัก เพชรบูรณ์ 67110,สำนักงานเกษตรจังหวัดเพชรบูรณ์,ตำบลน้ำชุน
1292,2566,หล่มสัก,กลุ่มเกษตรกรบ้านท่าขาม,เลขที่ 154 หมู่ 5 ตำบลลานบ่า อำเภอหล่มสัก เพชรบูรณ์ 67110,สำนักงานเกษตรจังหวัดเพชรบูรณ์,ตำบลลานบ่า
1293,2566,หล่มสัก,กลุ่มจักสานตะกร้าใส่ผักบ้านท่าขาม,เลขที่ 155 หมู่ 5 ตำบลลานบ่า อำเภอหล่มสัก เพชรบูรณ์ 67110,สำนักงานเกษตรจังหวัดเพชรบูรณ์,ตำบลลานบ่า
1294,2566,หล่มสัก,กลุ่มจักสานบ้านงิ้วงาม,เลขที่ 49 หมู่ 11 ตำบลลานบ่า อำเภอหล่มสัก เพชรบูรณ์ 67110,สำนักงานเกษตรจังหวัดเพชรบูรณ์,ตำบลลานบ่า
1295,2566,หล่มสัก,กลุ่มแม่บ้านเกษตรกรห้วยปูนร่วมใจ,เลขที่ 15/3 หมู่ 1 ตำบลน้ำก้อ อำเภอหล่มสัก เพชรบูรณ์ 67110,สำนักงานเกษตรจังหวัดเพชรบูรณ์,ตำบลน้ำก้อ
1296,2566,หล่มสัก,กลุ่มแม่บ้านเกษตรกรบ้านฝายพัฒนา,เลขที่ 145 หมู่ 8 ตำบลน้ำก้อ อำเภอหล่มสัก เพชรบูรณ์ 67110,สำนักงานเกษตรจังหวัดเพชรบูรณ์,ตำบลน้ำก้อ
1297,2566,หล่มสัก,กลุ่มผู้ปลูกยาเส้นอิดำ,เลขที่ 25 หมู่ 16 ตำบลบ้านกลาง อำเภอหล่มสัก เพชรบูรณ์ 67110,สำนักงานเกษตรจังหวัดเพชรบูรณ์,ตำบลบ้านกลาง
1298,2566,หล่มสัก,กลุ่มดินทองการเกษตร,เลขที่ 124 หมู่ 10 ตำบลบุ่งน้ำเต้า อำเภอหล่มสัก เพชรบูรณ์ 67110,สำนักงานเกษตรจังหวัดเพชรบูรณ์,ตำบลบุ่งน้ำเต้า
1299,2566,หล่มสัก,กลุ่มชมพู่เกษตรทฤษฎีใหม่บ้านทุ่งส้มเลา,เลขที่ 154 หมู่ 7 ตำบลบ้านโสก อำเภอหล่มสัก เพชรบูรณ์ 67110,สำนักงานเกษตรจังหวัดเพชรบูรณ์,ตำบลบ้านโสก
1300,2566,หล่มสัก,กลุ่มเกษตรกรน้ำเฮี้ย หมู่ 5,เลขที่ 34 หมู่ 5 ตำบลน้ำเฮี้ย อำเภอหล่มสัก เพชรบูรณ์ 67110,สำนักงานเกษตรจังหวัดเพชรบูรณ์,ตำบลน้ำเฮี้ย
1301,2566,หล่มสัก,กลุ่มเกษตรกรบ้านกุดโก หมู่ 4,เลขที่ 41 หมู่ 4 ตำบลน้ำเฮี้ย อำเภอหล่มสัก เพชรบูรณ์ 67110,สำนักงานเกษตรจังหวัดเพชรบูรณ์,ตำบลน้ำเฮี้ย
1302,2566,หล่มสัก,กลุ่มเกษตรกรหมู่ 2 บ้านน้ำเฮี้ย,เลขที่ 37 หมู่ 2 ตำบลน้ำเฮี้ย อำเภอหล่มสัก เพชรบูรณ์ 67110,สำนักงานเกษตรจังหวัดเพชรบูรณ์,ตำบลน้ำเฮี้ย
1303,2566,หล่มสัก,กลุ่มช่างไม้เฟอร์นิเจอร์หมู่ 5 บ้านน้ำคำ,เลขที่ 159 หมู่ 5 ตำบลปากช่อง อำเภอหล่มสัก เพชรบูรณ์ 67110,สำนักงานเกษตรจังหวัดเพชรบูรณ์,ตำบลปากช่อง
1304,2566,หล่มสัก,กลุ่มผู้ทำปุ๋ยน้ำหมักชีวภาพ,เลขที่ 5 หมู่ 5 ตำบลบ้านไร่ อำเภอหล่มสัก เพชรบูรณ์ 67110,สำนักงานเกษตรจังหวัดเพชรบูรณ์,ตำบลบ้านไร่
1305,2566,หล่มสัก,กลุ่มร้านค้าออมทรัพย์เพื่อการผลิตบ้านป่าบง,เลขที่ 124/2 หมู่ 6 ตำบลบ้านกลาง อำเภอหล่มสัก เพชรบูรณ์ 67110,สำนักงานเกษตรจังหวัดเพชรบูรณ์,ตำบลบ้านกลาง
1306,2566,หล่มสัก,กลุ่มผลิตกิ่งพันธุ์ไม้,เลขที่ 63 หมู่ 10 ตำบลช้างตะลูด อำเภอหล่มสัก เพชรบูรณ์ 67110,สำนักงานเกษตรจังหวัดเพชรบูรณ์,ตำบลช้างตะลูด
1307,2566,หล่มสัก,กลุ่มผู้เลี้ยงวัวบ้านช้างตะลูด,เลขที่ 210 หมู่ 11 ตำบลช้างตะลูด อำเภอหล่มสัก เพชรบูรณ์ 67110,สำนักงานเกษตรจังหวัดเพชรบูรณ์,ตำบลช้างตะลูด
1308,2566,หล่มสัก,กลุ่มเลี้ยงหมูบ้านหนองปลาตำบลน้ำเฮี้ย,เลขที่ 93 หมู่ 1 ตำบลน้ำเฮี้ย อำเภอหล่มสัก เพชรบูรณ์ 67110,สำนักงานเกษตรจังหวัดเพชรบูรณ์,ตำบลน้ำเฮี้ย
1309,2566,หล่มสัก,กลุ่มข้าวแดงซ้อมมือบ้านน้ำเฮี้ย,เลขที่ 20 หมู่ 2 ตำบลน้ำเฮี้ย อำเภอหล่มสัก เพชรบูรณ์ 67110,สำนักงานเกษตรจังหวัดเพชรบูรณ์,ตำบลน้ำเฮี้ย
1310,2566,หล่มสัก,กลุ่มแปรรูปไม้ไผ่บ้านขวัญโยน,เลขที่ 1/3 หมู่ 1 ตำบลตาลเดี่ยว อำเภอหล่มสัก เพชรบูรณ์ 67110,สำนักงานเกษตรจังหวัดเพชรบูรณ์,ตำบลตาลเดี่ยว
1311,2566,หล่มสัก,เครื่องนอนบ้านหนองบัว,เลขที่ 165 หมู่ 2 ตำบลสักหลง อำเภอหล่มสัก เพชรบูรณ์ 67110,สำนักงานเกษตรจังหวัดเพชรบูรณ์,ตำบลสักหลง
1312,2566,หล่มสัก,กลุ่มออมทรัพย์เกษตรยั่งยืนหมู่ 6,เลขที่ 21 หมู่ 6 ตำบลบ้านโสก อำเภอหล่มสัก เพชรบูรณ์ 67110,สำนักงานเกษตรจังหวัดเพชรบูรณ์,ตำบลบ้านโสก
1313,2566,หล่มสัก,กลุ่มผู้ปลูกข้าวโพดเลี้ยงสัตว์บ้านแก่งยาว,เลขที่ 30 หมู่ 6 ตำบลห้วยไร่ อำเภอหล่มสัก เพชรบูรณ์ 67110,สำนักงานเกษตรจังหวัดเพชรบูรณ์,ตำบลห้วยไร่
1314,2566,หล่มสัก,กลุ่มกองทุนเกษตรยั่งยืนบ้านแก่งยาว,เลขที่ 42/1 หมู่ 6 ตำบลห้วยไร่ อำเภอหล่มสัก เพชรบูรณ์ 67110,สำนักงานเกษตรจังหวัดเพชรบูรณ์,ตำบลห้วยไร่
1315,2566,หล่มสัก,กลุ่มรวบรวมผลิตภัณฑ์ใบยาสูบห้วยไร่,เลขที่ 199 หมู่ 5 ตำบลห้วยไร่ อำเภอหล่มสัก เพชรบูรณ์ 67110,สำนักงานเกษตรจังหวัดเพชรบูรณ์,ตำบลห้วยไร่
1316,2566,หล่มสัก,ปลูกผักปลอดสารพิษตำบลห้วยไร่,เลขที่ 39 หมู่ 1 ตำบลห้วยไร่ อำเภอหล่มสัก เพชรบูรณ์ 67110,สำนักงานเกษตรจังหวัดเพชรบูรณ์,ตำบลห้วยไร่
1317,2566,หล่มสัก,กลุ่มพัฒนาอาชีพการเกษตร,เลขที่ 325 หมู่ 12 ตำบลวัดป่า อำเภอหล่มสัก เพชรบูรณ์ 67110,สำนักงานเกษตรจังหวัดเพชรบูรณ์,ตำบลวัดป่า
1318,2566,หล่มสัก,กลุ่มพริกแกงบ้านสักหลง,เลขที่ 22 หมู่ 10 ตำบลสักหลง อำเภอหล่มสัก เพชรบูรณ์ 67110,สำนักงานเกษตรจังหวัดเพชรบูรณ์,ตำบลสักหลง
1319,2566,หล่มสัก,แปรรูปบ้านกุดกุ่ม,เลขที่ 7 หมู่ 8 ตำบลบุ่งคล้า อำเภอหล่มสัก เพชรบูรณ์ 67110,สำนักงานเกษตรจังหวัดเพชรบูรณ์,ตำบลบุ่งคล้า
1320,2566,หล่มสัก,กลุ่มทอผ้ากี่กระตุกบ้านวังร่อง,เลขที่ 58 หมู่ 8 ตำบลสักหลง อำเภอหล่มสัก เพชรบูรณ์ 67110,สำนักงานเกษตรจังหวัดเพชรบูรณ์,ตำบลสักหลง
1321,2566,หล่มสัก,ส่งเสริมสารชีวภาพตำบลห้วยไร่,เลขที่ 86 หมู่ 12 ตำบลห้วยไร่ อำเภอหล่มสัก เพชรบูรณ์ 67110,สำนักงานเกษตรจังหวัดเพชรบูรณ์,ตำบลห้วยไร่
1322,2566,หล่มสัก,น้ำผลไม้พร้อมดื่มห้วยไร่,เลขที่ 136 หมู่ 2 ตำบลห้วยไร่ อำเภอหล่มสัก เพชรบูรณ์ 67110,สำนักงานเกษตรจังหวัดเพชรบูรณ์,ตำบลห้วยไร่
1323,2566,หล่มสัก,ดอกไม้ฝ้ายทอ,เลขที่ 124 หมู่ 8 ตำบลสักหลง อำเภอหล่มสัก เพชรบูรณ์ 67110,สำนักงานเกษตรจังหวัดเพชรบูรณ์,ตำบลสักหลง
1324,2566,หล่มสัก,ลีลา & มะขามยิ้ม,เลขที่ 215 หมู่ 1 ตำบลวัดป่า อำเภอหล่มสัก เพชรบูรณ์ 67110,สำนักงานเกษตรจังหวัดเพชรบูรณ์,ตำบลวัดป่า
1325,2566,หล่มเก่า,กลุ่มการผลิตมะขามตาดกลอยเหนือ,เลขที่ 32/1 หมู่ 3 ตำบลตาดกลอย อำเภอหล่มเก่า เพชรบูรณ์ 67120,สำนักงานเกษตรจังหวัดเพชรบูรณ์,ตำบลตาดกลอย
1326,2566,หล่มเก่า,กลุ่มผ้ามัดย้อมผ้าทอไทหล่มบ้านพร้าว,เลขที่ 124 หมู่ 3 ตำบลบ้านเนิน อำเภอหล่มเก่า เพชรบูรณ์ 67120,สำนักงานเกษตรจังหวัดเพชรบูรณ์,ตำบลบ้านเนิน
1327,2566,หล่มเก่า,จาวหล่ม,เลขที่ 168 หมู่ 3 ตำบลนาแซง อำเภอหล่มเก่า เพชรบูรณ์ 67120,สำนักงานเกษตรจังหวัดเพชรบูรณ์,ตำบลนาแซง
1328,2566,หล่มเก่า,ศูนย์ข้าวชุมชนบ้านนาทรายหมู่ที่ 2,เลขที่ 51 หมู่ 2 ตำบลวังบาล อำเภอหล่มเก่า เพชรบูรณ์ 67120,สำนักงานเกษตรจังหวัดเพชรบูรณ์,ตำบลวังบาล
1329,2566,หล่มเก่า,ภูทับเบิก อินทรีย์วิถีไทย,เลขที่ 63/1 หมู่ 14 ตำบลวังบาล อำเภอหล่มเก่า เพชรบูรณ์ 67120,สำนักงานเกษตรจังหวัดเพชรบูรณ์,ตำบลวังบาล
1330,2566,หล่มเก่า,ข้าวโพดบ้านห้วยข่อย,เลขที่ 344 หมู่ 7 ตำบลศิลา อำเภอหล่มเก่า เพชรบูรณ์ 67120,สำนักงานเกษตรจังหวัดเพชรบูรณ์,ตำบลศิลา
1331,2566,หล่มเก่า,มะขามสุขเสมอ,เลขที่ 143 หมู่ 11 ตำบลวังบาล อำเภอหล่มเก่า เพชรบูรณ์ 67120,สำนักงานเกษตรจังหวัดเพชรบูรณ์,ตำบลวังบาล
1332,2566,หล่มเก่า,แหล่งท่องเที่ยวเชิงเกษตรภูโปรด,เลขที่ 129 หมู่ 6 ตำบลบ้านเนิน อำเภอหล่มเก่า เพชรบูรณ์ 67120,สำนักงานเกษตรจังหวัดเพชรบูรณ์,ตำบลบ้านเนิน
1333,2566,หล่มเก่า,กลุ่มเลี้ยงแพะบ้านปลาฝา,เลขที่ 77 หมู่ 5 ตำบลหินฮาว อำเภอหล่มเก่า เพชรบูรณ์ 67120,สำนักงานเกษตรจังหวัดเพชรบูรณ์,ตำบลหินฮาว
1334,2566,หล่มเก่า,กลุ่มผู้ค้าล๊อตเตอรี่บ้านใหม่หัวนา,เลขที่ 165 หมู่ 15 ตำบลศิลา อำเภอหล่มเก่า เพชรบูรณ์ 67120,สำนักงานเกษตรจังหวัดเพชรบูรณ์,ตำบลศิลา
1335,2566,หล่มเก่า,กลุ่มเลี้ยงแพะบ้านอุ่มกะทาด,เลขที่ 185 หมู่ 3 ตำบลศิลา อำเภอหล่มเก่า เพชรบูรณ์ 67120,สำนักงานเกษตรจังหวัดเพชรบูรณ์,ตำบลศิลา
1336,2566,หล่มเก่า,กลุ่มเลี้ยงไก่ไข่บ้านโคกสว่าง,เลขที่ 151 หมู่ 12 ตำบลศิลา อำเภอหล่มเก่า เพชรบูรณ์ 67120,สำนักงานเกษตรจังหวัดเพชรบูรณ์,ตำบลศิลา
1337,2566,หล่มเก่า,แปลงใหญ่มะขามตำบลนาซำ,เลขที่ 92 หมู่ 7 ตำบลนาซำ อำเภอหล่มเก่า เพชรบูรณ์ 67120,สำนักงานเกษตรจังหวัดเพชรบูรณ์,ตำบลนาซำ
1338,2566,หล่มเก่า,กลุ่มมะขามแปลงใหญ่บ้านเหมืองแบ่ง,เลขที่ 14 หมู่ 11 ตำบลวังบาล อำเภอหล่มเก่า เพชรบูรณ์ 67120,สำนักงานเกษตรจังหวัดเพชรบูรณ์,ตำบลวังบาล
1339,2566,หล่มเก่า,แปลงใหญ่มะละกอบ้านหนองใหญ่,เลขที่ 23 หมู่ 1 ตำบลนาซำ อำเภอหล่มเก่า เพชรบูรณ์ 67120,สำนักงานเกษตรจังหวัดเพชรบูรณ์,ตำบลนาซำ
1340,2566,หล่มเก่า,ผ้าตรานกยูงพระราชทานสีทองผลิตภัณฑ์วัดศรีฐานปิยาราม ตำบลวังบาล อำเภอหล่มเก่า จังหวัดเพชรบูรณ์,เลขที่ 1 หมู่ 15 ตำบลวังบาล อำเภอหล่มเก่า เพชรบูรณ์ 67120,สำนักงานเกษตรจังหวัดเพชรบูรณ์,ตำบลวังบาล
1341,2566,หล่มเก่า,ฐานบวรวัดศรีฐาน,เลขที่ 1 หมู่ 15 ตำบลวังบาล อำเภอหล่มเก่า เพชรบูรณ์ 67120,สำนักงานเกษตรจังหวัดเพชรบูรณ์,ตำบลวังบาล
1342,2566,หล่มเก่า,มณฑาพืชและสมุนไพร,เลขที่ 205 หมู่ 1 ตำบลนาแซง อำเภอหล่มเก่า เพชรบูรณ์ 67120,สำนักงานเกษตรจังหวัดเพชรบูรณ์,ตำบลนาแซง
1343,2566,หล่มเก่า,ผู้ปลูกพืชสมุนไพรประยุกต์ใช้เพื่อสุขภาพ,เลขที่ 123 หมู่ 13 ตำบลหินฮาว อำเภอหล่มเก่า เพชรบูรณ์ 67120,สำนักงานเกษตรจังหวัดเพชรบูรณ์,ตำบลหินฮาว
1344,2566,หล่มเก่า,1 ตำบล 1 กลุ่มเกษตรทฤษฎีใหม่อำเภอหล่มเก่า,เลขที่ 24 หมู่ 6 ตำบลนาเกาะ อำเภอหล่มเก่า เพชรบูรณ์ 67120,สำนักงานเกษตรจังหวัดเพชรบูรณ์,ตำบลนาเกาะ
1345,2566,หล่มเก่า,บ้านสมุนไพรฅนไทหล่ม,เลขที่ 11/2  หมู่ที่ 5 ตำบลหล่มเก่า อำเภอหล่มเก่า เพชรบูรณ์ 67120,สำนักงานเกษตรจังหวัดเพชรบูรณ์,ตำบลหล่มเก่า
1346,2566,หล่มเก่า,ท่องเที่ยวเชิงภูมิวัฒนธรรมทับเบิก,เลขที่ 363 หมู่ 16 ตำบลวังบาล อำเภอหล่มเก่า เพชรบูรณ์ 67120,สำนักงานเกษตรจังหวัดเพชรบูรณ์,ตำบลวังบาล
1347,2566,หล่มเก่า,ปุ๋ยชีวภาพ ซุปเปอร์ไบโอทอป-999,เลขที่ 160 หมู่ 3 ตำบลนาแซง อำเภอหล่มเก่า เพชรบูรณ์ 67120,สำนักงานเกษตรจังหวัดเพชรบูรณ์,ตำบลนาแซง
1348,2566,หล่มเก่า,กลุ่มบ้านวังเวินเกษตรปลอดภัย,เลขที่ 202 หมู่ 12 ตำบลหล่มเก่า อำเภอหล่มเก่า เพชรบูรณ์ 67120,สำนักงานเกษตรจังหวัดเพชรบูรณ์,ตำบลหล่มเก่า
1349,2566,หล่มเก่า,แปรรูปมะขามยั่งยืนตาดกลอย หมู่ที่ 4,เลขที่ 174 หมู่ 4 ตำบลตาดกลอย อำเภอหล่มเก่า เพชรบูรณ์ 67120,สำนักงานเกษตรจังหวัดเพชรบูรณ์,ตำบลตาดกลอย
1350,2566,หล่มเก่า,พืชและสมุนไพรสารัช,เลขที่ 174 หมู่ 1 ตำบลนาแซง อำเภอหล่มเก่า เพชรบูรณ์ 67120,สำนักงานเกษตรจังหวัดเพชรบูรณ์,ตำบลนาแซง
1351,2566,หล่มเก่า,ผักแปลงใหญ่สหกรณ์ผักปลอดภัยภูทับเบิก,เลขที่ 300 หมู่ 16 ตำบลวังบาล อำเภอหล่มเก่า เพชรบูรณ์ 67120,สำนักงานเกษตรจังหวัดเพชรบูรณ์,ตำบลวังบาล
1352,2566,หล่มเก่า,กลุ่มแปลงใหญ่กล้วยตำบลนาซำ,เลขที่ 75/2 หมู่ 6 ตำบลนาซำ อำเภอหล่มเก่า เพชรบูรณ์ 67120,สำนักงานเกษตรจังหวัดเพชรบูรณ์,ตำบลนาซำ
1353,2566,หล่มเก่า,ข้าวโพดแปลงใหญ่ ตำบลศิลา,เลขที่ 65 หมู่ 3 ตำบลศิลา อำเภอหล่มเก่า เพชรบูรณ์ 67120,สำนักงานเกษตรจังหวัดเพชรบูรณ์,ตำบลศิลา
1354,2566,หล่มเก่า,กลุ่มโคขุนตำบลบ้านเนิน 2020,เลขที่ 19/1 หมู่ 5 ตำบลบ้านเนิน อำเภอหล่มเก่า เพชรบูรณ์ 67120,สำนักงานเกษตรจังหวัดเพชรบูรณ์,ตำบลบ้านเนิน
1355,2566,หล่มเก่า,พืชพลังงานเพื่อเศรษฐกิจฐานรากนาซำ,เลขที่ 40 หมู่ 8 ตำบลนาซำ อำเภอหล่มเก่า เพชรบูรณ์ 67120,สำนักงานเกษตรจังหวัดเพชรบูรณ์,ตำบลนาซำ
1356,2566,หล่มเก่า,กลุ่มมะขามทองตำบลศิลา,เลขที่ 166 หมู่ 7 ตำบลศิลา อำเภอหล่มเก่า เพชรบูรณ์ 67120,สำนักงานเกษตรจังหวัดเพชรบูรณ์,ตำบลศิลา
1357,2566,หล่มเก่า,กลุ่มแปรรูปกล้วยอบเนยบ้านห้วยโป่งน้ำ,เลขที่ 55 หมู่ 9 ตำบลตาดกลอย อำเภอหล่มเก่า เพชรบูรณ์ 67120,สำนักงานเกษตรจังหวัดเพชรบูรณ์,ตำบลตาดกลอย
1358,2566,หล่มเก่า,ผักปลอดภัยแปลงใหญ่ตำบลนาแซง,เลขที่ 127 หมู่ 4 ตำบลนาแซง อำเภอหล่มเก่า เพชรบูรณ์ 67120,สำนักงานเกษตรจังหวัดเพชรบูรณ์,ตำบลนาแซง
1359,2566,หล่มเก่า,ปลูกพืชสมุนไพรเพื่อการพัฒนาสุขภาพครบวงจร,เลขที่ 54 หมู่ 13 ตำบลหล่มเก่า อำเภอหล่มเก่า เพชรบูรณ์ 67120,สำนักงานเกษตรจังหวัดเพชรบูรณ์,ตำบลหล่มเก่า
1360,2566,หล่มเก่า,เกษตรอินทรีย์  1 ไร่  1  แสน  บ้านห้วยมะเขือ,เลขที่ 157 หมู่ 5 ตำบลนาแซง อำเภอหล่มเก่า เพชรบูรณ์ 67120,สำนักงานเกษตรจังหวัดเพชรบูรณ์,ตำบลนาแซง
1361,2566,หล่มเก่า,กลุ่มสมุนไพรเครื่องเคียงตำรับยา,เลขที่ 1 หมู่ 3 ตำบลตาดกลอย อำเภอหล่มเก่า เพชรบูรณ์ 67120,สำนักงานเกษตรจังหวัดเพชรบูรณ์,ตำบลตาดกลอย
1362,2566,หล่มเก่า,กลุ่มเกษตรวิถีพอเพียงบ้านน้ำครั่งน้อย ม.7,เลขที่ 3 หมู่ 7 ตำบลวังบาล อำเภอหล่มเก่า เพชรบูรณ์ 67120,สำนักงานเกษตรจังหวัดเพชรบูรณ์,ตำบลวังบาล
1363,2566,หล่มเก่า,ครัวหล่มเก่ารักษ์สุขภาพ,เลขที่ 108 หมู่ 7 ตำบลบ้านเนิน อำเภอหล่มเก่า เพชรบูรณ์ 67120,สำนักงานเกษตรจังหวัดเพชรบูรณ์,ตำบลบ้านเนิน
1364,2566,หล่มเก่า,กลุ่มผู้ใช้ปุ๋ยบ้านห้วยมะยม  หมู่ 7 ต. นาซง,เลขที่ 38/1 หมู่ 7 ตำบลนาแซง อำเภอหล่มเก่า เพชรบูรณ์ 67120,สำนักงานเกษตรจังหวัดเพชรบูรณ์,ตำบลนาแซง
1365,2566,หล่มเก่า,การผลิตมะขามตาดกลอยใต้,เลขที่ 249 หมู่ 3 ตำบลตาดกลอย อำเภอหล่มเก่า เพชรบูรณ์ 67120,สำนักงานเกษตรจังหวัดเพชรบูรณ์,ตำบลตาดกลอย
1366,2566,หล่มเก่า,อุดมสุขบ้านโป่งสามขา,เลขที่ 99/1 หมู่ 1 ตำบลศิลา อำเภอหล่มเก่า เพชรบูรณ์ 67120,สำนักงานเกษตรจังหวัดเพชรบูรณ์,ตำบลศิลา
1367,2566,หล่มเก่า,อุดมสุขบ้านวังขอน,เลขที่ 67 หมู่ 1 ตำบลตาดกลอย อำเภอหล่มเก่า เพชรบูรณ์ 67120,สำนักงานเกษตรจังหวัดเพชรบูรณ์,ตำบลตาดกลอย
1368,2566,หล่มเก่า,อุดมสุขบ้านตาดข่า,เลขที่ 5 หมู่ 5 ตำบลตาดกลอย อำเภอหล่มเก่า เพชรบูรณ์ 67120,สำนักงานเกษตรจังหวัดเพชรบูรณ์,ตำบลตาดกลอย
1369,2566,หล่มเก่า,อุดมสุขบ้านกกกล้วยนวน,เลขที่ 160 หมู่ 7 ตำบลตาดกลอย อำเภอหล่มเก่า เพชรบูรณ์ 67120,สำนักงานเกษตรจังหวัดเพชรบูรณ์,ตำบลตาดกลอย
1370,2566,หล่มเก่า,อุดมสุขบ้านอีเลิศ,เลขที่ 16 หมู่ 8 ตำบลนาซำ อำเภอหล่มเก่า เพชรบูรณ์ 67120,สำนักงานเกษตรจังหวัดเพชรบูรณ์,ตำบลนาซำ
1371,2566,หล่มเก่า,อุดมสุขบ้านนาซำ,เลขที่ 48 หมู่ 6 ตำบลนาซำ อำเภอหล่มเก่า เพชรบูรณ์ 67120,สำนักงานเกษตรจังหวัดเพชรบูรณ์,ตำบลนาซำ
1372,2566,หล่มเก่า,อุดมสุขบ้านตาดกลอย,เลขที่ 195 หมู่ 4 ตำบลตาดกลอย อำเภอหล่มเก่า เพชรบูรณ์ 67120,สำนักงานเกษตรจังหวัดเพชรบูรณ์,ตำบลตาดกลอย
1373,2566,หล่มเก่า,กลุ่มเกษตรพอเพียงห้วยผักกูด,เลขที่ 90 หมู่ 10 ตำบลศิลา อำเภอหล่มเก่า เพชรบูรณ์ 67120,สำนักงานเกษตรจังหวัดเพชรบูรณ์,ตำบลศิลา
1374,2566,หล่มเก่า,ผลิตภัณฑ์พืชอินทรีย์นาซำ,เลขที่ 163 หมู่ 1 ตำบลนาซำ อำเภอหล่มเก่า เพชรบูรณ์ 67120,สำนักงานเกษตรจังหวัดเพชรบูรณ์,ตำบลนาซำ
1375,2566,หล่มเก่า,รุ่งเรืองตำบลหล่มเก่า,เลขที่ 3 หมู่ 4 ตำบลหล่มเก่า อำเภอหล่มเก่า เพชรบูรณ์ 67120,สำนักงานเกษตรจังหวัดเพชรบูรณ์,ตำบลหล่มเก่า
1376,2566,หล่มเก่า,กลุ่มแม่บ้านเกษตรกรโจะโหวะเหนือ,เลขที่ 39 หมู่ 5 ตำบลบ้านเนิน อำเภอหล่มเก่า เพชรบูรณ์ 67120,สำนักงานเกษตรจังหวัดเพชรบูรณ์,ตำบลบ้านเนิน
1377,2566,หล่มเก่า,กลุ่มผลิตภัณฑ์ภูมิปัญญาท้องถิ่น  หมู่ที่ 1,เลขที่ 46 หมู่ 1 ตำบลนาเกาะ อำเภอหล่มเก่า เพชรบูรณ์ 67120,สำนักงานเกษตรจังหวัดเพชรบูรณ์,ตำบลนาเกาะ
1378,2566,หล่มเก่า,กลุ่มปลูกใบยาสูบ,เลขที่ 32 หมู่ 2 ตำบลหินฮาว อำเภอหล่มเก่า เพชรบูรณ์ 67120,สำนักงานเกษตรจังหวัดเพชรบูรณ์,ตำบลหินฮาว
1379,2566,หล่มเก่า,นักเลี้ยงผึ้งเพชรบูรณ์,เลขที่ 142 หมู่ 1 ตำบลหล่มเก่า อำเภอหล่มเก่า เพชรบูรณ์ 67120,สำนักงานเกษตรจังหวัดเพชรบูรณ์,ตำบลหล่มเก่า
1380,2566,หล่มเก่า,กลุ่มผู้ใช้ปุ๋ยบ้านไร่ ต.นาเกาะ,เลขที่ 49 หมู่ 3 ตำบลนาเกาะ อำเภอหล่มเก่า เพชรบูรณ์ 67120,สำนักงานเกษตรจังหวัดเพชรบูรณ์,ตำบลนาเกาะ
1381,2566,หล่มเก่า,แก่งโตนเฟอร์นิเจอร์,เลขที่ 131 หมู่ 10 ตำบลนาซำ อำเภอหล่มเก่า เพชรบูรณ์ 67120,สำนักงานเกษตรจังหวัดเพชรบูรณ์,ตำบลนาซำ
1382,2566,หล่มเก่า,อินทรีย์ เจพี-นาแซง,เลขที่ 135 หมู่ 4 ตำบลนาแซง อำเภอหล่มเก่า เพชรบูรณ์ 67120,สำนักงานเกษตรจังหวัดเพชรบูรณ์,ตำบลนาแซง
1383,2566,หล่มเก่า,ผู้ปลูกพืชผัก-ผลไม้อินทรีย์ หมู่ 8 ตำบลนาซำ,เลขที่ 309 หมู่ 8 ตำบลนาซำ อำเภอหล่มเก่า เพชรบูรณ์ 67120,สำนักงานเกษตรจังหวัดเพชรบูรณ์,ตำบลนาซำ
1384,2566,หล่มเก่า,กลุ่มออมทรัพย์เพื่อการผลิตบ้านกกกะทอน,เลขที่ 97 หมู่ 4 ตำบลนาซำ อำเภอหล่มเก่า เพชรบูรณ์ 67120,สำนักงานเกษตรจังหวัดเพชรบูรณ์,ตำบลนาซำ
1385,2566,หล่มเก่า,ผลิตและแปรรูปผลิตภัณฑ์กลุ่มเพื่อนพึ่ง(ภาฯ)ยามยาก ต.นาซำ,เลขที่ 35 หมู่ 7 ตำบลนาซำ อำเภอหล่มเก่า เพชรบูรณ์ 67120,สำนักงานเกษตรจังหวัดเพชรบูรณ์,ตำบลนาซำ
1386,2566,หล่มเก่า,กลุ่มผู้ใช้ปุ๋ย หมู่ 5 บ้านปลาฝา,เลขที่ 7 หมู่ 5 ตำบลหินฮาว อำเภอหล่มเก่า เพชรบูรณ์ 67120,สำนักงานเกษตรจังหวัดเพชรบูรณ์,ตำบลหินฮาว
1387,2566,หล่มเก่า,กลุ่มเกษตรกรผู้ใช้ปุ๋ยบ้านหนองยาว,เลขที่ 58/1 หมู่ 1 ตำบลหินฮาว อำเภอหล่มเก่า เพชรบูรณ์ 67120,สำนักงานเกษตรจังหวัดเพชรบูรณ์,ตำบลหินฮาว
1388,2566,หล่มเก่า,กลุ่มเกษตรกรทำไร่บ้านห้วยผักกูด,เลขที่ 28/1 หมู่ 10 ตำบลศิลา อำเภอหล่มเก่า เพชรบูรณ์ 67120,สำนักงานเกษตรจังหวัดเพชรบูรณ์,ตำบลศิลา
1389,2566,หล่มเก่า,กลุ่มแม่บ้านทฤษฎีใหม่,เลขที่ 178  หมู่ที่ 1 ตำบลนาซำ อำเภอหล่มเก่า เพชรบูรณ์ 67120,สำนักงานเกษตรจังหวัดเพชรบูรณ์,ตำบลนาซำ
1390,2566,หล่มเก่า,กลุ่มสัจจะออมทรัพย์บ้านห้วยมะเขือ ม.5 ต.นาแซง,เลขที่ 18 หมู่ 5 ตำบลนาแซง อำเภอหล่มเก่า เพชรบูรณ์ 67120,สำนักงานเกษตรจังหวัดเพชรบูรณ์,ตำบลนาแซง
1391,2566,หล่มเก่า,กลุ่มขายล็อตเตอรี่บ้านกลาง ม.14,เลขที่ 16 หมู่ 14 ตำบลศิลา อำเภอหล่มเก่า เพชรบูรณ์ 67120,สำนักงานเกษตรจังหวัดเพชรบูรณ์,ตำบลศิลา
1392,2566,หล่มเก่า,กลุ่มปลูกข้าวโพดเลี้ยงสัตว์บ้านศิลา,เลขที่ 311/1 หมู่ 6 ตำบลศิลา อำเภอหล่มเก่า เพชรบูรณ์ 67120,สำนักงานเกษตรจังหวัดเพชรบูรณ์,ตำบลศิลา
1393,2566,หล่มเก่า,กลุ่มออมทรัพย์เพื่อการผลิตบ้านขี้นาค,เลขที่ 75 หมู่ 12 ตำบลวังบาล อำเภอหล่มเก่า เพชรบูรณ์ 67120,สำนักงานเกษตรจังหวัดเพชรบูรณ์,ตำบลวังบาล
1394,2566,หล่มเก่า,กลุ่มผลิตและแปรรูปมะขามบ้านท่าผู,เลขที่ 143 หมู่ 6 ตำบลหินฮาว อำเภอหล่มเก่า เพชรบูรณ์ 67120,สำนักงานเกษตรจังหวัดเพชรบูรณ์,ตำบลหินฮาว
1395,2566,หล่มเก่า,ท่องเที่ยวม้งทับเบิก,เลขที่ 41 หมู่ 16 ตำบลวังบาล อำเภอหล่มเก่า เพชรบูรณ์ 67120,สำนักงานเกษตรจังหวัดเพชรบูรณ์,ตำบลวังบาล
1396,2566,หล่มเก่า,กลุ่มเกษตรบ้านห้วยโป่งน้ำ,เลขที่ 69 หมู่ 9 ตำบลตาดกลอย อำเภอหล่มเก่า เพชรบูรณ์ 67120,สำนักงานเกษตรจังหวัดเพชรบูรณ์,ตำบลตาดกลอย
1397,2566,หล่มเก่า,กลุ่มออมทรัพย์เพื่อการผลิตนาแซง,เลขที่ 65 หมู่ 2 ตำบลนาแซง อำเภอหล่มเก่า เพชรบูรณ์ 67120,สำนักงานเกษตรจังหวัดเพชรบูรณ์,ตำบลนาแซง
1398,2566,หล่มเก่า,วิสาหกิจพัฒนา  569,เลขที่ 60 หมู่ 9 ตำบลตาดกลอย อำเภอหล่มเก่า เพชรบูรณ์ 67120,สำนักงานเกษตรจังหวัดเพชรบูรณ์,ตำบลตาดกลอย
1399,2566,หล่มเก่า,กลุ่มร่วมใจเกษตรกร  607,เลขที่ 1 หมู่ 9 ตำบลตาดกลอย อำเภอหล่มเก่า เพชรบูรณ์ 67120,สำนักงานเกษตรจังหวัดเพชรบูรณ์,ตำบลตาดกลอย
1400,2566,หล่มเก่า,กลุ่มออมทรัพย์เพื่อการผลิต  ม.3,เลขที่ 41 หมู่ 3 ตำบลหล่มเก่า อำเภอหล่มเก่า เพชรบูรณ์ 67120,สำนักงานเกษตรจังหวัดเพชรบูรณ์,ตำบลหล่มเก่า
1401,2566,หล่มเก่า,กลุ่มมะขามแปรรูปบ้านหินกลิ้ง,เลขที่ 26/1 หมู่ 2 ตำบลหล่มเก่า อำเภอหล่มเก่า เพชรบูรณ์ 67120,สำนักงานเกษตรจังหวัดเพชรบูรณ์,ตำบลหล่มเก่า
1402,2566,หล่มเก่า,กลุ่มเกษตรกรบ้านไร่นาขี้หูด,เลขที่ 141 หมู่ 3 ตำบลนาแซง อำเภอหล่มเก่า เพชรบูรณ์ 67120,สำนักงานเกษตรจังหวัดเพชรบูรณ์,ตำบลนาแซง
1403,2566,หล่มเก่า,กลุ่มออมทรัพย์เพื่อการผลิต  หมู่ 2,เลขที่ 26/1 หมู่ 2 ตำบลหล่มเก่า อำเภอหล่มเก่า เพชรบูรณ์ 67120,สำนักงานเกษตรจังหวัดเพชรบูรณ์,ตำบลหล่มเก่า
1404,2566,หล่มเก่า,กลุ่มแปรรูปพริกบ้านแก่งโตน,เลขที่ 147 หมู่ 2 ตำบลนาซำ อำเภอหล่มเก่า เพชรบูรณ์ 67120,สำนักงานเกษตรจังหวัดเพชรบูรณ์,ตำบลนาซำ
1405,2566,หล่มเก่า,นาแซงเพื่อการผลิต  (ศูนย์เรียนรู้มะขามหวานหล่มเก่า),เลขที่ 98 หมู่ 6 ตำบลนาแซง อำเภอหล่มเก่า เพชรบูรณ์ 67120,สำนักงานเกษตรจังหวัดเพชรบูรณ์,ตำบลนาแซง
1406,2566,หล่มเก่า,ภูมิไทที่ 23  มะขามแปรรูปเสน่ห์ดาว,เลขที่ 21 หมู่ 6 ตำบลบ้านเนิน อำเภอหล่มเก่า เพชรบูรณ์ 67120,สำนักงานเกษตรจังหวัดเพชรบูรณ์,ตำบลบ้านเนิน
1407,2566,หล่มเก่า,กลุ่มทอผ้าบ้านอีเลิศ,เลขที่ 210 หมู่ 8 ตำบลนาซำ อำเภอหล่มเก่า เพชรบูรณ์ 67120,สำนักงานเกษตรจังหวัดเพชรบูรณ์,ตำบลนาซำ
1408,2566,หล่มเก่า,กลุ่มวิสาหกิจชุมชนท่องเที่ยวภูทับเบิก,เลขที่ 299 หมู่ 16 ตำบลวังบาล อำเภอหล่มเก่า เพชรบูรณ์ 67120,สำนักงานเกษตรจังหวัดเพชรบูรณ์,ตำบลวังบาล
1409,2566,หล่มเก่า,กลุ่มทอผ้าบ้านภูผักไซ่,เลขที่ 32 หมู่ 7 ตำบลหินฮาว อำเภอหล่มเก่า เพชรบูรณ์ 67120,สำนักงานเกษตรจังหวัดเพชรบูรณ์,ตำบลหินฮาว
1410,2566,หล่มเก่า,กลุ่มผู้ผลิตสินค้าเกษตร หมู่ 1 ตำบลนาเกาะ,เลขที่ 50 หมู่ 1 ตำบลนาเกาะ อำเภอหล่มเก่า เพชรบูรณ์ 67120,สำนักงานเกษตรจังหวัดเพชรบูรณ์,ตำบลนาเกาะ
1411,2566,หล่มเก่า,กลุ่มเย็บผ้าห่มใยสังเคราะห์นาเกาะ,เลขที่ 11 หมู่ 2 ตำบลนาเกาะ อำเภอหล่มเก่า เพชรบูรณ์ 67120,สำนักงานเกษตรจังหวัดเพชรบูรณ์,ตำบลนาเกาะ
1412,2566,หล่มเก่า,ธนาคารหมู่บ้านห้วยมะเขือ ม.4  ตำบลนาแซง,เลขที่ 127 หมู่ 4 ตำบลนาแซง อำเภอหล่มเก่า เพชรบูรณ์ 67120,สำนักงานเกษตรจังหวัดเพชรบูรณ์,ตำบลนาแซง
1413,2566,หล่มเก่า,กลุ่มเกษตรชุมชนส่งเสริมเศรษฐกิจพอเพียง,เลขที่ 21 หมู่ 7 ตำบลนาแซง อำเภอหล่มเก่า เพชรบูรณ์ 67120,สำนักงานเกษตรจังหวัดเพชรบูรณ์,ตำบลนาแซง
1414,2566,หล่มเก่า,กลุ่มปลูกและซื้อ-ขายยาสูบ,เลขที่ 151 หมู่ 13 ตำบลหินฮาว อำเภอหล่มเก่า เพชรบูรณ์ 67120,สำนักงานเกษตรจังหวัดเพชรบูรณ์,ตำบลหินฮาว
1415,2566,หล่มเก่า,กลุ่มผลิตและจัดซื้อหอม-กระเทียมบ้านหนองเล,เลขที่ 102 หมู่ 13 ตำบลหินฮาว อำเภอหล่มเก่า เพชรบูรณ์ 67120,สำนักงานเกษตรจังหวัดเพชรบูรณ์,ตำบลหินฮาว
1416,2566,หล่มเก่า,ต้นน้ำห้วยผักกูด  (ผู้ค้าสลากกินแบ่งรัฐบาล),เลขที่ 38 หมู่ 10 ตำบลศิลา อำเภอหล่มเก่า เพชรบูรณ์ 67120,สำนักงานเกษตรจังหวัดเพชรบูรณ์,ตำบลศิลา
1417,2566,หล่มเก่า,กลุ่มเลี้ยงโคพันธุ์เนื้อบ้านหนองเล,เลขที่ 96 หมู่ 13 ตำบลหินฮาว อำเภอหล่มเก่า เพชรบูรณ์ 67120,สำนักงานเกษตรจังหวัดเพชรบูรณ์,ตำบลหินฮาว
1418,2566,หล่มเก่า,กลุ่มพัฒนาอาชีพห้วยผักกูด,เลขที่ 89 หมู่ 10 ตำบลศิลา อำเภอหล่มเก่า เพชรบูรณ์ 67120,สำนักงานเกษตรจังหวัดเพชรบูรณ์,ตำบลศิลา
1419,2566,หล่มเก่า,กลุ่มผู้ปลูกยาสูบ,เลขที่ 61 หมู่ 4 ตำบลนาเกาะ อำเภอหล่มเก่า เพชรบูรณ์ 67120,สำนักงานเกษตรจังหวัดเพชรบูรณ์,ตำบลนาเกาะ
1420,2566,หล่มเก่า,กลุ่มปลูกยางพาราบ้านอุ่มกะทาด,เลขที่ 30 หมู่ 3 ตำบลศิลา อำเภอหล่มเก่า เพชรบูรณ์ 67120,สำนักงานเกษตรจังหวัดเพชรบูรณ์,ตำบลศิลา
1421,2566,หล่มเก่า,ผลิตข้าวโพดเลี้ยงสัตว์  577,เลขที่ 64 หมู่ 5 ตำบลตาดกลอย อำเภอหล่มเก่า เพชรบูรณ์ 67120,สำนักงานเกษตรจังหวัดเพชรบูรณ์,ตำบลตาดกลอย
1422,2566,หล่มเก่า,ผลิตข้าวโพดเลี้ยงสัตว์  585,เลขที่ 5 หมู่ 5 ตำบลตาดกลอย อำเภอหล่มเก่า เพชรบูรณ์ 67120,สำนักงานเกษตรจังหวัดเพชรบูรณ์,ตำบลตาดกลอย
1423,2566,หล่มเก่า,ผลิตข้าวโพดเลี้ยงสัตว์  595,เลขที่ 16 หมู่ 5 ตำบลตาดกลอย อำเภอหล่มเก่า เพชรบูรณ์ 67120,สำนักงานเกษตรจังหวัดเพชรบูรณ์,ตำบลตาดกลอย
1424,2566,หล่มเก่า,ผลิตข้าวโพดเลี้ยงสัตว์  635,เลขที่ 222 หมู่ 3 ตำบลตาดกลอย อำเภอหล่มเก่า เพชรบูรณ์ 67120,สำนักงานเกษตรจังหวัดเพชรบูรณ์,ตำบลตาดกลอย
1425,2566,หล่มเก่า,ผู้ค้าล๊อตเตอรี่บ้านกกกล้วยนวน,เลขที่ 19/1 หมู่ 7 ตำบลตาดกลอย อำเภอหล่มเก่า เพชรบูรณ์ 67120,สำนักงานเกษตรจังหวัดเพชรบูรณ์,ตำบลตาดกลอย
1426,2566,หล่มเก่า,ผลิตข้าวโพดเลี้ยงสัตว์  666,เลขที่ 51 หมู่ 7 ตำบลตาดกลอย อำเภอหล่มเก่า เพชรบูรณ์ 67120,สำนักงานเกษตรจังหวัดเพชรบูรณ์,ตำบลตาดกลอย
1427,2566,หล่มเก่า,ผลิตข้าวโพดเลี้ยงสัตว์  664,เลขที่ 144 หมู่ 7 ตำบลตาดกลอย อำเภอหล่มเก่า เพชรบูรณ์ 67120,สำนักงานเกษตรจังหวัดเพชรบูรณ์,ตำบลตาดกลอย
1428,2566,หล่มเก่า,ผลิตข้าวโพดเลี้ยงสัตว์  653,เลขที่ 106 หมู่ 7 ตำบลตาดกลอย อำเภอหล่มเก่า เพชรบูรณ์ 67120,สำนักงานเกษตรจังหวัดเพชรบูรณ์,ตำบลตาดกลอย
1429,2566,หล่มเก่า,กลุ่มผู้ขายล็อตเตอรี่ตำบลศิลา,เลขที่ 107 หมู่ 4 ตำบลศิลา อำเภอหล่มเก่า เพชรบูรณ์ 67120,สำนักงานเกษตรจังหวัดเพชรบูรณ์,ตำบลศิลา
1430,2566,หล่มเก่า,กลุ่มผู้ค้าสลากกินแบ่งรัฐบาล,เลขที่ 280 หมู่ 6 ตำบลศิลา อำเภอหล่มเก่า เพชรบูรณ์ 67120,สำนักงานเกษตรจังหวัดเพชรบูรณ์,ตำบลศิลา
1431,2566,หล่มเก่า,กลุ่มแม่บ้านเกษตรกรขี้นาคแผนใหม่,เลขที่ 28 หมู่ 12 ตำบลวังบาล อำเภอหล่มเก่า เพชรบูรณ์ 67120,สำนักงานเกษตรจังหวัดเพชรบูรณ์,ตำบลวังบาล
1432,2566,หล่มเก่า,โรงเรียนเกษตรอินทรีย์,เลขที่ 212 หมู่ 3 ตำบลบ้านเนิน อำเภอหล่มเก่า เพชรบูรณ์ 67120,สำนักงานเกษตรจังหวัดเพชรบูรณ์,ตำบลบ้านเนิน
1433,2566,หล่มเก่า,ศูนย์ส่งเสริมและผลิตพันธุ์ข้าวชุมชน ต.หินฮาว,เลขที่ 32 หมู่ 2 ตำบลหินฮาว อำเภอหล่มเก่า เพชรบูรณ์ 67120,สำนักงานเกษตรจังหวัดเพชรบูรณ์,ตำบลหินฮาว
1434,2566,น้ำหนาว,แปลงใหญ่ทุเรียน ต.น้ำหนาว,เลขที่ 434 หมู่ 3 ตำบลน้ำหนาว อำเภอน้ำหนาว เพชรบูรณ์ 67260,สำนักงานเกษตรจังหวัดเพชรบูรณ์,ตำบลน้ำหนาว
1435,2566,น้ำหนาว,พืชสมุนไพรน้ำหนาว,เลขที่ 295 หมู่ 5 ตำบลน้ำหนาว อำเภอน้ำหนาว เพชรบูรณ์ 67260,สำนักงานเกษตรจังหวัดเพชรบูรณ์,ตำบลน้ำหนาว
1436,2566,น้ำหนาว,มีมาสมุนไพร,เลขที่ 102 หมู่ 5 ตำบลโคกมน อำเภอน้ำหนาว เพชรบูรณ์ 67260,สำนักงานเกษตรจังหวัดเพชรบูรณ์,ตำบลโคกมน
1437,2566,น้ำหนาว,น้ำหนาวฟลาวเวอร์ฟาร์ม,เลขที่ 254 หมู่ 2 ตำบลโคกมน อำเภอน้ำหนาว เพชรบูรณ์ 67260,สำนักงานเกษตรจังหวัดเพชรบูรณ์,ตำบลโคกมน
1438,2566,น้ำหนาว,การท่องเที่ยวและวัฒนธรรมบ้านโคกยาว,เลขที่ 52 หมู่ 2 ตำบลน้ำหนาว อำเภอน้ำหนาว เพชรบูรณ์ 67260,สำนักงานเกษตรจังหวัดเพชรบูรณ์,ตำบลน้ำหนาว
1439,2566,น้ำหนาว,ป่าอุ่น คนอิ่ม,เลขที่ 192 หมู่ 6 ตำบลน้ำหนาว อำเภอน้ำหนาว เพชรบูรณ์ 67260,สำนักงานเกษตรจังหวัดเพชรบูรณ์,ตำบลน้ำหนาว
1440,2566,น้ำหนาว,กลุ่มเลี้ยงโคพื้นเมืองโคกมน,เลขที่ 112 หมู่ 1 ตำบลโคกมน อำเภอน้ำหนาว เพชรบูรณ์ 67260,สำนักงานเกษตรจังหวัดเพชรบูรณ์,ตำบลโคกมน
1441,2566,น้ำหนาว,บ้านห้วยหญ้าเครือเกษตรอินทรีย์,เลขที่ 103 หมู่ 1 ตำบลน้ำหนาว อำเภอน้ำหนาว เพชรบูรณ์ 67260,สำนักงานเกษตรจังหวัดเพชรบูรณ์,ตำบลน้ำหนาว
1442,2566,น้ำหนาว,นวัตกรรมวิถีสมุนไพรไทย,เลขที่ 53 หมู่ 6 ตำบลหลักด่าน อำเภอน้ำหนาว เพชรบูรณ์ 67260,สำนักงานเกษตรจังหวัดเพชรบูรณ์,ตำบลหลักด่าน
1443,2566,น้ำหนาว,นวัตกรรมการเกษตรเพื่อส่งเสริมการปลูกพืชสมุนไพรภูมิพญาเพชรบูรณ์,เลขที่ 258 หมู่ 5 ตำบลน้ำหนาว อำเภอน้ำหนาว เพชรบูรณ์ 67260,สำนักงานเกษตรจังหวัดเพชรบูรณ์,ตำบลน้ำหนาว
1444,2566,น้ำหนาว,ห้วยยางทองการเกษตร,เลขที่ 9 หมู่ 9 ตำบลวังกวาง อำเภอน้ำหนาว เพชรบูรณ์ 67260,สำนักงานเกษตรจังหวัดเพชรบูรณ์,ตำบลวังกวาง
1445,2566,น้ำหนาว,ข้าวหลามน้ำหนาวแม่เสลี่ยง,เลขที่ 269 หมู่ 5 ตำบลน้ำหนาว อำเภอน้ำหนาว เพชรบูรณ์ 67260,สำนักงานเกษตรจังหวัดเพชรบูรณ์,ตำบลน้ำหนาว
1446,2566,น้ำหนาว,น้ำหนาวอาราบิก้า,เลขที่ 218 หมู่ 2 ตำบลโคกมน อำเภอน้ำหนาว เพชรบูรณ์ 67260,สำนักงานเกษตรจังหวัดเพชรบูรณ์,ตำบลโคกมน
1447,2566,น้ำหนาว,กลุ่มสัจจะสะสมทรัพย์วัดโคกมน,เลขที่ 230 หมู่ 2 ตำบลโคกมน อำเภอน้ำหนาว เพชรบูรณ์ 67260,สำนักงานเกษตรจังหวัดเพชรบูรณ์,ตำบลโคกมน
1448,2566,น้ำหนาว,มะขามป้อมเพชรน้ำหนาว,เลขที่ 2 หมู่ 5 ตำบลวังกวาง อำเภอน้ำหนาว เพชรบูรณ์ 67260,สำนักงานเกษตรจังหวัดเพชรบูรณ์,ตำบลวังกวาง
1449,2566,น้ำหนาว,กาแฟน้ำหนาว,เลขที่ 312 หมู่ 3 ตำบลน้ำหนาว อำเภอน้ำหนาว เพชรบูรณ์ 67260,สำนักงานเกษตรจังหวัดเพชรบูรณ์,ตำบลน้ำหนาว
1450,2566,น้ำหนาว,กลุ่มข้าวพญาลืมแกง ต.น้ำหนาว,เลขที่ 45 หมู่ 3 ตำบลน้ำหนาว อำเภอน้ำหนาว เพชรบูรณ์ 67260,สำนักงานเกษตรจังหวัดเพชรบูรณ์,ตำบลน้ำหนาว
1451,2566,เขาค้อ,ท่องเที่ยวตำบลเข็กน้อย,เลขที่ 8 หมู่ที่ 9 ตำบลเข็กน้อย อำเภอเขาค้อ เพชรบูรณ์ 67280,สำนักงานเกษตรจังหวัดเพชรบูรณ์,ตำบลเข็กน้อย
1452,2566,เขาค้อ,ศูนย์ข้าวชุมชน ตำบลหนองแม่นา,เลขที่ 22 หมู่ที่ 2 ตำบลหนองแม่นา อำเภอเขาค้อ เพชรบูรณ์ 67270,สำนักงานเกษตรจังหวัดเพชรบูรณ์,ตำบลหนองแม่นา
1453,2566,เขาค้อ,วิถีมองดอกฮับ,เลขที่ 99 หมู่ 2 ตำบลเขาค้อ อำเภอเขาค้อ เพชรบูรณ์ 67270,สำนักงานเกษตรจังหวัดเพชรบูรณ์,ตำบลเขาค้อ
1454,2566,เขาค้อ,เคที อินเตอร์ ฟาร์ม,เลขที่ 335 หมู่ที่ 12 ตำบลเข็กน้อย อำเภอเขาค้อ เพชรบูรณ์ 67280,สำนักงานเกษตรจังหวัดเพชรบูรณ์,ตำบลเข็กน้อย
1455,2566,เขาค้อ,ผู้เลี้ยงสุกร บ้านสะเดาะพง,เลขที่ 30 หมู่ 2 ตำบลสะเดาะพง อำเภอเขาค้อ เพชรบูรณ์ 67270,สำนักงานเกษตรจังหวัดเพชรบูรณ์,ตำบลสะเดาะพง
1456,2566,เขาค้อ,กลุ่มเกษตรกรผู้ปลูกขิง ตำบลเข็กน้อย,เลขที่ 44 หมู่ 7 ตำบลเข็กน้อย อำเภอเขาค้อ เพชรบูรณ์ 67280,สำนักงานเกษตรจังหวัดเพชรบูรณ์,ตำบลเข็กน้อย
1457,2566,เขาค้อ,ผลไม้แปรรูป ตำบลหนองแม่นา อำเภอเขาค้อ,เลขที่ 160 หมู่ 10 ตำบลหนองแม่นา อำเภอเขาค้อ เพชรบูรณ์ 67270,สำนักงานเกษตรจังหวัดเพชรบูรณ์,ตำบลหนองแม่นา
1458,2566,เขาค้อ,เขาค้อโอเค,เลขที่ 123 หมู่ 7 ตำบลแคมป์สน อำเภอเขาค้อ เพชรบูรณ์ 67280,สำนักงานเกษตรจังหวัดเพชรบูรณ์,ตำบลแคมป์สน
1459,2566,เขาค้อ,ทุ่งนางแลสมุนไพรเพื่อการแพทย์,เลขที่ 133 หมู่ 11 ตำบลแคมป์สน อำเภอเขาค้อ เพชรบูรณ์ 67280,สำนักงานเกษตรจังหวัดเพชรบูรณ์,ตำบลแคมป์สน
1460,2566,เขาค้อ,ฟอเรส ฮิลล์ เขาค้อ,เลขที่ 169 หมู่ที่ 6 ตำบลทุ่งสมอ อำเภอเขาค้อ เพชรบูรณ์ 67270,สำนักงานเกษตรจังหวัดเพชรบูรณ์,ตำบลทุ่งสมอ
1461,2566,เขาค้อ,สมุนไพรและไม้หายาก ภูเคียงธาร,เลขที่ 81 หมู่ที่ 2 ตำบลทุ่งสมอ อำเภอเขาค้อ เพชรบูรณ์ 67270,สำนักงานเกษตรจังหวัดเพชรบูรณ์,ตำบลทุ่งสมอ
1462,2566,เขาค้อ,การเกษตรและการท่องเที่ยวชุมชนบ้านเสลียงแห้ง เขาค้อ,เลขที่ 92 หมู่ 3 ตำบลสะเดาะพง อำเภอเขาค้อ เพชรบูรณ์ 67270,สำนักงานเกษตรจังหวัดเพชรบูรณ์,ตำบลสะเดาะพง
1463,2566,เขาค้อ,ผู้เลี้ยงไก่ดำ บ้านเข็กน้อย,เลขที่ 182 หมู่ 8 ตำบลเข็กน้อย อำเภอเขาค้อ เพชรบูรณ์ 67280,สำนักงานเกษตรจังหวัดเพชรบูรณ์,ตำบลเข็กน้อย
1464,2566,เขาค้อ,ไม้กฤษณา ตะวันณา,เลขที่ 114 หมู่ 2 ตำบลเขาค้อ อำเภอเขาค้อ เพชรบูรณ์ 67270,สำนักงานเกษตรจังหวัดเพชรบูรณ์,ตำบลเขาค้อ
1465,2566,เขาค้อ,กลุ่มแปรรูปผลไม้เมืองหนาวหนองแม่นา,เลขที่ 30 หมู่ที่ 8 ตำบลหนองแม่นา อำเภอเขาค้อ เพชรบูรณ์ 67270,สำนักงานเกษตรจังหวัดเพชรบูรณ์,ตำบลหนองแม่นา
1466,2566,เขาค้อ,แปลงใหญ่แมคคาเดเมียอำเภอเขาค้อ,เลขที่ 63 หมู่ที่ 3 ตำบลริมสีม่วง อำเภอเขาค้อ เพชรบูรณ์ 67270,สำนักงานเกษตรจังหวัดเพชรบูรณ์,ตำบลริมสีม่วง
1467,2566,เขาค้อ,กรีนฟินน์ เขาค้อ,เลขที่ 197 หมู่ที่ 6 ตำบลแคมป์สน อำเภอเขาค้อ เพชรบูรณ์ 67280,สำนักงานเกษตรจังหวัดเพชรบูรณ์,ตำบลแคมป์สน
1468,2566,เขาค้อ,เกษตรก้าวหน้า แคมป์สน,เลขที่ 272 หมู่ 7 ตำบลแคมป์สน อำเภอเขาค้อ เพชรบูรณ์ 67280,สำนักงานเกษตรจังหวัดเพชรบูรณ์,ตำบลแคมป์สน
1469,2566,เขาค้อ,ํYSF เขาค้อ,เลขที่ 133/1 หมู่ 11 ตำบลทุ่งสมอ อำเภอเขาค้อ เพชรบูรณ์ ,สำนักงานเกษตรจังหวัดเพชรบูรณ์,ตำบลทุ่งสมอ
1470,2566,เขาค้อ,ศูนย์ท่องเที่ยววัฒนธรรมม้งเข็กน้อย,เลขที่ 164 หมู่ที่ 8 ตำบลเข็กน้อย อำเภอเขาค้อ เพชรบูรณ์ 67270,สำนักงานเกษตรจังหวัดเพชรบูรณ์,ตำบลเข็กน้อย
1471,2566,เขาค้อ,การปลูกพืชสมุนไพรแคมป์สน,เลขที่ 27 หมู่ที่ 11 ตำบลแคมป์สน อำเภอเขาค้อ เพชรบูรณ์ 67280,สำนักงานเกษตรจังหวัดเพชรบูรณ์,ตำบลแคมป์สน
1472,2566,เขาค้อ,แปรรูปเสาวรสและแปรรูปพืชผลทางการเกษตร,เลขที่ 97 หมู่ที่ 5 ตำบลหนองแม่นา อำเภอเขาค้อ เพชรบูรณ์ 67270,สำนักงานเกษตรจังหวัดเพชรบูรณ์,ตำบลหนองแม่นา
1473,2566,เขาค้อ,กลุ่มผ้าเขียนเทียนซีม้ง,เลขที่ 361 หมู่ที่ 12 ตำบลเข็กน้อย อำเภอเขาค้อ เพชรบูรณ์ 67280,สำนักงานเกษตรจังหวัดเพชรบูรณ์,ตำบลเข็กน้อย
1474,2566,เขาค้อ,ผู้ปลูกและแปรรูปบุกเขาค้อ,เลขที่ 80 หมู่ที่ 11 ตำบลแคมป์สน อำเภอเขาค้อ เพชรบูรณ์ 67280,สำนักงานเกษตรจังหวัดเพชรบูรณ์,ตำบลแคมป์สน
1475,2566,เขาค้อ,ท่องเที่ยวภูสายลม,เลขที่ 64 หมู่ที่ 7 ตำบลทุ่งสมอ อำเภอเขาค้อ เพชรบูรณ์ 67270,สำนักงานเกษตรจังหวัดเพชรบูรณ์,ตำบลทุ่งสมอ
1476,2566,เขาค้อ,การท่องเที่ยวเกษตรเชิงวัฒนธรรมลีซอ,เลขที่ 172 หมู่ 10 ตำบลเขาค้อ อำเภอเขาค้อ เพชรบูรณ์ 67270,สำนักงานเกษตรจังหวัดเพชรบูรณ์,ตำบลเขาค้อ
1477,2566,เขาค้อ,เกษตรอินทรีย์ริมสีม่วงและผลิตภัณฑ์แปรรูป,เลขที่ 101 หมู่ที่ 4 ตำบลริมสีม่วง อำเภอเขาค้อ เพชรบูรณ์ 67270,สำนักงานเกษตรจังหวัดเพชรบูรณ์,ตำบลริมสีม่วง
1478,2566,เขาค้อ,คุ้มภูเพชร เขาค้อ,เลขที่ 104/1 หมู่ที่ 5 ตำบลทุ่งสมอ อำเภอเขาค้อ เพชรบูรณ์ 67270,สำนักงานเกษตรจังหวัดเพชรบูรณ์,ตำบลทุ่งสมอ
1479,2566,เขาค้อ,ร้านค้าวิสาหกิจบ้านธนิตคำเที่ยง,เลขที่ 54 หมู่ 2 ตำบลริมสีม่วง อำเภอเขาค้อ เพชรบูรณ์ 67270,สำนักงานเกษตรจังหวัดเพชรบูรณ์,ตำบลริมสีม่วง
1480,2566,เขาค้อ,ท่องเที่ยวจุดชมวิวเขาตะเคียนโง๊ะ บ้านสนสวย,เลขที่ 41 หมู่ที่ 2 ตำบลหนองแม่นา อำเภอเขาค้อ เพชรบูรณ์ 67270,สำนักงานเกษตรจังหวัดเพชรบูรณ์,ตำบลหนองแม่นา
1481,2566,เขาค้อ,สมุนไพรไฮแลนด์,เลขที่ 161 หมู่ที่ 9 ตำบลเข็กน้อย อำเภอเขาค้อ เพชรบูรณ์ 67280,สำนักงานเกษตรจังหวัดเพชรบูรณ์,ตำบลเข็กน้อย
1482,2566,เขาค้อ,ผลิตภัณฑ์ชุมชนมะขามทอง2,เลขที่ 215 หมู่ที่ 7 ตำบลแคมป์สน อำเภอเขาค้อ เพชรบูรณ์ 67280,สำนักงานเกษตรจังหวัดเพชรบูรณ์,ตำบลแคมป์สน
1483,2566,เขาค้อ,พรแม่ย่ารุ่งเรือง,เลขที่ 111 หมู่ที่ 3 ตำบลสะเดาะพง อำเภอเขาค้อ เพชรบูรณ์ 67270,สำนักงานเกษตรจังหวัดเพชรบูรณ์,ตำบลสะเดาะพง
1484,2566,เขาค้อ,กลุ่มเขาค้อ ภูผา ธาราใส,เลขที่ 61 หมู่ที่ 6 ตำบลทุ่งสมอ อำเภอเขาค้อ เพชรบูรณ์ 67270,สำนักงานเกษตรจังหวัดเพชรบูรณ์,ตำบลทุ่งสมอ
1485,2566,เขาค้อ,กลุ่มผู้ผลิตและแปรรูปแมคคาเดเมีย เขาค้อ,เลขที่ 429 หมู่ที่ 12 ตำบลเข็กน้อย อำเภอเขาค้อ เพชรบูรณ์ 67280,สำนักงานเกษตรจังหวัดเพชรบูรณ์,ตำบลเข็กน้อย
1486,2566,เขาค้อ,กลุ่มผู้ปลูกหม่อนเลี้ยงไหมตำบลสะเดาะพง,เลขที่ 42 หมู่ 4 ตำบลสะเดาะพง อำเภอเขาค้อ เพชรบูรณ์ 67270,สำนักงานเกษตรจังหวัดเพชรบูรณ์,ตำบลสะเดาะพง
1487,2566,เขาค้อ,กลุ่มบ้านพักหนองแม่นาโฮมสเตย์,เลขที่ 41 หมู่ที่ 6 ตำบลหนองแม่นา อำเภอเขาค้อ เพชรบูรณ์ 67270,สำนักงานเกษตรจังหวัดเพชรบูรณ์,ตำบลหนองแม่นา
1488,2566,เขาค้อ,กลุ่มผู้เลี้ยงไก่พื้นเมืองบ้านร่มโพธิ์-ร่มไทร,เลขที่ 147/1 หมู่ 10 ตำบลหนองแม่นา อำเภอเขาค้อ เพชรบูรณ์ 67270,สำนักงานเกษตรจังหวัดเพชรบูรณ์,ตำบลหนองแม่นา
1489,2566,เขาค้อ,กลุ่มผู้ผลิตเฟอร์นิเจอร์รากไม้-เศษไม้บ้านกองเนียมเขาค้อ,เลขที่ 97 หมู่ 4 ตำบลเขาค้อ อำเภอเขาค้อ เพชรบูรณ์ 67270,สำนักงานเกษตรจังหวัดเพชรบูรณ์,ตำบลเขาค้อ
1490,2566,เขาค้อ,กลุ่มจักสานบ้านกองเนียม,เลขที่ 5 หมู่ 4 ตำบลเขาค้อ อำเภอเขาค้อ เพชรบูรณ์ 67270,สำนักงานเกษตรจังหวัดเพชรบูรณ์,ตำบลเขาค้อ
1491,2566,เขาค้อ,ต้นกล้าอาชีพเขาค้อพัฒนา,เลขที่ 51 หมู่ที่ 3 ตำบลหนองแม่นา อำเภอเขาค้อ เพชรบูรณ์ 67270,สำนักงานเกษตรจังหวัดเพชรบูรณ์,ตำบลหนองแม่นา
1492,2566,เขาค้อ,กลุ่มกสิกรรมบ้านดงหลง หมู่ 6 ต. แคมป์สน,เลขที่ 127 หมู่ 6 ตำบลแคมป์สน อำเภอเขาค้อ เพชรบูรณ์ 67270,สำนักงานเกษตรจังหวัดเพชรบูรณ์,ตำบลแคมป์สน
1493,2566,เขาค้อ,กลุ่มชุมชนคนรักษ์ป่า ต. หนองแม่นา,เลขที่ 53/12 หมู่ 6 ตำบลหนองแม่นา อำเภอเขาค้อ เพชรบูรณ์ 67270,สำนักงานเกษตรจังหวัดเพชรบูรณ์,ตำบลหนองแม่นา
1494,2566,เขาค้อ,กลุ่มสมุนไพรเพื่อสุขภาพเขาค้อ,เลขที่ 32 หมู่ที่ 8 ตำบลแคมป์สน อำเภอเขาค้อ เพชรบูรณ์ 67280,สำนักงานเกษตรจังหวัดเพชรบูรณ์,ตำบลแคมป์สน
1495,2566,เขาค้อ,กลุ่มผู้เลี้ยงโคนมเขาค้อ,เลขที่ 77 หมู่ 1 ตำบลสะเดาะพง อำเภอเขาค้อ เพชรบูรณ์ 67270,สำนักงานเกษตรจังหวัดเพชรบูรณ์,ตำบลสะเดาะพง
1496,2566,ชนแดน,สมุนไพรบ้าน กม. 28,เลขที่ 54 หมู่ 8 ตำบลดงขุย อำเภอชนแดน เพชรบูรณ์ 67190,สำนักงานเกษตรจังหวัดเพชรบูรณ์,ตำบลดงขุย
1497,2566,ชนแดน,กลุ่มเกษตรกรบ้านโป่งตะแบก ม.10 ต.พุทธบาท,เลขที่ 143 หมู่ 10 ตำบลพุทธบาท อำเภอชนแดน เพชรบูรณ์ 67150,สำนักงานเกษตรจังหวัดเพชรบูรณ์,ตำบลพุทธบาท
1498,2566,ชนแดน,กลุ่มเลี้ยงโคพันธุ์เนื้อเพื่อจำหน่าย,เลขที่ 148 หมู่ 8 ตำบลบ้านกล้วย อำเภอชนแดน เพชรบูรณ์ 67150,สำนักงานเกษตรจังหวัดเพชรบูรณ์,ตำบลบ้านกล้วย
1499,2566,ชนแดน,ปลูกพืชเศรษฐกิจสมุนไพรบ้านโป่งตะแบก,เลขที่ 99 หมู่ 10 ตำบลพุทธบาท อำเภอชนแดน เพชรบูรณ์ 67150,สำนักงานเกษตรจังหวัดเพชรบูรณ์,ตำบลพุทธบาท
1500,2566,ชนแดน,ชนแดนเกษตรยั่งยืน,เลขที่ 26 หมู่ 7 ตำบลชนแดน อำเภอชนแดน เพชรบูรณ์ 67150,สำนักงานเกษตรจังหวัดเพชรบูรณ์,ตำบลชนแดน
1501,2566,ชนแดน,พืชเศรษฐกิจใหม่,เลขที่ 100 หมู่ 15 ตำบลลาดแค อำเภอชนแดน เพชรบูรณ์ 67150,สำนักงานเกษตรจังหวัดเพชรบูรณ์,ตำบลลาดแค
1502,2566,ชนแดน,โคขุนบ้านซับตะเคียนหมู่21,เลขที่ 34 หมู่ 21 ตำบลลาดแค อำเภอชนแดน เพชรบูรณ์ 67150,สำนักงานเกษตรจังหวัดเพชรบูรณ์,ตำบลลาดแค
1503,2566,ชนแดน,กลุ่มเกษตรกรผู้ปลูกและแปรรูปมะขามหวานบ้านโป่งตะแบก,เลขที่ 28 หมู่ 10 ตำบลพุทธบาท อำเภอชนแดน เพชรบูรณ์ 67150,สำนักงานเกษตรจังหวัดเพชรบูรณ์,ตำบลพุทธบาท
1504,2566,ชนแดน,ท่องเที่ยววิถีเกษตรบ้านดง,เลขที่ 99/9 หมู่ 7 ตำบลดงขุย อำเภอชนแดน เพชรบูรณ์ 67190,สำนักงานเกษตรจังหวัดเพชรบูรณ์,ตำบลดงขุย
1505,2566,ชนแดน,เทพจักรพันธ์เพื่อการเกษตรและสมุนไพรที่ยั่งยืน,เลขที่ 95 หมู่ 6 ตำบลตะกุดไร อำเภอชนแดน เพชรบูรณ์ 67190,สำนักงานเกษตรจังหวัดเพชรบูรณ์,ตำบลตะกุดไร
1506,2566,ชนแดน,กลุ่มไม้ผลและไม้ยืนต้นเพื่อเศรษฐกิจ,เลขที่ 14/1 หมู่ 27 ตำบลพุทธบาท อำเภอชนแดน เพชรบูรณ์ 67150,สำนักงานเกษตรจังหวัดเพชรบูรณ์,ตำบลพุทธบาท
1507,2566,ชนแดน,เกษตรกรผู้ปลูกและแปรรูปมะขามหวานบ้านโป่งตาเบ้า,เลขที่ 212 หมู่ 8 ตำบลชนแดน อำเภอชนแดน เพชรบูรณ์ 67150,สำนักงานเกษตรจังหวัดเพชรบูรณ์,ตำบลชนแดน
1508,2566,ชนแดน,ลาดน้อยร่วมใจ,เลขที่ 268/1 หมู่ 13 ตำบลพุทธบาท อำเภอชนแดน เพชรบูรณ์ 67150,สำนักงานเกษตรจังหวัดเพชรบูรณ์,ตำบลพุทธบาท
1509,2566,ชนแดน,กลุ่มแปรรูปผลผลิตทางการเกษตร บ้านศาลาลาย,เลขที่ 1 หมู่ 1 ตำบลศาลาลาย อำเภอชนแดน เพชรบูรณ์ 67150,สำนักงานเกษตรจังหวัดเพชรบูรณ์,ตำบลศาลาลาย
1510,2566,ชนแดน,กลุ่มรากแก้ว,เลขที่ 12/1 หมู่ 6 ตำบลดงขุย อำเภอชนแดน เพชรบูรณ์ 67190,สำนักงานเกษตรจังหวัดเพชรบูรณ์,ตำบลดงขุย
1511,2566,ชนแดน,กลุ่มผู้เลี้ยงโคเนื้อ หมู่9 ต.ศาลาลาย,เลขที่ 112 หมู่ 9 ตำบลศาลาลาย อำเภอชนแดน เพชรบูรณ์ 67150,สำนักงานเกษตรจังหวัดเพชรบูรณ์,ตำบลศาลาลาย
1512,2566,ชนแดน,ผู้เลี้ยงโคเนื้อ-โคขุน บ้านหนองตาด,เลขที่ 99 หมู่ 5 ตำบลพุทธบาท อำเภอชนแดน เพชรบูรณ์ 67150,สำนักงานเกษตรจังหวัดเพชรบูรณ์,ตำบลพุทธบาท
1513,2566,ชนแดน,กลุ่มเกษตรยั่งยืนและแปรรูปผลผลิตทางการเกษตรอำเภอชนแดน,เลขที่ 100 หมู่ 15 ตำบลลาดแค อำเภอชนแดน เพชรบูรณ์ 67150,สำนักงานเกษตรจังหวัดเพชรบูรณ์,ตำบลลาดแค
1514,2566,ชนแดน,ผลิตและแปรรูปผลผลิตทางการเกษตรบ้านกล้วย,เลขที่ 345 หมู่ 10 ตำบลบ้านกล้วย อำเภอชนแดน เพชรบูรณ์ 67190,สำนักงานเกษตรจังหวัดเพชรบูรณ์,ตำบลบ้านกล้วย
1515,2566,ชนแดน,ส่งเสริมอาชีพผลิตปุ๋ย,เลขที่ 90/1 หมู่ 9 ตำบลดงขุย อำเภอชนแดน เพชรบูรณ์ 67190,สำนักงานเกษตรจังหวัดเพชรบูรณ์,ตำบลดงขุย
1516,2566,ชนแดน,กลุ่มพัฒนาอาชีพบ้านวารีวงษ์,เลขที่ 206 หมู่ 14 ตำบลดงขุย อำเภอชนแดน เพชรบูรณ์ 67190,สำนักงานเกษตรจังหวัดเพชรบูรณ์,ตำบลดงขุย
1517,2566,ชนแดน,โครงการเลี้ยงไก่ตะเภาทอง,เลขที่ 333 หมู่ 6 ตำบลดงขุย อำเภอชนแดน เพชรบูรณ์ 67190,สำนักงานเกษตรจังหวัดเพชรบูรณ์,ตำบลดงขุย
1518,2566,ชนแดน,โรงสีข้าวบ้านวังศาลา,เลขที่ 167/1 หมู่ 13 ตำบลดงขุย อำเภอชนแดน เพชรบูรณ์ 67190,สำนักงานเกษตรจังหวัดเพชรบูรณ์,ตำบลดงขุย
1519,2566,ชนแดน,กลุ่มเกษตรกรบ้านอำพรฟาร์ม,เลขที่ 52 หมู่ 3 ตำบลลาดแค อำเภอชนแดน เพชรบูรณ์ 67150,สำนักงานเกษตรจังหวัดเพชรบูรณ์,ตำบลลาดแค
1520,2566,ชนแดน,กลุ่มเลี้ยงแพะเนื้อโคกเจริญเหนือ,เลขที่ 111 หมู่ 13 ตำบลชนแดน อำเภอชนแดน เพชรบูรณ์ 67150,สำนักงานเกษตรจังหวัดเพชรบูรณ์,ตำบลชนแดน
1521,2566,ชนแดน,กลุ่มเกษตรกรเลี้ยงสัตว์บ้านดงลานใต้ ม.16 ลาดแค,เลขที่ 140 หมู่ 16 ตำบลลาดแค อำเภอชนแดน เพชรบูรณ์ 67150,สำนักงานเกษตรจังหวัดเพชรบูรณ์,ตำบลลาดแค
1522,2566,ชนแดน,สมุนไพร 108,เลขที่ 123 หมู่ 2 ตำบลชนแดน อำเภอชนแดน เพชรบูรณ์ 67150,สำนักงานเกษตรจังหวัดเพชรบูรณ์,ตำบลชนแดน
1523,2566,ชนแดน,ปลูกข้าวโพดเลี้ยงสัตว์ หมู่ 16 ลาดแค,เลขที่ 140/2 หมู่ 16 ตำบลลาดแค อำเภอชนแดน เพชรบูรณ์ 67150,สำนักงานเกษตรจังหวัดเพชรบูรณ์,ตำบลลาดแค
1524,2566,ชนแดน,กลุ่มอาชีพเกษตรกรผู้ปลูกอ้อย หมู่18 ตำบลลาดแค,เลขที่ 122 หมู่ 18 ตำบลลาดแค อำเภอชนแดน เพชรบูรณ์ 67150,สำนักงานเกษตรจังหวัดเพชรบูรณ์,ตำบลลาดแค
1525,2566,ชนแดน,กลุ่มเกษตรกรผู้ปลูกอ้อย ม.18 ลาดแค,เลขที่ 10 หมู่ 18 ตำบลลาดแค อำเภอชนแดน เพชรบูรณ์ 67150,สำนักงานเกษตรจังหวัดเพชรบูรณ์,ตำบลลาดแค
1526,2566,ชนแดน,กลุ่มเกษตรกรผู้ปลูกอ้อยตำบลลาดแค,เลขที่ 53/1 หมู่ 20 ตำบลลาดแค อำเภอชนแดน เพชรบูรณ์ 67150,สำนักงานเกษตรจังหวัดเพชรบูรณ์,ตำบลลาดแค
1527,2566,ชนแดน,บ้านดงสว่างร่วมใจ,เลขที่ 591/1 หมู่ 12 ตำบลดงขุย อำเภอชนแดน เพชรบูรณ์ 67190,สำนักงานเกษตรจังหวัดเพชรบูรณ์,ตำบลดงขุย
1528,2566,ชนแดน,กลุ่มผู้ปลูกอ้อย บ้านเขาปูน ม.18,เลขที่ 57 หมู่ 18 ตำบลลาดแค อำเภอชนแดน เพชรบูรณ์ 67150,สำนักงานเกษตรจังหวัดเพชรบูรณ์,ตำบลลาดแค
1529,2566,ชนแดน,กลุ่มเกษตรกรหมู่ 5 ต.ดงขุย,เลขที่ 567/4 หมู่ 5 ตำบลดงขุย อำเภอชนแดน เพชรบูรณ์ 67190,สำนักงานเกษตรจังหวัดเพชรบูรณ์,ตำบลดงขุย
1530,2566,ชนแดน,เกษตรกรทุ่งโตนดร่วมใจ,เลขที่ 91/1 หมู่ 9 ตำบลดงขุย อำเภอชนแดน เพชรบูรณ์ 67190,สำนักงานเกษตรจังหวัดเพชรบูรณ์,ตำบลดงขุย
1531,2566,ชนแดน,กลุ่มเกษตรกร หมู่3 ตำบลดงขุย,เลขที่ 42/4 หมู่ 3 ตำบลดงขุย อำเภอชนแดน เพชรบูรณ์ 67150,สำนักงานเกษตรจังหวัดเพชรบูรณ์,ตำบลดงขุย
1532,2566,ชนแดน,เกษตรพัฒนาโคเงิน,เลขที่ 267 หมู่ 8 ตำบลศาลาลาย อำเภอชนแดน เพชรบูรณ์ 67150,สำนักงานเกษตรจังหวัดเพชรบูรณ์,ตำบลศาลาลาย
1533,2566,ชนแดน,คนเลี้ยงแพะตำบลพุทธบาท,เลขที่ 336 หมู่ 5 ตำบลพุทธบาท อำเภอชนแดน เพชรบูรณ์ 67150,สำนักงานเกษตรจังหวัดเพชรบูรณ์,ตำบลพุทธบาท
1534,2566,ชนแดน,กลุ่มเลี้ยงโคเนื้อเพื่อการผลิต หมู่ที่ 16,เลขที่ 57 หมู่ 16 ตำบลลาดแค อำเภอชนแดน เพชรบูรณ์ 67150,สำนักงานเกษตรจังหวัดเพชรบูรณ์,ตำบลลาดแค
1535,2566,ชนแดน,กลุ่มเลี้ยงแพะบ้านเขาเพิ่ม,เลขที่ 54 หมู่ 8 ตำบลซับพุทรา อำเภอชนแดน เพชรบูรณ์ 67150,สำนักงานเกษตรจังหวัดเพชรบูรณ์,ตำบลซับพุทรา
1536,2566,ชนแดน,กลุ่มเกษตรกรบ้านดงลานใต้ หมู่ 16,เลขที่ 2 หมู่ 16 ตำบลลาดแค อำเภอชนแดน เพชรบูรณ์ 67150,สำนักงานเกษตรจังหวัดเพชรบูรณ์,ตำบลลาดแค
1537,2566,ชนแดน,กลุ่มปลูกพืชผักปลอดภัย,เลขที่ 99/1 หมู่ 6 ตำบลลาดแค อำเภอชนแดน เพชรบูรณ์ 67150,สำนักงานเกษตรจังหวัดเพชรบูรณ์,ตำบลลาดแค
1538,2566,ชนแดน,ชาวไร่อ้อย ม.7 บ้านถ้ำแก้ว,เลขที่ 50 หมู่ 7 ตำบลลาดแค อำเภอชนแดน เพชรบูรณ์ ,สำนักงานเกษตรจังหวัดเพชรบูรณ์,ตำบลลาดแค
1539,2566,ชนแดน,ชาวไร่อ้อย ม.21 ลาดแค,เลขที่ 60 หมู่ 21 ตำบลลาดแค อำเภอชนแดน เพชรบูรณ์ 67150,สำนักงานเกษตรจังหวัดเพชรบูรณ์,ตำบลลาดแค
1540,2566,ชนแดน,เกษตรกรหมู่15 บ้านดงขุยกลาง,เลขที่ 119 หมู่ 15 ตำบลดงขุย อำเภอชนแดน เพชรบูรณ์ 67190,สำนักงานเกษตรจังหวัดเพชรบูรณ์,ตำบลดงขุย
1541,2566,ชนแดน,กลุ่มปลูกอ้อยบ้านหนองใหญ่ หมู่8,เลขที่ 268 หมู่ 8 ตำบลลาดแค อำเภอชนแดน เพชรบูรณ์ 67150,สำนักงานเกษตรจังหวัดเพชรบูรณ์,ตำบลลาดแค
1542,2566,ชนแดน,กลุ่มเกษตรกรบ้านดงสว่าง,เลขที่ 455/1 หมู่ 12 ตำบลดงขุย อำเภอชนแดน เพชรบูรณ์ 67190,สำนักงานเกษตรจังหวัดเพชรบูรณ์,ตำบลดงขุย
1543,2566,ชนแดน,กลุ่มผู้ปลูกข้าวโพดบ้านเขาสัก,เลขที่ 26 หมู่ 4 ตำบลตะกุดไร อำเภอชนแดน เพชรบูรณ์ 67190,สำนักงานเกษตรจังหวัดเพชรบูรณ์,ตำบลตะกุดไร
1544,2566,ชนแดน,กลุ่มผู้ปลูกอ้อยหมู่บ้านเขาน้อย หมู่4,เลขที่ 107 หมู่ 4 ตำบลลาดแค อำเภอชนแดน เพชรบูรณ์ 67150,สำนักงานเกษตรจังหวัดเพชรบูรณ์,ตำบลลาดแค
1545,2566,ชนแดน,กลุ่มเลี้ยงโคเนื้อบ้านหนองใหญ่ หมู่ 8,เลขที่ 253 หมู่ 8 ตำบลลาดแค อำเภอชนแดน เพชรบูรณ์ 67150,สำนักงานเกษตรจังหวัดเพชรบูรณ์,ตำบลลาดแค
1546,2566,ชนแดน,รวบรวมผลผลิตทางการเกษตรตามฤดูกาล,เลขที่ 10 หมู่ 2 ตำบลบ้านกล้วย อำเภอชนแดน เพชรบูรณ์ 67190,สำนักงานเกษตรจังหวัดเพชรบูรณ์,ตำบลบ้านกล้วย
1547,2566,ชนแดน,กลุ่มเลี้ยงสัตว์และแปรรูปผลผลิตทางการเกษตร,เลขที่ 44/1 หมู่ 8 ตำบลบ้านกล้วย อำเภอชนแดน เพชรบูรณ์ 67190,สำนักงานเกษตรจังหวัดเพชรบูรณ์,ตำบลบ้านกล้วย
1548,2566,ชนแดน,ไร่นาสวนผสม ต.ดงขุย,เลขที่ 19 หมู่ 1 ตำบลดงขุย อำเภอชนแดน เพชรบูรณ์ 67150,สำนักงานเกษตรจังหวัดเพชรบูรณ์,ตำบลดงขุย
1549,2566,ชนแดน,กลุ่มเลี้ยงวัวบ้านเขาปูน ม.18,เลขที่ 91/1 หมู่ 18 ตำบลลาดแค อำเภอชนแดน เพชรบูรณ์ 67150,สำนักงานเกษตรจังหวัดเพชรบูรณ์,ตำบลลาดแค
1550,2566,ชนแดน,เกษตรกรชาวไร่อ้อย,เลขที่ 82 หมู่ 2 ตำบลลาดแค อำเภอชนแดน เพชรบูรณ์ 67150,สำนักงานเกษตรจังหวัดเพชรบูรณ์,ตำบลลาดแค
1551,2566,ชนแดน,รวบรวมผลผลิตการเกษตร ม.2 โคกสำราญ,เลขที่ 121 หมู่ 2 ตำบลบ้านกล้วย อำเภอชนแดน เพชรบูรณ์ 67190,สำนักงานเกษตรจังหวัดเพชรบูรณ์,ตำบลบ้านกล้วย
1552,2566,ชนแดน,กลุ่มผู้ปลูกและรวบรวมอ้อย,เลขที่ 104 หมู่ 18 ตำบลลาดแค อำเภอชนแดน เพชรบูรณ์ 67150,สำนักงานเกษตรจังหวัดเพชรบูรณ์,ตำบลลาดแค
1553,2566,ชนแดน,กลุ่มผู้ผลิตอ้อย,เลขที่ 186 หมู่ 3 ตำบลบ้านกล้วย อำเภอชนแดน เพชรบูรณ์ 67190,สำนักงานเกษตรจังหวัดเพชรบูรณ์,ตำบลบ้านกล้วย
1554,2566,ชนแดน,เกษตรกรหมู่10โป่งปู,เลขที่ 23/1 หมู่ 10 ตำบลดงขุย อำเภอชนแดน เพชรบูรณ์ 67150,สำนักงานเกษตรจังหวัดเพชรบูรณ์,ตำบลดงขุย
1555,2566,ชนแดน,เกษตรผสมผสาน ต.ดงขุย,เลขที่ 95/2 หมู่ 3 ตำบลดงขุย อำเภอชนแดน เพชรบูรณ์ 67190,สำนักงานเกษตรจังหวัดเพชรบูรณ์,ตำบลดงขุย
1556,2566,ชนแดน,เกษตรกรบ้านทุ่งโตนด,เลขที่ 90/1 หมู่ 9 ตำบลดงขุย อำเภอชนแดน เพชรบูรณ์ 67150,สำนักงานเกษตรจังหวัดเพชรบูรณ์,ตำบลดงขุย
1557,2566,ชนแดน,กลุ่มทอเสื่อแม่บ้านตะกุดเป้า ม.5,เลขที่ 34 หมู่ 5 ตำบลท่าข้าม อำเภอชนแดน เพชรบูรณ์ 67150,สำนักงานเกษตรจังหวัดเพชรบูรณ์,ตำบลท่าข้าม
1558,2566,ชนแดน,กลุ่มน้ำพริกบ้านโคกตายอ,เลขที่ 105/1 หมู่ 17 ตำบลดงขุย อำเภอชนแดน เพชรบูรณ์ 67150,สำนักงานเกษตรจังหวัดเพชรบูรณ์,ตำบลดงขุย
1559,2566,ชนแดน,เกษตรผสมผสานบ้านวังไทร,เลขที่ 1/4 หมู่ 4 ตำบลซับพุทรา อำเภอชนแดน เพชรบูรณ์ 67150,สำนักงานเกษตรจังหวัดเพชรบูรณ์,ตำบลซับพุทรา
1560,2566,ชนแดน,กลุ่มเลี้ยงโคเนื้อบ้านเขาวงศ์ ต.ศาลาลาย,เลขที่ 45/4 หมู่ 6 ตำบลศาลาลาย อำเภอชนแดน เพชรบูรณ์ 67150,สำนักงานเกษตรจังหวัดเพชรบูรณ์,ตำบลศาลาลาย
1561,2566,ชนแดน,กลุ่มผู้เลี้ยงสุกร ม.1 ต.ซับพุทรา,เลขที่ 34/5 หมู่ 1 ตำบลซับพุทรา อำเภอชนแดน เพชรบูรณ์ 67150,สำนักงานเกษตรจังหวัดเพชรบูรณ์,ตำบลซับพุทรา
1562,2566,ชนแดน,กลุ่มเกษตรกรผลิตพืชปลอดภัยอำเภอชนแดน,เลขที่ 32 หมู่ 5 ตำบลชนแดน อำเภอชนแดน เพชรบูรณ์ 67150,สำนักงานเกษตรจังหวัดเพชรบูรณ์,ตำบลชนแดน
1563,2566,ชนแดน,กลุ่มผลิตและแปรรูปมะขามอำเภอชนแดน,เลขที่ 7 หมู่ 8 ตำบลชนแดน อำเภอชนแดน เพชรบูรณ์ 67150,สำนักงานเกษตรจังหวัดเพชรบูรณ์,ตำบลชนแดน
1564,2566,ชนแดน,กลุ่มเกษตรสามัคคีบ้านโคกสูง,เลขที่ 135 หมู่ 3 ตำบลท่าข้าม อำเภอชนแดน เพชรบูรณ์ 67150,สำนักงานเกษตรจังหวัดเพชรบูรณ์,ตำบลท่าข้าม
1565,2566,ชนแดน,เกษตรยั่งยืนบ้านโคกสูง,เลขที่ 434/2 หมู่ 3 ตำบลท่าข้าม อำเภอชนแดน เพชรบูรณ์ 67150,สำนักงานเกษตรจังหวัดเพชรบูรณ์,ตำบลท่าข้าม
1566,2566,ชนแดน,กลุ่มผลิตเมล็ดพันธุ์พืชและปศุสัตว์ตำบลซับพุทรา,เลขที่ 23 หมู่ 7 ตำบลซับพุทรา อำเภอชนแดน เพชรบูรณ์ 67150,สำนักงานเกษตรจังหวัดเพชรบูรณ์,ตำบลซับพุทรา
1567,2566,ชนแดน,กลุ่มผลิตพืชอาหารปลอดภัยบ้านซับม่วง,เลขที่ 68 หมู่ 15 ตำบลลาดแค อำเภอชนแดน เพชรบูรณ์ 67150,สำนักงานเกษตรจังหวัดเพชรบูรณ์,ตำบลลาดแค
1568,2566,ชนแดน,กลุ่มผลิตพืชอาหารปลอดภัยบ้านโคกยาว,เลขที่ 11 หมู่ 6 ตำบลลาดแค อำเภอชนแดน เพชรบูรณ์ 67150,สำนักงานเกษตรจังหวัดเพชรบูรณ์,ตำบลลาดแค
1569,2566,ชนแดน,กลุ่มรวบรวมผลผลิตเกษตรและแปรรูปสินค้าอำเภอชนแดน,เลขที่ 3 หมู่ 3 ตำบลดงขุย อำเภอชนแดน เพชรบูรณ์ 67150,สำนักงานเกษตรจังหวัดเพชรบูรณ์,ตำบลดงขุย
1570,2566,ชนแดน,ผู้เลี้ยงโค บ้านห้วยงาช้างบน,เลขที่ 37 หมู่ 23 ตำบลพุทธบาท อำเภอชนแดน เพชรบูรณ์ 67150,สำนักงานเกษตรจังหวัดเพชรบูรณ์,ตำบลพุทธบาท
1571,2566,ชนแดน,กลุ่มปศุสัตว์ ม.8,เลขที่ 88 หมู่ 8 ตำบลท่าข้าม อำเภอชนแดน เพชรบูรณ์ 67150,สำนักงานเกษตรจังหวัดเพชรบูรณ์,ตำบลท่าข้าม
1572,2566,ชนแดน,กลุ่มผู้เลี้ยงโคเนื้อ-โคกสาร,เลขที่ 77 หมู่ 5 ตำบลซับพุทรา อำเภอชนแดน เพชรบูรณ์ 67150,สำนักงานเกษตรจังหวัดเพชรบูรณ์,ตำบลซับพุทรา
1573,2566,ชนแดน,กลุุ่มเลี้ยงโคเนื้อบ้านโคกสาร,เลขที่ 37/1 หมู่ 5 ตำบลซับพุทรา อำเภอชนแดน เพชรบูรณ์ 67150,สำนักงานเกษตรจังหวัดเพชรบูรณ์,ตำบลซับพุทรา
1574,2566,ชนแดน,การลดต้นทุนการผลิต อำเภอชนแดน,เลขที่ 3 หมู่ 3 ตำบลดงขุย อำเภอชนแดน เพชรบูรณ์ 67150,สำนักงานเกษตรจังหวัดเพชรบูรณ์,ตำบลดงขุย
1575,2566,ชนแดน,การลดต้นทุนการผลิต หมู่ที่13,เลขที่ 167/1 หมู่ 13 ตำบลดงขุย อำเภอชนแดน เพชรบูรณ์ 67150,สำนักงานเกษตรจังหวัดเพชรบูรณ์,ตำบลดงขุย
1576,2566,ชนแดน,กลุ่มผู้เลี้ยงโคเนื้อ ม.19 ต.ลาดแค,เลขที่ 1/3 หมู่ 19 ตำบลลาดแค อำเภอชนแดน เพชรบูรณ์ 67150,สำนักงานเกษตรจังหวัดเพชรบูรณ์,ตำบลลาดแค
1577,2566,ชนแดน,กลุ่มปศุสัตว์บ้านกล้วยเหนือ,เลขที่ 81 หมู่ 10 ตำบลบ้านกล้วย อำเภอชนแดน เพชรบูรณ์ 67150,สำนักงานเกษตรจังหวัดเพชรบูรณ์,ตำบลบ้านกล้วย
1578,2566,ชนแดน,กลุ่มเกษตรกรรมยั่งยืนบ้านคลองกลาง,เลขที่ 16 หมู่ 2 ตำบลซับพุทรา อำเภอชนแดน เพชรบูรณ์ 67150,สำนักงานเกษตรจังหวัดเพชรบูรณ์,ตำบลซับพุทรา
1579,2566,ชนแดน,กลุ่มเกษตรกรผู้เลี้ยงสัตว์ ม.25 ต.พุทธบาท,เลขที่ 118 หมู่ 25 ตำบลพุทธบาท อำเภอชนแดน เพชรบูรณ์ 67150,สำนักงานเกษตรจังหวัดเพชรบูรณ์,ตำบลพุทธบาท
1580,2566,ชนแดน,กลุ่มผู้เลี้ยงโคเนื้อตำบลท่าข้าม,เลขที่ 287/1 หมู่ 7 ตำบลท่าข้าม อำเภอชนแดน เพชรบูรณ์ 67150,สำนักงานเกษตรจังหวัดเพชรบูรณ์,ตำบลท่าข้าม
1581,2566,ชนแดน,กลุ่มผู้เลี้ยงโคขุน ม.25 ต.พุทธบาท,เลขที่ 148 หมู่ 25 ตำบลพุทธบาท อำเภอชนแดน เพชรบูรณ์ 67150,สำนักงานเกษตรจังหวัดเพชรบูรณ์,ตำบลพุทธบาท
1582,2566,ชนแดน,กลุ่มเลี้ยงโคกระบือ ต.ท่าข้าม ม.5,เลขที่ 79 หมู่ 5 ตำบลท่าข้าม อำเภอชนแดน เพชรบูรณ์ 67150,สำนักงานเกษตรจังหวัดเพชรบูรณ์,ตำบลท่าข้าม
1583,2566,ชนแดน,กลุ่มผู้เลี้ยงโคเนื้อบ้านวังปลาช่อน,เลขที่ 52 หมู่ 2 ตำบลท่าข้าม อำเภอชนแดน เพชรบูรณ์ 67150,สำนักงานเกษตรจังหวัดเพชรบูรณ์,ตำบลท่าข้าม
1584,2566,ชนแดน,กลุ่มเลี้ยงสุกร ตำบลพุทธบาท,เลขที่ 73/2 หมู่ 25 ตำบลพุทธบาท อำเภอชนแดน เพชรบูรณ์ 67150,สำนักงานเกษตรจังหวัดเพชรบูรณ์,ตำบลพุทธบาท
1585,2566,ชนแดน,กลุ่มเลี้ยงสัตว์ ตำบลพุทธบาท,เลขที่ 55 หมู่ 25 ตำบลพุทธบาท อำเภอชนแดน เพชรบูรณ์ 67150,สำนักงานเกษตรจังหวัดเพชรบูรณ์,ตำบลพุทธบาท
1586,2566,ชนแดน,กลุ่มจักสานตะกร้าบ้านโคกยาว,เลขที่ 11/2 หมู่ 6 ตำบลลาดแค อำเภอชนแดน เพชรบูรณ์ 67150,สำนักงานเกษตรจังหวัดเพชรบูรณ์,ตำบลลาดแค
1587,2566,ชนแดน,กลุ่มผลิตสินค้าเกษตรพื้นที่ส่งเสริมแปลงใหญ่ตำบลซับพุทรา,เลขที่ 99 หมู่ 5 ตำบลซับพุทรา อำเภอชนแดน เพชรบูรณ์ 67150,สำนักงานเกษตรจังหวัดเพชรบูรณ์,ตำบลซับพุทรา
1588,2566,ชนแดน,ดงขุยผลิตและแปรรูปผลิตภัณฑ์,เลขที่ 333 หมู่ 3 ตำบลดงขุย อำเภอชนแดน เพชรบูรณ์ 67150,สำนักงานเกษตรจังหวัดเพชรบูรณ์,ตำบลดงขุย
1589,2566,ชนแดน,กลุ่มเลี้ยงแพะร่วมใจ ต.บ้านกล้วย,เลขที่ 182 หมู่ 12 ตำบลบ้านกล้วย อำเภอชนแดน เพชรบูรณ์ ,สำนักงานเกษตรจังหวัดเพชรบูรณ์,ตำบลบ้านกล้วย
1590,2566,ชนแดน,บ้านไร่ผาสุขโคเนื้อ,เลขที่ 193/2 หมู่ 6 ตำบลศาลาลาย อำเภอชนแดน เพชรบูรณ์ 67150,สำนักงานเกษตรจังหวัดเพชรบูรณ์,ตำบลศาลาลาย
1591,2566,ชนแดน,ผู้เลี้ยงโคเนื้อบ้านซับม่วง,เลขที่ 151 หมู่ 15 ตำบลลาดแค อำเภอชนแดน เพชรบูรณ์ 67150,สำนักงานเกษตรจังหวัดเพชรบูรณ์,ตำบลลาดแค
1592,2566,ชนแดน,สายทองโคเนื้อ หมู่ที่ 8 ตำบลศาลาลาย,เลขที่ 104 หมู่ 8 ตำบลศาลาลาย อำเภอชนแดน เพชรบูรณ์ 67150,สำนักงานเกษตรจังหวัดเพชรบูรณ์,ตำบลศาลาลาย
1593,2566,ชนแดน,กลุ่มส่งเสริมการเกษตร,เลขที่ 2 หมู่ 3 ตำบลท่าข้าม อำเภอชนแดน เพชรบูรณ์ 67150,สำนักงานเกษตรจังหวัดเพชรบูรณ์,ตำบลท่าข้าม
1594,2566,ชนแดน,ซับม่วงพัฒนาโคเนื้อ,เลขที่ 18 หมู่ 15 ตำบลลาดแค อำเภอชนแดน เพชรบูรณ์ 67150,สำนักงานเกษตรจังหวัดเพชรบูรณ์,ตำบลลาดแค
1595,2566,ชนแดน,คลองปอบโคเนื้อ,เลขที่ 9 หมู่ 9 ตำบลพุทธบาท อำเภอชนแดน เพชรบูรณ์ 67150,สำนักงานเกษตรจังหวัดเพชรบูรณ์,ตำบลพุทธบาท
1596,2566,ชนแดน,เกษตรพัฒนาบ้านหัวถนน ม.8,เลขที่ 410/5 หมู่ 8 ตำบลศาลาลาย อำเภอชนแดน เพชรบูรณ์ 67150,สำนักงานเกษตรจังหวัดเพชรบูรณ์,ตำบลศาลาลาย
1597,2566,ชนแดน,ผู้เลี้ยงวัว,เลขที่ 6 หมู่ 6 ตำบลศาลาลาย อำเภอชนแดน เพชรบูรณ์ 67150,สำนักงานเกษตรจังหวัดเพชรบูรณ์,ตำบลศาลาลาย
1598,2566,ชนแดน,ไร่ผาสุขโคเนื้อ,เลขที่ 434 หมู่ 5 ตำบลศาลาลาย อำเภอชนแดน เพชรบูรณ์ 67150,สำนักงานเกษตรจังหวัดเพชรบูรณ์,ตำบลศาลาลาย
1599,2566,ชนแดน,เกษตรทฤษฎีใหม่บ้านโค้งผักชี,เลขที่ 278 หมู่ 14 ตำบลพุทธบาท อำเภอชนแดน เพชรบูรณ์ 67150,สำนักงานเกษตรจังหวัดเพชรบูรณ์,ตำบลพุทธบาท
1600,2566,ชนแดน,กลุ่มอาชีพแปรรูปมะขาม,เลขที่ 444 หมู่ 2 ตำบลพุทธบาท อำเภอชนแดน เพชรบูรณ์ 67150,สำนักงานเกษตรจังหวัดเพชรบูรณ์,ตำบลพุทธบาท
1601,2566,ชนแดน,กลุ่มจักสานตะกร้า,เลขที่ 53 หมู่ 17 ตำบลลาดแค อำเภอชนแดน เพชรบูรณ์ 67150,สำนักงานเกษตรจังหวัดเพชรบูรณ์,ตำบลลาดแค
1602,2566,ชนแดน,กลุ่มการเพาะเห็ดถุง เห็ดอินทรีย์,เลขที่ 54/1 หมู่ 5 ตำบลบ้านกล้วย อำเภอชนแดน เพชรบูรณ์ 67150,สำนักงานเกษตรจังหวัดเพชรบูรณ์,ตำบลบ้านกล้วย
1603,2566,ชนแดน,กลุ่มปศุสัตว์บ้านโคกสำราญ,เลขที่ 166/1 หมู่ 8 ตำบลบ้านกล้วย อำเภอชนแดน เพชรบูรณ์ 67150,สำนักงานเกษตรจังหวัดเพชรบูรณ์,ตำบลบ้านกล้วย
1604,2566,ชนแดน,กลุ่มผลิตภัณฑ์แปรรูปจากธัญพืชบ้านวังปลาช่อน,เลขที่ 122 หมู่ 2 ตำบลท่าข้าม อำเภอชนแดน เพชรบูรณ์ 67150,สำนักงานเกษตรจังหวัดเพชรบูรณ์,ตำบลท่าข้าม
1605,2566,ชนแดน,กลุ่มผลิตเมล็ดพันธุ์-ปศุสัตว์และไร่นาสวนผสม,เลขที่ 63 หมู่ 4 ตำบลท่าข้าม อำเภอชนแดน เพชรบูรณ์ 67150,สำนักงานเกษตรจังหวัดเพชรบูรณ์,ตำบลท่าข้าม
1606,2566,ชนแดน,กลุ่มผู้ผลิตและแปรรูป หมู่ที่ ๖ บ้านกกจั่น,เลขที่ 96 หมู่ 6 ตำบลพุทธบาท อำเภอชนแดน เพชรบูรณ์ 67015,สำนักงานเกษตรจังหวัดเพชรบูรณ์,ตำบลพุทธบาท
1607,2566,ชนแดน,คลองตะแบกโคเนื้อ,เลขที่ 60 หมู่ 10 ตำบลศาลาลาย อำเภอชนแดน เพชรบูรณ์ 67150,สำนักงานเกษตรจังหวัดเพชรบูรณ์,ตำบลศาลาลาย
1608,2566,ชนแดน,กลุ่มเลี้ยงไก่พื้นเมืองบ้านผาทองใต้,เลขที่ 363 หมู่ 28 ตำบลพุทธบาท อำเภอชนแดน เพชรบูรณ์ 67150,สำนักงานเกษตรจังหวัดเพชรบูรณ์,ตำบลพุทธบาท
1609,2566,ชนแดน,หนองขามโคเนื้อ,เลขที่ 95 หมู่ 9 ตำบลศาลาลาย อำเภอชนแดน เพชรบูรณ์ 67150,สำนักงานเกษตรจังหวัดเพชรบูรณ์,ตำบลศาลาลาย
1610,2566,ชนแดน,กลุ่มเลี้ยงสัตว์บ้านชนแดน,เลขที่ 1120 หมู่ 4 ตำบลชนแดน อำเภอชนแดน เพชรบูรณ์ 67150,สำนักงานเกษตรจังหวัดเพชรบูรณ์,ตำบลชนแดน
1611,2566,ชนแดน,กลุ่มผู้เลี้ยงโคเนื้อ ม.6 ต.ศาลาลาย,เลขที่ 192 หมู่ 6 ตำบลศาลาลาย อำเภอชนแดน เพชรบูรณ์ 67150,สำนักงานเกษตรจังหวัดเพชรบูรณ์,ตำบลศาลาลาย
1612,2566,ชนแดน,เนินพัฒนาโคเนื้อ,เลขที่ 2 หมู่ 10 ตำบลศาลาลาย อำเภอชนแดน เพชรบูรณ์ 67150,สำนักงานเกษตรจังหวัดเพชรบูรณ์,ตำบลศาลาลาย
1613,2566,ชนแดน,ซับพุทราสมุนไพร,เลขที่ 599 หมู่ 1 ตำบลซับพุทรา อำเภอชนแดน เพชรบูรณ์ 67150,สำนักงานเกษตรจังหวัดเพชรบูรณ์,ตำบลซับพุทรา
1614,2566,ชนแดน,กลุ่มบรรจงเลี้ยงโคเนื้อ ม.6 ต.ศาลาลาย,เลขที่ 149/6 หมู่ 6 ตำบลศาลาลาย อำเภอชนแดน เพชรบูรณ์ 67150,สำนักงานเกษตรจังหวัดเพชรบูรณ์,ตำบลศาลาลาย
1615,2566,ชนแดน,ส่งเสริมการลดต้นทุนการผลิต ต.ดงขุย,เลขที่ 24/4 หมู่ 3 ตำบลดงขุย อำเภอชนแดน เพชรบูรณ์ 67190,สำนักงานเกษตรจังหวัดเพชรบูรณ์,ตำบลดงขุย
1616,2566,ชนแดน,ดาวเรืองโคเนื้อ,เลขที่ 294 หมู่ 8 ตำบลศาลาลาย อำเภอชนแดน เพชรบูรณ์ 67150,สำนักงานเกษตรจังหวัดเพชรบูรณ์,ตำบลศาลาลาย
1617,2566,ชนแดน,ประจวบโคเนื้อ,เลขที่ 70 หมู่ 9 ตำบลศาลาลาย อำเภอชนแดน เพชรบูรณ์ 67150,สำนักงานเกษตรจังหวัดเพชรบูรณ์,ตำบลศาลาลาย
1618,2566,ชนแดน,ณัฐพงษ์โคเนื้อ,เลขที่ 13 หมู่ 5 ตำบลศาลาลาย อำเภอชนแดน เพชรบูรณ์ 67150,สำนักงานเกษตรจังหวัดเพชรบูรณ์,ตำบลศาลาลาย
1619,2566,ชนแดน,ปรานอมโคเนื้อ,เลขที่ 47 หมู่ 8 ตำบลศาลาลาย อำเภอชนแดน เพชรบูรณ์ 67150,สำนักงานเกษตรจังหวัดเพชรบูรณ์,ตำบลศาลาลาย
1620,2566,ชนแดน,กลุ่มบุญยิ่งโคเนื้อ,เลขที่ 10/1 หมู่ 3 ตำบลศาลาลาย อำเภอชนแดน เพชรบูรณ์ 67150,สำนักงานเกษตรจังหวัดเพชรบูรณ์,ตำบลศาลาลาย
1621,2566,ชนแดน,เลี้ยงโคเนื้อบ้านกล้วยพัฒนา,เลขที่ 401 หมู่ 3 ตำบลบ้านกล้วย อำเภอชนแดน เพชรบูรณ์ ,สำนักงานเกษตรจังหวัดเพชรบูรณ์,ตำบลบ้านกล้วย
1622,2566,ชนแดน,กลุ่มโคกระบือ บ้านคลองโปร่ง,เลขที่ 98 หมู่ 17 ตำบลลาดแค อำเภอชนแดน เพชรบูรณ์ 67150,สำนักงานเกษตรจังหวัดเพชรบูรณ์,ตำบลลาดแค
1623,2566,ชนแดน,กลุ่มโคกระบือบ้านซับม่วง หมู่15,เลขที่ 23 หมู่ 15 ตำบลลาดแค อำเภอชนแดน เพชรบูรณ์ 67150,สำนักงานเกษตรจังหวัดเพชรบูรณ์,ตำบลลาดแค
1624,2566,ชนแดน,พัฒนาการเกษตร หมู่5,เลขที่ 108/1 หมู่ 5 ตำบลศาลาลาย อำเภอชนแดน เพชรบูรณ์ 67150,สำนักงานเกษตรจังหวัดเพชรบูรณ์,ตำบลศาลาลาย
1625,2566,ชนแดน,พัฒนาเกษตรกรบ้าน กม.28,เลขที่ 93 หมู่ 8 ตำบลดงขุย อำเภอชนแดน เพชรบูรณ์ 67190,สำนักงานเกษตรจังหวัดเพชรบูรณ์,ตำบลดงขุย
1626,2566,ชนแดน,กลุ่มโครงการทอพรมเช็ดเท้า,เลขที่ 88 หมู่ 6 ตำบลซับพุทรา อำเภอชนแดน เพชรบูรณ์ 67150,สำนักงานเกษตรจังหวัดเพชรบูรณ์,ตำบลซับพุทรา
1627,2566,ชนแดน,กลุ่มผู้เลี้ยงโคเนื้อตำบลชนแดน,เลขที่ 57/1 หมู่ 5 ตำบลชนแดน อำเภอชนแดน เพชรบูรณ์ 67150,สำนักงานเกษตรจังหวัดเพชรบูรณ์,ตำบลชนแดน
1628,2566,ชนแดน,เกษตรกรชาวสวนยาง  อำเภอชนแดน  จังหวัดเพชรบูรณ์,เลขที่ 234 หมู่ 1 ตำบลชนแดน อำเภอชนแดน เพชรบูรณ์ 67150,สำนักงานเกษตรจังหวัดเพชรบูรณ์,ตำบลชนแดน
1629,2566,ชนแดน,กลุ่มแม่บ้านการผลิตหนองระมาน,เลขที่ 100/1 หมู่ 6 ตำบลดงขุย อำเภอชนแดน เพชรบูรณ์ 67190,สำนักงานเกษตรจังหวัดเพชรบูรณ์,ตำบลดงขุย
1630,2566,ชนแดน,การเลี้ยงไก่พันธุ์ไข่ หมู่ 8 ตำบลบ้านกล้วย,เลขที่ 59/1 หมู่ 8 ตำบลบ้านกล้วย อำเภอชนแดน เพชรบูรณ์ 67190,สำนักงานเกษตรจังหวัดเพชรบูรณ์,ตำบลบ้านกล้วย
1631,2566,ชนแดน,หอมแดงบ้านดงลานใต้,เลขที่ 49/1 หมู่ 16 ตำบลลาดแค อำเภอชนแดน เพชรบูรณ์ 67150,สำนักงานเกษตรจังหวัดเพชรบูรณ์,ตำบลลาดแค
1632,2566,ชนแดน,กลุ่มการเกษตรซับขลุงพัฒนา,เลขที่ 176 หมู่ 7 ตำบลศาลาลาย อำเภอชนแดน เพชรบูรณ์ 67150,สำนักงานเกษตรจังหวัดเพชรบูรณ์,ตำบลศาลาลาย
1633,2566,ชนแดน,กลุ่มงานเฟอร์นิเจอร์,เลขที่ 12 หมู่ 7 ตำบลชนแดน อำเภอชนแดน เพชรบูรณ์ 67150,สำนักงานเกษตรจังหวัดเพชรบูรณ์,ตำบลชนแดน
1634,2566,ชนแดน,กลุ่มทำเฟอร์นิเจอร์ไม้,เลขที่ 717 หมู่ 1 ตำบลท่าข้าม อำเภอชนแดน เพชรบูรณ์ 67150,สำนักงานเกษตรจังหวัดเพชรบูรณ์,ตำบลท่าข้าม
1635,2566,ชนแดน,เกษตรกรบ้านอ่างหิน,เลขที่ 421 หมู่ 22 ตำบลพุทธบาท อำเภอชนแดน เพชรบูรณ์ 67150,สำนักงานเกษตรจังหวัดเพชรบูรณ์,ตำบลพุทธบาท
1636,2566,ชนแดน,กลุ่มเฟอร์นิเจอร์ไม้ เทศบาลตำบล่ทาข้าม,เลขที่ 947 หมู่ 1 ตำบลท่าข้าม อำเภอชนแดน เพชรบูรณ์ 67150,สำนักงานเกษตรจังหวัดเพชรบูรณ์,ตำบลท่าข้าม
1637,2566,ชนแดน,เกษตรผสมผสานบ้านเนินต้อง,เลขที่ 159/1 หมู่ 25 ตำบลพุทธบาท อำเภอชนแดน เพชรบูรณ์ 67150,สำนักงานเกษตรจังหวัดเพชรบูรณ์,ตำบลพุทธบาท
1638,2566,ชนแดน,เกษตรพัฒนาอาชีพบ้านโป่งเจ็ดหัว,เลขที่ 120 หมู่ 12 ตำบลพุทธบาท อำเภอชนแดน เพชรบูรณ์ 67150,สำนักงานเกษตรจังหวัดเพชรบูรณ์,ตำบลพุทธบาท
1639,2566,ชนแดน,เกษตรพอเพียงบ้านลาดแคใต้,เลขที่ 102 หมู่ 1 ตำบลลาดแค อำเภอชนแดน เพชรบูรณ์ 67150,สำนักงานเกษตรจังหวัดเพชรบูรณ์,ตำบลลาดแค
1640,2566,ชนแดน,เกษตรแนวใหม่บ้านเขาแม่แก่,เลขที่ 179 หมู่ 3 ตำบลลาดแค อำเภอชนแดน เพชรบูรณ์ 67150,สำนักงานเกษตรจังหวัดเพชรบูรณ์,ตำบลลาดแค
1641,2566,ชนแดน,ศูนย์เรียนรู้นิคมเกษตรกรพืชอาหารและพืชทดแทนพลังงาน,เลขที่ 99 หมู่ 5 ตำบลซับพุทรา อำเภอชนแดน เพชรบูรณ์ 67150,สำนักงานเกษตรจังหวัดเพชรบูรณ์,ตำบลซับพุทรา
1642,2566,ชนแดน,บ้านดงลาน  ม.2  ต.ลาดแค,เลขที่ 322 หมู่ 2 ตำบลลาดแค อำเภอชนแดน เพชรบูรณ์ 67150,สำนักงานเกษตรจังหวัดเพชรบูรณ์,ตำบลลาดแค
1643,2566,ชนแดน,ปรีชาสักทอง  2009,เลขที่ 111 หมู่ 3 ตำบลศาลาลาย อำเภอชนแดน เพชรบูรณ์ 67150,สำนักงานเกษตรจังหวัดเพชรบูรณ์,ตำบลศาลาลาย
1644,2566,ชนแดน,กลุ่มอาชีพเกษตรกร ม.18  ต.ลาดแค,เลขที่ 51 หมู่ 18 ตำบลลาดแค อำเภอชนแดน เพชรบูรณ์ 67150,สำนักงานเกษตรจังหวัดเพชรบูรณ์,ตำบลลาดแค
1645,2566,ชนแดน,ศูนย์เรียนรู้เศรษฐกิจพอเพียงกลุ่มปุ๋ยหมู่ 1 ตำบลท่าข้าม,เลขที่ 796/3 หมู่ 1 ตำบลท่าข้าม อำเภอชนแดน เพชรบูรณ์ 67150,สำนักงานเกษตรจังหวัดเพชรบูรณ์,ตำบลท่าข้าม
1646,2566,ชนแดน,ศูนย์เรียนรู้เศรษฐกิจพอเพียงกลุ่มเกษตรกรตำบลท่าข้าม,เลขที่ 751 หมู่ 1 ตำบลท่าข้าม อำเภอชนแดน เพชรบูรณ์ 67150,สำนักงานเกษตรจังหวัดเพชรบูรณ์,ตำบลท่าข้าม
1647,2566,ชนแดน,ศูนย์เรียนรู้เศรษฐกิจพอเพียงกลุ่มพลังงานหมู่ 1 ตำบลท่าข้าม,เลขที่ 764 หมู่ 1 ถนนชมฐีระเวช ตำบลท่าข้าม อำเภอชนแดน เพชรบูรณ์ 67150,สำนักงานเกษตรจังหวัดเพชรบูรณ์,ถนนชมฐีระเวช
1648,2566,ชนแดน,กลุ่มออมทรัพย์เพื่อการผลิตบ้านตะกุดไร หมู่ที่ 1,เลขที่ 117/1 หมู่ 1 ตำบลตะกุดไร อำเภอชนแดน เพชรบูรณ์ 67190,สำนักงานเกษตรจังหวัดเพชรบูรณ์,ตำบลตะกุดไร
1649,2566,ชนแดน,เพื่อเกษตรกรบ้านคลองโปร่ง 1,เลขที่ 5 หมู่ 17 ตำบลลาดแค อำเภอชนแดน เพชรบูรณ์ 67150,สำนักงานเกษตรจังหวัดเพชรบูรณ์,ตำบลลาดแค
1650,2566,ชนแดน,ผู้เลี้ยงสัตว์บ้านคลองกลาง,เลขที่ 76/1 หมู่ 2 ตำบลซับพุทรา อำเภอชนแดน เพชรบูรณ์ 67150,สำนักงานเกษตรจังหวัดเพชรบูรณ์,ตำบลซับพุทรา
1651,2566,ชนแดน,ยูคาฯ เศรษฐกิจชุมชนพุทธบาท 2550,เลขที่ 353 หมู่ 10 ตำบลพุทธบาท อำเภอชนแดน เพชรบูรณ์ 67150,สำนักงานเกษตรจังหวัดเพชรบูรณ์,ตำบลพุทธบาท
1652,2566,ชนแดน,กลุ่มเกษตรกรบ้านวังไทร,เลขที่ 1 หมู่ 4 ตำบลซับพุทรา อำเภอชนแดน เพชรบูรณ์ 67150,สำนักงานเกษตรจังหวัดเพชรบูรณ์,ตำบลซับพุทรา
1653,2566,ชนแดน,กลุ่มเกษตรกรเลี้ยงสัตว์หนองใหญ่,เลขที่ 428/1 หมู่ 2 ตำบลลาดแค อำเภอชนแดน เพชรบูรณ์ 67150,สำนักงานเกษตรจังหวัดเพชรบูรณ์,ตำบลลาดแค
1654,2566,ชนแดน,กลุ่มสตรีทอผ้าบ้านเขาชะโงกเหนือ,เลขที่ 239 หมู่ 7 ตำบลบ้านกล้วย อำเภอชนแดน เพชรบูรณ์ 67190,สำนักงานเกษตรจังหวัดเพชรบูรณ์,ตำบลบ้านกล้วย
1655,2566,ชนแดน,กลุ่มผู้ปลูกข้าวโพดเลี้ยงสัตว์บ้านอ่างหิน  ตำบลพุทธบาท,เลขที่ 35/1 หมู่ 22 ตำบลพุทธบาท อำเภอชนแดน เพชรบูรณ์ 67150,สำนักงานเกษตรจังหวัดเพชรบูรณ์,ตำบลพุทธบาท
1656,2566,ชนแดน,ศูนย์ข้าวโพดชุมชนหมู่ที่ 1  ตำบลศาลาลาย,เลขที่ 318/1 หมู่ 1 ตำบลศาลาลาย อำเภอชนแดน เพชรบูรณ์ 67150,สำนักงานเกษตรจังหวัดเพชรบูรณ์,ตำบลศาลาลาย
1657,2566,ชนแดน,กลุ่มเกษตรก้าวหน้า  หมู่ที่ 10  ศาลาลาย,เลขที่ 95/1 หมู่ 10 ตำบลศาลาลาย อำเภอชนแดน เพชรบูรณ์ 67150,สำนักงานเกษตรจังหวัดเพชรบูรณ์,ตำบลศาลาลาย
1658,2566,ชนแดน,กลุ่มเลี้ยงวัวเนื้อเพื่อการผลิตเพิ่มรายได้ หมู่ที่ 18 ตำบลลาดแค,เลขที่ 153/1 หมู่ 18 ตำบลลาดแค อำเภอชนแดน เพชรบูรณ์ 67150,สำนักงานเกษตรจังหวัดเพชรบูรณ์,ตำบลลาดแค
1659,2566,ชนแดน,กลุ่มทอผ้าบ้านคลองบนใต้  หมู่ที่ 20,เลขที่ 380/1 หมู่ 20 ตำบลลาดแค อำเภอชนแดน เพชรบูรณ์ 67150,สำนักงานเกษตรจังหวัดเพชรบูรณ์,ตำบลลาดแค
1660,2566,ชนแดน,ศูนย์ข้าวโพดชุมชนตำบลลาดแค,เลขที่ 177 หมู่ 8 ตำบลลาดแค อำเภอชนแดน เพชรบูรณ์ 67150,สำนักงานเกษตรจังหวัดเพชรบูรณ์,ตำบลลาดแค
1661,2566,ชนแดน,ผู้ปลูกข้าวโพดและเลี้ยงสัตว์บ้านคลองปอบ หมู่ที่ 9  ตำบลพุทธบาท,เลขที่ 28 หมู่ 9 ตำบลพุทธบาท อำเภอชนแดน เพชรบูรณ์ 67150,สำนักงานเกษตรจังหวัดเพชรบูรณ์,ตำบลพุทธบาท
1662,2566,ชนแดน,กลุ่มร้านค้าชุมชนสตรีบ้านซำเตย,เลขที่ 81 หมู่ 21 ตำบลพุทธบาท อำเภอชนแดน เพชรบูรณ์ 67150,สำนักงานเกษตรจังหวัดเพชรบูรณ์,ตำบลพุทธบาท
1663,2566,ชนแดน,กลุ่มผู้เลี้ยงโคเนื้อเพื่อเพิ่มผลผลิต หมู่ที่ 5 ตำบลศาลาลาย,เลขที่ 400 หมู่ 5 ตำบลศาลาลาย อำเภอชนแดน เพชรบูรณ์ 67150,สำนักงานเกษตรจังหวัดเพชรบูรณ์,ตำบลศาลาลาย
1664,2566,ชนแดน,มะขามหวานประกายทอง,เลขที่ 94 หมู่ 8 ตำบลชนแดน อำเภอชนแดน เพชรบูรณ์ 67150,สำนักงานเกษตรจังหวัดเพชรบูรณ์,ตำบลชนแดน
1665,2566,ชนแดน,กลุ่มเลี้ยงวัวเนื้อเพื่อการผลิตเพิ่มรายได้ หมู่ที่ 1 ตำบลศาลาลาย,เลขที่ 215 หมู่ 1 ตำบลศาลาลาย อำเภอชนแดน เพชรบูรณ์ 67150,สำนักงานเกษตรจังหวัดเพชรบูรณ์,ตำบลศาลาลาย
1666,2566,ชนแดน,กลุ่มผู้เลี้ยงโคบ้านโคกเจริญเหนือ,เลขที่ 98/2 หมู่ 13 ตำบลชนแดน อำเภอชนแดน เพชรบูรณ์ 67150,สำนักงานเกษตรจังหวัดเพชรบูรณ์,ตำบลชนแดน
1667,2566,ชนแดน,เพาะพันธุ์กล้าไม้บ้านโค้งผักชี,เลขที่ 65 หมู่ 14 ตำบลพุทธบาท อำเภอชนแดน เพชรบูรณ์ 67150,สำนักงานเกษตรจังหวัดเพชรบูรณ์,ตำบลพุทธบาท
1668,2566,ชนแดน,กลุ่มผู้ผลิตไม้กวาดดอกหญ้าบ้านซับหมาแสน,เลขที่ 125 หมู่ 6 ตำบลซับพุทรา อำเภอชนแดน เพชรบูรณ์ 67150,สำนักงานเกษตรจังหวัดเพชรบูรณ์,ตำบลซับพุทรา
1669,2566,ชนแดน,กลุ่มแม่บ้านวังไทร,เลขที่ 11 หมู่ 4 ตำบลซับพุทรา อำเภอชนแดน เพชรบูรณ์ 67150,สำนักงานเกษตรจังหวัดเพชรบูรณ์,ตำบลซับพุทรา
1670,2566,ชนแดน,แปรรูปสมุนไพรบ้านเนินพัฒนา,เลขที่ 150/2 หมู่ 10 ตำบลศาลาลาย อำเภอชนแดน เพชรบูรณ์ 67150,สำนักงานเกษตรจังหวัดเพชรบูรณ์,ตำบลศาลาลาย
1671,2566,วังโป่ง,ปลูกข้าวโพดเลี้ยงสุกร ม.2 ต.วังศาล,เลขที่ 24/1 หมู่ 2 ตำบลวังศาล อำเภอวังโป่ง เพชรบูรณ์ 67240,สำนักงานเกษตรจังหวัดเพชรบูรณ์,ตำบลวังศาล
1672,2566,วังโป่ง,กล่มผลไม้แปรรูปท้ายดง,เลขที่ 90/2 หมู่ 12 ตำบลท้ายดง อำเภอวังโป่ง เพชรบูรณ์ 67240,สำนักงานเกษตรจังหวัดเพชรบูรณ์,ตำบลท้ายดง
1673,2566,วังโป่ง,บ้านวังชะนางใต้ ม.5 ท้ายดง,เลขที่ 113 หมู่ 5 ตำบลท้ายดง อำเภอวังโป่ง เพชรบูรณ์ 67240,สำนักงานเกษตรจังหวัดเพชรบูรณ์,ตำบลท้ายดง
1674,2566,วังโป่ง,ผลิตภัณฑ์ภูมิปัญญาท้องถิ่นบ้านวังพลับ,เลขที่ 26/2 หมู่ 5 ตำบลวังหิน อำเภอวังโป่ง เพชรบูรณ์ 67240,สำนักงานเกษตรจังหวัดเพชรบูรณ์,ตำบลวังหิน
1675,2566,วังโป่ง,กลุ่มเลี้ยงโคเนื้อปรับเปลี่ยนพื้นที่นาไม่เหมาะสม,เลขที่ 17 หมู่ 13 ตำบลวังหิน อำเภอวังโป่ง เพชรบูรณ์ 67240,สำนักงานเกษตรจังหวัดเพชรบูรณ์,ตำบลวังหิน
1676,2566,วังโป่ง,กลุ่มผลผลิตอาหารปลอดภัยโคกหนองนา พช. วังโป่ง,เลขที่ 115 หมู่ 13 ตำบลวังหิน อำเภอวังโป่ง เพชรบูรณ์ 67240,สำนักงานเกษตรจังหวัดเพชรบูรณ์,ตำบลวังหิน
1677,2566,วังโป่ง,กลุ่มแปลงใหญ่ข้าววังโป่ง,เลขที่ 197 หมู่ 1 ตำบลวังโป่ง อำเภอวังโป่ง เพชรบูรณ์ 67240,สำนักงานเกษตรจังหวัดเพชรบูรณ์,ตำบลวังโป่ง
1678,2566,วังโป่ง,คนหัวใจอินทรีย์อำเภอวังโป่ง,เลขที่ 231 หมู่ 6 ตำบลท้ายดง อำเภอวังโป่ง เพชรบูรณ์ 67240,สำนักงานเกษตรจังหวัดเพชรบูรณ์,ตำบลท้ายดง
1679,2566,วังโป่ง,ผลิตภัณฑ์แปรรูปหญ้าแฝก อ.วังโป่ง จ.เพชรบูรณ์,เลขที่ 34/2 หมู่ 4 ตำบลท้ายดง อำเภอวังโป่ง เพชรบูรณ์ 67240,สำนักงานเกษตรจังหวัดเพชรบูรณ์,ตำบลท้ายดง
1680,2566,วังโป่ง,แม่บ้านเกษตรกรบ้านวังชะนางเหนือ หมู่ที่12,เลขที่ 173/1 หมู่ 12 ตำบลท้ายดง อำเภอวังโป่ง เพชรบูรณ์ 67240,สำนักงานเกษตรจังหวัดเพชรบูรณ์,ตำบลท้ายดง
1681,2566,วังโป่ง,กลุ่มพัฒนาอาชีพเกษตรตำบลวังศาล,เลขที่ 2 หมู่ 4 ตำบลวังศาล อำเภอวังโป่ง เพชรบูรณ์ 67240,สำนักงานเกษตรจังหวัดเพชรบูรณ์,ตำบลวังศาล
1682,2566,วังโป่ง,กลุ่มแม่บ้านเกษตรกรบ้านร่องตะแบก,เลขที่ 161 หมู่ 9 ตำบลท้ายดง อำเภอวังโป่ง เพชรบูรณ์ 67240,สำนักงานเกษตรจังหวัดเพชรบูรณ์,ตำบลท้ายดง
1683,2566,วังโป่ง,ไม้ผลตำบลซับเปิบ,เลขที่ 96 หมู่ 3 ตำบลซับเปิบ อำเภอวังโป่ง เพชรบูรณ์ 67240,สำนักงานเกษตรจังหวัดเพชรบูรณ์,ตำบลซับเปิบ
1684,2566,วังโป่ง,กลุ่มผู้เลี้ยงโคเนื้อ ต.วังหิน,เลขที่ 54 หมู่ 11 ตำบลวังหิน อำเภอวังโป่ง เพชรบูรณ์ 67240,สำนักงานเกษตรจังหวัดเพชรบูรณ์,ตำบลวังหิน
1685,2566,วังโป่ง,กลุ่มผู้เลี้ยงโคเนื้อตำบลซับเปิบ,เลขที่ 18/1 หมู่ 4 ตำบลซับเปิบ อำเภอวังโป่ง เพชรบูรณ์ 67240,สำนักงานเกษตรจังหวัดเพชรบูรณ์,ตำบลซับเปิบ
1686,2566,วังโป่ง,กลุ่มผู้เลี้ยงโคเนื้อตำบลวังศาล,เลขที่ 113 หมู่ 4 ตำบลวังศาล อำเภอวังโป่ง เพชรบูรณ์ 67240,สำนักงานเกษตรจังหวัดเพชรบูรณ์,ตำบลวังศาล
1687,2566,วังโป่ง,สมุนไพรไทยบ้านวังใหญ่,เลขที่ 54 หมู่ 4 ตำบลวังหิน อำเภอวังโป่ง เพชรบูรณ์ 67240,สำนักงานเกษตรจังหวัดเพชรบูรณ์,ตำบลวังหิน
1688,2566,วังโป่ง,โคเนื้อบ้านสะพานสอง ต.วังโป่ง,เลขที่ 144 หมู่ 13 ตำบลวังโป่ง อำเภอวังโป่ง เพชรบูรณ์ 67240,สำนักงานเกษตรจังหวัดเพชรบูรณ์,ตำบลวังโป่ง
1689,2566,วังโป่ง,กลุ่มเกษตรพัฒนา ต.วังหิน,เลขที่ 124 หมู่ 8 ตำบลวังหิน อำเภอวังโป่ง เพชรบูรณ์ 67240,สำนักงานเกษตรจังหวัดเพชรบูรณ์,ตำบลวังหิน
1690,2566,วังโป่ง,พัฒนาเกษตรแนวใหม่บ้านวังขอน,เลขที่ 164 หมู่ 6 ตำบลท้ายดง อำเภอวังโป่ง เพชรบูรณ์ 67240,สำนักงานเกษตรจังหวัดเพชรบูรณ์,ตำบลท้ายดง
1691,2566,วังโป่ง,กลุ่มเกษตรบ้านวังไทรงาม,เลขที่ 142 หมู่ 13 ตำบลวังหิน อำเภอวังโป่ง เพชรบูรณ์ 67240,สำนักงานเกษตรจังหวัดเพชรบูรณ์,ตำบลวังหิน
1692,2566,วังโป่ง,ออมทรัพย์กลุ่มลูกค้า ว82,เลขที่ 123 หมู่ 1 ตำบลวังหิน อำเภอวังโป่ง เพชรบูรณ์ 67240,สำนักงานเกษตรจังหวัดเพชรบูรณ์,ตำบลวังหิน
1693,2566,วังโป่ง,เกษตรไม้ผลตำบลวังหิน,เลขที่ 38 หมู่ 14 ตำบลวังหิน อำเภอวังโป่ง เพชรบูรณ์ 67240,สำนักงานเกษตรจังหวัดเพชรบูรณ์,ตำบลวังหิน
1694,2566,วังโป่ง,สวนส้มโอปลอดสารพิษ,เลขที่ 15/1 หมู่ 4 ตำบลวังหิน อำเภอวังโป่ง เพชรบูรณ์ 67240,สำนักงานเกษตรจังหวัดเพชรบูรณ์,ตำบลวังหิน
1695,2566,วังโป่ง,ไหมทอง,เลขที่ 44 หมู่ 12 ตำบลวังหิน อำเภอวังโป่ง เพชรบูรณ์ 67240,สำนักงานเกษตรจังหวัดเพชรบูรณ์,ตำบลวังหิน
1696,2566,วังโป่ง,ขนมบ้านบ้าน,เลขที่ 7/1 หมู่ 3 ตำบลท้ายดง อำเภอวังโป่ง เพชรบูรณ์ 67240,สำนักงานเกษตรจังหวัดเพชรบูรณ์,ตำบลท้ายดง
1697,2566,วังโป่ง,กลุ่มพัฒนาอาชีพบ้านคลองน้ำคัน,เลขที่ 288 หมู่ 2 ตำบลซับเปิบ อำเภอวังโป่ง เพชรบูรณ์ 67240,สำนักงานเกษตรจังหวัดเพชรบูรณ์,ตำบลซับเปิบ
1698,2566,วังโป่ง,ดงลึกพัฒนา,เลขที่ 202/2 หมู่ 3 ตำบลวังศาล อำเภอวังโป่ง เพชรบูรณ์ 67240,สำนักงานเกษตรจังหวัดเพชรบูรณ์,ตำบลวังศาล
1699,2566,วังโป่ง,ภูเขาทอง,เลขที่ 4 หมู่ 12 ตำบลวังศาล อำเภอวังโป่ง เพชรบูรณ์ 67240,สำนักงานเกษตรจังหวัดเพชรบูรณ์,ตำบลวังศาล
1700,2566,วังโป่ง,บ้านวังขอน,เลขที่ 225 หมู่ 6 ตำบลท้ายดง อำเภอวังโป่ง เพชรบูรณ์ 67240,สำนักงานเกษตรจังหวัดเพชรบูรณ์,ตำบลท้ายดง
1701,2566,วังโป่ง,กลุ่มส่งเสริมพัฒนาการเกษตรบ้านเนินดินแดง,เลขที่ 9 หมู่ 4 ตำบลซับเปิบ อำเภอวังโป่ง เพชรบูรณ์ 67240,สำนักงานเกษตรจังหวัดเพชรบูรณ์,ตำบลซับเปิบ
1702,2566,วังโป่ง,เกษตรพัฒนาซับเปิบ หมู่ที่ 3,เลขที่ 118 หมู่ 3 ตำบลซับเปิบ อำเภอวังโป่ง เพชรบูรณ์ 67240,สำนักงานเกษตรจังหวัดเพชรบูรณ์,ตำบลซับเปิบ
1703,2566,วังโป่ง,กลุ่มเกษตรพัฒนา ม.8 ซับเปิบใต้,เลขที่ 204 หมู่ 8 ตำบลซับเปิบ อำเภอวังโป่ง เพชรบูรณ์ 67240,สำนักงานเกษตรจังหวัดเพชรบูรณ์,ตำบลซับเปิบ
1704,2566,วังโป่ง,กลุ่มวังไทรทองเหนือก้าวหน้า,เลขที่ 188 หมู่ 7 ตำบลซับเปิบ อำเภอวังโป่ง เพชรบูรณ์ 67240,สำนักงานเกษตรจังหวัดเพชรบูรณ์,ตำบลซับเปิบ
1705,2566,วังโป่ง,กลุ่มส่งเสริมการผลิตข้าวชุมชนบ้านน้ำอ้อม,เลขที่ 31 หมู่ 3 ตำบลวังหิน อำเภอวังโป่ง เพชรบูรณ์ 67240,สำนักงานเกษตรจังหวัดเพชรบูรณ์,ตำบลวังหิน
1706,2566,วังโป่ง,กลุ่มสตรีทอผ้าตำบลวังหิน,เลขที่ 35 หมู่ 15 ตำบลวังหิน อำเภอวังโป่ง เพชรบูรณ์ 67240,สำนักงานเกษตรจังหวัดเพชรบูรณ์,ตำบลวังหิน
1707,2566,วังโป่ง,ผู้ผลิตไม้ผลท้ายดง,เลขที่ 327 หมู่ 2 ตำบลท้ายดง อำเภอวังโป่ง เพชรบูรณ์ 67240,สำนักงานเกษตรจังหวัดเพชรบูรณ์,ตำบลท้ายดง
1708,2566,วังโป่ง,ศูนย์ผลิตพันธุ์พืชตำบลวังหิน,เลขที่ 65 หมู่ 5 ตำบลวังหิน อำเภอวังโป่ง เพชรบูรณ์ 67240,สำนักงานเกษตรจังหวัดเพชรบูรณ์,ตำบลวังหิน
1709,2566,วังโป่ง,กลุ่มออมทรัพย์ ว.44,เลขที่ 8 หมู่ 16 ตำบลวังหิน อำเภอวังโป่ง เพชรบูรณ์ 67240,สำนักงานเกษตรจังหวัดเพชรบูรณ์,ตำบลวังหิน
1710,2566,วังโป่ง,กลุ่มแม่บ้านเกษตรกรบ้านวังกระดาษเงิน,เลขที่ 134 หมู่ 2 ตำบลท้ายดง อำเภอวังโป่ง เพชรบูรณ์ 67240,สำนักงานเกษตรจังหวัดเพชรบูรณ์,ตำบลท้ายดง
1711,2566,วังโป่ง,บ้านเนินวังชุมนุมสามัคคี,เลขที่ 67 หมู่ 2 ตำบลวังศาล อำเภอวังโป่ง เพชรบูรณ์ 67240,สำนักงานเกษตรจังหวัดเพชรบูรณ์,ตำบลวังศาล
1712,2566,วังโป่ง,ศูนย์ฯ ข้าวชุมชนบ้านทุ่งนางาม,เลขที่ 6 หมู่ 7 ตำบลท้ายดง อำเภอวังโป่ง เพชรบูรณ์ 67240,สำนักงานเกษตรจังหวัดเพชรบูรณ์,ตำบลท้ายดง
1713,2566,หนองไผ่,ศูนย์ข้าวชุมชนบ้านวังรี,เลขที่ 76/1 หมู่ 1 ตำบลนาเฉลียง อำเภอหนองไผ่ เพชรบูรณ์ 67220,สำนักงานเกษตรจังหวัดเพชรบูรณ์,ตำบลนาเฉลียง
1714,2566,หนองไผ่,เลี้ยงวัวบ้านนาประดู่,เลขที่ 3 หมู่ 9 ตำบลวังท่าดี อำเภอหนองไผ่ เพชรบูรณ์ 67140,สำนักงานเกษตรจังหวัดเพชรบูรณ์,ตำบลวังท่าดี
1715,2566,หนองไผ่,โรงสีชุมชนบ้านวังชงโค ม.1 (อบต.กองทูล),เลขที่ 28 หมู่ 1 ตำบลกองทูล อำเภอหนองไผ่ เพชรบูรณ์ 67140,สำนักงานเกษตรจังหวัดเพชรบูรณ์,ตำบลกองทูล
1716,2566,หนองไผ่,อินทผลัมเพาะเลี้ยงเนื่อเยื่ออำเภอหนองไผ่,เลขที่ 235 หมู่ 1 ตำบลนาเฉลียง อำเภอหนองไผ่ เพชรบูรณ์ 67220,สำนักงานเกษตรจังหวัดเพชรบูรณ์,ตำบลนาเฉลียง
1717,2566,หนองไผ่,กลุ่มแกะสลักเขาสัตว์,เลขที่ 256 หมู่ 14 ตำบลเพชรละคร อำเภอหนองไผ่ เพชรบูรณ์ 67140,สำนักงานเกษตรจังหวัดเพชรบูรณ์,ตำบลเพชรละคร
1718,2566,หนองไผ่,แสนดีพัฒนาแปรรูปผลิตภัณฑ์พืชผักผลไม้และสมุนไพร,เลขที่ 173 หมู่ 2 ตำบลนาเฉลียง อำเภอหนองไผ่ เพชรบูรณ์ 67220,สำนักงานเกษตรจังหวัดเพชรบูรณ์,ตำบลนาเฉลียง
1719,2566,หนองไผ่,บ้านห้วยน้ำบ่อ,เลขที่ 320/1 หมู่ 8 ตำบลนาเฉลียง อำเภอหนองไผ่ เพชรบูรณ์ 67220,สำนักงานเกษตรจังหวัดเพชรบูรณ์,ตำบลนาเฉลียง
1720,2566,หนองไผ่,กลุ่มผลิตปุ๋ยมูลสัตว์อัดเม็ดออร์แกนิค หนองไผ่,เลขที่ 39 หมู่ 3 ตำบลกองทูล อำเภอหนองไผ่ เพชรบูรณ์ 67140,สำนักงานเกษตรจังหวัดเพชรบูรณ์,ตำบลกองทูล
1721,2566,หนองไผ่,มหาชน วัลเลย์,เลขที่ 123 หมู่ 7 ตำบลยางงาม อำเภอหนองไผ่ เพชรบูรณ์ 67220,สำนักงานเกษตรจังหวัดเพชรบูรณ์,ตำบลยางงาม
1722,2566,หนองไผ่,ตำบลวังโบสถ์เพื่อการเกษตรเชิงพานิชย์,เลขที่ 72 หมู่ 10 ตำบลวังโบสถ์ อำเภอหนองไผ่ เพชรบูรณ์ 67140,สำนักงานเกษตรจังหวัดเพชรบูรณ์,ตำบลวังโบสถ์
1723,2566,หนองไผ่,รวมใจพัฒนาเกษตรยั่งยืน หมู่ 7 หนองไผ่,เลขที่ 399 หมู่ 7 ตำบลหนองไผ่ อำเภอหนองไผ่ เพชรบูรณ์ 67140,สำนักงานเกษตรจังหวัดเพชรบูรณ์,ตำบลหนองไผ่
1724,2566,หนองไผ่,เกษตรพอเพียงบ้านไร่ หมู่ 8,เลขที่ 3 หมู่ 8 ตำบลหนองไผ่ อำเภอหนองไผ่ เพชรบูรณ์ 67140,สำนักงานเกษตรจังหวัดเพชรบูรณ์,ตำบลหนองไผ่
1725,2566,หนองไผ่,เกษตรพันธุ์ใหม่บ้านโคกสูง,เลขที่ 142 หมู่ 7 ตำบลท่าแดง อำเภอหนองไผ่ เพชรบูรณ์ 67140,สำนักงานเกษตรจังหวัดเพชรบูรณ์,ตำบลท่าแดง
1726,2566,หนองไผ่,ไม้ผลและพืชสมุนไพร,เลขที่ 27 หมู่ 6 ตำบลยางงาม อำเภอหนองไผ่ เพชรบูรณ์ 67140,สำนักงานเกษตรจังหวัดเพชรบูรณ์,ตำบลยางงาม
1727,2566,หนองไผ่,กลุ่มผู้เลี้ยงสุกรโคกสระแก้ว,เลขที่ 90 หมู่ 10 ตำบลท่าแดง อำเภอหนองไผ่ เพชรบูรณ์ 67140,สำนักงานเกษตรจังหวัดเพชรบูรณ์,ตำบลท่าแดง
1728,2566,หนองไผ่,กลุ่มเกษตรกรมันสำปะหลัง หมู่ 8 ตำบลท่าแดง,เลขที่ 62/4 หมู่ 4 ตำบลวังท่าดี อำเภอหนองไผ่ เพชรบูรณ์ 67140,สำนักงานเกษตรจังหวัดเพชรบูรณ์,ตำบลวังท่าดี
1729,2566,หนองไผ่,แปลงใหญ่ถั่วเขียวสหกรณ์การเกษตรหนองไผ่จำกัด ตำบลกองทูล,เลขที่ 40/2 หมู่ 1 ตำบลกองทูล อำเภอหนองไผ่ เพชรบูรณ์ 67140,สำนักงานเกษตรจังหวัดเพชรบูรณ์,ตำบลกองทูล
1730,2566,หนองไผ่,กลุ่มตัดเย็บผ้าห่มบ้านโนนสีทอง,เลขที่ 388 หมู่ 3 ตำบลบ่อไทย อำเภอหนองไผ่ เพชรบูรณ์ 67140,สำนักงานเกษตรจังหวัดเพชรบูรณ์,ตำบลบ่อไทย
1731,2566,หนองไผ่,กลุ่มนวัตกรรมวิถีชุมชนตำบลวังท่าดี,เลขที่ 100 หมู่ 1 ตำบลวังท่าดี อำเภอหนองไผ่ เพชรบูรณ์ 67140,สำนักงานเกษตรจังหวัดเพชรบูรณ์,ตำบลวังท่าดี
1732,2566,หนองไผ่,กลุ่มเกษตรกรผู้เลี้ยงสัตว์บ้านท่าเสาตะวันออก,เลขที่ 94 หมู่ 7 ตำบลเพชรละคร อำเภอหนองไผ่ เพชรบูรณ์ 67140,สำนักงานเกษตรจังหวัดเพชรบูรณ์,ตำบลเพชรละคร
1733,2566,หนองไผ่,กลุ่มทอผ้าบ้านโคกกลาง,เลขที่ 476 หมู่ 7 ตำบลวังท่าดี อำเภอหนองไผ่ เพชรบูรณ์ 67140,สำนักงานเกษตรจังหวัดเพชรบูรณ์,ตำบลวังท่าดี
1734,2566,หนองไผ่,กลุ่มแปลงใหญ่ถั่วเขียวตำบลท่าแดง,เลขที่ 123 หมู่ 5 ตำบลท่าแดง อำเภอหนองไผ่ เพชรบูรณ์ 67140,สำนักงานเกษตรจังหวัดเพชรบูรณ์,ตำบลท่าแดง
1735,2566,หนองไผ่,กลุ่มเลี้ยงสุกรบ้านนาประดู่ หมู่ที่ 9,เลขที่ 3/3 หมู่ 9 ตำบลวังท่าดี อำเภอหนองไผ่ เพชรบูรณ์ 67140,สำนักงานเกษตรจังหวัดเพชรบูรณ์,ตำบลวังท่าดี
1736,2566,หนองไผ่,Smart farmer  อ.หนองไผ่ จ.เพชรบูรณ์,เลขที่ 71 หมู่ 8 ตำบลกองทูล อำเภอหนองไผ่ เพชรบูรณ์ 67140,สำนักงานเกษตรจังหวัดเพชรบูรณ์,ตำบลกองทูล
1737,2566,หนองไผ่,ยางพารา อ.หนองไผ่,เลขที่ 54 หมู่ 11 ตำบลท่าแดง อำเภอหนองไผ่ เพชรบูรณ์ 67140,สำนักงานเกษตรจังหวัดเพชรบูรณ์,ตำบลท่าแดง
1738,2566,หนองไผ่,กลุ่มผลิตเครื่องนอนเพื่อสุขภาพบ้านกลาง ตำบลวังท่าดี,เลขที่ 1 หมู่ 3 ตำบลวังท่าดี อำเภอหนองไผ่ เพชรบูรณ์ 67140,สำนักงานเกษตรจังหวัดเพชรบูรณ์,ตำบลวังท่าดี
1739,2566,หนองไผ่,บ้านใหม่สามัคคี หมู่ที่ 4,เลขที่ 83/2 หมู่ 4 ตำบลห้วยโป่ง อำเภอหนองไผ่ เพชรบูรณ์ 67140,สำนักงานเกษตรจังหวัดเพชรบูรณ์,ตำบลห้วยโป่ง
1740,2566,หนองไผ่,ร้านค้าชุมชนบ้านนาประดู่,เลขที่ 222 หมู่ 9 ตำบลวังท่าดี อำเภอหนองไผ่ เพชรบูรณ์ 67140,สำนักงานเกษตรจังหวัดเพชรบูรณ์,ตำบลวังท่าดี
1741,2566,หนองไผ่,บ้านพรประเสริฐ,เลขที่ 191 หมู่ 12 ตำบลหนองไผ่ อำเภอหนองไผ่ เพชรบูรณ์ 67140,สำนักงานเกษตรจังหวัดเพชรบูรณ์,ตำบลหนองไผ่
1742,2566,หนองไผ่,กลุ่มเลี้ยงโคเนื้อบ้านซับตะเคียนทอง ตำบลเพชรละคร,เลขที่ 29/1 หมู่ 9 ตำบลเพชรละคร อำเภอหนองไผ่ เพชรบูรณ์ 67140,สำนักงานเกษตรจังหวัดเพชรบูรณ์,ตำบลเพชรละคร
1743,2566,หนองไผ่,กลุ่มโคเนื้อตำบลวังโบสถ์,เลขที่ 115 หมู่ 8 ตำบลวังโบสถ์ อำเภอหนองไผ่ เพชรบูรณ์ 67140,สำนักงานเกษตรจังหวัดเพชรบูรณ์,ตำบลวังโบสถ์
1744,2566,หนองไผ่,กลุ่มผู้เลี้ยงไก่งวง บ้านปางยาง,เลขที่ 102/1 หมู่ 1 ตำบลท่าด้วง อำเภอหนองไผ่ เพชรบูรณ์ 67140,สำนักงานเกษตรจังหวัดเพชรบูรณ์,ตำบลท่าด้วง
1745,2566,หนองไผ่,กลุ่มเกษตรอินทรีย์ ม.3 ต.กองทูล,เลขที่ 129/1 หมู่ 3 ตำบลกองทูล อำเภอหนองไผ่ เพชรบูรณ์ 67140,สำนักงานเกษตรจังหวัดเพชรบูรณ์,ตำบลกองทูล
1746,2566,หนองไผ่,กลุ่มเกษตรกรบ้านคลองศรีเทพ ม.8,เลขที่ 153 หมู่ 8 ตำบลหนองไผ่ อำเภอหนองไผ่ เพชรบูรณ์ 67140,สำนักงานเกษตรจังหวัดเพชรบูรณ์,ตำบลหนองไผ่
1747,2566,หนองไผ่,สถาบันการเงินชุมชน ธกส.สาขาท่าแดง,เลขที่ 345 หมู่ 8 ตำบลเพชรละคร อำเภอหนองไผ่ เพชรบูรณ์ 67140,สำนักงานเกษตรจังหวัดเพชรบูรณ์,ตำบลเพชรละคร
1748,2566,หนองไผ่,สถาบันการเงินชุมชนตำบลท่าแดง,เลขที่ 222 หมู่ 11 ตำบลท่าแดง อำเภอหนองไผ่ เพชรบูรณ์ 67140,สำนักงานเกษตรจังหวัดเพชรบูรณ์,ตำบลท่าแดง
1749,2566,หนองไผ่,กลุ่มรวบรวมและแปรรูปผลผลิตการเกษตรสถาบันการเงินชุมชนตำบลท่าด้วง,เลขที่ 345 หมู่ 8 ตำบลท่าด้วง อำเภอหนองไผ่ เพชรบูรณ์ 67140,สำนักงานเกษตรจังหวัดเพชรบูรณ์,ตำบลท่าด้วง
1750,2566,หนองไผ่,กลุ่มรวบรวมและแปรรูปผลผลิตการเกษตรบ้านท่าสวาย,เลขที่ 111 หมู่ 2 ตำบลท่าแดง อำเภอหนองไผ่ เพชรบูรณ์ 67140,สำนักงานเกษตรจังหวัดเพชรบูรณ์,ตำบลท่าแดง
1751,2566,หนองไผ่,กลุ่มสถาบันการเงินชุมชนตำบลเพชรละคร,เลขที่ 100 หมู่ 13 ตำบลเพชรละคร อำเภอหนองไผ่ เพชรบูรณ์ 67140,สำนักงานเกษตรจังหวัดเพชรบูรณ์,ตำบลเพชรละคร
1752,2566,หนองไผ่,ชุมชนที่  ๖  ตำบลหนองไผ่,เลขที่ 48 หมู่ 6 ตำบลหนองไผ่ อำเภอหนองไผ่ เพชรบูรณ์ 67140,สำนักงานเกษตรจังหวัดเพชรบูรณ์,ตำบลหนองไผ่
1753,2566,หนองไผ่,กลุ่มเกษตรกรรม หมู่ที่ 3 ตำบลห้วยโป่ง,เลขที่ 68 หมู่ 3 ตำบลห้วยโป่ง อำเภอหนองไผ่ เพชรบูรณ์ 67220,สำนักงานเกษตรจังหวัดเพชรบูรณ์,ตำบลห้วยโป่ง
1754,2566,หนองไผ่,กลุ่มผู้ปลูกยางพาราบ้านปางยาง ตำบลท่าด้วง,เลขที่ 55 หมู่ 1 ตำบลท่าด้วง อำเภอหนองไผ่ เพชรบูรณ์ 67140,สำนักงานเกษตรจังหวัดเพชรบูรณ์,ตำบลท่าด้วง
1755,2566,หนองไผ่,กลุ่มสตรีสหกรณ์  บ้านบัววัฒนา,เลขที่ 352 หมู่ 1 ตำบลบัววัฒนา อำเภอหนองไผ่ เพชรบูรณ์ 67140,สำนักงานเกษตรจังหวัดเพชรบูรณ์,ตำบลบัววัฒนา
1756,2566,หนองไผ่,กลุ่มเกษตรกรรมบ้านหนองบัวทอง,เลขที่ 20 หมู่ 8 ตำบลกองทูล อำเภอหนองไผ่ เพชรบูรณ์ 67140,สำนักงานเกษตรจังหวัดเพชรบูรณ์,ตำบลกองทูล
1757,2566,หนองไผ่,กลุ่มเลี้ยงโคเนื้อขุน,เลขที่ 341 หมู่ 11 ตำบลท่าแดง อำเภอหนองไผ่ เพชรบูรณ์ 67140,สำนักงานเกษตรจังหวัดเพชรบูรณ์,ตำบลท่าแดง
1758,2566,หนองไผ่,กลุ่มทานตะวันตำบลวังท่าดี,เลขที่ 49 หมู่ 1 ตำบลวังท่าดี อำเภอหนองไผ่ เพชรบูรณ์ 67140,สำนักงานเกษตรจังหวัดเพชรบูรณ์,ตำบลวังท่าดี
1759,2566,หนองไผ่,กลุ่มส่งเสริมอาชีพการเกษตรด้านการผลิตผักตำบลท่าแดง,เลขที่ 123/2 หมู่ 12 ตำบลท่าแดง อำเภอหนองไผ่ เพชรบูรณ์ 67140,สำนักงานเกษตรจังหวัดเพชรบูรณ์,ตำบลท่าแดง
1760,2566,หนองไผ่,กลุ่มบ้านหนองชุมแสง ต.ท่าแดง,เลขที่ 226 หมู่ 12 ตำบลท่าแดง อำเภอหนองไผ่ เพชรบูรณ์ 67140,สำนักงานเกษตรจังหวัดเพชรบูรณ์,ตำบลท่าแดง
1761,2566,หนองไผ่,กลุ่มเกษตรกรยั่งยืนบ้านเกษมสุข,เลขที่ 285/1 หมู่ 8 ตำบลเพชรละคร อำเภอหนองไผ่ เพชรบูรณ์ 67140,สำนักงานเกษตรจังหวัดเพชรบูรณ์,ตำบลเพชรละคร
1762,2566,หนองไผ่,กลุ่มมีทรัพย์บ้านโคกสง่าเหนือ,เลขที่ 172/1 หมู่ 10 ตำบลวังโบสถ์ อำเภอหนองไผ่ เพชรบูรณ์ 67140,สำนักงานเกษตรจังหวัดเพชรบูรณ์,ตำบลวังโบสถ์
1763,2566,หนองไผ่,กลุ่มคลองตาริน ต.วังโบสถ์,เลขที่ 221 หมู่ 10 ตำบลวังโบสถ์ อำเภอหนองไผ่ เพชรบูรณ์ 67140,สำนักงานเกษตรจังหวัดเพชรบูรณ์,ตำบลวังโบสถ์
1764,2566,หนองไผ่,กลุ่มสหกิจชุมชน หมู่ที่ 8 ต.วังโบสถ์,เลขที่ 287 หมู่ 8 ตำบลวังโบสถ์ อำเภอหนองไผ่ เพชรบูรณ์ 67140,สำนักงานเกษตรจังหวัดเพชรบูรณ์,ตำบลวังโบสถ์
1765,2566,หนองไผ่,กลุ่มผลิตปุ๋ยอินทรีย์-ชีวภาพเพื่อการเกษตรบ้านไร่เหนือ,เลขที่ 42 หมู่ 2 ตำบลบัววัฒนา อำเภอหนองไผ่ เพชรบูรณ์ 67140,สำนักงานเกษตรจังหวัดเพชรบูรณ์,ตำบลบัววัฒนา
1766,2566,หนองไผ่,กลุ่มปลูกพืช บ.ลำตาเณร ต.บัววัฒนา,เลขที่ 63 หมู่ 6 ตำบลบัววัฒนา อำเภอหนองไผ่ เพชรบูรณ์ 67140,สำนักงานเกษตรจังหวัดเพชรบูรณ์,ตำบลบัววัฒนา
1767,2566,หนองไผ่,กลุ่มผลิตเพื่อการเกษตร ม.2 ต.ห้วยโป่ง,เลขที่ 154 หมู่ 2 ตำบลห้วยโป่ง อำเภอหนองไผ่ เพชรบูรณ์ 67140,สำนักงานเกษตรจังหวัดเพชรบูรณ์,ตำบลห้วยโป่ง
1768,2566,หนองไผ่,กลุ่มผู้ปลูกข้าวบ้านไผ่ขวาง ตำบลห้วยโป่ง,เลขที่ 71 หมู่ 3 ตำบลห้วยโป่ง อำเภอหนองไผ่ เพชรบูรณ์ 67140,สำนักงานเกษตรจังหวัดเพชรบูรณ์,ตำบลห้วยโป่ง
1769,2566,หนองไผ่,กลุ่มผลิตมะม่วงคุณภาพเพื่อการส่งออกตำบลบ้านโภชน์,เลขที่ 310 หมู่ 8 ตำบลบ้านโภชน์ อำเภอหนองไผ่ เพชรบูรณ์ 67140,สำนักงานเกษตรจังหวัดเพชรบูรณ์,ตำบลบ้านโภชน์
1770,2566,หนองไผ่,กลุ่มไม้ผลสามัคคี,เลขที่ 201 หมู่ 4 ตำบลยางงาม อำเภอหนองไผ่ เพชรบูรณ์ 67220,สำนักงานเกษตรจังหวัดเพชรบูรณ์,ตำบลยางงาม
1771,2566,หนองไผ่,กลุ่มดวงทอง ตำบลห้วยโป่ง,เลขที่ 281 หมู่ 4 ตำบลห้วยโป่ง อำเภอหนองไผ่ เพชรบูรณ์ 67220,สำนักงานเกษตรจังหวัดเพชรบูรณ์,ตำบลห้วยโป่ง
1772,2566,หนองไผ่,กลุ่มส่งเสริมผู้เลี้ยงสุกร,เลขที่ 151 หมู่ 6 ตำบลยางงาม อำเภอหนองไผ่ เพชรบูรณ์ 67140,สำนักงานเกษตรจังหวัดเพชรบูรณ์,ตำบลยางงาม
1773,2566,หนองไผ่,กลุ่มพัฒนาการเลี้ยงโคบ้านหนองม่วง,เลขที่ 55 หมู่ 11 ตำบลท่าแดง อำเภอหนองไผ่ เพชรบูรณ์ 67140,สำนักงานเกษตรจังหวัดเพชรบูรณ์,ตำบลท่าแดง
1774,2566,หนองไผ่,กลุ่มผู้เลี้ยงสัตว์บ้านท่าเยี่ยม,เลขที่ 3 หมู่ 4 ตำบลท่าแดง อำเภอหนองไผ่ เพชรบูรณ์ 67140,สำนักงานเกษตรจังหวัดเพชรบูรณ์,ตำบลท่าแดง
1775,2566,หนองไผ่,กลุ่มผลิตเพื่อการเกษตรบ้านด่านบุญธรรม,เลขที่ 182 หมู่ 7 ตำบลยางงาม อำเภอหนองไผ่ เพชรบูรณ์ 67220,สำนักงานเกษตรจังหวัดเพชรบูรณ์,ตำบลยางงาม
1776,2566,หนองไผ่,กลุ่มทรัพย์เจริญ,เลขที่ 1 หมู่ 7 ตำบลบ้านโภชน์ อำเภอหนองไผ่ เพชรบูรณ์ 67140,สำนักงานเกษตรจังหวัดเพชรบูรณ์,ตำบลบ้านโภชน์
1777,2566,หนองไผ่,กลุ่มโคเนื้อขอนยางขวาง ตำบลวังท่าดี,เลขที่ 76 หมู่ 1 ตำบลวังท่าดี อำเภอหนองไผ่ เพชรบูรณ์ 67140,สำนักงานเกษตรจังหวัดเพชรบูรณ์,ตำบลวังท่าดี
1778,2566,หนองไผ่,กลุ่มเกษตรกรผู้เลี้ยงสุกร หมู่ที่ 3,เลขที่ 235/4 หมู่ 3 ตำบลท่าแดง อำเภอหนองไผ่ เพชรบูรณ์ 67140,สำนักงานเกษตรจังหวัดเพชรบูรณ์,ตำบลท่าแดง
1779,2566,หนองไผ่,กลุ่มเกษตรพัฒนาบ้านวังประสาน,เลขที่ 1 หมู่ 9 ตำบลวังโบสถ์ อำเภอหนองไผ่ เพชรบูรณ์ 67140,สำนักงานเกษตรจังหวัดเพชรบูรณ์,ตำบลวังโบสถ์
1780,2566,หนองไผ่,กลุ่มผลิตเพื่อการเกษตรบ้านยางงาม,เลขที่ 5 หมู่ 9 ตำบลยางงาม อำเภอหนองไผ่ เพชรบูรณ์ 67140,สำนักงานเกษตรจังหวัดเพชรบูรณ์,ตำบลยางงาม
1781,2566,หนองไผ่,กลุ่มพัฒนาสตรีบัววัฒนา,เลขที่ 54 หมู่ 1 ตำบลบัววัฒนา อำเภอหนองไผ่ เพชรบูรณ์ 67140,สำนักงานเกษตรจังหวัดเพชรบูรณ์,ตำบลบัววัฒนา
1782,2566,หนองไผ่,การเพาะเห็ดโคนร่วมใจ,เลขที่ 81 หมู่ 7 ตำบลวังท่าดี อำเภอหนองไผ่ เพชรบูรณ์ 67140,สำนักงานเกษตรจังหวัดเพชรบูรณ์,ตำบลวังท่าดี
1783,2566,บึงสามพัน,บ้านหนองชุมแสง,เลขที่ 108 หมู่ 1 ตำบลหนองแจง อำเภอบึงสามพัน เพชรบูรณ์ 67160,สำนักงานเกษตรจังหวัดเพชรบูรณ์,ตำบลหนองแจง
1784,2566,บึงสามพัน,ศูนย์ข้าวชุมชนบ้านบึงตะแบก,เลขที่ 28/1 หมู่ 4 ตำบลหนองแจง อำเภอบึงสามพัน เพชรบูรณ์ 67160,สำนักงานเกษตรจังหวัดเพชรบูรณ์,ตำบลหนองแจง
1785,2566,บึงสามพัน,กลุ่มเกษตรกรและการผลิตบ้านหนองกำไร,เลขที่ 42/1 หมู่ 4 ตำบลศรีมงคล อำเภอบึงสามพัน เพชรบูรณ์ 67160,สำนักงานเกษตรจังหวัดเพชรบูรณ์,ตำบลศรีมงคล
1786,2566,บึงสามพัน,ปลูกพืชสมุนไพรอื่นๆ ม.2 ซับไม้แดง,เลขที่ 258 หมู่ 2 ตำบลซับไม้แดง อำเภอบึงสามพัน เพชรบูรณ์ 67160,สำนักงานเกษตรจังหวัดเพชรบูรณ์,ตำบลซับไม้แดง
1787,2566,บึงสามพัน,ผักสวนครัวและพืชสมุนไพรบ้านสวนละออ,เลขที่ 299/3 หมู่ 3 ตำบลซับสมอทอด อำเภอบึงสามพัน เพชรบูรณ์ 67160,สำนักงานเกษตรจังหวัดเพชรบูรณ์,ตำบลซับสมอทอด
1788,2566,บึงสามพัน,ปลูกพืชอาหารและสมุนไพร ม.1 หนองแจง,เลขที่ 456 หมู่ 1 ตำบลหนองแจง อำเภอบึงสามพัน เพชรบูรณ์ 67160,สำนักงานเกษตรจังหวัดเพชรบูรณ์,ตำบลหนองแจง
1789,2566,บึงสามพัน,กลุ่มเลี้ยงไก่ตะเภาทองบ้านโพธิ์สวรรค์2,เลขที่ 218/1 หมู่ 14 ตำบลพญาวัง อำเภอบึงสามพัน เพชรบูรณ์ 67160,สำนักงานเกษตรจังหวัดเพชรบูรณ์,ตำบลพญาวัง
1790,2566,บึงสามพัน,กลุ่มผู้ผลิตข้าวบ้านโคกตายอ หมู่ที่ 2 ตำบลซับสมอทอด,เลขที่  หมู่ 2 ตำบลซับสมอทอด อำเภอบึงสามพัน เพชรบูรณ์ 67160,สำนักงานเกษตรจังหวัดเพชรบูรณ์,ตำบลซับสมอทอด
1791,2566,บึงสามพัน,โคเนื้อเพชรบุระ,เลขที่ 30/1 หมู่ 16 ตำบลหนองแจง อำเภอบึงสามพัน เพชรบูรณ์ 67160,สำนักงานเกษตรจังหวัดเพชรบูรณ์,ตำบลหนองแจง
1792,2566,บึงสามพัน,กลุ่มวิถีเกษตรปลอดภัยเพื่อการส่งออก,เลขที่ 215/2 หมู่ 16 ตำบลกันจุ อำเภอบึงสามพัน เพชรบูรณ์ 67160,สำนักงานเกษตรจังหวัดเพชรบูรณ์,ตำบลกันจุ
1793,2566,บึงสามพัน,เกษตรอินทรีย์วิถีพอเพียง 459 บ้านกลาง เขาพลวง,เลขที่ 291 หมู่ 6 ตำบลสระแก้ว อำเภอบึงสามพัน เพชรบูรณ์ 67160,สำนักงานเกษตรจังหวัดเพชรบูรณ์,ตำบลสระแก้ว
1794,2566,บึงสามพัน,ชุมชนพอเพียงหมู่ 4 บ้านซับไพรวัลย์,เลขที่ 25 หมู่ 4 ตำบลซับไม้แดง อำเภอบึงสามพัน เพชรบูรณ์ 67160,สำนักงานเกษตรจังหวัดเพชรบูรณ์,ตำบลซับไม้แดง
1795,2566,บึงสามพัน,เลี้ยงไก่พื้นเมืองซับไพรวัลย์ หมู่4 ตำบลซับไม้แดง,เลขที่ 14/1 หมู่ 4 ตำบลซับไม้แดง อำเภอบึงสามพัน เพชรบูรณ์ 67160,สำนักงานเกษตรจังหวัดเพชรบูรณ์,ตำบลซับไม้แดง
1796,2566,บึงสามพัน,กลุ่มชุมชนขยายและแปรรูปผลิตภัณฑ์ข้าว(หนองปล้อง-ลำตะคร้อ),เลขที่ 11 หมู่ 17 ตำบลกันจุ อำเภอบึงสามพัน เพชรบูรณ์ 67160,สำนักงานเกษตรจังหวัดเพชรบูรณ์,ตำบลกันจุ
1797,2566,บึงสามพัน,กลุ่มพัฒนาอาชีพ หมู่ที่ 5 ตำบลสระแก้ว,เลขที่ 334 หมู่ 5 ตำบลสระแก้ว อำเภอบึงสามพัน เพชรบูรณ์ 67160,สำนักงานเกษตรจังหวัดเพชรบูรณ์,ตำบลสระแก้ว
1798,2566,บึงสามพัน,ผู้ผลิตอ้อยโรงงานตำบลหนองแจง,เลขที่ 187 หมู่ 10 ตำบลหนองแจง อำเภอบึงสามพัน เพชรบูรณ์ 67160,สำนักงานเกษตรจังหวัดเพชรบูรณ์,ตำบลหนองแจง
1799,2566,บึงสามพัน,เกษตรเงินล้าน เพื่ออาชีพที่ยั่งยืน,เลขที่ 59 หมู่ 8 ตำบลหนองแจง อำเภอบึงสามพัน เพชรบูรณ์ 67160,สำนักงานเกษตรจังหวัดเพชรบูรณ์,ตำบลหนองแจง
1800,2566,บึงสามพัน,กลุ่มเพื่อการเกษตรบ้านห้วยทราย,เลขที่ 166/1 หมู่ 4 ตำบลวังพิกุล อำเภอบึงสามพัน เพชรบูรณ์ 67230,สำนักงานเกษตรจังหวัดเพชรบูรณ์,ตำบลวังพิกุล
1801,2566,บึงสามพัน,กลุ่มเลี้ยงโคขุนบ้านบ่อตาสัก,เลขที่ 75 หมู่ 10 ตำบลซับไม้แดง อำเภอบึงสามพัน เพชรบูรณ์ 67160,สำนักงานเกษตรจังหวัดเพชรบูรณ์,ตำบลซับไม้แดง
1802,2566,บึงสามพัน,โคขุนบ้านหินดาดใหญ่,เลขที่ 73 หมู่ 6 ตำบลซับไม้แดง อำเภอบึงสามพัน เพชรบูรณ์ 67160,สำนักงานเกษตรจังหวัดเพชรบูรณ์,ตำบลซับไม้แดง
1803,2566,บึงสามพัน,กลุ่มเลี้ยงโคขุนกลุ่มเทพนิมิตร,เลขที่ 32 หมู่ 10 ตำบลศรีมงคล อำเภอบึงสามพัน เพชรบูรณ์ 67160,สำนักงานเกษตรจังหวัดเพชรบูรณ์,ตำบลศรีมงคล
1804,2566,บึงสามพัน,กลุ่มเลี้ยงโคขุนไม้แดงศรีมงคล,เลขที่ 12 หมู่ 6 ตำบลศรีมงคล อำเภอบึงสามพัน เพชรบูรณ์ 67160,สำนักงานเกษตรจังหวัดเพชรบูรณ์,ตำบลศรีมงคล
1805,2566,บึงสามพัน,โคขุนบ้านพนมเพชร,เลขที่ 31/1 หมู่ 2 ตำบลศรีมงคล อำเภอบึงสามพัน เพชรบูรณ์ 67160,สำนักงานเกษตรจังหวัดเพชรบูรณ์,ตำบลศรีมงคล
1806,2566,บึงสามพัน,กลุ่มเลี้ยงโคขุนกลุ่ม ร.ร.บ้านยางสาว,เลขที่ 48 หมู่ 3 ตำบลศรีมงคล อำเภอบึงสามพัน เพชรบูรณ์ 67160,สำนักงานเกษตรจังหวัดเพชรบูรณ์,ตำบลศรีมงคล
1807,2566,บึงสามพัน,เกษตรกรเลี้ยงวัวเสริมรายได้,เลขที่ 29 หมู่ 11 ตำบลพญาวัง อำเภอบึงสามพัน เพชรบูรณ์ 67160,สำนักงานเกษตรจังหวัดเพชรบูรณ์,ตำบลพญาวัง
1808,2566,บึงสามพัน,กลุ่มเลี้ยงโคขุนบ้านหนองไผ่,เลขที่ 43 หมู่ 10 ตำบลศรีมงคล อำเภอบึงสามพัน เพชรบูรณ์ 67160,สำนักงานเกษตรจังหวัดเพชรบูรณ์,ตำบลศรีมงคล
1809,2566,บึงสามพัน,กลุ่มปลูกพืชเกษตรอินทรีย์เพื่อแปรรูปบ้านทรัพย์เกษตร ตำบลบึงสามพัน,เลขที่ 3 หมู่ 9 ตำบลบึงสามพัน อำเภอบึงสามพัน เพชรบูรณ์ 67160,สำนักงานเกษตรจังหวัดเพชรบูรณ์,ตำบลบึงสามพัน
1810,2566,บึงสามพัน,ปลูกข้าวปลอดสารพิษ,เลขที่ 80/1 หมู่ 16 ตำบลพญาวัง อำเภอบึงสามพัน เพชรบูรณ์ 67160,สำนักงานเกษตรจังหวัดเพชรบูรณ์,ตำบลพญาวัง
1811,2566,บึงสามพัน,แปรรูปมะขามเพิ่มทรัพย์,เลขที่ 105 หมู่ 8 ตำบลศรีมงคล อำเภอบึงสามพัน เพชรบูรณ์ 67160,สำนักงานเกษตรจังหวัดเพชรบูรณ์,ตำบลศรีมงคล
1812,2566,บึงสามพัน,ธนาคารต้นไม้บ้านซับบอน,เลขที่ 341/1 หมู่ 7 ตำบลกันจุ อำเภอบึงสามพัน เพชรบูรณ์ 67160,สำนักงานเกษตรจังหวัดเพชรบูรณ์,ตำบลกันจุ
1813,2566,บึงสามพัน,โคขุนบ้านเนินยางงาม,เลขที่ 264 หมู่ 14 ตำบลวังพิกุล อำเภอบึงสามพัน เพชรบูรณ์ 67160,สำนักงานเกษตรจังหวัดเพชรบูรณ์,ตำบลวังพิกุล
1814,2566,บึงสามพัน,กลุ่มเลี้ยงโคขุนบ้านเขากะลา2018,เลขที่ 348 หมู่ 6 ตำบลศรีมงคล อำเภอบึงสามพัน เพชรบูรณ์ 67160,สำนักงานเกษตรจังหวัดเพชรบูรณ์,ตำบลศรีมงคล
1815,2566,บึงสามพัน,ผู้เลี้ยงโคขุนบ้านซับสำราญ,เลขที่ 136 หมู่ 2 ตำบลพญาวัง อำเภอบึงสามพัน เพชรบูรณ์ 67160,สำนักงานเกษตรจังหวัดเพชรบูรณ์,ตำบลพญาวัง
1816,2566,บึงสามพัน,กลุ่มเลี้ยงโคเนื้อบ้านยางสาวปี  2559,เลขที่ 44 หมู่ 3 ตำบลศรีมงคล อำเภอบึงสามพัน เพชรบูรณ์ 67160,สำนักงานเกษตรจังหวัดเพชรบูรณ์,ตำบลศรีมงคล
1817,2566,บึงสามพัน,กลุ่มเลี้ยงโคเนื้อบ้านอู่เรือ,เลขที่ 100 หมู่ 12 ตำบลหนองแจง อำเภอบึงสามพัน เพชรบูรณ์ 67160,สำนักงานเกษตรจังหวัดเพชรบูรณ์,ตำบลหนองแจง
1818,2566,บึงสามพัน,กลุ่มเลี้ยงโคเนื้อบ้านเขากะลา 59,เลขที่ 6/2 หมู่ 6 ตำบลศรีมงคล อำเภอบึงสามพัน เพชรบูรณ์ 67160,สำนักงานเกษตรจังหวัดเพชรบูรณ์,ตำบลศรีมงคล
1819,2566,บึงสามพัน,ฟาร์มเห็ดรักรวยหกพี่น้องซับไม้แดง,เลขที่ 290 หมู่ 2 ตำบลซับไม้แดง อำเภอบึงสามพัน เพชรบูรณ์ 67160,สำนักงานเกษตรจังหวัดเพชรบูรณ์,ตำบลซับไม้แดง
1820,2566,บึงสามพัน,สมาชิกกลุ่มดาวอินคาและพัฒนาอาชีพบ้านซับไทร,เลขที่ 102 หมู่ 5 ตำบลสระแก้ว อำเภอบึงสามพัน เพชรบูรณ์ 67160,สำนักงานเกษตรจังหวัดเพชรบูรณ์,ตำบลสระแก้ว
1821,2566,บึงสามพัน,โคเนื้อบ้านวังปลานอก,เลขที่ 94 หมู่ 11 ตำบลพญาวัง อำเภอบึงสามพัน เพชรบูรณ์ 67160,สำนักงานเกษตรจังหวัดเพชรบูรณ์,ตำบลพญาวัง
1822,2566,บึงสามพัน,กลุ่มโคขุนบ้านหนองแจง หมู่ที่ 6  ตำบลหนองแจง,เลขที่ 22 หมู่ 6 ตำบลหนองแจง อำเภอบึงสามพัน เพชรบูรณ์ 67160,สำนักงานเกษตรจังหวัดเพชรบูรณ์,ตำบลหนองแจง
1823,2566,บึงสามพัน,ผู้เลี้ยงโคเนื้อบ้านยางสาว  หมู่  3,เลขที่ 2/2 หมู่ 3 ตำบลศรีมงคล อำเภอบึงสามพัน เพชรบูรณ์ 67160,สำนักงานเกษตรจังหวัดเพชรบูรณ์,ตำบลศรีมงคล
1824,2566,บึงสามพัน,กลุ่มเลี้ยงโคเนื้อหนองแจง(ฝั่งตะวันตก),เลขที่ 30/1 หมู่ 16 ตำบลหนองแจง อำเภอบึงสามพัน เพชรบูรณ์ 67160,สำนักงานเกษตรจังหวัดเพชรบูรณ์,ตำบลหนองแจง
1825,2566,บึงสามพัน,บ้านยางสาว,เลขที่ 30/1 หมู่ 3 ตำบลศรีมงคล อำเภอบึงสามพัน เพชรบูรณ์ 67160,สำนักงานเกษตรจังหวัดเพชรบูรณ์,ตำบลศรีมงคล
1826,2566,บึงสามพัน,เกษตรพัฒนาบ้านหินดาดน้อย,เลขที่ 32 หมู่ 6 ตำบลซับสมอทอด อำเภอบึงสามพัน เพชรบูรณ์ 67160,สำนักงานเกษตรจังหวัดเพชรบูรณ์,ตำบลซับสมอทอด
1827,2566,บึงสามพัน,เกษตรพัฒนาตำบลหนองแจง,เลขที่ 111 หมู่ 7 ตำบลหนองแจง อำเภอบึงสามพัน เพชรบูรณ์ 67160,สำนักงานเกษตรจังหวัดเพชรบูรณ์,ตำบลหนองแจง
1828,2566,บึงสามพัน,ตัดเย็บเสื้อผ้านักเรียนสำเร็จรูป (กลุ่มออมทรัพย์),เลขที่ 5/1 หมู่ 7 ตำบลหนองแจง อำเภอบึงสามพัน เพชรบูรณ์ 67160,สำนักงานเกษตรจังหวัดเพชรบูรณ์,ตำบลหนองแจง
1829,2566,บึงสามพัน,กลุ่มเย็บจักรบ้านหนองชุมแสงเหนือ 1,เลขที่ 39 หมู่ 14 ตำบลหนองแจง อำเภอบึงสามพัน เพชรบูรณ์ 67160,สำนักงานเกษตรจังหวัดเพชรบูรณ์,ตำบลหนองแจง
1830,2566,บึงสามพัน,กลุ่มผู้ผลิตมะม่วงคุณภาพ อำเภอบึงสามพัน,เลขที่ 278 หมู่ 10 ตำบลหนองแจง อำเภอบึงสามพัน เพชรบูรณ์ 67160,สำนักงานเกษตรจังหวัดเพชรบูรณ์,ตำบลหนองแจง
1831,2566,บึงสามพัน,กลุ่มเพชรป่าสัก,เลขที่ 27 หมู่ 17 ตำบลหนองแจง อำเภอบึงสามพัน เพชรบูรณ์ 67160,สำนักงานเกษตรจังหวัดเพชรบูรณ์,ตำบลหนองแจง
1832,2566,บึงสามพัน,ผลิตพืชบ้านโปร่งสวอง,เลขที่ 93/1 หมู่ 8 ตำบลศรีมงคล อำเภอบึงสามพัน เพชรบูรณ์ 67160,สำนักงานเกษตรจังหวัดเพชรบูรณ์,ตำบลศรีมงคล
1833,2566,บึงสามพัน,กลุ่มตัดเย็บเสื้อผ้าสตรี หมู่ที่ 1 ออมทรัพย์,เลขที่ 45 หมู่ 1 ตำบลหนองแจง อำเภอบึงสามพัน เพชรบูรณ์ 67160,สำนักงานเกษตรจังหวัดเพชรบูรณ์,ตำบลหนองแจง
1834,2566,บึงสามพัน,ผู้ผลิตเมล็ดพันธุ์พืชบ้านหนองแดง,เลขที่ 30/1 หมู่ 12 ตำบลกันจุ อำเภอบึงสามพัน เพชรบูรณ์ 67160,สำนักงานเกษตรจังหวัดเพชรบูรณ์,ตำบลกันจุ
1835,2566,บึงสามพัน,เกษตรกรผู้ผลิตและผู้ใช้ปุ๋ยอินทรีย์ปั้นเม็ด,เลขที่ 40 หมู่ 3 ตำบลวังพิกุล อำเภอบึงสามพัน เพชรบูรณ์ 67230,สำนักงานเกษตรจังหวัดเพชรบูรณ์,ตำบลวังพิกุล
1836,2566,บึงสามพัน,กลุ่มผลิตปุ๋ยอินทรีย์ชีวภาพบ้านลำตะคร้อ,เลขที่ 499 หมู่ 4 ตำบลกันจุ อำเภอบึงสามพัน เพชรบูรณ์ 67160,สำนักงานเกษตรจังหวัดเพชรบูรณ์,ตำบลกันจุ
1837,2566,บึงสามพัน,เลี้ยงโคเนื้อบ้านลำพื้นทอง,เลขที่ 79 หมู่ 9 ตำบลหนองแจง อำเภอบึงสามพัน เพชรบูรณ์ 67160,สำนักงานเกษตรจังหวัดเพชรบูรณ์,ตำบลหนองแจง
1838,2566,บึงสามพัน,กลุ่มเกษตรกรนำร่อง,เลขที่ 15 หมู่ 3 ตำบลพญาวัง อำเภอบึงสามพัน เพชรบูรณ์ 67160,สำนักงานเกษตรจังหวัดเพชรบูรณ์,ตำบลพญาวัง
1839,2566,บึงสามพัน,เลี้ยงวัวเสริมรายได้,เลขที่ 230 หมู่ 3 ตำบลพญาวัง อำเภอบึงสามพัน เพชรบูรณ์ 67160,สำนักงานเกษตรจังหวัดเพชรบูรณ์,ตำบลพญาวัง
1840,2566,บึงสามพัน,กลุ่มผู้เลี้ยงโคขุนบ้านซับไทร,เลขที่ 334 หมู่ 5 ตำบลสระแก้ว อำเภอบึงสามพัน เพชรบูรณ์ 67160,สำนักงานเกษตรจังหวัดเพชรบูรณ์,ตำบลสระแก้ว
1841,2566,บึงสามพัน,ทองม้วนทองมณี,เลขที่ 184 หมู่ 9 ตำบลซับไม้แดง อำเภอบึงสามพัน เพชรบูรณ์ 67160,สำนักงานเกษตรจังหวัดเพชรบูรณ์,ตำบลซับไม้แดง
1842,2566,วิเชียรบุรี,ส่งเสริมอาชีพ หมู่ 3 บ้านน้ำร้อน,เลขที่ 18 หมู่ 3 ตำบลน้ำร้อน อำเภอวิเชียรบุรี เพชรบูรณ์ 67130,สำนักงานเกษตรจังหวัดเพชรบูรณ์,ตำบลน้ำร้อน
1843,2566,วิเชียรบุรี,แปลงใหญ่ข้าวโพดเลี้ยงสัตว์ ตำบลซับน้อย,เลขที่ 153 หมู่ 5 ตำบลซับน้อย อำเภอวิเชียรบุรี เพชรบูรณ์ 67130,สำนักงานเกษตรจังหวัดเพชรบูรณ์,ตำบลซับน้อย
1844,2566,วิเชียรบุรี,แปลงใหญ่ข้าวโพดเลี้ยงสัตว์ตำบลสามแยก,เลขที่ 75 หมู่ 6 ตำบลสามแยก อำเภอวิเชียรบุรี เพชรบูรณ์ 67130,สำนักงานเกษตรจังหวัดเพชรบูรณ์,ตำบลสามแยก
1845,2566,วิเชียรบุรี,ส่งเสริมอาชีพบ้านแสงทอง,เลขที่ 3 หมู่ 16 ตำบลบ่อรัง อำเภอวิเชียรบุรี เพชรบูรณ์ 67130,สำนักงานเกษตรจังหวัดเพชรบูรณ์,ตำบลบ่อรัง
1846,2566,วิเชียรบุรี,ส่งเสริมอาชีพบ้านโปร่งนกเป้า หมู่ 10,เลขที่ 31 หมู่ 10 ตำบลสามแยก อำเภอวิเชียรบุรี เพชรบูรณ์ 67130,สำนักงานเกษตรจังหวัดเพชรบูรณ์,ตำบลสามแยก
1847,2566,วิเชียรบุรี,ปลูกพืชสมุนไพรเกษตรอินทรีย์วิเชียรบุรี,เลขที่ 399 หมู่ 3 ตำบลท่าโรง อำเภอวิเชียรบุรี เพชรบูรณ์ 67130,สำนักงานเกษตรจังหวัดเพชรบูรณ์,ตำบลท่าโรง
1848,2566,วิเชียรบุรี,สมุนไพรเพื่อสุขภาพบ้านน้ำร้อน,เลขที่ 288 หมู่ 1 ตำบลน้ำร้อน อำเภอวิเชียรบุรี เพชรบูรณ์ 67130,สำนักงานเกษตรจังหวัดเพชรบูรณ์,ตำบลน้ำร้อน
1849,2566,วิเชียรบุรี,กลุ่มสมุนไพรเกษตรผสมผสานพุเตย,เลขที่ 256 หมู่ 1 ตำบลพุเตย อำเภอวิเชียรบุรี เพชรบูรณ์ 67180,สำนักงานเกษตรจังหวัดเพชรบูรณ์,ตำบลพุเตย
1850,2566,วิเชียรบุรี,เกษตรอินทรีย์ผสมผสานตำบลน้ำร้อน,เลขที่ 66 หมู่ 10 ตำบลน้ำร้อน อำเภอวิเชียรบุรี เพชรบูรณ์ 67130,สำนักงานเกษตรจังหวัดเพชรบูรณ์,ตำบลน้ำร้อน
1851,2566,วิเชียรบุรี,ปลูกพืชไร่ตำบลซับน้อย,เลขที่ 57 หมู่ 4 ตำบลซับน้อย อำเภอวิเชียรบุรี เพชรบูรณ์ 67180,สำนักงานเกษตรจังหวัดเพชรบูรณ์,ตำบลซับน้อย
1852,2566,วิเชียรบุรี,กลุ่มเกษตรอินทรีย์วิถีชุมชน ตำบลบึงกระจับ,เลขที่ 251 หมู่ 5 ตำบลบึงกระจับ อำเภอวิเชียรบุรี เพชรบูรณ์ 67130,สำนักงานเกษตรจังหวัดเพชรบูรณ์,ตำบลบึงกระจับ
1853,2566,วิเชียรบุรี,กลุ่มพัฒนาเศรษฐกิจการเกษตรบ้านน้ำเดือด,เลขที่ 61 หมู่ 12 ตำบลโคกปรง อำเภอวิเชียรบุรี เพชรบูรณ์ 67130,สำนักงานเกษตรจังหวัดเพชรบูรณ์,ตำบลโคกปรง
1854,2566,วิเชียรบุรี,หมูหลุมอินดี้ตำบลซับสมบูรณ์,เลขที่ 26 หมู่ 9 ตำบลซับสมบูรณ์ อำเภอวิเชียรบุรี เพชรบูรณ์ 67180,สำนักงานเกษตรจังหวัดเพชรบูรณ์,ตำบลซับสมบูรณ์
1855,2566,วิเชียรบุรี,แปลงใหญ่มันสำปะหลังตำบลบ่อรัง,เลขที่ 394 หมู่ 2 ตำบลบ่อรัง อำเภอวิเชียรบุรี เพชรบูรณ์ 67130,สำนักงานเกษตรจังหวัดเพชรบูรณ์,ตำบลบ่อรัง
1856,2566,วิเชียรบุรี,YSF วิเชียรบุรีเกษตรพอเพียงเพื่อการพัฒนาอย่างยั่งยืน,เลขที่ 27 หมู่ 11 ตำบลสระประดู่ อำเภอวิเชียรบุรี เพชรบูรณ์ 67130,สำนักงานเกษตรจังหวัดเพชรบูรณ์,ตำบลสระประดู่
1857,2566,วิเชียรบุรี,กลุ่มเลี้ยงโคบ้านไร่ตาพุฒ,เลขที่ 164 หมู่ 9 ตำบลสามแยก อำเภอวิเชียรบุรี เพชรบูรณ์ 67130,สำนักงานเกษตรจังหวัดเพชรบูรณ์,ตำบลสามแยก
1858,2566,วิเชียรบุรี,กลุ่มกล้วยหอมทองบ้านซับรุ่งเจริญ,เลขที่ 37 หมู่ 7 ตำบลซับน้อย อำเภอวิเชียรบุรี เพชรบูรณ์ 67180,สำนักงานเกษตรจังหวัดเพชรบูรณ์,ตำบลซับน้อย
1859,2566,วิเชียรบุรี,อินทผลัมเพาะเลี้ยงเนื้อเยื่ออำเภอวิเชียรบุรี,เลขที่ 67 หมู่ 8 ตำบลบึงกระจับ อำเภอวิเชียรบุรี เพชรบูรณ์ 67130,สำนักงานเกษตรจังหวัดเพชรบูรณ์,ตำบลบึงกระจับ
1860,2566,วิเชียรบุรี,กลุ่มผลิตปุ๋ยอินทรีย์อัดเม็ดเพื่อการเกษตร,เลขที่ 244 หมู่ 5 ตำบลท่าโรง อำเภอวิเชียรบุรี เพชรบูรณ์ 67130,สำนักงานเกษตรจังหวัดเพชรบูรณ์,ตำบลท่าโรง
1861,2566,วิเชียรบุรี,สมบัติฟาร์มเห็ดบ้านโคกปรง,เลขที่ 77 หมู่ 16 ตำบลโคกปรง อำเภอวิเชียรบุรี เพชรบูรณ์ 67130,สำนักงานเกษตรจังหวัดเพชรบูรณ์,ตำบลโคกปรง
1862,2566,วิเชียรบุรี,กลุ่มออมทรัพย์เพื่อการค้าและการผลิต หมู่ 10 ต.ภูน้ำหยด,เลขที่ 55 หมู่ 10 ตำบลภูน้ำหยด อำเภอวิเชียรบุรี เพชรบูรณ์ 67180,สำนักงานเกษตรจังหวัดเพชรบูรณ์,ตำบลภูน้ำหยด
1863,2566,วิเชียรบุรี,ปุ๋ยบ้านหนองภิรมย์,เลขที่ 32 หมู่ 16 ตำบลภูน้ำหยด อำเภอวิเชียรบุรี เพชรบูรณ์ 67180,สำนักงานเกษตรจังหวัดเพชรบูรณ์,ตำบลภูน้ำหยด
1864,2566,วิเชียรบุรี,พืชสวนสมุนไพร หมู่ 4 บึงกระจับ,เลขที่ 27/2 หมู่ 2 ตำบลท่าโรง อำเภอวิเชียรบุรี เพชรบูรณ์ 67130,สำนักงานเกษตรจังหวัดเพชรบูรณ์,ตำบลท่าโรง
1865,2566,วิเชียรบุรี,มันสำปะหลังภูน้ำหยด,เลขที่ 52 หมู่ 12 ตำบลภูน้ำหยด อำเภอวิเชียรบุรี เพชรบูรณ์ 67180,สำนักงานเกษตรจังหวัดเพชรบูรณ์,ตำบลภูน้ำหยด
1866,2566,วิเชียรบุรี,ปลูกผักหลังฤดูทำนา,เลขที่ 132 หมู่ 12 ตำบลโคกปรง อำเภอวิเชียรบุรี เพชรบูรณ์ 67130,สำนักงานเกษตรจังหวัดเพชรบูรณ์,ตำบลโคกปรง
1867,2566,วิเชียรบุรี,เกษตรสร้างสรรค์,เลขที่ 54/1 หมู่ 3 ตำบลสระประดู่ อำเภอวิเชียรบุรี เพชรบูรณ์ 67130,สำนักงานเกษตรจังหวัดเพชรบูรณ์,ตำบลสระประดู่
1868,2566,วิเชียรบุรี,กลุ่มทอผ้าพุเตย,เลขที่ 181 หมู่ 1 ตำบลพุเตย อำเภอวิเชียรบุรี เพชรบูรณ์ 67180,สำนักงานเกษตรจังหวัดเพชรบูรณ์,ตำบลพุเตย
1869,2566,วิเชียรบุรี,กลุ่มเกษตรกรผู้เลี้ยงโคบ้านมาบสมอ หมู่ 14,เลขที่ 144 หมู่ 14 ตำบลท่าโรง อำเภอวิเชียรบุรี เพชรบูรณ์ 67130,สำนักงานเกษตรจังหวัดเพชรบูรณ์,ตำบลท่าโรง
1870,2566,วิเชียรบุรี,ผักผลไม้ปลอดภัยอำเภอวิเชียรบุรี,เลขที่ 51 หมู่ 10 ตำบลซับสมบูรณ์ อำเภอวิเชียรบุรี เพชรบูรณ์ 67180,สำนักงานเกษตรจังหวัดเพชรบูรณ์,ตำบลซับสมบูรณ์
1871,2566,วิเชียรบุรี,ไร่เขาเล็งอินทรีย์เกษตร,เลขที่ 180 หมู่ 8 ตำบลท่าโรง อำเภอวิเชียรบุรี เพชรบูรณ์ 67130,สำนักงานเกษตรจังหวัดเพชรบูรณ์,ตำบลท่าโรง
1872,2566,วิเชียรบุรี,กลุ่มผู้เลี้ยงวัวเพื่อการค้าตำบลวังใหญ่,เลขที่ 153 หมู่ 4 ตำบลวังใหญ่ อำเภอวิเชียรบุรี เพชรบูรณ์ 67180,สำนักงานเกษตรจังหวัดเพชรบูรณ์,ตำบลวังใหญ่
1873,2566,วิเชียรบุรี,กลุ่มเลี้ยงสัตว์บ้านเขาสูง ม.4 ต.ยางสาว,เลขที่ 136 หมู่ 4 ตำบลยางสาว อำเภอวิเชียรบุรี เพชรบูรณ์ 67130,สำนักงานเกษตรจังหวัดเพชรบูรณ์,ตำบลยางสาว
1874,2566,วิเชียรบุรี,เกษตรพัฒนาวังเตียน,เลขที่ 67 หมู่ 5 ตำบลโคกปรง อำเภอวิเชียรบุรี เพชรบูรณ์ 67130,สำนักงานเกษตรจังหวัดเพชรบูรณ์,ตำบลโคกปรง
1875,2566,วิเชียรบุรี,กลุ่มเกษตรกรทำปุ๋ยหมักชีวภาพบ้านน้ำร้อน หมู่ 1,เลขที่ 41 หมู่ 1 ตำบลน้ำร้อน อำเภอวิเชียรบุรี เพชรบูรณ์ 67130,สำนักงานเกษตรจังหวัดเพชรบูรณ์,ตำบลน้ำร้อน
1876,2566,วิเชียรบุรี,การเพาะเห็ดอินทรีย์บ้านดงเข็ม,เลขที่ 2 หมู่ 3 ตำบลสามแยก อำเภอวิเชียรบุรี เพชรบูรณ์ 67130,สำนักงานเกษตรจังหวัดเพชรบูรณ์,ตำบลสามแยก
1877,2566,วิเชียรบุรี,กลุ่มผลิตภัณฑ์ปลาส้มสายเดี่ยวบ้านซับอีลุม,เลขที่ 155 หมู่ 5 ตำบลโคกปรง อำเภอวิเชียรบุรี เพชรบูรณ์ 67130,สำนักงานเกษตรจังหวัดเพชรบูรณ์,ตำบลโคกปรง
1878,2566,วิเชียรบุรี,พัฒนาผลิตผลทางการเกษตรบ้านกระทุ่มทอง ตำบลซับสมบูรณ์,เลขที่ 25/1 หมู่ 5 ตำบลซับสมบูรณ์ อำเภอวิเชียรบุรี เพชรบูรณ์ 67180,สำนักงานเกษตรจังหวัดเพชรบูรณ์,ตำบลซับสมบูรณ์
1879,2566,วิเชียรบุรี,กลุ่มโคเนื้อตำบลภูน้ำหยด,เลขที่ 3/4 หมู่ 6 ตำบลภูน้ำหยด อำเภอวิเชียรบุรี เพชรบูรณ์ 67180,สำนักงานเกษตรจังหวัดเพชรบูรณ์,ตำบลภูน้ำหยด
1880,2566,วิเชียรบุรี,กลุ่มแม่บ้านหนองสมบูรณ์ หมู่ 6 ตำบลพุขาม,เลขที่ 109 หมู่ 6 ตำบลพุขาม อำเภอวิเชียรบุรี เพชรบูรณ์ 67180,สำนักงานเกษตรจังหวัดเพชรบูรณ์,ตำบลพุขาม
1881,2566,วิเชียรบุรี,กลุ่มส่งเสริมการเลี้ยงโคเนื้อชุมชนบ้านพระที่นั่ง หมู่ 7,เลขที่ 103 หมู่ 7 ตำบลภูน้ำหยด อำเภอวิเชียรบุรี เพชรบูรณ์ 67180,สำนักงานเกษตรจังหวัดเพชรบูรณ์,ตำบลภูน้ำหยด
1882,2566,วิเชียรบุรี,วัวขุนตำบลพุเตย อำเภอวิเชียรบุรี จังหวัดเพชรบูรณ์,เลขที่ 97 หมู่ 8 ตำบลพุเตย อำเภอวิเชียรบุรี เพชรบูรณ์ 67180,สำนักงานเกษตรจังหวัดเพชรบูรณ์,ตำบลพุเตย
1883,2566,วิเชียรบุรี,กลุ่มส่งเสริมการเลี้ยงโคเนื้อของชุมชนบ้านหนองบัวทอง หมู่ 11,เลขที่ 173 หมู่ 11 ตำบลบ่อรัง อำเภอวิเชียรบุรี เพชรบูรณ์ 67130,สำนักงานเกษตรจังหวัดเพชรบูรณ์,ตำบลบ่อรัง
1884,2566,วิเชียรบุรี,กลุ่มผู้เลี้ยงโคเนื้อบ้านทุ่งใหญ่ หมู่ 5 ตำบลท่าโรง,เลขที่ 460 หมู่ 5 ตำบลท่าโรง อำเภอวิเชียรบุรี เพชรบูรณ์ 67130,สำนักงานเกษตรจังหวัดเพชรบูรณ์,ตำบลท่าโรง
1885,2566,วิเชียรบุรี,กลุ่มส่งเสริมการเลี้ยงโคเนื้อตำบลท่าโรง,เลขที่ 136 หมู่ 14 ตำบลท่าโรง อำเภอวิเชียรบุรี เพชรบูรณ์ 67130,สำนักงานเกษตรจังหวัดเพชรบูรณ์,ตำบลท่าโรง
1886,2566,วิเชียรบุรี,กลุ่มภูน้ำหยดพัฒนาเพื่อการเกษตร,เลขที่ 78/1 หมู่ 6 ตำบลภูน้ำหยด อำเภอวิเชียรบุรี เพชรบูรณ์ 67180,สำนักงานเกษตรจังหวัดเพชรบูรณ์,ตำบลภูน้ำหยด
1887,2566,วิเชียรบุรี,กลุ่มผลิตการเกษตรบ้านไทรทอง,เลขที่ 83 หมู่ 5 ตำบลวังใหญ่ อำเภอวิเชียรบุรี เพชรบูรณ์ 67180,สำนักงานเกษตรจังหวัดเพชรบูรณ์,ตำบลวังใหญ่
1888,2566,วิเชียรบุรี,กลุ่มพัฒนาอาชีพงานไม้ชุมชน หมู่ 3 ตำบลสามแยก,เลขที่ 181 หมู่ 3 ตำบลสามแยก อำเภอวิเชียรบุรี เพชรบูรณ์ 67130,สำนักงานเกษตรจังหวัดเพชรบูรณ์,ตำบลสามแยก
1889,2566,วิเชียรบุรี,กลุ่มปุ๋ยบ้านวงษ์ทอง หมู่ 11 ตำบลพุเตย,เลขที่ 105 หมู่ 11 ตำบลพุเตย อำเภอวิเชียรบุรี เพชรบูรณ์ 67180,สำนักงานเกษตรจังหวัดเพชรบูรณ์,ตำบลพุเตย
1890,2566,วิเชียรบุรี,กลุ่มส่งเสริมอาชีพเกษตรกรบ้านใหม่วิไลวัลย์ หมู่ 10,เลขที่ 153 หมู่ 10 ตำบลบ่อรัง อำเภอวิเชียรบุรี เพชรบูรณ์ 67130,สำนักงานเกษตรจังหวัดเพชรบูรณ์,ตำบลบ่อรัง
1891,2566,วิเชียรบุรี,กลุ่มเกษตรกรผู้เลี้ยงหมู หมู่ 1 บ้านโคกปรง,เลขที่ 149 หมู่ 1 ตำบลโคกปรง อำเภอวิเชียรบุรี เพชรบูรณ์ 67130,สำนักงานเกษตรจังหวัดเพชรบูรณ์,ตำบลโคกปรง
1892,2566,วิเชียรบุรี,กลุ่มส่งเสริมอาชีพบ้านลำจังหัน หมู่ 1 ตำบลสามแยก,เลขที่ 29/1 หมู่ 1 ตำบลสามแยก อำเภอวิเชียรบุรี เพชรบูรณ์ 67130,สำนักงานเกษตรจังหวัดเพชรบูรณ์,ตำบลสามแยก
1893,2566,วิเชียรบุรี,กลุ่มพัฒนาผลผลิตเกษตรบ้านวงษ์ทอง หมู่ 11,เลขที่ 141/1 หมู่ 11 ตำบลพุเตย อำเภอวิเชียรบุรี เพชรบูรณ์ 67180,สำนักงานเกษตรจังหวัดเพชรบูรณ์,ตำบลพุเตย
1894,2566,วิเชียรบุรี,กลุ่มเกษตรผสมผสาน หมู่ 5 บ้านพุขาม,เลขที่ 155 หมู่ 5 ตำบลพุขาม อำเภอวิเชียรบุรี เพชรบูรณ์ 67180,สำนักงานเกษตรจังหวัดเพชรบูรณ์,ตำบลพุขาม
1895,2566,วิเชียรบุรี,กลุ่มหมอนสวยงามทำจากผ้าต่วน หมู่ 1 ตำบลซับสมบูรณ์,เลขที่ 157 หมู่ 1 ตำบลซับสมบูรณ์ อำเภอวิเชียรบุรี เพชรบูรณ์ 67180,สำนักงานเกษตรจังหวัดเพชรบูรณ์,ตำบลซับสมบูรณ์
1896,2566,วิเชียรบุรี,กลุ่มสมุนไพรโบราณขุมทรัพย์ปัญญาไทย,เลขที่ 63 หมู่ 4 ตำบลซับสมบูรณ์ อำเภอวิเชียรบุรี เพชรบูรณ์ 67180,สำนักงานเกษตรจังหวัดเพชรบูรณ์,ตำบลซับสมบูรณ์
1897,2566,วิเชียรบุรี,กลุ่มชาวนาเข็มแข็งตำบลโคกปรง,เลขที่ 123 หมู่ 1 ตำบลโคกปรง อำเภอวิเชียรบุรี เพชรบูรณ์ 67130,สำนักงานเกษตรจังหวัดเพชรบูรณ์,ตำบลโคกปรง
1898,2566,วิเชียรบุรี,เฟอร์นิเจอร์ หมู่ 9 ตำบลพุเตย,เลขที่ 57 หมู่ 9 ตำบลพุเตย อำเภอวิเชียรบุรี เพชรบูรณ์ 67180,สำนักงานเกษตรจังหวัดเพชรบูรณ์,ตำบลพุเตย
1899,2566,วิเชียรบุรี,กลุ่มส่งเสริมพัฒนาศักยภาพอาชีพตำบลโคกปรง,เลขที่ 174 หมู่ 3 ตำบลโคกปรง อำเภอวิเชียรบุรี เพชรบูรณ์ 67130,สำนักงานเกษตรจังหวัดเพชรบูรณ์,ตำบลโคกปรง
1900,2566,วิเชียรบุรี,กลุ่มออมทรัพย์การผลิตบ้านรวมทรัพย์,เลขที่ 239/1 หมู่ 6 ตำบลภูน้ำหยด อำเภอวิเชียรบุรี เพชรบูรณ์ 67180,สำนักงานเกษตรจังหวัดเพชรบูรณ์,ตำบลภูน้ำหยด
1901,2566,วิเชียรบุรี,กลุ่มพัฒนาอาชีพตำบลโคกปรง หมู่ 2,เลขที่ 5 หมู่ 2 ตำบลโคกปรง อำเภอวิเชียรบุรี เพชรบูรณ์ 67130,สำนักงานเกษตรจังหวัดเพชรบูรณ์,ตำบลโคกปรง
1902,2566,วิเชียรบุรี,กลุ่มจำหน่ายและขยายพันธุ์ไม้บ้านยางโด่,เลขที่ 34 หมู่ 7 ตำบลสระประดู่ อำเภอวิเชียรบุรี เพชรบูรณ์ 67130,สำนักงานเกษตรจังหวัดเพชรบูรณ์,ตำบลสระประดู่
1903,2566,วิเชียรบุรี,กลุ่มส่งเสริมอาชีพการเกษตรบ้านโคกปรง หมู่ 3,เลขที่ 213 หมู่ 3 ตำบลโคกปรง อำเภอวิเชียรบุรี เพชรบูรณ์ 67130,สำนักงานเกษตรจังหวัดเพชรบูรณ์,ตำบลโคกปรง
1904,2566,วิเชียรบุรี,สถาบันการเงินชุมชนต้นแบบบ้านหนองคล้า,เลขที่ 97 หมู่ 8 ตำบลพุเตย อำเภอวิเชียรบุรี เพชรบูรณ์ 67180,สำนักงานเกษตรจังหวัดเพชรบูรณ์,ตำบลพุเตย
1905,2566,วิเชียรบุรี,กลุ่มส่งเสริมอาชีพการเกษตรบ้านน้ำอ้อม,เลขที่ 58 หมู่ 7 ตำบลยางสาว อำเภอวิเชียรบุรี เพชรบูรณ์ 67130,สำนักงานเกษตรจังหวัดเพชรบูรณ์,ตำบลยางสาว
1906,2566,วิเชียรบุรี,กลุ่มเลี้ยงโคบ้านเขายางโปร่ง หมู่ 4,เลขที่ 14 หมู่ 4 ตำบลโคกปรง อำเภอวิเชียรบุรี เพชรบูรณ์ 67130,สำนักงานเกษตรจังหวัดเพชรบูรณ์,ตำบลโคกปรง
1907,2566,วิเชียรบุรี,ผลิตพืชพันธุ์ดีและส่งเสริมอาชีพ หมู่ 8 บ้านนาสามัคคี,เลขที่ 57 หมู่ 8 ตำบลโคกปรง อำเภอวิเชียรบุรี เพชรบูรณ์ 67130,สำนักงานเกษตรจังหวัดเพชรบูรณ์,ตำบลโคกปรง
1908,2566,วิเชียรบุรี,"ถักสานไม้กวาดดอกหญ้า หมู่ 8,19",เลขที่ 88 หมู่ 19 ตำบลบ่อรัง อำเภอวิเชียรบุรี เพชรบูรณ์ 67130,สำนักงานเกษตรจังหวัดเพชรบูรณ์,ตำบลบ่อรัง
1909,2566,วิเชียรบุรี,กลุ่มเศรษฐกิจชุมชนเกษตรกร หมู่ 4 ต.วังใหญ่,เลขที่ 19 หมู่ 4 ตำบลวังใหญ่ อำเภอวิเชียรบุรี เพชรบูรณ์ 67180,สำนักงานเกษตรจังหวัดเพชรบูรณ์,ตำบลวังใหญ่
1910,2566,วิเชียรบุรี,ปลูกข้าวโพดเลี้ยงสัตว์ก้าวหน้า หมู่ 15 ต.ยางสาว,เลขที่ 91 หมู่ 15 ตำบลยางสาว อำเภอวิเชียรบุรี เพชรบูรณ์ 67130,สำนักงานเกษตรจังหวัดเพชรบูรณ์,ตำบลยางสาว
1911,2566,วิเชียรบุรี,ศูนย์ส่งเสริมผลิตพันธุ์ข้าวชุมชน ม.8 ตำบลพุเตย,เลขที่ 162 หมู่ 8 ตำบลพุเตย อำเภอวิเชียรบุรี เพชรบูรณ์ 67180,สำนักงานเกษตรจังหวัดเพชรบูรณ์,ตำบลพุเตย
1912,2566,วิเชียรบุรี,ผลิตปุ๋ยอินทรีย์ชีวภาพปั้นเม็ด ม.4 บ้านโคกสำราญ,เลขที่ 68 หมู่ 4 ตำบลน้ำร้อน อำเภอวิเชียรบุรี เพชรบูรณ์ 67130,สำนักงานเกษตรจังหวัดเพชรบูรณ์,ตำบลน้ำร้อน
1913,2566,วิเชียรบุรี,ส่งเสริมอาชีพการเกษตรและร้านค้าชุมชนโคกสง่า หมู่ 7,เลขที่ 272 หมู่ 7 ตำบลพุขาม อำเภอวิเชียรบุรี เพชรบูรณ์ 67180,สำนักงานเกษตรจังหวัดเพชรบูรณ์,ตำบลพุขาม
1914,2566,วิเชียรบุรี,กลุ่มผู้ปลูกหอม-กระเทียม บ้านพุน้ำร้อน,เลขที่ 88 หมู่ 9 ตำบลยางสาว อำเภอวิเชียรบุรี เพชรบูรณ์ 67130,สำนักงานเกษตรจังหวัดเพชรบูรณ์,ตำบลยางสาว
1915,2566,วิเชียรบุรี,สมุนไพรนวดแผนโบราณบ้านยางโด่,เลขที่ 25 หมู่ 7 ตำบลสระประดู่ อำเภอวิเชียรบุรี เพชรบูรณ์ 67130,สำนักงานเกษตรจังหวัดเพชรบูรณ์,ตำบลสระประดู่
1916,2566,วิเชียรบุรี,อนุรักษ์ป่าเขาสูง ตำบลยางสาว,เลขที่ 162 หมู่ 4 ตำบลยางสาว อำเภอวิเชียรบุรี เพชรบูรณ์ 67130,สำนักงานเกษตรจังหวัดเพชรบูรณ์,ตำบลยางสาว
1917,2566,วิเชียรบุรี,กองทุนปัจจัยการผลิตบ้านคอเลือก หมู่ 3 ตำบลสระประดู่,เลขที่ 6 หมู่ 3 ตำบลสระประดู่ อำเภอวิเชียรบุรี เพชรบูรณ์ 67130,สำนักงานเกษตรจังหวัดเพชรบูรณ์,ตำบลสระประดู่
1918,2566,วิเชียรบุรี,กลุ่มพัฒนาอาชีพถี่กระตุกบ้านเกาะบรเพ็ด หมู่ 10,เลขที่ 43 หมู่ 10 ตำบลบึงกระจับ อำเภอวิเชียรบุรี เพชรบูรณ์ 67130,สำนักงานเกษตรจังหวัดเพชรบูรณ์,ตำบลบึงกระจับ
1919,2566,วิเชียรบุรี,ทอผ้ากี่กระตุกบ้านบุมะกรูด,เลขที่ 276 หมู่ 8 ตำบลท่าโรง อำเภอวิเชียรบุรี เพชรบูรณ์ 67130,สำนักงานเกษตรจังหวัดเพชรบูรณ์,ตำบลท่าโรง
1920,2566,วิเชียรบุรี,กลุ่มเกษตรกรสระประดู่ก้าวหน้า หมู่ 2,เลขที่ 45 หมู่ 2 ตำบลสระประดู่ อำเภอวิเชียรบุรี เพชรบูรณ์ 67130,สำนักงานเกษตรจังหวัดเพชรบูรณ์,ตำบลสระประดู่
1921,2566,วิเชียรบุรี,กลุ่มเกษตรกรบ้านร่วมใจพัฒนา หมู่ 12 ตำบลสระประดู่,เลขที่ 34/1 หมู่ 12 ตำบลสระประดู่ อำเภอวิเชียรบุรี เพชรบูรณ์ 67130,สำนักงานเกษตรจังหวัดเพชรบูรณ์,ตำบลสระประดู่
1922,2566,วิเชียรบุรี,กลุ่มแม่บ้านโต๊ะจีนตำบลพุขาม,เลขที่ 39 หมู่ 4 ตำบลพุขาม อำเภอวิเชียรบุรี เพชรบูรณ์ 67130,สำนักงานเกษตรจังหวัดเพชรบูรณ์,ตำบลพุขาม
1923,2566,วิเชียรบุรี,กลุ่มผลิตโคเนื้อบ้านเขาขาดหมู่ 4 ตำบลซับสมบูรณ์,เลขที่ 145 หมู่ 4 ตำบลซับสมบูรณ์ อำเภอวิเชียรบุรี เพชรบูรณ์ 67130,สำนักงานเกษตรจังหวัดเพชรบูรณ์,ตำบลซับสมบูรณ์
1924,2566,วิเชียรบุรี,กลุ่มสายใยรักตัดเย็บ,เลขที่ 273 หมู่ 1 ตำบลสามแยก อำเภอวิเชียรบุรี เพชรบูรณ์ 67130,สำนักงานเกษตรจังหวัดเพชรบูรณ์,ตำบลสามแยก
1925,2566,วิเชียรบุรี,กลุ่มวิสาหกิจชุมชนบ้านกลุ่มอุทัย หมู่ 2,เลขที่ 21 หมู่ 2 ตำบลสามแยก อำเภอวิเชียรบุรี เพชรบูรณ์ 67130,สำนักงานเกษตรจังหวัดเพชรบูรณ์,ตำบลสามแยก
1926,2566,วิเชียรบุรี,กลุ่มแม่บ้านเย็บผ้าบ้านไร่อุดม,เลขที่ 124 หมู่ 3 ตำบลซับสมบูรณ์ อำเภอวิเชียรบุรี เพชรบูรณ์ 67180,สำนักงานเกษตรจังหวัดเพชรบูรณ์,ตำบลซับสมบูรณ์
1927,2566,วิเชียรบุรี,ผลิตชาเขียวใบหม่อนยางสาว,เลขที่ 55 หมู่ 4 ตำบลยางสาว อำเภอวิเชียรบุรี เพชรบูรณ์ 67130,สำนักงานเกษตรจังหวัดเพชรบูรณ์,ตำบลยางสาว
1928,2566,วิเชียรบุรี,กลุ่มวิสาหกิจชุมชนเลี้ยงโคเนื้อเขาสูง,เลขที่ 55 หมู่ 4 ตำบลยางสาว อำเภอวิเชียรบุรี เพชรบูรณ์ 67130,สำนักงานเกษตรจังหวัดเพชรบูรณ์,ตำบลยางสาว
1929,2566,วิเชียรบุรี,กลุ่มหัตถกรรมดอกไม้จันทร์ ดอกไม้ประดิษฐ์หมู่ 2,เลขที่ 15 หมู่ 2 ตำบลยางสาว อำเภอวิเชียรบุรี เพชรบูรณ์ 67130,สำนักงานเกษตรจังหวัดเพชรบูรณ์,ตำบลยางสาว
1930,2566,วิเชียรบุรี,กลุ่มทอเสื่อกกบ้านวังวัด,เลขที่ 56/1 หมู่ 3 ตำบลยางสาว อำเภอวิเชียรบุรี เพชรบูรณ์ 67130,สำนักงานเกษตรจังหวัดเพชรบูรณ์,ตำบลยางสาว
1931,2566,วิเชียรบุรี,คนเลี้ยงปลาบ้านลำเพียร,เลขที่ 6 หมู่ 10 ตำบลโคกปรง อำเภอวิเชียรบุรี เพชรบูรณ์ 67130,สำนักงานเกษตรจังหวัดเพชรบูรณ์,ตำบลโคกปรง
1932,2566,วิเชียรบุรี,ศูนย์ส่งเสริมผลิตข้าวชุมชนบ้านยางโด่,เลขที่ 9 หมู่ 7 ตำบลสระประดู่ อำเภอวิเชียรบุรี เพชรบูรณ์ 67130,สำนักงานเกษตรจังหวัดเพชรบูรณ์,ตำบลสระประดู่
1933,2566,วิเชียรบุรี,กลุ่มอาชีพขยายพันธุ์ไม้ผลไม้ดอก,เลขที่ 5 หมู่ 6 ตำบลซับสมบูรณ์ อำเภอวิเชียรบุรี เพชรบูรณ์ 67180,สำนักงานเกษตรจังหวัดเพชรบูรณ์,ตำบลซับสมบูรณ์
1934,2566,วิเชียรบุรี,กองทุนเกษตรกรข้าวโพดชุมชน,เลขที่ 194 หมู่ 1 ตำบลสระประดู่ อำเภอวิเชียรบุรี เพชรบูรณ์ 67130,สำนักงานเกษตรจังหวัดเพชรบูรณ์,ตำบลสระประดู่
1935,2566,ศรีเทพ,ศรีเทพรวมใจรักษ์,เลขที่ 23/2 หมู่ 3 ตำบลศรีเทพ อำเภอศรีเทพ เพชรบูรณ์ 67170,สำนักงานเกษตรจังหวัดเพชรบูรณ์,ตำบลศรีเทพ
1936,2566,ศรีเทพ,กลุ่มจักสานงานฝีมือตำบลสระกรวด,เลขที่ 200 หมู่ 12 ตำบลสระกรวด อำเภอศรีเทพ เพชรบูรณ์ 67170,สำนักงานเกษตรจังหวัดเพชรบูรณ์,ตำบลสระกรวด
1937,2566,ศรีเทพ,ศูนย์พันธ์ุข้าวชุมชนร่องหอย,เลขที่ 24 หมู่ 11 ตำบลสระกรวด อำเภอศรีเทพ เพชรบูรณ์ 67170,สำนักงานเกษตรจังหวัดเพชรบูรณ์,ตำบลสระกรวด
1938,2566,ศรีเทพ,ไร่มีสุข,เลขที่ 124 หมู่ 7 ตำบลประดู่งาม อำเภอศรีเทพ เพชรบูรณ์ 67170,สำนักงานเกษตรจังหวัดเพชรบูรณ์,ประดู่งาม
1939,2566,ศรีเทพ,อัญมณีศรีเทพ,เลขที่ 52 หมู่ 3 ตำบลประดู่งาม อำเภอศรีเทพ เพชรบูรณ์ 67170,สำนักงานเกษตรจังหวัดเพชรบูรณ์,ประดู่งาม
1940,2566,ศรีเทพ,พิทักษ์สมุนไพร,เลขที่ 105 หมู่ 3 ตำบลโคกสะอาด อำเภอศรีเทพ เพชรบูรณ์ 67170,สำนักงานเกษตรจังหวัดเพชรบูรณ์,โคกสะอาด
1941,2566,ศรีเทพ,กลุ่มเลี้ยงไส้เดือนบ้านเนินละคร,เลขที่ 21/1 หมู่ 12 ตำบลนาสนุ่น อำเภอศรีเทพ เพชรบูรณ์ 67170,สำนักงานเกษตรจังหวัดเพชรบูรณ์,นาสนุ่น
1942,2566,ศรีเทพ,พืชมรดกสมุนไพรบ้านโนน,เลขที่ 94 หมู่ 1 ตำบลสระกรวด อำเภอศรีเทพ เพชรบูรณ์ 67170,สำนักงานเกษตรจังหวัดเพชรบูรณ์,สระกรวด
1943,2566,ศรีเทพ,ท่องเที่ยวเชิงเกษตรวิถีชาวฟาร์ม,เลขที่ 84 หมู่ 11 ตำบลสระกรวด อำเภอศรีเทพ เพชรบูรณ์ 67170,สำนักงานเกษตรจังหวัดเพชรบูรณ์,สระกรวด
1944,2566,ศรีเทพ,บ้านถ่านโคกสะอาด21,เลขที่ 88 หมู่ 6 ตำบลโคกสะอาด อำเภอศรีเทพ เพชรบูรณ์ 67170,สำนักงานเกษตรจังหวัดเพชรบูรณ์,โคกสะอาด
1945,2566,ศรีเทพ,กลุ่มเกษตรวิถีใหม่ผสมผสาน ต.หนองย่างทอย,เลขที่ 46 หมู่ 12 ตำบลหนองย่างทอย อำเภอศรีเทพ เพชรบูรณ์ 67170,สำนักงานเกษตรจังหวัดเพชรบูรณ์,หนองย่างทอย
1946,2566,ศรีเทพ,กลุ่มส่งเสริมอาชีพแม่บ้าน หมู่ 15,เลขที่ 406/6 หมู่ 15 ตำบลสระกรวด อำเภอศรีเทพ เพชรบูรณ์ 67170,สำนักงานเกษตรจังหวัดเพชรบูรณ์,สระกรวด
1947,2566,ศรีเทพ,แปลงใหญ่ข้าวกลุ่มเกษตรกรทำนานาสนุ่น,เลขที่ 99/9 หมู่ 7 ตำบลนาสนุ่น อำเภอศรีเทพ เพชรบูรณ์ 67170,สำนักงานเกษตรจังหวัดเพชรบูรณ์,นาสนุ่น
1948,2566,ศรีเทพ,ธงทอง เศรษฐกิจพอเพียงด้านพลังงานทดแทน,เลขที่ 12/1 หมู่ 5 ตำบลประดู่งาม อำเภอศรีเทพ เพชรบูรณ์ 67170,สำนักงานเกษตรจังหวัดเพชรบูรณ์,ประดู่งาม
1949,2566,ศรีเทพ,ผู้เลี้ยงโคขุนบ้านนาสนุ่น,เลขที่ 36 หมู่ 3 ตำบลนาสนุ่น อำเภอศรีเทพ เพชรบูรณ์ 67170,สำนักงานเกษตรจังหวัดเพชรบูรณ์,นาสนุ่น
1950,2566,ศรีเทพ,แปรรูปปลาบ้านวังขอน ต.คลองกระจัง อ.ศรีเทพ,เลขที่ 12 หมู่ 18 ตำบลคลองกระจัง อำเภอศรีเทพ เพชรบูรณ์ 67170,สำนักงานเกษตรจังหวัดเพชรบูรณ์,คลองกระจัง
1951,2566,ศรีเทพ,กลุ่มผลิตและแปรรูป อ้อยคั้นน้ำ ศรีเทพ,เลขที่ 339 หมู่ 2 ตำบลศรีเทพ อำเภอศรีเทพ เพชรบูรณ์ 67010,สำนักงานเกษตรจังหวัดเพชรบูรณ์,ศรีเทพ
1952,2566,ศรีเทพ,ศรีเทพออร์แกนิค,เลขที่ 14/1 หมู่ 5 ตำบลประดู่งาม อำเภอศรีเทพ เพชรบูรณ์ 67170,สำนักงานเกษตรจังหวัดเพชรบูรณ์,ประดู่งาม
1953,2566,ศรีเทพ,ผู้ปลูกข้าว ม.5 ต.นาสนุ่น อ.ศรีเทพ,เลขที่ 210 หมู่ 5 ตำบลนาสนุ่น อำเภอศรีเทพ เพชรบูรณ์ 67170,สำนักงานเกษตรจังหวัดเพชรบูรณ์,นาสนุ่น
1954,2566,ศรีเทพ,กลุ่มเลี้ยงแพะบ้านด่านเจริญชัย,เลขที่ 119 หมู่ 9 ตำบลหนองย่างทอย อำเภอศรีเทพ เพชรบูรณ์ 67170,สำนักงานเกษตรจังหวัดเพชรบูรณ์,หนองย่างทอย
1955,2566,ศรีเทพ,กลุ่มเลี้ยงแพะแกะบ้านคลองดู่,เลขที่ 43 หมู่ 11 ตำบลคลองกระจัง อำเภอศรีเทพ เพชรบูรณ์ 67170,สำนักงานเกษตรจังหวัดเพชรบูรณ์,คลองกระจัง
1956,2566,ศรีเทพ,กลุ่มปลาตะเพียนขาว,เลขที่ 41 หมู่ 20 ตำบลนาสนุ่น อำเภอศรีเทพ เพชรบูรณ์ 67170,สำนักงานเกษตรจังหวัดเพชรบูรณ์,นาสนุ่น
1957,2566,ศรีเทพ,ปลูกพืชผักปลอดภัย (ซับเพิก),เลขที่ 16 หมู่ 6 ตำบลหนองย่างทอย อำเภอศรีเทพ เพชรบูรณ์ 67170,สำนักงานเกษตรจังหวัดเพชรบูรณ์,หนองย่างทอย
1958,2566,ศรีเทพ,หม่อนไหมพัฒนา,เลขที่ 6 หมู่ 13 ถนนสระบุรี-หล่มสัก ตำบลคลองกระจัง อำเภอศรีเทพ เพชรบูรณ์ 67170,สำนักงานเกษตรจังหวัดเพชรบูรณ์,คลองกระจัง
1959,2566,ศรีเทพ,เลี้ยงโคเนื้อบ้านนาสวรรค์ ม.12,เลขที่ 78 หมู่ 12 ตำบลคลองกระจัง อำเภอศรีเทพ เพชรบูรณ์ 67170,สำนักงานเกษตรจังหวัดเพชรบูรณ์,คลองกระจัง
1960,2566,ศรีเทพ,เลี้ยงแพะสะอาดดูงาม,เลขที่ 30 หมู่ 10 ตำบลโคกสะอาด อำเภอศรีเทพ เพชรบูรณ์ 67170,สำนักงานเกษตรจังหวัดเพชรบูรณ์,โคกสะอาด
1961,2566,ศรีเทพ,ผลิตและแปรรูปปลาดุก ม.6 บ้านบึงนาจาน,เลขที่ 333 หมู่ 6 ตำบลศรีเทพ อำเภอศรีเทพ เพชรบูรณ์ 67170,สำนักงานเกษตรจังหวัดเพชรบูรณ์,ศรีเทพ
1962,2566,ศรีเทพ,กลุ่มเลี้ยงแพะแกะเนินละคร,เลขที่ 121 หมู่ 12 ตำบลนาสนุ่น อำเภอศรีเทพ เพชรบูรณ์ 67170,สำนักงานเกษตรจังหวัดเพชรบูรณ์,นาสนุ่น
1963,2566,ศรีเทพ,กลุ่มโคเนื้อบ้านเนินหินอ่อน,เลขที่ 40 หมู่ 16 ตำบลสระกรวด อำเภอศรีเทพ เพชรบูรณ์ 67170,สำนักงานเกษตรจังหวัดเพชรบูรณ์,สระกรวด
1964,2566,ศรีเทพ,กลุ่มปลูกหม่อนเลี้ยงใหม,เลขที่ 6 หมู่ 13 ตำบลคลองกระจัง อำเภอศรีเทพ เพชรบูรณ์ 67170,สำนักงานเกษตรจังหวัดเพชรบูรณ์,คลองกระจัง
1965,2566,ศรีเทพ,กลุ่มกล้วยแปรรูปประดู่งาม,เลขที่ 12 หมู่ 5 ตำบลประดู่งาม อำเภอศรีเทพ เพชรบูรณ์ 67170,สำนักงานเกษตรจังหวัดเพชรบูรณ์,ประดู่งาม
1966,2566,ศรีเทพ,กลุ่มทอผ้าบ้านเนินละคร หมู่12,เลขที่ 9 หมู่ 12 ตำบลนาสนุ่น อำเภอศรีเทพ เพชรบูรณ์ 67170,สำนักงานเกษตรจังหวัดเพชรบูรณ์,นาสนุ่น
1967,2566,ศรีเทพ,กลุ่มพัฒนาอาชีพสตรีกล้วยน้ำว้านาสนุ่น หมู่1,เลขที่ 95 หมู่ 1 ตำบลนาสนุ่น อำเภอศรีเทพ เพชรบูรณ์ 67170,สำนักงานเกษตรจังหวัดเพชรบูรณ์,นาสนุ่น
1968,2566,ศรีเทพ,ราชินีหวาน บ้านรักไทย,เลขที่ 17/1 หมู่ 12 ตำบลศรีเทพ อำเภอศรีเทพ เพชรบูรณ์ 67170,สำนักงานเกษตรจังหวัดเพชรบูรณ์,ศรีเทพ
1969,2566,ศรีเทพ,ผู้เลี้ยงแพะ-แกะตำบลนาสนุ่น,เลขที่ 138 หมู่ 12 ตำบลนาสนุ่น อำเภอศรีเทพ เพชรบูรณ์ 67170,สำนักงานเกษตรจังหวัดเพชรบูรณ์,นาสนุ่น
1970,2566,ศรีเทพ,กลุ่มผู้เลี้ยงแพะและแกะตำบลหนองย่างทอย,เลขที่ 147 หมู่ 3 ตำบลหนองย่างทอย อำเภอศรีเทพ เพชรบูรณ์ 67170,สำนักงานเกษตรจังหวัดเพชรบูรณ์,หนองย่างทอย
1971,2566,ศรีเทพ,กลุ่มออมทรัพย์เพื่อการผลิตหมู่15,เลขที่ 297 หมู่ 15 ตำบลสระกรวด อำเภอศรีเทพ เพชรบูรณ์ 67170,สำนักงานเกษตรจังหวัดเพชรบูรณ์,สระกรวด
1972,2566,ศรีเทพ,กลุ่มสิบเอ็ดอุตสาหกรรมเครื่องนอนชุมชน,เลขที่ 205/4 หมู่ 2 ถนนสระบุรี-หล่มสัก ตำบลสระกรวด อำเภอศรีเทพ เพชรบูรณ์ 67170,สำนักงานเกษตรจังหวัดเพชรบูรณ์,สระกรวด
1973,2566,ศรีเทพ,กลุ่มเครื่องนอนสว่างวัฒนา,เลขที่ 205 หมู่ 2 ตำบลสระกรวด อำเภอศรีเทพ เพชรบูรณ์ 67170,สำนักงานเกษตรจังหวัดเพชรบูรณ์,สระกรวด
1974,2566,ศรีเทพ,กลุ่มโคขุน ท.253,เลขที่ 245 หมู่ 10 ตำบลคลองกระจัง อำเภอศรีเทพ เพชรบูรณ์ 67170,สำนักงานเกษตรจังหวัดเพชรบูรณ์,คลองกระจัง
1975,2566,ศรีเทพ,ธูปหอมมงคลเศรษฐี,เลขที่ 222 หมู่ 18 ถนนสระบุรี-หล่มสัก ตำบลนาสนุ่น อำเภอศรีเทพ เพชรบูรณ์ 67170,สำนักงานเกษตรจังหวัดเพชรบูรณ์,นาสนุ่น
1976,2566,ศรีเทพ,เกษตรและเลี้ยงสัตว์,เลขที่ 41 หมู่ 20 ตำบลนาสนุ่น อำเภอศรีเทพ เพชรบูรณ์ 67170,สำนักงานเกษตรจังหวัดเพชรบูรณ์,นาสนุ่น
1977,2566,ศรีเทพ,ศิลปงานไม้ประดิษฐ์,เลขที่ 46/2 หมู่ 2 ตำบลศรีเทพ อำเภอศรีเทพ เพชรบูรณ์ 67170,สำนักงานเกษตรจังหวัดเพชรบูรณ์,ศรีเทพ
1978,2566,ศรีเทพ,ศิลปะเครื่องนอนเมืองศรีเทพ,เลขที่ 52 หมู่ 1 ตำบลศรีเทพ อำเภอศรีเทพ เพชรบูรณ์ 67170,สำนักงานเกษตรจังหวัดเพชรบูรณ์,ศรีเทพ
1979,2566,ศรีเทพ,ทอผ้าบ้านวังขอนพัฒนา,เลขที่ 58 หมู่ 17 ตำบลคลองกระจัง อำเภอศรีเทพ เพชรบูรณ์ 67170,สำนักงานเกษตรจังหวัดเพชรบูรณ์,คลองกระจัง
1980,2566,ศรีเทพ,แปรรูปอาหารปลอดสารพิษ,เลขที่ 7 หมู่ 5 ถนนสระบุรี-หล่มสัก ตำบลโคกสะอาด อำเภอศรีเทพ เพชรบูรณ์ 67170,สำนักงานเกษตรจังหวัดเพชรบูรณ์,โคกสะอาด
1981,2567,เมืองเพชรบูรณ์,วิสาหกิจชุมชนสุกรบ้านสวน,เลขที่ 380/5 ตำบลในเมือง อำเภอเมืองเพชรบูรณ์ เพชรบูรณ์ 67000,สำนักงานเกษตรจังหวัดเพชรบูรณ์,ในเมือง
1982,2567,เมืองเพชรบูรณ์,วิสาหกิจชุมชนกลุ่มสมุนไพรพื้นบ้านภูมิปัญญาหมอแต่ง,เลขที่ 32 ถนนประชาพัฒนา ตำบลในเมือง อำเภอเมืองเพชรบูรณ์ เพชรบูรณ์ 67000,สำนักงานเกษตรจังหวัดเพชรบูรณ์,ในเมือง
1983,2567,เมืองเพชรบูรณ์,วิสาหกิจชุมชนฟาร์มฮักตัวบ้านในเมืองเพชรบูรณ์,เลขที่ 4 ตำบลในเมือง อำเภอเมืองเพชรบูรณ์ เพชรบูรณ์ 67000,สำนักงานเกษตรจังหวัดเพชรบูรณ์,ในเมือง
1984,2567,เมืองเพชรบูรณ์,วิสาหกิจชุมชนกลุ่มเลี้ยงโคบ้านห้วยไคร้สามัคคี,เลขที่ 152 หมู่ 5 ตำบลตะเบาะ อำเภอเมืองเพชรบูรณ์ เพชรบูรณ์ 67000,สำนักงานเกษตรจังหวัดเพชรบูรณ์,ตะเบาะ 
1985,2567,เมืองเพชรบูรณ์,วิสาหกิจชุมชนกลุ่มเลี้ยงโคเนื้อมิตรใหม่พัฒนา,เลขที่ 154 หมู่ 9 ตำบลตะเบาะ อำเภอเมืองเพชรบูรณ์ เพชรบูรณ์ 67000,สำนักงานเกษตรจังหวัดเพชรบูรณ์,ตะเบาะ 
1986,2567,เมืองเพชรบูรณ์,วิสาหกิจชุมชนกลุ่มส่งเสริมอาชีพแปรรูปมะขามหวานบ้านโนนเสาธง,เลขที่ 202 หมู่ 6 ตำบลตะเบาะ อำเภอเมืองเพชรบูรณ์ เพชรบูรณ์ 67000,สำนักงานเกษตรจังหวัดเพชรบูรณ์,ตะเบาะ 
1987,2567,เมืองเพชรบูรณ์,วิสาหกิจชุมชนเกษตรปลอดภัยตำบลตะเบาะ,เลขที่ 134/2 หมู่ 10 ตำบลตะเบาะ อำเภอเมืองเพชรบูรณ์ เพชรบูรณ์ 67000,สำนักงานเกษตรจังหวัดเพชรบูรณ์,ตะเบาะ 
1988,2567,เมืองเพชรบูรณ์,วิสาหกิจชุมชนฅนตะเบาะ,เลขที่ 235 หมู่ 3 ตำบลตะเบาะ อำเภอเมืองเพชรบูรณ์ เพชรบูรณ์ 67000,สำนักงานเกษตรจังหวัดเพชรบูรณ์,ตะเบาะ 
1989,2567,เมืองเพชรบูรณ์,วิสาหกิจชุมชนกลุ่มปลูกผักบ้านทุ่งแค,เลขที่ 149/1 หมู่ 6 ตำบลบ้านโตก อำเภอเมืองเพชรบูรณ์ เพชรบูรณ์ 67000,สำนักงานเกษตรจังหวัดเพชรบูรณ์,บ้านโตก
1990,2567,เมืองเพชรบูรณ์,วิสาหกิจชุมชนผู้ปลูกหอมแดงบ้านทุ่งแค,เลขที่ 29/4 หมู่ 6 ตำบลบ้านโตก อำเภอเมืองเพชรบูรณ์ เพชรบูรณ์ 67000,สำนักงานเกษตรจังหวัดเพชรบูรณ์,บ้านโตก
1991,2567,เมืองเพชรบูรณ์,วิสาหกิจชุมชนกลุ่มออมทรัพย์เพื่อการเกษตร ม.9 ต.บ้านโตก,เลขที่ 92/1 หมู่ 9 ตำบลบ้านโตก อำเภอเมืองเพชรบูรณ์ เพชรบูรณ์ 67000,สำนักงานเกษตรจังหวัดเพชรบูรณ์,บ้านโตก
1992,2567,เมืองเพชรบูรณ์,วิสาหกิจชุมชนกลุ่มเกษตรอินทรีย์วิถีพอเพียง 459 แปรรูปผลผลิตอีโดกวังจาน,เลขที่ 75 หมู่ 9 ตำบลบ้านโตก อำเภอเมืองเพชรบูรณ์ เพชรบูรณ์ 67000,สำนักงานเกษตรจังหวัดเพชรบูรณ์,บ้านโตก
1993,2567,เมืองเพชรบูรณ์,วิสาหกิจชุมชนแปลงใหญ่ข้าวบ้านวังจาน,เลขที่ 14/3 หมู่ 6 ตำบลบ้านโตก อำเภอเมืองเพชรบูรณ์ เพชรบูรณ์ 67000,สำนักงานเกษตรจังหวัดเพชรบูรณ์,บ้านโตก
1994,2567,เมืองเพชรบูรณ์,วิสาหกิจชุมชนเอ็นพีรักษ์โลก,เลขที่ 40 หมู่ 8 ตำบลบ้านโตก อำเภอเมืองเพชรบูรณ์ เพชรบูรณ์ 67000,สำนักงานเกษตรจังหวัดเพชรบูรณ์,บ้านโตก
1995,2567,เมืองเพชรบูรณ์,วิสาหกิจชุมชนปลูกพืชเศรษฐกิจแปรรูปสมุนไพรแพทย์แผนไทย,เลขที่ 82 หมู่ 11 ตำบลสะเดียง อำเภอเมืองเพชรบูรณ์ เพชรบูรณ์ 67000,สำนักงานเกษตรจังหวัดเพชรบูรณ์,สะเดียง
1996,2567,เมืองเพชรบูรณ์,วิสาหกิจชุมชนศูนย์ผลิตเมล็ดพันธุ์กลุ่ม 2 หมู่ 4 บ้านป่าแดง,เลขที่ 73 หมู่ 4 ตำบลป่าเลา อำเภอเมืองเพชรบูรณ์ เพชรบูรณ์ 67000,สำนักงานเกษตรจังหวัดเพชรบูรณ์,ป่าเลา
1997,2567,เมืองเพชรบูรณ์,วิสาหกิจชุมชนกลุ่มผู้เลี้ยงหมูร่วมใจบ้านพลำ หมู่ 6,เลขที่ 93/2 หมู่ 6 ตำบลป่าเลา อำเภอเมืองเพชรบูรณ์ เพชรบูรณ์ 67000,สำนักงานเกษตรจังหวัดเพชรบูรณ์,ป่าเลา
1998,2567,เมืองเพชรบูรณ์,วิสาหกิจชุมชนแปรรูปผลผลิตการเกษตรตำบลป่าเลาเมืองเพชรบูรณ์,เลขที่ 23/7 หมู่ 2 ตำบลป่าเลา อำเภอเมืองเพชรบูรณ์ เพชรบูรณ์ 67000,สำนักงานเกษตรจังหวัดเพชรบูรณ์,ป่าเลา
1999,2567,เมืองเพชรบูรณ์,วิสาหกิจชุมชนเกษตรอินทรีย์บ้านพลำตำบลป่าเลา,เลขที่ 225 หมู่ 9 ตำบลป่าเลา อำเภอเมืองเพชรบูรณ์ เพชรบูรณ์ 67000,สำนักงานเกษตรจังหวัดเพชรบูรณ์,ป่าเลา
2000,2567,เมืองเพชรบูรณ์,วิสาหกิจชุมชนพัฒนาอาชีพผู้เกษียณอายุป่าเลา,เลขที่ 318 หมู่ 1 ตำบลนางั่ว อำเภอเมืองเพชรบูรณ์ เพชรบูรณ์ 67000,สำนักงานเกษตรจังหวัดเพชรบูรณ์,ป่าเลา
2001,2567,เมืองเพชรบูรณ์,วิสาหกิจชุมชนสมุนไพรบ้านป่าเลา,เลขที่ 135 หมู่ 1 ตำบลป่าเลา อำเภอเมืองเพชรบูรณ์ เพชรบูรณ์ 67000,สำนักงานเกษตรจังหวัดเพชรบูรณ์,ป่าเลา
2002,2567,เมืองเพชรบูรณ์,เครือข่ายวิสาหกิจชุมชนตลาดเกษตรกรจังหวัดเพชรบูรณ์,เลขที่ 225 ตำบลป่าเลา อำเภอเมืองเพชรบูรณ์ เพชรบูรณ์ 67000,สำนักงานเกษตรจังหวัดเพชรบูรณ์,ป่าเลา
2003,2567,เมืองเพชรบูรณ์,วิสาหกิจชุมชนกลุ่มป้ายไม้มงคล,เลขที่ 34 หมู่ 3 ตำบลนางั่ว อำเภอเมืองเพชรบูรณ์ เพชรบูรณ์ 67000,สำนักงานเกษตรจังหวัดเพชรบูรณ์,นางั่ว
2004,2567,เมืองเพชรบูรณ์,วิสาหกิจชุมชนกลุ่มเกษตรอินทรีย์พระใหญ่,เลขที่ 14/1 หมู่ 10 ตำบลนางั่ว อำเภอเมืองเพชรบูรณ์ เพชรบูรณ์ 67000,สำนักงานเกษตรจังหวัดเพชรบูรณ์,นางั่ว
2005,2567,เมืองเพชรบูรณ์,วิสาหกิจชุมชนเกษตรผสมผสานและการแปรรูปสมุนไพรเชิงพาณิชย์,เลขที่ 282 หมู่ 7 ตำบลนางั่ว อำเภอเมืองเพชรบูรณ์ เพชรบูรณ์ 67000,สำนักงานเกษตรจังหวัดเพชรบูรณ์,นางั่ว
2006,2567,เมืองเพชรบูรณ์,วิสาหกิจชุมชนตลาดเกษตรกรมีสุขปากปู่,เลขที่ 62/1 หมู่ 8 ตำบลนางั่ว อำเภอเมืองเพชรบูรณ์ เพชรบูรณ์ 67000,สำนักงานเกษตรจังหวัดเพชรบูรณ์,นางั่ว
2007,2567,เมืองเพชรบูรณ์,วิสาหกิจชุมชนกลุ่มโกโก้นางั่ว,เลขที่ 38/1 หมู่ 9 ตำบลนางั่ว อำเภอเมืองเพชรบูรณ์ เพชรบูรณ์ 67000,สำนักงานเกษตรจังหวัดเพชรบูรณ์,นางั่ว
2008,2567,เมืองเพชรบูรณ์,วิสาหกิจชุมชนเกษตรพอเพียงบ้านนาสามัคคี,เลขที่ 359 หมู่ 6 ตำบลนางั่ว อำเภอเมืองเพชรบูรณ์ เพชรบูรณ์ 67000,สำนักงานเกษตรจังหวัดเพชรบูรณ์,นางั่ว
2009,2567,เมืองเพชรบูรณ์,วิสาหกิจชุมชนกลุ่มเกษตรกรกสิกรรมธรรมชาติท่าพล,เลขที่ 19 หมู่ 13 ตำบลท่าพล อำเภอเมืองเพชรบูรณ์ เพชรบูรณ์ 67250,สำนักงานเกษตรจังหวัดเพชรบูรณ์,ท่าพล
2010,2567,เมืองเพชรบูรณ์,วิสาหกิจชุมชนวังซองร่วมใจรักษ์,เลขที่ 218 หมู่ 9 ตำบลท่าพล อำเภอเมืองเพชรบูรณ์ เพชรบูรณ์ 67250,สำนักงานเกษตรจังหวัดเพชรบูรณ์,ท่าพล
2011,2567,เมืองเพชรบูรณ์,วิสาหกิจชุมชนผู้เลี้ยงผึ้งตำบลท่าพล,เลขที่ 327 หมู่ 1 ตำบลท่าพล อำเภอเมืองเพชรบูรณ์ เพชรบูรณ์ 67250,สำนักงานเกษตรจังหวัดเพชรบูรณ์,ท่าพล
2012,2567,เมืองเพชรบูรณ์,วิสาหกิจชุมชนกลุ่มปลูกผัก หมู่ 6 บ้านท่ากกตาล,เลขที่ 116/3 หมู่ 6 ตำบลดงมูลเหล็ก อำเภอเมืองเพชรบูรณ์ เพชรบูรณ์ 67000,สำนักงานเกษตรจังหวัดเพชรบูรณ์,ดงมูลเหล็ก
2013,2567,เมืองเพชรบูรณ์,วิสาหกิจชุมชนกลุ่มปลูกหอมแดงบ้านท่ากกตาล,เลขที่ 116/3 หมู่ 6 ตำบลดงมูลเหล็ก อำเภอเมืองเพชรบูรณ์ เพชรบูรณ์ 67000,สำนักงานเกษตรจังหวัดเพชรบูรณ์,ดงมูลเหล็ก
2014,2567,เมืองเพชรบูรณ์,วิสาหกิจชุมชนว่านสมุนไพรคำกา,เลขที่ 25 หมู่ 9 ตำบลดงมูลเหล็ก อำเภอเมืองเพชรบูรณ์ เพชรบูรณ์ 67000,สำนักงานเกษตรจังหวัดเพชรบูรณ์,ดงมูลเหล็ก
2015,2567,เมืองเพชรบูรณ์,วิสาหกิจชุมชนส่งเสริมการเกษตรครบวงจรจังหวัดเพชรบูรณ์,เลขที่ 127/1 หมู่ที่ 6 ตำบลดงมูลเหล็ก อำเภอเมืองเพชรบูรณ์ เพชรบูรณ์ 67000,สำนักงานเกษตรจังหวัดเพชรบูรณ์,ดงมูลเหล็ก
2016,2567,เมืองเพชรบูรณ์,วิสาหกิจชุมชนส่งเสริมอาชีพผลิตน้ำพริกเผาปรุงสำเร็จบ้านโคก,เลขที่ 63/1 หมู่ 1 ตำบลบ้านโคก อำเภอเมืองเพชรบูรณ์ เพชรบูรณ์ 67000,สำนักงานเกษตรจังหวัดเพชรบูรณ์,บ้านโคก
2017,2567,เมืองเพชรบูรณ์,วิสาหกิจชุมชนกลุ่มแปรรูปผลิตภัณฑ์ทางการเกษตร หมู่ 3  ต. บ้านโคก,เลขที่ 86 หมู่ 3 ตำบลบ้านโคก อำเภอเมืองเพชรบูรณ์ เพชรบูรณ์ 67000,สำนักงานเกษตรจังหวัดเพชรบูรณ์,บ้านโคก
2018,2567,เมืองเพชรบูรณ์,วิสาหกิจชุมชนอินโนเวทีฟ สวิส อะกริคัลเจอร์ เพชรบูรณ์,เลขที่ 9/2 หมู่ 5 ตำบลสะเดียง อำเภอเมืองเพชรบูรณ์ เพชรบูรณ์ 67000,สำนักงานเกษตรจังหวัดเพชรบูรณ์,สะเดียง
2019,2567,เมืองเพชรบูรณ์,วิสาหกิจชุมชนเลี้ยงโคเนื้อบ้านโคก,เลขที่ 75 หมู่ 13 ตำบลบ้านโคก อำเภอเมืองเพชรบูรณ์ เพชรบูรณ์ 67000,สำนักงานเกษตรจังหวัดเพชรบูรณ์,บ้านโคก
2020,2567,เมืองเพชรบูรณ์,วิสาหกิจชุมชนสมุนไพรเพื่อสุขภาพบ้านเฮา,เลขที่ 146 หมู่ 17 ตำบลบ้านโคก อำเภอเมืองเพชรบูรณ์ เพชรบูรณ์ 67000,สำนักงานเกษตรจังหวัดเพชรบูรณ์,บ้านโคก
2021,2567,เมืองเพชรบูรณ์,วิสาหกิจชุมชนขยายกิ่งพันธุ์มะขามบ้านโป่งตาโป้,เลขที่ 44 หมู่ 15 ตำบลบ้านโคก อำเภอเมืองเพชรบูรณ์ เพชรบูรณ์ 67000,สำนักงานเกษตรจังหวัดเพชรบูรณ์,บ้านโคก
2022,2567,เมืองเพชรบูรณ์,วิสาหกิจชุมชนสร้างอาชีพบ้านโคก-ห้วยใหญ่,เลขที่ 273 หมู่ที่ 12 ตำบลบ้านโคก อำเภอเมืองเพชรบูรณ์ เพชรบูรณ์ 67000,สำนักงานเกษตรจังหวัดเพชรบูรณ์,บ้านโคก
2023,2567,เมืองเพชรบูรณ์,วิสาหกิจชุมชนฅนหัวเห็ด เพ็ด-ซะ-บูน,เลขที่ 92/1 หมู่ 11 ตำบลบ้านโคก อำเภอเมืองเพชรบูรณ์ เพชรบูรณ์ 67000,สำนักงานเกษตรจังหวัดเพชรบูรณ์,บ้านโคก
2024,2567,เมืองเพชรบูรณ์,วิสาหกิจชุมชนผลิตข้าวปลอดสารพิษตำบลชอนไพร,เลขที่ 209 หมู่ 3 ตำบลชอนไพร อำเภอเมืองเพชรบูรณ์ เพชรบูรณ์ 67000,สำนักงานเกษตรจังหวัดเพชรบูรณ์,ชอนไพร
2025,2567,เมืองเพชรบูรณ์,วิสาหกิจชุมชนศูนย์ผลิตเมล็ดพันธุ์พืชตำบลนาป่า,เลขที่ 64 หมู่ 7 ตำบลนาป่า อำเภอเมืองเพชรบูรณ์ เพชรบูรณ์ 67000,สำนักงานเกษตรจังหวัดเพชรบูรณ์,นาป่า
2026,2567,เมืองเพชรบูรณ์,วิสาหกิจชุมชนธนาคารหมู่บ้านตามแนวพระราชดำริ หมู่ 15 ต.นาป่า,เลขที่ 9 หมู่ 15 ตำบลนาป่า อำเภอเมืองเพชรบูรณ์ เพชรบูรณ์ 67000,สำนักงานเกษตรจังหวัดเพชรบูรณ์,นาป่า
2027,2567,เมืองเพชรบูรณ์,วิสาหกิจชุมชนกลุ่มแม่บ้านแปรรูปหมูฝอยบ้านนาป่า หมู่ที่ 1 ต.นาป่า,เลขที่ 95 หมู่ 1 ตำบลนาป่า อำเภอเมืองเพชรบูรณ์ เพชรบูรณ์ 67000,สำนักงานเกษตรจังหวัดเพชรบูรณ์,นาป่า
2028,2567,เมืองเพชรบูรณ์,วิสาหกิจชุมชนสวนรัมณีย์เกษตรอินทรีย์สร้างอาชีพเพชรบูรณ์,เลขที่ 201/1 หมู่ 16 ตำบลนาป่า อำเภอเมืองเพชรบูรณ์ เพชรบูรณ์ 67000,สำนักงานเกษตรจังหวัดเพชรบูรณ์,นาป่า
2029,2567,เมืองเพชรบูรณ์,เครือข่ายวิสาหกิจชุมชนกรีนไดมอนด์เพชรบูรณ์,เลขที่ 156 หมู่ 15 ตำบลนาป่า อำเภอเมืองเพชรบูรณ์ เพชรบูรณ์ 67000,สำนักงานเกษตรจังหวัดเพชรบูรณ์,นาป่า
2030,2567,เมืองเพชรบูรณ์,วิสาหกิจชุมชนกลุ่มผู้ปลูกข้าวหอมมะลิหนองผักบุ้งพัฒนา,เลขที่ 49 หมู่ 1 ตำบลนายม อำเภอเมืองเพชรบูรณ์ เพชรบูรณ์ 67210,สำนักงานเกษตรจังหวัดเพชรบูรณ์,นายม
2031,2567,เมืองเพชรบูรณ์,วิสาหกิจชุมชนกลุ่มแปรรูปผลผลิตทางการเกษตร หมู่ 12 บ้านผาแดง,เลขที่ 206 หมู่ 12 ตำบลนายม อำเภอเมืองเพชรบูรณ์ เพชรบูรณ์ 67210,สำนักงานเกษตรจังหวัดเพชรบูรณ์,นายม
2032,2567,เมืองเพชรบูรณ์,วิสาหกิจชุมชนผู้เลี้ยงโคขุนวากิวเพชรบูรณ์,เลขที่ 77 หมู่ 12 ตำบลนายม อำเภอเมืองเพชรบูรณ์ เพชรบูรณ์ 67210,สำนักงานเกษตรจังหวัดเพชรบูรณ์,นายม
2033,2567,เมืองเพชรบูรณ์,วิสาหกิจชุมชนพืชพลังงานพาไทยก้าวไกล,เลขที่ 95/1 หมู่ 14 ตำบลนายม อำเภอเมืองเพชรบูรณ์ เพชรบูรณ์ 67210,สำนักงานเกษตรจังหวัดเพชรบูรณ์,นายม
2034,2567,เมืองเพชรบูรณ์,วิสาหกิจชุมชนข้าวเกรียบสมุนไพรหมู่ 5 วังชมภู,เลขที่ 173 หมู่ 5 ตำบลวังชมภู อำเภอเมืองเพชรบูรณ์ เพชรบูรณ์ 67120,สำนักงานเกษตรจังหวัดเพชรบูรณ์,วังชมภู
2035,2567,เมืองเพชรบูรณ์,วิสาหกิจชุมชนกลุ่มกล้วยทิพย์บ้านวังทอง หมู่ 4,เลขที่ 59 หมู่ 4 ตำบลวังชมภู อำเภอเมืองเพชรบูรณ์ เพชรบูรณ์ 67120,สำนักงานเกษตรจังหวัดเพชรบูรณ์,วังชมภู
2036,2567,เมืองเพชรบูรณ์,วิสาหกิจชุมชนกลุ่มแปรรูปผลไม้บ้านยาวี,เลขที่ 258 หมู่ 1 ตำบลวังชมภู อำเภอเมืองเพชรบูรณ์ เพชรบูรณ์ 67210,สำนักงานเกษตรจังหวัดเพชรบูรณ์,วังชมภู
2037,2567,เมืองเพชรบูรณ์,วิสาหกิจชุมชนกลุ่มมะขามหวานแปรรูปบ้านยาวี,เลขที่ 120/1 หมู่ 1 ตำบลวังชมภู อำเภอเมืองเพชรบูรณ์ เพชรบูรณ์ 67210,สำนักงานเกษตรจังหวัดเพชรบูรณ์,วังชมภู
2038,2567,เมืองเพชรบูรณ์,วิสาหกิจชุมชนกลุ่มมะขามหวานแปรรูปบุญคง 48,เลขที่ 145/1 หมู่ 1 ตำบลวังชมภู อำเภอเมืองเพชรบูรณ์ เพชรบูรณ์ 67210,สำนักงานเกษตรจังหวัดเพชรบูรณ์,วังชมภู
2039,2567,เมืองเพชรบูรณ์,วิสาหกิจชุมชนโคขุนตำบลวังชมภู,เลขที่ 88 หมู่ 2 ตำบลวังชมภู อำเภอเมืองเพชรบูรณ์ เพชรบูรณ์ 67210,สำนักงานเกษตรจังหวัดเพชรบูรณ์,วังชมภู
2040,2567,เมืองเพชรบูรณ์,วิสาหกิจชุมชนพญาแพะเพชรบูรณ์,เลขที่ 363 หมู่ 1 ตำบลวังชมภู อำเภอเมืองเพชรบูรณ์ เพชรบูรณ์ 67210,สำนักงานเกษตรจังหวัดเพชรบูรณ์,วังชมภู
2041,2567,เมืองเพชรบูรณ์,วิสาหกิจชุมชนกลุ่มไส้เมี่ยงสมุนไพร,เลขที่ 246 หมู่ 1 ตำบลวังชมภู อำเภอเมืองเพชรบูรณ์ เพชรบูรณ์ 67210,สำนักงานเกษตรจังหวัดเพชรบูรณ์,วังชมภู
2042,2567,เมืองเพชรบูรณ์,วิสาหกิจชุมชนกลุ่มเลี้ยงวัวพันธุ์เนื้อบ้านน้อย ต. น้ำร้อน,เลขที่ 187 หมู่ 10 ตำบลน้ำร้อน อำเภอเมืองเพชรบูรณ์ เพชรบูรณ์ 67000,สำนักงานเกษตรจังหวัดเพชรบูรณ์,น้ำร้อน
2043,2567,เมืองเพชรบูรณ์,วิสาหกิจชุมชนกลุ่มเลี้ยงวัวพันธุ์เนื้อร่วมใจ ธ.ก.ส. บ้านบุฉนวน,เลขที่ 135/1 หมู่ 1 ตำบลน้ำร้อน อำเภอเมืองเพชรบูรณ์ เพชรบูรณ์ 67000,สำนักงานเกษตรจังหวัดเพชรบูรณ์,น้ำร้อน
2044,2567,เมืองเพชรบูรณ์,วิสาหกิจชุมชนกลุ่มปลูกข้าวโพดบ้านน้ำร้อนเหนือ  หมู่ 2,เลขที่ 16 หมู่ 2 ตำบลน้ำร้อน อำเภอเมืองเพชรบูรณ์ เพชรบูรณ์ 67000,สำนักงานเกษตรจังหวัดเพชรบูรณ์,น้ำร้อน
2045,2567,เมืองเพชรบูรณ์,วิสาหกิจชุมชนศูนย์ผลิตเมล็ดพันธุ์พืชตำบลน้ำร้อน,เลขที่ 14 หมู่ 10 ตำบลน้ำร้อน อำเภอเมืองเพชรบูรณ์ เพชรบูรณ์ 67000,สำนักงานเกษตรจังหวัดเพชรบูรณ์,น้ำร้อน
2046,2567,เมืองเพชรบูรณ์,วิสาหกิจชุมชนกลุ่มมะขามหวานศรีทองเกษตร ม.9,เลขที่ 78 หมู่ 9 ตำบลน้ำร้อน อำเภอเมืองเพชรบูรณ์ เพชรบูรณ์ 67000,สำนักงานเกษตรจังหวัดเพชรบูรณ์,น้ำร้อน
2047,2567,เมืองเพชรบูรณ์,วิสาหกิจชุมชนกลุ่มผู้เลี้ยงสุกรบ้านบุสง่า,เลขที่ 191 หมู่ 10 ตำบลน้ำร้อน อำเภอเมืองเพชรบูรณ์ เพชรบูรณ์ 67000,สำนักงานเกษตรจังหวัดเพชรบูรณ์,น้ำร้อน
2048,2567,เมืองเพชรบูรณ์,วิสาหกิจชุมชนกลุ่มผู้เลี้ยงหมู บ้านบุฉนวน,เลขที่ 52 หมู่ 10 ตำบลน้ำร้อน อำเภอเมืองเพชรบูรณ์ เพชรบูรณ์ 67000,สำนักงานเกษตรจังหวัดเพชรบูรณ์,น้ำร้อน
2049,2567,เมืองเพชรบูรณ์,วิสาหกิจชุมชนข้าวโพดบ้านซำบอน 57,เลขที่ 11 หมู่ 11 ตำบลน้ำร้อน อำเภอเมืองเพชรบูรณ์ เพชรบูรณ์ 67000,สำนักงานเกษตรจังหวัดเพชรบูรณ์,น้ำร้อน
2050,2567,เมืองเพชรบูรณ์,วิสาหกิจชุมชนกลุ่มเกษตรบุฉนวน หมู่ 1 ต.น้ำร้อน,เลขที่ 215 หมู่ 1 ตำบลน้ำร้อน อำเภอเมืองเพชรบูรณ์ เพชรบูรณ์ 67000,สำนักงานเกษตรจังหวัดเพชรบูรณ์,น้ำร้อน
2051,2567,เมืองเพชรบูรณ์,วิสาหกิจชุมชนกลุ่มเกษตรพัฒนา หมู่ที่ 10 ต.น้ำร้อน,เลขที่ 80 หมู่ 10 ตำบลน้ำร้อน อำเภอเมืองเพชรบูรณ์ เพชรบูรณ์ 67000,สำนักงานเกษตรจังหวัดเพชรบูรณ์,น้ำร้อน
2052,2567,เมืองเพชรบูรณ์,"วิสาหกิจชุมชนกลุ่มหมุนเวียนเมล็ดพันธุ์ข้าว, ข้าวโพด ม.7",เลขที่ 46 หมู่ 7 ตำบลน้ำร้อน อำเภอเมืองเพชรบูรณ์ เพชรบูรณ์ 67000,สำนักงานเกษตรจังหวัดเพชรบูรณ์,น้ำร้อน
2053,2567,เมืองเพชรบูรณ์,วิสาหกิจชุมชนกลุ่มเลี้ยงหมู ม.6 ต.น้ำร้อน,เลขที่ 192 หมู่ 6 ตำบลน้ำร้อน อำเภอเมืองเพชรบูรณ์ เพชรบูรณ์ 67000,สำนักงานเกษตรจังหวัดเพชรบูรณ์,น้ำร้อน
2054,2567,เมืองเพชรบูรณ์,วิสาหกิจชุมชนส่งเสริมปลูกพืชสมุนไพรและแปรรูปผลผลิตการเกษตร,เลขที่ 94/1 หมู่ 5 ตำบลน้ำร้อน อำเภอเมืองเพชรบูรณ์ เพชรบูรณ์ 67000,สำนักงานเกษตรจังหวัดเพชรบูรณ์,น้ำร้อน
2055,2567,เมืองเพชรบูรณ์,วิสาหกิจชุมชนผลผลิตดอกไม้อบแห้งบ้านน้ำร้อน,เลขที่ 190 หมู่ 7 ตำบลน้ำร้อน อำเภอเมืองเพชรบูรณ์ เพชรบูรณ์ 67000,สำนักงานเกษตรจังหวัดเพชรบูรณ์,น้ำร้อน
2056,2567,เมืองเพชรบูรณ์,วิสาหกิจชุมชนกลุ่มผู้เลี้ยงโคขุนบ้านซำเรียง,เลขที่ 107 หมู่ 8 ตำบลน้ำร้อน อำเภอเมืองเพชรบูรณ์ เพชรบูรณ์ 67000,สำนักงานเกษตรจังหวัดเพชรบูรณ์,น้ำร้อน
2057,2567,เมืองเพชรบูรณ์,วิสาหกิจชุมชนกลุ่มเกษตรกรเพื่อการผลิต กม. 13,เลขที่ 14/1 หมู่ 13 ตำบลห้วยสะแก อำเภอเมืองเพชรบูรณ์ เพชรบูรณ์ 67210,สำนักงานเกษตรจังหวัดเพชรบูรณ์,ห้วยสะแก
2058,2567,เมืองเพชรบูรณ์,วิสาหกิจชุมชนกลุ่มเกษตรสัมพันธุ์ บ.เนินสง่า,เลขที่ 101 หมู่ 6 ตำบลห้วยสะแก อำเภอเมืองเพชรบูรณ์ เพชรบูรณ์ 67210,สำนักงานเกษตรจังหวัดเพชรบูรณ์,ห้วยสะแก
2059,2567,เมืองเพชรบูรณ์,วิสาหกิจชุมชนกลุ่มเกษตรกรร่วมใจพัฒนาห้วยสะแก,เลขที่ 2 หมู่ 6 ตำบลห้วยสะแก อำเภอเมืองเพชรบูรณ์ เพชรบูรณ์ 67210,สำนักงานเกษตรจังหวัดเพชรบูรณ์,ห้วยสะแก
2060,2567,เมืองเพชรบูรณ์,วิสาหกิจชุมชนเกษตรกรชีวภาพบ้าน 13 ทวีทรัพย์,เลขที่ 105/3 หมู่ 13 ตำบลห้วยสะแก อำเภอเมืองเพชรบูรณ์ เพชรบูรณ์ 67210,สำนักงานเกษตรจังหวัดเพชรบูรณ์,ห้วยสะแก
2061,2567,เมืองเพชรบูรณ์,วิสาหกิจชุมชนกลุ่มตัดเย็บเสื้อผ้าบ้านเนินสง่า หมู่ 6,เลขที่ 90/3 หมู่ 6 ตำบลห้วยสะแก อำเภอเมืองเพชรบูรณ์ เพชรบูรณ์ 67210,สำนักงานเกษตรจังหวัดเพชรบูรณ์,ห้วยสะแก
2062,2567,เมืองเพชรบูรณ์,วิสาหกิจชุมชนกลุ่มเลี้ยงโคเนื้อชัยเจริญพัฒนา กลุ่มที่ 1,เลขที่ 25 หมู่ 11 ตำบลห้วยสะแก อำเภอเมืองเพชรบูรณ์ เพชรบูรณ์ 67210,สำนักงานเกษตรจังหวัดเพชรบูรณ์,ห้วยสะแก
2063,2567,เมืองเพชรบูรณ์,วิสาหกิจชุมชนกลุ่มเลี้ยงโคเนื้อชัยเจริญ  49,เลขที่ 28 หมู่ 11 ตำบลห้วยสะแก อำเภอเมืองเพชรบูรณ์ เพชรบูรณ์ 67210,สำนักงานเกษตรจังหวัดเพชรบูรณ์,ห้วยสะแก
2064,2567,เมืองเพชรบูรณ์,วิสาหกิจชุมชนกลุ่มโคเนื้อโชคเจริญทรัพย์ หมู่  11,เลขที่ 26 หมู่ 11 ตำบลห้วยสะแก อำเภอเมืองเพชรบูรณ์ เพชรบูรณ์ 67210,สำนักงานเกษตรจังหวัดเพชรบูรณ์,ห้วยสะแก
2065,2567,เมืองเพชรบูรณ์,วิสาหกิจชุมชนกลุ่มออมทรัพย์โคบาล,เลขที่ 93/1 หมู่ 3 ตำบลห้วยสะแก อำเภอเมืองเพชรบูรณ์ เพชรบูรณ์ 67210,สำนักงานเกษตรจังหวัดเพชรบูรณ์,ห้วยสะแก
2066,2567,เมืองเพชรบูรณ์,วิสาหกิจชุมชนกลุ่มเลี้ยงโคชัยมงคล กลุ่มที่  1,เลขที่ 13/1 หมู่ 1 ตำบลห้วยสะแก อำเภอเมืองเพชรบูรณ์ เพชรบูรณ์ 67210,สำนักงานเกษตรจังหวัดเพชรบูรณ์,ห้วยสะแก
2067,2567,เมืองเพชรบูรณ์,วิสาหกิจชุมชนกลุ่มเลี้ยงโคเนื้อชัยมงคลพัฒนา ปี 51 หมู่ 1,เลขที่ 89 หมู่ 1 ตำบลห้วยสะแก อำเภอเมืองเพชรบูรณ์ เพชรบูรณ์ 67210,สำนักงานเกษตรจังหวัดเพชรบูรณ์,ห้วยสะแก
2068,2567,เมืองเพชรบูรณ์,วิสาหกิจชุมชนกลุ่มโคเนื้อทรัพย์เจริญ หมู่ 11 ปี 51,เลขที่ 72 หมู่ 11 ตำบลห้วยสะแก อำเภอเมืองเพชรบูรณ์ เพชรบูรณ์ 67210,สำนักงานเกษตรจังหวัดเพชรบูรณ์,ห้วยสะแก
2069,2567,เมืองเพชรบูรณ์,วิสาหกิจชุมชนกลุ่มเลี้ยงโคเนื้อชัยมงคล 2008 หมู่ 1,เลขที่ 113/1 หมู่ 1 ตำบลห้วยสะแก อำเภอเมืองเพชรบูรณ์ เพชรบูรณ์ 67210,สำนักงานเกษตรจังหวัดเพชรบูรณ์,ห้วยสะแก
2070,2567,เมืองเพชรบูรณ์,วิสาหกิจชุมชนกลุ่มมงคลทิพย์ 2551,เลขที่ 90 หมู่ 1 ตำบลห้วยสะแก อำเภอเมืองเพชรบูรณ์ เพชรบูรณ์ 67210,สำนักงานเกษตรจังหวัดเพชรบูรณ์,ห้วยสะแก
2071,2567,เมืองเพชรบูรณ์,วิสาหกิจชุมชนกลุ่มเลี้ยงโคเนื้อชัยมงคลก้าวหน้า,เลขที่ 110 หมู่ 1 ตำบลห้วยสะแก อำเภอเมืองเพชรบูรณ์ เพชรบูรณ์ 67210,สำนักงานเกษตรจังหวัดเพชรบูรณ์,ห้วยสะแก
2072,2567,เมืองเพชรบูรณ์,วิสาหกิจชุมชนคนรักวัว,เลขที่ 84 หมู่ 7 ตำบลห้วยสะแก อำเภอเมืองเพชรบูรณ์ เพชรบูรณ์ 67210,สำนักงานเกษตรจังหวัดเพชรบูรณ์,ห้วยสะแก
2073,2567,เมืองเพชรบูรณ์,วิสาหกิจชุมชนเกษตรกรผู้ทำข้าว,เลขที่ 54 หมู่ 7 ตำบลห้วยสะแก อำเภอเมืองเพชรบูรณ์ เพชรบูรณ์ 67210,สำนักงานเกษตรจังหวัดเพชรบูรณ์,ห้วยสะแก
2074,2567,เมืองเพชรบูรณ์,วิสาหกิจชุมชนเกษตรกรปลูกข้าว,เลขที่ 148 หมู่ 7 ตำบลห้วยสะแก อำเภอเมืองเพชรบูรณ์ เพชรบูรณ์ 67210,สำนักงานเกษตรจังหวัดเพชรบูรณ์,ห้วยสะแก
2075,2567,เมืองเพชรบูรณ์,วิสาหกิจชุมชนรักวังชมภูรักโลก,เลขที่ 90 หมู่ 10 ตำบลห้วยสะแก อำเภอเมืองเพชรบูรณ์ เพชรบูรณ์ 67210,สำนักงานเกษตรจังหวัดเพชรบูรณ์,ห้วยสะแก
2076,2567,เมืองเพชรบูรณ์,วิสาหกิจชุมชนพอเพียง ก็ เพียงพอ,เลขที่ 93/1 หมู่ 3 ตำบลห้วยสะแก อำเภอเมืองเพชรบูรณ์ เพชรบูรณ์ 67210,สำนักงานเกษตรจังหวัดเพชรบูรณ์,ห้วยสะแก
2077,2567,เมืองเพชรบูรณ์,วิสาหกิจชุมชนพืชสมุนไพรบ้านระหาร,เลขที่ 74/1 หมู่ 10 ตำบลห้วยสะแก อำเภอเมืองเพชรบูรณ์ เพชรบูรณ์ 67210,สำนักงานเกษตรจังหวัดเพชรบูรณ์,ห้วยสะแก
2078,2567,เมืองเพชรบูรณ์,วิสาหกิจชุมชนเกษตรอินทรีย์บ้านเนินสบาย,เลขที่ 54 หมู่ 9 ตำบลห้วยสะแก อำเภอเมืองเพชรบูรณ์ เพชรบูรณ์ 67210,สำนักงานเกษตรจังหวัดเพชรบูรณ์,ห้วยสะแก
2079,2567,เมืองเพชรบูรณ์,วิสาหกิจชุมชนกลุ่มสตรีกล้วยฉาบแม่บ้านซำบอน หมู่ 8,เลขที่ 33/1 หมู่ 8 ตำบลห้วยใหญ่ อำเภอเมืองเพชรบูรณ์ เพชรบูรณ์ 67000,สำนักงานเกษตรจังหวัดเพชรบูรณ์,ห้วยใหญ่
2080,2567,เมืองเพชรบูรณ์,วิสาหกิจชุมชนกลุ่มข้าวโพดบ้านซำบอน หมู่ 8  ต. ห้วยใหญ่,เลขที่ 15 หมู่ 8 ตำบลห้วยใหญ่ อำเภอเมืองเพชรบูรณ์ เพชรบูรณ์ 67000,สำนักงานเกษตรจังหวัดเพชรบูรณ์,ห้วยใหญ่
2081,2567,เมืองเพชรบูรณ์,วิสาหกิจชุมชนกลุ่มกองทุนเพื่อการเกษตร หมู่ 8 บ้านซำบอน,เลขที่ 273/3 หมู่ 8 ตำบลห้วยใหญ่ อำเภอเมืองเพชรบูรณ์ เพชรบูรณ์ 67000,สำนักงานเกษตรจังหวัดเพชรบูรณ์,ห้วยใหญ่
2082,2567,เมืองเพชรบูรณ์,วิสาหกิจชุมชนเกษตรกรบ้านป่าสักโมเดล,เลขที่ 199 หมู่ 12 ตำบลห้วยใหญ่ อำเภอเมืองเพชรบูรณ์ เพชรบูรณ์ 67000,สำนักงานเกษตรจังหวัดเพชรบูรณ์,ห้วยใหญ่
2083,2567,เมืองเพชรบูรณ์,วิสาหกิจชุมชนสุขภาพสร้างสุข,เลขที่ 214/2 หมู่ 2 ตำบลห้วยใหญ่ อำเภอเมืองเพชรบูรณ์ เพชรบูรณ์ 67000,สำนักงานเกษตรจังหวัดเพชรบูรณ์,ห้วยใหญ่
2084,2567,เมืองเพชรบูรณ์,วิสาหกิจชุมชนกลุ่มจัดซื้อผลผลิตมะขามหวานบ้านยางลาด,เลขที่ 55 หมู่ 8 ตำบลระวิง อำเภอเมืองเพชรบูรณ์ เพชรบูรณ์ 67210,สำนักงานเกษตรจังหวัดเพชรบูรณ์,ระวิง
2085,2567,เมืองเพชรบูรณ์,วิสาหกิจชุมชนกลุ่มบริการมะขามหวานบ้านซับชมภู,เลขที่ 90 หมู่ 8 ตำบลระวิง อำเภอเมืองเพชรบูรณ์ เพชรบูรณ์ 67210,สำนักงานเกษตรจังหวัดเพชรบูรณ์,ระวิง
2086,2567,เมืองเพชรบูรณ์,วิสาหกิจชุมชนกลุ่มเกษตรปลูกพืชผักหมุนเวียนบ้านซับชมภู,เลขที่ 407 หมู่ 8 ตำบลระวิง อำเภอเมืองเพชรบูรณ์ เพชรบูรณ์ 67210,สำนักงานเกษตรจังหวัดเพชรบูรณ์,ระวิง
2087,2567,เมืองเพชรบูรณ์,วิสาหกิจชุมชนชาวนาบ้านวังขอน ปี 57,เลขที่ 123 หมู่ 2 ตำบลระวิง อำเภอเมืองเพชรบูรณ์ เพชรบูรณ์ 67210,สำนักงานเกษตรจังหวัดเพชรบูรณ์,ระวิง
2088,2567,เมืองเพชรบูรณ์,วิสาหกิจชุมชนแปรรูปมะขามบ้านซับชมภู,เลขที่ 120/3 หมู่ 8 ตำบลระวิง อำเภอเมืองเพชรบูรณ์ เพชรบูรณ์ 67210,สำนักงานเกษตรจังหวัดเพชรบูรณ์,ระวิง
2089,2567,เมืองเพชรบูรณ์,วิสาหกิจชุมชนกลุ่มทอผ้าไหมมัดหมี่บ้านหนองจอก,เลขที่ 39 หมู่ 9 ตำบลระวิง อำเภอเมืองเพชรบูรณ์ เพชรบูรณ์ 67210,สำนักงานเกษตรจังหวัดเพชรบูรณ์,ระวิง
2090,2567,เมืองเพชรบูรณ์,วิสาหกิจชุมชนกลุ่มปลูกพืชสมุนไพรตำบลระวิง,เลขที่ 91/1 หมู่ 6 ตำบลระวิง อำเภอเมืองเพชรบูรณ์ เพชรบูรณ์ 67210,สำนักงานเกษตรจังหวัดเพชรบูรณ์,ระวิง
2091,2567,เมืองเพชรบูรณ์,วิสาหกิจชุมชนแปรรูปผลผลิตทางการเกษตรบ้านยางแหลม ต.ระวิง,เลขที่ 126 หมู่ 10 ตำบลระวิง อำเภอเมืองเพชรบูรณ์ เพชรบูรณ์ 67210,สำนักงานเกษตรจังหวัดเพชรบูรณ์,ระวิง
2092,2567,เมืองเพชรบูรณ์,วิสาหกิจชุมชนการเลี้ยงหมูขุนวิถีธรรมชาติเพื่อความยั่งยืน,เลขที่ 58/11 ตำบลในเมือง อำเภอเมืองเพชรบูรณ์ เพชรบูรณ์ 67000,สำนักงานเกษตรจังหวัดเพชรบูรณ์,ในเมือง
2093,2567,เมืองเพชรบูรณ์,วิสาหกิจชุมชนกลุ่มผู้เลี้ยงโคขุนบ้านไร่ยาน,เลขที่ 65/1 หมู่ 10 ตำบลตะเบาะ อำเภอเมืองเพชรบูรณ์ เพชรบูรณ์ 67000,สำนักงานเกษตรจังหวัดเพชรบูรณ์,ตะเบาะ
2094,2567,เมืองเพชรบูรณ์,วิสาหกิจชุมชนกลุ่มปุ๋ยเพื่อนเกษตร ม.6 ต.ตะเบาะ,เลขที่ 49/1 หมู่ 6 ตำบลตะเบาะ อำเภอเมืองเพชรบูรณ์ เพชรบูรณ์ 67000,สำนักงานเกษตรจังหวัดเพชรบูรณ์,ตะเบาะ
2095,2567,เมืองเพชรบูรณ์,วิสาหกิจชุมชนส่งเสริมอาชีพเกษตรบ้านป่าบง 2560,เลขที่ 224 หมู่ 7 ตำบลตะเบาะ อำเภอเมืองเพชรบูรณ์ เพชรบูรณ์ 67000,สำนักงานเกษตรจังหวัดเพชรบูรณ์,ตะเบาะ
2096,2567,เมืองเพชรบูรณ์,วิสาหกิจชุมชนกลุ่มคนเลี้ยงแพะบ้านตะเบาะน้อย,เลขที่ 184 หมู่ 3 ตำบลตะเบาะ อำเภอเมืองเพชรบูรณ์ เพชรบูรณ์ 67000,สำนักงานเกษตรจังหวัดเพชรบูรณ์,ตะเบาะ
2097,2567,เมืองเพชรบูรณ์,วิสาหกิจชุมชนกลุ่มผู้เลี้ยงโคบ้านห้วยไคร้ หมู่ 5 ตะเบาะ,เลขที่ 106 หมู่ 5 ตำบลตะเบาะ อำเภอเมืองเพชรบูรณ์ เพชรบูรณ์ 67000,สำนักงานเกษตรจังหวัดเพชรบูรณ์,ตะเบาะ
2098,2567,เมืองเพชรบูรณ์,วิสาหกิจชุมชนกลุ่มเกษตรพอเพียงบ้านไทรงาม,เลขที่ 51/1 หมู่ 9 ตำบลสะเดียง อำเภอเมืองเพชรบูรณ์ เพชรบูรณ์ 67000,สำนักงานเกษตรจังหวัดเพชรบูรณ์,สะเดียง
2099,2567,เมืองเพชรบูรณ์,วิสาหกิจชุมชนกลุ่มส่งเสริมอาชีพเพาะเห็ดบ้านปากปู่,เลขที่ 33 หมู่ 10 ตำบลสะเดียง อำเภอเมืองเพชรบูรณ์ เพชรบูรณ์ 67000,สำนักงานเกษตรจังหวัดเพชรบูรณ์,สะเดียง
2100,2567,เมืองเพชรบูรณ์,วิสาหกิจชุมชนข้าวหอมมะลิแปลงใหญ่ปลอดสารพิษ,เลขที่ 51/1 หมู่ 10 ตำบลป่าเลา อำเภอเมืองเพชรบูรณ์ เพชรบูรณ์ 67000,สำนักงานเกษตรจังหวัดเพชรบูรณ์,ป่าเลา
2101,2567,เมืองเพชรบูรณ์,วิสาหกิจชุมชนกลุ่มปลูกข้าวโพดป่าแดงเหนือ,เลขที่ 46 หมู่ 3 ตำบลป่าเลา อำเภอเมืองเพชรบูรณ์ เพชรบูรณ์ 67000,สำนักงานเกษตรจังหวัดเพชรบูรณ์,ป่าเลา
2102,2567,เมืองเพชรบูรณ์,วิสาหกิจชุมชนกลุ่มผู้เลี้ยงแพะ-แกะ อำเภอเมือง,เลขที่ 25 หมู่ 6 ตำบลป่าเลา อำเภอเมืองเพชรบูรณ์ เพชรบูรณ์ 67000,สำนักงานเกษตรจังหวัดเพชรบูรณ์,ป่าเลา
2103,2567,เมืองเพชรบูรณ์,วิสาหกิจชุมชนกลุ่มมะขามหวานร่วมใจพัฒนาบ้านพลำ,เลขที่ 102 หมู่ 13 ตำบลป่าเลา อำเภอเมืองเพชรบูรณ์ เพชรบูรณ์ 67000,สำนักงานเกษตรจังหวัดเพชรบูรณ์,ป่าเลา
2104,2567,เมืองเพชรบูรณ์,วิสาหกิจชุมชนแปรรูปผลผลิตทางการเกษตรบ้านนางั่วเหนือ,เลขที่ 75/1 หมู่ 11 ตำบลนางั่ว อำเภอเมืองเพชรบูรณ์ เพชรบูรณ์ 67000,สำนักงานเกษตรจังหวัดเพชรบูรณ์,นางั่ว
2105,2567,เมืองเพชรบูรณ์,วิสาหกิจชุมชนเกษตรร่วมใจนางั่ว,เลขที่ 24 หมู่ 4 ตำบลนางั่ว อำเภอเมืองเพชรบูรณ์ เพชรบูรณ์ 67000,สำนักงานเกษตรจังหวัดเพชรบูรณ์,นางั่ว
2106,2567,เมืองเพชรบูรณ์,วิสาหกิจชุมชนเกษตรอินทรีย์นางั่ว,เลขที่ 5/4 หมู่ 6 ตำบลนางั่ว อำเภอเมืองเพชรบูรณ์ เพชรบูรณ์ 67000,สำนักงานเกษตรจังหวัดเพชรบูรณ์,นางั่ว
2107,2567,เมืองเพชรบูรณ์,วิสาหกิจชุมชนนวัตกรรมผ้าเพชรบูรณ์,เลขที่ 127 หมู่ 18 ตำบลท่าพล อำเภอเมืองเพชรบูรณ์ เพชรบูรณ์ 67250,สำนักงานเกษตรจังหวัดเพชรบูรณ์,ท่าพล
2108,2567,เมืองเพชรบูรณ์,วิสาหกิจชุมชนกลุ่มผลิตภัณฑ์แปรรูปมะขาม,เลขที่ 127/1 หมู่ 8 ตำบลท่าพล อำเภอเมืองเพชรบูรณ์ เพชรบูรณ์ 67250,สำนักงานเกษตรจังหวัดเพชรบูรณ์,ท่าพล
2109,2567,เมืองเพชรบูรณ์,วิสาหกิจชุมชนปลูกมะม่วงน้ำดอกไม้สีทองตำบลดงมูลเหล็ก,เลขที่ 154 หมู่ 2 ตำบลดงมูลเหล็ก อำเภอเมืองเพชรบูรณ์ เพชรบูรณ์ 67000,สำนักงานเกษตรจังหวัดเพชรบูรณ์,ดงมูลเหล็ก
2110,2567,เมืองเพชรบูรณ์,วิสาหกิจชุมชนเกษตรบ้านหัวนา,เลขที่ 36/1 หมู่ 8 ตำบลบ้านโคก อำเภอเมืองเพชรบูรณ์ เพชรบูรณ์ 67000,สำนักงานเกษตรจังหวัดเพชรบูรณ์,บ้านโคก
2111,2567,เมืองเพชรบูรณ์,วิสาหกิจชุมชนแปลงใหญ่ปลาตะเพียนบ้านคลองสำโรง,เลขที่ 203 หมู่ 6 ตำบลชอนไพร อำเภอเมืองเพชรบูรณ์ เพชรบูรณ์ 67000,สำนักงานเกษตรจังหวัดเพชรบูรณ์,ชอนไพร
2112,2567,เมืองเพชรบูรณ์,วิสาหกิจชุมชนเกษตรแปรรูป หมู่ที่ 2 ต.นาป่า,เลขที่ 119 หมู่ 2 ตำบลนาป่า อำเภอเมืองเพชรบูรณ์ เพชรบูรณ์ 67000,สำนักงานเกษตรจังหวัดเพชรบูรณ์,นาป่า
2113,2567,เมืองเพชรบูรณ์,วิสาหกิจชุมชนกลุ่มคนรักแพะ,เลขที่ 164/2 หมู่ 4 ตำบลนาป่า อำเภอเมืองเพชรบูรณ์ เพชรบูรณ์ 67000,สำนักงานเกษตรจังหวัดเพชรบูรณ์,นาป่า
2114,2567,เมืองเพชรบูรณ์,วิสาหกิจชุมชนนารวมบ้านวังทอง,เลขที่ 81 หมู่ 4 ตำบลวังชมภู อำเภอเมืองเพชรบูรณ์ เพชรบูรณ์ 67210,สำนักงานเกษตรจังหวัดเพชรบูรณ์,วังชมภู
2115,2567,เมืองเพชรบูรณ์,วิสาหกิจชุมชนกลุ่มเกษตรอินทรีย์บ้านไร่สีอำพัน,เลขที่ 234 หมู่ 2 ตำบลน้ำร้อน อำเภอเมืองเพชรบูรณ์ เพชรบูรณ์ 67000,สำนักงานเกษตรจังหวัดเพชรบูรณ์,น้ำร้อน
2116,2567,เมืองเพชรบูรณ์,วิสาหกิจชุมชนพันธุ์ข้าวบ้านโมคลา 2558,เลขที่ 25 หมู่ 6 ตำบลน้ำร้อน อำเภอเมืองเพชรบูรณ์ เพชรบูรณ์ 67000,สำนักงานเกษตรจังหวัดเพชรบูรณ์,น้ำร้อน
2117,2567,เมืองเพชรบูรณ์,วิสาหกิจชุมชนโคขุนบ้านซำบอน 2558,เลขที่ 179 หมู่ 11 ตำบลน้ำร้อน อำเภอเมืองเพชรบูรณ์ เพชรบูรณ์ 67000,สำนักงานเกษตรจังหวัดเพชรบูรณ์,น้ำร้อน
2118,2567,เมืองเพชรบูรณ์,วิสาหกิจชุมชนพันธุ์ข้าวโพดบ้านหนองตาวงค์ 2558,เลขที่ 196 หมู่ 5 ตำบลน้ำร้อน อำเภอเมืองเพชรบูรณ์ เพชรบูรณ์ 67000,สำนักงานเกษตรจังหวัดเพชรบูรณ์,น้ำร้อน
2119,2567,เมืองเพชรบูรณ์,วิสาหกิจชุมชนพันธุ์ข้าวบ้านซำเรียง 2558,เลขที่ 78 หมู่ 8 ตำบลน้ำร้อน อำเภอเมืองเพชรบูรณ์ เพชรบูรณ์ 67000,สำนักงานเกษตรจังหวัดเพชรบูรณ์,น้ำร้อน
2120,2567,เมืองเพชรบูรณ์,วิสาหกิจชุมชนส่งเสริมอาชีพการเกษตรบ้านน้ำร้อน ปี 2559,เลขที่ 148 หมู่ 3 ตำบลน้ำร้อน อำเภอเมืองเพชรบูรณ์ เพชรบูรณ์ 67000,สำนักงานเกษตรจังหวัดเพชรบูรณ์,น้ำร้อน
2121,2567,เมืองเพชรบูรณ์,วิสาหกิจชุมชนปัจจัยผลิตทางการเกษตรบ้านบุสง่า 2559,เลขที่ 144 หมู่ 10 ตำบลน้ำร้อน อำเภอเมืองเพชรบูรณ์ เพชรบูรณ์ 67000,สำนักงานเกษตรจังหวัดเพชรบูรณ์,น้ำร้อน
2122,2567,เมืองเพชรบูรณ์,วิสาหกิจชุมชนจำหน่ายปัจจัยการผลิตทางการเกษตรบ้านทุ่งหินปูน 2559,เลขที่ 131 หมู่ 4 ตำบลน้ำร้อน อำเภอเมืองเพชรบูรณ์ เพชรบูรณ์ 67000,สำนักงานเกษตรจังหวัดเพชรบูรณ์,น้ำร้อน
2123,2567,เมืองเพชรบูรณ์,วิสาหกิจชุมชนเลี้ยงวัวเนื้อบ้านบุฉนวน,เลขที่ 189 หมู่ 1 ตำบลน้ำร้อน อำเภอเมืองเพชรบูรณ์ เพชรบูรณ์ 67000,สำนักงานเกษตรจังหวัดเพชรบูรณ์,น้ำร้อน
2124,2567,เมืองเพชรบูรณ์,วิสาหกิจชุมชนกลุ่มเกษตรพัฒนา,เลขที่ 105 หมู่ 8 ตำบลห้วยสะแก อำเภอเมืองเพชรบูรณ์ เพชรบูรณ์ 67210,สำนักงานเกษตรจังหวัดเพชรบูรณ์,ห้วยสะแก
2125,2567,เมืองเพชรบูรณ์,วิสาหกิจชุมชนโคเนื้อบ้านหนองหิน,เลขที่ 17 หมู่ 3 ตำบลห้วยสะแก อำเภอเมืองเพชรบูรณ์ เพชรบูรณ์ 67210,สำนักงานเกษตรจังหวัดเพชรบูรณ์,ห้วยสะแก
2126,2567,เมืองเพชรบูรณ์,วิสาหกิจชุมชนกลุ่มเปลผลิตภัณฑ์จากผ้าบ้านชัยเจริญ,เลขที่ 112 หมู่ 11 ตำบลห้วยสะแก อำเภอเมืองเพชรบูรณ์ เพชรบูรณ์ 67210,สำนักงานเกษตรจังหวัดเพชรบูรณ์,ห้วยสะแก
2127,2567,เมืองเพชรบูรณ์,วิสาหกิจชุมชนกลุ่มผู้เลี้ยงโค ต.ห้วยสะแก,เลขที่ 66/1 หมู่ 6 ตำบลห้วยสะแก อำเภอเมืองเพชรบูรณ์ เพชรบูรณ์ 67210,สำนักงานเกษตรจังหวัดเพชรบูรณ์,ห้วยสะแก
2128,2567,เมืองเพชรบูรณ์,วิสาหกิจชุมชนกลุ่มผู้เลี้ยงโคเนื้อ บ้านดงผักกูด ม.14,เลขที่ 39 หมู่ 14 ตำบลห้วยสะแก อำเภอเมืองเพชรบูรณ์ เพชรบูรณ์ 67210,สำนักงานเกษตรจังหวัดเพชรบูรณ์,ห้วยสะแก
2129,2567,เมืองเพชรบูรณ์,วิสาหกิจชุมชนแปรรูปพริกแม่สะอาดเสวย,เลขที่ 196 หมู่ 3 ตำบลห้วยสะแก อำเภอเมืองเพชรบูรณ์ เพชรบูรณ์ 67210,สำนักงานเกษตรจังหวัดเพชรบูรณ์,ห้วยสะแก
2130,2567,เมืองเพชรบูรณ์,วิสาหกิจชุมชนผู้ปลูกข้าวโพดเลี้ยงสัตว์แปลงใหญ่ตำบลห้วยสะแก,เลขที่ 51 หมู่ 4 ตำบลห้วยสะแก อำเภอเมืองเพชรบูรณ์ เพชรบูรณ์ 67210,สำนักงานเกษตรจังหวัดเพชรบูรณ์,ห้วยสะแก
2131,2567,เมืองเพชรบูรณ์,วิสาหกิจชุมชนผู้ผลิตพืชผักปลอดภัยห้วยสะแก,เลขที่ 9809 หมู่ 8 ตำบลห้วยสะแก อำเภอเมืองเพชรบูรณ์ เพชรบูรณ์ 67210,สำนักงานเกษตรจังหวัดเพชรบูรณ์,ห้วยสะแก
2132,2567,เมืองเพชรบูรณ์,วิสาหกิจชุมชนการผลิตและแปรรูปอาหารเพื่อสุขภาพ,เลขที่ 111 หมู่ 2 ตำบลห้วยใหญ่ อำเภอเมืองเพชรบูรณ์ เพชรบูรณ์ 67000,สำนักงานเกษตรจังหวัดเพชรบูรณ์,ห้วยใหญ่
2133,2567,เมืองเพชรบูรณ์,วิสาหกิจชุมชนกลุ่มผู้เลี้ยงโคเนื้อ ตำบลห้วยใหญ่,เลขที่ 145 หมู่ 7 ตำบลห้วยใหญ่ อำเภอเมืองเพชรบูรณ์ เพชรบูรณ์ 67000,สำนักงานเกษตรจังหวัดเพชรบูรณ์,ห้วยใหญ่
2134,2567,เมืองเพชรบูรณ์,วิสาหกิจชุมชนผู้เลี้ยงสุกรและแปรรูปสุกรบ้านห้วยไร่ 2558,เลขที่ 172 หมู่ 3 ตำบลระวิง อำเภอเมืองเพชรบูรณ์ เพชรบูรณ์ 67210,สำนักงานเกษตรจังหวัดเพชรบูรณ์,ระวิง
2135,2567,เมืองเพชรบูรณ์,วิสาหกิจชุมชนโคเนื้อบ้านห้วยทราย 2559,เลขที่ 54/2 หมู่ 3 ตำบลระวิง อำเภอเมืองเพชรบูรณ์ เพชรบูรณ์ 67210,สำนักงานเกษตรจังหวัดเพชรบูรณ์,ระวิง
2136,2567,เมืองเพชรบูรณ์,วิสาหกิจชุมชนโคเนื้อบ้านห้วยไร่ 2559,เลขที่ 30 หมู่ 3 ตำบลระวิง อำเภอเมืองเพชรบูรณ์ เพชรบูรณ์ 67210,สำนักงานเกษตรจังหวัดเพชรบูรณ์,ระวิง
2137,2567,หล่มสัก ,วิสาหกิจชุมชนลีลา & มะขามยิ้ม,เลขที่ 215 หมู่ 1 ตำบลวัดป่า อำเภอหล่มสัก เพชรบูรณ์ 67110,สำนักงานเกษตรจังหวัดเพชรบูรณ์,วัดป่า
2138,2567,หล่มสัก ,วิสาหกิจชุมชนกลุ่มพัฒนาอาชีพการเกษตร,เลขที่ 325 หมู่ 12 ตำบลวัดป่า อำเภอหล่มสัก เพชรบูรณ์ 67110,สำนักงานเกษตรจังหวัดเพชรบูรณ์,วัดป่า
2139,2567,หล่มสัก ,วิสาหกิจชุมชนกลุ่มสมุนไพรสตรีบ้านบุ่งยาง,เลขที่ 194 หมู่ 4 ตำบลวัดป่า อำเภอหล่มสัก เพชรบูรณ์ 67110,สำนักงานเกษตรจังหวัดเพชรบูรณ์,วัดป่า
2140,2567,หล่มสัก ,วิสาหกิจชุมชนรักษ์เกษตรเพชรบูรณ์,เลขที่ 345 หมู่ 11 ตำบลวัดป่า อำเภอหล่มสัก เพชรบูรณ์ 67110,สำนักงานเกษตรจังหวัดเพชรบูรณ์,วัดป่า
2141,2567,หล่มสัก ,วิสาหกิจชุมชนกลุ่มแปรรูปไม้ไผ่บ้านขวัญโยน,เลขที่ 1/3 หมู่ 1 ตำบลตาลเดี่ยว อำเภอหล่มสัก เพชรบูรณ์ 67110,สำนักงานเกษตรจังหวัดเพชรบูรณ์,ตาลเดี่ยว
2142,2567,หล่มสัก ,วิสาหกิจชุมชนที่ดินทำกินเกษตรพอเพียง,เลขที่ 24/1 หมู่ 7 ตำบลตาลเดี่ยว อำเภอหล่มสัก เพชรบูรณ์ 67110,สำนักงานเกษตรจังหวัดเพชรบูรณ์,ตาลเดี่ยว
2143,2567,หล่มสัก ,วิสาหกิจชุมชนเฮือนธนัชชา ผ้าทอไทหล่ม,เลขที่ 56 หมู่ 1 ตำบลตาลเดี่ยว อำเภอหล่มสัก เพชรบูรณ์ 67110,สำนักงานเกษตรจังหวัดเพชรบูรณ์,ตาลเดี่ยว
2144,2567,หล่มสัก ,วิสาหกิจชุมชนกลุ่มออมทรัพย์เพื่อการผลิตบ้านฝายนาแซง,เลขที่ 42 หมู่ 2 ตำบลฝายนาแซง อำเภอหล่มสัก เพชรบูรณ์ 67110,สำนักงานเกษตรจังหวัดเพชรบูรณ์,ฝายนาแซง
2145,2567,หล่มสัก ,วิสาหกิจชุมชนกลุ่มข้าวแดงซ้อมมือบ้านน้ำเฮี้ย,เลขที่ 20 หมู่ 2 ตำบลน้ำเฮี้ย อำเภอหล่มสัก เพชรบูรณ์ 67110,สำนักงานเกษตรจังหวัดเพชรบูรณ์,น้ำเฮี้ย
2146,2567,หล่มสัก ,วิสาหกิจชุมชนกลุ่มเลี้ยงหมูบ้านหนองปลาตำบลน้ำเฮี้ย,เลขที่ 93 หมู่ 1 ตำบลน้ำเฮี้ย อำเภอหล่มสัก เพชรบูรณ์ 67110,สำนักงานเกษตรจังหวัดเพชรบูรณ์,น้ำเฮี้ย
2147,2567,หล่มสัก ,วิสาหกิจชุมชนกลุ่มเกษตรกรหมู่ 2 บ้านน้ำเฮี้ย,เลขที่ 37 หมู่ 2 ตำบลน้ำเฮี้ย อำเภอหล่มสัก เพชรบูรณ์ 67110,สำนักงานเกษตรจังหวัดเพชรบูรณ์,น้ำเฮี้ย
2148,2567,หล่มสัก ,วิสาหกิจชุมชนกลุ่มเกษตรกรน้ำเฮี้ย หมู่ 5,เลขที่ 34 หมู่ 5 ตำบลน้ำเฮี้ย อำเภอหล่มสัก เพชรบูรณ์ 67110,สำนักงานเกษตรจังหวัดเพชรบูรณ์,น้ำเฮี้ย
2149,2567,หล่มสัก ,วิสาหกิจชุมชนกลุ่มเกษตรกรบ้านกุดโก หมู่ 4,เลขที่ 41 หมู่ 4 ตำบลน้ำเฮี้ย อำเภอหล่มสัก เพชรบูรณ์ 67110,สำนักงานเกษตรจังหวัดเพชรบูรณ์,น้ำเฮี้ย
2150,2567,หล่มสัก ,วิสาหกิจชุมชนบ้านหนองปลา หมู่ 1,เลขที่ 99 หมู่ 1 ตำบลน้ำเฮี้ย อำเภอหล่มสัก เพชรบูรณ์ 67110,สำนักงานเกษตรจังหวัดเพชรบูรณ์,น้ำเฮี้ย
2151,2567,หล่มสัก ,วิสาหกิจชุมชนมะขามศรีเมืองหล่ม,เลขที่ 99/8 หมู่ 1 ตำบลน้ำเฮี้ย อำเภอหล่มสัก เพชรบูรณ์ 67110,สำนักงานเกษตรจังหวัดเพชรบูรณ์,น้ำเฮี้ย
2152,2567,หล่มสัก ,วิสาหกิจชุมชนดอกไม้ฝ้ายทอ,เลขที่ 124 หมู่ 8 ตำบลสักหลง อำเภอหล่มสัก เพชรบูรณ์ 67110,สำนักงานเกษตรจังหวัดเพชรบูรณ์,สักหลง
2153,2567,หล่มสัก ,วิสาหกิจชุมชนกลุ่มทอผ้ากี่กระตุกบ้านวังร่อง,เลขที่ 58 หมู่ 8 ตำบลสักหลง อำเภอหล่มสัก เพชรบูรณ์ 67110,สำนักงานเกษตรจังหวัดเพชรบูรณ์,สักหลง
2154,2567,หล่มสัก ,วิสาหกิจชุมชนกลุ่มพริกแกงบ้านสักหลง,เลขที่ 22 หมู่ 10 ตำบลสักหลง อำเภอหล่มสัก เพชรบูรณ์ 67110,สำนักงานเกษตรจังหวัดเพชรบูรณ์,สักหลง
2155,2567,หล่มสัก ,วิสาหกิจชุมชนเครื่องนอนบ้านหนองบัว,เลขที่ 165 หมู่ 2 ตำบลสักหลง อำเภอหล่มสัก เพชรบูรณ์ 67110,สำนักงานเกษตรจังหวัดเพชรบูรณ์,สักหลง
2156,2567,หล่มสัก ,วิสาหกิจชุมชนศูนย์ข้าวชุมชนข้าวรักษ์โลกข้าวพันธุ์ดีบ้านวังรฺู ต.สักหลง,เลขที่ 17 หมู่ 1 ตำบลสักหลง อำเภอหล่มสัก เพชรบูรณ์ 67110,สำนักงานเกษตรจังหวัดเพชรบูรณ์,สักหลง
2157,2567,หล่มสัก ,วิสาหกิจชุมชนศูนย์ข้าวชุมชนข้าวรักษ์โลกบ้านหนองบัว,เลขที่ 7/2 หมู่ 2 ตำบลสักหลง อำเภอหล่มสัก เพชรบูรณ์ 67110,สำนักงานเกษตรจังหวัดเพชรบูรณ์,สักหลง
2158,2567,หล่มสัก ,วิสาหกิจชุมชนตลาดนัดชุมชนตำบลสักหลง,เลขที่ 100 หมู่ 5 ตำบลสักหลง อำเภอหล่มสัก เพชรบูรณ์ 67110,สำนักงานเกษตรจังหวัดเพชรบูรณ์,สักหลง
2159,2567,หล่มสัก ,วิสาหกิจชุมชนสานสายใยใจไทยทุกภาค เกษตรอินทรีย์ชีวีปลอดภัย,เลขที่ 29/1 หมู่ 1 ตำบลสักหลง อำเภอหล่มสัก เพชรบูรณ์ 67110,สำนักงานเกษตรจังหวัดเพชรบูรณ์,สักหลง
2160,2567,หล่มสัก ,วิสาหกิจชุมชนสานสายใยใจไทยทุกภาค โฮมสเตย์ มีเขามีเรา บ้านวังรู,เลขที่ 29 หมู่ 1 ตำบลสักหลง อำเภอหล่มสัก เพชรบูรณ์ 67110,สำนักงานเกษตรจังหวัดเพชรบูรณ์,สักหลง
2161,2567,หล่มสัก ,วิสาหกิจชุมชนกลุ่มผู้เลี้ยงโค-กระบือบ้านวังมลใต้,เลขที่ 32 หมู่ 5 ตำบลท่าอิบุญ อำเภอหล่มสัก เพชรบูรณ์ 67110,สำนักงานเกษตรจังหวัดเพชรบูรณ์,ท่าอิบุญ
2162,2567,หล่มสัก ,วิสาหกิจชุมชนกลุ่มอนุรักษ์และพัฒนาโค-กระบือ หมู่ 2,เลขที่ 19 หมู่ 2 ตำบลท่าอิบุญ อำเภอหล่มสัก เพชรบูรณ์ 67110,สำนักงานเกษตรจังหวัดเพชรบูรณ์,ท่าอิบุญ
2163,2567,หล่มสัก ,วิสาหกิจชุมชนกลุ่มผู้เลี้ยงวัวแม่พันธ์,เลขที่ 63/1 หมู่ 2 ตำบลท่าอิบุญ อำเภอหล่มสัก เพชรบูรณ์ 67110,สำนักงานเกษตรจังหวัดเพชรบูรณ์,ท่าอิบุญ
2164,2567,หล่มสัก ,วิสาหกิจชุมชนกลุ่มออมทรัพย์เกษตรยั่งยืนหมู่ 6,เลขที่ 21 หมู่ 6 ตำบลบ้านโสก อำเภอหล่มสัก เพชรบูรณ์ 67110,สำนักงานเกษตรจังหวัดเพชรบูรณ์,บ้านโสก
2165,2567,หล่มสัก ,วิสาหกิจชุมชนกลุ่มชมพู่เกษตรทฤษฎีใหม่บ้านทุ่งส้มเลา,เลขที่ 154 หมู่ 7 ตำบลบ้านโสก อำเภอหล่มสัก เพชรบูรณ์ 67110,สำนักงานเกษตรจังหวัดเพชรบูรณ์,บ้านโสก
2166,2567,หล่มสัก ,วิสาหกิจชุมชนเพื่อการผลิตใบยาสูบหมู่ 6 บ้านนาหลวง,เลขที่ 128 หมู่ 6 ตำบลบ้านโสก อำเภอหล่มสัก เพชรบูรณ์ 67110,สำนักงานเกษตรจังหวัดเพชรบูรณ์,บ้านโสก
2167,2567,หล่มสัก ,วิสาหกิจชุมชนกลุ่มธนาคารหมู่บ้านหมู่ 12,เลขที่ 48 หมู่ 12 ตำบลบ้านติ้ว อำเภอหล่มสัก เพชรบูรณ์ 67110,สำนักงานเกษตรจังหวัดเพชรบูรณ์,บ้านติ้ว
2168,2567,หล่มสัก ,วิสาหกิจชุมชนธนาคารหมู่บ้านหมู่ 6 บ้านบุ่งผักขม,เลขที่ 71 หมู่ 6 ตำบลบ้านติ้ว อำเภอหล่มสัก เพชรบูรณ์ 67110,สำนักงานเกษตรจังหวัดเพชรบูรณ์,บ้านติ้ว
2169,2567,หล่มสัก ,วิสาหกิจชุมชนกลุ่มผู้ปลูกโกโก้ตำบลบ้านติ้ว,เลขที่ 29 หมู่ 11 ตำบลบ้านติ้ว อำเภอหล่มสัก เพชรบูรณ์ 67110,สำนักงานเกษตรจังหวัดเพชรบูรณ์,บ้านติ้ว
2170,2567,หล่มสัก ,วิสาหกิจชุมชนกลุ่มเลี้ยงไก่ไข่บ้านป่าแกเครือ,เลขที่ 35 หมู่ 11 ตำบลบ้านติ้ว อำเภอหล่มสัก เพชรบูรณ์ 67110,สำนักงานเกษตรจังหวัดเพชรบูรณ์,บ้านติ้ว
2171,2567,หล่มสัก ,วิสาหกิจชุมชนกลุ่มผู้เลี้ยงไก่ไข่บ้านฟากห้วย ต.บ้านติ้ว,เลขที่ 17 หมู่ 1 ตำบลบ้านติ้ว อำเภอหล่มสัก เพชรบูรณ์ 67110,สำนักงานเกษตรจังหวัดเพชรบูรณ์,บ้านติ้ว
2172,2567,หล่มสัก ,วิสาหกิจชุมชนกลุ่มผู้เลี้ยงไก่พันธุ์ไข่บ้านไร่นาเจริญ,เลขที่ 48 หมู่ 2 ตำบลบ้านติ้ว อำเภอหล่มสัก เพชรบูรณ์ 67110,สำนักงานเกษตรจังหวัดเพชรบูรณ์,บ้านติ้ว
2173,2567,หล่มสัก ,วิสาหกิจชุมชนแปรรูปน้ำพริก หมู่บ้านไร่นาเจริญ,เลขที่ 87 หมู่ 12 ตำบลบ้านติ้ว อำเภอหล่มสัก เพชรบูรณ์ 67110,สำนักงานเกษตรจังหวัดเพชรบูรณ์,บ้านติ้ว
2174,2567,หล่มสัก ,วิสาหกิจชุมชนสานสายใยใจไทยทุกภาค ต.บ้านติ้ว,เลขที่ 98 หมู่ 3  ตำบลบ้านติ้ว อำเภอหล่มสัก เพชรบูรณ์ 67110,สำนักงานเกษตรจังหวัดเพชรบูรณ์,บ้านติ้ว
2175,2567,หล่มสัก ,วิสาหกิจชุมชนน้ำผลไม้พร้อมดื่มห้วยไร่,เลขที่ 136 หมู่ 2 ตำบลห้วยไร่ อำเภอหล่มสัก เพชรบูรณ์ 67110,สำนักงานเกษตรจังหวัดเพชรบูรณ์,ห้วยไร่
2176,2567,หล่มสัก ,วิสาหกิจชุมชนส่งเสริมสารชีวภาพตำบลห้วยไร่,เลขที่ 86 หมู่ 12 ตำบลห้วยไร่ อำเภอหล่มสัก เพชรบูรณ์ 67110,สำนักงานเกษตรจังหวัดเพชรบูรณ์,ห้วยไร่
2177,2567,หล่มสัก ,วิสาหกิจชุมชนปลูกผักปลอดสารพิษตำบลห้วยไร่,เลขที่ 39 หมู่ 1 ตำบลห้วยไร่ อำเภอหล่มสัก เพชรบูรณ์ 67110,สำนักงานเกษตรจังหวัดเพชรบูรณ์,ห้วยไร่
2178,2567,หล่มสัก ,วิสาหกิจชุมชนกลุ่มรวบรวมผลิตภัณฑ์ใบยาสูบห้วยไร่,เลขที่ 199 หมู่ 5 ตำบลห้วยไร่ อำเภอหล่มสัก เพชรบูรณ์ 67110,สำนักงานเกษตรจังหวัดเพชรบูรณ์,ห้วยไร่
2179,2567,หล่มสัก ,วิสาหกิจชุมชนกลุ่มกองทุนเกษตรยั่งยืนบ้านแก่งยาว,เลขที่ 42/1 หมู่ 6 ตำบลห้วยไร่ อำเภอหล่มสัก เพชรบูรณ์ 67110,สำนักงานเกษตรจังหวัดเพชรบูรณ์,ห้วยไร่
2180,2567,หล่มสัก ,วิสาหกิจชุมชนกลุ่มผู้ปลูกข้าวโพดเลี้ยงสัตว์บ้านแก่งยาว,เลขที่ 30 หมู่ 6 ตำบลห้วยไร่ อำเภอหล่มสัก เพชรบูรณ์ 67110,สำนักงานเกษตรจังหวัดเพชรบูรณ์,ห้วยไร่
2181,2567,หล่มสัก ,วิสาหกิจชุมชนกลุ่มมะพร้าวแก้วบ้านท่าช้างหมู่ 6,เลขที่ 65 หมู่ 2 ตำบลห้วยไร่ อำเภอหล่มสัก เพชรบูรณ์ 67110,สำนักงานเกษตรจังหวัดเพชรบูรณ์,ห้วยไร่
2182,2567,หล่มสัก ,วิสาหกิจชุมชนกลุ่มส่งเสริมอาชีพนาหญ้าบ้านร่องดู่,เลขที่ 149 หมู่ 4 ตำบลห้วยไร่ อำเภอหล่มสัก เพชรบูรณ์ 67110,สำนักงานเกษตรจังหวัดเพชรบูรณ์,ห้วยไร่
2183,2567,หล่มสัก ,วิสาหกิจชุมชนกลุ่มผู้ใช้ปุ๋ยอินทรีย์บ้านร่องคู,เลขที่ 27 หมู่ 4 ตำบลห้วยไร่ อำเภอหล่มสัก เพชรบูรณ์ 67110,สำนักงานเกษตรจังหวัดเพชรบูรณ์,ห้วยไร่
2184,2567,หล่มสัก ,วิสาหกิจชุมชนกลุ่มปุ๋ยอินทรีย์บ้านวังร่องหมู่ 5,เลขที่ 2 หมู่ 5 ตำบลห้วยไร่ อำเภอหล่มสัก เพชรบูรณ์ 67110,สำนักงานเกษตรจังหวัดเพชรบูรณ์,ห้วยไร่
2185,2567,หล่มสัก ,วิสาหกิจชุมชนกลุ่มผู้ปลูกหน่อไม้ฝรั่งปลอดสารพิษ หมู่ 1 ตำบลห้วยไร่,เลขที่ 10 หมู่ 1 ตำบลห้วยไร่ อำเภอหล่มสัก เพชรบูรณ์ 67110,สำนักงานเกษตรจังหวัดเพชรบูรณ์,ห้วยไร่
2186,2567,หล่มสัก ,วิสาหกิจชุมชนกลุ่มหัตถกรรมทอผ้าขิดวัดโฆษา,เลขที่ 3/2 หมู่ 10 ตำบลห้วยไร่ อำเภอหล่มสัก เพชรบูรณ์ 67110,สำนักงานเกษตรจังหวัดเพชรบูรณ์,ห้วยไร่
2187,2567,หล่มสัก ,วิสาหกิจชุมชนกลุ่มเกษตรอินทรีย์ตำบลห้วยไร่,เลขที่ 191 หมู่ 2 ตำบลห้วยไร่ อำเภอหล่มสัก เพชรบูรณ์ 67110,สำนักงานเกษตรจังหวัดเพชรบูรณ์,ห้วยไร่
2188,2567,หล่มสัก ,วิสาหกิจชุมชนกลุ่มออมทรัพย์บ้านหัวนาท่าช้าง ม.10 ต.ห้วยไร่,เลขที่ 113/1 หมู่ 10 ตำบลห้วยไร่ อำเภอหล่มสัก เพชรบูรณ์ 67110,สำนักงานเกษตรจังหวัดเพชรบูรณ์,ห้วยไร่
2189,2567,หล่มสัก ,วิสาหกิจชุมชนกลุ่มออมทรัพย์เพื่อการผลิตบ้านหัวนาขาม ม.9 ต.ห้วยไร่,เลขที่ 72 หมู่ 9 ตำบลห้วยไร่ อำเภอหล่มสัก เพชรบูรณ์ 67110,สำนักงานเกษตรจังหวัดเพชรบูรณ์,ห้วยไร่
2190,2567,หล่มสัก ,วิสาหกิจชุมชนกลุ่มหัตถกรรมสร้างอาชีพตำบลห้วยไร่,เลขที่ 26 หมู่ 5 ตำบลห้วยไร่ อำเภอหล่มสัก เพชรบูรณ์ 67110,สำนักงานเกษตรจังหวัดเพชรบูรณ์,ห้วยไร่
2191,2567,หล่มสัก ,วิสาหกิจชุมชนกลุ่มออมทรัพย์เพื่อการผลิต ม.6 ต.ห้วยไร่,เลขที่ 42/1 หมู่ 6 ตำบลห้วยไร่ อำเภอหล่มสัก เพชรบูรณ์ 67110,สำนักงานเกษตรจังหวัดเพชรบูรณ์,ห้วยไร่
2192,2567,หล่มสัก ,วิสาหกิจชุมชนสุรากลั่นช้างคู่,เลขที่ 42 หมู่ 10 ตำบลห้วยไร่ อำเภอหล่มสัก เพชรบูรณ์ 67110,สำนักงานเกษตรจังหวัดเพชรบูรณ์,ห้วยไร่
2193,2567,หล่มสัก ,วิสาหกิจชุมชนสานสายใยใจไทยทุกภาคบ้านปากเหมืองแบ่ง,เลขที่ 152 หมู่ 12 ตำบลห้วยไร่ อำเภอหล่มสัก เพชรบูรณ์ 67110,สำนักงานเกษตรจังหวัดเพชรบูรณ์,ห้วยไร่
2194,2567,หล่มสัก ,วิสาหกิจชุมชนสานสายใยใจไทยทุกภาคบ้านท่าช้าง ม.1 ต.ห้วยไร่,เลขที่ 53 หมู่ 1 ตำบลห้วยไร่ อำเภอหล่มสัก เพชรบูรณ์ 67110,สำนักงานเกษตรจังหวัดเพชรบูรณ์,ห้วยไร่
2195,2567,หล่มสัก ,วิสาหกิจชุมชนสานสายใยใจไทยทุกภาคบ้านร่องคูใต้,เลขที่ 69 ตำบลห้วยไร่ อำเภอหล่มสัก เพชรบูรณ์ 67110,สำนักงานเกษตรจังหวัดเพชรบูรณ์,ห้วยไร่
2196,2567,หล่มสัก ,วิสาหกิจชุมชนสานสายใยใจไทยทุกภาคตำบลห้วยไร่,เลขที่ 169 หมู่ที่ 12 ตำบลห้วยไร่ อำเภอหล่มสัก เพชรบูรณ์ 67110,สำนักงานเกษตรจังหวัดเพชรบูรณ์,ห้วยไร่
2197,2567,หล่มสัก ,วิสาหกิจชุมชนสานสายใยใจไทยทุกภาคผู้สูงอายุตำบลห้วยไร่,เลขที่ 152 หมู่ 12 ตำบลห้วยไร่ อำเภอหล่มสัก เพชรบูรณ์ 67110,สำนักงานเกษตรจังหวัดเพชรบูรณ์,ห้วยไร่
2198,2567,หล่มสัก ,วิสาหกิจชุมชนสานสายใยใจไทยทุกภาคห้วยไร่ร่วมใจ,เลขที่ 111 หมู่ 9  ตำบลห้วยไร่ อำเภอหล่มสัก เพชรบูรณ์ 67110,สำนักงานเกษตรจังหวัดเพชรบูรณ์,ห้วยไร่
2199,2567,หล่มสัก ,วิสาหกิจชุมชนกลุ่มแม่บ้านเกษตรกรบ้านฝายพัฒนา,เลขที่ 145 หมู่ 8 ตำบลน้ำก้อ อำเภอหล่มสัก เพชรบูรณ์ 67110,สำนักงานเกษตรจังหวัดเพชรบูรณ์,น้ำก้อ
2200,2567,หล่มสัก ,วิสาหกิจชุมชนกลุ่มแม่บ้านเกษตรกรห้วยปูนร่วมใจ,เลขที่ 15/3 หมู่ 1 ตำบลน้ำก้อ อำเภอหล่มสัก เพชรบูรณ์ 67110,สำนักงานเกษตรจังหวัดเพชรบูรณ์,น้ำก้อ
2201,2567,หล่มสัก ,วิสาหกิจชุมชนกลุ่มรักโคน้ำก้อ,เลขที่ 104 หมู่ 3 ตำบลน้ำก้อ อำเภอหล่มสัก เพชรบูรณ์ 67110,สำนักงานเกษตรจังหวัดเพชรบูรณ์,น้ำก้อ
2202,2567,หล่มสัก ,วิสาหกิจชุมชนเครือข่ายกองทุนพัฒนาเกษตรยั่งยืนตำบลน้ำก้อ,เลขที่ 119 หมู่ 3 ตำบลน้ำก้อ อำเภอหล่มสัก เพชรบูรณ์ 67110,สำนักงานเกษตรจังหวัดเพชรบูรณ์,น้ำก้อ
2203,2567,หล่มสัก ,วิสาหกิจชุมชนกลุ่มช่างไม้เฟอร์นิเจอร์หมู่ 5 บ้านน้ำคำ,เลขที่ 159 หมู่ 5 ตำบลปากช่อง อำเภอหล่มสัก เพชรบูรณ์ 67110,สำนักงานเกษตรจังหวัดเพชรบูรณ์,ปากช่อง
2204,2567,หล่มสัก ,วิสาหกิจชุมชนเกษตรประสานงานอุตสาหกรรม,เลขที่ 102 หมู่ 4 ตำบลปากช่อง อำเภอหล่มสัก เพชรบูรณ์ 67110,สำนักงานเกษตรจังหวัดเพชรบูรณ์,ปากช่อง
2205,2567,หล่มสัก ,วิสาหกิจชุมชนเกษตรปลอดภัยสมุนไพรล้ำค่า,เลขที่ 276 หมู่ 12 ตำบลปากช่อง อำเภอหล่มสัก เพชรบูรณ์ 67110,สำนักงานเกษตรจังหวัดเพชรบูรณ์,ปากช่อง
2206,2567,หล่มสัก ,วิสาหกิจชุมชนกลุ่มบ้านน้ำคำพัฒนา,เลขที่ 77 หมู่ 5 ตำบลปากช่อง อำเภอหล่มสัก เพชรบูรณ์ 67110,สำนักงานเกษตรจังหวัดเพชรบูรณ์,ปากช่อง
2207,2567,หล่มสัก ,วิสาหกิจชุมชนกลุ่มพืชเศรษฐกิจตัวใหม่อำเภอหล่มสัก,เลขที่ 52 หมู่ 4 ตำบลปากช่อง อำเภอหล่มสัก เพชรบูรณ์ 67110,สำนักงานเกษตรจังหวัดเพชรบูรณ์,ปากช่อง
2208,2567,หล่มสัก ,วิสาหกิจชุมชนกลุ่มเกษตรผู้ปลูกยาสูบกกโอ,เลขที่ 66 หมู่ 4 ตำบลน้ำชุน อำเภอหล่มสัก เพชรบูรณ์ 67110,สำนักงานเกษตรจังหวัดเพชรบูรณ์,น้ำชุน
2209,2567,หล่มสัก ,วิสาหกิจชุมชนกลุ่มภูมิไทร่วมใจ,เลขที่ 288 หมู่ 4 ตำบลน้ำชุน อำเภอหล่มสัก เพชรบูรณ์ 67110,สำนักงานเกษตรจังหวัดเพชรบูรณ์,น้ำชุน
2210,2567,หล่มสัก ,วิสาหกิจชุมชนกลุ่มไทบ้านสมุนไพรไทหล่ม หมู่ 13 ตำบลน้ำชุน,เลขที่ 17/1 หมู่ 13 ตำบลน้ำชุน อำเภอหล่มสัก เพชรบูรณ์ 67110,สำนักงานเกษตรจังหวัดเพชรบูรณ์,น้ำชุน
2211,2567,หล่มสัก ,วิสาหกิจชุมชนพืชผักเกษตรและสมุนไพรออนไลน์,เลขที่ 94 หมู่ 9 ตำบลน้ำชุน อำเภอหล่มสัก เพชรบูรณ์ 67110,สำนักงานเกษตรจังหวัดเพชรบูรณ์,น้ำชุน
2212,2567,หล่มสัก ,วิสาหกิจชุมชนพิลาฟาร์มสตูดิโอ,เลขที่ 81 หมู่ 10 ตำบลน้ำชุน อำเภอหล่มสัก เพชรบูรณ์ 67110,สำนักงานเกษตรจังหวัดเพชรบูรณ์,น้ำชุน
2213,2567,หล่มสัก ,เครือข่ายวิสาหกิจชุมชนยังสมาทฟาร์มเมอร์จังหวัดเพชรบูรณ์,เลขที่ 260 หมู่ 10 ตำบลบุ่งน้ำเต้า อำเภอหล่มสัก เพชรบูรณ์ 67110,สำนักงานเกษตรจังหวัดเพชรบูรณ์,บุ่งน้ำเต้า
2214,2567,หล่มสัก ,วิสาหกิจชุมชนกลุ่มจัดซื้อและเลี้ยงโคแม่พันธุ์บ้านดงข่อยหมู่ 1,เลขที่ 3 หมู่ 1 ตำบลหนองไขว่ อำเภอหล่มสัก เพชรบูรณ์ 67110,สำนักงานเกษตรจังหวัดเพชรบูรณ์,หนองไขว่
2215,2567,หล่มสัก ,วิสาหกิจชุมชนโคกหนองนาโมเดลเพื่อการเรียนรู้บ้านสวนละมุด,เลขที่ 93 หมู่ 12 ตำบลหนองไขว่ อำเภอหล่มสัก เพชรบูรณ์ 67110,สำนักงานเกษตรจังหวัดเพชรบูรณ์,หนองไขว่
2216,2567,หล่มสัก ,วิสาหกิจชุมชนกลุ่มผลิตพืชผัก GAP ตำบลหนองไขว่,เลขที่ 8 หมู่ 2 ตำบลหนองไขว่ อำเภอหล่มสัก เพชรบูรณ์ 67110,สำนักงานเกษตรจังหวัดเพชรบูรณ์,หนองไขว่
2217,2567,หล่มสัก ,วิสาหกิจชุมชนกลุ่มจักสานบ้านงิ้วงาม,เลขที่ 49 หมู่ 11 ตำบลลานบ่า อำเภอหล่มสัก เพชรบูรณ์ 67110,สำนักงานเกษตรจังหวัดเพชรบูรณ์,ลานบ่า
2218,2567,หล่มสัก ,วิสาหกิจชุมชนกลุ่มจักสานตะกร้าใส่ผักบ้านท่าขาม,เลขที่ 155 หมู่ 5 ตำบลลานบ่า อำเภอหล่มสัก เพชรบูรณ์ 67110,สำนักงานเกษตรจังหวัดเพชรบูรณ์,ลานบ่า
2219,2567,หล่มสัก ,วิสาหกิจชุมชนกลุ่มเกษตรกรบ้านท่าขาม,เลขที่ 154 หมู่ 5 ตำบลลานบ่า อำเภอหล่มสัก เพชรบูรณ์ 67110,สำนักงานเกษตรจังหวัดเพชรบูรณ์,ลานบ่า
2220,2567,หล่มสัก ,วิสาหกิจชุมชนกลุ่มออมทรัพย์เพื่อการผลิตใบยาสูบบ้านลานบ่าหมู่ 6,เลขที่ 124 หมู่ 6 ตำบลลานบ่า อำเภอหล่มสัก เพชรบูรณ์ 67110,สำนักงานเกษตรจังหวัดเพชรบูรณ์,ลานบ่า
2221,2567,หล่มสัก ,วิสาหกิจชุมชนอัดฟางก้อน หมู่ 6,เลขที่ 68 หมู่ 6 ตำบลลานบ่า อำเภอหล่มสัก เพชรบูรณ์ 67110,สำนักงานเกษตรจังหวัดเพชรบูรณ์,ลานบ่า
2222,2567,หล่มสัก ,วิสาหกิจชุมชนกลุ่มออมทรัพย์ฯ เพื่อการออมหุ้น หมู่ 7,เลขที่ 76 หมู่ 7 ตำบลลานบ่า อำเภอหล่มสัก เพชรบูรณ์ 67110,สำนักงานเกษตรจังหวัดเพชรบูรณ์,ลานบ่า
2223,2567,หล่มสัก ,วิสาหกิจชุมชนกลุ่มออมทรัพย์ฯ หมู่ 3 บ้านวังโป่ง ตำบลลานบ่า,เลขที่ 56 หมู่ 3 ตำบลลานบ่า อำเภอหล่มสัก เพชรบูรณ์ 67110,สำนักงานเกษตรจังหวัดเพชรบูรณ์,ลานบ่า
2224,2567,หล่มสัก ,วิสาหกิจชุมชนธนาคารหมู่บ้านตามแนวพระราชดำริบ้านท่าขาม,เลขที่ 137 หมู่ 5 ตำบลลานบ่า อำเภอหล่มสัก เพชรบูรณ์ 67110,สำนักงานเกษตรจังหวัดเพชรบูรณ์,ลานบ่า
2225,2567,หล่มสัก ,วิสาหกิจชุมชนธนาคารหมู่บ้านท่าใหม่ ตามแนวพระราชดำริ,เลขที่ 101/1 หมู่ 12 ตำบลลานบ่า อำเภอหล่มสัก เพชรบูรณ์ 67110,สำนักงานเกษตรจังหวัดเพชรบูรณ์,ลานบ่า
2226,2567,หล่มสัก ,วิสาหกิจชุมชนธนาคารหมู่บ้านตามแนวพระราชดำริบ้านจางวาง,เลขที่ 147 หมู่ 18 ตำบลลานบ่า อำเภอหล่มสัก เพชรบูรณ์ 67110,สำนักงานเกษตรจังหวัดเพชรบูรณ์,ลานบ่า
2227,2567,หล่มสัก ,วิสาหกิจชุมชนกลุ่มแปลงใหญ่ข้าวโพดเลี้ยงสัตว์ตำบลลานบ่า,เลขที่ 1 หมู่ 9 ตำบลลานบ่า อำเภอหล่มสัก เพชรบูรณ์ 67110,สำนักงานเกษตรจังหวัดเพชรบูรณ์,ลานบ่า
2228,2567,หล่มสัก ,วิสาหกิจชุมชนกลุ่มการผลิตพืชบ้านงิ้วงาม,เลขที่ 90 หมู่ 11 ตำบลลานบ่า อำเภอหล่มสัก เพชรบูรณ์ 67110,สำนักงานเกษตรจังหวัดเพชรบูรณ์,ลานบ่า
2229,2567,หล่มสัก ,วิสาหกิจชุมชนแปรรูปบ้านกุดกุ่ม,เลขที่ 7 หมู่ 8 ตำบลบุ่งคล้า อำเภอหล่มสัก เพชรบูรณ์ 67110,สำนักงานเกษตรจังหวัดเพชรบูรณ์,บุ่งคล้า
2230,2567,หล่มสัก ,วิสาหกิจชุมชนเกษตรอินทรีย์วิถีคนรุ่นใหม่หล่มสัก,เลขที่ 10 หมู่ 8 ตำบลบุ่งคล้า อำเภอหล่มสัก เพชรบูรณ์ 67110,สำนักงานเกษตรจังหวัดเพชรบูรณ์,บุ่งคล้า
2231,2567,หล่มสัก ,วิสาหกิจชุมชนกลุ่มดินทองการเกษตร,เลขที่ 124 หมู่ 10 ตำบลบุ่งน้ำเต้า อำเภอหล่มสัก เพชรบูรณ์ 67110,สำนักงานเกษตรจังหวัดเพชรบูรณ์,บุ่งน้ำเต้า
2232,2567,หล่มสัก ,วิสาหกิจชุมชนรวบรวมและแปรรูปมะขามหวานบ้านมะขาม,เลขที่ 96 หมู่ 4 ตำบลบุ่งน้ำเต้า อำเภอหล่มสัก เพชรบูรณ์ 67110,สำนักงานเกษตรจังหวัดเพชรบูรณ์,บุ่งน้ำเต้า
2233,2567,หล่มสัก ,วิสาหกิจชุมชนกลุ่มแปลงใหญ่ข้าวโพดเลี้ยงสัตว์ตำบลบุ่งน้ำเต้า,เลขที่ 42/1 หมู่ 3 ตำบลบุ่งน้ำเต้า อำเภอหล่มสัก เพชรบูรณ์ 67110,สำนักงานเกษตรจังหวัดเพชรบูรณ์,บุ่งน้ำเต้า
2234,2567,หล่มสัก ,วิสาหกิจชุมชนปลูกสมุนไพร หมู่4 ต.บุ่งน้ำเต้า,เลขที่ 59/1 หมู่ 4 ตำบลบุ่งน้ำเต้า อำเภอหล่มสัก เพชรบูรณ์ 67110,สำนักงานเกษตรจังหวัดเพชรบูรณ์,บุ่งน้ำเต้า
2235,2567,หล่มสัก ,วิสาหกิจชุมชนสานสายใยใจไทยทุกภาคตำบลบุ่งน้ำเต้า,เลขที่ 95 หมู่ 7 ตำบลบุ่งน้ำเต้า อำเภอหล่มสัก เพชรบูรณ์ 67110,สำนักงานเกษตรจังหวัดเพชรบูรณ์,บุ่งน้ำเต้า
2236,2567,หล่มสัก ,วิสาหกิจชุมชนกลุ่มร้านค้าออมทรัพย์เพื่อการผลิตบ้านป่าบง,เลขที่ 124/2 หมู่ 6 ตำบลบ้านกลาง อำเภอหล่มสัก เพชรบูรณ์ 67110,สำนักงานเกษตรจังหวัดเพชรบูรณ์,บ้านกลาง
2237,2567,หล่มสัก ,วิสาหกิจชุมชนกลุ่มผู้ปลูกยาเส้นอิดำ,เลขที่ 25 หมู่ 16 ตำบลบ้านกลาง อำเภอหล่มสัก เพชรบูรณ์ 67110,สำนักงานเกษตรจังหวัดเพชรบูรณ์,บ้านกลาง
2238,2567,หล่มสัก ,วิสาหกิจชุมชนแปลงใหญ่ผักปลอดภัยตำบลบ้านกลาง,เลขที่ 4 หมู่ 5 ตำบลบ้านกลาง อำเภอหล่มสัก เพชรบูรณ์ 67110,สำนักงานเกษตรจังหวัดเพชรบูรณ์,บ้านกลาง
2239,2567,หล่มสัก ,วิสาหกิจชุมชนกลุ่มผู้เลี้ยงแพาะบ้านน้ำพุพัฒนา,เลขที่ 19 หมู่ 11 ตำบลบ้านกลาง อำเภอหล่มสัก เพชรบูรณ์ 67110,สำนักงานเกษตรจังหวัดเพชรบูรณ์,บ้านกลาง
2240,2567,หล่มสัก ,วิสาหกิจชุมชนกลุ่มเลี้ยงจิ้งหรีดบ้านโป่งขามผาด,เลขที่ 27 หมู่ 7 ตำบลบ้านกลาง อำเภอหล่มสัก เพชรบูรณ์ 67110,สำนักงานเกษตรจังหวัดเพชรบูรณ์,บ้านกลาง
2241,2567,หล่มสัก ,วิสาหกิจชุมชนกลุ่มเลี้ยงแพะ (ขยายพันธุ์) บ้านน้ำหลุม,เลขที่ 172/1 หมู่ 12  ตำบลบ้านกลาง อำเภอหล่มสัก เพชรบูรณ์ 67110,สำนักงานเกษตรจังหวัดเพชรบูรณ์,บ้านกลาง
2242,2567,หล่มสัก ,วิสาหกิจชุมชนกลุ่มเลี้ยงแพะ(ขยายพันธุ์) บ้านห้วยด่านน้อย,เลขที่ 33 หมู่ที่ 9  ตำบลบ้านกลาง อำเภอหล่มสัก เพชรบูรณ์ 67110,สำนักงานเกษตรจังหวัดเพชรบูรณ์,บ้านกลาง
2243,2567,หล่มสัก ,วิสาหกิจชุมชนกลุ่มเลี้ยงแพะ (ขยายพันธุ์) บ้านร่องกระถิน,เลขที่ 128 หมู่ 5 ตำบลบ้านกลาง อำเภอหล่มสัก เพชรบูรณ์ 67110,สำนักงานเกษตรจังหวัดเพชรบูรณ์,บ้านกลาง
2244,2567,หล่มสัก ,วิสาหกิจชุมชนกลุ่มเลี้ยงแพะ(ขยายพันธุ์) ห้วยด่านเหนือ,เลขที่ 18 หมู่ 1 ตำบลบ้านกลาง อำเภอหล่มสัก เพชรบูรณ์ 67110,สำนักงานเกษตรจังหวัดเพชรบูรณ์,บ้านกลาง
2245,2567,หล่มสัก ,วิสาหกิจชุมชนกลุ่มเลี้ยงแพะ(ขยายพันธุ์) บ้านน้ำเลน,เลขที่ 127 หมู่ 4 ตำบลบ้านกลาง อำเภอหล่มสัก เพชรบูรณ์ 67110,สำนักงานเกษตรจังหวัดเพชรบูรณ์,บ้านกลาง
2246,2567,หล่มสัก ,วิสาหกิจชุมชนกลุ่มผู้เลี้ยงวัวบ้านช้างตะลูด,เลขที่ 210 หมู่ 11 ตำบลช้างตะลูด อำเภอหล่มสัก เพชรบูรณ์ 67110,สำนักงานเกษตรจังหวัดเพชรบูรณ์,ช้างตะลูด
2247,2567,หล่มสัก ,วิสาหกิจชุมชนกลุ่มผลิตกิ่งพันธุ์ไม้,เลขที่ 63 หมู่ 10 ตำบลช้างตะลูด อำเภอหล่มสัก เพชรบูรณ์ 67110,สำนักงานเกษตรจังหวัดเพชรบูรณ์,ช้างตะลูด
2248,2567,หล่มสัก ,วิสาหกิจชุมชนผลิตภัณฑ์พืชอินทรีย์บ้านช้างตะลูด,เลขที่ 103 หมู่ 7 ตำบลช้างตะลูด อำเภอหล่มสัก เพชรบูรณ์ 67110,สำนักงานเกษตรจังหวัดเพชรบูรณ์,ช้างตะลูด
2249,2567,หล่มสัก ,วิสาหกิจชุมชนผลิตภัณฑ์อินทรีย์เพชรบูรณ์,เลขที่ 150 หมู่ 5 ตำบลช้างตะลูด อำเภอหล่มสัก เพชรบูรณ์ 67110,สำนักงานเกษตรจังหวัดเพชรบูรณ์,ช้างตะลูด
2250,2567,หล่มสัก ,วิสาหกิจชุมชนเกษตรพืชผักปลอดภัยบ้านช้างตะลูด,เลขที่ 181 หมู่ 7 ตำบลช้างตะลูด อำเภอหล่มสัก เพชรบูรณ์ 67110,สำนักงานเกษตรจังหวัดเพชรบูรณ์,ช้างตะลูด
2251,2567,หล่มสัก ,วิสาหกิจชุมชนพืชผักสมุนไพรตามรอยพระบาท,เลขที่ 35/1 หมู่ 4 ตำบลช้างตะลูด อำเภอหล่มสัก เพชรบูรณ์ 67110,สำนักงานเกษตรจังหวัดเพชรบูรณ์,ช้างตะลูด
2252,2567,หล่มสัก ,วิสาหกิจชุมชนแปรรูปมะขาม ม.7 ต.ช้างตะลูด,เลขที่ 71/5 หมู่ 7 ตำบลช้างตะลูด อำเภอหล่มสัก เพชรบูรณ์ 67110,สำนักงานเกษตรจังหวัดเพชรบูรณ์,ช้างตะลูด
2253,2567,หล่มสัก ,วิสาหกิจชุมชนกลุ่มเลี้ยงไก่พันธุ์ไข่บ้านซำภู,เลขที่ 18 หมู่ 5  ตำบลช้างตะลูด อำเภอหล่มสัก เพชรบูรณ์ 67110,สำนักงานเกษตรจังหวัดเพชรบูรณ์,ช้างตะลูด
2254,2567,หล่มสัก ,วิสาหกิจชุมชนสานสายใยใจไทยทุกภาค ตำบลช้างตะลูด,เลขที่ 34/4 หมู่ 2 ตำบลช้างตะลูด อำเภอหล่มสัก เพชรบูรณ์ 67110,สำนักงานเกษตรจังหวัดเพชรบูรณ์,ช้างตะลูด
2255,2567,หล่มสัก ,วิสาหกิจชุมชนสานสายใยใจไทยทุกภาค ต.บ้านกลาง,เลขที่ 14 หมู่ 9 ตำบลช้างตะลูด อำเภอหล่มสัก เพชรบูรณ์ 67110,สำนักงานเกษตรจังหวัดเพชรบูรณ์,ช้างตะลูด
2256,2567,หล่มสัก ,วิสาหกิจชุมชนกลุ่มผู้ทำปุ๋ยน้ำหมักชีวภาพ,เลขที่ 5 หมู่ 5 ตำบลบ้านไร่ อำเภอหล่มสัก เพชรบูรณ์ 67110,สำนักงานเกษตรจังหวัดเพชรบูรณ์,บ้านไร่
2257,2567,หล่มสัก ,วิสาหกิจชุมชนเกษตรอินทรีย์ชีววิถีบ้านไร่,เลขที่ 198 หมู่ 1 ตำบลบ้านไร่ อำเภอหล่มสัก เพชรบูรณ์ 67110,สำนักงานเกษตรจังหวัดเพชรบูรณ์,บ้านไร่
2258,2567,หล่มสัก ,วิสาหกิจชุมชนสานสายใยใจไทยทุกภาคเกษตรผสมผสานอาหารแปรรูปอุตสาหกรรม,เลขที่ 209 หมู่ 1 ตำบลบ้านไร่ อำเภอหล่มสัก เพชรบูรณ์ 67110,สำนักงานเกษตรจังหวัดเพชรบูรณ์,บ้านไร่
2259,2567,หล่มสัก ,วิสาหกิจชุมชนสานสายใยใจไทยทุกภาคตำบลปากดุก,เลขที่ 56 หมู่ 4 ตำบลปากดุก อำเภอหล่มสัก เพชรบูรณ์ 67110,สำนักงานเกษตรจังหวัดเพชรบูรณ์,ปากดุก
2260,2567,หล่มสัก ,วิสาหกิจชุมชนกลุ่มผู้ปลูกข้าวและยาสูบหมู่ 5 ตำบลบ้านหวาย,เลขที่ 94 หมู่ 5 ตำบลบ้านหวาย อำเภอหล่มสัก เพชรบูรณ์ 67110,สำนักงานเกษตรจังหวัดเพชรบูรณ์,บ้านหวาย
2261,2567,หล่มสัก ,วิสาหกิจชุมชนกลุ่มชุมชนไม้มีค่าและการแปรรูปผลิตผลทางการเกษตรห้วยแสนคำ,เลขที่ 2 หมู่ 7 ตำบลบ้านหวาย อำเภอหล่มสัก เพชรบูรณ์ 67110,สำนักงานเกษตรจังหวัดเพชรบูรณ์,บ้านหวาย
2262,2567,หล่มสัก ,วิสาหกิจชุมชนโนนสาวเอ้ออร์แกนิคฟาร์ม,เลขที่ 71 หมู่ 7 ตำบลบ้านหวาย อำเภอหล่มสัก เพชรบูรณ์ 67110,สำนักงานเกษตรจังหวัดเพชรบูรณ์,บ้านหวาย
2263,2567,หล่มสัก ,วิสาหกิจชุมชนกลุ่มทอผ้าไทหล่มบ้านหวาย,เลขที่ 43 หมู่ 1 ตำบลบ้านหวาย อำเภอหล่มสัก เพชรบูรณ์ 67110,สำนักงานเกษตรจังหวัดเพชรบูรณ์,บ้านหวาย
2264,2567,หล่มสัก ,วิสาหกิจชุมชนแปลงใหญ่ผักตำบลบ้านหวาย,เลขที่ 115 หมู่ 4 ตำบลบ้านหวาย อำเภอหล่มสัก เพชรบูรณ์ 67110,สำนักงานเกษตรจังหวัดเพชรบูรณ์,บ้านหวาย
2265,2567,หล่มสัก ,วิสาหกิจชุมชนกลุ่มผู้เลี้ยงวัวแม่พันธุ์หมู่ 6 ท่าอิบุญ,เลขที่ 111 หมู่ 6 ตำบลท่าอิบุญ อำเภอหล่มสัก เพชรบูรณ์ 67110,สำนักงานเกษตรจังหวัดเพชรบูรณ์,ท่าอิบุญ
2266,2567,หล่มสัก ,วิสาหกิจชุมชนกลุ่มออมทรัพย์ฯ ม.1 บ้านท่าช้าง ต.ห้วยไร่,เลขที่ 106 หมู่ 1 ตำบลห้วยไร่ อำเภอหล่มสัก เพชรบูรณ์ 67110,สำนักงานเกษตรจังหวัดเพชรบูรณ์,ห้วยไร่
2267,2567,หล่มสัก ,วิสาหกิจชุมชนหน่อไม้ฝรั่งปลอดภัยตำบลห้วยไร่,เลขที่ 113/2 หมู่ 10 ตำบลห้วยไร่ อำเภอหล่มสัก เพชรบูรณ์ 67110,สำนักงานเกษตรจังหวัดเพชรบูรณ์,ห้วยไร่
2268,2567,หล่มสัก ,วิสาหกิจชุมชนกลุ่มผู้ทำการเกษตร,เลขที่ 16 หมู่ 4 ตำบลห้วยไร่ อำเภอหล่มสัก เพชรบูรณ์ 67110,สำนักงานเกษตรจังหวัดเพชรบูรณ์,ห้วยไร่
2269,2567,หล่มสัก ,วิสาหกิจชุมชนกลุ่มเกษตรอินทรีย์บ้านวังร่อง,เลขที่ 214 หมู่ 5 ตำบลห้วยไร่ อำเภอหล่มสัก เพชรบูรณ์ 67110,สำนักงานเกษตรจังหวัดเพชรบูรณ์,ห้วยไร่
2270,2567,หล่มสัก ,วิสาหกิจชุมชนกลุ่มน้ำก้อท่องเที่ยวเชิงเกษตร,เลขที่ 198 หมู่ 2 ตำบลน้ำก้อ อำเภอหล่มสัก เพชรบูรณ์ 67110,สำนักงานเกษตรจังหวัดเพชรบูรณ์,น้ำก้อ
2271,2567,หล่มสัก ,วิสาหกิจชุมชนผู้ปลูกมะขามหวานผลิตผลและผู้เลี้ยงสัตว์(แกะ โคขุน),เลขที่ 41 หมู่ 9 ตำบลปากช่อง อำเภอหล่มสัก เพชรบูรณ์ 67110,สำนักงานเกษตรจังหวัดเพชรบูรณ์,ปากช่อง
2272,2567,หล่มสัก ,วิสาหกิจชุมชนพืชผักปลอดภัยตำบลปากช่อง,เลขที่ 335/1 หมู่ 12 ตำบลปากช่อง อำเภอหล่มสัก เพชรบูรณ์ 67110,สำนักงานเกษตรจังหวัดเพชรบูรณ์,ปากช่อง
2273,2567,หล่มสัก ,วิสาหกิจชุมชนสถานีผลิตพลังงานชีวมวลชุมชนตำบลปากช่อง จังหวัดเพชรบูรณ์,เลขที่ 86 หมู่ 5 ตำบลปากช่อง อำเภอหล่มสัก เพชรบูรณ์ 67110,สำนักงานเกษตรจังหวัดเพชรบูรณ์,ปากช่อง
2274,2567,หล่มสัก ,วิสาหกิจชุมชนบริษัทกรีนเอิร์ธไบโอเทคโนโลยี(ประเทศไทย)จำกัด,เลขที่ 99/9 หมู่ 9 ตำบลน้ำชุน อำเภอหล่มสัก เพชรบูรณ์ 67110,สำนักงานเกษตรจังหวัดเพชรบูรณ์,น้ำชุน
2275,2567,หล่มสัก ,วิสาหกิจชุมชนกลุ่มโคกระบือบ้านคลองสีฟัน,เลขที่ 150 หมู่ 8 ตำบลลานบ่า อำเภอหล่มสัก เพชรบูรณ์ 67110,สำนักงานเกษตรจังหวัดเพชรบูรณ์,ลานบ่า
2276,2567,หล่มสัก ,วิสาหกิจชุมชนเลี้ยงโคกระบือสนามบิน,เลขที่ 38 หมู่ 9 ตำบลลานบ่า อำเภอหล่มสัก เพชรบูรณ์ 67110,สำนักงานเกษตรจังหวัดเพชรบูรณ์,ลานบ่า
2277,2567,หล่มสัก ,วิสาหกิจชุมชนกลุ่มผลิตเมล็ดพันธุ์ข้าวโพดลูกผสมบ้านไร่พัฒนา,เลขที่ 55 หมู่ 14 ตำบลลานบ่า อำเภอหล่มสัก เพชรบูรณ์ 67110,สำนักงานเกษตรจังหวัดเพชรบูรณ์,ลานบ่า
2278,2567,หล่มสัก ,วิสาหกิจชุมชนกลุ่มส้มโอหวานบ้านคลองสีฟันตำบลลานบ่า,เลขที่ 150 หมู่ 8 ตำบลลานบ่า อำเภอหล่มสัก เพชรบูรณ์ 67110,สำนักงานเกษตรจังหวัดเพชรบูรณ์,ลานบ่า
2279,2567,หล่มสัก ,วิสาหกิจชุมชนกลุ่มส้มโอหวานบ้านคลองสีฟันตำบลลานบ่า 2,เลขที่ 43 หมู่ 8 ตำบลลานบ่า อำเภอหล่มสัก เพชรบูรณ์ 67110,สำนักงานเกษตรจังหวัดเพชรบูรณ์,ลานบ่า
2280,2567,หล่มสัก ,วิสาหกิจชุมชนธนาคารหมู่บ้านงิ้วงาม,เลขที่ 90 หมู่ 11 ตำบลลานบ่า อำเภอหล่มสัก เพชรบูรณ์ 67110,สำนักงานเกษตรจังหวัดเพชรบูรณ์,ลานบ่า
2281,2567,หล่มสัก ,วิสาหกิจชุมชนธนาคารหมู่บ้านวังโป่ง,เลขที่ 27 หมู่ 3 ตำบลลานบ่า อำเภอหล่มสัก เพชรบูรณ์ 67110,สำนักงานเกษตรจังหวัดเพชรบูรณ์,ลานบ่า
2282,2567,หล่มสัก ,วิสาหกิจชุมชนกลุ่มพัฒนาอาชีพเพาะเห็ดตำบลบุ่งน้ำเต้า,เลขที่ 260 หมู่ 10 ตำบลบุ่งน้ำเต้า อำเภอหล่มสัก เพชรบูรณ์ 67110,สำนักงานเกษตรจังหวัดเพชรบูรณ์,บุ่งน้ำเต้า
2283,2567,หล่มสัก ,วิสาหกิจชุมชนธนาคารผักปลอดสาร459ชุมชนบ้านไร่,เลขที่ 189 หมู่ 1 ตำบลบ้านไร่ อำเภอหล่มสัก เพชรบูรณ์ 67110,สำนักงานเกษตรจังหวัดเพชรบูรณ์,บ้านไร่
2284,2567,หล่มสัก ,วิสาหกิจชุมชนผลิตผักตำบลปากดุก,เลขที่ 33/3 หมู่ 6 ตำบลปากดุก อำเภอหล่มสัก เพชรบูรณ์ 67110,สำนักงานเกษตรจังหวัดเพชรบูรณ์,ปากดุก
2285,2567,หล่มเก่า,วิสาหกิจชุมชนกลุ่มออมทรัพย์เพื่อการผลิต  หมู่ 2,เลขที่ 26/1 หมู่ 2 ตำบลหล่มเก่า อำเภอหล่มเก่า เพชรบูรณ์ 67120,สำนักงานเกษตรจังหวัดเพชรบูรณ์,หล่มเก่า
2286,2567,หล่มเก่า,วิสาหกิจชุมชนกลุ่มมะขามแปรรูปบ้านหินกลิ้ง,เลขที่ 26/1 หมู่ 2 ตำบลหล่มเก่า อำเภอหล่มเก่า เพชรบูรณ์ 67120,สำนักงานเกษตรจังหวัดเพชรบูรณ์,หล่มเก่า
2287,2567,หล่มเก่า,วิสาหกิจชุมชนกลุ่มออมทรัพย์เพื่อการผลิต  ม.3,เลขที่ 41 หมู่ 3 ตำบลหล่มเก่า อำเภอหล่มเก่า เพชรบูรณ์ 67120,สำนักงานเกษตรจังหวัดเพชรบูรณ์,หล่มเก่า
2288,2567,หล่มเก่า,วิสาหกิจชุมชนปลูกพืชสมุนไพรเพื่อการพัฒนาสุขภาพครบวงจร,เลขที่ 54 หมู่ 13 ตำบลหล่มเก่า อำเภอหล่มเก่า เพชรบูรณ์ 67120,สำนักงานเกษตรจังหวัดเพชรบูรณ์,หล่มเก่า
2289,2567,หล่มเก่า,วิสาหกิจชุมชนกลุ่มบ้านวังเวินเกษตรปลอดภัย,เลขที่ 202 หมู่ 12 ตำบลหล่มเก่า อำเภอหล่มเก่า เพชรบูรณ์ 67120,สำนักงานเกษตรจังหวัดเพชรบูรณ์,หล่มเก่า
2290,2567,หล่มเก่า,วิสาหกิจชุมชนบ้านสมุนไพรฅนไทหล่ม,เลขที่ 132 หมู่ 9 ตำบลหล่มเก่า อำเภอหล่มเก่า เพชรบูรณ์ 67120,สำนักงานเกษตรจังหวัดเพชรบูรณ์,หล่มเก่า
2291,2567,หล่มเก่า,วิสาหกิจชุมชนกลุ่มพริกขิงแปรรูป,เลขที่ 97  หมู่ที่ 12 ตำบลหินฮาว อำเภอหล่มเก่า เพชรบูรณ์ 67120,สำนักงานเกษตรจังหวัดเพชรบูรณ์,หินฮาว
2292,2567,หล่มเก่า,วิสาหกิจชุมชนกลุ่มทอผ้าบ้านอีเลิศ,เลขที่ 210 หมู่ 8 ตำบลนาซำ อำเภอหล่มเก่า เพชรบูรณ์ 67120,สำนักงานเกษตรจังหวัดเพชรบูรณ์,นาซำ
2293,2567,หล่มเก่า,วิสาหกิจชุมชนกลุ่มแปรรูปพริกบ้านแก่งโตน,เลขที่ 147 หมู่ 2 ตำบลนาซำ อำเภอหล่มเก่า เพชรบูรณ์ 67120,สำนักงานเกษตรจังหวัดเพชรบูรณ์,นาซำ
2294,2567,หล่มเก่า,วิสาหกิจชุมชนกลุ่มแม่บ้านทฤษฎีใหม่,เลขที่ 165 หมู่ 1 ตำบลนาซำ อำเภอหล่มเก่า เพชรบูรณ์ 67120,สำนักงานเกษตรจังหวัดเพชรบูรณ์,นาซำ
2295,2567,หล่มเก่า,วิสาหกิจชุมชนพืชพลังงานเพื่อเศรษฐกิจฐานรากนาซำ,เลขที่ 40 หมู่ 8 ตำบลนาซำ อำเภอหล่มเก่า เพชรบูรณ์ 67120,สำนักงานเกษตรจังหวัดเพชรบูรณ์,นาซำ
2296,2567,หล่มเก่า,วิสาหกิจชุมชนกลุ่มแปลงใหญ่กล้วยตำบลนาซำ,เลขที่ 75/2 หมู่ 6 ตำบลนาซำ อำเภอหล่มเก่า เพชรบูรณ์ 67120,สำนักงานเกษตรจังหวัดเพชรบูรณ์,นาซำ
2297,2567,หล่มเก่า,วิสาหกิจชุมชนแปลงใหญ่มะละกอบ้านหนองใหญ่,เลขที่ 23 หมู่ 1 ตำบลนาซำ อำเภอหล่มเก่า เพชรบูรณ์ 67120,สำนักงานเกษตรจังหวัดเพชรบูรณ์,นาซำ
2298,2567,หล่มเก่า,วิสาหกิจชุมชนแปลงใหญ่มะขามตำบลนาซำ,เลขที่ 92 หมู่ 7 ตำบลนาซำ อำเภอหล่มเก่า เพชรบูรณ์ 67120,สำนักงานเกษตรจังหวัดเพชรบูรณ์,นาซำ
2299,2567,หล่มเก่า,วิสาหกิจชุมชนกลุ่มทอผ้าบ้านนาซำ,เลขที่ 258  หมู่ที่ 6 ตำบลนาซำ อำเภอหล่มเก่า เพชรบูรณ์ 67120,สำนักงานเกษตรจังหวัดเพชรบูรณ์,นาซำ
2300,2567,หล่มเก่า,วิสาหกิจชุมชนกลุ่มสานสายใยใจไทยทุกภาคหล่มเก่า,เลขที่ 20  หมู่ที่  7 ตำบลนาซำ อำเภอหล่มเก่า เพชรบูรณ์ 67120,สำนักงานเกษตรจังหวัดเพชรบูรณ์,นาซำ
2301,2567,หล่มเก่า,วิสาหกิจชุมชนศูนย์ข้าวชุมชนบ้านแก่งโตนใหม่,เลขที่ 24 หมู่ที่ 10 ตำบลนาซำ อำเภอหล่มเก่า เพชรบูรณ์ 67120,สำนักงานเกษตรจังหวัดเพชรบูรณ์,นาซำ
2302,2567,หล่มเก่า,วิสาหกิจชุมชนศูนย์ส่งเสริมและผลิตพันธุ์ข้าวชุมชน ต.หินฮาว,เลขที่ 32 หมู่ 2 ตำบลหินฮาว อำเภอหล่มเก่า เพชรบูรณ์ 67120,สำนักงานเกษตรจังหวัดเพชรบูรณ์,หินฮาว
2303,2567,หล่มเก่า,วิสาหกิจชุมชนกลุ่มปลูกและซื้อ-ขายยาสูบ,เลขที่ 151 หมู่ 13 ตำบลหินฮาว อำเภอหล่มเก่า เพชรบูรณ์ 67120,สำนักงานเกษตรจังหวัดเพชรบูรณ์,หินฮาว
2304,2567,หล่มเก่า,วิสาหกิจชุมชนกลุ่มเลี้ยงโคพันธุ์เนื้อบ้านหนองเล,เลขที่ 96 หมู่ 13 ตำบลหินฮาว อำเภอหล่มเก่า เพชรบูรณ์ 67120,สำนักงานเกษตรจังหวัดเพชรบูรณ์,หินฮาว
2305,2567,หล่มเก่า,วิสาหกิจชุมชนกลุ่มผลิตและจัดซื้อหอม-กระเทียมบ้านหนองเล,เลขที่ 102 หมู่ 13 ตำบลหินฮาว อำเภอหล่มเก่า เพชรบูรณ์ 67120,สำนักงานเกษตรจังหวัดเพชรบูรณ์,หินฮาว
2306,2567,หล่มเก่า,วิสาหกิจชุมชนกลุ่มทอผ้าบ้านภูผักไซ่,เลขที่ 32 หมู่ 7 ตำบลหินฮาว อำเภอหล่มเก่า เพชรบูรณ์ 67120,สำนักงานเกษตรจังหวัดเพชรบูรณ์,หินฮาว
2307,2567,หล่มเก่า,วิสาหกิจชุมชนกลุ่มผลิตและแปรรูปมะขามบ้านท่าผู,เลขที่ 143 หมู่ 6 ตำบลหินฮาว อำเภอหล่มเก่า เพชรบูรณ์ 67120,สำนักงานเกษตรจังหวัดเพชรบูรณ์,หินฮาว
2308,2567,หล่มเก่า,วิสาหกิจชุมชนผู้ปลูกพืชสมุนไพรประยุกต์ใช้เพื่อสุขภาพ,เลขที่ 123 หมู่ 13 ตำบลหินฮาว อำเภอหล่มเก่า เพชรบูรณ์ 67120,สำนักงานเกษตรจังหวัดเพชรบูรณ์,หินฮาว
2309,2567,หล่มเก่า,วิสาหกิจชุมชนกลุ่มเลี้ยงแพะบ้านปลาฝา,เลขที่ 77 หมู่ 5 ตำบลหินฮาว อำเภอหล่มเก่า เพชรบูรณ์ 67120,สำนักงานเกษตรจังหวัดเพชรบูรณ์,หินฮาว
2310,2567,หล่มเก่า,วิสาหกิจชุมชนกลุ่มผักอินทรีย์ หล่มเก่า ฮาร์ทเมด,เลขที่ 156 หมู่ 9 ตำบลหินฮาว อำเภอหล่มเก่า เพชรบูรณ์ 67120,สำนักงานเกษตรจังหวัดเพชรบูรณ์,หินฮาว
2311,2567,หล่มเก่า,วิสาหกิจชุมชนโรงเรียนเกษตรอินทรีย์,เลขที่ 212 หมู่ 3 ตำบลบ้านเนิน อำเภอหล่มเก่า เพชรบูรณ์ 67120,สำนักงานเกษตรจังหวัดเพชรบูรณ์,บ้านเนิน
2312,2567,หล่มเก่า,วิสาหกิจชุมชนภูมิไทที่ 23  มะขามแปรรูปเสน่ห์ดาว,เลขที่ 21 หมู่ 6 ตำบลบ้านเนิน อำเภอหล่มเก่า เพชรบูรณ์ 67120,สำนักงานเกษตรจังหวัดเพชรบูรณ์,บ้านเนิน
2313,2567,หล่มเก่า,วิสาหกิจชุมชนกลุ่มโคขุนตำบลบ้านเนิน 2020,เลขที่ 19/1 หมู่ 5 ตำบลบ้านเนิน อำเภอหล่มเก่า เพชรบูรณ์ 67120,สำนักงานเกษตรจังหวัดเพชรบูรณ์,บ้านเนิน
2314,2567,หล่มเก่า,วิสาหกิจชุมชนแหล่งท่องเที่ยวเชิงเกษตรภูโปรด,เลขที่ 129 หมู่ 6 ตำบลบ้านเนิน อำเภอหล่มเก่า เพชรบูรณ์ 67120,สำนักงานเกษตรจังหวัดเพชรบูรณ์,บ้านเนิน
2315,2567,หล่มเก่า,วิสาหกิจชุมชนกลุ่มผ้ามัดย้อมผ้าทอไทหล่มบ้านพร้าว,เลขที่ 124 หมู่ 3 ตำบลบ้านเนิน อำเภอหล่มเก่า เพชรบูรณ์ 67120,สำนักงานเกษตรจังหวัดเพชรบูรณ์,บ้านเนิน
2316,2567,หล่มเก่า,วิสาหกิจชุมชนสานสายใยใจไทยทุกภาคตำบลบ้านเนิน,เลขที่ 97  หมู่ที่ 4 ตำบลบ้านเนิน อำเภอหล่มเก่า เพชรบูรณ์ 67120,สำนักงานเกษตรจังหวัดเพชรบูรณ์,บ้านเนิน
2317,2567,หล่มเก่า,วิสาหกิจชุมชนท่องเที่ยวเชิงเกษตรและวัฒนธรรมบ้านน้ำเพียงดิน,เลขที่ 9  หมู่ที่ 8 ตำบลบ้านเนิน อำเภอหล่มเก่า เพชรบูรณ์ 67120,สำนักงานเกษตรจังหวัดเพชรบูรณ์,บ้านเนิน
2318,2567,หล่มเก่า,วิสาหกิจชุมชนกลุ่มผู้ค้าสลากกินแบ่งรัฐบาล,เลขที่ 280 หมู่ 6 ตำบลศิลา อำเภอหล่มเก่า เพชรบูรณ์ 67120,สำนักงานเกษตรจังหวัดเพชรบูรณ์,ศิลา
2319,2567,หล่มเก่า,วิสาหกิจชุมชนกลุ่มผู้ขายล็อตเตอรี่ตำบลศิลา,เลขที่ 107 หมู่ 4 ตำบลศิลา อำเภอหล่มเก่า เพชรบูรณ์ 67120,สำนักงานเกษตรจังหวัดเพชรบูรณ์,ศิลา
2320,2567,หล่มเก่า,วิสาหกิจชุมชนกลุ่มปลูกยางพาราบ้านอุ่มกะทาด,เลขที่ 30 หมู่ 3 ตำบลศิลา อำเภอหล่มเก่า เพชรบูรณ์ 67120,สำนักงานเกษตรจังหวัดเพชรบูรณ์,ศิลา
2321,2567,หล่มเก่า,วิสาหกิจชุมชนกลุ่มพัฒนาอาชีพห้วยผักกูด,เลขที่ 89 หมู่ 10 ตำบลศิลา อำเภอหล่มเก่า เพชรบูรณ์ 67120,สำนักงานเกษตรจังหวัดเพชรบูรณ์,ศิลา
2322,2567,หล่มเก่า,วิสาหกิจชุมชนต้นน้ำห้วยผักกูด  (ผู้ค้าสลากกินแบ่งรัฐบาล),เลขที่ 38 หมู่ 10 ตำบลศิลา อำเภอหล่มเก่า เพชรบูรณ์ 67120,สำนักงานเกษตรจังหวัดเพชรบูรณ์,ศิลา
2323,2567,หล่มเก่า,วิสาหกิจชุมชนกลุ่มปลูกข้าวโพดเลี้ยงสัตว์บ้านศิลา,เลขที่ 311/1 หมู่ 6 ตำบลศิลา อำเภอหล่มเก่า เพชรบูรณ์ 67120,สำนักงานเกษตรจังหวัดเพชรบูรณ์,ศิลา
2324,2567,หล่มเก่า,วิสาหกิจชุมชนกลุ่มขายล็อตเตอรี่บ้านกลาง ม.14,เลขที่ 16 หมู่ 14 ตำบลศิลา อำเภอหล่มเก่า เพชรบูรณ์ 67120,สำนักงานเกษตรจังหวัดเพชรบูรณ์,ศิลา
2325,2567,หล่มเก่า,วิสาหกิจชุมชนกลุ่มมะขามทองตำบลศิลา,เลขที่ 166 หมู่ 7 ตำบลศิลา อำเภอหล่มเก่า เพชรบูรณ์ 67120,สำนักงานเกษตรจังหวัดเพชรบูรณ์,ศิลา
2326,2567,หล่มเก่า,วิสาหกิจชุมชนข้าวโพดแปลงใหญ่ ตำบลศิลา,เลขที่ 65 หมู่ 3 ตำบลศิลา อำเภอหล่มเก่า เพชรบูรณ์ 67120,สำนักงานเกษตรจังหวัดเพชรบูรณ์,ศิลา
2327,2567,หล่มเก่า,วิสาหกิจชุมชนกลุ่มเลี้ยงไก่ไข่บ้านโคกสว่าง,เลขที่ 151 หมู่ 12 ตำบลศิลา อำเภอหล่มเก่า เพชรบูรณ์ 67120,สำนักงานเกษตรจังหวัดเพชรบูรณ์,ศิลา
2328,2567,หล่มเก่า,วิสาหกิจชุมชนกลุ่มเลี้ยงแพะบ้านอุ่มกะทาด,เลขที่ 185 หมู่ 3 ตำบลศิลา อำเภอหล่มเก่า เพชรบูรณ์ 67120,สำนักงานเกษตรจังหวัดเพชรบูรณ์,ศิลา
2329,2567,หล่มเก่า,วิสาหกิจชุมชนกลุ่มผู้ค้าล๊อตเตอรี่บ้านใหม่หัวนา,เลขที่ 165 หมู่ 15 ตำบลศิลา อำเภอหล่มเก่า เพชรบูรณ์ 67120,สำนักงานเกษตรจังหวัดเพชรบูรณ์,ศิลา
2330,2567,หล่มเก่า,วิสาหกิจชุมชนข้าวโพดบ้านห้วยข่อย,เลขที่ 344 หมู่ 7 ตำบลศิลา อำเภอหล่มเก่า เพชรบูรณ์ 67120,สำนักงานเกษตรจังหวัดเพชรบูรณ์,ศิลา
2331,2567,หล่มเก่า,วิสาหกิจชุมชนกลุ่มผู้ปลูกไม้ผลบ้านหินโง่น,เลขที่ 53/1 หมู่ที่ 5 ตำบลศิลา อำเภอหล่มเก่า เพชรบูรณ์ 67120,สำนักงานเกษตรจังหวัดเพชรบูรณ์,ศิลา
2332,2567,หล่มเก่า,วิสาหกิจชุมชนกลุ่มเกษตรชุมชนส่งเสริมเศรษฐกิจพอเพียง,เลขที่ 21 หมู่ 7 ตำบลนาแซง อำเภอหล่มเก่า เพชรบูรณ์ 67120,สำนักงานเกษตรจังหวัดเพชรบูรณ์,นาแซง
2333,2567,หล่มเก่า,วิสาหกิจชุมชนธนาคารหมู่บ้านห้วยมะเขือ ม.4  ตำบลนาแซง,เลขที่ 127 หมู่ 4 ตำบลนาแซง อำเภอหล่มเก่า เพชรบูรณ์ 67120,สำนักงานเกษตรจังหวัดเพชรบูรณ์,นาแซง
2334,2567,หล่มเก่า,วิสาหกิจชุมชนนาแซงเพื่อการผลิต  (ศูนย์เรียนรู้มะขามหวานหล่มเก่า),เลขที่ 98 หมู่ 6 ตำบลนาแซง อำเภอหล่มเก่า เพชรบูรณ์ 67120,สำนักงานเกษตรจังหวัดเพชรบูรณ์,นาแซง
2335,2567,หล่มเก่า,วิสาหกิจชุมชนกลุ่มเกษตรกรบ้านไร่นาขี้หูด,เลขที่ 141 หมู่ 3 ตำบลนาแซง อำเภอหล่มเก่า เพชรบูรณ์ 67120,สำนักงานเกษตรจังหวัดเพชรบูรณ์,นาแซง
2336,2567,หล่มเก่า,วิสาหกิจชุมชนกลุ่มออมทรัพย์เพื่อการผลิตนาแซง,เลขที่ 65 หมู่ 2 ตำบลนาแซง อำเภอหล่มเก่า เพชรบูรณ์ 67120,สำนักงานเกษตรจังหวัดเพชรบูรณ์,นาแซง
2337,2567,หล่มเก่า,วิสาหกิจชุมชนกลุ่มสัจจะออมทรัพย์บ้านห้วยมะเขือ ม.5 ต.นาแซง,เลขที่ 18 หมู่ 5 ตำบลนาแซง อำเภอหล่มเก่า เพชรบูรณ์ 67120,สำนักงานเกษตรจังหวัดเพชรบูรณ์,นาแซง
2338,2567,หล่มเก่า,วิสาหกิจชุมชนเกษตรอินทรีย์  1 ไร่  1  แสน  บ้านห้วยมะเขือ,เลขที่ 157 หมู่ 5 ตำบลนาแซง อำเภอหล่มเก่า เพชรบูรณ์ 67120,สำนักงานเกษตรจังหวัดเพชรบูรณ์,นาแซง
2339,2567,หล่มเก่า,วิสาหกิจชุมชนผักปลอดภัยแปลงใหญ่ตำบลนาแซง,เลขที่ 127 หมู่ 4 ตำบลนาแซง อำเภอหล่มเก่า เพชรบูรณ์ 67120,สำนักงานเกษตรจังหวัดเพชรบูรณ์,นาแซง
2340,2567,หล่มเก่า,วิสาหกิจชุมชนพืชและสมุนไพรสารัช,เลขที่ 174 หมู่ 1 ตำบลนาแซง อำเภอหล่มเก่า เพชรบูรณ์ 67120,สำนักงานเกษตรจังหวัดเพชรบูรณ์,นาแซง
2341,2567,หล่มเก่า,วิสาหกิจชุมชนปุ๋ยชีวภาพ ซุปเปอร์ไบโอทอป-999,เลขที่ 160 หมู่ 3 ตำบลนาแซง อำเภอหล่มเก่า เพชรบูรณ์ 67120,สำนักงานเกษตรจังหวัดเพชรบูรณ์,นาแซง
2342,2567,หล่มเก่า,วิสาหกิจชุมชนมณฑาพืชและสมุนไพร,เลขที่ 205 หมู่ 1 ตำบลนาแซง อำเภอหล่มเก่า เพชรบูรณ์ 67120,สำนักงานเกษตรจังหวัดเพชรบูรณ์,นาแซง
2343,2567,หล่มเก่า,วิสาหกิจชุมชนจาวหล่ม,เลขที่ 168 หมู่ 3 ตำบลนาแซง อำเภอหล่มเก่า เพชรบูรณ์ 67120,สำนักงานเกษตรจังหวัดเพชรบูรณ์,นาแซง
2344,2567,หล่มเก่า,วิสาหกิจชุมชนกลุ่มแม่บ้านเกษตรกรขี้นาคแผนใหม่,เลขที่ 28 หมู่ 12 ตำบลวังบาล อำเภอหล่มเก่า เพชรบูรณ์ 67120,สำนักงานเกษตรจังหวัดเพชรบูรณ์,วังบาล
2345,2567,หล่มเก่า,วิสาหกิจชุมชนกลุ่มวิสาหกิจชุมชนท่องเที่ยวภูทับเบิก,เลขที่ 299 หมู่ 16 ตำบลวังบาล อำเภอหล่มเก่า เพชรบูรณ์ 67120,สำนักงานเกษตรจังหวัดเพชรบูรณ์,วังบาล
2346,2567,หล่มเก่า,วิสาหกิจชุมชนท่องเที่ยวม้งทับเบิก,เลขที่ 41 หมู่ 16 ตำบลวังบาล อำเภอหล่มเก่า เพชรบูรณ์ 67120,สำนักงานเกษตรจังหวัดเพชรบูรณ์,วังบาล
2347,2567,หล่มเก่า,วิสาหกิจชุมชนกลุ่มออมทรัพย์เพื่อการผลิตบ้านขี้นาค,เลขที่ 75 หมู่ 12 ตำบลวังบาล อำเภอหล่มเก่า เพชรบูรณ์ 67120,สำนักงานเกษตรจังหวัดเพชรบูรณ์,วังบาล
2348,2567,หล่มเก่า,วิสาหกิจชุมชนกลุ่มเกษตรวิถีพอเพียงบ้านน้ำครั่งน้อย ม.7,เลขที่ 3 หมู่ 7 ตำบลวังบาล อำเภอหล่มเก่า เพชรบูรณ์ 67120,สำนักงานเกษตรจังหวัดเพชรบูรณ์,วังบาล
2349,2567,หล่มเก่า,วิสาหกิจชุมชนผักแปลงใหญ่สหกรณ์ผักปลอดภัยภูทับเบิก,เลขที่ 300 หมู่ 16 ตำบลวังบาล อำเภอหล่มเก่า เพชรบูรณ์ 67120,สำนักงานเกษตรจังหวัดเพชรบูรณ์,วังบาล
2350,2567,หล่มเก่า,วิสาหกิจชุมชนท่องเที่ยวเชิงภูมิวัฒนธรรมทับเบิก,เลขที่ 363 หมู่ 16 ตำบลวังบาล อำเภอหล่มเก่า เพชรบูรณ์ 67120,สำนักงานเกษตรจังหวัดเพชรบูรณ์,วังบาล
2351,2567,หล่มเก่า,วิสาหกิจชุมชนฐานบวรวัดศรีฐาน,เลขที่ 1 หมู่ 15 ตำบลวังบาล อำเภอหล่มเก่า เพชรบูรณ์ 67120,สำนักงานเกษตรจังหวัดเพชรบูรณ์,วังบาล
2352,2567,หล่มเก่า,วิสาหกิจชุมชนผ้าตรานกยูงพระราชทานสีทองผลิตภัณฑ์วัดศรีฐานปิยาราม ตำบลวังบาล อำเภอหล่มเก่า จังหวัดเพชรบูรณ์,เลขที่ 1 หมู่ 15 ตำบลวังบาล อำเภอหล่มเก่า เพชรบูรณ์ 67120,สำนักงานเกษตรจังหวัดเพชรบูรณ์,วังบาล
2353,2567,หล่มเก่า,วิสาหกิจชุมชนกลุ่มมะขามแปลงใหญ่บ้านเหมืองแบ่ง,เลขที่ 14 หมู่ 11 ตำบลวังบาล อำเภอหล่มเก่า เพชรบูรณ์ 67120,สำนักงานเกษตรจังหวัดเพชรบูรณ์,วังบาล
2354,2567,หล่มเก่า,วิสาหกิจชุมชนมะขามสุขเสมอ,เลขที่ 143 หมู่ 11 ตำบลวังบาล อำเภอหล่มเก่า เพชรบูรณ์ 67120,สำนักงานเกษตรจังหวัดเพชรบูรณ์,วังบาล
2355,2567,หล่มเก่า,วิสาหกิจชุมชนภูทับเบิก อินทรีย์วิถีไทย,เลขที่ 63/1 หมู่ 14 ตำบลวังบาล อำเภอหล่มเก่า เพชรบูรณ์ 67120,สำนักงานเกษตรจังหวัดเพชรบูรณ์,วังบาล
2356,2567,หล่มเก่า,วิสาหกิจชุมชนศูนย์ข้าวชุมชนบ้านนาทรายหมู่ที่ 2,เลขที่ 51 หมู่ 2 ตำบลวังบาล อำเภอหล่มเก่า เพชรบูรณ์ 67120,สำนักงานเกษตรจังหวัดเพชรบูรณ์,วังบาล
2357,2567,หล่มเก่า,วิสาหกิจชุมชนกลุ่มเพิ่มทรัพย์,เลขที่ 93  หมู่ที่ 8 ตำบลวังบาล อำเภอหล่มเก่า เพชรบูรณ์ 67120,สำนักงานเกษตรจังหวัดเพชรบูรณ์,วังบาล
2358,2567,หล่มเก่า,วิสาหกิจชุมชนวิสาหกิจเพื่อชุมชนคืนชีวิตให้ภูทับเบิก,เลขที่ 63/1  หมู่ที่ 14 ตำบลวังบาล อำเภอหล่มเก่า เพชรบูรณ์ 67120,สำนักงานเกษตรจังหวัดเพชรบูรณ์,วังบาล
2359,2567,หล่มเก่า,วิสาหกิจชุมชนสานสายใยใจไทยทุกภาคตำบลวังบาล,เลขที่ 29  หมู่ที่ 6  ตำบลวังบาล อำเภอหล่มเก่า เพชรบูรณ์ 67120,สำนักงานเกษตรจังหวัดเพชรบูรณ์,วังบาล
2360,2567,หล่มเก่า,วิสาหกิจชุมชนเพิ่มสุข,เลขที่ 151  หมู่ที่ 2 ตำบลวังบาล อำเภอหล่มเก่า เพชรบูรณ์ 67120,สำนักงานเกษตรจังหวัดเพชรบูรณ์,วังบาล
2361,2567,หล่มเก่า,วิสาหกิจชุมชนผู้ค้าปลีกค้าส่งผลิตภัณฑ์มะขามเมืองเพชรบูรณ์มรดกโลก,เลขที่ 189  หมู่ที่ 12 ตำบลวังบาล อำเภอหล่มเก่า เพชรบูรณ์ 67120,สำนักงานเกษตรจังหวัดเพชรบูรณ์,วังบาล
2362,2567,หล่มเก่า,วิสาหกิจชุมชนกลุ่มผู้ปลูกยาสูบ,เลขที่ 61 หมู่ 4 ตำบลนาเกาะ อำเภอหล่มเก่า เพชรบูรณ์ 67120,สำนักงานเกษตรจังหวัดเพชรบูรณ์,นาเกาะ
2363,2567,หล่มเก่า,วิสาหกิจชุมชนกลุ่มเย็บผ้าห่มใยสังเคราะห์นาเกาะ,เลขที่ 11 หมู่ 2 ตำบลนาเกาะ อำเภอหล่มเก่า เพชรบูรณ์ 67120,สำนักงานเกษตรจังหวัดเพชรบูรณ์,นาเกาะ
2364,2567,หล่มเก่า,วิสาหกิจชุมชนกลุ่มผู้ผลิตสินค้าเกษตร หมู่ 1 ตำบลนาเกาะ,เลขที่ 50 หมู่ 1 ตำบลนาเกาะ อำเภอหล่มเก่า เพชรบูรณ์ 67120,สำนักงานเกษตรจังหวัดเพชรบูรณ์,นาเกาะ
2365,2567,หล่มเก่า,วิสาหกิจชุมชน1 ตำบล 1 กลุ่มเกษตรทฤษฎีใหม่อำเภอหล่มเก่า,เลขที่ 24 หมู่ 6 ตำบลนาเกาะ อำเภอหล่มเก่า เพชรบูรณ์ 67120,สำนักงานเกษตรจังหวัดเพชรบูรณ์,นาเกาะ
2366,2567,หล่มเก่า,วิสาหกิจชุมชนผลิตข้าวโพดเลี้ยงสัตว์  653,เลขที่ 106 หมู่ 7 ตำบลตาดกลอย อำเภอหล่มเก่า เพชรบูรณ์ 67120,สำนักงานเกษตรจังหวัดเพชรบูรณ์,ตาดกลอย
2367,2567,หล่มเก่า,วิสาหกิจชุมชนผลิตข้าวโพดเลี้ยงสัตว์  666,เลขที่ 51 หมู่ 7 ตำบลตาดกลอย อำเภอหล่มเก่า เพชรบูรณ์ 67120,สำนักงานเกษตรจังหวัดเพชรบูรณ์,ตาดกลอย
2368,2567,หล่มเก่า,วิสาหกิจชุมชนผู้ค้าล๊อตเตอรี่บ้านกกกล้วยนวน,เลขที่ 19/1 หมู่ 7 ตำบลตาดกลอย อำเภอหล่มเก่า เพชรบูรณ์ 67120,สำนักงานเกษตรจังหวัดเพชรบูรณ์,ตาดกลอย
2369,2567,หล่มเก่า,วิสาหกิจชุมชนผลิตข้าวโพดเลี้ยงสัตว์  664,เลขที่ 144 หมู่ 7 ตำบลตาดกลอย อำเภอหล่มเก่า เพชรบูรณ์ 67120,สำนักงานเกษตรจังหวัดเพชรบูรณ์,ตาดกลอย
2370,2567,หล่มเก่า,วิสาหกิจชุมชนผลิตข้าวโพดเลี้ยงสัตว์  635,เลขที่ 222 หมู่ 3 ตำบลตาดกลอย อำเภอหล่มเก่า เพชรบูรณ์ 67120,สำนักงานเกษตรจังหวัดเพชรบูรณ์,ตาดกลอย
2371,2567,หล่มเก่า,วิสาหกิจชุมชนผลิตข้าวโพดเลี้ยงสัตว์  595,เลขที่ 16 หมู่ 5 ตำบลตาดกลอย อำเภอหล่มเก่า เพชรบูรณ์ 67120,สำนักงานเกษตรจังหวัดเพชรบูรณ์,ตาดกลอย
2372,2567,หล่มเก่า,วิสาหกิจชุมชนผลิตข้าวโพดเลี้ยงสัตว์  585,เลขที่ 5 หมู่ 5 ตำบลตาดกลอย อำเภอหล่มเก่า เพชรบูรณ์ 67120,สำนักงานเกษตรจังหวัดเพชรบูรณ์,ตาดกลอย
2373,2567,หล่มเก่า,วิสาหกิจชุมชนผลิตข้าวโพดเลี้ยงสัตว์  577,เลขที่ 64 หมู่ 5 ตำบลตาดกลอย อำเภอหล่มเก่า เพชรบูรณ์ 67120,สำนักงานเกษตรจังหวัดเพชรบูรณ์,ตาดกลอย
2374,2567,หล่มเก่า,วิสาหกิจชุมชนกลุ่มร่วมใจเกษตรกร  607,เลขที่ 1 หมู่ 9 ตำบลตาดกลอย อำเภอหล่มเก่า เพชรบูรณ์ 67120,สำนักงานเกษตรจังหวัดเพชรบูรณ์,ตาดกลอย
2375,2567,หล่มเก่า,วิสาหกิจชุมชนวิสาหกิจพัฒนา  569,เลขที่ 60 หมู่ 9 ตำบลตาดกลอย อำเภอหล่มเก่า เพชรบูรณ์ 67120,สำนักงานเกษตรจังหวัดเพชรบูรณ์,ตาดกลอย
2376,2567,หล่มเก่า,วิสาหกิจชุมชนกลุ่มเกษตรบ้านห้วยโป่งน้ำ,เลขที่ 69 หมู่ 9 ตำบลตาดกลอย อำเภอหล่มเก่า เพชรบูรณ์ 67120,สำนักงานเกษตรจังหวัดเพชรบูรณ์,ตาดกลอย
2377,2567,หล่มเก่า,วิสาหกิจชุมชนกลุ่มสมุนไพรเครื่องเคียงตำรับยา,เลขที่ 1 หมู่ 3 ตำบลตาดกลอย อำเภอหล่มเก่า เพชรบูรณ์ 67120,สำนักงานเกษตรจังหวัดเพชรบูรณ์,ตาดกลอย
2378,2567,หล่มเก่า,วิสาหกิจชุมชนกลุ่มแปรรูปกล้วยอบเนยบ้านห้วยโป่งน้ำ,เลขที่ 55 หมู่ 9 ตำบลตาดกลอย อำเภอหล่มเก่า เพชรบูรณ์ 67120,สำนักงานเกษตรจังหวัดเพชรบูรณ์,ตาดกลอย
2379,2567,หล่มเก่า,วิสาหกิจชุมชนแปรรูปมะขามยั่งยืนตาดกลอย หมู่ที่ 4,เลขที่ 174 หมู่ 4 ตำบลตาดกลอย อำเภอหล่มเก่า เพชรบูรณ์ 67120,สำนักงานเกษตรจังหวัดเพชรบูรณ์,ตาดกลอย
2380,2567,หล่มเก่า,วิสาหกิจชุมชนกลุ่มการผลิตมะขามตาดกลอยเหนือ,เลขที่ 32/1 หมู่ 3 ตำบลตาดกลอย อำเภอหล่มเก่า เพชรบูรณ์ 67120,สำนักงานเกษตรจังหวัดเพชรบูรณ์,ตาดกลอย
2381,2567,หล่มเก่า,วิสาหกิจชุมชนสานสายใยใจไทยทุกภาคตำบลตาดกลอย,เลขที่ 321  หมู่ที่ 3 ตำบลตาดกลอย อำเภอหล่มเก่า เพชรบูรณ์ 67120,สำนักงานเกษตรจังหวัดเพชรบูรณ์,ตาดกลอย
2382,2567,หล่มเก่า,วิสาหกิจชุมชนรุ่งเรืองตำบลหล่มเก่า,เลขที่ 3 หมู่ 4 ตำบลหล่มเก่า อำเภอหล่มเก่า เพชรบูรณ์ 67120,สำนักงานเกษตรจังหวัดเพชรบูรณ์,หล่มเก่า
2383,2567,หล่มเก่า,วิสาหกิจชุมชนผลิตและแปรรูปผลิตภัณฑ์กลุ่มเพื่อนพึ่ง(ภาฯ)ยามยาก ต.นาซำ,เลขที่ 35 หมู่ 7 ตำบลนาซำ อำเภอหล่มเก่า เพชรบูรณ์ 67120,สำนักงานเกษตรจังหวัดเพชรบูรณ์,นาซำ
2384,2567,หล่มเก่า,วิสาหกิจชุมชนกลุ่มออมทรัพย์เพื่อการผลิตบ้านกกกะทอน,เลขที่ 97 หมู่ 4 ตำบลนาซำ อำเภอหล่มเก่า เพชรบูรณ์ 67120,สำนักงานเกษตรจังหวัดเพชรบูรณ์,นาซำ
2385,2567,หล่มเก่า,วิสาหกิจชุมชนผู้ปลูกพืชผัก-ผลไม้อินทรีย์ หมู่ 8 ตำบลนาซำ,เลขที่ 309 หมู่ 8 ตำบลนาซำ อำเภอหล่มเก่า เพชรบูรณ์ 67120,สำนักงานเกษตรจังหวัดเพชรบูรณ์,นาซำ
2386,2567,หล่มเก่า,วิสาหกิจชุมชนแก่งโตนเฟอร์นิเจอร์,เลขที่ 131 หมู่ 10 ตำบลนาซำ อำเภอหล่มเก่า เพชรบูรณ์ 67120,สำนักงานเกษตรจังหวัดเพชรบูรณ์,นาซำ
2387,2567,หล่มเก่า,วิสาหกิจชุมชนผลิตภัณฑ์พืชอินทรีย์นาซำ,เลขที่ 163 หมู่ 1 ตำบลนาซำ อำเภอหล่มเก่า เพชรบูรณ์ 67120,สำนักงานเกษตรจังหวัดเพชรบูรณ์,นาซำ
2388,2567,หล่มเก่า,วิสาหกิจชุมชนอุดมสุขบ้านอีเลิศ,เลขที่ 16 หมู่ 8 ตำบลนาซำ อำเภอหล่มเก่า เพชรบูรณ์ 67120,สำนักงานเกษตรจังหวัดเพชรบูรณ์,นาซำ
2389,2567,หล่มเก่า,วิสาหกิจชุมชนอุดมสุขบ้านนาซำ,เลขที่ 48 หมู่ 6 ตำบลนาซำ อำเภอหล่มเก่า เพชรบูรณ์ 67120,สำนักงานเกษตรจังหวัดเพชรบูรณ์,นาซำ
2390,2567,หล่มเก่า,วิสาหกิจชุมชนกลุ่มเกษตรกรผู้ใช้ปุ๋ยบ้านหนองยาว,เลขที่ 58/1 หมู่ 1 ตำบลหินฮาว อำเภอหล่มเก่า เพชรบูรณ์ 67120,สำนักงานเกษตรจังหวัดเพชรบูรณ์,หินฮาว
2391,2567,หล่มเก่า,วิสาหกิจชุมชนกลุ่มผู้ใช้ปุ๋ย หมู่ 5 บ้านปลาฝา,เลขที่ 7 หมู่ 5 ตำบลหินฮาว อำเภอหล่มเก่า เพชรบูรณ์ 67120,สำนักงานเกษตรจังหวัดเพชรบูรณ์,หินฮาว
2392,2567,หล่มเก่า,วิสาหกิจชุมชนนักเลี้ยงผึ้งเพชรบูรณ์,เลขที่ 142 หมู่ 1 ตำบลหล่มเก่า อำเภอหล่มเก่า เพชรบูรณ์ 67120,สำนักงานเกษตรจังหวัดเพชรบูรณ์,หล่มเก่า
2393,2567,หล่มเก่า,วิสาหกิจชุมชนกลุ่มปลูกใบยาสูบ,เลขที่ 32 หมู่ 2 ตำบลหินฮาว อำเภอหล่มเก่า เพชรบูรณ์ 67120,สำนักงานเกษตรจังหวัดเพชรบูรณ์,หินฮาว
2394,2567,หล่มเก่า,วิสาหกิจชุมชนกลุ่มแม่บ้านเกษตรกรโจะโหวะเหนือ,เลขที่ 39 หมู่ 5 ตำบลบ้านเนิน อำเภอหล่มเก่า เพชรบูรณ์ 67120,สำนักงานเกษตรจังหวัดเพชรบูรณ์,บ้านเนิน
2395,2567,หล่มเก่า,วิสาหกิจชุมชนครัวหล่มเก่ารักษ์สุขภาพ,เลขที่ 108 หมู่ 7 ตำบลบ้านเนิน อำเภอหล่มเก่า เพชรบูรณ์ 67120,สำนักงานเกษตรจังหวัดเพชรบูรณ์,บ้านเนิน
2396,2567,หล่มเก่า,วิสาหกิจชุมชนกลุ่มเกษตรกรทำไร่บ้านห้วยผักกูด,เลขที่ 28/1 หมู่ 10 ตำบลศิลา อำเภอหล่มเก่า เพชรบูรณ์ 67120,สำนักงานเกษตรจังหวัดเพชรบูรณ์,ศิลา
2397,2567,หล่มเก่า,วิสาหกิจชุมชนกลุ่มเกษตรพอเพียงห้วยผักกูด,เลขที่ 90 หมู่ 10 ตำบลศิลา อำเภอหล่มเก่า เพชรบูรณ์ 67120,สำนักงานเกษตรจังหวัดเพชรบูรณ์,ศิลา
2398,2567,หล่มเก่า,วิสาหกิจชุมชนอุดมสุขบ้านโป่งสามขา,เลขที่ 99/1 หมู่ 1 ตำบลศิลา อำเภอหล่มเก่า เพชรบูรณ์ 67120,สำนักงานเกษตรจังหวัดเพชรบูรณ์,ศิลา
2399,2567,หล่มเก่า,วิสาหกิจชุมชนอินทรีย์ เจพี-นาแซง,เลขที่ 135 หมู่ 4 ตำบลนาแซง อำเภอหล่มเก่า เพชรบูรณ์ 67120,สำนักงานเกษตรจังหวัดเพชรบูรณ์,นาแซง
2400,2567,หล่มเก่า,วิสาหกิจชุมชนกลุ่มผู้ใช้ปุ๋ยบ้านห้วยมะยม  หมู่ 7 ต. นาซง,เลขที่ 38/1 หมู่ 7 ตำบลนาแซง อำเภอหล่มเก่า เพชรบูรณ์ 67120,สำนักงานเกษตรจังหวัดเพชรบูรณ์,นาแซง
2401,2567,หล่มเก่า,วิสาหกิจชุมชนกลุ่มผู้ใช้ปุ๋ยบ้านไร่ ต.นาเกาะ,เลขที่ 49 หมู่ 3 ตำบลนาเกาะ อำเภอหล่มเก่า เพชรบูรณ์ 67120,สำนักงานเกษตรจังหวัดเพชรบูรณ์,นาเกาะ
2402,2567,หล่มเก่า,วิสาหกิจชุมชนกลุ่มผลิตภัณฑ์ภูมิปัญญาท้องถิ่น  หมู่ที่ 1,เลขที่ 46 หมู่ 1 ตำบลนาเกาะ อำเภอหล่มเก่า เพชรบูรณ์ 67120,สำนักงานเกษตรจังหวัดเพชรบูรณ์,นาเกาะ
2403,2567,หล่มเก่า,วิสาหกิจชุมชนอุดมสุขบ้านตาดกลอย,เลขที่ 195 หมู่ 4 ตำบลตาดกลอย อำเภอหล่มเก่า เพชรบูรณ์ 67120,สำนักงานเกษตรจังหวัดเพชรบูรณ์,ตากลอย
2404,2567,หล่มเก่า,วิสาหกิจชุมชนอุดมสุขบ้านกกกล้วยนวน,เลขที่ 160 หมู่ 7 ตำบลตาดกลอย อำเภอหล่มเก่า เพชรบูรณ์ 67120,สำนักงานเกษตรจังหวัดเพชรบูรณ์,ตากลอย
2405,2567,หล่มเก่า,วิสาหกิจชุมชนอุดมสุขบ้านตาดข่า,เลขที่ 5 หมู่ 5 ตำบลตาดกลอย อำเภอหล่มเก่า เพชรบูรณ์ 67120,สำนักงานเกษตรจังหวัดเพชรบูรณ์,ตากลอย
2406,2567,หล่มเก่า,วิสาหกิจชุมชนอุดมสุขบ้านวังขอน,เลขที่ 67 หมู่ 1 ตำบลตาดกลอย อำเภอหล่มเก่า เพชรบูรณ์ 67120,สำนักงานเกษตรจังหวัดเพชรบูรณ์,ตากลอย
2407,2567,หล่มเก่า,วิสาหกิจชุมชนการผลิตมะขามตาดกลอยใต้,เลขที่ 249 หมู่ 3 ตำบลตาดกลอย อำเภอหล่มเก่า เพชรบูรณ์ 67120,สำนักงานเกษตรจังหวัดเพชรบูรณ์,ตากลอย
2408,2567,เขาค้อ,วิสาหกิจชุมชน YSF เขาค้อ,เลขที่ 133/1 หมู่ 11 ตำบลทุ่งสมอ อำเภอเขาค้อ เพชรบูรณ์ ,สำนักงานเกษตรจังหวัดเพชรบูรณ์,ทุ่งสมอ
2409,2567,เขาค้อ,วิสาหกิจชุมชนสมุนไพรและไม้หายาก ภูเคียงธาร,เลขที่ 81 หมู่ 2 ตำบลทุ่งสมอ อำเภอเขาค้อ เพชรบูรณ์ 67270,สำนักงานเกษตรจังหวัดเพชรบูรณ์,ทุ่งสมอ
2410,2567,เขาค้อ,วิสาหกิจชุมชนฟอเรส ฮิลล์ เขาค้อ,เลขที่ 169 หมู่ 6 ตำบลทุ่งสมอ อำเภอเขาค้อ เพชรบูรณ์ 67270,สำนักงานเกษตรจังหวัดเพชรบูรณ์,ทุ่งสมอ
2411,2567,เขาค้อ,วิสาหกิจชุมชนกลุ่มสมุนไพรเพื่อสุขภาพเขาค้อ,เลขที่ 32 หมู่ 8 ตำบลแคมป์สน อำเภอเขาค้อ เพชรบูรณ์ 67280,สำนักงานเกษตรจังหวัดเพชรบูรณ์,แคมป์สน
2412,2567,เขาค้อ,วิสาหกิจชุมชนกลุ่มกสิกรรมบ้านดงหลง หมู่ 6 ต. แคมป์สน,เลขที่ 127 หมู่ 6 ตำบลแคมป์สน อำเภอเขาค้อ เพชรบูรณ์ 67270,สำนักงานเกษตรจังหวัดเพชรบูรณ์,แคมป์สน
2413,2567,เขาค้อ,วิสาหกิจชุมชนผู้ปลูกและแปรรูปบุกเขาค้อ,เลขที่ 80 หมู่ 11 ตำบลแคมป์สน อำเภอเขาค้อ เพชรบูรณ์ 67280,สำนักงานเกษตรจังหวัดเพชรบูรณ์,แคมป์สน
2414,2567,เขาค้อ,วิสาหกิจชุมชนการปลูกพืชสมุนไพรแคมป์สน,เลขที่ 27 หมู่ 11 ตำบลแคมป์สน อำเภอเขาค้อ เพชรบูรณ์ 67280,สำนักงานเกษตรจังหวัดเพชรบูรณ์,แคมป์สน
2415,2567,เขาค้อ,วิสาหกิจชุมชนเกษตรก้าวหน้า แคมป์สน,เลขที่ 272 หมู่ 7 ตำบลแคมป์สน อำเภอเขาค้อ เพชรบูรณ์ 67280,สำนักงานเกษตรจังหวัดเพชรบูรณ์,แคมป์สน
2416,2567,เขาค้อ,วิสาหกิจชุมชนกรีนฟินน์ เขาค้อ,เลขที่ 197 หมู่ 6 ตำบลแคมป์สน อำเภอเขาค้อ เพชรบูรณ์ 67280,สำนักงานเกษตรจังหวัดเพชรบูรณ์,แคมป์สน
2417,2567,เขาค้อ,วิสาหกิจชุมชนทุ่งนางแลสมุนไพรเพื่อการแพทย์,เลขที่ 133 หมู่ 11 ตำบลแคมป์สน อำเภอเขาค้อ เพชรบูรณ์ 67280,สำนักงานเกษตรจังหวัดเพชรบูรณ์,แคมป์สน
2418,2567,เขาค้อ,วิสาหกิจชุมชนเขาค้อโอเค,เลขที่ 123 หมู่ 7 ตำบลแคมป์สน อำเภอเขาค้อ เพชรบูรณ์ 67280,สำนักงานเกษตรจังหวัดเพชรบูรณ์,แคมป์สน
2419,2567,เขาค้อ,วิสาหกิจชุมชนผลิตและแปรรูปเส้นใยกัญชง เขาค้อ,เลขที่ 167 หมู่ที่ 12 ตำบลแคมป์สน อำเภอเขาค้อ เพชรบูรณ์ 67280,สำนักงานเกษตรจังหวัดเพชรบูรณ์,แคมป์สน
2420,2567,เขาค้อ,วิสาหกิจชุมชนกลุ่มจักสานบ้านกองเนียม,เลขที่ 5 หมู่ 4 ตำบลเขาค้อ อำเภอเขาค้อ เพชรบูรณ์ 67270,สำนักงานเกษตรจังหวัดเพชรบูรณ์,เขาค้อ
2421,2567,เขาค้อ,วิสาหกิจชุมชนกลุ่มผู้ผลิตเฟอร์นิเจอร์รากไม้-เศษไม้บ้านกองเนียมเขาค้อ,เลขที่ 97 หมู่ 4 ตำบลเขาค้อ อำเภอเขาค้อ เพชรบูรณ์ 67270,สำนักงานเกษตรจังหวัดเพชรบูรณ์,เขาค้อ
2422,2567,เขาค้อ,วิสาหกิจชุมชนไม้กฤษณา ตะวันณา,เลขที่ 114 หมู่ 2 ตำบลเขาค้อ อำเภอเขาค้อ เพชรบูรณ์ 67270,สำนักงานเกษตรจังหวัดเพชรบูรณ์,เขาค้อ
2423,2567,เขาค้อ,วิสาหกิจชุมชนวิถีมองดอกฮับ,เลขที่ 99 หมู่ 2 ตำบลเขาค้อ อำเภอเขาค้อ เพชรบูรณ์ 67270,สำนักงานเกษตรจังหวัดเพชรบูรณ์,เขาค้อ
2424,2567,เขาค้อ,วิสาหกิจชุมชนท่องเที่ยวบ้านเพชรดำ,เลขที่ 63/1 ม.10 ตำบลเขาค้อ อำเภอเขาค้อ เพชรบูรณ์ 67270,สำนักงานเกษตรจังหวัดเพชรบูรณ์,เขาค้อ
2425,2567,เขาค้อ,วิสาหกิจชุมชนสานสายใยใจไทยทุกภาค ต.เขาค้อ,เลขที่ 26 ม.3 ตำบลเขาค้อ อำเภอเขาค้อ เพชรบูรณ์ 67270,สำนักงานเกษตรจังหวัดเพชรบูรณ์,เขาค้อ
2426,2567,เขาค้อ,วิสาหกิจชุมชนแปลงใหญ่แมคคาเดเมียอำเภอเขาค้อ,เลขที่ 63 หมู่ 3 ตำบลริมสีม่วง อำเภอเขาค้อ เพชรบูรณ์ 67270,สำนักงานเกษตรจังหวัดเพชรบูรณ์,ริมสีม่วง
2427,2567,เขาค้อ,วิสาหกิจชุมชนอะโวคาโดเขาค้อ,เลขที่ 63 ม.3 ตำบลริมสีม่วง อำเภอเขาค้อ เพชรบูรณ์ 67270,สำนักงานเกษตรจังหวัดเพชรบูรณ์,ริมสีม่วง
2428,2567,เขาค้อ,วิสาหกิจชุมชนกลุ่มผู้เลี้ยงโคนมเขาค้อ,เลขที่ 77 หมู่ 1 ตำบลสะเดาะพง อำเภอเขาค้อ เพชรบูรณ์ 67270,สำนักงานเกษตรจังหวัดเพชรบูรณ์,สะเดาะพง
2429,2567,เขาค้อ,วิสาหกิจชุมชนกลุ่มผู้ปลูกหม่อนเลี้ยงไหมตำบลสะเดาะพง,เลขที่ 42 หมู่ 4 ตำบลสะเดาะพง อำเภอเขาค้อ เพชรบูรณ์ 67270,สำนักงานเกษตรจังหวัดเพชรบูรณ์,สะเดาะพง
2430,2567,เขาค้อ,วิสาหกิจชุมชนการเกษตรและการท่องเที่ยวชุมชนบ้านเสลียงแห้ง เขาค้อ,เลขที่ 92 หมู่ 3 ตำบลสะเดาะพง อำเภอเขาค้อ เพชรบูรณ์ 67270,สำนักงานเกษตรจังหวัดเพชรบูรณ์,สะเดาะพง
2431,2567,เขาค้อ,วิสาหกิจชุมชนผู้เลี้ยงสุกร บ้านสะเดาะพง,เลขที่ 30 หมู่ 2 ตำบลสะเดาะพง อำเภอเขาค้อ เพชรบูรณ์ 67270,สำนักงานเกษตรจังหวัดเพชรบูรณ์,สะเดาะพง
2432,2567,เขาค้อ,วิสาหกิจชุมชนกลุ่มชุมชนคนรักษ์ป่า ต. หนองแม่นา,เลขที่ 53/12 หมู่ 6 ตำบลหนองแม่นา อำเภอเขาค้อ เพชรบูรณ์ 67270,สำนักงานเกษตรจังหวัดเพชรบูรณ์,หนองแม่นา
2433,2567,เขาค้อ,วิสาหกิจชุมชนต้นกล้าอาชีพเขาค้อพัฒนา,เลขที่ 51 หมู่ 3 ตำบลหนองแม่นา อำเภอเขาค้อ เพชรบูรณ์ 67270,สำนักงานเกษตรจังหวัดเพชรบูรณ์,หนองแม่นา
2434,2567,เขาค้อ,วิสาหกิจชุมชนกลุ่มผู้เลี้ยงไก่พื้นเมืองบ้านร่มโพธิ์-ร่มไทร,เลขที่ 147/1 หมู่ 10 ตำบลหนองแม่นา อำเภอเขาค้อ เพชรบูรณ์ 67270,สำนักงานเกษตรจังหวัดเพชรบูรณ์,หนองแม่นา
2435,2567,เขาค้อ,วิสาหกิจชุมชนกลุ่มบ้านพักหนองแม่นาโฮมสเตย์,เลขที่ 41 หมู่ 6 ตำบลหนองแม่นา อำเภอเขาค้อ เพชรบูรณ์ 67270,สำนักงานเกษตรจังหวัดเพชรบูรณ์,หนองแม่นา
2436,2567,เขาค้อ,วิสาหกิจชุมชนแปรรูปเสาวรสและแปรรูปพืชผลทางการเกษตร,เลขที่ 97 หมู่ 5 ตำบลหนองแม่นา อำเภอเขาค้อ เพชรบูรณ์ 67270,สำนักงานเกษตรจังหวัดเพชรบูรณ์,หนองแม่นา
2437,2567,เขาค้อ,วิสาหกิจชุมชนกลุ่มแปรรูปผลไม้เมืองหนาวหนองแม่นา,เลขที่ 30 หมู่ 8 ตำบลหนองแม่นา อำเภอเขาค้อ เพชรบูรณ์ 67270,สำนักงานเกษตรจังหวัดเพชรบูรณ์,หนองแม่นา
2438,2567,เขาค้อ,วิสาหกิจชุมชนผลไม้แปรรูป ตำบลหนองแม่นา อำเภอเขาค้อ,เลขที่ 160 หมู่ 10 ตำบลหนองแม่นา อำเภอเขาค้อ เพชรบูรณ์ 67270,สำนักงานเกษตรจังหวัดเพชรบูรณ์,หนองแม่นา
2439,2567,เขาค้อ,วิสาหกิจชุมชนศูนย์ข้าวชุมชน ตำบลหนองแม่นา,เลขที่ 22 หมู่ 2 ตำบลหนองแม่นา อำเภอเขาค้อ เพชรบูรณ์ 67270,สำนักงานเกษตรจังหวัดเพชรบูรณ์,หนองแม่นา
2440,2567,เขาค้อ,วิสาหกิจชุมชนสานสายใยใจไทยทุกภาคเกษตรผสมผสาน ตำบลหนองแม่นา,เลขที่ หมู่ที่ 6 ตำบลหนองแม่นา อำเภอเขาค้อ เพชรบูรณ์ 67270,สำนักงานเกษตรจังหวัดเพชรบูรณ์,หนองแม่นา
2441,2567,เขาค้อ,วิสาหกิจชุมชนกลุ่มผู้ผลิตและแปรรูปแมคคาเดเมีย เขาค้อ,เลขที่ 429 หมู่ 12 ตำบลเข็กน้อย อำเภอเขาค้อ เพชรบูรณ์ 67280,สำนักงานเกษตรจังหวัดเพชรบูรณ์,เข็กน้อย
2442,2567,เขาค้อ,วิสาหกิจชุมชนกลุ่มผ้าเขียนเทียนซีม้ง,เลขที่ 361 หมู่ 12 ตำบลเข็กน้อย อำเภอเขาค้อ เพชรบูรณ์ 67280,สำนักงานเกษตรจังหวัดเพชรบูรณ์,เข็กน้อย
2443,2567,เขาค้อ,วิสาหกิจชุมชนศูนย์ท่องเที่ยววัฒนธรรมม้งเข็กน้อย,เลขที่ 1/1 หมู่ 6 ตำบลเข็กน้อย อำเภอเขาค้อ เพชรบูรณ์ 67270,สำนักงานเกษตรจังหวัดเพชรบูรณ์,เข็กน้อย
2444,2567,เขาค้อ,วิสาหกิจชุมชนผู้เลี้ยงไก่ดำ บ้านเข็กน้อย,เลขที่ 182 หมู่ 8 ตำบลเข็กน้อย อำเภอเขาค้อ เพชรบูรณ์ 67280,สำนักงานเกษตรจังหวัดเพชรบูรณ์,เข็กน้อย
2445,2567,เขาค้อ,วิสาหกิจชุมชนกลุ่มเกษตรกรผู้ปลูกขิง ตำบลเข็กน้อย,เลขที่ 44 หมู่ 7 ตำบลเข็กน้อย อำเภอเขาค้อ เพชรบูรณ์ 67280,สำนักงานเกษตรจังหวัดเพชรบูรณ์,เข็กน้อย
2446,2567,เขาค้อ,วิสาหกิจชุมชนเคที อินเตอร์ ฟาร์ม,เลขที่ 335 หมู่ 12 ตำบลเข็กน้อย อำเภอเขาค้อ เพชรบูรณ์ 67280,สำนักงานเกษตรจังหวัดเพชรบูรณ์,เข็กน้อย
2447,2567,เขาค้อ,วิสาหกิจชุมชนท่องเที่ยวตำบลเข็กน้อย,เลขที่ 8 หมู่ 9 ตำบลเข็กน้อย อำเภอเขาค้อ เพชรบูรณ์ 67280,สำนักงานเกษตรจังหวัดเพชรบูรณ์,เข็กน้อย
2448,2567,เขาค้อ,วิสาหกิจชุมชนทวีทรัพย์ฟาร์ม เข็กน้อย,เลขที่ 378 หมู่10 ตำบลเข็กน้อย อำเภอเขาค้อ เพชรบูรณ์ 67280,สำนักงานเกษตรจังหวัดเพชรบูรณ์,เข็กน้อย
2449,2567,เขาค้อ,วิสาหกิจชุมชนสวนอะโวคาโดไอริณเขาค้อ,เลขที่ 48 หมู่4 ตำบลเข็กน้อย อำเภอเขาค้อ เพชรบูรณ์ 67280,สำนักงานเกษตรจังหวัดเพชรบูรณ์,เข็กน้อย
2450,2567,เขาค้อ,วิสาหกิจชุมชนผ้าปักม้งไฮช่าเข็กน้อย (Haib Tshaj),เลขที่ 93 หมู่12 ตำบลเข็กน้อย อำเภอเขาค้อ เพชรบูรณ์ 67280,สำนักงานเกษตรจังหวัดเพชรบูรณ์,เข็กน้อย
2451,2567,เขาค้อ,วิสาหกิจชุมชนเข็กน้อย Ginger,เลขที่ 66 หมู่10 ตำบลเข็กน้อย อำเภอเขาค้อ เพชรบูรณ์ 67280,สำนักงานเกษตรจังหวัดเพชรบูรณ์,เข็กน้อย
2452,2567,เขาค้อ,วิสาหกิจชุมชนสานสายใยใจไทยทุกภาคเกษตรรวมใจพืชผล เข็กน้อย,เลขที่ 33/2 ม.10 ตำบลเข็กน้อย อำเภอเขาค้อ เพชรบูรณ์ 67280,สำนักงานเกษตรจังหวัดเพชรบูรณ์,เข็กน้อย
2453,2567,เขาค้อ,วิสาหกิจชุมชนกลุ่มเขาค้อ ภูผา ธาราใส,เลขที่ 61 หมู่ 6 ตำบลทุ่งสมอ อำเภอเขาค้อ เพชรบูรณ์ 67270,สำนักงานเกษตรจังหวัดเพชรบูรณ์,ทุ่งสมอ
2454,2567,เขาค้อ,วิสาหกิจชุมชนคุ้มภูเพชร เขาค้อ,เลขที่ 104/1 หมู่ 5 ตำบลทุ่งสมอ อำเภอเขาค้อ เพชรบูรณ์ 67270,สำนักงานเกษตรจังหวัดเพชรบูรณ์,ทุ่งสมอ
2455,2567,เขาค้อ,วิสาหกิจชุมชนท่องเที่ยวภูสายลม,เลขที่ 64 หมู่ 7 ตำบลทุ่งสมอ อำเภอเขาค้อ เพชรบูรณ์ 67270,สำนักงานเกษตรจังหวัดเพชรบูรณ์,ทุ่งสมอ
2456,2567,เขาค้อ,วิสาหกิจชุมชนผลิตภัณฑ์ชุมชนมะขามทอง2,เลขที่ 215 หมู่ 7 ตำบลแคมป์สน อำเภอเขาค้อ เพชรบูรณ์ 67280,สำนักงานเกษตรจังหวัดเพชรบูรณ์,แคมป์สน
2457,2567,เขาค้อ,วิสาหกิจชุมชนการท่องเที่ยวเกษตรเชิงวัฒนธรรมลีซอ,เลขที่ 172 หมู่ 10 ตำบลเขาค้อ อำเภอเขาค้อ เพชรบูรณ์ 67270,สำนักงานเกษตรจังหวัดเพชรบูรณ์,เขาค้อ
2458,2567,เขาค้อ,วิสาหกิจชุมชนร้านค้าวิสาหกิจบ้านธนิตคำเที่ยง,เลขที่ 54 หมู่ 2 ตำบลริมสีม่วง อำเภอเขาค้อ เพชรบูรณ์ 67270,สำนักงานเกษตรจังหวัดเพชรบูรณ์,ริมสีม่วง
2459,2567,เขาค้อ,วิสาหกิจชุมชนเกษตรอินทรีย์ริมสีม่วงและผลิตภัณฑ์แปรรูป,เลขที่ 101 หมู่ 4 ตำบลริมสีม่วง อำเภอเขาค้อ เพชรบูรณ์ 67270,สำนักงานเกษตรจังหวัดเพชรบูรณ์,ริมสีม่วง
2460,2567,เขาค้อ,วิสาหกิจชุมชนพรแม่ย่ารุ่งเรือง,เลขที่ 111 หมู่ 3 ตำบลสะเดาะพง อำเภอเขาค้อ เพชรบูรณ์ 67270,สำนักงานเกษตรจังหวัดเพชรบูรณ์,สะเดาะพง
2461,2567,เขาค้อ,วิสาหกิจชุมชนท่องเที่ยวจุดชมวิวเขาตะเคียนโง๊ะ บ้านสนสวย,เลขที่ 41หมู่ 2 ตำบลหนองแม่นา อำเภอเขาค้อ เพชรบูรณ์ 67270,สำนักงานเกษตรจังหวัดเพชรบูรณ์,หนองแม่นา
2462,2567,เขาค้อ,วิสาหกิจชุมชนสมุนไพรไฮแลนด์,เลขที่ 161 หมู่ 9 ตำบลเข็กน้อย อำเภอเขาค้อ เพชรบูรณ์ 67280,สำนักงานเกษตรจังหวัดเพชรบูรณ์,เข็กน้อย
2463,2567,น้ำหนาว,วิสาหกิจชุมชนกลุ่มข้าวพญาลืมแกง ต.น้ำหนาว,เลขที่ 45 หมู่ 3 ตำบลน้ำหนาว อำเภอน้ำหนาว เพชรบูรณ์ 67260,สำนักงานเกษตรจังหวัดเพชรบูรณ์,น้ำหนาว
2464,2567,น้ำหนาว,วิสาหกิจชุมชนนวัตกรรมการเกษตรเพื่อส่งเสริมการปลูกพืชสมุนไพรภูมิพญาเพชรบูรณ์,เลขที่ 258 หมู่ 5 ตำบลน้ำหนาว อำเภอน้ำหนาว เพชรบูรณ์ 67260,สำนักงานเกษตรจังหวัดเพชรบูรณ์,น้ำหนาว
2465,2567,น้ำหนาว,วิสาหกิจชุมชนบ้านห้วยหญ้าเครือเกษตรอินทรีย์,เลขที่ 103 หมู่ 1 ตำบลน้ำหนาว อำเภอน้ำหนาว เพชรบูรณ์ 67260,สำนักงานเกษตรจังหวัดเพชรบูรณ์,น้ำหนาว
2466,2567,น้ำหนาว,วิสาหกิจชุมชนป่าอุ่น คนอิ่ม,เลขที่ 192 หมู่ 6 ตำบลน้ำหนาว อำเภอน้ำหนาว เพชรบูรณ์ 67260,สำนักงานเกษตรจังหวัดเพชรบูรณ์,น้ำหนาว
2467,2567,น้ำหนาว,วิสาหกิจชุมชนการท่องเที่ยวและวัฒนธรรมบ้านโคกยาว,เลขที่ 52 หมู่ 2 ตำบลน้ำหนาว อำเภอน้ำหนาว เพชรบูรณ์ 67260,สำนักงานเกษตรจังหวัดเพชรบูรณ์,น้ำหนาว
2468,2567,น้ำหนาว,วิสาหกิจชุมชนพืชสมุนไพรน้ำหนาว,เลขที่ 295 หมู่ 5 ตำบลน้ำหนาว อำเภอน้ำหนาว เพชรบูรณ์ 67260,สำนักงานเกษตรจังหวัดเพชรบูรณ์,น้ำหนาว
2469,2567,น้ำหนาว,วิสาหกิจชุมชนแปลงใหญ่ทุเรียน ต.น้ำหนาว,เลขที่ 434 หมู่ 3 ตำบลน้ำหนาว อำเภอน้ำหนาว เพชรบูรณ์ 67260,สำนักงานเกษตรจังหวัดเพชรบูรณ์,น้ำหนาว
2470,2567,น้ำหนาว,วิสาหกิจชุมชนกลุ่มจับจีบผ้าบ้านนาพอสอง,เลขที่ 90 หมู่ที่ 4 ตำบลน้ำหนาว อำเภอน้ำหนาว เพชรบูรณ์ 67260,สำนักงานเกษตรจังหวัดเพชรบูรณ์,น้ำหนาว
2471,2567,น้ำหนาว,วิสาหกิจชุมชนน้ำหนาว สมาร์ทฟาร์ม,เลขที่ 44 หมู่ที่ 1 ตำบลน้ำหนาว อำเภอน้ำหนาว เพชรบูรณ์ 67260,สำนักงานเกษตรจังหวัดเพชรบูรณ์,น้ำหนาว
2472,2567,น้ำหนาว,วิสาหกิจชุมชนนวัตกรรมวิถีสมุนไพรไทย,เลขที่ 53 หมู่ 6 ตำบลหลักด่าน อำเภอน้ำหนาว เพชรบูรณ์ 67260,สำนักงานเกษตรจังหวัดเพชรบูรณ์,หลักด่าน
2473,2567,น้ำหนาว,วิสาหกิจชุมชนรักษ์ป่าน้ำหนาว,เลขที่ 15 หมู่ 1 ตำบลหลักด่าน อำเภอน้ำหนาว เพชรบูรณ์ 67260,สำนักงานเกษตรจังหวัดเพชรบูรณ์,หลักด่าน
2474,2567,น้ำหนาว,วิสาหกิจชุมชนกลุ่มเลี้ยงโคพื้นเมืองโคกมน,เลขที่ 112 หมู่ 1 ตำบลโคกมน อำเภอน้ำหนาว เพชรบูรณ์ 67260,สำนักงานเกษตรจังหวัดเพชรบูรณ์,โคกมน
2475,2567,น้ำหนาว,วิสาหกิจชุมชนมีมาสมุนไพร,เลขที่ 102 หมู่ 5 ตำบลโคกมน อำเภอน้ำหนาว เพชรบูรณ์ 67260,สำนักงานเกษตรจังหวัดเพชรบูรณ์,โคกมน
2476,2567,น้ำหนาว,วิสาหกิจชุมชนน้ำหนาวฟลาวเวอร์ฟาร์ม,เลขที่ 254 หมู่ 2 ตำบลโคกมน อำเภอน้ำหนาว เพชรบูรณ์ 67260,สำนักงานเกษตรจังหวัดเพชรบูรณ์,โคกมน
2477,2567,น้ำหนาว,วิสาหกิจชุมชนกาแฟน้ำหนาว,เลขที่ 312 หมู่ 3 ตำบลน้ำหนาว อำเภอน้ำหนาว เพชรบูรณ์ 67260,สำนักงานเกษตรจังหวัดเพชรบูรณ์,น้ำหนาว
2478,2567,น้ำหนาว,วิสาหกิจชุมชนข้าวหลามน้ำหนาวแม่เสลี่ยง,เลขที่ 269 หมู่ 5 ตำบลน้ำหนาว อำเภอน้ำหนาว เพชรบูรณ์ 67260,สำนักงานเกษตรจังหวัดเพชรบูรณ์,น้ำหนาว
2479,2567,น้ำหนาว,วิสาหกิจชุมชนมะขามป้อมเพชรน้ำหนาว,เลขที่ 2 หมู่ 5 ตำบลวังกวาง อำเภอน้ำหนาว เพชรบูรณ์ 67260,สำนักงานเกษตรจังหวัดเพชรบูรณ์,
2480,2567,น้ำหนาว,วิสาหกิจชุมชนห้วยยางทองการเกษตร,เลขที่ 9 หมู่ 9 ตำบลวังกวาง อำเภอน้ำหนาว เพชรบูรณ์ 67260,สำนักงานเกษตรจังหวัดเพชรบูรณ์,วังกวาง
2481,2567,น้ำหนาว,วิสาหกิจชุมชนกลุ่มสัจจะสะสมทรัพย์วัดโคกมน,เลขที่ 230 หมู่ 2 ตำบลโคกมน อำเภอน้ำหนาว เพชรบูรณ์ 67260,สำนักงานเกษตรจังหวัดเพชรบูรณ์,โคกมน
2482,2567,น้ำหนาว,วิสาหกิจชุมชนน้ำหนาวอาราบิก้า,เลขที่ 218 หมู่ 2 ตำบลโคกมน อำเภอน้ำหนาว เพชรบูรณ์ 67260,สำนักงานเกษตรจังหวัดเพชรบูรณ์,โคกมน
2483,2567,ชนแดน,วิสาหกิจชุมชนส่งเสริมอาชีพผลิตปุ๋ย,เลขที่ 90/1 หมู่ 9 ตำบลดงขุย อำเภอชนแดน เพชรบูรณ์ 67190,สำนักงานเกษตรจังหวัดเพชรบูรณ์,ดงขุย
2484,2567,ชนแดน,วิสาหกิจชุมชนกลุ่มผู้เลี้ยงโคบ้านโคกเจริญเหนือ,เลขที่ 98/2 หมู่ 13 ตำบลชนแดน อำเภอชนแดน เพชรบูรณ์ 67150,สำนักงานเกษตรจังหวัดเพชรบูรณ์,ชนแดน
2485,2567,ชนแดน,วิสาหกิจชุมชนมะขามหวานประกายทอง,เลขที่ 94 หมู่ 8 ตำบลชนแดน อำเภอชนแดน เพชรบูรณ์ 67150,สำนักงานเกษตรจังหวัดเพชรบูรณ์,ชนแดน
2486,2567,ชนแดน,วิสาหกิจชุมชนกลุ่มงานเฟอร์นิเจอร์,เลขที่ 12 หมู่ 7 ตำบลชนแดน อำเภอชนแดน เพชรบูรณ์ 67150,สำนักงานเกษตรจังหวัดเพชรบูรณ์,ชนแดน
2487,2567,ชนแดน,วิสาหกิจชุมชนเกษตรกรชาวสวนยาง  อำเภอชนแดน  จังหวัดเพชรบูรณ์,เลขที่ 234 หมู่ 1 ตำบลชนแดน อำเภอชนแดน เพชรบูรณ์ 67150,สำนักงานเกษตรจังหวัดเพชรบูรณ์,ชนแดน
2488,2567,ชนแดน,วิสาหกิจชุมชนกลุ่มผู้เลี้ยงโคเนื้อตำบลชนแดน,เลขที่ 57/1 หมู่ 5 ตำบลชนแดน อำเภอชนแดน เพชรบูรณ์ 67150,สำนักงานเกษตรจังหวัดเพชรบูรณ์,ชนแดน
2489,2567,ชนแดน,วิสาหกิจชุมชนกลุ่มโครงการทอพรมเช็ดเท้า,เลขที่ 88 หมู่ 6 ตำบลซับพุทรา อำเภอชนแดน เพชรบูรณ์ 67150,สำนักงานเกษตรจังหวัดเพชรบูรณ์,ซับพุทรา
2490,2567,ชนแดน,วิสาหกิจชุมชนสมุนไพร 108,เลขที่ 123 หมู่ 2 ตำบลชนแดน อำเภอชนแดน เพชรบูรณ์ 67150,สำนักงานเกษตรจังหวัดเพชรบูรณ์,ชนแดน
2491,2567,ชนแดน,วิสาหกิจชุมชนกลุ่มเลี้ยงแพะเนื้อโคกเจริญเหนือ,เลขที่ 111 หมู่ 13 ตำบลชนแดน อำเภอชนแดน เพชรบูรณ์ 67150,สำนักงานเกษตรจังหวัดเพชรบูรณ์,ชนแดน
2492,2567,ชนแดน,วิสาหกิจชุมชนเกษตรกรผู้ปลูกและแปรรูปมะขามหวานบ้านโป่งตาเบ้า,เลขที่ 212 หมู่ 8 ตำบลชนแดน อำเภอชนแดน เพชรบูรณ์ 67150,สำนักงานเกษตรจังหวัดเพชรบูรณ์,ชนแดน
2493,2567,ชนแดน,วิสาหกิจชุมชนชนแดนเกษตรยั่งยืน,เลขที่ 26 หมู่ 7 ตำบลชนแดน อำเภอชนแดน เพชรบูรณ์ 67150,สำนักงานเกษตรจังหวัดเพชรบูรณ์,ชนแดน
2494,2567,ชนแดน,วิสาหกิจชุมชนกลุ่มแม่บ้านการผลิตหนองระมาน,เลขที่ 100/1 หมู่ 6 ตำบลดงขุย อำเภอชนแดน เพชรบูรณ์ 67190,สำนักงานเกษตรจังหวัดเพชรบูรณ์,ดงขุย
2495,2567,ชนแดน,วิสาหกิจชุมชนโรงสีข้าวบ้านวังศาลา,เลขที่ 167/1 หมู่ 13 ตำบลดงขุย อำเภอชนแดน เพชรบูรณ์ 67190,สำนักงานเกษตรจังหวัดเพชรบูรณ์,ดงขุย
2496,2567,ชนแดน,วิสาหกิจชุมชนโครงการเลี้ยงไก่ตะเภาทอง,เลขที่ 333 หมู่ 6 ตำบลดงขุย อำเภอชนแดน เพชรบูรณ์ 67190,สำนักงานเกษตรจังหวัดเพชรบูรณ์,ดงขุย
2497,2567,ชนแดน,วิสาหกิจชุมชนกลุ่มพัฒนาอาชีพบ้านวารีวงษ์,เลขที่ 206 หมู่ 14 ตำบลดงขุย อำเภอชนแดน เพชรบูรณ์ 67190,สำนักงานเกษตรจังหวัดเพชรบูรณ์,ดงขุย
2498,2567,ชนแดน,วิสาหกิจชุมชนกลุ่มรากแก้ว,เลขที่ 12/1 หมู่ 6 ตำบลดงขุย อำเภอชนแดน เพชรบูรณ์ 67190,สำนักงานเกษตรจังหวัดเพชรบูรณ์,ดงขุย
2499,2567,ชนแดน,วิสาหกิจชุมชนท่องเที่ยววิถีเกษตรบ้านดง,เลขที่ 99/9 หมู่ 7 ตำบลดงขุย อำเภอชนแดน เพชรบูรณ์ 67190,สำนักงานเกษตรจังหวัดเพชรบูรณ์,ดงขุย
2500,2567,ชนแดน,วิสาหกิจชุมชนสมุนไพรบ้าน กม. 28,เลขที่ 54 หมู่ 8 ตำบลดงขุย อำเภอชนแดน เพชรบูรณ์ 67190,สำนักงานเกษตรจังหวัดเพชรบูรณ์,ดงขุย
2501,2567,ชนแดน,วิสาหกิจชุมชนศูนย์เรียนรู้เศรษฐกิจพอเพียงกลุ่มเกษตรกรตำบลท่าข้าม,เลขที่ 751 หมู่ 1 ตำบลท่าข้าม อำเภอชนแดน เพชรบูรณ์ 67150,สำนักงานเกษตรจังหวัดเพชรบูรณ์,ท่าข้าม
2502,2567,ชนแดน,วิสาหกิจชุมชนศูนย์เรียนรู้เศรษฐกิจพอเพียงกลุ่มปุ๋ยหมู่ 1 ตำบลท่าข้าม,เลขที่ 796/3 หมู่ 1 ตำบลท่าข้าม อำเภอชนแดน เพชรบูรณ์ 67150,สำนักงานเกษตรจังหวัดเพชรบูรณ์,ท่าข้าม
2503,2567,ชนแดน,วิสาหกิจชุมชนศูนย์เรียนรู้เศรษฐกิจพอเพียงกลุ่มพลังงานหมู่ 1 ตำบลท่าข้าม,เลขที่ 764 หมู่ 1 ถนนชมฐีระเวช ตำบลท่าข้าม อำเภอชนแดน เพชรบูรณ์ 67150,สำนักงานเกษตรจังหวัดเพชรบูรณ์,ท่าข้าม
2504,2567,ชนแดน,วิสาหกิจชุมชนกลุ่มเฟอร์นิเจอร์ไม้ เทศบาลตำบลท่าข้าม,เลขที่ 947 หมู่ 1 ตำบลท่าข้าม อำเภอชนแดน เพชรบูรณ์ 67150,สำนักงานเกษตรจังหวัดเพชรบูรณ์,ท่าข้าม
2505,2567,ชนแดน,วิสาหกิจชุมชนกลุ่มทำเฟอร์นิเจอร์ไม้,เลขที่ 717 หมู่ 1 ตำบลท่าข้าม อำเภอชนแดน เพชรบูรณ์ 67150,สำนักงานเกษตรจังหวัดเพชรบูรณ์,ท่าข้าม
2506,2567,ชนแดน,วิสาหกิจชุมชนเพาะพันธุ์กล้าไม้บ้านโค้งผักชี,เลขที่ 65 หมู่ 14 ตำบลพุทธบาท อำเภอชนแดน เพชรบูรณ์ 67150,สำนักงานเกษตรจังหวัดเพชรบูรณ์,พุทธบาท
2507,2567,ชนแดน,วิสาหกิจชุมชนกลุ่มร้านค้าชุมชนสตรีบ้านซำเตย,เลขที่ 81 หมู่ 21 ตำบลพุทธบาท อำเภอชนแดน เพชรบูรณ์ 67150,สำนักงานเกษตรจังหวัดเพชรบูรณ์,พุทธบาท
2508,2567,ชนแดน,วิสาหกิจชุมชนผู้ปลูกข้าวโพดและเลี้ยงสัตว์บ้านคลองปอบ หมู่ที่ 9  ตำบลพุทธบาท,เลขที่ 28 หมู่ 9 ตำบลพุทธบาท อำเภอชนแดน เพชรบูรณ์ 67150,สำนักงานเกษตรจังหวัดเพชรบูรณ์,พุทธบาท
2509,2567,ชนแดน,วิสาหกิจชุมชนกลุ่มผู้ปลูกข้าวโพดเลี้ยงสัตว์บ้านอ่างหิน  ตำบลพุทธบาท,เลขที่ 35/1 หมู่ 22 ตำบลพุทธบาท อำเภอชนแดน เพชรบูรณ์ 67150,สำนักงานเกษตรจังหวัดเพชรบูรณ์,พุทธบาท
2510,2567,ชนแดน,วิสาหกิจชุมชนยูคาฯ เศรษฐกิจชุมชนพุทธบาท 2550,เลขที่ 353 หมู่ 10 ตำบลพุทธบาท อำเภอชนแดน เพชรบูรณ์ 67150,สำนักงานเกษตรจังหวัดเพชรบูรณ์,พุทธบาท
2511,2567,ชนแดน,วิสาหกิจชุมชนเกษตรพัฒนาอาชีพบ้านโป่งเจ็ดหัว,เลขที่ 120 หมู่ 12 ตำบลพุทธบาท อำเภอชนแดน เพชรบูรณ์ 67150,สำนักงานเกษตรจังหวัดเพชรบูรณ์,พุทธบาท
2512,2567,ชนแดน,วิสาหกิจชุมชนเกษตรผสมผสานบ้านเนินต้อง,เลขที่ 159/1 หมู่ 25 ตำบลพุทธบาท อำเภอชนแดน เพชรบูรณ์ 67150,สำนักงานเกษตรจังหวัดเพชรบูรณ์,พุทธบาท
2513,2567,ชนแดน,วิสาหกิจชุมชนเกษตรกรบ้านอ่างหิน,เลขที่ 421 หมู่ 22 ตำบลพุทธบาท อำเภอชนแดน เพชรบูรณ์ 67150,สำนักงานเกษตรจังหวัดเพชรบูรณ์,พุทธบาท
2514,2567,ชนแดน,วิสาหกิจชุมชนผู้เลี้ยงโคเนื้อ-โคขุน บ้านหนองตาด,เลขที่ 99 หมู่ 5 ตำบลพุทธบาท อำเภอชนแดน เพชรบูรณ์ 67150,สำนักงานเกษตรจังหวัดเพชรบูรณ์,พุทธบาท
2515,2567,ชนแดน,วิสาหกิจชุมชนลาดน้อยร่วมใจ,เลขที่ 268/1 หมู่ 13 ตำบลพุทธบาท อำเภอชนแดน เพชรบูรณ์ 67150,สำนักงานเกษตรจังหวัดเพชรบูรณ์,พุทธบาท
2516,2567,ชนแดน,วิสาหกิจชุมชนกลุ่มไม้ผลและไม้ยืนต้นเพื่อเศรษฐกิจ,เลขที่ 14/1 หมู่ 27 ตำบลพุทธบาท อำเภอชนแดน เพชรบูรณ์ 67150,สำนักงานเกษตรจังหวัดเพชรบูรณ์,พุทธบาท
2517,2567,ชนแดน,วิสาหกิจชุมชนกลุ่มเกษตรกรผู้ปลูกและแปรรูปมะขามหวานบ้านโป่งตะแบก,เลขที่ 28 หมู่ 10 ตำบลพุทธบาท อำเภอชนแดน เพชรบูรณ์ 67150,สำนักงานเกษตรจังหวัดเพชรบูรณ์,พุทธบาท
2518,2567,ชนแดน,วิสาหกิจชุมชนปลูกพืชเศรษฐกิจสมุนไพรบ้านโป่งตะแบก,เลขที่ 99 หมู่ 10 ตำบลพุทธบาท อำเภอชนแดน เพชรบูรณ์ 67150,สำนักงานเกษตรจังหวัดเพชรบูรณ์,พุทธบาท
2519,2567,ชนแดน,วิสาหกิจชุมชนกลุ่มเกษตรกรบ้านโป่งตะแบก ม.10 ต.พุทธบาท,เลขที่ 143 หมู่ 10 ตำบลพุทธบาท อำเภอชนแดน เพชรบูรณ์ 67150,สำนักงานเกษตรจังหวัดเพชรบูรณ์,พุทธบาท
2520,2567,ชนแดน,วิสาหกิจชุมชนกลุ่มทอผ้าบ้านคลองบนใต้  หมู่ที่ 20,เลขที่ 380/1 หมู่ 20 ตำบลลาดแค อำเภอชนแดน เพชรบูรณ์ 67150,สำนักงานเกษตรจังหวัดเพชรบูรณ์,ลาดแค
2521,2567,ชนแดน,วิสาหกิจชุมชนศูนย์ข้าวโพดชุมชนตำบลลาดแค,เลขที่ 177 หมู่ 8 ตำบลลาดแค อำเภอชนแดน เพชรบูรณ์ 67150,สำนักงานเกษตรจังหวัดเพชรบูรณ์,ลาดแค
2522,2567,ชนแดน,วิสาหกิจชุมชนกลุ่มเลี้ยงวัวเนื้อเพื่อการผลิตเพิ่มรายได้ หมู่ที่ 18 ตำบลลาดแค,เลขที่ 153/1 หมู่ 18 ตำบลลาดแค อำเภอชนแดน เพชรบูรณ์ 67150,สำนักงานเกษตรจังหวัดเพชรบูรณ์,ลาดแค
2523,2567,ชนแดน,วิสาหกิจชุมชนกลุ่มเกษตรกรเลี้ยงสัตว์หนองใหญ่,เลขที่ 428/1 หมู่ 2 ตำบลลาดแค อำเภอชนแดน เพชรบูรณ์ 67150,สำนักงานเกษตรจังหวัดเพชรบูรณ์,ลาดแค
2524,2567,ชนแดน,วิสาหกิจชุมชนเพื่อเกษตรกรบ้านคลองโปร่ง 1,เลขที่ 5 หมู่ 17 ตำบลลาดแค อำเภอชนแดน เพชรบูรณ์ 67150,สำนักงานเกษตรจังหวัดเพชรบูรณ์,ลาดแค
2525,2567,ชนแดน,วิสาหกิจชุมชนกลุ่มอาชีพเกษตรกร ม.18  ต.ลาดแค,เลขที่ 51 หมู่ 18 ตำบลลาดแค อำเภอชนแดน เพชรบูรณ์ 67150,สำนักงานเกษตรจังหวัดเพชรบูรณ์,ลาดแค
2526,2567,ชนแดน,วิสาหกิจชุมชนปรีชาสักทอง  2009,เลขที่ 111 หมู่ 3 ตำบลศาลาลาย อำเภอชนแดน เพชรบูรณ์ 67150,สำนักงานเกษตรจังหวัดเพชรบูรณ์,ศาลาลาย
2527,2567,ชนแดน,วิสาหกิจชุมชนบ้านดงลาน  ม.2  ต.ลาดแค,เลขที่ 322 หมู่ 2 ตำบลลาดแค อำเภอชนแดน เพชรบูรณ์ 67150,สำนักงานเกษตรจังหวัดเพชรบูรณ์,ลาดแค
2528,2567,ชนแดน,วิสาหกิจชุมชนเกษตรแนวใหม่บ้านเขาแม่แก่,เลขที่ 179 หมู่ 3 ตำบลลาดแค อำเภอชนแดน เพชรบูรณ์ 67150,สำนักงานเกษตรจังหวัดเพชรบูรณ์,ลาดแค
2529,2567,ชนแดน,วิสาหกิจชุมชนเกษตรพอเพียงบ้านลาดแคใต้,เลขที่ 102 หมู่ 1 ตำบลลาดแค อำเภอชนแดน เพชรบูรณ์ 67150,สำนักงานเกษตรจังหวัดเพชรบูรณ์,ลาดแค
2530,2567,ชนแดน,วิสาหกิจชุมชนหอมแดงบ้านดงลานใต้,เลขที่ 49/1 หมู่ 16 ตำบลลาดแค อำเภอชนแดน เพชรบูรณ์ 67150,สำนักงานเกษตรจังหวัดเพชรบูรณ์,ลาดแค
2531,2567,ชนแดน,วิสาหกิจชุมชนกลุ่มอาชีพเกษตรกรผู้ปลูกอ้อย หมู่18 ตำบลลาดแค,เลขที่ 122 หมู่ 18 ตำบลลาดแค อำเภอชนแดน เพชรบูรณ์ 67150,สำนักงานเกษตรจังหวัดเพชรบูรณ์,ลาดแค
2532,2567,ชนแดน,วิสาหกิจชุมชนกลุ่มเกษตรกรผู้ปลูกอ้อยตำบลลาดแค,เลขที่ 53/1 หมู่ 20 ตำบลลาดแค อำเภอชนแดน เพชรบูรณ์ 67150,สำนักงานเกษตรจังหวัดเพชรบูรณ์,ลาดแค
2533,2567,ชนแดน,วิสาหกิจชุมชนกลุ่มเกษตรกรผู้ปลูกอ้อย ม.18 ลาดแค,เลขที่ 10 หมู่ 18 ตำบลลาดแค อำเภอชนแดน เพชรบูรณ์ 67150,สำนักงานเกษตรจังหวัดเพชรบูรณ์,ลาดแค
2534,2567,ชนแดน,วิสาหกิจชุมชนปลูกข้าวโพดเลี้ยงสัตว์ หมู่ 16 ลาดแค,เลขที่ 140/2 หมู่ 16 ตำบลลาดแค อำเภอชนแดน เพชรบูรณ์ 67150,สำนักงานเกษตรจังหวัดเพชรบูรณ์,ลาดแค
2535,2567,ชนแดน,วิสาหกิจชุมชนกลุ่มเกษตรกรเลี้ยงสัตว์บ้านดงลานใต้ ม.16 ลาดแค,เลขที่ 140 หมู่ 16 ตำบลลาดแค อำเภอชนแดน เพชรบูรณ์ 67150,สำนักงานเกษตรจังหวัดเพชรบูรณ์,ลาดแค
2536,2567,ชนแดน,วิสาหกิจชุมชนกลุ่มเกษตรกรบ้านอำพรฟาร์ม,เลขที่ 52 หมู่ 3 ตำบลลาดแค อำเภอชนแดน เพชรบูรณ์ 67150,สำนักงานเกษตรจังหวัดเพชรบูรณ์,ลาดแค
2537,2567,ชนแดน,วิสาหกิจชุมชนกลุ่มเกษตรยั่งยืนและแปรรูปผลผลิตทางการเกษตรอำเภอชนแดน,เลขที่ 100 หมู่ 15 ตำบลลาดแค อำเภอชนแดน เพชรบูรณ์ 67150,สำนักงานเกษตรจังหวัดเพชรบูรณ์,ลาดแค
2538,2567,ชนแดน,วิสาหกิจชุมชนโคขุนบ้านซับตะเคียนหมู่21,เลขที่ 34 หมู่ 21 ตำบลลาดแค อำเภอชนแดน เพชรบูรณ์ 67150,สำนักงานเกษตรจังหวัดเพชรบูรณ์,ลาดแค
2539,2567,ชนแดน,วิสาหกิจชุมชนสานสายใยใจไทยทุกภาคเกษตรเศรษฐกิจยั่งยืน,เลขที่ 307 ตำบลลาดแค อำเภอชนแดน เพชรบูรณ์ 67150,สำนักงานเกษตรจังหวัดเพชรบูรณ์,ลาดแค
2540,2567,ชนแดน,เครือข่ายวิสาหกิจชุมชนพืชเศรษฐกิจใหม่,เลขที่ 100 หมู่ 15 ตำบลลาดแค อำเภอชนแดน เพชรบูรณ์ 67150,สำนักงานเกษตรจังหวัดเพชรบูรณ์,ลาดแค
2541,2567,ชนแดน,วิสาหกิจชุมชนกลุ่มสตรีทอผ้าบ้านเขาชะโงกเหนือ,เลขที่ 239 หมู่ 7 ตำบลบ้านกล้วย อำเภอชนแดน เพชรบูรณ์ 67190,สำนักงานเกษตรจังหวัดเพชรบูรณ์,บ้านกล้วย
2542,2567,ชนแดน,วิสาหกิจชุมชนการเลี้ยงไก่พันธุ์ไข่ หมู่ 8 ตำบลบ้านกล้วย,เลขที่ 59/1 หมู่ 8 ตำบลบ้านกล้วย อำเภอชนแดน เพชรบูรณ์ 67190,สำนักงานเกษตรจังหวัดเพชรบูรณ์,บ้านกล้วย
2543,2567,ชนแดน,วิสาหกิจชุมชนผลิตและแปรรูปผลผลิตทางการเกษตรบ้านกล้วย,เลขที่ 345 หมู่ 10 ตำบลบ้านกล้วย อำเภอชนแดน เพชรบูรณ์ 67190,สำนักงานเกษตรจังหวัดเพชรบูรณ์,บ้านกล้วย
2544,2567,ชนแดน,วิสาหกิจชุมชนกลุ่มเลี้ยงโคพันธุ์เนื้อเพื่อจำหน่าย,เลขที่ 148 หมู่ 8 ตำบลบ้านกล้วย อำเภอชนแดน เพชรบูรณ์ 67150,สำนักงานเกษตรจังหวัดเพชรบูรณ์,บ้านกล้วย
2545,2567,ชนแดน,วิสาหกิจชุมชนกลุ่มแม่บ้านวังไทร,เลขที่ 11 หมู่ 4 ตำบลซับพุทรา อำเภอชนแดน เพชรบูรณ์ 67150,สำนักงานเกษตรจังหวัดเพชรบูรณ์,ซับพุทรา
2546,2567,ชนแดน,วิสาหกิจชุมชนกลุ่มผู้ผลิตไม้กวาดดอกหญ้าบ้านซับหมาแสน,เลขที่ 125 หมู่ 6 ตำบลซับพุทรา อำเภอชนแดน เพชรบูรณ์ 67150,สำนักงานเกษตรจังหวัดเพชรบูรณ์,ซับพุทรา
2547,2567,ชนแดน,วิสาหกิจชุมชนกลุ่มเกษตรกรบ้านวังไทร,เลขที่ 1 หมู่ 4 ตำบลซับพุทรา อำเภอชนแดน เพชรบูรณ์ 67150,สำนักงานเกษตรจังหวัดเพชรบูรณ์,ซับพุทรา
2548,2567,ชนแดน,วิสาหกิจชุมชนผู้เลี้ยงสัตว์บ้านคลองกลาง,เลขที่ 76/1 หมู่ 2 ตำบลซับพุทรา อำเภอชนแดน เพชรบูรณ์ 67150,สำนักงานเกษตรจังหวัดเพชรบูรณ์,ซับพุทรา
2549,2567,ชนแดน,วิสาหกิจชุมชนศูนย์เรียนรู้นิคมเกษตรกรพืชอาหารและพืชทดแทนพลังงาน,เลขที่ 99 หมู่ 5 ตำบลซับพุทรา อำเภอชนแดน เพชรบูรณ์ 67150,สำนักงานเกษตรจังหวัดเพชรบูรณ์,ซับพุทรา
2550,2567,ชนแดน,วิสาหกิจชุมชนบ้านเขาถ้ำพัฒนา,เลขที่ 98 ม.9 ตำบลซับพุทรา อำเภอชนแดน เพชรบูรณ์ 67150,สำนักงานเกษตรจังหวัดเพชรบูรณ์,ซับพุทรา
2551,2567,ชนแดน,วิสาหกิจชุมชนกลุ่มร้านค้าและสินค้าชุมชนบ้านซับเจริญ,เลขที่ 120 ตำบลซับพุทรา อำเภอชนแดน เพชรบูรณ์ 67150,สำนักงานเกษตรจังหวัดเพชรบูรณ์,ซับพุทรา
2552,2567,ชนแดน,วิสาหกิจชุมชนเลี้ยงโคบ้านภูเขาหินปะการัง,เลขที่ 9 หมู่ 8 ตำบลซับพุทรา อำเภอชนแดน เพชรบูรณ์ 67150,สำนักงานเกษตรจังหวัดเพชรบูรณ์,ซับพุทรา
2553,2567,ชนแดน,วิสาหกิจชุมชนกลุ่มออมทรัพย์เพื่อการผลิตบ้านตะกุดไร หมู่ที่ 1,เลขที่ 117/1 หมู่ 1 ตำบลตะกุดไร อำเภอชนแดน เพชรบูรณ์ 67190,สำนักงานเกษตรจังหวัดเพชรบูรณ์,ตะกุดไร
2554,2567,ชนแดน,วิสาหกิจชุมชนเทพจักรพันธ์เพื่อการเกษตรและสมุนไพรที่ยั่งยืน,เลขที่ 95 หมู่ 6 ตำบลตะกุดไร อำเภอชนแดน เพชรบูรณ์ 67190,สำนักงานเกษตรจังหวัดเพชรบูรณ์,ตะกุดไร
2555,2567,ชนแดน,วิสาหกิจชุมชนแปรรูปสมุนไพรบ้านเนินพัฒนา,เลขที่ 150/2 หมู่ 10 ตำบลศาลาลาย อำเภอชนแดน เพชรบูรณ์ 67150,สำนักงานเกษตรจังหวัดเพชรบูรณ์,ศาลาลาย
2556,2567,ชนแดน,วิสาหกิจชุมชนกลุ่มเลี้ยงวัวเนื้อเพื่อการผลิตเพิ่มรายได้ หมู่ที่ 1 ตำบลศาลาลาย,เลขที่ 215 หมู่ 1 ตำบลศาลาลาย อำเภอชนแดน เพชรบูรณ์ 67150,สำนักงานเกษตรจังหวัดเพชรบูรณ์,ศาลาลาย
2557,2567,ชนแดน,วิสาหกิจชุมชนกลุ่มผู้เลี้ยงโคเนื้อเพื่อเพิ่มผลผลิต หมู่ที่ 5 ตำบลศาลาลาย,เลขที่ 400 หมู่ 5 ตำบลศาลาลาย อำเภอชนแดน เพชรบูรณ์ 67150,สำนักงานเกษตรจังหวัดเพชรบูรณ์,ศาลาลาย
2558,2567,ชนแดน,วิสาหกิจชุมชนกลุ่มเกษตรก้าวหน้า  หมู่ที่ 10  ศาลาลาย,เลขที่ 95/1 หมู่ 10 ตำบลศาลาลาย อำเภอชนแดน เพชรบูรณ์ 67150,สำนักงานเกษตรจังหวัดเพชรบูรณ์,ศาลาลาย
2559,2567,ชนแดน,วิสาหกิจชุมชนศูนย์ข้าวโพดชุมชนหมู่ที่ 1  ตำบลศาลาลาย,เลขที่ 318/1 หมู่ 1 ตำบลศาลาลาย อำเภอชนแดน เพชรบูรณ์ 67150,สำนักงานเกษตรจังหวัดเพชรบูรณ์,ศาลาลาย
2560,2567,ชนแดน,วิสาหกิจชุมชนกลุ่มการเกษตรซับขลุงพัฒนา,เลขที่ 176 หมู่ 7 ตำบลศาลาลาย อำเภอชนแดน เพชรบูรณ์ 67150,สำนักงานเกษตรจังหวัดเพชรบูรณ์,ศาลาลาย
2561,2567,ชนแดน,วิสาหกิจชุมชนกลุ่มผู้เลี้ยงโคเนื้อ หมู่9 ต.ศาลาลาย,เลขที่ 112 หมู่ 9 ตำบลศาลาลาย อำเภอชนแดน เพชรบูรณ์ 67150,สำนักงานเกษตรจังหวัดเพชรบูรณ์,ศาลาลาย
2562,2567,ชนแดน,วิสาหกิจชุมชนกลุ่มแปรรูปผลผลิตทางการเกษตร บ้านศาลาลาย,เลขที่ 1 หมู่ 1 ตำบลศาลาลาย อำเภอชนแดน เพชรบูรณ์ 67150,สำนักงานเกษตรจังหวัดเพชรบูรณ์,ศาลาลาย
2563,2567,ชนแดน,วิสาหกิจชุมชนกลุ่มเลี้ยงสัตว์บ้านชนแดน,เลขที่ 1120 หมู่ 4 ตำบลชนแดน อำเภอชนแดน เพชรบูรณ์ 67150,สำนักงานเกษตรจังหวัดเพชรบูรณ์,ชนแดน
2564,2567,ชนแดน,วิสาหกิจชุมชนสายทองโคเนื้อ หมู่ที่ 8 ตำบลศาลาลาย,เลขที่ 104 หมู่ 8 ตำบลศาลาลาย อำเภอชนแดน เพชรบูรณ์ 67150,สำนักงานเกษตรจังหวัดเพชรบูรณ์,ศาลาลาย
2565,2567,ชนแดน,วิสาหกิจชุมชนกลุ่มผลิตและแปรรูปมะขามอำเภอชนแดน,เลขที่ 7 หมู่ 8 ตำบลชนแดน อำเภอชนแดน เพชรบูรณ์ 67150,สำนักงานเกษตรจังหวัดเพชรบูรณ์,ชนแดน
2566,2567,ชนแดน,วิสาหกิจชุมชนกลุ่มเกษตรกรผลิตพืชปลอดภัยอำเภอชนแดน,เลขที่ 32 หมู่ 5 ตำบลชนแดน อำเภอชนแดน เพชรบูรณ์ 67150,สำนักงานเกษตรจังหวัดเพชรบูรณ์,ชนแดน
2567,2567,ชนแดน,วิสาหกิจชุมชนรวบรวมผลผลิตทางการเกษตรตามฤดูกาล,เลขที่ 10 หมู่ 2 ตำบลบ้านกล้วย อำเภอชนแดน เพชรบูรณ์ 67190,สำนักงานเกษตรจังหวัดเพชรบูรณ์,บ้านกล้วย
2568,2567,ชนแดน,วิสาหกิจชุมชนพัฒนาเกษตรกรบ้าน กม.28,เลขที่ 93 หมู่ 8 ตำบลดงขุย อำเภอชนแดน เพชรบูรณ์ 67190,สำนักงานเกษตรจังหวัดเพชรบูรณ์,ดงขุย
2569,2567,ชนแดน,วิสาหกิจชุมชนส่งเสริมการลดต้นทุนการผลิต ต.ดงขุย,เลขที่ 24/4 หมู่ 3 ตำบลดงขุย อำเภอชนแดน เพชรบูรณ์ 67190,สำนักงานเกษตรจังหวัดเพชรบูรณ์,ดงขุย
2570,2567,ชนแดน,วิสาหกิจชุมชนดงขุยผลิตและแปรรูปผลิตภัณฑ์,เลขที่ 333 หมู่ 3 ตำบลดงขุย อำเภอชนแดน เพชรบูรณ์ 67150,สำนักงานเกษตรจังหวัดเพชรบูรณ์,ดงขุย
2571,2567,ชนแดน,วิสาหกิจชุมชนการลดต้นทุนการผลิต หมู่ที่13,เลขที่ 167/1 หมู่ 13 ตำบลดงขุย อำเภอชนแดน เพชรบูรณ์ 67150,สำนักงานเกษตรจังหวัดเพชรบูรณ์,ดงขุย
2572,2567,ชนแดน,วิสาหกิจชุมชนกลุ่มน้ำพริกบ้านโคกตายอ,เลขที่ 105/1 หมู่ 17 ตำบลดงขุย อำเภอชนแดน เพชรบูรณ์ 67150,สำนักงานเกษตรจังหวัดเพชรบูรณ์,ดงขุย
2573,2567,ชนแดน,วิสาหกิจชุมชนเกษตรกรบ้านทุ่งโตนด,เลขที่ 90/1 หมู่ 9 ตำบลดงขุย อำเภอชนแดน เพชรบูรณ์ 67150,สำนักงานเกษตรจังหวัดเพชรบูรณ์,ดงขุย
2574,2567,ชนแดน,วิสาหกิจชุมชนเกษตรผสมผสาน ต.ดงขุย,เลขที่ 95/2 หมู่ 3 ตำบลดงขุย อำเภอชนแดน เพชรบูรณ์ 67190,สำนักงานเกษตรจังหวัดเพชรบูรณ์,ดงขุย
2575,2567,ชนแดน,วิสาหกิจชุมชนเกษตรกรหมู่10โป่งปู,เลขที่ 23/1 หมู่ 10 ตำบลดงขุย อำเภอชนแดน เพชรบูรณ์ 67150,สำนักงานเกษตรจังหวัดเพชรบูรณ์,ดงขุย
2576,2567,ชนแดน,วิสาหกิจชุมชนไร่นาสวนผสม ต.ดงขุย,เลขที่ 19 หมู่ 1 ตำบลดงขุย อำเภอชนแดน เพชรบูรณ์ 67150,สำนักงานเกษตรจังหวัดเพชรบูรณ์,ดงขุย
2577,2567,ชนแดน,วิสาหกิจชุมชนกลุ่มเกษตรกรบ้านดงสว่าง,เลขที่ 455/1 หมู่ 12 ตำบลดงขุย อำเภอชนแดน เพชรบูรณ์ 67190,สำนักงานเกษตรจังหวัดเพชรบูรณ์,ดงขุย
2578,2567,ชนแดน,วิสาหกิจชุมชนเกษตรกรหมู่15 บ้านดงขุยกลาง,เลขที่ 119 หมู่ 15 ตำบลดงขุย อำเภอชนแดน เพชรบูรณ์ 67190,สำนักงานเกษตรจังหวัดเพชรบูรณ์,ดงขุย
2579,2567,ชนแดน,วิสาหกิจชุมชนกลุ่มเกษตรกร หมู่3 ตำบลดงขุย,เลขที่ 42/4 หมู่ 3 ตำบลดงขุย อำเภอชนแดน เพชรบูรณ์ 67150,สำนักงานเกษตรจังหวัดเพชรบูรณ์,ดงขุย
2580,2567,ชนแดน,วิสาหกิจชุมชนกลุ่มเกษตรกรหมู่ 5 ต.ดงขุย,เลขที่ 567/4 หมู่ 5 ตำบลดงขุย อำเภอชนแดน เพชรบูรณ์ 67190,สำนักงานเกษตรจังหวัดเพชรบูรณ์,ดงขุย
2581,2567,ชนแดน,วิสาหกิจชุมชนเกษตรกรทุ่งโตนดร่วมใจ,เลขที่ 91/1 หมู่ 9 ตำบลดงขุย อำเภอชนแดน เพชรบูรณ์ 67190,สำนักงานเกษตรจังหวัดเพชรบูรณ์,ดงขุย
2582,2567,ชนแดน,วิสาหกิจชุมชนบ้านดงสว่างร่วมใจ,เลขที่ 591/1 หมู่ 12 ตำบลดงขุย อำเภอชนแดน เพชรบูรณ์ 67190,สำนักงานเกษตรจังหวัดเพชรบูรณ์,ดงขุย
2583,2567,ชนแดน,เครือข่ายวิสาหกิจชุมชนการลดต้นทุนการผลิต อำเภอชนแดน,เลขที่ 3 หมู่ 3 ตำบลดงขุย อำเภอชนแดน เพชรบูรณ์ 67150,สำนักงานเกษตรจังหวัดเพชรบูรณ์,ดงขุย
2584,2567,ชนแดน,เครือข่ายวิสาหกิจชุมชนกลุ่มรวบรวมผลผลิตเกษตรและแปรรูปสินค้าอำเภอชนแดน,เลขที่ 3 หมู่ 3 ตำบลดงขุย อำเภอชนแดน เพชรบูรณ์ 67150,สำนักงานเกษตรจังหวัดเพชรบูรณ์,ดงขุย
2585,2567,ชนแดน,วิสาหกิจชุมชนกลุ่มผลิตเมล็ดพันธุ์-ปศุสัตว์และไร่นาสวนผสม,เลขที่ 63 หมู่ 4 ตำบลท่าข้าม อำเภอชนแดน เพชรบูรณ์ 67150,สำนักงานเกษตรจังหวัดเพชรบูรณ์,ท่าข้าม
2586,2567,ชนแดน,วิสาหกิจชุมชนกลุ่มผลิตภัณฑ์แปรรูปจากธัญพืชบ้านวังปลาช่อน,เลขที่ 122 หมู่ 2 ตำบลท่าข้าม อำเภอชนแดน เพชรบูรณ์ 67150,สำนักงานเกษตรจังหวัดเพชรบูรณ์,ท่าข้าม
2587,2567,ชนแดน,วิสาหกิจชุมชนกลุ่มส่งเสริมการเกษตร,เลขที่ 2 หมู่ 3 ตำบลท่าข้าม อำเภอชนแดน เพชรบูรณ์ 67150,สำนักงานเกษตรจังหวัดเพชรบูรณ์,ท่าข้าม
2588,2567,ชนแดน,วิสาหกิจชุมชนกลุ่มผู้เลี้ยงโคเนื้อบ้านวังปลาช่อน,เลขที่ 52 หมู่ 2 ตำบลท่าข้าม อำเภอชนแดน เพชรบูรณ์ 67150,สำนักงานเกษตรจังหวัดเพชรบูรณ์,ท่าข้าม
2589,2567,ชนแดน,วิสาหกิจชุมชนกลุ่มเลี้ยงโคกระบือ ต.ท่าข้าม ม.5,เลขที่ 79 หมู่ 5 ตำบลท่าข้าม อำเภอชนแดน เพชรบูรณ์ 67150,สำนักงานเกษตรจังหวัดเพชรบูรณ์,ท่าข้าม
2590,2567,ชนแดน,วิสาหกิจชุมชนกลุ่มผู้เลี้ยงโคเนื้อตำบลท่าข้าม,เลขที่ 287/1 หมู่ 7 ตำบลท่าข้าม อำเภอชนแดน เพชรบูรณ์ 67150,สำนักงานเกษตรจังหวัดเพชรบูรณ์,ท่าข้าม
2591,2567,ชนแดน,วิสาหกิจชุมชนกลุ่มปศุสัตว์ ม.8,เลขที่ 88 หมู่ 8 ตำบลท่าข้าม อำเภอชนแดน เพชรบูรณ์ 67150,สำนักงานเกษตรจังหวัดเพชรบูรณ์,ท่าข้าม
2592,2567,ชนแดน,วิสาหกิจชุมชนกลุ่มเกษตรสามัคคีบ้านโคกสูง,เลขที่ 135 หมู่ 3 ตำบลท่าข้าม อำเภอชนแดน เพชรบูรณ์ 67150,สำนักงานเกษตรจังหวัดเพชรบูรณ์,ท่าข้าม
2593,2567,ชนแดน,วิสาหกิจชุมชนเกษตรยั่งยืนบ้านโคกสูง,เลขที่ 434/2 หมู่ 3 ตำบลท่าข้าม อำเภอชนแดน เพชรบูรณ์ 67150,สำนักงานเกษตรจังหวัดเพชรบูรณ์,ท่าข้าม
2594,2567,ชนแดน,วิสาหกิจชุมชนกลุ่มทอเสื่อแม่บ้านตะกุดเป้า ม.5,เลขที่ 34 หมู่ 5 ตำบลท่าข้าม อำเภอชนแดน เพชรบูรณ์ 67150,สำนักงานเกษตรจังหวัดเพชรบูรณ์,ท่าข้าม
2595,2567,ชนแดน,วิสาหกิจชุมชนกลุ่มเลี้ยงไก่พื้นเมืองบ้านผาทองใต้,เลขที่ 363 หมู่ 28 ตำบลพุทธบาท อำเภอชนแดน เพชรบูรณ์ 67150,สำนักงานเกษตรจังหวัดเพชรบูรณ์,พุทธบาท
2596,2567,ชนแดน,วิสาหกิจชุมชนกลุ่มผู้ผลิตและแปรรูป หมู่ที่ ๖ บ้านกกจั่น,เลขที่ 96 หมู่ 6 ตำบลพุทธบาท อำเภอชนแดน เพชรบูรณ์ 67015,สำนักงานเกษตรจังหวัดเพชรบูรณ์,พุทธบาท
2597,2567,ชนแดน,วิสาหกิจชุมชนกลุ่มอาชีพแปรรูปมะขาม,เลขที่ 444 หมู่ 2 ตำบลพุทธบาท อำเภอชนแดน เพชรบูรณ์ 67150,สำนักงานเกษตรจังหวัดเพชรบูรณ์,พุทธบาท
2598,2567,ชนแดน,วิสาหกิจชุมชนเกษตรทฤษฎีใหม่บ้านโค้งผักชี,เลขที่ 278 หมู่ 14 ตำบลพุทธบาท อำเภอชนแดน เพชรบูรณ์ 67150,สำนักงานเกษตรจังหวัดเพชรบูรณ์,พุทธบาท
2599,2567,ชนแดน,วิสาหกิจชุมชนคลองปอบโคเนื้อ,เลขที่ 9 หมู่ 9 ตำบลพุทธบาท อำเภอชนแดน เพชรบูรณ์ 67150,สำนักงานเกษตรจังหวัดเพชรบูรณ์,พุทธบาท
2600,2567,ชนแดน,วิสาหกิจชุมชนกลุ่มเลี้ยงสุกร ตำบลพุทธบาท,เลขที่ 73/2 หมู่ 25 ตำบลพุทธบาท อำเภอชนแดน เพชรบูรณ์ 67150,สำนักงานเกษตรจังหวัดเพชรบูรณ์,พุทธบาท
2601,2567,ชนแดน,วิสาหกิจชุมชนกลุ่มเลี้ยงสัตว์ ตำบลพุทธบาท,เลขที่ 55 หมู่ 25 ตำบลพุทธบาท อำเภอชนแดน เพชรบูรณ์ 67150,สำนักงานเกษตรจังหวัดเพชรบูรณ์,พุทธบาท
2602,2567,ชนแดน,วิสาหกิจชุมชนกลุ่มผู้เลี้ยงโคขุน ม.25 ต.พุทธบาท,เลขที่ 148 หมู่ 25 ตำบลพุทธบาท อำเภอชนแดน เพชรบูรณ์ 67150,สำนักงานเกษตรจังหวัดเพชรบูรณ์,พุทธบาท
2603,2567,ชนแดน,วิสาหกิจชุมชนกลุ่มเกษตรกรผู้เลี้ยงสัตว์ ม.25 ต.พุทธบาท,เลขที่ 118 หมู่ 25 ตำบลพุทธบาท อำเภอชนแดน เพชรบูรณ์ 67150,สำนักงานเกษตรจังหวัดเพชรบูรณ์,พุทธบาท
2604,2567,ชนแดน,วิสาหกิจชุมชนผู้เลี้ยงโค บ้านห้วยงาช้างบน,เลขที่ 37 หมู่ 23 ตำบลพุทธบาท อำเภอชนแดน เพชรบูรณ์ 67150,สำนักงานเกษตรจังหวัดเพชรบูรณ์,พุทธบาท
2605,2567,ชนแดน,วิสาหกิจชุมชนคนเลี้ยงแพะตำบลพุทธบาท,เลขที่ 336 หมู่ 5 ตำบลพุทธบาท อำเภอชนแดน เพชรบูรณ์ 67150,สำนักงานเกษตรจังหวัดเพชรบูรณ์,พุทธบาท
2606,2567,ชนแดน,วิสาหกิจชุมชนกลุ่มโคกระบือบ้านซับม่วง หมู่15,เลขที่ 23 หมู่ 15 ตำบลลาดแค อำเภอชนแดน เพชรบูรณ์ 67150,สำนักงานเกษตรจังหวัดเพชรบูรณ์,ลาดแค
2607,2567,ชนแดน,วิสาหกิจชุมชนกลุ่มโคกระบือ บ้านคลองโปร่ง,เลขที่ 98 หมู่ 17 ตำบลลาดแค อำเภอชนแดน เพชรบูรณ์ 67150,สำนักงานเกษตรจังหวัดเพชรบูรณ์,ลาดแค
2608,2567,ชนแดน,วิสาหกิจชุมชนกลุ่มจักสานตะกร้า,เลขที่ 53 หมู่ 17 ตำบลลาดแค อำเภอชนแดน เพชรบูรณ์ 67150,สำนักงานเกษตรจังหวัดเพชรบูรณ์,ลาดแค
2609,2567,ชนแดน,วิสาหกิจชุมชนซับม่วงพัฒนาโคเนื้อ,เลขที่ 18 หมู่ 15 ตำบลลาดแค อำเภอชนแดน เพชรบูรณ์ 67150,สำนักงานเกษตรจังหวัดเพชรบูรณ์,ลาดแค
2610,2567,ชนแดน,วิสาหกิจชุมชนผู้เลี้ยงโคเนื้อบ้านซับม่วง,เลขที่ 151 หมู่ 15 ตำบลลาดแค อำเภอชนแดน เพชรบูรณ์ 67150,สำนักงานเกษตรจังหวัดเพชรบูรณ์,ลาดแค
2611,2567,ชนแดน,วิสาหกิจชุมชนกลุ่มจักสานตะกร้าบ้านโคกยาว,เลขที่ 11/2 หมู่ 6 ตำบลลาดแค อำเภอชนแดน เพชรบูรณ์ 67150,สำนักงานเกษตรจังหวัดเพชรบูรณ์,ลาดแค
2612,2567,ชนแดน,วิสาหกิจชุมชนกลุ่มผู้เลี้ยงโคเนื้อ ม.19 ต.ลาดแค,เลขที่ 1/3 หมู่ 19 ตำบลลาดแค อำเภอชนแดน เพชรบูรณ์ 67150,สำนักงานเกษตรจังหวัดเพชรบูรณ์,ลาดแค
2613,2567,ชนแดน,วิสาหกิจชุมชนกลุ่มผลิตพืชอาหารปลอดภัยบ้านซับม่วง,เลขที่ 68 หมู่ 15 ตำบลลาดแค อำเภอชนแดน เพชรบูรณ์ 67150,สำนักงานเกษตรจังหวัดเพชรบูรณ์,ลาดแค
2614,2567,ชนแดน,วิสาหกิจชุมชนกลุ่มผลิตพืชอาหารปลอดภัยบ้านโคกยาว,เลขที่ 11 หมู่ 6 ตำบลลาดแค อำเภอชนแดน เพชรบูรณ์ 67150,สำนักงานเกษตรจังหวัดเพชรบูรณ์,ลาดแค
2615,2567,ชนแดน,วิสาหกิจชุมชนกลุ่มผู้ปลูกและรวบรวมอ้อย,เลขที่ 104 หมู่ 18 ตำบลลาดแค อำเภอชนแดน เพชรบูรณ์ 67150,สำนักงานเกษตรจังหวัดเพชรบูรณ์,ลาดแค
2616,2567,ชนแดน,วิสาหกิจชุมชนเกษตรกรชาวไร่อ้อย,เลขที่ 82 หมู่ 2 ตำบลลาดแค อำเภอชนแดน เพชรบูรณ์ 67150,สำนักงานเกษตรจังหวัดเพชรบูรณ์,ลาดแค
2617,2567,ชนแดน,วิสาหกิจชุมชนกลุ่มเลี้ยงวัวบ้านเขาปูน ม.18,เลขที่ 91/1 หมู่ 18 ตำบลลาดแค อำเภอชนแดน เพชรบูรณ์ 67150,สำนักงานเกษตรจังหวัดเพชรบูรณ์,ลาดแค
2618,2567,ชนแดน,วิสาหกิจชุมชนกลุ่มเลี้ยงโคเนื้อบ้านหนองใหญ่ หมู่ 8,เลขที่ 253 หมู่ 8 ตำบลลาดแค อำเภอชนแดน เพชรบูรณ์ 67150,สำนักงานเกษตรจังหวัดเพชรบูรณ์,ลาดแค
2619,2567,ชนแดน,วิสาหกิจชุมชนกลุ่มผู้ปลูกอ้อยหมู่บ้านเขาน้อย หมู่4,เลขที่ 107 หมู่ 4 ตำบลลาดแค อำเภอชนแดน เพชรบูรณ์ ,สำนักงานเกษตรจังหวัดเพชรบูรณ์,ลาดแค
2620,2567,ชนแดน,วิสาหกิจชุมชนกลุ่มปลูกอ้อยบ้านหนองใหญ่ หมู่8,เลขที่ 268 หมู่ 8 ตำบลลาดแค อำเภอชนแดน เพชรบูรณ์ 67150,สำนักงานเกษตรจังหวัดเพชรบูรณ์,ลาดแค
2621,2567,ชนแดน,วิสาหกิจชุมชนชาวไร่อ้อย ม.21 ลาดแค,เลขที่ 60 หมู่ 21 ตำบลลาดแค อำเภอชนแดน เพชรบูรณ์ 67150,สำนักงานเกษตรจังหวัดเพชรบูรณ์,ลาดแค
2622,2567,ชนแดน,วิสาหกิจชุมชนชาวไร่อ้อย ม.7 บ้านถ้ำแก้ว,เลขที่ 50 หมู่ 7 ตำบลลาดแค อำเภอชนแดน เพชรบูรณ์ ,สำนักงานเกษตรจังหวัดเพชรบูรณ์,ลาดแค
2623,2567,ชนแดน,วิสาหกิจชุมชนกลุ่มปลูกพืชผักปลอดภัย,เลขที่ 99/1 หมู่ 6 ตำบลลาดแค อำเภอชนแดน เพชรบูรณ์ 67150,สำนักงานเกษตรจังหวัดเพชรบูรณ์,ลาดแค
2624,2567,ชนแดน,วิสาหกิจชุมชนกลุ่มเกษตรกรบ้านดงลานใต้ หมู่ 16,เลขที่ 2 หมู่ 16 ตำบลลาดแค อำเภอชนแดน เพชรบูรณ์ 67150,สำนักงานเกษตรจังหวัดเพชรบูรณ์,ลาดแค
2625,2567,ชนแดน,วิสาหกิจชุมชนกลุ่มเลี้ยงโคเนื้อเพื่อการผลิต หมู่ที่ 16,เลขที่ 57 หมู่ 16 ตำบลลาดแค อำเภอชนแดน เพชรบูรณ์ 67150,สำนักงานเกษตรจังหวัดเพชรบูรณ์,ลาดแค
2626,2567,ชนแดน,วิสาหกิจชุมชนกลุ่มผู้ปลูกอ้อย บ้านเขาปูน ม.18,เลขที่ 57 หมู่ 18 ตำบลลาดแค อำเภอชนแดน เพชรบูรณ์ 67150,สำนักงานเกษตรจังหวัดเพชรบูรณ์,ลาดแค
2627,2567,ชนแดน,วิสาหกิจชุมชนเลี้ยงโคเนื้อบ้านกล้วยพัฒนา,เลขที่ 401 หมู่ 3 ตำบลบ้านกล้วย อำเภอชนแดน เพชรบูรณ์ ,สำนักงานเกษตรจังหวัดเพชรบูรณ์,บ้านกล้วย
2628,2567,ชนแดน,วิสาหกิจชุมชนกลุ่มปศุสัตว์บ้านโคกสำราญ,เลขที่ 166/1 หมู่ 8 ตำบลบ้านกล้วย อำเภอชนแดน เพชรบูรณ์ 67150,สำนักงานเกษตรจังหวัดเพชรบูรณ์,บ้านกล้วย
2629,2567,ชนแดน,วิสาหกิจชุมชนกลุ่มการเพาะเห็ดถุง เห็ดอินทรีย์,เลขที่ 54/1 หมู่ 5 ตำบลบ้านกล้วย อำเภอชนแดน เพชรบูรณ์ 67150,สำนักงานเกษตรจังหวัดเพชรบูรณ์,บ้านกล้วย
2630,2567,ชนแดน,วิสาหกิจชุมชนกลุ่มเลี้ยงแพะร่วมใจ ต.บ้านกล้วย,เลขที่ 182 หมู่ 12 ตำบลบ้านกล้วย อำเภอชนแดน เพชรบูรณ์ ,สำนักงานเกษตรจังหวัดเพชรบูรณ์,บ้านกล้วย
2631,2567,ชนแดน,วิสาหกิจชุมชนกลุ่มปศุสัตว์บ้านกล้วยเหนือ,เลขที่ 81 หมู่ 10 ตำบลบ้านกล้วย อำเภอชนแดน เพชรบูรณ์ 67150,สำนักงานเกษตรจังหวัดเพชรบูรณ์,บ้านกล้วย
2632,2567,ชนแดน,วิสาหกิจชุมชนกลุ่มผู้ผลิตอ้อย,เลขที่ 186 หมู่ 3 ตำบลบ้านกล้วย อำเภอชนแดน เพชรบูรณ์ 67190,สำนักงานเกษตรจังหวัดเพชรบูรณ์,บ้านกล้วย
2633,2567,ชนแดน,วิสาหกิจชุมชนรวบรวมผลผลิตการเกษตร ม.2 โคกสำราญ,เลขที่ 121 หมู่ 2 ตำบลบ้านกล้วย อำเภอชนแดน เพชรบูรณ์ 67190,สำนักงานเกษตรจังหวัดเพชรบูรณ์,บ้านกล้วย
2634,2567,ชนแดน,วิสาหกิจชุมชนกลุ่มเลี้ยงสัตว์และแปรรูปผลผลิตทางการเกษตร,เลขที่ 44/1 หมู่ 8 ตำบลบ้านกล้วย อำเภอชนแดน เพชรบูรณ์ 67190,สำนักงานเกษตรจังหวัดเพชรบูรณ์,บ้านกล้วย
2635,2567,ชนแดน,วิสาหกิจชุมชนซับพุทราสมุนไพร,เลขที่ 599 หมู่ 1 ตำบลซับพุทรา อำเภอชนแดน เพชรบูรณ์ 67150,สำนักงานเกษตรจังหวัดเพชรบูรณ์,ซับพุทรา
2636,2567,ชนแดน,วิสาหกิจชุมชนกลุ่มเกษตรกรรมยั่งยืนบ้านคลองกลาง,เลขที่ 16 หมู่ 2 ตำบลซับพุทรา อำเภอชนแดน เพชรบูรณ์ 67150,สำนักงานเกษตรจังหวัดเพชรบูรณ์,ซับพุทรา
2637,2567,ชนแดน,วิสาหกิจชุมชนกลุ่มเลี้ยงโคเนื้อบ้านโคกสาร,เลขที่ 37/1 หมู่ 5 ตำบลซับพุทรา อำเภอชนแดน เพชรบูรณ์ 67150,สำนักงานเกษตรจังหวัดเพชรบูรณ์,ซับพุทรา
2638,2567,ชนแดน,วิสาหกิจชุมชนกลุ่มผู้เลี้ยงโคเนื้อ-โคกสาร,เลขที่ 77 หมู่ 5 ตำบลซับพุทรา อำเภอชนแดน เพชรบูรณ์ 67150,สำนักงานเกษตรจังหวัดเพชรบูรณ์,ซับพุทรา
2639,2567,ชนแดน,วิสาหกิจชุมชนกลุ่มผลิตเมล็ดพันธุ์พืชและปศุสัตว์ตำบลซับพุทรา,เลขที่ 23 หมู่ 7 ตำบลซับพุทรา อำเภอชนแดน เพชรบูรณ์ 67150,สำนักงานเกษตรจังหวัดเพชรบูรณ์,ซับพุทรา
2640,2567,ชนแดน,วิสาหกิจชุมชนกลุ่มผู้เลี้ยงสุกร ม.1 ต.ซับพุทรา,เลขที่ 34/5 หมู่ 1 ตำบลซับพุทรา อำเภอชนแดน เพชรบูรณ์ 67150,สำนักงานเกษตรจังหวัดเพชรบูรณ์,ซับพุทรา
2641,2567,ชนแดน,วิสาหกิจชุมชนเกษตรผสมผสานบ้านวังไทร,เลขที่ 1/4 หมู่ 4 ตำบลซับพุทรา อำเภอชนแดน เพชรบูรณ์ 67150,สำนักงานเกษตรจังหวัดเพชรบูรณ์,ซับพุทรา
2642,2567,ชนแดน,วิสาหกิจชุมชนกลุ่มเลี้ยงแพะบ้านเขาเพิ่ม,เลขที่ 54 หมู่ 8 ตำบลซับพุทรา อำเภอชนแดน เพชรบูรณ์ 67150,สำนักงานเกษตรจังหวัดเพชรบูรณ์,ซับพุทรา
2643,2567,ชนแดน,เครือข่ายวิสาหกิจชุมชนกลุ่มผลิตสินค้าเกษตรพื้นที่ส่งเสริมแปลงใหญ่ตำบลซับพุทรา,เลขที่ 99 หมู่ 5 ตำบลซับพุทรา อำเภอชนแดน เพชรบูรณ์ 67150,สำนักงานเกษตรจังหวัดเพชรบูรณ์,ซับพุทรา
2644,2567,ชนแดน,วิสาหกิจชุมชนกลุ่มผู้ปลูกข้าวโพดบ้านเขาสัก,เลขที่ 26 หมู่ 4 ตำบลตะกุดไร อำเภอชนแดน เพชรบูรณ์ 67190,สำนักงานเกษตรจังหวัดเพชรบูรณ์,ตะกุดไร
2645,2567,ชนแดน,วิสาหกิจชุมชนพัฒนาการเกษตร หมู่5,เลขที่ 108/1 หมู่ 5 ตำบลศาลาลาย อำเภอชนแดน เพชรบูรณ์ 67150,สำนักงานเกษตรจังหวัดเพชรบูรณ์,ศาลาลาย
2646,2567,ชนแดน,วิสาหกิจชุมชนกลุ่มบุญยิ่งโคเนื้อ,เลขที่ 10/1 หมู่ 3 ตำบลศาลาลาย อำเภอชนแดน เพชรบูรณ์ 67150,สำนักงานเกษตรจังหวัดเพชรบูรณ์,ศาลาลาย
2647,2567,ชนแดน,วิสาหกิจชุมชนดาวเรืองโคเนื้อ,เลขที่ 294 หมู่ 8 ตำบลศาลาลาย อำเภอชนแดน เพชรบูรณ์ 67150,สำนักงานเกษตรจังหวัดเพชรบูรณ์,ศาลาลาย
2648,2567,ชนแดน,วิสาหกิจชุมชนประจวบโคเนื้อ,เลขที่ 70 หมู่ 9 ตำบลศาลาลาย อำเภอชนแดน เพชรบูรณ์ 67150,สำนักงานเกษตรจังหวัดเพชรบูรณ์,ศาลาลาย
2649,2567,ชนแดน,วิสาหกิจชุมชนณัฐพงษ์โคเนื้อ,เลขที่ 13 หมู่ 5 ตำบลศาลาลาย อำเภอชนแดน เพชรบูรณ์ 67150,สำนักงานเกษตรจังหวัดเพชรบูรณ์,ศาลาลาย
2650,2567,ชนแดน,วิสาหกิจชุมชนปรานอมโคเนื้อ,เลขที่ 47 หมู่ 8 ตำบลศาลาลาย อำเภอชนแดน เพชรบูรณ์ 67150,สำนักงานเกษตรจังหวัดเพชรบูรณ์,ศาลาลาย
2651,2567,ชนแดน,วิสาหกิจชุมชนกลุ่มบรรจงเลี้ยงโคเนื้อ ม.6 ต.ศาลาลาย,เลขที่ 149/6 หมู่ 6 ตำบลศาลาลาย อำเภอชนแดน เพชรบูรณ์ 67150,สำนักงานเกษตรจังหวัดเพชรบูรณ์,ศาลาลาย
2652,2567,ชนแดน,วิสาหกิจชุมชนเนินพัฒนาโคเนื้อ,เลขที่ 2 หมู่ 10 ตำบลศาลาลาย อำเภอชนแดน เพชรบูรณ์ 67150,สำนักงานเกษตรจังหวัดเพชรบูรณ์,ศาลาลาย
2653,2567,ชนแดน,วิสาหกิจชุมชนกลุ่มผู้เลี้ยงโคเนื้อ ม.6 ต.ศาลาลาย,เลขที่ 192 หมู่ 6 ตำบลศาลาลาย อำเภอชนแดน เพชรบูรณ์ 67150,สำนักงานเกษตรจังหวัดเพชรบูรณ์,ศาลาลาย
2654,2567,ชนแดน,วิสาหกิจชุมชนหนองขามโคเนื้อ,เลขที่ 95 หมู่ 9 ตำบลศาลาลาย อำเภอชนแดน เพชรบูรณ์ 67150,สำนักงานเกษตรจังหวัดเพชรบูรณ์,ศาลาลาย
2655,2567,ชนแดน,วิสาหกิจชุมชนคลองตะแบกโคเนื้อ,เลขที่ 60 หมู่ 10 ตำบลศาลาลาย อำเภอชนแดน เพชรบูรณ์ 67150,สำนักงานเกษตรจังหวัดเพชรบูรณ์,ศาลาลาย
2656,2567,ชนแดน,วิสาหกิจชุมชนไร่ผาสุขโคเนื้อ,เลขที่ 434 หมู่ 5 ตำบลศาลาลาย อำเภอชนแดน เพชรบูรณ์ 67150,สำนักงานเกษตรจังหวัดเพชรบูรณ์,ศาลาลาย
2657,2567,ชนแดน,วิสาหกิจชุมชนผู้เลี้ยงวัว,เลขที่ 6 หมู่ 6 ตำบลศาลาลาย อำเภอชนแดน เพชรบูรณ์ 67150,สำนักงานเกษตรจังหวัดเพชรบูรณ์,ศาลาลาย
2658,2567,ชนแดน,วิสาหกิจชุมชนเกษตรพัฒนาบ้านหัวถนน ม.8,เลขที่ 410/5 หมู่ 8 ตำบลศาลาลาย อำเภอชนแดน เพชรบูรณ์ 67150,สำนักงานเกษตรจังหวัดเพชรบูรณ์,ศาลาลาย
2659,2567,ชนแดน,วิสาหกิจชุมชนบ้านไร่ผาสุขโคเนื้อ,เลขที่ 193/2 หมู่ 6 ตำบลศาลาลาย อำเภอชนแดน เพชรบูรณ์ 67150,สำนักงานเกษตรจังหวัดเพชรบูรณ์,ศาลาลาย
2660,2567,ชนแดน,วิสาหกิจชุมชนกลุ่มเลี้ยงโคเนื้อบ้านเขาวงศ์ ต.ศาลาลาย,เลขที่ 45/4 หมู่ 6 ตำบลศาลาลาย อำเภอชนแดน เพชรบูรณ์ 67150,สำนักงานเกษตรจังหวัดเพชรบูรณ์,ศาลาลาย
2661,2567,ชนแดน,วิสาหกิจชุมชนเกษตรพัฒนาโคเงิน,เลขที่ 267 หมู่ 8 ตำบลศาลาลาย อำเภอชนแดน เพชรบูรณ์ 67150,สำนักงานเกษตรจังหวัดเพชรบูรณ์,ศาลาลาย
2662,2567,วังโป่ง,วิสาหกิจชุมชนกลุ่มแปลงใหญ่ข้าววังโป่ง,เลขที่ 197 หมู่ 1 ตำบลวังโป่ง อำเภอวังโป่ง เพชรบูรณ์ 67240,สำนักงานเกษตรจังหวัดเพชรบูรณ์,วังโป่ง
2663,2567,วังโป่ง,วิสาหกิจชุมชนกลุ่มเกษตรพัฒนาม.8บ้านทางข้าม,เลขที่ 121 ม.8 ตำบลวังโป่ง อำเภอวังโป่ง เพชรบูรณ์ 67240,สำนักงานเกษตรจังหวัดเพชรบูรณ์,วังโป่ง
2664,2567,วังโป่ง,วิสาหกิจชุมชนศูนย์ฯ ข้าวชุมชนบ้านทุ่งนางาม,เลขที่ 6 หมู่ 7 ตำบลท้ายดง อำเภอวังโป่ง เพชรบูรณ์ 67240,สำนักงานเกษตรจังหวัดเพชรบูรณ์,ท้ายดง
2665,2567,วังโป่ง,วิสาหกิจชุมชนกลุ่มแม่บ้านเกษตรกรบ้านวังกระดาษเงิน,เลขที่ 134 หมู่ 2 ตำบลท้ายดง อำเภอวังโป่ง เพชรบูรณ์ 67240,สำนักงานเกษตรจังหวัดเพชรบูรณ์,ท้ายดง
2666,2567,วังโป่ง,วิสาหกิจชุมชนผู้ผลิตไม้ผลท้ายดง,เลขที่ 327 หมู่ 2 ตำบลท้ายดง อำเภอวังโป่ง เพชรบูรณ์ 67240,สำนักงานเกษตรจังหวัดเพชรบูรณ์,ท้ายดง
2667,2567,วังโป่ง,วิสาหกิจชุมชนบ้านวังขอน,เลขที่ 225 หมู่ 6 ตำบลท้ายดง อำเภอวังโป่ง เพชรบูรณ์ 67240,สำนักงานเกษตรจังหวัดเพชรบูรณ์,ท้ายดง
2668,2567,วังโป่ง,วิสาหกิจชุมชนขนมบ้านบ้าน,เลขที่ 7/1 หมู่ 3 ตำบลท้ายดง อำเภอวังโป่ง เพชรบูรณ์ 67240,สำนักงานเกษตรจังหวัดเพชรบูรณ์,ท้ายดง
2669,2567,วังโป่ง,วิสาหกิจชุมชนแม่บ้านเกษตรกรบ้านวังชะนางเหนือ หมู่ที่12,เลขที่ 173/1 หมู่ 12 ตำบลท้ายดง อำเภอวังโป่ง เพชรบูรณ์ 67240,สำนักงานเกษตรจังหวัดเพชรบูรณ์,ท้ายดง
2670,2567,วังโป่ง,วิสาหกิจชุมชนผลิตภัณฑ์แปรรูปหญ้าแฝก อ.วังโป่ง จ.เพชรบูรณ์,เลขที่ 34/2 หมู่ 4 ตำบลท้ายดง อำเภอวังโป่ง เพชรบูรณ์ 67240,สำนักงานเกษตรจังหวัดเพชรบูรณ์,ท้ายดง
2671,2567,วังโป่ง,วิสาหกิจชุมชนคนหัวใจอินทรีย์อำเภอวังโป่ง,เลขที่ 231 หมู่ 6 ตำบลท้ายดง อำเภอวังโป่ง เพชรบูรณ์ 67240,สำนักงานเกษตรจังหวัดเพชรบูรณ์,ท้ายดง
2672,2567,วังโป่ง,วิสาหกิจชุมชนบ้านวังชะนางใต้ ม.5 ท้ายดง,เลขที่ 113 หมู่ 5 ตำบลท้ายดง อำเภอวังโป่ง เพชรบูรณ์ 67240,สำนักงานเกษตรจังหวัดเพชรบูรณ์,ท้ายดง
2673,2567,วังโป่ง,วิสาหกิจชุมชนกล่มผลไม้แปรรูปท้ายดง,เลขที่ 90/2 หมู่ 12 ตำบลท้ายดง อำเภอวังโป่ง เพชรบูรณ์ 67240,สำนักงานเกษตรจังหวัดเพชรบูรณ์,ท้ายดง
2674,2567,วังโป่ง,วิสาหกิจชุมชนกลุ่มวังไทรทองเหนือก้าวหน้า,เลขที่ 188 หมู่ 7 ตำบลซับเปิบ อำเภอวังโป่ง เพชรบูรณ์ 67240,สำนักงานเกษตรจังหวัดเพชรบูรณ์,ซับเปิบ
2675,2567,วังโป่ง,วิสาหกิจชุมชนกลุ่มเกษตรพัฒนา ม.8 ซับเปิบใต้,เลขที่ 204 หมู่ 8 ตำบลซับเปิบ อำเภอวังโป่ง เพชรบูรณ์ 67240,สำนักงานเกษตรจังหวัดเพชรบูรณ์,ซับเปิบ
2676,2567,วังโป่ง,วิสาหกิจชุมชนเกษตรพัฒนาซับเปิบ หมู่ที่ 3,เลขที่ 118 หมู่ 3 ตำบลซับเปิบ อำเภอวังโป่ง เพชรบูรณ์ 67240,สำนักงานเกษตรจังหวัดเพชรบูรณ์,ซับเปิบ
2677,2567,วังโป่ง,วิสาหกิจชุมชนกลุ่มส่งเสริมพัฒนาการเกษตรบ้านเนินดินแดง,เลขที่ 9 หมู่ 4 ตำบลซับเปิบ อำเภอวังโป่ง เพชรบูรณ์ 67240,สำนักงานเกษตรจังหวัดเพชรบูรณ์,ซับเปิบ
2678,2567,วังโป่ง,วิสาหกิจชุมชนกลุ่มพัฒนาอาชีพบ้านคลองน้ำคัน,เลขที่ 288 หมู่ 2 ตำบลซับเปิบ อำเภอวังโป่ง เพชรบูรณ์ 67240,สำนักงานเกษตรจังหวัดเพชรบูรณ์,ซับเปิบ
2679,2567,วังโป่ง,วิสาหกิจชุมชนสานสายใยใจไทยทุกภาคเกษตรพัฒนาบ้านซับเปิบ,เลขที่ 59/1 ตำบลซับเปิบ อำเภอวังโป่ง เพชรบูรณ์ 67240,สำนักงานเกษตรจังหวัดเพชรบูรณ์,ซับเปิบ
2680,2567,วังโป่ง,วิสาหกิจชุมชนกลุ่มออมทรัพย์ ว.44,เลขที่ 8 หมู่ 16 ตำบลวังหิน อำเภอวังโป่ง เพชรบูรณ์ 67240,สำนักงานเกษตรจังหวัดเพชรบูรณ์,วังหิน
2681,2567,วังโป่ง,วิสาหกิจชุมชนศูนย์ผลิตพันธุ์พืชตำบลวังหิน,เลขที่ 65 หมู่ 5 ตำบลวังหิน อำเภอวังโป่ง เพชรบูรณ์ 67240,สำนักงานเกษตรจังหวัดเพชรบูรณ์,วังหิน
2682,2567,วังโป่ง,วิสาหกิจชุมชนกลุ่มสตรีทอผ้าตำบลวังหิน,เลขที่ 35 หมู่ 15 ตำบลวังหิน อำเภอวังโป่ง เพชรบูรณ์ 67240,สำนักงานเกษตรจังหวัดเพชรบูรณ์,วังหิน
2683,2567,วังโป่ง,วิสาหกิจชุมชนกลุ่มส่งเสริมการผลิตข้าวชุมชนบ้านน้ำอ้อม,เลขที่ 31 หมู่ 3 ตำบลวังหิน อำเภอวังโป่ง เพชรบูรณ์ 67240,สำนักงานเกษตรจังหวัดเพชรบูรณ์,วังหิน
2684,2567,วังโป่ง,วิสาหกิจชุมชนไหมทอง,เลขที่ 44 หมู่ 12 ตำบลวังหิน อำเภอวังโป่ง เพชรบูรณ์ 67240,สำนักงานเกษตรจังหวัดเพชรบูรณ์,วังหิน
2685,2567,วังโป่ง,วิสาหกิจชุมชนสวนส้มโอปลอดสารพิษ,เลขที่ 15/1 หมู่ 4 ตำบลวังหิน อำเภอวังโป่ง เพชรบูรณ์ 67240,สำนักงานเกษตรจังหวัดเพชรบูรณ์,วังหิน
2686,2567,วังโป่ง,วิสาหกิจชุมชนกลุ่มผลผลิตอาหารปลอดภัยโคกหนองนา พช. วังโป่ง,เลขที่ 115 หมู่ 13 ตำบลวังหิน อำเภอวังโป่ง เพชรบูรณ์ 67240,สำนักงานเกษตรจังหวัดเพชรบูรณ์,วังหิน
2687,2567,วังโป่ง,วิสาหกิจชุมชนกลุ่มเลี้ยงโคเนื้อปรับเปลี่ยนพื้นที่นาไม่เหมาะสม,เลขที่ 17 หมู่ 13 ตำบลวังหิน อำเภอวังโป่ง เพชรบูรณ์ 67240,สำนักงานเกษตรจังหวัดเพชรบูรณ์,วังหิน
2688,2567,วังโป่ง,วิสาหกิจชุมชนผลิตภัณฑ์ภูมิปัญญาท้องถิ่นบ้านวังพลับ,เลขที่ 26/2 หมู่ 5 ตำบลวังหิน อำเภอวังโป่ง เพชรบูรณ์ 67240,สำนักงานเกษตรจังหวัดเพชรบูรณ์,วังหิน
2689,2567,วังโป่ง,วิสาหกิจชุมชนบ้านเนินวังชุมนุมสามัคคี,เลขที่ 67 หมู่ 2 ตำบลวังศาล อำเภอวังโป่ง เพชรบูรณ์ 67240,สำนักงานเกษตรจังหวัดเพชรบูรณ์,วังศาล
2690,2567,วังโป่ง,วิสาหกิจชุมชนภูเขาทอง,เลขที่ 4 หมู่ 12 ตำบลวังศาล อำเภอวังโป่ง เพชรบูรณ์ 67240,สำนักงานเกษตรจังหวัดเพชรบูรณ์,วังศาล
2691,2567,วังโป่ง,วิสาหกิจชุมชนดงลึกพัฒนา,เลขที่ 202/2 หมู่ 3 ตำบลวังศาล อำเภอวังโป่ง เพชรบูรณ์ 67240,สำนักงานเกษตรจังหวัดเพชรบูรณ์,วังศาล
2692,2567,วังโป่ง,วิสาหกิจชุมชนกลุ่มพัฒนาอาชีพเกษตรตำบลวังศาล,เลขที่ 2 หมู่ 4 ตำบลวังศาล อำเภอวังโป่ง เพชรบูรณ์ 67240,สำนักงานเกษตรจังหวัดเพชรบูรณ์,วังศาล
2693,2567,วังโป่ง,วิสาหกิจชุมชนปลูกข้าวโพดเลี้ยงสุกร ม.2 ต.วังศาล,เลขที่ 24/1 หมู่ 2 ตำบลวังศาล อำเภอวังโป่ง เพชรบูรณ์ 67240,สำนักงานเกษตรจังหวัดเพชรบูรณ์,วังศาล
2694,2567,วังโป่ง,วิสาหกิจชุมชนโคเนื้อบ้านสะพานสอง ต.วังโป่ง,เลขที่ 144 หมู่ 13 ตำบลวังโป่ง อำเภอวังโป่ง เพชรบูรณ์ 67240,สำนักงานเกษตรจังหวัดเพชรบูรณ์,วังโป่ง
2695,2567,วังโป่ง,วิสาหกิจชุมชนพัฒนาเกษตรแนวใหม่บ้านวังขอน,เลขที่ 164 หมู่ 6 ตำบลท้ายดง อำเภอวังโป่ง เพชรบูรณ์ 67240,สำนักงานเกษตรจังหวัดเพชรบูรณ์,ท้ายดง
2696,2567,วังโป่ง,วิสาหกิจชุมชนกลุ่มแม่บ้านเกษตรกรบ้านร่องตะแบก,เลขที่ 161 หมู่ 9 ตำบลท้ายดง อำเภอวังโป่ง เพชรบูรณ์ 67240,สำนักงานเกษตรจังหวัดเพชรบูรณ์,ท้ายดง
2697,2567,วังโป่ง,วิสาหกิจชุมชนกลุ่มผู้เลี้ยงโคเนื้อตำบลซับเปิบ,เลขที่ 18/1 หมู่ 4 ตำบลซับเปิบ อำเภอวังโป่ง เพชรบูรณ์ 67240,สำนักงานเกษตรจังหวัดเพชรบูรณ์,ซับเปิบ
2698,2567,วังโป่ง,วิสาหกิจชุมชนไม้ผลตำบลซับเปิบ,เลขที่ 32 หมู่ 9 ตำบลซับเปิบ อำเภอวังโป่ง เพชรบูรณ์ 67240,สำนักงานเกษตรจังหวัดเพชรบูรณ์,ซับเปิบ
2699,2567,วังโป่ง,วิสาหกิจชุมชนเกษตรไม้ผลตำบลวังหิน,เลขที่ 38 หมู่ 14 ตำบลวังหิน อำเภอวังโป่ง เพชรบูรณ์ 67240,สำนักงานเกษตรจังหวัดเพชรบูรณ์,วังหิน
2700,2567,วังโป่ง,วิสาหกิจชุมชนออมทรัพย์กลุ่มลูกค้า ว82,เลขที่ 123 หมู่ 1 ตำบลวังหิน อำเภอวังโป่ง เพชรบูรณ์ 67240,สำนักงานเกษตรจังหวัดเพชรบูรณ์,วังหิน
2701,2567,วังโป่ง,วิสาหกิจชุมชนกลุ่มเกษตรบ้านวังไทรงาม,เลขที่ 142 หมู่ 13 ตำบลวังหิน อำเภอวังโป่ง เพชรบูรณ์ 67240,สำนักงานเกษตรจังหวัดเพชรบูรณ์,วังหิน
2702,2567,วังโป่ง,วิสาหกิจชุมชนกลุ่มเกษตรพัฒนา ต.วังหิน,เลขที่ 124 หมู่ 8 ตำบลวังหิน อำเภอวังโป่ง เพชรบูรณ์ 67240,สำนักงานเกษตรจังหวัดเพชรบูรณ์,วังหิน
2703,2567,วังโป่ง,วิสาหกิจชุมชนสมุนไพรไทยบ้านวังใหญ่,เลขที่ 54 หมู่ 4 ตำบลวังหิน อำเภอวังโป่ง เพชรบูรณ์ 67240,สำนักงานเกษตรจังหวัดเพชรบูรณ์,วังหิน
2704,2567,วังโป่ง,วิสาหกิจชุมชนกลุ่มผู้เลี้ยงโคเนื้อ ต.วังหิน,เลขที่ 54 หมู่ 11 ตำบลวังหิน อำเภอวังโป่ง เพชรบูรณ์ 67240,สำนักงานเกษตรจังหวัดเพชรบูรณ์,วังหิน
2705,2567,วังโป่ง,วิสาหกิจชุมชนกลุ่มผู้เลี้ยงโคเนื้อตำบลวังศาล,เลขที่ 113 หมู่ 4 ตำบลวังศาล อำเภอวังโป่ง เพชรบูรณ์ 67240,สำนักงานเกษตรจังหวัดเพชรบูรณ์,วังศาล
2706,2567,หนองไผ่,วิสาหกิจชุมชนโรงสีชุมชนบ้านวังชงโค ม.1 (อบต.กองทูล),เลขที่ 28 หมู่ 1 ตำบลกองทูล อำเภอหนองไผ่ เพชรบูรณ์ 67140,สำนักงานเกษตรจังหวัดเพชรบูรณ์,กองทูล
2707,2567,หนองไผ่,วิสาหกิจชุมชนกลุ่มเกษตรกรรมบ้านหนองบัวทอง,เลขที่ 20 หมู่ 8 ตำบลกองทูล อำเภอหนองไผ่ เพชรบูรณ์ 67140,สำนักงานเกษตรจังหวัดเพชรบูรณ์,กองทูล
2708,2567,หนองไผ่,วิสาหกิจชุมชนSmart farmer  อ.หนองไผ่ จ.เพชรบูรณ์,เลขที่ 71 หมู่ 8 ตำบลกองทูล อำเภอหนองไผ่ เพชรบูรณ์ 67140,สำนักงานเกษตรจังหวัดเพชรบูรณ์,กองทูล
2709,2567,หนองไผ่,วิสาหกิจชุมชนแปลงใหญ่ถั่วเขียวสหกรณ์การเกษตรหนองไผ่จำกัด ตำบลกองทูล,เลขที่ 40/2 หมู่ 1 ตำบลกองทูล อำเภอหนองไผ่ เพชรบูรณ์ 67140,สำนักงานเกษตรจังหวัดเพชรบูรณ์,กองทูล
2710,2567,หนองไผ่,วิสาหกิจชุมชนกลุ่มผลิตปุ๋ยมูลสัตว์อัดเม็ดออร์แกนิค หนองไผ่,เลขที่ 39 หมู่ 3 ตำบลกองทูล อำเภอหนองไผ่ เพชรบูรณ์ 67140,สำนักงานเกษตรจังหวัดเพชรบูรณ์,กองทูล
2711,2567,หนองไผ่,วิสาหกิจชุมชนบ้านห้วยน้ำบ่อ,เลขที่ 320/1 หมู่ 8 ตำบลนาเฉลียง อำเภอหนองไผ่ เพชรบูรณ์ 67220,สำนักงานเกษตรจังหวัดเพชรบูรณ์,นาเฉลียง
2712,2567,หนองไผ่,วิสาหกิจชุมชนแสนดีพัฒนาแปรรูปผลิตภัณฑ์พืชผักผลไม้และสมุนไพร,เลขที่ 173 หมู่ 2 ตำบลนาเฉลียง อำเภอหนองไผ่ เพชรบูรณ์ 67220,สำนักงานเกษตรจังหวัดเพชรบูรณ์,นาเฉลียง
2713,2567,หนองไผ่,วิสาหกิจชุมชนอินทผลัมเพาะเลี้ยงเนื่อเยื่ออำเภอหนองไผ่,เลขที่ 235 หมู่ 1 ตำบลนาเฉลียง อำเภอหนองไผ่ เพชรบูรณ์ 67220,สำนักงานเกษตรจังหวัดเพชรบูรณ์,นาเฉลียง
2714,2567,หนองไผ่,วิสาหกิจชุมชนศูนย์ข้าวชุมชนบ้านวังรี,เลขที่ 76/1 หมู่ 1 ตำบลนาเฉลียง อำเภอหนองไผ่ เพชรบูรณ์ 67220,สำนักงานเกษตรจังหวัดเพชรบูรณ์,นาเฉลียง
2715,2567,หนองไผ่,วิสาหกิจชุมชนกลุ่มทรัพย์เจริญ,เลขที่ 1 หมู่ 7 ตำบลบ้านโภชน์ อำเภอหนองไผ่ เพชรบูรณ์ 67140,สำนักงานเกษตรจังหวัดเพชรบูรณ์,บ้านโภชน์
2716,2567,หนองไผ่,วิสาหกิจชุมชนกลุ่มผลิตมะม่วงคุณภาพเพื่อการส่งออกตำบลบ้านโภชน์,เลขที่ 310 หมู่ 8 ตำบลบ้านโภชน์ อำเภอหนองไผ่ เพชรบูรณ์ 67140,สำนักงานเกษตรจังหวัดเพชรบูรณ์,บ้านโภชน์
2717,2567,หนองไผ่,วิสาหกิจชุมชนกลุ่มเกษตรกรผู้เลี้ยงสุกร หมู่ที่ 3,เลขที่ 235/4 หมู่ 3 ตำบลท่าแดง อำเภอหนองไผ่ เพชรบูรณ์ 67140,สำนักงานเกษตรจังหวัดเพชรบูรณ์,ท่าแดง
2718,2567,หนองไผ่,วิสาหกิจชุมชนกลุ่มพัฒนาการเลี้ยงโคบ้านหนองม่วง,เลขที่ 55 หมู่ 11 ตำบลท่าแดง อำเภอหนองไผ่ เพชรบูรณ์ 67140,สำนักงานเกษตรจังหวัดเพชรบูรณ์,ท่าแดง
2719,2567,หนองไผ่,วิสาหกิจชุมชนกลุ่มผู้เลี้ยงสัตว์บ้านท่าเยี่ยม,เลขที่ 3 หมู่ 4 ตำบลท่าแดง อำเภอหนองไผ่ เพชรบูรณ์ 67140,สำนักงานเกษตรจังหวัดเพชรบูรณ์,ท่าแดง
2720,2567,หนองไผ่,วิสาหกิจชุมชนกลุ่มบ้านหนองชุมแสง ต.ท่าแดง,เลขที่ 226 หมู่ 12 ตำบลท่าแดง อำเภอหนองไผ่ เพชรบูรณ์ 67140,สำนักงานเกษตรจังหวัดเพชรบูรณ์,ท่าแดง
2721,2567,หนองไผ่,วิสาหกิจชุมชนกลุ่มส่งเสริมอาชีพการเกษตรด้านการผลิตผักตำบลท่าแดง,เลขที่ 123/2 หมู่ 12 ตำบลท่าแดง อำเภอหนองไผ่ เพชรบูรณ์ 67140,สำนักงานเกษตรจังหวัดเพชรบูรณ์,ท่าแดง
2722,2567,หนองไผ่,วิสาหกิจชุมชนกลุ่มเลี้ยงโคเนื้อขุน,เลขที่ 341 หมู่ 11 ตำบลท่าแดง อำเภอหนองไผ่ เพชรบูรณ์ 67140,สำนักงานเกษตรจังหวัดเพชรบูรณ์,ท่าแดง
2723,2567,หนองไผ่,วิสาหกิจชุมชนกลุ่มรวบรวมและแปรรูปผลผลิตการเกษตรบ้านท่าสวาย,เลขที่ 111 หมู่ 2 ตำบลท่าแดง อำเภอหนองไผ่ เพชรบูรณ์ 67140,สำนักงานเกษตรจังหวัดเพชรบูรณ์,ท่าแดง
2724,2567,หนองไผ่,วิสาหกิจชุมชนกลุ่มแปลงใหญ่ถั่วเขียวตำบลท่าแดง,เลขที่ 123 หมู่ 5 ตำบลท่าแดง อำเภอหนองไผ่ เพชรบูรณ์ 67140,สำนักงานเกษตรจังหวัดเพชรบูรณ์,ท่าแดง
2725,2567,หนองไผ่,วิสาหกิจชุมชนกลุ่มผู้เลี้ยงสุกรโคกสระแก้ว,เลขที่ 90 หมู่ 10 ตำบลท่าแดง อำเภอหนองไผ่ เพชรบูรณ์ 67140,สำนักงานเกษตรจังหวัดเพชรบูรณ์,ท่าแดง
2726,2567,หนองไผ่,วิสาหกิจชุมชนเกษตรพันธุ์ใหม่บ้านโคกสูง,เลขที่ 142 หมู่ 7 ตำบลท่าแดง อำเภอหนองไผ่ เพชรบูรณ์ 67140,สำนักงานเกษตรจังหวัดเพชรบูรณ์,ท่าแดง
2727,2567,หนองไผ่,เครือข่ายวิสาหกิจชุมชนสถาบันการเงินชุมชนตำบลท่าแดง,เลขที่ 333 หมู่ 7 ตำบลท่าแดง อำเภอหนองไผ่ เพชรบูรณ์ 67140,สำนักงานเกษตรจังหวัดเพชรบูรณ์,ท่าแดง
2728,2567,หนองไผ่,เครือข่ายวิสาหกิจชุมชนสถาบันการเงินชุมชน ธกส.สาขาท่าแดง,เลขที่ 345 หมู่ 8 ตำบลเพชรละคร อำเภอหนองไผ่ เพชรบูรณ์ 67140,สำนักงานเกษตรจังหวัดเพชรบูรณ์,เพชรละคร
2729,2567,หนองไผ่,วิสาหกิจชุมชนกลุ่มเกษตรกรยั่งยืนบ้านเกษมสุข,เลขที่ 285/1 หมู่ 8 ตำบลเพชรละคร อำเภอหนองไผ่ เพชรบูรณ์ 67140,สำนักงานเกษตรจังหวัดเพชรบูรณ์,เพชรละคร
2730,2567,หนองไผ่,วิสาหกิจชุมชนกลุ่มเกษตรกรผู้เลี้ยงสัตว์บ้านท่าเสาตะวันออก,เลขที่ 94 หมู่ 7 ตำบลเพชรละคร อำเภอหนองไผ่ เพชรบูรณ์ 67140,สำนักงานเกษตรจังหวัดเพชรบูรณ์,เพชรละคร
2731,2567,หนองไผ่,วิสาหกิจชุมชนกลุ่มแกะสลักเขาสัตว์,เลขที่ 256 หมู่ 14 ตำบลเพชรละคร อำเภอหนองไผ่ เพชรบูรณ์ 67140,สำนักงานเกษตรจังหวัดเพชรบูรณ์,เพชรละคร
2732,2567,หนองไผ่,วิสาหกิจชุมชนโรงสีข้าวชุมชนบ้านเรืองสำราญ,เลขที่ หมู่ 12 ตำบลเพชรละคร อำเภอหนองไผ่ เพชรบูรณ์ 67140,สำนักงานเกษตรจังหวัดเพชรบูรณ์,เพชรละคร
2733,2567,หนองไผ่,เครือข่ายวิสาหกิจชุมชนกลุ่มสถาบันการเงินชุมชนตำบลเพชรละคร,เลขที่ 100 หมู่ 13 ตำบลเพชรละคร อำเภอหนองไผ่ เพชรบูรณ์ 67140,สำนักงานเกษตรจังหวัดเพชรบูรณ์,เพชรละคร
2734,2567,หนองไผ่,วิสาหกิจชุมชนกลุ่มตัดเย็บผ้าห่มบ้านโนนสีทอง,เลขที่ 388 หมู่ 3 ตำบลบ่อไทย อำเภอหนองไผ่ เพชรบูรณ์ 67140,สำนักงานเกษตรจังหวัดเพชรบูรณ์,บ่อไทย
2735,2567,หนองไผ่,วิสาหกิจชุมชนกลุ่มดวงทอง ตำบลห้วยโป่ง,เลขที่ 281 หมู่ 4 ตำบลห้วยโป่ง อำเภอหนองไผ่ เพชรบูรณ์ 67220,สำนักงานเกษตรจังหวัดเพชรบูรณ์,ห้วยโป่ง
2736,2567,หนองไผ่,วิสาหกิจชุมชนกลุ่มผู้ปลูกข้าวบ้านไผ่ขวาง ตำบลห้วยโป่ง,เลขที่ 71 หมู่ 3 ตำบลห้วยโป่ง อำเภอหนองไผ่ เพชรบูรณ์ 67140,สำนักงานเกษตรจังหวัดเพชรบูรณ์,ห้วยโป่ง
2737,2567,หนองไผ่,วิสาหกิจชุมชนกลุ่มผลิตเพื่อการเกษตร ม.2 ต.ห้วยโป่ง,เลขที่ 154 หมู่ 2 ตำบลห้วยโป่ง อำเภอหนองไผ่ เพชรบูรณ์ 67140,สำนักงานเกษตรจังหวัดเพชรบูรณ์,ห้วยโป่ง
2738,2567,หนองไผ่,วิสาหกิจชุมชนกลุ่มเกษตรกรรม หมู่ที่ 3 ตำบลห้วยโป่ง,เลขที่ 68 หมู่ 3 ตำบลห้วยโป่ง อำเภอหนองไผ่ เพชรบูรณ์ 67220,สำนักงานเกษตรจังหวัดเพชรบูรณ์,ห้วยโป่ง
2739,2567,หนองไผ่,วิสาหกิจชุมชนการเพาะเห็ดโคนร่วมใจ,เลขที่ 81 หมู่ 7 ตำบลวังท่าดี อำเภอหนองไผ่ เพชรบูรณ์ 67140,สำนักงานเกษตรจังหวัดเพชรบูรณ์,วังท่าดี
2740,2567,หนองไผ่,วิสาหกิจชุมชนกลุ่มโคเนื้อขอนยางขวาง ตำบลวังท่าดี,เลขที่ 76 หมู่ 1 ตำบลวังท่าดี อำเภอหนองไผ่ เพชรบูรณ์ 67140,สำนักงานเกษตรจังหวัดเพชรบูรณ์,วังท่าดี
2741,2567,หนองไผ่,วิสาหกิจชุมชนกลุ่มทานตะวันตำบลวังท่าดี,เลขที่ 49 หมู่ 1 ตำบลวังท่าดี อำเภอหนองไผ่ เพชรบูรณ์ 67140,สำนักงานเกษตรจังหวัดเพชรบูรณ์,วังท่าดี
2742,2567,หนองไผ่,วิสาหกิจชุมชนกลุ่มเลี้ยงสุกรบ้านนาประดู่ หมู่ที่ 9,เลขที่ 3/3 หมู่ 9 ตำบลวังท่าดี อำเภอหนองไผ่ เพชรบูรณ์ 67140,สำนักงานเกษตรจังหวัดเพชรบูรณ์,วังท่าดี
2743,2567,หนองไผ่,วิสาหกิจชุมชนกลุ่มทอผ้าบ้านโคกกลาง,เลขที่ 476 หมู่ 7 ตำบลวังท่าดี อำเภอหนองไผ่ เพชรบูรณ์ 67140,สำนักงานเกษตรจังหวัดเพชรบูรณ์,วังท่าดี
2744,2567,หนองไผ่,วิสาหกิจชุมชนกลุ่มนวัตกรรมวิถีชุมชนตำบลวังท่าดี,เลขที่ 100 หมู่ 1 ตำบลวังท่าดี อำเภอหนองไผ่ เพชรบูรณ์ 67140,สำนักงานเกษตรจังหวัดเพชรบูรณ์,วังท่าดี
2745,2567,หนองไผ่,วิสาหกิจชุมชนกลุ่มเกษตรกรมันสำปะหลัง หมู่ 8 ตำบลท่าแดง,เลขที่ 62/4 หมู่ 4 ตำบลวังท่าดี อำเภอหนองไผ่ เพชรบูรณ์ 67140,สำนักงานเกษตรจังหวัดเพชรบูรณ์,วังท่าดี
2746,2567,หนองไผ่,วิสาหกิจชุมชนเลี้ยงวัวบ้านนาประดู่,เลขที่ 3 หมู่ 9 ตำบลวังท่าดี อำเภอหนองไผ่ เพชรบูรณ์ 67140,สำนักงานเกษตรจังหวัดเพชรบูรณ์,วังท่าดี
2747,2567,หนองไผ่,วิสาหกิจชุมชนเศรษฐกิจพอเพียงบ้านกลาง,เลขที่ 444 หมู่ 3 ตำบลวังท่าดี อำเภอหนองไผ่ เพชรบูรณ์ 67140,สำนักงานเกษตรจังหวัดเพชรบูรณ์,วังท่าดี
2748,2567,หนองไผ่,วิสาหกิจชุมชนคำเพียรลูกประคบสมุนไพร,เลขที่ 97 ม.5 ตำบลวังท่าดี อำเภอหนองไผ่ เพชรบูรณ์ 67140,สำนักงานเกษตรจังหวัดเพชรบูรณ์,วังท่าดี
2749,2567,หนองไผ่,วิสาหกิจชุมชนกลุ่มพัฒนาสตรีบัววัฒนา,เลขที่ 54 หมู่ 1 ตำบลบัววัฒนา อำเภอหนองไผ่ เพชรบูรณ์ 67140,สำนักงานเกษตรจังหวัดเพชรบูรณ์,บัววัฒนา
2750,2567,หนองไผ่,วิสาหกิจชุมชนกลุ่มปลูกพืช บ.ลำตาเณร ต.บัววัฒนา,เลขที่ 63 หมู่ 6 ตำบลบัววัฒนา อำเภอหนองไผ่ เพชรบูรณ์ 67140,สำนักงานเกษตรจังหวัดเพชรบูรณ์,บัววัฒนา
2751,2567,หนองไผ่,วิสาหกิจชุมชนกลุ่มผลิตปุ๋ยอินทรีย์-ชีวภาพเพื่อการเกษตรบ้านไร่เหนือ,เลขที่ 42 หมู่ 2 ตำบลบัววัฒนา อำเภอหนองไผ่ เพชรบูรณ์ 67140,สำนักงานเกษตรจังหวัดเพชรบูรณ์,บัววัฒนา
2752,2567,หนองไผ่,วิสาหกิจชุมชนกลุ่มสตรีสหกรณ์  บ้านบัววัฒนา,เลขที่ 352 หมู่ 1 ตำบลบัววัฒนา อำเภอหนองไผ่ เพชรบูรณ์ 67140,สำนักงานเกษตรจังหวัดเพชรบูรณ์,บัววัฒนา
2753,2567,หนองไผ่,วิสาหกิจชุมชนชุมชนที่  ๖  ตำบลหนองไผ่,เลขที่ 48 หมู่ 6 ตำบลหนองไผ่ อำเภอหนองไผ่ เพชรบูรณ์ 67140,สำนักงานเกษตรจังหวัดเพชรบูรณ์,หนองไผ่
2754,2567,หนองไผ่,วิสาหกิจชุมชนเกษตรพอเพียงบ้านไร่ หมู่ 8,เลขที่ 3 หมู่ 8 ตำบลหนองไผ่ อำเภอหนองไผ่ เพชรบูรณ์ 67140,สำนักงานเกษตรจังหวัดเพชรบูรณ์,หนองไผ่
2755,2567,หนองไผ่,วิสาหกิจชุมชนรวมใจพัฒนาเกษตรยั่งยืน หมู่ 7 หนองไผ่,เลขที่ 399 หมู่ 7 ตำบลหนองไผ่ อำเภอหนองไผ่ เพชรบูรณ์ 67140,สำนักงานเกษตรจังหวัดเพชรบูรณ์,หนองไผ่
2756,2567,หนองไผ่,วิสาหกิจชุมชนกลุ่มเกษตรพัฒนาบ้านวังประสาน,เลขที่ 1 หมู่ 9 ตำบลวังโบสถ์ อำเภอหนองไผ่ เพชรบูรณ์ 67140,สำนักงานเกษตรจังหวัดเพชรบูรณ์,วังโบสถ์
2757,2567,หนองไผ่,วิสาหกิจชุมชนกลุ่มสหกิจชุมชน หมู่ที่ 8 ต.วังโบสถ์,เลขที่ 287 หมู่ 8 ตำบลวังโบสถ์ อำเภอหนองไผ่ เพชรบูรณ์ 67140,สำนักงานเกษตรจังหวัดเพชรบูรณ์,วังโบสถ์
2758,2567,หนองไผ่,วิสาหกิจชุมชนกลุ่มคลองตาริน ต.วังโบสถ์,เลขที่ 221 หมู่ 10 ตำบลวังโบสถ์ อำเภอหนองไผ่ เพชรบูรณ์ 67140,สำนักงานเกษตรจังหวัดเพชรบูรณ์,วังโบสถ์
2759,2567,หนองไผ่,วิสาหกิจชุมชนกลุ่มมีทรัพย์บ้านโคกสง่าเหนือ,เลขที่ 172/1 หมู่ 10 ตำบลวังโบสถ์ อำเภอหนองไผ่ เพชรบูรณ์ 67140,สำนักงานเกษตรจังหวัดเพชรบูรณ์,วังโบสถ์
2760,2567,หนองไผ่,วิสาหกิจชุมชนตำบลวังโบสถ์เพื่อการเกษตรเชิงพานิชย์,เลขที่ 72 หมู่ 10 ตำบลวังโบสถ์ อำเภอหนองไผ่ เพชรบูรณ์ 67140,สำนักงานเกษตรจังหวัดเพชรบูรณ์,วังโบสถ์
2761,2567,หนองไผ่,วิสาหกิจชุมชนกลุ่มผลิตเพื่อการเกษตรบ้านยางงาม,เลขที่ 5 หมู่ 9 ตำบลยางงาม อำเภอหนองไผ่ เพชรบูรณ์ 67140,สำนักงานเกษตรจังหวัดเพชรบูรณ์,ยางงาม
2762,2567,หนองไผ่,วิสาหกิจชุมชนกลุ่มผลิตเพื่อการเกษตรบ้านด่านบุญธรรม,เลขที่ 182 หมู่ 7 ตำบลยางงาม อำเภอหนองไผ่ เพชรบูรณ์ 67220,สำนักงานเกษตรจังหวัดเพชรบูรณ์,ยางงาม
2763,2567,หนองไผ่,วิสาหกิจชุมชนกลุ่มส่งเสริมผู้เลี้ยงสุกร,เลขที่ 151 หมู่ 6 ตำบลยางงาม อำเภอหนองไผ่ เพชรบูรณ์ 67140,สำนักงานเกษตรจังหวัดเพชรบูรณ์,ยางงาม
2764,2567,หนองไผ่,วิสาหกิจชุมชนกลุ่มไม้ผลสามัคคี,เลขที่ 201 หมู่ 4 ตำบลยางงาม อำเภอหนองไผ่ เพชรบูรณ์ 67220,สำนักงานเกษตรจังหวัดเพชรบูรณ์,ยางงาม
2765,2567,หนองไผ่,วิสาหกิจชุมชนไม้ผลและพืชสมุนไพร,เลขที่ 27 หมู่ 6 ตำบลยางงาม อำเภอหนองไผ่ เพชรบูรณ์ 67140,สำนักงานเกษตรจังหวัดเพชรบูรณ์,ยางงาม
2766,2567,หนองไผ่,วิสาหกิจชุมชนมหาชน วัลเลย์,เลขที่ 123 หมู่ 7 ตำบลยางงาม อำเภอหนองไผ่ เพชรบูรณ์ 67220,สำนักงานเกษตรจังหวัดเพชรบูรณ์,ยางงาม
2767,2567,หนองไผ่,วิสาหกิจชุมชนกลุ่มผู้ปลูกยางพาราบ้านปางยาง ตำบลท่าด้วง,เลขที่ 55 หมู่ 1 ตำบลท่าด้วง อำเภอหนองไผ่ เพชรบูรณ์ 67140,สำนักงานเกษตรจังหวัดเพชรบูรณ์,ท่าด้วง
2768,2567,หนองไผ่,วิสาหกิจชุมชนกลุ่มส่งเสริมอาชีพการเกษตรมันสำปะหลัง,เลขที่ 88/1 หมู่ 7 ตำบลท่าด้วง อำเภอหนองไผ่ เพชรบูรณ์ 67140,สำนักงานเกษตรจังหวัดเพชรบูรณ์,ท่าด้วง
2769,2567,หนองไผ่,เครือข่ายวิสาหกิจชุมชนกลุ่มรวบรวมและแปรรูปผลผลิตการเกษตรสถาบันการเงินชุมชนตำบลท่าด้วง,เลขที่ 345 หมู่ 8 ตำบลท่าด้วง อำเภอหนองไผ่ เพชรบูรณ์ 67140,สำนักงานเกษตรจังหวัดเพชรบูรณ์,ท่าด้วง
2770,2567,หนองไผ่,วิสาหกิจชุมชนกลุ่มเกษตรอินทรีย์ ม.3 ต.กองทูล,เลขที่ 129/1 หมู่ 3 ตำบลกองทูล อำเภอหนองไผ่ เพชรบูรณ์ 67140,สำนักงานเกษตรจังหวัดเพชรบูรณ์,กองทูล
2771,2567,หนองไผ่,วิสาหกิจชุมชนกลุ่มโคเนื้อตำบลวังโบสถ์,เลขที่ 115 หมู่ 8 ตำบลวังโบสถ์ อำเภอหนองไผ่ เพชรบูรณ์ 67140,สำนักงานเกษตรจังหวัดเพชรบูรณ์,วังโบสถ์
2772,2567,หนองไผ่,วิสาหกิจชุมชนยางพารา อ.หนองไผ่,เลขที่ 54 หมู่ 11 ตำบลท่าแดง อำเภอหนองไผ่ เพชรบูรณ์ 67140,สำนักงานเกษตรจังหวัดเพชรบูรณ์,ท่าแดง
2773,2567,หนองไผ่,วิสาหกิจชุมชนกลุ่มเลี้ยงโคเนื้อบ้านซับตะเคียนทอง ตำบลเพชรละคร,เลขที่ 29/1 หมู่ 9 ตำบลเพชรละคร อำเภอหนองไผ่ เพชรบูรณ์ 67140,สำนักงานเกษตรจังหวัดเพชรบูรณ์,เพชรละคร
2774,2567,หนองไผ่,วิสาหกิจชุมชนบ้านใหม่สามัคคี หมู่ที่ 4,เลขที่ 83/2 หมู่ 4 ตำบลห้วยโป่ง อำเภอหนองไผ่ เพชรบูรณ์ 67140,สำนักงานเกษตรจังหวัดเพชรบูรณ์,ห้วยโป่ง
2775,2567,หนองไผ่,วิสาหกิจชุมชนร้านค้าชุมชนบ้านนาประดู่,เลขที่ 222 หมู่ 9 ตำบลวังท่าดี อำเภอหนองไผ่ เพชรบูรณ์ 67140,สำนักงานเกษตรจังหวัดเพชรบูรณ์,วังท่าดี
2776,2567,หนองไผ่,วิสาหกิจชุมชนกลุ่มผลิตเครื่องนอนเพื่อสุขภาพบ้านกลาง ตำบลวังท่าดี,เลขที่ 1 หมู่ 3 ตำบลวังท่าดี อำเภอหนองไผ่ เพชรบูรณ์ 67140,สำนักงานเกษตรจังหวัดเพชรบูรณ์,วังท่าดี
2777,2567,หนองไผ่,วิสาหกิจชุมชนกลุ่มเกษตรกรบ้านคลองศรีเทพ ม.8,เลขที่ 153 หมู่ 8 ตำบลหนองไผ่ อำเภอหนองไผ่ เพชรบูรณ์ 67140,สำนักงานเกษตรจังหวัดเพชรบูรณ์,หนองไผ่
2778,2567,หนองไผ่,วิสาหกิจชุมชนบ้านพรประเสริฐ,เลขที่ 191 หมู่ 12 ตำบลหนองไผ่ อำเภอหนองไผ่ เพชรบูรณ์ 67140,สำนักงานเกษตรจังหวัดเพชรบูรณ์,หนองไผ่
2779,2567,หนองไผ่,วิสาหกิจชุมชนกลุ่มผู้เลี้ยงไก่งวง บ้านปางยาง,เลขที่ 102/1 หมู่ 1 ตำบลท่าด้วง อำเภอหนองไผ่ เพชรบูรณ์ 67140,สำนักงานเกษตรจังหวัดเพชรบูรณ์,ท่าด้วง
2780,2567,บึงสามพัน,วิสาหกิจชุมชนเกษตรพัฒนาบ้านหินดาดน้อย,เลขที่ 32 หมู่ 6 ตำบลซับสมอทอด อำเภอบึงสามพัน เพชรบูรณ์ 67160,สำนักงานเกษตรจังหวัดเพชรบูรณ์,ซับสมอทอด
2781,2567,บึงสามพัน,วิสาหกิจชุมชนกลุ่มผู้ผลิตข้าวบ้านโคกตายอ หมู่ที่ 2 ตำบลซับสมอทอด,เลขที่  หมู่ 2 ตำบลซับสมอทอด อำเภอบึงสามพัน เพชรบูรณ์ 67160,สำนักงานเกษตรจังหวัดเพชรบูรณ์,ซับสมอทอด
2782,2567,บึงสามพัน,วิสาหกิจชุมชนผักสวนครัวและพืชสมุนไพรบ้านสวนละออ,เลขที่ 299/3 หมู่ 3 ตำบลซับสมอทอด อำเภอบึงสามพัน เพชรบูรณ์ 67160,สำนักงานเกษตรจังหวัดเพชรบูรณ์,ซับสมอทอด
2783,2567,บึงสามพัน,วิสาหกิจชุมชนทองม้วนทองมณี,เลขที่ 184 หมู่ 9 ตำบลซับไม้แดง อำเภอบึงสามพัน เพชรบูรณ์ 67160,สำนักงานเกษตรจังหวัดเพชรบูรณ์,ซับไม้แดง
2784,2567,บึงสามพัน,วิสาหกิจชุมชนโคขุนบ้านหินดาดใหญ่,เลขที่ 73 หมู่ 6 ตำบลซับไม้แดง อำเภอบึงสามพัน เพชรบูรณ์ 67160,สำนักงานเกษตรจังหวัดเพชรบูรณ์,ซับไม้แดง
2785,2567,บึงสามพัน,วิสาหกิจชุมชนกลุ่มเลี้ยงโคขุนบ้านบ่อตาสัก,เลขที่ 75 หมู่ 10 ตำบลซับไม้แดง อำเภอบึงสามพัน เพชรบูรณ์ 67160,สำนักงานเกษตรจังหวัดเพชรบูรณ์,ซับไม้แดง
2786,2567,บึงสามพัน,วิสาหกิจชุมชนเลี้ยงไก่พื้นเมืองซับไพรวัลย์ หมู่4 ตำบลซับไม้แดง,เลขที่ 14/1 หมู่ 4 ตำบลซับไม้แดง อำเภอบึงสามพัน เพชรบูรณ์ 67160,สำนักงานเกษตรจังหวัดเพชรบูรณ์,ซับไม้แดง
2787,2567,บึงสามพัน,วิสาหกิจชุมชนชุมชนพอเพียงหมู่ 4 บ้านซับไพรวัลย์,เลขที่ 25 หมู่ 4 ตำบลซับไม้แดง อำเภอบึงสามพัน เพชรบูรณ์ 67160,สำนักงานเกษตรจังหวัดเพชรบูรณ์,ซับไม้แดง
2788,2567,บึงสามพัน,วิสาหกิจชุมชนปลูกพืชสมุนไพรอื่นๆ ม.2 ซับไม้แดง,เลขที่ 258 หมู่ 2 ตำบลซับไม้แดง อำเภอบึงสามพัน เพชรบูรณ์ 67160,สำนักงานเกษตรจังหวัดเพชรบูรณ์,ซับไม้แดง
2789,2567,บึงสามพัน,วิสาหกิจชุมชนเลี้ยงโคเนื้อบ้านลำพื้นทอง,เลขที่ 79 หมู่ 9 ตำบลหนองแจง อำเภอบึงสามพัน เพชรบูรณ์ 67160,สำนักงานเกษตรจังหวัดเพชรบูรณ์,หนองแจง
2790,2567,บึงสามพัน,วิสาหกิจชุมชนกลุ่มตัดเย็บเสื้อผ้าสตรี หมู่ที่ 1 ออมทรัพย์,เลขที่ 45 หมู่ 1 ตำบลหนองแจง อำเภอบึงสามพัน เพชรบูรณ์ 67160,สำนักงานเกษตรจังหวัดเพชรบูรณ์,หนองแจง
2791,2567,บึงสามพัน,วิสาหกิจชุมชนกลุ่มเพชรป่าสัก,เลขที่ 27 หมู่ 17 ตำบลหนองแจง อำเภอบึงสามพัน เพชรบูรณ์ 67160,สำนักงานเกษตรจังหวัดเพชรบูรณ์,หนองแจง
2792,2567,บึงสามพัน,วิสาหกิจชุมชนกลุ่มผู้ผลิตมะม่วงคุณภาพ อำเภอบึงสามพัน,เลขที่ 278 หมู่ 10 ตำบลหนองแจง อำเภอบึงสามพัน เพชรบูรณ์ 67160,สำนักงานเกษตรจังหวัดเพชรบูรณ์,หนองแจง
2793,2567,บึงสามพัน,วิสาหกิจชุมชนกลุ่มเย็บจักรบ้านหนองชุมแสงเหนือ 1,เลขที่ 39 หมู่ 14 ตำบลหนองแจง อำเภอบึงสามพัน เพชรบูรณ์ 67160,สำนักงานเกษตรจังหวัดเพชรบูรณ์,หนองแจง
2794,2567,บึงสามพัน,วิสาหกิจชุมชนตัดเย็บเสื้อผ้านักเรียนสำเร็จรูป (กลุ่มออมทรัพย์),เลขที่ 5/1 หมู่ 7 ตำบลหนองแจง อำเภอบึงสามพัน เพชรบูรณ์ 67160,สำนักงานเกษตรจังหวัดเพชรบูรณ์,หนองแจง
2795,2567,บึงสามพัน,วิสาหกิจชุมชนกลุ่มเลี้ยงโคเนื้อหนองแจง(ฝั่งตะวันตก),เลขที่ 30/1 หมู่ 16 ตำบลหนองแจง อำเภอบึงสามพัน เพชรบูรณ์ 67160,สำนักงานเกษตรจังหวัดเพชรบูรณ์,หนองแจง
2796,2567,บึงสามพัน,วิสาหกิจชุมชนเกษตรเงินล้าน เพื่ออาชีพที่ยั่งยืน,เลขที่ 59 หมู่ 8 ตำบลหนองแจง อำเภอบึงสามพัน เพชรบูรณ์ 67160,สำนักงานเกษตรจังหวัดเพชรบูรณ์,หนองแจง
2797,2567,บึงสามพัน,วิสาหกิจชุมชนผู้ผลิตอ้อยโรงงานตำบลหนองแจง,เลขที่ 187 หมู่ 10 ตำบลหนองแจง อำเภอบึงสามพัน เพชรบูรณ์ 67160,สำนักงานเกษตรจังหวัดเพชรบูรณ์,หนองแจง
2798,2567,บึงสามพัน,วิสาหกิจชุมชนปลูกพืชอาหารและสมุนไพร ม.1 หนองแจง,เลขที่ 456 หมู่ 1 ตำบลหนองแจง อำเภอบึงสามพัน เพชรบูรณ์ 67160,สำนักงานเกษตรจังหวัดเพชรบูรณ์,หนองแจง
2799,2567,บึงสามพัน,วิสาหกิจชุมชนศูนย์ข้าวชุมชนบ้านบึงตะแบก,เลขที่ 28/1 หมู่ 4 ตำบลหนองแจง อำเภอบึงสามพัน เพชรบูรณ์ 67160,สำนักงานเกษตรจังหวัดเพชรบูรณ์,หนองแจง
2800,2567,บึงสามพัน,วิสาหกิจชุมชนบ้านหนองชุมแสง,เลขที่ 108 หมู่ 1 ตำบลหนองแจง อำเภอบึงสามพัน เพชรบูรณ์ 67160,สำนักงานเกษตรจังหวัดเพชรบูรณ์,หนองแจง
2801,2567,บึงสามพัน,เครือข่ายวิสาหกิจชุมชนเกษตรพัฒนาตำบลหนองแจง,เลขที่ 111 หมู่ 7 ตำบลหนองแจง อำเภอบึงสามพัน เพชรบูรณ์ 67160,สำนักงานเกษตรจังหวัดเพชรบูรณ์,หนองแจง
2802,2567,บึงสามพัน,เครือข่ายวิสาหกิจชุมชนโคเนื้อเพชรบุระ,เลขที่ 30/1 หมู่ 16 ตำบลหนองแจง อำเภอบึงสามพัน เพชรบูรณ์ 67160,สำนักงานเกษตรจังหวัดเพชรบูรณ์,หนองแจง
2803,2567,บึงสามพัน,วิสาหกิจชุมชนกลุ่มผลิตปุ๋ยอินทรีย์ชีวภาพบ้านลำตะคร้อ,เลขที่ 499 หมู่ 4 ตำบลกันจุ อำเภอบึงสามพัน เพชรบูรณ์ 67160,สำนักงานเกษตรจังหวัดเพชรบูรณ์,กันจุ
2804,2567,บึงสามพัน,วิสาหกิจชุมชนผู้ผลิตเมล็ดพันธุ์พืชบ้านหนองแดง,เลขที่ 30/1 หมู่ 12 ตำบลกันจุ อำเภอบึงสามพัน เพชรบูรณ์ 67160,สำนักงานเกษตรจังหวัดเพชรบูรณ์,กันจุ
2805,2567,บึงสามพัน,วิสาหกิจชุมชนกลุ่มวิถีเกษตรปลอดภัยเพื่อการส่งออก,เลขที่ 215/2 หมู่ 16 ตำบลกันจุ อำเภอบึงสามพัน เพชรบูรณ์ 67160,สำนักงานเกษตรจังหวัดเพชรบูรณ์,กันจุ
2806,2567,บึงสามพัน,วิสาหกิจชุมชนกลุ่มเพาะเลี้ยงสัตว์น้ำจืด ต.กันจุ,เลขที่ 54/1 หมู่ 8 ตำบลกันจุ อำเภอบึงสามพัน เพชรบูรณ์ 67160,สำนักงานเกษตรจังหวัดเพชรบูรณ์,กันจุ
2807,2567,บึงสามพัน,วิสาหกิจชุมชนกลุ่มเพื่อการเกษตรบ้านห้วยทราย,เลขที่ 166/1 หมู่ 4 ตำบลวังพิกุล อำเภอบึงสามพัน เพชรบูรณ์ 67230,สำนักงานเกษตรจังหวัดเพชรบูรณ์,วังพิกุล
2808,2567,บึงสามพัน,วิสาหกิจชุมชนเลี้ยงวัวเสริมรายได้,เลขที่ 230 หมู่ 3 ตำบลพญาวัง อำเภอบึงสามพัน เพชรบูรณ์ 67160,สำนักงานเกษตรจังหวัดเพชรบูรณ์,พญาวัง
2809,2567,บึงสามพัน,วิสาหกิจชุมชนกลุ่มเกษตรกรนำร่อง,เลขที่ 15 หมู่ 3 ตำบลพญาวัง อำเภอบึงสามพัน เพชรบูรณ์ 67160,สำนักงานเกษตรจังหวัดเพชรบูรณ์,พญาวัง
2810,2567,บึงสามพัน,วิสาหกิจชุมชนเกษตรกรเลี้ยงวัวเสริมรายได้,เลขที่ 29 หมู่ 11 ตำบลพญาวัง อำเภอบึงสามพัน เพชรบูรณ์ 67160,สำนักงานเกษตรจังหวัดเพชรบูรณ์,พญาวัง
2811,2567,บึงสามพัน,วิสาหกิจชุมชนกลุ่มเลี้ยงไก่ตะเภาทองบ้านโพธิ์สวรรค์2,เลขที่ 218/1 หมู่ 14 ตำบลพญาวัง อำเภอบึงสามพัน เพชรบูรณ์ 67160,สำนักงานเกษตรจังหวัดเพชรบูรณ์,พญาวัง
2812,2567,บึงสามพัน,วิสาหกิจชุมชนกลุ่มคนตำบลพญาวัง,เลขที่ 49/2 หมู่ 13  ตำบลพญาวัง อำเภอบึงสามพัน เพชรบูรณ์ 67160,สำนักงานเกษตรจังหวัดเพชรบูรณ์,พญาวัง
2813,2567,บึงสามพัน,วิสาหกิจชุมชนผลิตพืชบ้านโปร่งสวอง,เลขที่ 93/1 หมู่ 8 ตำบลศรีมงคล อำเภอบึงสามพัน เพชรบูรณ์ 67160,สำนักงานเกษตรจังหวัดเพชรบูรณ์,ศรีมงคล
2814,2567,บึงสามพัน,วิสาหกิจชุมชนบ้านยางสาว,เลขที่ 30/1 หมู่ 3 ตำบลศรีมงคล อำเภอบึงสามพัน เพชรบูรณ์ 67160,สำนักงานเกษตรจังหวัดเพชรบูรณ์,ศรีมงคล
2815,2567,บึงสามพัน,วิสาหกิจชุมชนผู้เลี้ยงโคเนื้อบ้านยางสาว  หมู่  3,เลขที่ 2/2 หมู่ 3 ตำบลศรีมงคล อำเภอบึงสามพัน เพชรบูรณ์ 67160,สำนักงานเกษตรจังหวัดเพชรบูรณ์,ศรีมงคล
2816,2567,บึงสามพัน,วิสาหกิจชุมชนกลุ่มเลี้ยงโคขุนบ้านหนองไผ่,เลขที่ 43 หมู่ 10 ตำบลศรีมงคล อำเภอบึงสามพัน เพชรบูรณ์ 67160,สำนักงานเกษตรจังหวัดเพชรบูรณ์,ศรีมงคล
2817,2567,บึงสามพัน,วิสาหกิจชุมชนกลุ่มเลี้ยงโคขุนกลุ่ม ร.ร.บ้านยางสาว,เลขที่ 48 หมู่ 3 ตำบลศรีมงคล อำเภอบึงสามพัน เพชรบูรณ์ 67160,สำนักงานเกษตรจังหวัดเพชรบูรณ์,ศรีมงคล
2818,2567,บึงสามพัน,วิสาหกิจชุมชนโคขุนบ้านพนมเพชร,เลขที่ 31/1 หมู่ 2 ตำบลศรีมงคล อำเภอบึงสามพัน เพชรบูรณ์ 67160,สำนักงานเกษตรจังหวัดเพชรบูรณ์,ศรีมงคล
2819,2567,บึงสามพัน,วิสาหกิจชุมชนกลุ่มเลี้ยงโคขุนไม้แดงศรีมงคล,เลขที่ 12 หมู่ 6 ตำบลศรีมงคล อำเภอบึงสามพัน เพชรบูรณ์ 67160,สำนักงานเกษตรจังหวัดเพชรบูรณ์,ศรีมงคล
2820,2567,บึงสามพัน,วิสาหกิจชุมชนกลุ่มเลี้ยงโคขุนกลุ่มเทพนิมิตร,เลขที่ 32 หมู่ 10 ตำบลศรีมงคล อำเภอบึงสามพัน เพชรบูรณ์ 67160,สำนักงานเกษตรจังหวัดเพชรบูรณ์,ศรีมงคล
2821,2567,บึงสามพัน,วิสาหกิจชุมชนกลุ่มเกษตรกรและการผลิตบ้านหนองกำไร,เลขที่ 42/1 หมู่ 4 ตำบลศรีมงคล อำเภอบึงสามพัน เพชรบูรณ์ 67160,สำนักงานเกษตรจังหวัดเพชรบูรณ์,ศรีมงคล
2822,2567,บึงสามพัน,วิสาหกิจชุมชนกลุ่มผู้เลี้ยงโคขุนบ้านซับไทร,เลขที่ 334 หมู่ 5 ตำบลสระแก้ว อำเภอบึงสามพัน เพชรบูรณ์ 67160,สำนักงานเกษตรจังหวัดเพชรบูรณ์,สระแก้ว
2823,2567,บึงสามพัน,วิสาหกิจชุมชนกลุ่มพัฒนาอาชีพ หมู่ที่ 5 ตำบลสระแก้ว,เลขที่ 334 หมู่ 5 ตำบลสระแก้ว อำเภอบึงสามพัน เพชรบูรณ์ 67160,สำนักงานเกษตรจังหวัดเพชรบูรณ์,สระแก้ว
2824,2567,บึงสามพัน,วิสาหกิจชุมชนเกษตรอินทรีย์วิถีพอเพียง 459 บ้านกลาง เขาพลวง,เลขที่ 291 หมู่ 6 ตำบลสระแก้ว อำเภอบึงสามพัน เพชรบูรณ์ 67160,สำนักงานเกษตรจังหวัดเพชรบูรณ์,สระแก้ว
2825,2567,บึงสามพัน,วิสาหกิจชุมชนเกษตรกรผู้ผลิตและผู้ใช้ปุ๋ยอินทรีย์ปั้นเม็ด,เลขที่ 40 หมู่ 3 ตำบลวังพิกุล อำเภอบึงสามพัน เพชรบูรณ์ 67230,สำนักงานเกษตรจังหวัดเพชรบูรณ์,วังพิกุล
2826,2567,บึงสามพัน,วิสาหกิจชุมชนกลุ่มโคขุนบ้านหนองแจง หมู่ที่ 6  ตำบลหนองแจง,เลขที่ 22 หมู่ 6 ตำบลหนองแจง อำเภอบึงสามพัน เพชรบูรณ์ 67160,สำนักงานเกษตรจังหวัดเพชรบูรณ์,หนองแจง
2827,2567,บึงสามพัน,วิสาหกิจชุมชนกลุ่มปลูกพืชเกษตรอินทรีย์เพื่อแปรรูปบ้านทรัพย์เกษตร ตำบลบึงสามพัน,เลขที่ 3 หมู่ 9 ตำบลบึงสามพัน อำเภอบึงสามพัน เพชรบูรณ์ 67160,สำนักงานเกษตรจังหวัดเพชรบูรณ์,บึงสามพัน
2828,2567,บึงสามพัน,วิสาหกิจชุมชนกลุ่มชุมชนขยายและแปรรูปผลิตภัณฑ์ข้าว(หนองปล้อง-ลำตะคร้อ),เลขที่ 11 หมู่ 17 ตำบลกันจุ อำเภอบึงสามพัน เพชรบูรณ์ 67160,สำนักงานเกษตรจังหวัดเพชรบูรณ์,กันจุ
2829,2567,บึงสามพัน,วิสาหกิจชุมชนฟาร์มเห็ดรักรวยหกพี่น้องซับไม้แดง,เลขที่ 290 หมู่ 2 ตำบลซับไม้แดง อำเภอบึงสามพัน เพชรบูรณ์ 67160,สำนักงานเกษตรจังหวัดเพชรบูรณ์,ซับไม้แดง
2830,2567,บึงสามพัน,วิสาหกิจชุมชนกลุ่มเลี้ยงโคเนื้อบ้านอู่เรือ,เลขที่ 100 หมู่ 12 ตำบลหนองแจง อำเภอบึงสามพัน เพชรบูรณ์ 67160,สำนักงานเกษตรจังหวัดเพชรบูรณ์,หนองแจง
2831,2567,บึงสามพัน,วิสาหกิจชุมชนธนาคารต้นไม้บ้านซับบอน,เลขที่ 341/1 หมู่ 7 ตำบลกันจุ อำเภอบึงสามพัน เพชรบูรณ์ 67160,สำนักงานเกษตรจังหวัดเพชรบูรณ์,กันจุ
2832,2567,บึงสามพัน,วิสาหกิจชุมชนโคขุนบ้านเนินยางงาม,เลขที่ 264 หมู่ 14 ตำบลวังพิกุล อำเภอบึงสามพัน เพชรบูรณ์ 67160,สำนักงานเกษตรจังหวัดเพชรบูรณ์,วังพิกุล
2833,2567,บึงสามพัน,วิสาหกิจชุมชนโคเนื้อบ้านวังปลานอก,เลขที่ 94 หมู่ 11 ตำบลพญาวัง อำเภอบึงสามพัน เพชรบูรณ์ 67160,สำนักงานเกษตรจังหวัดเพชรบูรณ์,พญาวัง
2834,2567,บึงสามพัน,วิสาหกิจชุมชนผู้เลี้ยงโคขุนบ้านซับสำราญ,เลขที่ 136 หมู่ 2 ตำบลพญาวัง อำเภอบึงสามพัน เพชรบูรณ์ 67160,สำนักงานเกษตรจังหวัดเพชรบูรณ์,พญาวัง
2835,2567,บึงสามพัน,วิสาหกิจชุมชนปลูกข้าวปลอดสารพิษ,เลขที่ 80/1 หมู่ 16 ตำบลพญาวัง อำเภอบึงสามพัน เพชรบูรณ์ 67160,สำนักงานเกษตรจังหวัดเพชรบูรณ์,พญาวัง
2836,2567,บึงสามพัน,วิสาหกิจชุมชนกลุ่มเลี้ยงโคเนื้อบ้านเขากะลา 59,เลขที่ 6/2 หมู่ 6 ตำบลศรีมงคล อำเภอบึงสามพัน เพชรบูรณ์ 67160,สำนักงานเกษตรจังหวัดเพชรบูรณ์,ศรีมงคล
2837,2567,บึงสามพัน,วิสาหกิจชุมชนกลุ่มเลี้ยงโคเนื้อบ้านยางสาวปี  2559,เลขที่ 44 หมู่ 3 ตำบลศรีมงคล อำเภอบึงสามพัน เพชรบูรณ์ 67160,สำนักงานเกษตรจังหวัดเพชรบูรณ์,ศรีมงคล
2838,2567,บึงสามพัน,วิสาหกิจชุมชนกลุ่มเลี้ยงโคขุนบ้านเขากะลา2018,เลขที่ 348 หมู่ 6 ตำบลศรีมงคล อำเภอบึงสามพัน เพชรบูรณ์ 67160,สำนักงานเกษตรจังหวัดเพชรบูรณ์,ศรีมงคล
2839,2567,บึงสามพัน,วิสาหกิจชุมชนแปรรูปมะขามเพิ่มทรัพย์,เลขที่ 105 หมู่ 8 ตำบลศรีมงคล อำเภอบึงสามพัน เพชรบูรณ์ 67160,สำนักงานเกษตรจังหวัดเพชรบูรณ์,ศรีมงคล
2840,2567,บึงสามพัน,วิสาหกิจชุมชนสมาชิกกลุ่มดาวอินคาและพัฒนาอาชีพบ้านซับไทร,เลขที่ 102 หมู่ 5 ตำบลสระแก้ว อำเภอบึงสามพัน เพชรบูรณ์ 67160,สำนักงานเกษตรจังหวัดเพชรบูรณ์,สระแก้ว
2841,2567,วิเชียรบุรี,วิสาหกิจชุมชนกลุ่มผู้ผลิตเมล็ดพันธุ์ข้าวบ้านบุมะกรูดเขามอง,เลขที่ 1 หมู่ 18 ตำบลท่าโรง อำเภอวิเชียรบุรี เพชรบูรณ์ 67130,สำนักงานเกษตรจังหวัดเพชรบูรณ์,ท่าโรง
2842,2567,วิเชียรบุรี,วิสาหกิจชุมชนทอผ้ากี่กระตุกบ้านบุมะกรูด,เลขที่ 276 หมู่ 8 ตำบลท่าโรง อำเภอวิเชียรบุรี เพชรบูรณ์ 67130,สำนักงานเกษตรจังหวัดเพชรบูรณ์,ท่าโรง
2843,2567,วิเชียรบุรี,วิสาหกิจชุมชนกลุ่มพัฒนาอาชีพวิเชียรบุรี,เลขที่ 210 หมู่ 1 ตำบลท่าโรง อำเภอวิเชียรบุรี เพชรบูรณ์ 67130,สำนักงานเกษตรจังหวัดเพชรบูรณ์,ท่าโรง
2844,2567,วิเชียรบุรี,วิสาหกิจชุมชนกลุ่มผลิตปุ๋ยอินทรีย์อัดเม็ดเพื่อการเกษตร,เลขที่ 244 หมู่ 5 ตำบลท่าโรง อำเภอวิเชียรบุรี เพชรบูรณ์ 67130,สำนักงานเกษตรจังหวัดเพชรบูรณ์,ท่าโรง
2845,2567,วิเชียรบุรี,วิสาหกิจชุมชนปลูกพืชสมุนไพรเกษตรอินทรีย์วิเชียรบุรี,เลขที่ 399 หมู่ 3 ตำบลท่าโรง อำเภอวิเชียรบุรี เพชรบูรณ์ 67130,สำนักงานเกษตรจังหวัดเพชรบูรณ์,ท่าโรง
2846,2567,วิเชียรบุรี,วิสาหกิจชุมชนศูนย์ส่งเสริมผลิตข้าวชุมชนบ้านยางโด่,เลขที่ 9 หมู่ 7 ตำบลสระประดู่ อำเภอวิเชียรบุรี เพชรบูรณ์ 67130,สำนักงานเกษตรจังหวัดเพชรบูรณ์,สระประดู่
2847,2567,วิเชียรบุรี,วิสาหกิจชุมชนกองทุนเกษตรกรข้าวโพดชุมชน,เลขที่ 194 หมู่ 1 ตำบลสระประดู่ อำเภอวิเชียรบุรี เพชรบูรณ์ 67130,สำนักงานเกษตรจังหวัดเพชรบูรณ์,สระประดู่
2848,2567,วิเชียรบุรี,วิสาหกิจชุมชนผลิตไข่เค็มพันถ้วย,เลขที่ 7 หมู่ 9 ตำบลสระประดู่ อำเภอวิเชียรบุรี เพชรบูรณ์ 67130,สำนักงานเกษตรจังหวัดเพชรบูรณ์,สระประดู่
2849,2567,วิเชียรบุรี,วิสาหกิจชุมชนกลุ่มผลิตดอกไม้จันทร์ห้วยชัน,เลขที่ 139 หมู่ 4 ตำบลสระประดู่ อำเภอวิเชียรบุรี เพชรบูรณ์ 67130,สำนักงานเกษตรจังหวัดเพชรบูรณ์,สระประดู่
2850,2567,วิเชียรบุรี,วิสาหกิจชุมชนกลุ่มเกษตรกรบ้านร่วมใจพัฒนา หมู่ 12 ตำบลสระประดู่,เลขที่ 34/1 หมู่ 12 ตำบลสระประดู่ อำเภอวิเชียรบุรี เพชรบูรณ์ 67130,สำนักงานเกษตรจังหวัดเพชรบูรณ์,สระประดู่
2851,2567,วิเชียรบุรี,วิสาหกิจชุมชนกลุ่มเกษตรกรสระประดู่ก้าวหน้า หมู่ 2,เลขที่ 45 หมู่ 2 ตำบลสระประดู่ อำเภอวิเชียรบุรี เพชรบูรณ์ 67130,สำนักงานเกษตรจังหวัดเพชรบูรณ์,สระประดู่
2852,2567,วิเชียรบุรี,วิสาหกิจชุมชนกองทุนปัจจัยการผลิตบ้านคอเลือก หมู่ 3 ตำบลสระประดู่,เลขที่ 6 หมู่ 3 ตำบลสระประดู่ อำเภอวิเชียรบุรี เพชรบูรณ์ 67130,สำนักงานเกษตรจังหวัดเพชรบูรณ์,สระประดู่
2853,2567,วิเชียรบุรี,วิสาหกิจชุมชนสมุนไพรนวดแผนโบราณบ้านยางโด่,เลขที่ 25 หมู่ 7 ตำบลสระประดู่ อำเภอวิเชียรบุรี เพชรบูรณ์ 67130,สำนักงานเกษตรจังหวัดเพชรบูรณ์,สระประดู่
2854,2567,วิเชียรบุรี,วิสาหกิจชุมชนกลุ่มจำหน่ายและขยายพันธุ์ไม้บ้านยางโด่,เลขที่ 34 หมู่ 7 ตำบลสระประดู่ อำเภอวิเชียรบุรี เพชรบูรณ์ 67130,สำนักงานเกษตรจังหวัดเพชรบูรณ์,สระประดู่
2855,2567,วิเชียรบุรี,วิสาหกิจชุมชนเกษตรสร้างสรรค์,เลขที่ 54/1 หมู่ 3 ตำบลสระประดู่ อำเภอวิเชียรบุรี เพชรบูรณ์ 67130,สำนักงานเกษตรจังหวัดเพชรบูรณ์,สระประดู่
2856,2567,วิเชียรบุรี,วิสาหกิจชุมชนYSF วิเชียรบุรีเกษตรพอเพียงเพื่อการพัฒนาอย่างยั่งยืน,เลขที่ 27 หมู่ 11 ตำบลสระประดู่ อำเภอวิเชียรบุรี เพชรบูรณ์ 67130,สำนักงานเกษตรจังหวัดเพชรบูรณ์,สระประดู่
2857,2567,วิเชียรบุรี,วิสาหกิจชุมชนกลุ่มวิสาหกิจชุมชนบ้านกลุ่มอุทัย หมู่ 2,เลขที่ 21 หมู่ 2 ตำบลสามแยก อำเภอวิเชียรบุรี เพชรบูรณ์ 67130,สำนักงานเกษตรจังหวัดเพชรบูรณ์,สามแยก
2858,2567,วิเชียรบุรี,วิสาหกิจชุมชนกลุ่มสายใยรักตัดเย็บ,เลขที่ 273 หมู่ 1 ตำบลสามแยก อำเภอวิเชียรบุรี เพชรบูรณ์ 67130,สำนักงานเกษตรจังหวัดเพชรบูรณ์,สามแยก
2859,2567,วิเชียรบุรี,วิสาหกิจชุมชนกลุ่มเลี้ยงโคบ้านไร่ตาพุฒ,เลขที่ 164 หมู่ 9 ตำบลสามแยก อำเภอวิเชียรบุรี เพชรบูรณ์ 67130,สำนักงานเกษตรจังหวัดเพชรบูรณ์,สามแยก
2860,2567,วิเชียรบุรี,วิสาหกิจชุมชนส่งเสริมอาชีพบ้านโปร่งนกเป้า หมู่ 10,เลขที่ 31 หมู่ 10 ตำบลสามแยก อำเภอวิเชียรบุรี เพชรบูรณ์ 67130,สำนักงานเกษตรจังหวัดเพชรบูรณ์,สามแยก
2861,2567,วิเชียรบุรี,วิสาหกิจชุมชนแปลงใหญ่ข้าวโพดเลี้ยงสัตว์ตำบลสามแยก,เลขที่ 75 หมู่ 6 ตำบลสามแยก อำเภอวิเชียรบุรี เพชรบูรณ์ 67130,สำนักงานเกษตรจังหวัดเพชรบูรณ์,สามแยก
2862,2567,วิเชียรบุรี,วิสาหกิจชุมชนคนเลี้ยงปลาบ้านลำเพียร,เลขที่ 6 หมู่ 10 ตำบลโคกปรง อำเภอวิเชียรบุรี เพชรบูรณ์ 67130,สำนักงานเกษตรจังหวัดเพชรบูรณ์,โคกปรง
2863,2567,วิเชียรบุรี,วิสาหกิจชุมชนผลิตพืชพันธุ์ดีและส่งเสริมอาชีพ หมู่ 8 บ้านนาสามัคคี,เลขที่ 57 หมู่ 8 ตำบลโคกปรง อำเภอวิเชียรบุรี เพชรบูรณ์ 67130,สำนักงานเกษตรจังหวัดเพชรบูรณ์,โคกปรง
2864,2567,วิเชียรบุรี,วิสาหกิจชุมชนกลุ่มเลี้ยงโคบ้านเขายางโปร่ง หมู่ 4,เลขที่ 14 หมู่ 4 ตำบลโคกปรง อำเภอวิเชียรบุรี เพชรบูรณ์ 67130,สำนักงานเกษตรจังหวัดเพชรบูรณ์,โคกปรง
2865,2567,วิเชียรบุรี,วิสาหกิจชุมชนกลุ่มส่งเสริมอาชีพการเกษตรบ้านโคกปรง หมู่ 3,เลขที่ 213 หมู่ 3 ตำบลโคกปรง อำเภอวิเชียรบุรี เพชรบูรณ์ 67130,สำนักงานเกษตรจังหวัดเพชรบูรณ์,โคกปรง
2866,2567,วิเชียรบุรี,วิสาหกิจชุมชนกลุ่มพัฒนาอาชีพตำบลโคกปรง หมู่ 2,เลขที่ 5 หมู่ 2 ตำบลโคกปรง อำเภอวิเชียรบุรี เพชรบูรณ์ 67130,สำนักงานเกษตรจังหวัดเพชรบูรณ์,โคกปรง
2867,2567,วิเชียรบุรี,วิสาหกิจชุมชนกลุ่มส่งเสริมพัฒนาศักยภาพอาชีพตำบลโคกปรง,เลขที่ 174 หมู่ 3 ตำบลโคกปรง อำเภอวิเชียรบุรี เพชรบูรณ์ 67130,สำนักงานเกษตรจังหวัดเพชรบูรณ์,โคกปรง
2868,2567,วิเชียรบุรี,วิสาหกิจชุมชนกลุ่มชาวนาเข็มแข็งตำบลโคกปรง,เลขที่ 123 หมู่ 1 ตำบลโคกปรง อำเภอวิเชียรบุรี เพชรบูรณ์ 67130,สำนักงานเกษตรจังหวัดเพชรบูรณ์,โคกปรง
2869,2567,วิเชียรบุรี,วิสาหกิจชุมชนปลูกผักหลังฤดูทำนา,เลขที่ 132 หมู่ 12 ตำบลโคกปรง อำเภอวิเชียรบุรี เพชรบูรณ์ 67130,สำนักงานเกษตรจังหวัดเพชรบูรณ์,โคกปรง
2870,2567,วิเชียรบุรี,วิสาหกิจชุมชนสมบัติฟาร์มเห็ดบ้านโคกปรง,เลขที่ 77 หมู่ 16 ตำบลโคกปรง อำเภอวิเชียรบุรี เพชรบูรณ์ 67130,สำนักงานเกษตรจังหวัดเพชรบูรณ์,โคกปรง
2871,2567,วิเชียรบุรี,วิสาหกิจชุมชนกลุ่มพัฒนาเศรษฐกิจการเกษตรบ้านน้ำเดือด,เลขที่ 61 หมู่ 12 ตำบลโคกปรง อำเภอวิเชียรบุรี เพชรบูรณ์ 67130,สำนักงานเกษตรจังหวัดเพชรบูรณ์,โคกปรง
2872,2567,วิเชียรบุรี,วิสาหกิจชุมชนผลิตปุ๋ยอินทรีย์ชีวภาพปั้นเม็ด ม.4 บ้านโคกสำราญ,เลขที่ 68 หมู่ 4 ตำบลน้ำร้อน อำเภอวิเชียรบุรี เพชรบูรณ์ 67130,สำนักงานเกษตรจังหวัดเพชรบูรณ์,น้ำร้อน
2873,2567,วิเชียรบุรี,วิสาหกิจชุมชนเกษตรอินทรีย์ผสมผสานตำบลน้ำร้อน,เลขที่ 66 หมู่ 10 ตำบลน้ำร้อน อำเภอวิเชียรบุรี เพชรบูรณ์ 67130,สำนักงานเกษตรจังหวัดเพชรบูรณ์,น้ำร้อน
2874,2567,วิเชียรบุรี,วิสาหกิจชุมชนสมุนไพรเพื่อสุขภาพบ้านน้ำร้อน,เลขที่ 288 หมู่ 1 ตำบลน้ำร้อน อำเภอวิเชียรบุรี เพชรบูรณ์ 67130,สำนักงานเกษตรจังหวัดเพชรบูรณ์,น้ำร้อน
2875,2567,วิเชียรบุรี,วิสาหกิจชุมชนส่งเสริมอาชีพ หมู่ 3 บ้านน้ำร้อน,เลขที่ 18 หมู่ 3 ตำบลน้ำร้อน อำเภอวิเชียรบุรี เพชรบูรณ์ 67130,สำนักงานเกษตรจังหวัดเพชรบูรณ์,น้ำร้อน
2876,2567,วิเชียรบุรี,"วิสาหกิจชุมชนถักสานไม้กวาดดอกหญ้า หมู่ 8,19",เลขที่ 88 หมู่ 19 ตำบลบ่อรัง อำเภอวิเชียรบุรี เพชรบูรณ์ 67130,สำนักงานเกษตรจังหวัดเพชรบูรณ์,บ่อรัง
2877,2567,วิเชียรบุรี,วิสาหกิจชุมชนแปลงใหญ่มันสำปะหลังตำบลบ่อรัง,เลขที่ 394 หมู่ 2 ตำบลบ่อรัง อำเภอวิเชียรบุรี เพชรบูรณ์ 67130,สำนักงานเกษตรจังหวัดเพชรบูรณ์,บ่อรัง
2878,2567,วิเชียรบุรี,วิสาหกิจชุมชนส่งเสริมอาชีพบ้านแสงทอง,เลขที่ 3 หมู่ 16 ตำบลบ่อรัง อำเภอวิเชียรบุรี เพชรบูรณ์ 67130,สำนักงานเกษตรจังหวัดเพชรบูรณ์,บ่อรัง
2879,2567,วิเชียรบุรี,วิสาหกิจชุมชนศูนย์ส่งเสริมผลิตพันธุ์ข้าวชุมชน ม.8 ตำบลพุเตย,เลขที่ 162 หมู่ 8 ตำบลพุเตย อำเภอวิเชียรบุรี เพชรบูรณ์ 67180,สำนักงานเกษตรจังหวัดเพชรบูรณ์,พุเตย
2880,2567,วิเชียรบุรี,วิสาหกิจชุมชนสถาบันการเงินชุมชนต้นแบบบ้านหนองคล้า,เลขที่ 97 หมู่ 8 ตำบลพุเตย อำเภอวิเชียรบุรี เพชรบูรณ์ 67180,สำนักงานเกษตรจังหวัดเพชรบูรณ์,พุเตย
2881,2567,วิเชียรบุรี,วิสาหกิจชุมชนเฟอร์นิเจอร์ หมู่ 9 ตำบลพุเตย,เลขที่ 57 หมู่ 9 ตำบลพุเตย อำเภอวิเชียรบุรี เพชรบูรณ์ 67180,สำนักงานเกษตรจังหวัดเพชรบูรณ์,พุเตย
2882,2567,วิเชียรบุรี,วิสาหกิจชุมชนกลุ่มสมุนไพรเกษตรผสมผสานพุเตย,เลขที่ 256 หมู่ 1 ตำบลพุเตย อำเภอวิเชียรบุรี เพชรบูรณ์ 67180,สำนักงานเกษตรจังหวัดเพชรบูรณ์,พุเตย
2883,2567,วิเชียรบุรี,วิสาหกิจชุมชนกลุ่มแม่บ้านโต๊ะจีนตำบลพุขาม,เลขที่ 39 หมู่ 4 ตำบลพุขาม อำเภอวิเชียรบุรี เพชรบูรณ์ 67130,สำนักงานเกษตรจังหวัดเพชรบูรณ์,พุขาม
2884,2567,วิเชียรบุรี,วิสาหกิจชุมชนส่งเสริมอาชีพการเกษตรและร้านค้าชุมชนโคกสง่า หมู่ 7,เลขที่ 272 หมู่ 7 ตำบลพุขาม อำเภอวิเชียรบุรี เพชรบูรณ์ 67180,สำนักงานเกษตรจังหวัดเพชรบูรณ์,พุขาม
2885,2567,วิเชียรบุรี,วิสาหกิจชุมชนกลุ่มออมทรัพย์การผลิตบ้านรวมทรัพย์,เลขที่ 239/1 หมู่ 6 ตำบลภูน้ำหยด อำเภอวิเชียรบุรี เพชรบูรณ์ 67180,สำนักงานเกษตรจังหวัดเพชรบูรณ์,ภูน้ำหยด
2886,2567,วิเชียรบุรี,วิสาหกิจชุมชนมันสำปะหลังภูน้ำหยด,เลขที่ 52 หมู่ 12 ตำบลภูน้ำหยด อำเภอวิเชียรบุรี เพชรบูรณ์ 67180,สำนักงานเกษตรจังหวัดเพชรบูรณ์,ภูน้ำหยด
2887,2567,วิเชียรบุรี,วิสาหกิจชุมชนปุ๋ยบ้านหนองภิรมย์,เลขที่ 32 หมู่ 16 ตำบลภูน้ำหยด อำเภอวิเชียรบุรี เพชรบูรณ์ 67180,สำนักงานเกษตรจังหวัดเพชรบูรณ์,ภูน้ำหยด
2888,2567,วิเชียรบุรี,วิสาหกิจชุมชนกลุ่มออมทรัพย์เพื่อการค้าและการผลิต หมู่ 10 ต.ภูน้ำหยด,เลขที่ 55 หมู่ 10 ตำบลภูน้ำหยด อำเภอวิเชียรบุรี เพชรบูรณ์ 67180,สำนักงานเกษตรจังหวัดเพชรบูรณ์,ภูน้ำหยด
2889,2567,วิเชียรบุรี,วิสาหกิจชุมชนกลุ่มอาชีพขยายพันธุ์ไม้ผลไม้ดอก,เลขที่ 5 หมู่ 6 ตำบลซับสมบูรณ์ อำเภอวิเชียรบุรี เพชรบูรณ์ 67180,สำนักงานเกษตรจังหวัดเพชรบูรณ์,ซับสมบูรณ์
2890,2567,วิเชียรบุรี,วิสาหกิจชุมชนกลุ่มแม่บ้านเย็บผ้าบ้านไร่อุดม,เลขที่ 124 หมู่ 3 ตำบลซับสมบูรณ์ อำเภอวิเชียรบุรี เพชรบูรณ์ 67180,สำนักงานเกษตรจังหวัดเพชรบูรณ์,ซับสมบูรณ์
2891,2567,วิเชียรบุรี,วิสาหกิจชุมชนกลุ่มผลิตโคเนื้อบ้านเขาขาดหมู่ 4 ตำบลซับสมบูรณ์,เลขที่ 145 หมู่ 4 ตำบลซับสมบูรณ์ อำเภอวิเชียรบุรี เพชรบูรณ์ 67130,สำนักงานเกษตรจังหวัดเพชรบูรณ์,ซับสมบูรณ์
2892,2567,วิเชียรบุรี,วิสาหกิจชุมชนกลุ่มสมุนไพรโบราณขุมทรัพย์ปัญญาไทย,เลขที่ 63 หมู่ 4 ตำบลซับสมบูรณ์ อำเภอวิเชียรบุรี เพชรบูรณ์ 67180,สำนักงานเกษตรจังหวัดเพชรบูรณ์,ซับสมบูรณ์
2893,2567,วิเชียรบุรี,วิสาหกิจชุมชนกลุ่มหมอนสวยงามทำจากผ้าต่วน หมู่ 1 ตำบลซับสมบูรณ์,เลขที่ 157 หมู่ 1 ตำบลซับสมบูรณ์ อำเภอวิเชียรบุรี เพชรบูรณ์ 67180,สำนักงานเกษตรจังหวัดเพชรบูรณ์,ซับสมบูรณ์
2894,2567,วิเชียรบุรี,วิสาหกิจชุมชนหมูหลุมอินดี้ตำบลซับสมบูรณ์,เลขที่ 26 หมู่ 9 ตำบลซับสมบูรณ์ อำเภอวิเชียรบุรี เพชรบูรณ์ 67180,สำนักงานเกษตรจังหวัดเพชรบูรณ์,ซับสมบูรณ์
2895,2567,วิเชียรบุรี,วิสาหกิจชุมชนกลุ่มพัฒนาอาชีพถี่กระตุกบ้านเกาะบรเพ็ด หมู่ 10,เลขที่ 43 หมู่ 10 ตำบลบึงกระจับ อำเภอวิเชียรบุรี เพชรบูรณ์ 67130,สำนักงานเกษตรจังหวัดเพชรบูรณ์,บึงกระะจับ
2896,2567,วิเชียรบุรี,วิสาหกิจชุมชนพืชสวนสมุนไพร หมู่ 4 บึงกระจับ,เลขที่ 27/2 หมู่ 2 ตำบลท่าโรง อำเภอวิเชียรบุรี เพชรบูรณ์ 67130,สำนักงานเกษตรจังหวัดเพชรบูรณ์,ท่าโรง
2897,2567,วิเชียรบุรี,วิสาหกิจชุมชนอินทผลัมเพาะเลี้ยงเนื้อเยื่ออำเภอวิเชียรบุรี,เลขที่ 67 หมู่ 8 ตำบลบึงกระจับ อำเภอวิเชียรบุรี เพชรบูรณ์ 67130,สำนักงานเกษตรจังหวัดเพชรบูรณ์,บึงกระจับ
2898,2567,วิเชียรบุรี,วิสาหกิจชุมชนกลุ่มเกษตรอินทรีย์วิถีชุมชน ตำบลบึงกระจับ,เลขที่ 251 หมู่ 5 ตำบลบึงกระจับ อำเภอวิเชียรบุรี เพชรบูรณ์ 67130,สำนักงานเกษตรจังหวัดเพชรบูรณ์,บึงกระจับ
2899,2567,วิเชียรบุรี,วิสาหกิจชุมชนสานสายใยใจไทยทุกภาค เกษตรผสมผสานตำบลบึงกระจับ,เลขที่ 30/2  หมู่ 6 ตำบลบึงกระจับ อำเภอวิเชียรบุรี เพชรบูรณ์ 67130,สำนักงานเกษตรจังหวัดเพชรบูรณ์,บึงกระจับ
2900,2567,วิเชียรบุรี,วิสาหกิจชุมชนสานสายใยใจไทยทุกภาคเกษตรอินทรีย์ตำบลบึงกระจับ,เลขที่ 253 หมู่ 4 ตำบลบึงกระจับ อำเภอวิเชียรบุรี เพชรบูรณ์ 67130,สำนักงานเกษตรจังหวัดเพชรบูรณ์,บึงกระจับ
2901,2567,วิเชียรบุรี,วิสาหกิจชุมชนสานสายใยใจไทยทุกภาคบ้านวังทอง,เลขที่ 122 หมู่ 6 ตำบลบึงกระจับ อำเภอวิเชียรบุรี เพชรบูรณ์ 67130,สำนักงานเกษตรจังหวัดเพชรบูรณ์,บึงกระจับ
2902,2567,วิเชียรบุรี,วิสาหกิจชุมชนสานสายใยใจไทยทุกภาคเกษตรยั่งยืนตำบลบึงกระจับ,เลขที่ 120 หมู่ 6 ตำบลบึงกระจับ อำเภอวิเชียรบุรี เพชรบูรณ์ 67130,สำนักงานเกษตรจังหวัดเพชรบูรณ์,บึงกระจับ
2903,2567,วิเชียรบุรี,วิสาหกิจชุมชนกลุ่มเศรษฐกิจชุมชนเกษตรกร หมู่ 4 ต.วังใหญ่,เลขที่ 19 หมู่ 4 ตำบลวังใหญ่ อำเภอวิเชียรบุรี เพชรบูรณ์ 67180,สำนักงานเกษตรจังหวัดเพชรบูรณ์,วังใหญ่
2904,2567,วิเชียรบุรี,วิสาหกิจชุมชนกลุ่มผู้ปลูกพืชสมุนไพรตำบลวังใหญ่,เลขที่ 26 หมู่ 2 ตำบลวังใหญ่ อำเภอวิเชียรบุรี เพชรบูรณ์ 67180,สำนักงานเกษตรจังหวัดเพชรบูรณ์,วังใหญ่
2905,2567,วิเชียรบุรี,วิสาหกิจชุมชนกลุ่มทอเสื่อกกบ้านวังวัด,เลขที่ 56/1 หมู่ 3 ตำบลยางสาว อำเภอวิเชียรบุรี เพชรบูรณ์ 67130,สำนักงานเกษตรจังหวัดเพชรบูรณ์,ยางสาว
2906,2567,วิเชียรบุรี,วิสาหกิจชุมชนกลุ่มหัตถกรรมดอกไม้จันทร์ ดอกไม้ประดิษฐ์หมู่ 2,เลขที่ 15 หมู่ 2 ตำบลยางสาว อำเภอวิเชียรบุรี เพชรบูรณ์ 67130,สำนักงานเกษตรจังหวัดเพชรบูรณ์,ยางสาว
2907,2567,วิเชียรบุรี,วิสาหกิจชุมชนผลิตชาเขียวใบหม่อนยางสาว,เลขที่ 55 หมู่ 4 ตำบลยางสาว อำเภอวิเชียรบุรี เพชรบูรณ์ 67130,สำนักงานเกษตรจังหวัดเพชรบูรณ์,ยางสาว
2908,2567,วิเชียรบุรี,วิสาหกิจชุมชนกลุ่มวิสาหกิจชุมชนเลี้ยงโคเนื้อเขาสูง,เลขที่ 55 หมู่ 4 ตำบลยางสาว อำเภอวิเชียรบุรี เพชรบูรณ์ 67130,สำนักงานเกษตรจังหวัดเพชรบูรณ์,ยางสาว
2909,2567,วิเชียรบุรี,วิสาหกิจชุมชนอนุรักษ์ป่าเขาสูง ตำบลยางสาว,เลขที่ 162 หมู่ 4 ตำบลยางสาว อำเภอวิเชียรบุรี เพชรบูรณ์ 67130,สำนักงานเกษตรจังหวัดเพชรบูรณ์,ยางสาว
2910,2567,วิเชียรบุรี,วิสาหกิจชุมชนกลุ่มผู้ปลูกหอม-กระเทียม บ้านพุน้ำร้อน,เลขที่ 88 หมู่ 9 ตำบลยางสาว อำเภอวิเชียรบุรี เพชรบูรณ์ 67130,สำนักงานเกษตรจังหวัดเพชรบูรณ์,ยางสาว
2911,2567,วิเชียรบุรี,วิสาหกิจชุมชนปลูกข้าวโพดเลี้ยงสัตว์ก้าวหน้า หมู่ 15 ต.ยางสาว,เลขที่ 91 หมู่ 15 ตำบลยางสาว อำเภอวิเชียรบุรี เพชรบูรณ์ 67130,สำนักงานเกษตรจังหวัดเพชรบูรณ์,ยางสาว
2912,2567,วิเชียรบุรี,วิสาหกิจชุมชนกลุ่มส่งเสริมอาชีพการเกษตรบ้านน้ำอ้อม,เลขที่ 58 หมู่ 7 ตำบลยางสาว อำเภอวิเชียรบุรี เพชรบูรณ์ 67130,สำนักงานเกษตรจังหวัดเพชรบูรณ์,ยางสาว
2913,2567,วิเชียรบุรี,วิสาหกิจชุมชนกลุ่มกล้วยหอมทองบ้านซับรุ่งเจริญ,เลขที่ 37 หมู่ 7 ตำบลซับน้อย อำเภอวิเชียรบุรี เพชรบูรณ์ 67180,สำนักงานเกษตรจังหวัดเพชรบูรณ์,ซับน้อย
2914,2567,วิเชียรบุรี,วิสาหกิจชุมชนปลูกพืชไร่ตำบลซับน้อย,เลขที่ 57 หมู่ 4 ตำบลซับน้อย อำเภอวิเชียรบุรี เพชรบูรณ์ 67180,สำนักงานเกษตรจังหวัดเพชรบูรณ์,ซับน้อย
2915,2567,วิเชียรบุรี,วิสาหกิจชุมชนแปลงใหญ่ข้าวโพดเลี้ยงสัตว์ ตำบลซับน้อย,เลขที่ 153 หมู่ 5 ตำบลซับน้อย อำเภอวิเชียรบุรี เพชรบูรณ์ 67130,สำนักงานเกษตรจังหวัดเพชรบูรณ์,ซับน้อย
2916,2567,วิเชียรบุรี,วิสาหกิจชุมชนกลุ่มผู้เลี้ยงโคเนื้อบ้านทุ่งใหญ่ หมู่ 5 ตำบลท่าโรง,เลขที่ 460 หมู่ 5 ตำบลท่าโรง อำเภอวิเชียรบุรี เพชรบูรณ์ 67130,สำนักงานเกษตรจังหวัดเพชรบูรณ์,ท่าโรง
2917,2567,วิเชียรบุรี,วิสาหกิจชุมชนกลุ่มส่งเสริมการเลี้ยงโคเนื้อตำบลท่าโรง,เลขที่ 136 หมู่ 14 ตำบลท่าโรง อำเภอวิเชียรบุรี เพชรบูรณ์ 67130,สำนักงานเกษตรจังหวัดเพชรบูรณ์,ท่าโรง
2918,2567,วิเชียรบุรี,วิสาหกิจชุมชนไร่เขาเล็งอินทรีย์เกษตร,เลขที่ 180 หมู่ 8 ตำบลท่าโรง อำเภอวิเชียรบุรี เพชรบูรณ์ 67130,สำนักงานเกษตรจังหวัดเพชรบูรณ์,ท่าโรง
2919,2567,วิเชียรบุรี,วิสาหกิจชุมชนกลุ่มเกษตรกรผู้เลี้ยงโคบ้านมาบสมอ หมู่ 14,เลขที่ 144 หมู่ 14 ตำบลท่าโรง อำเภอวิเชียรบุรี เพชรบูรณ์ 67130,สำนักงานเกษตรจังหวัดเพชรบูรณ์,ท่าโรง
2920,2567,วิเชียรบุรี,วิสาหกิจชุมชนกลุ่มผู้ปลูกข้าวโพดข้าวเหนียว อำเภอวิเชียรบุรี จังหวัดเพชรบูรณ์,เลขที่ 108 หมู่ 12 ตำบลพุเตย อำเภอวิเชียรบุรี เพชรบูรณ์ 67180,สำนักงานเกษตรจังหวัดเพชรบูรณ์,พุเตย
2921,2567,วิเชียรบุรี,วิสาหกิจชุมชนกลุ่มส่งเสริมอาชีพบ้านลำจังหัน หมู่ 1 ตำบลสามแยก,เลขที่ 29/1 หมู่ 1 ตำบลสามแยก อำเภอวิเชียรบุรี เพชรบูรณ์ 67130,สำนักงานเกษตรจังหวัดเพชรบูรณ์,สามแยก
2922,2567,วิเชียรบุรี,วิสาหกิจชุมชนกลุ่มพัฒนาอาชีพงานไม้ชุมชน หมู่ 3 ตำบลสามแยก,เลขที่ 181 หมู่ 3 ตำบลสามแยก อำเภอวิเชียรบุรี เพชรบูรณ์ 67130,สำนักงานเกษตรจังหวัดเพชรบูรณ์,สามแยก
2923,2567,วิเชียรบุรี,วิสาหกิจชุมชนการเพาะเห็ดอินทรีย์บ้านดงเข็ม,เลขที่ 2 หมู่ 3 ตำบลสามแยก อำเภอวิเชียรบุรี เพชรบูรณ์ 67130,สำนักงานเกษตรจังหวัดเพชรบูรณ์,สามแยก
2924,2567,วิเชียรบุรี,วิสาหกิจชุมชนกลุ่มเกษตรกรผู้เลี้ยงหมู หมู่ 1 บ้านโคกปรง,เลขที่ 149 หมู่ 1 ตำบลโคกปรง อำเภอวิเชียรบุรี เพชรบูรณ์ 67130,สำนักงานเกษตรจังหวัดเพชรบูรณ์,โคกปรง
2925,2567,วิเชียรบุรี,วิสาหกิจชุมชนกลุ่มผลิตภัณฑ์ปลาส้มสายเดี่ยวบ้านซับอีลุม,เลขที่ 155 หมู่ 5 ตำบลโคกปรง อำเภอวิเชียรบุรี เพชรบูรณ์ 67130,สำนักงานเกษตรจังหวัดเพชรบูรณ์,โคกปรง
2926,2567,วิเชียรบุรี,วิสาหกิจชุมชนเกษตรพัฒนาวังเตียน,เลขที่ 67 หมู่ 5 ตำบลโคกปรง อำเภอวิเชียรบุรี เพชรบูรณ์ 67130,สำนักงานเกษตรจังหวัดเพชรบูรณ์,โคกปรง
2927,2567,วิเชียรบุรี,วิสาหกิจชุมชนกลุ่มเกษตรกรทำปุ๋ยหมักชีวภาพบ้านน้ำร้อน หมู่ 1,เลขที่ 41 หมู่ 1 ตำบลน้ำร้อน อำเภอวิเชียรบุรี เพชรบูรณ์ 67130,สำนักงานเกษตรจังหวัดเพชรบูรณ์,น้ำร้อน
2928,2567,วิเชียรบุรี,วิสาหกิจชุมชนกลุ่มส่งเสริมอาชีพเกษตรกรบ้านใหม่วิไลวัลย์ หมู่ 10,เลขที่ 153 หมู่ 10 ตำบลบ่อรัง อำเภอวิเชียรบุรี เพชรบูรณ์ 67130,สำนักงานเกษตรจังหวัดเพชรบูรณ์,บ่อรัง
2929,2567,วิเชียรบุรี,วิสาหกิจชุมชนกลุ่มส่งเสริมการเลี้ยงโคเนื้อของชุมชนบ้านหนองบัวทอง หมู่ 11,เลขที่ 173 หมู่ 11 ตำบลบ่อรัง อำเภอวิเชียรบุรี เพชรบูรณ์ 67130,สำนักงานเกษตรจังหวัดเพชรบูรณ์,บ่อรัง
2930,2567,วิเชียรบุรี,วิสาหกิจชุมชนกลุ่มพัฒนาผลผลิตเกษตรบ้านวงษ์ทอง หมู่ 11,เลขที่ 141/1 หมู่ 11 ตำบลพุเตย อำเภอวิเชียรบุรี เพชรบูรณ์ 67180,สำนักงานเกษตรจังหวัดเพชรบูรณ์,พุเตย
2931,2567,วิเชียรบุรี,วิสาหกิจชุมชนกลุ่มปุ๋ยบ้านวงษ์ทอง หมู่ 11 ตำบลพุเตย,เลขที่ 105 หมู่ 11 ตำบลพุเตย อำเภอวิเชียรบุรี เพชรบูรณ์ 67180,สำนักงานเกษตรจังหวัดเพชรบูรณ์,พุเตย
2932,2567,วิเชียรบุรี,วิสาหกิจชุมชนวัวขุนตำบลพุเตย อำเภอวิเชียรบุรี จังหวัดเพชรบูรณ์,เลขที่ 97 หมู่ 8 ตำบลพุเตย อำเภอวิเชียรบุรี เพชรบูรณ์ 67180,สำนักงานเกษตรจังหวัดเพชรบูรณ์,พุเตย
2933,2567,วิเชียรบุรี,วิสาหกิจชุมชนกลุ่มทอผ้าพุเตย,เลขที่ 181 หมู่ 1 ตำบลพุเตย อำเภอวิเชียรบุรี เพชรบูรณ์ 67180,สำนักงานเกษตรจังหวัดเพชรบูรณ์,พุเตย
2934,2567,วิเชียรบุรี,วิสาหกิจชุมชนกลุ่มเกษตรผสมผสาน หมู่ 5 บ้านพุขาม,เลขที่ 155 หมู่ 5 ตำบลพุขาม อำเภอวิเชียรบุรี เพชรบูรณ์ 67180,สำนักงานเกษตรจังหวัดเพชรบูรณ์,พุขาม
2935,2567,วิเชียรบุรี,วิสาหกิจชุมชนกลุ่มแม่บ้านหนองสมบูรณ์ หมู่ 6 ตำบลพุขาม,เลขที่ 109 หมู่ 6 ตำบลพุขาม อำเภอวิเชียรบุรี เพชรบูรณ์ 67180,สำนักงานเกษตรจังหวัดเพชรบูรณ์,พุขาม
2936,2567,วิเชียรบุรี,วิสาหกิจชุมชนกลุ่มภูน้ำหยดพัฒนาเพื่อการเกษตร,เลขที่ 78/1 หมู่ 6 ตำบลภูน้ำหยด อำเภอวิเชียรบุรี เพชรบูรณ์ 67180,สำนักงานเกษตรจังหวัดเพชรบูรณ์,ภูน้ำหยด
2937,2567,วิเชียรบุรี,วิสาหกิจชุมชนกลุ่มส่งเสริมการเลี้ยงโคเนื้อชุมชนบ้านพระที่นั่ง หมู่ 7,เลขที่ 103 หมู่ 7 ตำบลภูน้ำหยด อำเภอวิเชียรบุรี เพชรบูรณ์ 67180,สำนักงานเกษตรจังหวัดเพชรบูรณ์,ภูน้ำหยด
2938,2567,วิเชียรบุรี,วิสาหกิจชุมชนกลุ่มโคเนื้อตำบลภูน้ำหยด,เลขที่ 3/4 หมู่ 6 ตำบลภูน้ำหยด อำเภอวิเชียรบุรี เพชรบูรณ์ 67180,สำนักงานเกษตรจังหวัดเพชรบูรณ์,ภูน้ำหยด
2939,2567,วิเชียรบุรี,วิสาหกิจชุมชนพัฒนาผลิตผลทางการเกษตรบ้านกระทุ่มทอง ตำบลซับสมบูรณ์,เลขที่ 25/1 หมู่ 5 ตำบลซับสมบูรณ์ อำเภอวิเชียรบุรี เพชรบูรณ์ 67180,สำนักงานเกษตรจังหวัดเพชรบูรณ์,ซับสมบูรณ์
2940,2567,วิเชียรบุรี,วิสาหกิจชุมชนผักผลไม้ปลอดภัยอำเภอวิเชียรบุรี,เลขที่ 51 หมู่ 10 ตำบลซับสมบูรณ์ อำเภอวิเชียรบุรี เพชรบูรณ์ 67180,สำนักงานเกษตรจังหวัดเพชรบูรณ์,ซับสมบูรณ์
2941,2567,วิเชียรบุรี,วิสาหกิจชุมชนกลุ่มผลิตการเกษตรบ้านไทรทอง,เลขที่ 83 หมู่ 5 ตำบลวังใหญ่ อำเภอวิเชียรบุรี เพชรบูรณ์ 67180,สำนักงานเกษตรจังหวัดเพชรบูรณ์,วังใหญ่
2942,2567,วิเชียรบุรี,วิสาหกิจชุมชนกลุ่มผู้เลี้ยงวัวเพื่อการค้าตำบลวังใหญ่,เลขที่ 153 หมู่ 4 ตำบลวังใหญ่ อำเภอวิเชียรบุรี เพชรบูรณ์ 67180,สำนักงานเกษตรจังหวัดเพชรบูรณ์,วังใหญ่
2943,2567,วิเชียรบุรี,วิสาหกิจชุมชนกลุ่มเลี้ยงสัตว์บ้านเขาสูง ม.4 ต.ยางสาว,เลขที่ 136 หมู่ 4 ตำบลยางสาว อำเภอวิเชียรบุรี เพชรบูรณ์ 67130,สำนักงานเกษตรจังหวัดเพชรบูรณ์,ยางสาว
2944,2567,วิเชียรบุรี,วิสาหกิจชุมชนกลุ่มเกษตรกรผู้เลี้ยงโคแม่พันธุ์ หมู่ 9 ต.ยางสาว,เลขที่ 28 หมู่ 9 ตำบลยางสาว อำเภอวิเชียรบุรี เพชรบูรณ์ 67130,สำนักงานเกษตรจังหวัดเพชรบูรณ์,ยางสาว
2945,2567,ศรีเทพ,วิสาหกิจชุมชนศิลปะเครื่องนอนเมืองศรีเทพ,เลขที่ 52 หมู่ 1 ตำบลศรีเทพ อำเภอศรีเทพ เพชรบูรณ์ 67170,สำนักงานเกษตรจังหวัดเพชรบูรณ์,ศรีเทพ
2946,2567,ศรีเทพ,วิสาหกิจชุมชนศิลปงานไม้ประดิษฐ์,เลขที่ 46/2 หมู่ 2 ตำบลศรีเทพ อำเภอศรีเทพ เพชรบูรณ์ 67170,สำนักงานเกษตรจังหวัดเพชรบูรณ์,ศรีเทพ
2947,2567,ศรีเทพ,วิสาหกิจชุมชนกลุ่มผลิตและแปรรูป อ้อยคั้นน้ำ ศรีเทพ,เลขที่ 339 หมู่ 2 ตำบลศรีเทพ อำเภอศรีเทพ เพชรบูรณ์ 67010,สำนักงานเกษตรจังหวัดเพชรบูรณ์,ศรีเทพ
2948,2567,ศรีเทพ,วิสาหกิจชุมชนแปลงใหญ่ข้าวกลุ่มเกษตรกรทำนานาสนุ่น,เลขที่ 99/9 หมู่ 7 ตำบลนาสนุ่น อำเภอศรีเทพ เพชรบูรณ์ 67170,สำนักงานเกษตรจังหวัดเพชรบูรณ์,นาสนุ่น
2949,2567,ศรีเทพ,วิสาหกิจชุมชนศรีเทพรวมใจรักษ์,เลขที่ 23/2 หมู่ 3 ตำบลศรีเทพ อำเภอศรีเทพ เพชรบูรณ์ 67170,สำนักงานเกษตรจังหวัดเพชรบูรณ์,ศรีเทพ
2950,2567,ศรีเทพ,วิสาหกิจชุมชนศรีเทพเฮอริเทจ,เลขที่ 262 หมู่ 2 ตำบลศรีเทพ อำเภอศรีเทพ เพชรบูรณ์ 67170,สำนักงานเกษตรจังหวัดเพชรบูรณ์,ศรีเทพ
2951,2567,ศรีเทพ,วิสาหกิจชุมชนกลุ่มเครื่องนอนสว่างวัฒนา,เลขที่ 205 หมู่ 2 ตำบลสระกรวด อำเภอศรีเทพ เพชรบูรณ์ 67170,สำนักงานเกษตรจังหวัดเพชรบูรณ์,สระกรวด
2952,2567,ศรีเทพ,วิสาหกิจชุมชนกลุ่มสิบเอ็ดอุตสาหกรรมเครื่องนอนชุมชน,เลขที่ 205/4 หมู่ 2 ถนนสระบุรี-หล่มสัก ตำบลสระกรวด อำเภอศรีเทพ เพชรบูรณ์ 67170,สำนักงานเกษตรจังหวัดเพชรบูรณ์,สระกรวด
2953,2567,ศรีเทพ,วิสาหกิจชุมชนกลุ่มออมทรัพย์เพื่อการผลิตหมู่15,เลขที่ 297 หมู่ 15 ตำบลสระกรวด อำเภอศรีเทพ เพชรบูรณ์ 67170,สำนักงานเกษตรจังหวัดเพชรบูรณ์,สระกรวด
2954,2567,ศรีเทพ,วิสาหกิจชุมชนกลุ่มส่งเสริมอาชีพแม่บ้าน หมู่ 15,เลขที่ 406/6 หมู่ 15 ตำบลสระกรวด อำเภอศรีเทพ เพชรบูรณ์ 67170,สำนักงานเกษตรจังหวัดเพชรบูรณ์,สระกรวด
2955,2567,ศรีเทพ,วิสาหกิจชุมชนท่องเที่ยวเชิงเกษตรวิถีชาวฟาร์ม,เลขที่ 84 หมู่ 11 ตำบลสระกรวด อำเภอศรีเทพ เพชรบูรณ์ 67170,สำนักงานเกษตรจังหวัดเพชรบูรณ์,สระกรวด
2956,2567,ศรีเทพ,วิสาหกิจชุมชนพืชมรดกสมุนไพรบ้านโนน,เลขที่ 94 หมู่ 1 ตำบลสระกรวด อำเภอศรีเทพ เพชรบูรณ์ 67170,สำนักงานเกษตรจังหวัดเพชรบูรณ์,สระกรวด
2957,2567,ศรีเทพ,วิสาหกิจชุมชนศูนย์พันธุ์ข้าวชุมชนร่องหอย,เลขที่ 24 หมู่ 11 ตำบลสระกรวด อำเภอศรีเทพ เพชรบูรณ์ 67170,สำนักงานเกษตรจังหวัดเพชรบูรณ์,สระกรวด
2958,2567,ศรีเทพ,วิสาหกิจชุมชนกลุ่มจักสานงานฝีมือตำบลสระกรวด,เลขที่ 200 หมู่ 12 ตำบลสระกรวด อำเภอศรีเทพ เพชรบูรณ์ 67170,สำนักงานเกษตรจังหวัดเพชรบูรณ์,สระกรวด
2959,2567,ศรีเทพ,วิสาหกิจชุมชนผลิตภัณฑ์แปรรูปจากอ้อยบ้านโนน,เลขที่ 38 ม.1 ตำบลสระกรวด อำเภอศรีเทพ เพชรบูรณ์ 67170,สำนักงานเกษตรจังหวัดเพชรบูรณ์,สระกรวด
2960,2567,ศรีเทพ,วิสาหกิจชุมชนศรีเทพมรดกโลกตะกร้าหวายโคกสะอาด,เลขที่ ศาลาประชาคม หมู่ 1 ตำบลสระกรวด อำเภอศรีเทพ เพชรบูรณ์ 67170,สำนักงานเกษตรจังหวัดเพชรบูรณ์,สระกรวด
2961,2567,ศรีเทพ,วิสาหกิจชุมชนทอผ้าบ้านวังขอนพัฒนา,เลขที่ 58 หมู่ 17 ตำบลคลองกระจัง อำเภอศรีเทพ เพชรบูรณ์ 67170,สำนักงานเกษตรจังหวัดเพชรบูรณ์,คลองกระจัง
2962,2567,ศรีเทพ,วิสาหกิจชุมชนกลุ่มโคขุน ท.253,เลขที่ 245 หมู่ 10 ตำบลคลองกระจัง อำเภอศรีเทพ เพชรบูรณ์ 67170,สำนักงานเกษตรจังหวัดเพชรบูรณ์,คลองกระจัง
2963,2567,ศรีเทพ,วิสาหกิจชุมชนกลุ่มเลี้ยงแพะแกะบ้านคลองดู่,เลขที่ 43 หมู่ 11 ตำบลคลองกระจัง อำเภอศรีเทพ เพชรบูรณ์ 67170,สำนักงานเกษตรจังหวัดเพชรบูรณ์,คลองกระจัง
2964,2567,ศรีเทพ,วิสาหกิจชุมชนแปรรูปปลาบ้านวังขอน ต.คลองกระจัง อ.ศรีเทพ,เลขที่ 12 หมู่ 18 ตำบลคลองกระจัง อำเภอศรีเทพ เพชรบูรณ์ 67170,สำนักงานเกษตรจังหวัดเพชรบูรณ์,คลองกระจัง
2965,2567,ศรีเทพ,วิสาหกิจชุมชนเกษตรและเลี้ยงสัตว์,เลขที่ 41 หมู่ 20 ตำบลนาสนุ่น อำเภอศรีเทพ เพชรบูรณ์ 67170,สำนักงานเกษตรจังหวัดเพชรบูรณ์,นาสนุ่น
2966,2567,ศรีเทพ,วิสาหกิจชุมชนธูปหอมมงคลเศรษฐี,เลขที่ 222 หมู่ 18 ถนนสระบุรี-หล่มสัก ตำบลนาสนุ่น อำเภอศรีเทพ เพชรบูรณ์ 67170,สำนักงานเกษตรจังหวัดเพชรบูรณ์,นาสนุ่น
2967,2567,ศรีเทพ,วิสาหกิจชุมชนผู้เลี้ยงแพะ-แกะตำบลนาสนุ่น,เลขที่ 138 หมู่ 12 ตำบลนาสนุ่น อำเภอศรีเทพ เพชรบูรณ์ 67170,สำนักงานเกษตรจังหวัดเพชรบูรณ์,นาสนุ่น
2968,2567,ศรีเทพ,วิสาหกิจชุมชนผู้ปลูกข้าว ม.5 ต.นาสนุ่น อ.ศรีเทพ,เลขที่ 210 หมู่ 5 ตำบลนาสนุ่น อำเภอศรีเทพ เพชรบูรณ์ 67170,สำนักงานเกษตรจังหวัดเพชรบูรณ์,นาสนุ่น
2969,2567,ศรีเทพ,วิสาหกิจชุมชนผู้เลี้ยงโคขุนบ้านนาสนุ่น,เลขที่ 36 หมู่ 3 ตำบลนาสนุ่น อำเภอศรีเทพ เพชรบูรณ์ 67170,สำนักงานเกษตรจังหวัดเพชรบูรณ์,นาสนุ่น
2970,2567,ศรีเทพ,วิสาหกิจชุมชนกลุ่มเลี้ยงไส้เดือนบ้านเนินละคร,เลขที่ 21/1 หมู่ 12 ตำบลนาสนุ่น อำเภอศรีเทพ เพชรบูรณ์ 67170,สำนักงานเกษตรจังหวัดเพชรบูรณ์,นาสนุ่น
2971,2567,ศรีเทพ,วิสาหกิจชุมชนหัตถกรรมตำบลนาสนุ่น,เลขที่ 94 หมู่ที่ 1 ตำบลนาสนุ่น อำเภอศรีเทพ เพชรบูรณ์ 67170,สำนักงานเกษตรจังหวัดเพชรบูรณ์,นาสนุ่น
2972,2567,ศรีเทพ,วิสาหกิจชุมชนแปรรูปอาหารปลอดสารพิษ,เลขที่ 7 หมู่ 5 ถนนสระบุรี-หล่มสัก ตำบลโคกสะอาด อำเภอศรีเทพ เพชรบูรณ์ 67170,สำนักงานเกษตรจังหวัดเพชรบูรณ์,โคกสะอาด
2973,2567,ศรีเทพ,วิสาหกิจชุมชนบ้านถ่านโคกสะอาด21,เลขที่ 88 หมู่ 6 ตำบลโคกสะอาด อำเภอศรีเทพ เพชรบูรณ์ 67170,สำนักงานเกษตรจังหวัดเพชรบูรณ์,โคกสะอาด
2974,2567,ศรีเทพ,วิสาหกิจชุมชนพิทักษ์สมุนไพร,เลขที่ 105 หมู่ 3 ตำบลโคกสะอาด อำเภอศรีเทพ เพชรบูรณ์ 67170,สำนักงานเกษตรจังหวัดเพชรบูรณ์,โคกสะอาด
2975,2567,ศรีเทพ,วิสาหกิจชุมชนกลุ่มผู้เลี้ยงแพะและแกะตำบลหนองย่างทอย,เลขที่ 147 หมู่ 3 ตำบลหนองย่างทอย อำเภอศรีเทพ เพชรบูรณ์ 67170,สำนักงานเกษตรจังหวัดเพชรบูรณ์,หนองย่างทอย
2976,2567,ศรีเทพ,วิสาหกิจชุมชนกลุ่มเลี้ยงแพะบ้านด่านเจริญชัย,เลขที่ 119 หมู่ 9 ตำบลหนองย่างทอย อำเภอศรีเทพ เพชรบูรณ์ 67170,สำนักงานเกษตรจังหวัดเพชรบูรณ์,หนองย่างทอย
2977,2567,ศรีเทพ,วิสาหกิจชุมชนกลุ่มเกษตรวิถีใหม่ผสมผสาน ต.หนองย่างทอย,เลขที่ 46 หมู่ 12 ตำบลหนองย่างทอย อำเภอศรีเทพ เพชรบูรณ์ 67170,สำนักงานเกษตรจังหวัดเพชรบูรณ์,หนองย่างทอย
2978,2567,ศรีเทพ,วิสาหกิจชุมชนศรีเทพออร์แกนิค,เลขที่ 14/1 หมู่ 5 ตำบลประดู่งาม อำเภอศรีเทพ เพชรบูรณ์ 67170,สำนักงานเกษตรจังหวัดเพชรบูรณ์,ประดู่งาม
2979,2567,ศรีเทพ,วิสาหกิจชุมชนธงทอง เศรษฐกิจพอเพียงด้านพลังงานทดแทน,เลขที่ 12/1 หมู่ 5 ตำบลประดู่งาม อำเภอศรีเทพ เพชรบูรณ์ 67170,สำนักงานเกษตรจังหวัดเพชรบูรณ์,ประดู่งาม
2980,2567,ศรีเทพ,วิสาหกิจชุมชนอัญมณีศรีเทพ,เลขที่ 52 หมู่ 3 ตำบลประดู่งาม อำเภอศรีเทพ เพชรบูรณ์ 67170,สำนักงานเกษตรจังหวัดเพชรบูรณ์,ประดู่งาม
2981,2567,ศรีเทพ,วิสาหกิจชุมชนไร่มีสุข,เลขที่ 124 หมู่ 7 ตำบลประดู่งาม อำเภอศรีเทพ เพชรบูรณ์ 67170,สำนักงานเกษตรจังหวัดเพชรบูรณ์,ประดู่งาม
2982,2567,ศรีเทพ,วิสาหกิจชุมชนราชินีหวาน บ้านรักไทย,เลขที่ 17/1 หมู่ 12 ตำบลศรีเทพ อำเภอศรีเทพ เพชรบูรณ์ 67170,สำนักงานเกษตรจังหวัดเพชรบูรณ์,ศรีเทพ
2983,2567,ศรีเทพ,วิสาหกิจชุมชนผลิตและแปรรูปปลาดุก ม.6 บ้านบึงนาจาน,เลขที่ 333 หมู่ 6 ตำบลศรีเทพ อำเภอศรีเทพ เพชรบูรณ์ 67170,สำนักงานเกษตรจังหวัดเพชรบูรณ์,ศรีเทพ
2984,2567,ศรีเทพ,วิสาหกิจชุมชนกลุ่มโคเนื้อบ้านเนินหินอ่อน,เลขที่ 40 หมู่ 16 ตำบลสระกรวด อำเภอศรีเทพ เพชรบูรณ์ 67170,สำนักงานเกษตรจังหวัดเพชรบูรณ์,สระกรวด
2985,2567,ศรีเทพ,วิสาหกิจชุมชนกลุ่มปลูกหม่อนเลี้ยงใหม,เลขที่ 6 หมู่ 13 ตำบลคลองกระจัง อำเภอศรีเทพ เพชรบูรณ์ 67170,สำนักงานเกษตรจังหวัดเพชรบูรณ์,คลองกระจัง
2986,2567,ศรีเทพ,วิสาหกิจชุมชนเลี้ยงโคเนื้อบ้านนาสวรรค์ ม.12,เลขที่ 78 หมู่ 12 ตำบลคลองกระจัง อำเภอศรีเทพ เพชรบูรณ์ 67170,สำนักงานเกษตรจังหวัดเพชรบูรณ์,คลองกระจัง
2987,2567,ศรีเทพ,วิสาหกิจชุมชนหม่อนไหมพัฒนา,เลขที่ 6 หมู่ 13 ถนนสระบุรี-หล่มสัก ตำบลคลองกระจัง อำเภอศรีเทพ เพชรบูรณ์ 67170,สำนักงานเกษตรจังหวัดเพชรบูรณ์,คลองกระจัง
2988,2567,ศรีเทพ,วิสาหกิจชุมชนกลุ่มพัฒนาอาชีพสตรีกล้วยน้ำว้านาสนุ่น หมู่1,เลขที่ 95 หมู่ 1 ตำบลนาสนุ่น อำเภอศรีเทพ เพชรบูรณ์ 67170,สำนักงานเกษตรจังหวัดเพชรบูรณ์,นาสนุ่น
2989,2567,ศรีเทพ,วิสาหกิจชุมชนกลุ่มทอผ้าบ้านเนินละคร หมู่12,เลขที่ 9 หมู่ 12 ตำบลนาสนุ่น อำเภอศรีเทพ เพชรบูรณ์ 67170,สำนักงานเกษตรจังหวัดเพชรบูรณ์,นาสนุ่น
2990,2567,ศรีเทพ,วิสาหกิจชุมชนกลุ่มเลี้ยงแพะแกะเนินละคร,เลขที่ 121 หมู่ 12 ตำบลนาสนุ่น อำเภอศรีเทพ เพชรบูรณ์ 67170,สำนักงานเกษตรจังหวัดเพชรบูรณ์,นาสนุ่น
2991,2567,ศรีเทพ,วิสาหกิจชุมชนกลุ่มปลาตะเพียนขาว,เลขที่ 41 หมู่ 20 ตำบลนาสนุ่น อำเภอศรีเทพ เพชรบูรณ์ 67170,สำนักงานเกษตรจังหวัดเพชรบูรณ์,นาสนุ่น
2992,2567,ศรีเทพ,วิสาหกิจชุมชนเลี้ยงแพะสะอาดดูงาม,เลขที่ 30 หมู่ 10 ตำบลโคกสะอาด อำเภอศรีเทพ เพชรบูรณ์ 67170,สำนักงานเกษตรจังหวัดเพชรบูรณ์,โคกสะอาด
2993,2567,ศรีเทพ,วิสาหกิจชุมชนปลูกพืชผักปลอดภัย (ซับเพิก),เลขที่ 16 หมู่ 6 ตำบลหนองย่างทอย อำเภอศรีเทพ เพชรบูรณ์ 67170,สำนักงานเกษตรจังหวัดเพชรบูรณ์,หนองย่างทอย
2994,2567,ศรีเทพ,วิสาหกิจชุมชนกลุ่มกล้วยแปรรูปประดู่งาม,เลขที่ 12 หมู่ 5 ตำบลประดู่งาม อำเภอศรีเทพ เพชรบูรณ์ 67170,สำนักงานเกษตรจังหวัดเพชรบูรณ์,ประดู่งาม
2995,2568,เมืองเพชรบูรณ์,วิสาหกิจชุมชนสุกรบ้านสวน,เลขที่ 380/5 ตำบลในเมือง อำเภอเมืองเพชรบูรณ์ เพชรบูรณ์ 67000,สำนักงานเกษตรจังหวัดเพชรบูรณ์,ในเมือง
2996,2568,เมืองเพชรบูรณ์,วิสาหกิจชุมชนการเลี้ยงหมูขุนวิถีธรรมชาติเพื่อความยั่งยืน,เลขที่ 58/11 ตำบลในเมือง อำเภอเมืองเพชรบูรณ์ เพชรบูรณ์ 67000,สำนักงานเกษตรจังหวัดเพชรบูรณ์,ในเมือง
2997,2568,เมืองเพชรบูรณ์,วิสาหกิจชุมชนกลุ่มสมุนไพรพื้นบ้านภูมิปัญญาหมอแต่ง,เลขที่ 32 ถนนประชาพัฒนา ตำบลในเมือง อำเภอเมืองเพชรบูรณ์ เพชรบูรณ์ 67000,สำนักงานเกษตรจังหวัดเพชรบูรณ์,ในเมือง
2998,2568,เมืองเพชรบูรณ์,วิสาหกิจชุมชนฟาร์มฮักตัวบ้านในเมืองเพชรบูรณ์,เลขที่ 4  ตำบลในเมือง อำเภอเมืองเพชรบูรณ์ เพชรบูรณ์ 67000,สำนักงานเกษตรจังหวัดเพชรบูรณ์,ในเมือง
2999,2568,เมืองเพชรบูรณ์,วิสาหกิจชุมชนเพชรในหุบเขา,เลขที่ 158  ถนนเพชรรัตน์ ตำบลในเมือง อำเภอเมืองเพชรบูรณ์ เพชรบูรณ์ 67000,สำนักงานเกษตรจังหวัดเพชรบูรณ์,ในเมือง
3000,2568,เมืองเพชรบูรณ์,วิสาหกิจชุมชนกลุ่มเลี้ยงโคบ้านห้วยไคร้สามัคคี,เลขที่ 152 หมู่ 5 ตำบลตะเบาะ อำเภอเมืองเพชรบูรณ์ เพชรบูรณ์ 67000,สำนักงานเกษตรจังหวัดเพชรบูรณ์,ตะเบาะ
3001,2568,เมืองเพชรบูรณ์,วิสาหกิจชุมชนกลุ่มเลี้ยงโคเนื้อมิตรใหม่พัฒนา,เลขที่ 154 หมู่ 9 ตำบลตะเบาะ อำเภอเมืองเพชรบูรณ์ เพชรบูรณ์ 67000,สำนักงานเกษตรจังหวัดเพชรบูรณ์,ตะเบาะ
3002,2568,เมืองเพชรบูรณ์,วิสาหกิจชุมชนกลุ่มส่งเสริมอาชีพแปรรูปมะขามหวานบ้านโนนเสาธง,เลขที่ 202 หมู่ 6 ตำบลตะเบาะ อำเภอเมืองเพชรบูรณ์ เพชรบูรณ์ 67000,สำนักงานเกษตรจังหวัดเพชรบูรณ์,ตะเบาะ
3003,2568,เมืองเพชรบูรณ์,วิสาหกิจชุมชนกลุ่มปุ๋ยเพื่อนเกษตร ม.6 ต.ตะเบาะ,เลขที่ 49/1 หมู่ 6 ตำบลตะเบาะ อำเภอเมืองเพชรบูรณ์ เพชรบูรณ์ 67000,สำนักงานเกษตรจังหวัดเพชรบูรณ์,ตะเบาะ
3004,2568,เมืองเพชรบูรณ์,วิสาหกิจชุมชนส่งเสริมอาชีพเกษตรบ้านป่าบง 2560,เลขที่ 224 หมู่ 7 ตำบลตะเบาะ อำเภอเมืองเพชรบูรณ์ เพชรบูรณ์ 67000,สำนักงานเกษตรจังหวัดเพชรบูรณ์,ตะเบาะ
3005,2568,เมืองเพชรบูรณ์,วิสาหกิจชุมชนกลุ่มคนเลี้ยงแพะบ้านตะเบาะน้อย,เลขที่ 184 หมู่ 3 ตำบลตะเบาะ อำเภอเมืองเพชรบูรณ์ เพชรบูรณ์ 67000,สำนักงานเกษตรจังหวัดเพชรบูรณ์,ตะเบาะ
3006,2568,เมืองเพชรบูรณ์,วิสาหกิจชุมชนกลุ่มผู้เลี้ยงโคบ้านห้วยไคร้ หมู่ 5 ตะเบาะ,เลขที่ 106 หมู่ 5 ตำบลตะเบาะ อำเภอเมืองเพชรบูรณ์ เพชรบูรณ์ 67000,สำนักงานเกษตรจังหวัดเพชรบูรณ์,ตะเบาะ
3007,2568,เมืองเพชรบูรณ์,วิสาหกิจชุมชนเกษตรปลอดภัยตำบลตะเบาะ,เลขที่ 134/2 หมู่ 10 ตำบลตะเบาะ อำเภอเมืองเพชรบูรณ์ เพชรบูรณ์ 67000,สำนักงานเกษตรจังหวัดเพชรบูรณ์,ตะเบาะ
3008,2568,เมืองเพชรบูรณ์,วิสาหกิจชุมชนฅนตะเบาะ,เลขที่ 235 หมู่ 3 ตำบลตะเบาะ อำเภอเมืองเพชรบูรณ์ เพชรบูรณ์ 67000,สำนักงานเกษตรจังหวัดเพชรบูรณ์,ตะเบาะ
3009,2568,เมืองเพชรบูรณ์,วิสาหกิจชุมชนกลุ่มปลูกผักบ้านทุ่งแค,เลขที่ 149/1 หมู่ 6 ตำบลบ้านโตก อำเภอเมืองเพชรบูรณ์ เพชรบูรณ์ 67000,สำนักงานเกษตรจังหวัดเพชรบูรณ์,บ้านโตก
3010,2568,เมืองเพชรบูรณ์,วิสาหกิจชุมชนผู้ปลูกหอมแดงบ้านทุ่งแค,เลขที่ 29/4 หมู่ 6 ตำบลบ้านโตก อำเภอเมืองเพชรบูรณ์ เพชรบูรณ์ 67000,สำนักงานเกษตรจังหวัดเพชรบูรณ์,บ้านโตก
3011,2568,เมืองเพชรบูรณ์,วิสาหกิจชุมชนกลุ่มออมทรัพย์เพื่อการเกษตร ม.9 ต.บ้านโตก,เลขที่ 92/1 หมู่ 9 ตำบลบ้านโตก อำเภอเมืองเพชรบูรณ์ เพชรบูรณ์ 67000,สำนักงานเกษตรจังหวัดเพชรบูรณ์,บ้านโตก
3012,2568,เมืองเพชรบูรณ์,วิสาหกิจชุมชนกลุ่มเกษตรอินทรีย์วิถีพอเพียง 459 แปรรูปผลผลิตอีโดกวังจาน,เลขที่ 75 หมู่ 9 ตำบลบ้านโตก อำเภอเมืองเพชรบูรณ์ เพชรบูรณ์ 67000,สำนักงานเกษตรจังหวัดเพชรบูรณ์,บ้านโตก
3013,2568,เมืองเพชรบูรณ์,วิสาหกิจชุมชนแปลงใหญ่ข้าวบ้านวังจาน,เลขที่ 78/2 หมู่ 9 ตำบลบ้านโตก อำเภอเมืองเพชรบูรณ์ เพชรบูรณ์ 67000,สำนักงานเกษตรจังหวัดเพชรบูรณ์,บ้านโตก
3014,2568,เมืองเพชรบูรณ์,วิสาหกิจชุมชนกลุ่มเกษตรพอเพียงบ้านไทรงาม,เลขที่ 51/1 หมู่ 9 ตำบลสะเดียง อำเภอเมืองเพชรบูรณ์ เพชรบูรณ์ 67000,สำนักงานเกษตรจังหวัดเพชรบูรณ์,สะเดียง
3015,2568,เมืองเพชรบูรณ์,วิสาหกิจชุมชนกลุ่มส่งเสริมอาชีพเพาะเห็ดบ้านปากปู่,เลขที่ 33 หมู่ 10 ตำบลสะเดียง อำเภอเมืองเพชรบูรณ์ เพชรบูรณ์ 67000,สำนักงานเกษตรจังหวัดเพชรบูรณ์,สะเดียง
3016,2568,เมืองเพชรบูรณ์,วิสาหกิจชุมชนอินโนเวทีฟ สวิส อะกริคัลเจอร์ เพชรบูรณ์,เลขที่ 9/2 หมู่ 5 ตำบลสะเดียง อำเภอเมืองเพชรบูรณ์ เพชรบูรณ์ 67000,สำนักงานเกษตรจังหวัดเพชรบูรณ์,สะเดียง
3017,2568,เมืองเพชรบูรณ์,วิสาหกิจชุมชนปลูกพืชเศรษฐกิจแปรรูปสมุนไพรแพทย์แผนไทย,เลขที่ 82 หมู่ 11 ตำบลสะเดียง อำเภอเมืองเพชรบูรณ์ เพชรบูรณ์ 67000,สำนักงานเกษตรจังหวัดเพชรบูรณ์,สะเดียง
3018,2568,เมืองเพชรบูรณ์,วิสาหกิจชุมชนเพ็ด-ซะ บูน คนงานคราฟต์,เลขที่ 81/3 หมู่ 7 ตำบลสะเดียง อำเภอเมืองเพชรบูรณ์ เพชรบูรณ์ 67000,สำนักงานเกษตรจังหวัดเพชรบูรณ์,สะเดียง
3019,2568,เมืองเพชรบูรณ์,วิสาหกิจชุมชนแปรรูปผลผลิตการเกษตรตำบลป่าเลาเมืองเพชรบูรณ์,เลขที่ 23/7 หมู่ 2 ตำบลป่าเลา อำเภอเมืองเพชรบูรณ์ เพชรบูรณ์ 67000,สำนักงานเกษตรจังหวัดเพชรบูรณ์,ป่าเลา
3020,2568,เมืองเพชรบูรณ์,วิสาหกิจชุมชนข้าวหอมมะลิแปลงใหญ่ปลอดสารพิษ,เลขที่ 51/1 หมู่ 10 ตำบลป่าเลา อำเภอเมืองเพชรบูรณ์ เพชรบูรณ์ 67000,สำนักงานเกษตรจังหวัดเพชรบูรณ์,ป่าเลา
3021,2568,เมืองเพชรบูรณ์,วิสาหกิจชุมชนกลุ่มปลูกข้าวโพดป่าแดงเหนือ,เลขที่ 239 หมู่ 11 ตำบลป่าเลา อำเภอเมืองเพชรบูรณ์ เพชรบูรณ์ 67000,สำนักงานเกษตรจังหวัดเพชรบูรณ์,ป่าเลา
3022,2568,เมืองเพชรบูรณ์,วิสาหกิจชุมชนกลุ่มผู้เลี้ยงแพะ-แกะ อำเภอเมือง,เลขที่ 25 หมู่ 6 ตำบลป่าเลา อำเภอเมืองเพชรบูรณ์ เพชรบูรณ์ 67000,สำนักงานเกษตรจังหวัดเพชรบูรณ์,ป่าเลา
3023,2568,เมืองเพชรบูรณ์,วิสาหกิจชุมชนกลุ่มมะขามหวานร่วมใจพัฒนาบ้านพลำ,เลขที่ 102 หมู่ 13 ตำบลป่าเลา อำเภอเมืองเพชรบูรณ์ เพชรบูรณ์ 67000,สำนักงานเกษตรจังหวัดเพชรบูรณ์,ป่าเลา
3024,2568,เมืองเพชรบูรณ์,วิสาหกิจชุมชนเกษตรอินทรีย์บ้านพลำตำบลป่าเลา,เลขที่ 225 หมู่ 9 ตำบลป่าเลา อำเภอเมืองเพชรบูรณ์ เพชรบูรณ์ 67000,สำนักงานเกษตรจังหวัดเพชรบูรณ์,ป่าเลา
3025,2568,เมืองเพชรบูรณ์,วิสาหกิจชุมชนสมุนไพรบ้านป่าเลา,เลขที่ 135 หมู่ 1 ตำบลป่าเลา อำเภอเมืองเพชรบูรณ์ เพชรบูรณ์ 67000,สำนักงานเกษตรจังหวัดเพชรบูรณ์,ป่าเลา
3026,2568,เมืองเพชรบูรณ์,วิสาหกิจชุมชนกลุ่มป้ายไม้มงคล,เลขที่ 34 หมู่ 3 ตำบลนางั่ว อำเภอเมืองเพชรบูรณ์ เพชรบูรณ์ 67000,สำนักงานเกษตรจังหวัดเพชรบูรณ์,นางั่ว
3027,2568,เมืองเพชรบูรณ์,วิสาหกิจชุมชนแปรรูปผลผลิตทางการเกษตรบ้านนางั่วเหนือ,เลขที่ 75/1 หมู่ 11 ตำบลนางั่ว อำเภอเมืองเพชรบูรณ์ เพชรบูรณ์ 67000,สำนักงานเกษตรจังหวัดเพชรบูรณ์,นางั่ว
3028,2568,เมืองเพชรบูรณ์,วิสาหกิจชุมชนเกษตรร่วมใจนางั่ว,เลขที่ 24 หมู่ 4 ตำบลนางั่ว อำเภอเมืองเพชรบูรณ์ เพชรบูรณ์ 67000,สำนักงานเกษตรจังหวัดเพชรบูรณ์,นางั่ว
3029,2568,เมืองเพชรบูรณ์,วิสาหกิจชุมชนเกษตรอินทรีย์นางั่ว,เลขที่ 5/4 หมู่ 6 ตำบลนางั่ว อำเภอเมืองเพชรบูรณ์ เพชรบูรณ์ 67000,สำนักงานเกษตรจังหวัดเพชรบูรณ์,นางั่ว
3030,2568,เมืองเพชรบูรณ์,วิสาหกิจชุมชนกลุ่มเกษตรอินทรีย์พระใหญ่,เลขที่ 14/1 หมู่ 10 ตำบลนางั่ว อำเภอเมืองเพชรบูรณ์ เพชรบูรณ์ 67000,สำนักงานเกษตรจังหวัดเพชรบูรณ์,นางั่ว
3031,2568,เมืองเพชรบูรณ์,วิสาหกิจชุมชนเกษตรผสมผสานและการแปรรูปสมุนไพรเชิงพาณิชย์,เลขที่ 282 หมู่ 7 ตำบลนางั่ว อำเภอเมืองเพชรบูรณ์ เพชรบูรณ์ 67000,สำนักงานเกษตรจังหวัดเพชรบูรณ์,นางั่ว
3032,2568,เมืองเพชรบูรณ์,วิสาหกิจชุมชนตลาดเกษตรกรมีสุขปากปู่,เลขที่ 62/1 หมู่ 8 ตำบลนางั่ว อำเภอเมืองเพชรบูรณ์ เพชรบูรณ์ 67000,สำนักงานเกษตรจังหวัดเพชรบูรณ์,นางั่ว
3033,2568,เมืองเพชรบูรณ์,วิสาหกิจชุมชนกลุ่มโกโก้นางั่ว,เลขที่ 38/1 หมู่ 9 ตำบลนางั่ว อำเภอเมืองเพชรบูรณ์ เพชรบูรณ์ 67000,สำนักงานเกษตรจังหวัดเพชรบูรณ์,นางั่ว
3034,2568,เมืองเพชรบูรณ์,วิสาหกิจชุมชนพัฒนาอาชีพผู้เกษียณอายุป่าเลา,เลขที่ 318 หมู่ 1 ตำบลนางั่ว อำเภอเมืองเพชรบูรณ์ เพชรบูรณ์ 67000,สำนักงานเกษตรจังหวัดเพชรบูรณ์,นางั่ว
3035,2568,เมืองเพชรบูรณ์,วิสาหกิจชุมชนสานสายใยใจไทยทุกภาคไม้ขุดล้อมและเกษตรกรรมผสาน ตำบลนางั่ว,เลขที่ 145/1 หมู่ 4 ตำบลนางั่ว อำเภอเมืองเพชรบูรณ์ เพชรบูรณ์ 67000,สำนักงานเกษตรจังหวัดเพชรบูรณ์,นางั่ว
3036,2568,เมืองเพชรบูรณ์,วิสาหกิจชุมชนเกษตรบ้านนางั่ว,เลขที่ 190 หมู่ 4 ตำบลนางั่ว อำเภอเมืองเพชรบูรณ์ เพชรบูรณ์ 67000,สำนักงานเกษตรจังหวัดเพชรบูรณ์,นางั่ว
3037,2568,เมืองเพชรบูรณ์,วิสาหกิจชุมชนสมุนไพรบ้านนางั่ว,เลขที่ 220 หมู่ 9 ตำบลนางั่ว อำเภอเมืองเพชรบูรณ์ เพชรบูรณ์ 67000,สำนักงานเกษตรจังหวัดเพชรบูรณ์,นางั่ว
3038,2568,เมืองเพชรบูรณ์,วิสาหกิจชุมชนกลุ่มเกษตรกรกสิกรรมธรรมชาติท่าพล,เลขที่ 19 หมู่ 13 ตำบลท่าพล อำเภอเมืองเพชรบูรณ์ เพชรบูรณ์ 67250,สำนักงานเกษตรจังหวัดเพชรบูรณ์,ท่าพล
3039,2568,เมืองเพชรบูรณ์,วิสาหกิจชุมชนนวัตกรรมผ้าเพชรบูรณ์,เลขที่ 127 หมู่ 18 ตำบลท่าพล อำเภอเมืองเพชรบูรณ์ เพชรบูรณ์ 67250,สำนักงานเกษตรจังหวัดเพชรบูรณ์,ท่าพล
3040,2568,เมืองเพชรบูรณ์,วิสาหกิจชุมชนกลุ่มผลิตภัณฑ์แปรรูปมะขาม,เลขที่ 127/1 หมู่ 8 ตำบลท่าพล อำเภอเมืองเพชรบูรณ์ เพชรบูรณ์ 67250,สำนักงานเกษตรจังหวัดเพชรบูรณ์,ท่าพล
3041,2568,เมืองเพชรบูรณ์,วิสาหกิจชุมชนวังซองร่วมใจรักษ์,เลขที่ 218 หมู่ 9 ตำบลท่าพล อำเภอเมืองเพชรบูรณ์ เพชรบูรณ์ 67250,สำนักงานเกษตรจังหวัดเพชรบูรณ์,ท่าพล
3042,2568,เมืองเพชรบูรณ์,วิสาหกิจชุมชนคนรักถิ่น,เลขที่ 145/1 หมู่ 1 ตำบลท่าพล อำเภอเมืองเพชรบูรณ์ เพชรบูรณ์ 67250,สำนักงานเกษตรจังหวัดเพชรบูรณ์,ท่าพล
3043,2568,เมืองเพชรบูรณ์,วิสาหกิจชุมชนกลุ่มผู้เลี้ยงและแปรรูปไข่น้ำ (ผำ) เพื่อสุขภาพบ้านโพธิ์งาม,เลขที่ 297 หมู่ 5 ตำบลท่าพล อำเภอเมืองเพชรบูรณ์ เพชรบูรณ์ 67250,สำนักงานเกษตรจังหวัดเพชรบูรณ์,ท่าพล
3044,2568,เมืองเพชรบูรณ์,วิสาหกิจชุมชนกลุ่มปลูกผัก หมู่ 6 บ้านท่ากกตาล,เลขที่ 116/3 หมู่ 6 ตำบลดงมูลเหล็ก อำเภอเมืองเพชรบูรณ์ เพชรบูรณ์ 67000,สำนักงานเกษตรจังหวัดเพชรบูรณ์,ดงมูลเหล็ก
3045,2568,เมืองเพชรบูรณ์,วิสาหกิจชุมชนกลุ่มปลูกหอมแดงบ้านท่ากกตาล,เลขที่ 116/3 หมู่ 6 ตำบลดงมูลเหล็ก อำเภอเมืองเพชรบูรณ์ เพชรบูรณ์ 67000,สำนักงานเกษตรจังหวัดเพชรบูรณ์,ดงมูลเหล็ก
3046,2568,เมืองเพชรบูรณ์,วิสาหกิจชุมชนว่านสมุนไพรคำกา,เลขที่ 25 หมู่ 9 ตำบลดงมูลเหล็ก อำเภอเมืองเพชรบูรณ์ เพชรบูรณ์ 67000,สำนักงานเกษตรจังหวัดเพชรบูรณ์,ดงมูลเหล็ก
3047,2568,เมืองเพชรบูรณ์,วิสาหกิจชุมชนส่งเสริมการเกษตรครบวงจรจังหวัดเพชรบูรณ์,เลขที่ 127/1 หมู่ที่ 6 ตำบลดงมูลเหล็ก อำเภอเมืองเพชรบูรณ์ เพชรบูรณ์ 67000,สำนักงานเกษตรจังหวัดเพชรบูรณ์,ดงมูลเหล็ก
3048,2568,เมืองเพชรบูรณ์,วิสาหกิจชุมชนกลุ่มแปรรูปผลิตภัณฑ์ทางการเกษตร หมู่ 3 ต. บ้านโคก,เลขที่ 86 หมู่ 3 ตำบลบ้านโคก อำเภอเมืองเพชรบูรณ์ เพชรบูรณ์ 67000,สำนักงานเกษตรจังหวัดเพชรบูรณ์,บ้านโคก
3049,2568,เมืองเพชรบูรณ์,วิสาหกิจชุมชนเกษตรบ้านหัวนา,เลขที่ 36/1 หมู่ 8 ตำบลบ้านโคก อำเภอเมืองเพชรบูรณ์ เพชรบูรณ์ 67000,สำนักงานเกษตรจังหวัดเพชรบูรณ์,บ้านโคก
3050,2568,เมืองเพชรบูรณ์,วิสาหกิจชุมชนเลี้ยงโคเนื้อบ้านโคก,เลขที่ 75 หมู่ 13 ตำบลบ้านโคก อำเภอเมืองเพชรบูรณ์ เพชรบูรณ์ 67000,สำนักงานเกษตรจังหวัดเพชรบูรณ์,บ้านโคก
3051,2568,เมืองเพชรบูรณ์,วิสาหกิจชุมชนสมุนไพรเพื่อสุขภาพบ้านเฮา,เลขที่ 146 หมู่ 17 ตำบลบ้านโคก อำเภอเมืองเพชรบูรณ์ เพชรบูรณ์ 67000,สำนักงานเกษตรจังหวัดเพชรบูรณ์,บ้านโคก
3052,2568,เมืองเพชรบูรณ์,วิสาหกิจชุมชนขยายกิ่งพันธุ์มะขามบ้านโป่งตาโป้,เลขที่ 44 หมู่ 15 ตำบลบ้านโคก อำเภอเมืองเพชรบูรณ์ เพชรบูรณ์ 67000,สำนักงานเกษตรจังหวัดเพชรบูรณ์,บ้านโคก
3053,2568,เมืองเพชรบูรณ์,วิสาหกิจชุมชนสร้างอาชีพบ้านโคก-ห้วยใหญ่,เลขที่ 273 หมู่ที่ 12 ตำบลบ้านโคก อำเภอเมืองเพชรบูรณ์ เพชรบูรณ์ 67000,สำนักงานเกษตรจังหวัดเพชรบูรณ์,บ้านโคก
3054,2568,เมืองเพชรบูรณ์,วิสาหกิจชุมชนฅนหัวเห็ด เพ็ด-ซะ-บูน,เลขที่ 92/1 หมู่ 11 ตำบลบ้านโคก อำเภอเมืองเพชรบูรณ์ เพชรบูรณ์ 67000,สำนักงานเกษตรจังหวัดเพชรบูรณ์,บ้านโคก
3055,2568,เมืองเพชรบูรณ์,วิสาหกิจชุมชนผลิตข้าวปลอดสารพิษตำบลชอนไพร,เลขที่ 209 หมู่ 3 ตำบลชอนไพร อำเภอเมืองเพชรบูรณ์ เพชรบูรณ์ 67000,สำนักงานเกษตรจังหวัดเพชรบูรณ์,ชอนไพร
3056,2568,เมืองเพชรบูรณ์,วิสาหกิจชุมชนแปลงใหญ่ปลาตะเพียนบ้านคลองสำโรง,เลขที่ 203 หมู่ 6 ตำบลชอนไพร อำเภอเมืองเพชรบูรณ์ เพชรบูรณ์ 67000,สำนักงานเกษตรจังหวัดเพชรบูรณ์,ชอนไพร
3057,2568,เมืองเพชรบูรณ์,วิสาหกิจชุมชนศูนย์ผลิตเมล็ดพันธุ์พืชตำบลนาป่า,เลขที่ 64 หมู่ 7 ตำบลนาป่า อำเภอเมืองเพชรบูรณ์ เพชรบูรณ์ 67000,สำนักงานเกษตรจังหวัดเพชรบูรณ์,นาป่า
3058,2568,เมืองเพชรบูรณ์,วิสาหกิจชุมชนธนาคารหมู่บ้านตามแนวพระราชดำริ หมู่ 15 ต.นาป่า,เลขที่ 9 หมู่ 15 ตำบลนาป่า อำเภอเมืองเพชรบูรณ์ เพชรบูรณ์ 67000,สำนักงานเกษตรจังหวัดเพชรบูรณ์,นาป่า
3059,2568,เมืองเพชรบูรณ์,วิสาหกิจชุมชนเกษตรแปรรูป หมู่ที่ 2 ต.นาป่า,เลขที่ 119 หมู่ 2 ตำบลนาป่า อำเภอเมืองเพชรบูรณ์ เพชรบูรณ์ 67000,สำนักงานเกษตรจังหวัดเพชรบูรณ์,นาป่า
3060,2568,เมืองเพชรบูรณ์,วิสาหกิจชุมชนกลุ่มคนรักแพะ,เลขที่ 164/2 หมู่ 4 ตำบลนาป่า อำเภอเมืองเพชรบูรณ์ เพชรบูรณ์ 67000,สำนักงานเกษตรจังหวัดเพชรบูรณ์,นาป่า
3061,2568,เมืองเพชรบูรณ์,วิสาหกิจชุมชนกลุ่มแม่บ้านแปรรูปหมูฝอยบ้านนาป่า หมู่ที่ 1 ต.นาป่า,เลขที่ 95 หมู่ 1 ตำบลนาป่า อำเภอเมืองเพชรบูรณ์ เพชรบูรณ์ 67000,สำนักงานเกษตรจังหวัดเพชรบูรณ์,นาป่า
3062,2568,เมืองเพชรบูรณ์,วิสาหกิจชุมชนสวนรัมณีย์เกษตรอินทรีย์สร้างอาชีพเพชรบูรณ์,เลขที่ 201/1 หมู่ 16 ตำบลนาป่า อำเภอเมืองเพชรบูรณ์ เพชรบูรณ์ 67000,สำนักงานเกษตรจังหวัดเพชรบูรณ์,นาป่า
3063,2568,เมืองเพชรบูรณ์,วิสาหกิจชุมชนกลุ่มผู้ปลูกข้าวหอมมะลิหนองผักบุ้งพัฒนา,เลขที่ 49 หมู่ 1 ตำบลนายม อำเภอเมืองเพชรบูรณ์ เพชรบูรณ์ 67210,สำนักงานเกษตรจังหวัดเพชรบูรณ์,นายม
3064,2568,เมืองเพชรบูรณ์,วิสาหกิจชุมชนพืชพลังงานพาไทยก้าวไกล,เลขที่ 95/1 หมู่ 14 ตำบลนายม อำเภอเมืองเพชรบูรณ์ เพชรบูรณ์ 67210,สำนักงานเกษตรจังหวัดเพชรบูรณ์,นายม
3065,2568,เมืองเพชรบูรณ์,วิสาหกิจชุมชนเปี่ยมสุขเกษตรอินทรีย์รักษ์คุณ,เลขที่ 17/1 หมู่ 5 ตำบลนายม อำเภอเมืองเพชรบูรณ์ เพชรบูรณ์ 67210,สำนักงานเกษตรจังหวัดเพชรบูรณ์,นายม
3066,2568,เมืองเพชรบูรณ์,วิสาหกิจชุมชนข้าวเกรียบสมุนไพรหมู่ 5 วังชมภู,เลขที่ 173 หมู่ 5 ตำบลวังชมภู อำเภอเมืองเพชรบูรณ์ เพชรบูรณ์ 67120,สำนักงานเกษตรจังหวัดเพชรบูรณ์,วังชมภู
3067,2568,เมืองเพชรบูรณ์,วิสาหกิจชุมชนกลุ่มกล้วยทิพย์บ้านวังทอง หมู่ 4,เลขที่ 59/1 หมู่ 4 ตำบลวังชมภู อำเภอเมืองเพชรบูรณ์ เพชรบูรณ์ 67210,สำนักงานเกษตรจังหวัดเพชรบูรณ์,วังชมภู
3068,2568,เมืองเพชรบูรณ์,วิสาหกิจชุมชนนารวมบ้านวังทอง,เลขที่ 81 หมู่ 4 ตำบลวังชมภู อำเภอเมืองเพชรบูรณ์ เพชรบูรณ์ 67210,สำนักงานเกษตรจังหวัดเพชรบูรณ์,วังชมภู
3069,2568,เมืองเพชรบูรณ์,วิสาหกิจชุมชนโคขุนตำบลวังชมภู,เลขที่ 88 หมู่ 2 ตำบลวังชมภู อำเภอเมืองเพชรบูรณ์ เพชรบูรณ์ 67210,สำนักงานเกษตรจังหวัดเพชรบูรณ์,วังชมภู
3070,2568,เมืองเพชรบูรณ์,วิสาหกิจชุมชนกลุ่มไส้เมี่ยงสมุนไพร,เลขที่ 246 หมู่ 1 ตำบลวังชมภู อำเภอเมืองเพชรบูรณ์ เพชรบูรณ์ 67210,สำนักงานเกษตรจังหวัดเพชรบูรณ์,วังชมภู
3071,2568,เมืองเพชรบูรณ์,วิสาหกิจชุมชนบ้านห้วยโป่งพัฒนา,เลขที่ 206 หมู่ 14 ตำบลวังชมภู อำเภอเมืองเพชรบูรณ์ เพชรบูรณ์ 67210,สำนักงานเกษตรจังหวัดเพชรบูรณ์,วังชมภู
3072,2568,เมืองเพชรบูรณ์,วิสาหกิจชุมชนเกษตรสีเขียวเพื่อสิ่งแวดล้อมสะอาดและชุมชนยั่งยืน,เลขที่ 199 หมู่ 1 ตำบลวังชมภู อำเภอเมืองเพชรบูรณ์ เพชรบูรณ์ 67210,สำนักงานเกษตรจังหวัดเพชรบูรณ์,วังชมภู
3073,2568,เมืองเพชรบูรณ์,วิสาหกิจชุมชนกลุ่มเลี้ยงวัวพันธุ์เนื้อบ้านน้อย ต. น้ำร้อน,เลขที่ 187 หมู่ 10 ตำบลน้ำร้อน อำเภอเมืองเพชรบูรณ์ เพชรบูรณ์ 67000,สำนักงานเกษตรจังหวัดเพชรบูรณ์,น้ำร้อน
3074,2568,เมืองเพชรบูรณ์,วิสาหกิจชุมชนกลุ่มเลี้ยงวัวพันธุ์เนื้อร่วมใจ ธ.ก.ส. บ้านบุฉนวน,เลขที่ 135/1 หมู่ 1 ตำบลน้ำร้อน อำเภอเมืองเพชรบูรณ์ เพชรบูรณ์ 67000,สำนักงานเกษตรจังหวัดเพชรบูรณ์,น้ำร้อน
3075,2568,เมืองเพชรบูรณ์,วิสาหกิจชุมชนกลุ่มปลูกข้าวโพดบ้านน้ำร้อนเหนือ หมู่ 2,เลขที่ 16 หมู่ 2 ตำบลน้ำร้อน อำเภอเมืองเพชรบูรณ์ เพชรบูรณ์ 67000,สำนักงานเกษตรจังหวัดเพชรบูรณ์,น้ำร้อน
3076,2568,เมืองเพชรบูรณ์,วิสาหกิจชุมชนศูนย์ผลิตเมล็ดพันธุ์พืชตำบลน้ำร้อน,เลขที่ 14 หมู่ 10 ตำบลน้ำร้อน อำเภอเมืองเพชรบูรณ์ เพชรบูรณ์ 67000,สำนักงานเกษตรจังหวัดเพชรบูรณ์,น้ำร้อน
3077,2568,เมืองเพชรบูรณ์,วิสาหกิจชุมชนกลุ่มมะขามหวานศรีทองเกษตร ม.9,เลขที่ 78 หมู่ 9 ตำบลน้ำร้อน อำเภอเมืองเพชรบูรณ์ เพชรบูรณ์ 67000,สำนักงานเกษตรจังหวัดเพชรบูรณ์,น้ำร้อน
3078,2568,เมืองเพชรบูรณ์,วิสาหกิจชุมชนกลุ่มผู้เลี้ยงสุกรบ้านบุสง่า,เลขที่ 191 หมู่ 10 ตำบลน้ำร้อน อำเภอเมืองเพชรบูรณ์ เพชรบูรณ์ 67000,สำนักงานเกษตรจังหวัดเพชรบูรณ์,น้ำร้อน
3079,2568,เมืองเพชรบูรณ์,วิสาหกิจชุมชนกลุ่มผู้เลี้ยงหมู บ้านบุฉนวน,เลขที่ 52 หมู่ 10 ตำบลน้ำร้อน อำเภอเมืองเพชรบูรณ์ เพชรบูรณ์ 67000,สำนักงานเกษตรจังหวัดเพชรบูรณ์,น้ำร้อน
3080,2568,เมืองเพชรบูรณ์,วิสาหกิจชุมชนข้าวโพดบ้านซำบอน 57,เลขที่ 11 หมู่ 11 ตำบลน้ำร้อน อำเภอเมืองเพชรบูรณ์ เพชรบูรณ์ 67000,สำนักงานเกษตรจังหวัดเพชรบูรณ์,น้ำร้อน
3081,2568,เมืองเพชรบูรณ์,วิสาหกิจชุมชนกลุ่มเกษตรอินทรีย์บ้านไร่สีอำพัน,เลขที่ 234 หมู่ 2 ตำบลน้ำร้อน อำเภอเมืองเพชรบูรณ์ เพชรบูรณ์ 67000,สำนักงานเกษตรจังหวัดเพชรบูรณ์,น้ำร้อน
3082,2568,เมืองเพชรบูรณ์,วิสาหกิจชุมชนพันธุ์ข้าวบ้านโมคลา 2558,เลขที่ 25 หมู่ 6 ตำบลน้ำร้อน อำเภอเมืองเพชรบูรณ์ เพชรบูรณ์ 67000,สำนักงานเกษตรจังหวัดเพชรบูรณ์,น้ำร้อน
3083,2568,เมืองเพชรบูรณ์,วิสาหกิจชุมชนโคขุนบ้านซำบอน 2558,เลขที่ 179 หมู่ 11 ตำบลน้ำร้อน อำเภอเมืองเพชรบูรณ์ เพชรบูรณ์ 67000,สำนักงานเกษตรจังหวัดเพชรบูรณ์,น้ำร้อน
3084,2568,เมืองเพชรบูรณ์,วิสาหกิจชุมชนพันธุ์ข้าวโพดบ้านหนองตาวงค์ 2558,เลขที่ 196 หมู่ 5 ตำบลน้ำร้อน อำเภอเมืองเพชรบูรณ์ เพชรบูรณ์ 67000,สำนักงานเกษตรจังหวัดเพชรบูรณ์,น้ำร้อน
3085,2568,เมืองเพชรบูรณ์,วิสาหกิจชุมชนพันธุ์ข้าวบ้านซำเรียง 2558,เลขที่ 78 หมู่ 8 ตำบลน้ำร้อน อำเภอเมืองเพชรบูรณ์ เพชรบูรณ์ 67000,สำนักงานเกษตรจังหวัดเพชรบูรณ์,น้ำร้อน
3086,2568,เมืองเพชรบูรณ์,วิสาหกิจชุมชนส่งเสริมอาชีพการเกษตรบ้านน้ำร้อน ปี 2559,เลขที่ 148 หมู่ 3 ตำบลน้ำร้อน อำเภอเมืองเพชรบูรณ์ เพชรบูรณ์ 67000,สำนักงานเกษตรจังหวัดเพชรบูรณ์,น้ำร้อน
3087,2568,เมืองเพชรบูรณ์,วิสาหกิจชุมชนปัจจัยผลิตทางการเกษตรบ้านบุสง่า 2559,เลขที่ 144 หมู่ 10 ตำบลน้ำร้อน อำเภอเมืองเพชรบูรณ์ เพชรบูรณ์ 67000,สำนักงานเกษตรจังหวัดเพชรบูรณ์,น้ำร้อน
3088,2568,เมืองเพชรบูรณ์,วิสาหกิจชุมชนจำหน่ายปัจจัยการผลิตทางการเกษตรบ้านทุ่งหินปูน 2559,เลขที่ 131 หมู่ 4 ตำบลน้ำร้อน อำเภอเมืองเพชรบูรณ์ เพชรบูรณ์ 67000,สำนักงานเกษตรจังหวัดเพชรบูรณ์,น้ำร้อน
3089,2568,เมืองเพชรบูรณ์,วิสาหกิจชุมชนเลี้ยงวัวเนื้อบ้านบุฉนวน,เลขที่ 189 หมู่ 1 ตำบลน้ำร้อน อำเภอเมืองเพชรบูรณ์ เพชรบูรณ์ 67000,สำนักงานเกษตรจังหวัดเพชรบูรณ์,น้ำร้อน
3090,2568,เมืองเพชรบูรณ์,วิสาหกิจชุมชนกลุ่มเกษตรบุฉนวน หมู่ 1 ต.น้ำร้อน,เลขที่ 215 หมู่ 1 ตำบลน้ำร้อน อำเภอเมืองเพชรบูรณ์ เพชรบูรณ์ 67000,สำนักงานเกษตรจังหวัดเพชรบูรณ์,น้ำร้อน
3091,2568,เมืองเพชรบูรณ์,วิสาหกิจชุมชนกลุ่มเกษตรพัฒนา หมู่ที่ 10 ต.น้ำร้อน,เลขที่ 80 หมู่ 10 ตำบลน้ำร้อน อำเภอเมืองเพชรบูรณ์ เพชรบูรณ์ 67000,สำนักงานเกษตรจังหวัดเพชรบูรณ์,น้ำร้อน
3092,2568,เมืองเพชรบูรณ์,"วิสาหกิจชุมชนกลุ่มหมุนเวียนเมล็ดพันธุ์ข้าว, ข้าวโพด ม.7",เลขที่ 46 หมู่ 7 ตำบลน้ำร้อน อำเภอเมืองเพชรบูรณ์ เพชรบูรณ์ 67000,สำนักงานเกษตรจังหวัดเพชรบูรณ์,น้ำร้อน
3093,2568,เมืองเพชรบูรณ์,วิสาหกิจชุมชนกลุ่มเลี้ยงหมู ม.6 ต.น้ำร้อน,เลขที่ 192 หมู่ 6 ตำบลน้ำร้อน อำเภอเมืองเพชรบูรณ์ เพชรบูรณ์ 67000,สำนักงานเกษตรจังหวัดเพชรบูรณ์,น้ำร้อน
3094,2568,เมืองเพชรบูรณ์,วิสาหกิจชุมชนกลุ่มผู้เลี้ยงโคขุนบ้านซำเรียง,เลขที่ 107 หมู่ 8 ตำบลน้ำร้อน อำเภอเมืองเพชรบูรณ์ เพชรบูรณ์ 67000,สำนักงานเกษตรจังหวัดเพชรบูรณ์,น้ำร้อน
3095,2568,เมืองเพชรบูรณ์,วิสาหกิจชุมชนกลุ่มเกษตรกรเพื่อการผลิต กม. 13,เลขที่ 14/1 หมู่ 13 ตำบลห้วยสะแก อำเภอเมืองเพชรบูรณ์ เพชรบูรณ์ 67210,สำนักงานเกษตรจังหวัดเพชรบูรณ์,ห้วยสะแก
3096,2568,เมืองเพชรบูรณ์,วิสาหกิจชุมชนกลุ่มเกษตรสัมพันธุ์ บ.เนินสง่า,เลขที่ 101 หมู่ 6 ตำบลห้วยสะแก อำเภอเมืองเพชรบูรณ์ เพชรบูรณ์ 67210,สำนักงานเกษตรจังหวัดเพชรบูรณ์,ห้วยสะแก
3097,2568,เมืองเพชรบูรณ์,วิสาหกิจชุมชนเกษตรกรชีวภาพบ้าน 13 ทวีทรัพย์,เลขที่ 105/3 หมู่ 13 ตำบลห้วยสะแก อำเภอเมืองเพชรบูรณ์ เพชรบูรณ์ 67210,สำนักงานเกษตรจังหวัดเพชรบูรณ์,ห้วยสะแก
3098,2568,เมืองเพชรบูรณ์,วิสาหกิจชุมชนกลุ่มเกษตรกรร่วมใจพัฒนาห้วยสะแก,เลขที่ 2 หมู่ 6 ตำบลห้วยสะแก อำเภอเมืองเพชรบูรณ์ เพชรบูรณ์ 67210,สำนักงานเกษตรจังหวัดเพชรบูรณ์,ห้วยสะแก
3099,2568,เมืองเพชรบูรณ์,วิสาหกิจชุมชนกลุ่มตัดเย็บเสื้อผ้าบ้านเนินสง่า หมู่ 6,เลขที่ 90/3 หมู่ 6 ตำบลห้วยสะแก อำเภอเมืองเพชรบูรณ์ เพชรบูรณ์ 67210,สำนักงานเกษตรจังหวัดเพชรบูรณ์,ห้วยสะแก
3100,2568,เมืองเพชรบูรณ์,วิสาหกิจชุมชนกลุ่มเลี้ยงโคเนื้อชัยเจริญพัฒนา กลุ่มที่ 1,เลขที่ 25 หมู่ 11 ตำบลห้วยสะแก อำเภอเมืองเพชรบูรณ์ เพชรบูรณ์ 67210,สำนักงานเกษตรจังหวัดเพชรบูรณ์,ห้วยสะแก
3101,2568,เมืองเพชรบูรณ์,วิสาหกิจชุมชนกลุ่มโคเนื้อโชคเจริญทรัพย์ หมู่ 11,เลขที่ 26 หมู่ 11 ตำบลห้วยสะแก อำเภอเมืองเพชรบูรณ์ เพชรบูรณ์ 67210,สำนักงานเกษตรจังหวัดเพชรบูรณ์,ห้วยสะแก
3102,2568,เมืองเพชรบูรณ์,วิสาหกิจชุมชนกลุ่มเลี้ยงโคเนื้อชัยเจริญ 49,เลขที่ 28 หมู่ 11 ตำบลห้วยสะแก อำเภอเมืองเพชรบูรณ์ เพชรบูรณ์ 67210,สำนักงานเกษตรจังหวัดเพชรบูรณ์,ห้วยสะแก
3103,2568,เมืองเพชรบูรณ์,วิสาหกิจชุมชนกลุ่มออมทรัพย์โคบาล,เลขที่ 93/1 หมู่ 3 ตำบลห้วยสะแก อำเภอเมืองเพชรบูรณ์ เพชรบูรณ์ 67210,สำนักงานเกษตรจังหวัดเพชรบูรณ์,ห้วยสะแก
3104,2568,เมืองเพชรบูรณ์,วิสาหกิจชุมชนกลุ่มเลี้ยงโคชัยมงคล กลุ่มที่ 1,เลขที่ 13/1 หมู่ 1 ตำบลห้วยสะแก อำเภอเมืองเพชรบูรณ์ เพชรบูรณ์ 67210,สำนักงานเกษตรจังหวัดเพชรบูรณ์,ห้วยสะแก
3105,2568,เมืองเพชรบูรณ์,วิสาหกิจชุมชนกลุ่มโคเนื้อทรัพย์เจริญ หมู่ 11 ปี 51,เลขที่ 72 หมู่ 11 ตำบลห้วยสะแก อำเภอเมืองเพชรบูรณ์ เพชรบูรณ์ 67210,สำนักงานเกษตรจังหวัดเพชรบูรณ์,ห้วยสะแก
3106,2568,เมืองเพชรบูรณ์,วิสาหกิจชุมชนกลุ่มเลี้ยงโคเนื้อชัยมงคลพัฒนา ปี 51 หมู่ 1,เลขที่ 89 หมู่ 1 ตำบลห้วยสะแก อำเภอเมืองเพชรบูรณ์ เพชรบูรณ์ 67210,สำนักงานเกษตรจังหวัดเพชรบูรณ์,ห้วยสะแก
3107,2568,เมืองเพชรบูรณ์,วิสาหกิจชุมชนกลุ่มเลี้ยงโคเนื้อชัยมงคล 2008 หมู่ 1,เลขที่ 113/1 หมู่ 1 ตำบลห้วยสะแก อำเภอเมืองเพชรบูรณ์ เพชรบูรณ์ 67210,สำนักงานเกษตรจังหวัดเพชรบูรณ์,ห้วยสะแก
3108,2568,เมืองเพชรบูรณ์,วิสาหกิจชุมชนกลุ่มมงคลทิพย์ 2551,เลขที่ 90 หมู่ 1 ตำบลห้วยสะแก อำเภอเมืองเพชรบูรณ์ เพชรบูรณ์ 67210,สำนักงานเกษตรจังหวัดเพชรบูรณ์,ห้วยสะแก
3109,2568,เมืองเพชรบูรณ์,วิสาหกิจชุมชนกลุ่มเลี้ยงโคเนื้อชัยมงคลก้าวหน้า,เลขที่ 110 หมู่ 1 ตำบลห้วยสะแก อำเภอเมืองเพชรบูรณ์ เพชรบูรณ์ 67210,สำนักงานเกษตรจังหวัดเพชรบูรณ์,ห้วยสะแก
3110,2568,เมืองเพชรบูรณ์,วิสาหกิจชุมชนเกษตรกรผู้ทำข้าว,เลขที่ 54 หมู่ 7 ตำบลห้วยสะแก อำเภอเมืองเพชรบูรณ์ เพชรบูรณ์ 67210,สำนักงานเกษตรจังหวัดเพชรบูรณ์,ห้วยสะแก
3111,2568,เมืองเพชรบูรณ์,วิสาหกิจชุมชนคนรักวัว,เลขที่ 84 หมู่ 7 ตำบลห้วยสะแก อำเภอเมืองเพชรบูรณ์ เพชรบูรณ์ 67210,สำนักงานเกษตรจังหวัดเพชรบูรณ์,ห้วยสะแก
3112,2568,เมืองเพชรบูรณ์,วิสาหกิจชุมชนกลุ่มเกษตรพัฒนา,เลขที่ 105 หมู่ 8 ตำบลห้วยสะแก อำเภอเมืองเพชรบูรณ์ เพชรบูรณ์ 67210,สำนักงานเกษตรจังหวัดเพชรบูรณ์,ห้วยสะแก
3113,2568,เมืองเพชรบูรณ์,วิสาหกิจชุมชนโคเนื้อบ้านหนองหิน,เลขที่ 17 หมู่ 3 ตำบลห้วยสะแก อำเภอเมืองเพชรบูรณ์ เพชรบูรณ์ 67210,สำนักงานเกษตรจังหวัดเพชรบูรณ์,ห้วยสะแก
3114,2568,เมืองเพชรบูรณ์,วิสาหกิจชุมชนกลุ่มผู้เลี้ยงโคเนื้อ บ้านดงผักกูด ม.14,เลขที่ 39 หมู่ 14 ตำบลห้วยสะแก อำเภอเมืองเพชรบูรณ์ เพชรบูรณ์ 67210,สำนักงานเกษตรจังหวัดเพชรบูรณ์,ห้วยสะแก
3115,2568,เมืองเพชรบูรณ์,วิสาหกิจชุมชนกลุ่มผู้เลี้ยงโค ต.ห้วยสะแก,เลขที่ 66/1 หมู่ 6 ตำบลห้วยสะแก อำเภอเมืองเพชรบูรณ์ เพชรบูรณ์ 67210,สำนักงานเกษตรจังหวัดเพชรบูรณ์,ห้วยสะแก
3116,2568,เมืองเพชรบูรณ์,วิสาหกิจชุมชนแปรรูปพริกแม่สะอาดเสวย,เลขที่ 196 หมู่ 3 ตำบลห้วยสะแก อำเภอเมืองเพชรบูรณ์ เพชรบูรณ์ 67210,สำนักงานเกษตรจังหวัดเพชรบูรณ์,ห้วยสะแก
3117,2568,เมืองเพชรบูรณ์,วิสาหกิจชุมชนผู้ปลูกข้าวโพดเลี้ยงสัตว์แปลงใหญ่ตำบลห้วยสะแก,เลขที่ 51 หมู่ 4 ตำบลห้วยสะแก อำเภอเมืองเพชรบูรณ์ เพชรบูรณ์ 67210,สำนักงานเกษตรจังหวัดเพชรบูรณ์,ห้วยสะแก
3118,2568,เมืองเพชรบูรณ์,วิสาหกิจชุมชนผู้ผลิตพืชผักปลอดภัยห้วยสะแก,เลขที่ 9809 หมู่ 8 ตำบลห้วยสะแก อำเภอเมืองเพชรบูรณ์ เพชรบูรณ์ 67210,สำนักงานเกษตรจังหวัดเพชรบูรณ์,ห้วยสะแก
3119,2568,เมืองเพชรบูรณ์,วิสาหกิจชุมชนเกษตรกรปลูกข้าว,เลขที่ 148 หมู่ 7 ตำบลห้วยสะแก อำเภอเมืองเพชรบูรณ์ เพชรบูรณ์ 67210,สำนักงานเกษตรจังหวัดเพชรบูรณ์,ห้วยสะแก
3120,2568,เมืองเพชรบูรณ์,วิสาหกิจชุมชนรักวังชมภูรักโลก,เลขที่ 90 หมู่ 10 ตำบลห้วยสะแก อำเภอเมืองเพชรบูรณ์ เพชรบูรณ์ 67210,สำนักงานเกษตรจังหวัดเพชรบูรณ์,ห้วยสะแก
3121,2568,เมืองเพชรบูรณ์,วิสาหกิจชุมชนพอเพียง ก็ เพียงพอ,เลขที่ 93/1 หมู่ 3 ตำบลห้วยสะแก อำเภอเมืองเพชรบูรณ์ เพชรบูรณ์ 67210,สำนักงานเกษตรจังหวัดเพชรบูรณ์,ห้วยสะแก
3122,2568,เมืองเพชรบูรณ์,วิสาหกิจชุมชนเกษตรอินทรีย์บ้านเนินสบาย,เลขที่ 54 หมู่ 9 ตำบลห้วยสะแก อำเภอเมืองเพชรบูรณ์ เพชรบูรณ์ 67210,สำนักงานเกษตรจังหวัดเพชรบูรณ์,ห้วยสะแก
3123,2568,เมืองเพชรบูรณ์,วิสาหกิจชุมชนกลุ่มสตรีกล้วยฉาบแม่บ้านซำบอน หมู่ 8,เลขที่ 33/1 หมู่ 8 ตำบลห้วยใหญ่ อำเภอเมืองเพชรบูรณ์ เพชรบูรณ์ 67000,สำนักงานเกษตรจังหวัดเพชรบูรณ์,ห้วยใหญ่
3124,2568,เมืองเพชรบูรณ์,วิสาหกิจชุมชนกลุ่มข้าวโพดบ้านซำบอน หมู่ 8 ต. ห้วยใหญ่,เลขที่ 15 หมู่ 8 ตำบลห้วยใหญ่ อำเภอเมืองเพชรบูรณ์ เพชรบูรณ์ 67000,สำนักงานเกษตรจังหวัดเพชรบูรณ์,ห้วยใหญ่
3125,2568,เมืองเพชรบูรณ์,วิสาหกิจชุมชนกลุ่มกองทุนเพื่อการเกษตร หมู่ 8 บ้านซำบอน,เลขที่ 273/3 หมู่ 8 ตำบลห้วยใหญ่ อำเภอเมืองเพชรบูรณ์ เพชรบูรณ์ 67000,สำนักงานเกษตรจังหวัดเพชรบูรณ์,ห้วยใหญ่
3126,2568,เมืองเพชรบูรณ์,วิสาหกิจชุมชนการผลิตและแปรรูปอาหารเพื่อสุขภาพ,เลขที่ 111 หมู่ 2 ตำบลห้วยใหญ่ อำเภอเมืองเพชรบูรณ์ เพชรบูรณ์ 67000,สำนักงานเกษตรจังหวัดเพชรบูรณ์,ห้วยใหญ่
3127,2568,เมืองเพชรบูรณ์,วิสาหกิจชุมชนกลุ่มผู้เลี้ยงโคเนื้อ ตำบลห้วยใหญ่,เลขที่ 145 หมู่ 7 ตำบลห้วยใหญ่ อำเภอเมืองเพชรบูรณ์ เพชรบูรณ์ 67000,สำนักงานเกษตรจังหวัดเพชรบูรณ์,ห้วยใหญ่
3128,2568,เมืองเพชรบูรณ์,วิสาหกิจชุมชนเกษตรกรบ้านป่าสักโมเดล,เลขที่ 199 หมู่ 12 ตำบลห้วยใหญ่ อำเภอเมืองเพชรบูรณ์ เพชรบูรณ์ 67000,สำนักงานเกษตรจังหวัดเพชรบูรณ์,ห้วยใหญ่
3129,2568,เมืองเพชรบูรณ์,วิสาหกิจชุมชนสุขภาพสร้างสุข,เลขที่ 214/2 หมู่ 2 ตำบลห้วยใหญ่ อำเภอเมืองเพชรบูรณ์ เพชรบูรณ์ 67000,สำนักงานเกษตรจังหวัดเพชรบูรณ์,ห้วยใหญ่
3130,2568,เมืองเพชรบูรณ์,วิสาหกิจชุมชนกลุ่มพัฒนาอาชีพสตรีและครอบครัว ต.ห้วยใหญ่,เลขที่ 157 หมู่ 11 ตำบลห้วยใหญ่ อำเภอเมืองเพชรบูรณ์ เพชรบูรณ์ 67000,สำนักงานเกษตรจังหวัดเพชรบูรณ์,ห้วยใหญ่
3131,2568,เมืองเพชรบูรณ์,วิสาหกิจชุมชนกลุ่มจัดซื้อผลผลิตมะขามหวานบ้านยางลาด,เลขที่ 55 หมู่ 8 ตำบลระวิง อำเภอเมืองเพชรบูรณ์ เพชรบูรณ์ 67210,สำนักงานเกษตรจังหวัดเพชรบูรณ์,ระวิง
3132,2568,เมืองเพชรบูรณ์,วิสาหกิจชุมชนกลุ่มบริการมะขามหวานบ้านซับชมภู,เลขที่ 90 หมู่ 8 ตำบลระวิง อำเภอเมืองเพชรบูรณ์ เพชรบูรณ์ 67210,สำนักงานเกษตรจังหวัดเพชรบูรณ์,ระวิง
3133,2568,เมืองเพชรบูรณ์,วิสาหกิจชุมชนกลุ่มเกษตรปลูกพืชผักหมุนเวียนบ้านซับชมภู,เลขที่ 407 หมู่ 8 ตำบลระวิง อำเภอเมืองเพชรบูรณ์ เพชรบูรณ์ 67210,สำนักงานเกษตรจังหวัดเพชรบูรณ์,ระวิง
3134,2568,เมืองเพชรบูรณ์,วิสาหกิจชุมชนชาวนาบ้านวังขอน ปี 57,เลขที่ 123 หมู่ 2 ตำบลระวิง อำเภอเมืองเพชรบูรณ์ เพชรบูรณ์ 67210,สำนักงานเกษตรจังหวัดเพชรบูรณ์,ระวิง
3135,2568,เมืองเพชรบูรณ์,วิสาหกิจชุมชนผู้เลี้ยงสุกรและแปรรูปสุกรบ้านห้วยไร่ 2558,เลขที่ 172 หมู่ 3 ตำบลระวิง อำเภอเมืองเพชรบูรณ์ เพชรบูรณ์ 67210,สำนักงานเกษตรจังหวัดเพชรบูรณ์,ระวิง
3136,2568,เมืองเพชรบูรณ์,วิสาหกิจชุมชนโคเนื้อบ้านห้วยทราย 2559,เลขที่ 54/2 หมู่ 3 ตำบลระวิง อำเภอเมืองเพชรบูรณ์ เพชรบูรณ์ 67210,สำนักงานเกษตรจังหวัดเพชรบูรณ์,ระวิง
3137,2568,เมืองเพชรบูรณ์,วิสาหกิจชุมชนโคเนื้อบ้านห้วยไร่ 2559,เลขที่ 30 หมู่ 3 ตำบลระวิง อำเภอเมืองเพชรบูรณ์ เพชรบูรณ์ 67210,สำนักงานเกษตรจังหวัดเพชรบูรณ์,ระวิง
3138,2568,เมืองเพชรบูรณ์,วิสาหกิจชุมชนแปรรูปมะขามบ้านซับชมภู,เลขที่ 120/3 หมู่ 8 ตำบลระวิง อำเภอเมืองเพชรบูรณ์ เพชรบูรณ์ 67210,สำนักงานเกษตรจังหวัดเพชรบูรณ์,ระวิง
3139,2568,เมืองเพชรบูรณ์,วิสาหกิจชุมชนกลุ่มทอผ้าไหมมัดหมี่บ้านหนองจอก,เลขที่ 39 หมู่ 9 ตำบลระวิง อำเภอเมืองเพชรบูรณ์ เพชรบูรณ์ 67210,สำนักงานเกษตรจังหวัดเพชรบูรณ์,ระวิง
3140,2568,เมืองเพชรบูรณ์,วิสาหกิจชุมชนแปรรูปผลผลิตทางการเกษตรบ้านยางแหลม ต.ระวิง,เลขที่ 126 หมู่ 10 ตำบลระวิง อำเภอเมืองเพชรบูรณ์ เพชรบูรณ์ 67210,สำนักงานเกษตรจังหวัดเพชรบูรณ์,ระวิง
3141,2568,หล่มสัก,วิสาหกิจชุมชนลีลา & มะขามยิ้ม,เลขที่ 215 หมู่ 1 ตำบลวัดป่า อำเภอหล่มสัก เพชรบูรณ์ 67110,สำนักงานเกษตรจังหวัดเพชรบูรณ์,วัดป่า
3142,2568,หล่มสัก,วิสาหกิจชุมชนกลุ่มพัฒนาอาชีพการเกษตร,เลขที่ 325 หมู่ 12 ตำบลวัดป่า อำเภอหล่มสัก เพชรบูรณ์ 67110,สำนักงานเกษตรจังหวัดเพชรบูรณ์,วัดป่า
3143,2568,หล่มสัก,วิสาหกิจชุมชนกลุ่มสมุนไพรสตรีบ้านบุ่งยาง,เลขที่ 194 หมู่ 4 ตำบลวัดป่า อำเภอหล่มสัก เพชรบูรณ์ 67110,สำนักงานเกษตรจังหวัดเพชรบูรณ์,วัดป่า
3144,2568,หล่มสัก,วิสาหกิจชุมชนรักษ์เกษตรเพชรบูรณ์,เลขที่ 345 หมู่ 11 ตำบลวัดป่า อำเภอหล่มสัก เพชรบูรณ์ 67110,สำนักงานเกษตรจังหวัดเพชรบูรณ์,วัดป่า
3145,2568,หล่มสัก,วิสาหกิจชุมชนสานสายใยใจไทยทุกภาคป่าสัก อ.หล่มสัก,เลขที่ 98 หมู่ที่ 11 ตำบลวัดป่า อำเภอหล่มสัก เพชรบูรณ์ 67110,สำนักงานเกษตรจังหวัดเพชรบูรณ์,วัดป่า
3146,2568,หล่มสัก,วิสาหกิจชุมชนบ้านบุ่งยาง,เลขที่ 122 หมู่ที่ 12 ตำบลวัดป่า อำเภอหล่มสัก เพชรบูรณ์ 67110,สำนักงานเกษตรจังหวัดเพชรบูรณ์,วัดป่า
3147,2568,หล่มสัก,วิสาหกิจชุมชนกลุ่มแปรรูปไม้ไผ่บ้านขวัญโยน,เลขที่ 1/3 หมู่ 1 ตำบลตาลเดี่ยว อำเภอหล่มสัก เพชรบูรณ์ 67110,สำนักงานเกษตรจังหวัดเพชรบูรณ์,ตาลเดี่ยว
3148,2568,หล่มสัก,วิสาหกิจชุมชนที่ดินทำกินเกษตรพอเพียง,เลขที่ 24/1 หมู่ 7 ตำบลตาลเดี่ยว อำเภอหล่มสัก เพชรบูรณ์ 67110,สำนักงานเกษตรจังหวัดเพชรบูรณ์,ตาลเดี่ยว
3149,2568,หล่มสัก,วิสาหกิจชุมชนเฮือนธนัชชา ผ้าทอไทหล่ม,เลขที่ 56 หมู่ 1 ตำบลตาลเดี่ยว อำเภอหล่มสัก เพชรบูรณ์ 67110,สำนักงานเกษตรจังหวัดเพชรบูรณ์,ตาลเดี่ยว
3150,2568,หล่มสัก,วิสาหกิจชุมชนกลุ่มออมทรัพย์เพื่อการผลิตบ้านฝายนาแซง,เลขที่ 42 หมู่ 2 ตำบลฝายนาแซง อำเภอหล่มสัก เพชรบูรณ์ 67110,สำนักงานเกษตรจังหวัดเพชรบูรณ์,ฝายนาแซง
3151,2568,หล่มสัก,วิสาหกิจชุมชนกลุ่มข้าวแดงซ้อมมือบ้านน้ำเฮี้ย,เลขที่ 20 หมู่ 2 ตำบลน้ำเฮี้ย อำเภอหล่มสัก เพชรบูรณ์ 67110,สำนักงานเกษตรจังหวัดเพชรบูรณ์,น้ำเฮี้ย
3152,2568,หล่มสัก,วิสาหกิจชุมชนกลุ่มเลี้ยงหมูบ้านหนองปลาตำบลน้ำเฮี้ย,เลขที่ 93 หมู่ 1 ตำบลน้ำเฮี้ย อำเภอหล่มสัก เพชรบูรณ์ 67110,สำนักงานเกษตรจังหวัดเพชรบูรณ์,น้ำเฮี้ย
3153,2568,หล่มสัก,วิสาหกิจชุมชนกลุ่มเกษตรกรหมู่ 2 บ้านน้ำเฮี้ย,เลขที่ 37 หมู่ 2 ตำบลน้ำเฮี้ย อำเภอหล่มสัก เพชรบูรณ์ 67110,สำนักงานเกษตรจังหวัดเพชรบูรณ์,น้ำเฮี้ย
3154,2568,หล่มสัก,วิสาหกิจชุมชนกลุ่มเกษตรกรบ้านกุดโก หมู่ 4,เลขที่ 41 หมู่ 4 ตำบลน้ำเฮี้ย อำเภอหล่มสัก เพชรบูรณ์ 67110,สำนักงานเกษตรจังหวัดเพชรบูรณ์,น้ำเฮี้ย
3155,2568,หล่มสัก,วิสาหกิจชุมชนกลุ่มเกษตรกรน้ำเฮี้ย หมู่ 5,เลขที่ 29 หมู่ 5 ตำบลน้ำเฮี้ย อำเภอหล่มสัก เพชรบูรณ์ 67110,สำนักงานเกษตรจังหวัดเพชรบูรณ์,น้ำเฮี้ย
3156,2568,หล่มสัก,วิสาหกิจชุมชนบ้านหนองปลา หมู่ 1,เลขที่ 99 หมู่ 1 ตำบลน้ำเฮี้ย อำเภอหล่มสัก เพชรบูรณ์ 67110,สำนักงานเกษตรจังหวัดเพชรบูรณ์,น้ำเฮี้ย
3157,2568,หล่มสัก,วิสาหกิจชุมชนมะขามศรีเมืองหล่ม,เลขที่ 99/8 หมู่ 1 ตำบลน้ำเฮี้ย อำเภอหล่มสัก เพชรบูรณ์ 67110,สำนักงานเกษตรจังหวัดเพชรบูรณ์,น้ำเฮี้ย
3158,2568,หล่มสัก,วิสาหกิจชุมชนดอกไม้ฝ้ายทอ,เลขที่ 124 หมู่ 8 ตำบลสักหลง อำเภอหล่มสัก เพชรบูรณ์ 67110,สำนักงานเกษตรจังหวัดเพชรบูรณ์,สักหลง
3159,2568,หล่มสัก,วิสาหกิจชุมชนกลุ่มทอผ้ากี่กระตุกบ้านวังร่อง,เลขที่ 58 หมู่ 8 ตำบลสักหลง อำเภอหล่มสัก เพชรบูรณ์ 67110,สำนักงานเกษตรจังหวัดเพชรบูรณ์,สักหลง
3160,2568,หล่มสัก,วิสาหกิจชุมชนกลุ่มพริกแกงบ้านสักหลง,เลขที่ 22 หมู่ 10 ตำบลสักหลง อำเภอหล่มสัก เพชรบูรณ์ 67110,สำนักงานเกษตรจังหวัดเพชรบูรณ์,สักหลง
3161,2568,หล่มสัก,วิสาหกิจชุมชนเครื่องนอนบ้านหนองบัว,เลขที่ 165 หมู่ 2 ตำบลสักหลง อำเภอหล่มสัก เพชรบูรณ์ 67110,สำนักงานเกษตรจังหวัดเพชรบูรณ์,สักหลง
3162,2568,หล่มสัก,วิสาหกิจชุมชนศูนย์ข้าวชุมชนข้าวรักษ์โลกข้าวพันธุ์ดีบ้านวังรฺู ต.สักหลง,เลขที่ 17 หมู่ 1 ตำบลสักหลง อำเภอหล่มสัก เพชรบูรณ์ 67110,สำนักงานเกษตรจังหวัดเพชรบูรณ์,สักหลง
3163,2568,หล่มสัก,วิสาหกิจชุมชนศูนย์ข้าวชุมชนข้าวรักษ์โลกบ้านหนองบัว,เลขที่ 7/2 หมู่ 2 ตำบลสักหลง อำเภอหล่มสัก เพชรบูรณ์ 67110,สำนักงานเกษตรจังหวัดเพชรบูรณ์,สักหลง
3164,2568,หล่มสัก,วิสาหกิจชุมชนตลาดนัดชุมชนตำบลสักหลง,เลขที่ 100 หมู่ 5 ตำบลสักหลง อำเภอหล่มสัก เพชรบูรณ์ 67110,สำนักงานเกษตรจังหวัดเพชรบูรณ์,สักหลง
3165,2568,หล่มสัก,วิสาหกิจชุมชนสานสายใยใจไทยทุกภาค เกษตรอินทรีย์ชีวีปลอดภัย,เลขที่ 29/1 หมู่ 1 ตำบลสักหลง อำเภอหล่มสัก เพชรบูรณ์ 67110,สำนักงานเกษตรจังหวัดเพชรบูรณ์,สักหลง
3166,2568,หล่มสัก,วิสาหกิจชุมชนสานสายใยใจไทยทุกภาค โฮมสเตย์ มีเขามีเรา บ้านวังรู,เลขที่ 29 หมู่ 1 ตำบลสักหลง อำเภอหล่มสัก เพชรบูรณ์ 67110,สำนักงานเกษตรจังหวัดเพชรบูรณ์,สักหลง
3167,2568,หล่มสัก,วิสาหกิจชุมชนกลุ่มกระท่อมโคมน,เลขที่ 35 หมู่ 8 ตำบลสักหลง อำเภอหล่มสัก เพชรบูรณ์ 67110,สำนักงานเกษตรจังหวัดเพชรบูรณ์,สักหลง
3168,2568,หล่มสัก,วิสาหกิจชุมชนสานสายใยใจไทยทุกภาค ร่วมคิดรวมช่าง,เลขที่ 68 หมูที่ 8 ตำบลสักหลง อำเภอหล่มสัก เพชรบูรณ์ 67110,สำนักงานเกษตรจังหวัดเพชรบูรณ์,สักหลง
3169,2568,หล่มสัก,วิสาหกิจชุมชนสานสายใยใจไทยทุกภาค ตำบลสักหลงร่วมสร้างงานสร้างอาชีพ,เลขที่ 71 หมู่ที่ 10 ตำบลสักหลง อำเภอหล่มสัก เพชรบูรณ์ 67110,สำนักงานเกษตรจังหวัดเพชรบูรณ์,สักหลง
3170,2568,หล่มสัก,วิสาหกิจชุมชนฮักสักหลง,เลขที่ 19 หมู่ที่ 3 ตำบลสักหลง อำเภอหล่มสัก เพชรบูรณ์ 67110,สำนักงานเกษตรจังหวัดเพชรบูรณ์,สักหลง
3171,2568,หล่มสัก,วิสาหกิจชุมชนกลุ่มผู้เลี้ยงโค-กระบือบ้านวังมลใต้,เลขที่ 32 หมู่ 5 ตำบลท่าอิบุญ อำเภอหล่มสัก เพชรบูรณ์ 67110,สำนักงานเกษตรจังหวัดเพชรบูรณ์,ท่าอิบุญ
3172,2568,หล่มสัก,วิสาหกิจชุมชนกลุ่มอนุรักษ์และพัฒนาโค-กระบือ หมู่ 2,เลขที่ 19 หมู่ 2 ตำบลท่าอิบุญ อำเภอหล่มสัก เพชรบูรณ์ 67110,สำนักงานเกษตรจังหวัดเพชรบูรณ์,ท่าอิบุญ
3173,2568,หล่มสัก,วิสาหกิจชุมชนกลุ่มผู้เลี้ยงวัวแม่พันธุ์หมู่ 6 ท่าอิบุญ,เลขที่ 111 หมู่ 6 ตำบลท่าอิบุญ อำเภอหล่มสัก เพชรบูรณ์ 67110,สำนักงานเกษตรจังหวัดเพชรบูรณ์,ท่าอิบุญ
3174,2568,หล่มสัก,วิสาหกิจชุมชนกลุ่มผู้เลี้ยงวัวแม่พันธ์,เลขที่ 63/1 หมู่ 2 ตำบลท่าอิบุญ อำเภอหล่มสัก เพชรบูรณ์ 67110,สำนักงานเกษตรจังหวัดเพชรบูรณ์,ท่าอิบุญ
3175,2568,หล่มสัก,วิสาหกิจชุมชนกลุ่มเกษตรอินทรีย์ตำบลท่าอิบุญ,เลขที่ 13 หมู่ที่ 11 ตำบลท่าอิบุญ อำเภอหล่มสัก เพชรบูรณ์ 67110,สำนักงานเกษตรจังหวัดเพชรบูรณ์,ท่าอิบุญ
3176,2568,หล่มสัก,วิสาหกิจชุมชนกลุ่มออมทรัพย์เกษตรยั่งยืนหมู่ 6,เลขที่ 21 หมู่ 6 ตำบลบ้านโสก อำเภอหล่มสัก เพชรบูรณ์ 67110,สำนักงานเกษตรจังหวัดเพชรบูรณ์,บ้านโสก
3177,2568,หล่มสัก,วิสาหกิจชุมชนกลุ่มชมพู่เกษตรทฤษฎีใหม่บ้านทุ่งส้มเลา,เลขที่ 154 หมู่ 7 ตำบลบ้านโสก อำเภอหล่มสัก เพชรบูรณ์ 67110,สำนักงานเกษตรจังหวัดเพชรบูรณ์,บ้านโสก
3178,2568,หล่มสัก,วิสาหกิจชุมชนเพื่อการผลิตใบยาสูบหมู่ 6 บ้านนาหลวง,เลขที่ 128 หมู่ 6 ตำบลบ้านโสก อำเภอหล่มสัก เพชรบูรณ์ 67110,สำนักงานเกษตรจังหวัดเพชรบูรณ์,บ้านโสก
3179,2568,หล่มสัก,วิสาหกิจชุมชนกลุ่มธนาคารหมู่บ้านหมู่ 12,เลขที่ 48 หมู่ 12 ตำบลบ้านติ้ว อำเภอหล่มสัก เพชรบูรณ์ 67110,สำนักงานเกษตรจังหวัดเพชรบูรณ์,บ้านติ้ว
3180,2568,หล่มสัก,วิสาหกิจชุมชนธนาคารหมู่บ้านหมู่ 6 บ้านบุ่งผักขม,เลขที่ 71 หมู่ 6 ตำบลบ้านติ้ว อำเภอหล่มสัก เพชรบูรณ์ 67110,สำนักงานเกษตรจังหวัดเพชรบูรณ์,บ้านติ้ว
3181,2568,หล่มสัก,วิสาหกิจชุมชนกลุ่มผู้ปลูกโกโก้ตำบลบ้านติ้ว,เลขที่ 29 หมู่ 11 ตำบลบ้านติ้ว อำเภอหล่มสัก เพชรบูรณ์ 67110,สำนักงานเกษตรจังหวัดเพชรบูรณ์,บ้านติ้ว
3182,2568,หล่มสัก,วิสาหกิจชุมชนกลุ่มเลี้ยงไก่ไข่บ้านป่าแกเครือ,เลขที่ 35 หมู่ 11 ตำบลบ้านติ้ว อำเภอหล่มสัก เพชรบูรณ์ 67110,สำนักงานเกษตรจังหวัดเพชรบูรณ์,บ้านติ้ว
3183,2568,หล่มสัก,วิสาหกิจชุมชนกลุ่มผู้เลี้ยงไก่ไข่บ้านฟากห้วย ต.บ้านติ้ว,เลขที่ 17 หมู่ 1 ตำบลบ้านติ้ว อำเภอหล่มสัก เพชรบูรณ์ 67110,สำนักงานเกษตรจังหวัดเพชรบูรณ์,บ้านติ้ว
3184,2568,หล่มสัก,วิสาหกิจชุมชนแปรรูปน้ำพริก หมู่บ้านไร่นาเจริญ,เลขที่ 87 หมู่ 12 ตำบลบ้านติ้ว อำเภอหล่มสัก เพชรบูรณ์ 67110,สำนักงานเกษตรจังหวัดเพชรบูรณ์,บ้านติ้ว
3185,2568,หล่มสัก,วิสาหกิจชุมชนกลุ่มผู้เลี้ยงไก่พันธุ์ไข่บ้านไร่นาเจริญ,เลขที่ 48 หมู่ 2 ตำบลบ้านติ้ว อำเภอหล่มสัก เพชรบูรณ์ 67110,สำนักงานเกษตรจังหวัดเพชรบูรณ์,บ้านติ้ว
3186,2568,หล่มสัก,วิสาหกิจชุมชนสานสายใยใจไทยทุกภาค ต.บ้านติ้ว,เลขที่ 98 หมู่ 3 ตำบลบ้านติ้ว อำเภอหล่มสัก เพชรบูรณ์ 67110,สำนักงานเกษตรจังหวัดเพชรบูรณ์,บ้านติ้ว
3187,2568,หล่มสัก,วิสาหกิจชุมชนสานสายใยใจไทยทุกภาค เกษตรแปรรูป,เลขที่ 81/1 หมู่ที่ 5 ตำบลบ้านติ้ว อำเภอหล่มสัก เพชรบูรณ์ 67110,สำนักงานเกษตรจังหวัดเพชรบูรณ์,บ้านติ้ว
3188,2568,หล่มสัก,วิสาหกิจชุมชนน้ำผลไม้พร้อมดื่มห้วยไร่,เลขที่ 136 หมู่ 2 ตำบลห้วยไร่ อำเภอหล่มสัก เพชรบูรณ์ 67110,สำนักงานเกษตรจังหวัดเพชรบูรณ์,ห้วยไร่
3189,2568,หล่มสัก,วิสาหกิจชุมชนส่งเสริมสารชีวภาพตำบลห้วยไร่,เลขที่ 86 หมู่ 12 ตำบลห้วยไร่ อำเภอหล่มสัก เพชรบูรณ์ 67110,สำนักงานเกษตรจังหวัดเพชรบูรณ์,ห้วยไร่
3190,2568,หล่มสัก,วิสาหกิจชุมชนปลูกผักปลอดสารพิษตำบลห้วยไร่,เลขที่ 39 หมู่ 1 ตำบลห้วยไร่ อำเภอหล่มสัก เพชรบูรณ์ 67110,สำนักงานเกษตรจังหวัดเพชรบูรณ์,ห้วยไร่
3191,2568,หล่มสัก,วิสาหกิจชุมชนกลุ่มรวบรวมผลิตภัณฑ์ใบยาสูบห้วยไร่,เลขที่ 199 หมู่ 5 ตำบลห้วยไร่ อำเภอหล่มสัก เพชรบูรณ์ 67110,สำนักงานเกษตรจังหวัดเพชรบูรณ์,ห้วยไร่
3192,2568,หล่มสัก,วิสาหกิจชุมชนกลุ่มกองทุนเกษตรยั่งยืนบ้านแก่งยาว,เลขที่ 42/1 หมู่ 6 ตำบลห้วยไร่ อำเภอหล่มสัก เพชรบูรณ์ 67110,สำนักงานเกษตรจังหวัดเพชรบูรณ์,ห้วยไร่
3193,2568,หล่มสัก,วิสาหกิจชุมชนกลุ่มผู้ปลูกข้าวโพดเลี้ยงสัตว์บ้านแก่งยาว,เลขที่ 30 หมู่ 6 ตำบลห้วยไร่ อำเภอหล่มสัก เพชรบูรณ์ 67110,สำนักงานเกษตรจังหวัดเพชรบูรณ์,ห้วยไร่
3194,2568,หล่มสัก,วิสาหกิจชุมชนกลุ่มมะพร้าวแก้วบ้านท่าช้างหมู่ 6,เลขที่ 65 หมู่ 2 ตำบลห้วยไร่ อำเภอหล่มสัก เพชรบูรณ์ 67110,สำนักงานเกษตรจังหวัดเพชรบูรณ์,ห้วยไร่
3195,2568,หล่มสัก,วิสาหกิจชุมชนกลุ่มส่งเสริมอาชีพนาหญ้าบ้านร่องดู่,เลขที่ 149 หมู่ 4 ตำบลห้วยไร่ อำเภอหล่มสัก เพชรบูรณ์ 67110,สำนักงานเกษตรจังหวัดเพชรบูรณ์,ห้วยไร่
3196,2568,หล่มสัก,วิสาหกิจชุมชนกลุ่มผู้ใช้ปุ๋ยอินทรีย์บ้านร่องคู,เลขที่ 27 หมู่ 4 ตำบลห้วยไร่ อำเภอหล่มสัก เพชรบูรณ์ 67110,สำนักงานเกษตรจังหวัดเพชรบูรณ์,ห้วยไร่
3197,2568,หล่มสัก,วิสาหกิจชุมชนกลุ่มปุ๋ยอินทรีย์บ้านวังร่องหมู่ 5,เลขที่ 2 หมู่ 5 ตำบลห้วยไร่ อำเภอหล่มสัก เพชรบูรณ์ 67110,สำนักงานเกษตรจังหวัดเพชรบูรณ์,ห้วยไร่
3198,2568,หล่มสัก,วิสาหกิจชุมชนกลุ่มผู้ปลูกหน่อไม้ฝรั่งปลอดสารพิษ หมู่ 1 ตำบลห้วยไร่,เลขที่ 10 หมู่ 1 ตำบลห้วยไร่ อำเภอหล่มสัก เพชรบูรณ์ 67110,สำนักงานเกษตรจังหวัดเพชรบูรณ์,ห้วยไร่
3199,2568,หล่มสัก,วิสาหกิจชุมชนหน่อไม้ฝรั่งปลอดภัยตำบลห้วยไร่,เลขที่ 113/2 หมู่ 10 ตำบลห้วยไร่ อำเภอหล่มสัก เพชรบูรณ์ 67110,สำนักงานเกษตรจังหวัดเพชรบูรณ์,ห้วยไร่
3200,2568,หล่มสัก,วิสาหกิจชุมชนกลุ่มออมทรัพย์ฯ ม.1 บ้านท่าช้าง ต.ห้วยไร่,เลขที่ 106 หมู่ 1 ตำบลห้วยไร่ อำเภอหล่มสัก เพชรบูรณ์ 67110,สำนักงานเกษตรจังหวัดเพชรบูรณ์,ห้วยไร่
3201,2568,หล่มสัก,วิสาหกิจชุมชนกลุ่มผู้ทำการเกษตร,เลขที่ 16 หมู่ 4 ตำบลห้วยไร่ อำเภอหล่มสัก เพชรบูรณ์ 67110,สำนักงานเกษตรจังหวัดเพชรบูรณ์,ห้วยไร่
3202,2568,หล่มสัก,วิสาหกิจชุมชนกลุ่มเกษตรอินทรีย์บ้านวังร่อง,เลขที่ 17/1 หมู่ 5 ตำบลห้วยไร่ อำเภอหล่มสัก เพชรบูรณ์ 67110,สำนักงานเกษตรจังหวัดเพชรบูรณ์,ห้วยไร่
3203,2568,หล่มสัก,วิสาหกิจชุมชนกลุ่มหัตถกรรมทอผ้าขิดวัดโฆษา,เลขที่ 3/2 หมู่ 10 ตำบลห้วยไร่ อำเภอหล่มสัก เพชรบูรณ์ 67110,สำนักงานเกษตรจังหวัดเพชรบูรณ์,ห้วยไร่
3204,2568,หล่มสัก,วิสาหกิจชุมชนกลุ่มเกษตรอินทรีย์ตำบลห้วยไร่,เลขที่ 191 หมู่ 2 ตำบลห้วยไร่ อำเภอหล่มสัก เพชรบูรณ์ 67110,สำนักงานเกษตรจังหวัดเพชรบูรณ์,ห้วยไร่
3205,2568,หล่มสัก,วิสาหกิจชุมชนกลุ่มออมทรัพย์บ้านหัวนาท่าช้าง ม.10 ต.ห้วยไร่,เลขที่ 113/1 หมู่ 10 ตำบลห้วยไร่ อำเภอหล่มสัก เพชรบูรณ์ 67110,สำนักงานเกษตรจังหวัดเพชรบูรณ์,ห้วยไร่
3206,2568,หล่มสัก,วิสาหกิจชุมชนกลุ่มออมทรัพย์เพื่อการผลิตบ้านหัวนาขาม ม.9 ต.ห้วยไร่,เลขที่ 72 หมู่ 9 ตำบลห้วยไร่ อำเภอหล่มสัก เพชรบูรณ์ 67110,สำนักงานเกษตรจังหวัดเพชรบูรณ์,ห้วยไร่
3207,2568,หล่มสัก,วิสาหกิจชุมชนกลุ่มหัตถกรรมสร้างอาชีพตำบลห้วยไร่,เลขที่ 26 หมู่ 5 ตำบลห้วยไร่ อำเภอหล่มสัก เพชรบูรณ์ 67110,สำนักงานเกษตรจังหวัดเพชรบูรณ์,ห้วยไร่
3208,2568,หล่มสัก,วิสาหกิจชุมชนกลุ่มออมทรัพย์เพื่อการผลิต ม.6 ต.ห้วยไร่,เลขที่ 42/1 หมู่ 6 ตำบลห้วยไร่ อำเภอหล่มสัก เพชรบูรณ์ 67110,สำนักงานเกษตรจังหวัดเพชรบูรณ์,ห้วยไร่
3209,2568,หล่มสัก,วิสาหกิจชุมชนสุรากลั่นช้างคู่,เลขที่ 42 หมู่ 10 ตำบลห้วยไร่ อำเภอหล่มสัก เพชรบูรณ์ 67110,สำนักงานเกษตรจังหวัดเพชรบูรณ์,ห้วยไร่
3210,2568,หล่มสัก,วิสาหกิจชุมชนสานสายใยใจไทยทุกภาคตำบลห้วยไร่,เลขที่ 169 หมู่ที่ 12 ตำบลห้วยไร่ อำเภอหล่มสัก เพชรบูรณ์ 67110,สำนักงานเกษตรจังหวัดเพชรบูรณ์,ห้วยไร่
3211,2568,หล่มสัก,วิสาหกิจชุมชนสานสายใยใจไทยทุกภาคบ้านร่องคูใต้,เลขที่ 69/5 ตำบลห้วยไร่ อำเภอหล่มสัก เพชรบูรณ์ 67110,สำนักงานเกษตรจังหวัดเพชรบูรณ์,ห้วยไร่
3212,2568,หล่มสัก,วิสาหกิจชุมชนสานสายใยใจไทยทุกภาคบ้านท่าช้าง ม.1 ต.ห้วยไร่,เลขที่ 53 หมู่ 1 ตำบลห้วยไร่ อำเภอหล่มสัก เพชรบูรณ์ 67110,สำนักงานเกษตรจังหวัดเพชรบูรณ์,ห้วยไร่
3213,2568,หล่มสัก,วิสาหกิจชุมชนสานสายใยใจไทยทุกภาคบ้านปากเหมืองแบ่ง,เลขที่ 152 หมู่ 12 ตำบลห้วยไร่ อำเภอหล่มสัก เพชรบูรณ์ 67110,สำนักงานเกษตรจังหวัดเพชรบูรณ์,ห้วยไร่
3214,2568,หล่มสัก,วิสาหกิจชุมชนสานสายใยใจไทยทุกภาคผู้สูงอายุตำบลห้วยไร่,เลขที่ 62 หมู่ 9 ตำบลห้วยไร่ อำเภอหล่มสัก เพชรบูรณ์ 67110,สำนักงานเกษตรจังหวัดเพชรบูรณ์,ห้วยไร่
3215,2568,หล่มสัก,วิสาหกิจชุมชนสานสายใยใจไทยทุกภาคห้วยไร่ร่วมใจ,เลขที่ 111 หมู่ 9 ตำบลห้วยไร่ อำเภอหล่มสัก เพชรบูรณ์ 67110,สำนักงานเกษตรจังหวัดเพชรบูรณ์,ห้วยไร่
3216,2568,หล่มสัก,วิสาหกิจชุมชนกลุ่มแม่บ้านเกษตรกรบ้านฝายพัฒนา,เลขที่ 145 หมู่ 8 ตำบลน้ำก้อ อำเภอหล่มสัก เพชรบูรณ์ 67110,สำนักงานเกษตรจังหวัดเพชรบูรณ์,น้ำก้อ
3217,2568,หล่มสัก,วิสาหกิจชุมชนกลุ่มแม่บ้านเกษตรกรห้วยปูนร่วมใจ,เลขที่ 15/3 หมู่ 1 ตำบลน้ำก้อ อำเภอหล่มสัก เพชรบูรณ์ 67110,สำนักงานเกษตรจังหวัดเพชรบูรณ์,น้ำก้อ
3218,2568,หล่มสัก,วิสาหกิจชุมชนกลุ่มน้ำก้อท่องเที่ยวเชิงเกษตร,เลขที่ 198 หมู่ 2 ตำบลน้ำก้อ อำเภอหล่มสัก เพชรบูรณ์ 67110,สำนักงานเกษตรจังหวัดเพชรบูรณ์,น้ำก้อ
3219,2568,หล่มสัก,วิสาหกิจชุมชนกลุ่มรักโคน้ำก้อ,เลขที่ 104 หมู่ 3 ตำบลน้ำก้อ อำเภอหล่มสัก เพชรบูรณ์ 67110,สำนักงานเกษตรจังหวัดเพชรบูรณ์,น้ำก้อ
3220,2568,หล่มสัก,วิสาหกิจชุมชนเครือข่ายกองทุนพัฒนาเกษตรยั่งยืนตำบลน้ำก้อ,เลขที่ 119 หมู่ 3 ตำบลน้ำก้อ อำเภอหล่มสัก เพชรบูรณ์ 67110,สำนักงานเกษตรจังหวัดเพชรบูรณ์,น้ำก้อ
3221,2568,หล่มสัก,วิสาหกิจชุมชนบ้านน้ำก้อ,เลขที่ 143/2 หมู่ที่ 12 ตำบลน้ำก้อ อำเภอหล่มสัก เพชรบูรณ์ 67110,สำนักงานเกษตรจังหวัดเพชรบูรณ์,น้ำก้อ
3222,2568,หล่มสัก,วิสาหกิจชุมชนกลุ่มช่างไม้เฟอร์นิเจอร์หมู่ 5 บ้านน้ำคำ,เลขที่ 159 หมู่ 5 ตำบลปากช่อง อำเภอหล่มสัก เพชรบูรณ์ 67110,สำนักงานเกษตรจังหวัดเพชรบูรณ์,ปากช่อง
3223,2568,หล่มสัก,วิสาหกิจชุมชนเกษตรประสานงานอุตสาหกรรม,เลขที่ 102 หมู่ 4 ตำบลปากช่อง อำเภอหล่มสัก เพชรบูรณ์ 67110,สำนักงานเกษตรจังหวัดเพชรบูรณ์,ปากช่อง
3224,2568,หล่มสัก,วิสาหกิจชุมชนผู้ปลูกมะขามหวานผลิตผลและผู้เลี้ยงสัตว์(แกะ โคขุน),เลขที่ 41 หมู่ 9 ตำบลปากช่อง อำเภอหล่มสัก เพชรบูรณ์ 67110,สำนักงานเกษตรจังหวัดเพชรบูรณ์,ปากช่อง
3225,2568,หล่มสัก,วิสาหกิจชุมชนพืชผักปลอดภัยตำบลปากช่อง,เลขที่ 335/1 หมู่ 12 ตำบลปากช่อง อำเภอหล่มสัก เพชรบูรณ์ 67110,สำนักงานเกษตรจังหวัดเพชรบูรณ์,ปากช่อง
3226,2568,หล่มสัก,วิสาหกิจชุมชนสถานีผลิตพลังงานชีวมวลชุมชนตำบลปากช่อง จังหวัดเพชรบูรณ์,เลขที่ 86 หมู่ 5 ตำบลปากช่อง อำเภอหล่มสัก เพชรบูรณ์ 67110,สำนักงานเกษตรจังหวัดเพชรบูรณ์,ปากช่อง
3227,2568,หล่มสัก,วิสาหกิจชุมชนเกษตรปลอดภัยสมุนไพรล้ำค่า,เลขที่ 276 หมู่ 12 ตำบลปากช่อง อำเภอหล่มสัก เพชรบูรณ์ 67110,สำนักงานเกษตรจังหวัดเพชรบูรณ์,ปากช่อง
3228,2568,หล่มสัก,วิสาหกิจชุมชนกลุ่มบ้านน้ำคำพัฒนา,เลขที่ 77 หมู่ 5 ตำบลปากช่อง อำเภอหล่มสัก เพชรบูรณ์ 67110,สำนักงานเกษตรจังหวัดเพชรบูรณ์,ปากช่อง
3229,2568,หล่มสัก,วิสาหกิจชุมชนกลุ่มผลิตผักปลอดภัยและอินทรีย์ บ้านน้ำค้ำ,เลขที่ 119 หมูที่ 5 ตำบลปากช่อง อำเภอหล่มสัก เพชรบูรณ์ 67110,สำนักงานเกษตรจังหวัดเพชรบูรณ์,ปากช่อง
3230,2568,หล่มสัก,วิสาหกิจชุมชนสานสายใยใจไทยทุกภาค กลุ่มเกษตรผสมผสาน ตำบลปากช่อง,เลขที่ 52 หมู่ 4 ตำบลปากช่อง อำเภอหล่มสัก เพชรบูรณ์ 67110,สำนักงานเกษตรจังหวัดเพชรบูรณ์,ปากช่อง
3231,2568,หล่มสัก,วิสาหกิจชุมชนกลุ่มเกษตรผู้ปลูกยาสูบกกโอ,เลขที่ 66 หมู่ 4 ตำบลน้ำชุน อำเภอหล่มสัก เพชรบูรณ์ 67110,สำนักงานเกษตรจังหวัดเพชรบูรณ์,น้ำชุน
3232,2568,หล่มสัก,วิสาหกิจชุมชนกลุ่มภูมิไทร่วมใจ,เลขที่ 288 หมู่ 4 ตำบลน้ำชุน อำเภอหล่มสัก เพชรบูรณ์ 67110,สำนักงานเกษตรจังหวัดเพชรบูรณ์,น้ำชุน
3233,2568,หล่มสัก,วิสาหกิจชุมชนบริษัทกรีนเอิร์ธไบโอเทคโนโลยี(ประเทศไทย)จำกัด,เลขที่ 99/9 หมู่ 9 ตำบลน้ำชุน อำเภอหล่มสัก เพชรบูรณ์ 67110,สำนักงานเกษตรจังหวัดเพชรบูรณ์,น้ำชุน
3234,2568,หล่มสัก,วิสาหกิจชุมชนกลุ่มไทบ้านสมุนไพรไทหล่ม หมู่ 13 ตำบลน้ำชุน,เลขที่ 17/1 หมู่ 13 ตำบลน้ำชุน อำเภอหล่มสัก เพชรบูรณ์ 67110,สำนักงานเกษตรจังหวัดเพชรบูรณ์,น้ำชุน
3235,2568,หล่มสัก,วิสาหกิจชุมชนพืชผักเกษตรและสมุนไพรออนไลน์,เลขที่ 94 หมู่ 9 ตำบลน้ำชุน อำเภอหล่มสัก เพชรบูรณ์ 67110,สำนักงานเกษตรจังหวัดเพชรบูรณ์,น้ำชุน
3236,2568,หล่มสัก,วิสาหกิจชุมชนพิลาฟาร์มสตูดิโอ,เลขที่ 81 หมู่ 10 ตำบลน้ำชุน อำเภอหล่มสัก เพชรบูรณ์ 67110,สำนักงานเกษตรจังหวัดเพชรบูรณ์,น้ำชุน
3237,2568,หล่มสัก,วิสาหกิจชุมชนโกโก้แปรรูป อำเภอหล่มสัก,เลขที่ 19 หมู่ที่ 10 ตำบลน้ำชุน อำเภอหล่มสัก เพชรบูรณ์ 67110,สำนักงานเกษตรจังหวัดเพชรบูรณ์,น้ำชุน
3238,2568,หล่มสัก,สาหกิจชุมชนกลุ่มจัดซื้อและเลี้ยงโคแม่พันธุ์บ้านดงข่อยหมู่ 1,เลขที่ 3 หมู่ 1 ตำบลหนองไขว่ อำเภอหล่มสัก เพชรบูรณ์ 67110,สำนักงานเกษตรจังหวัดเพชรบูรณ์,หนองไขว่
3239,2568,หล่มสัก,วิสาหกิจชุมชนโคกหนองนาโมเดลเพื่อการเรียนรู้บ้านสวนละมุด,เลขที่ 93 หมู่ 12 ตำบลหนองไขว่ อำเภอหล่มสัก เพชรบูรณ์ 67110,สำนักงานเกษตรจังหวัดเพชรบูรณ์,หนองไขว่
3240,2568,หล่มสัก,วิสาหกิจชุมชนกลุ่มผลิตพืชผัก GAP ตำบลหนองไขว่,เลขที่ 8 หมู่ 2 ตำบลหนองไขว่ อำเภอหล่มสัก เพชรบูรณ์ 67110,สำนักงานเกษตรจังหวัดเพชรบูรณ์,หนองไขว่
3241,2568,หล่มสัก,วิสาหกิจชุมชนกลุ่มจักสานบ้านงิ้วงาม,เลขที่ 49 หมู่ 11 ตำบลลานบ่า อำเภอหล่มสัก เพชรบูรณ์ 67110,สำนักงานเกษตรจังหวัดเพชรบูรณ์,ลานบ่า
3242,2568,หล่มสัก,วิสาหกิจชุมชนกลุ่มจักสานตะกร้าใส่ผักบ้านท่าขาม,เลขที่ 155 หมู่ 5 ตำบลลานบ่า อำเภอหล่มสัก เพชรบูรณ์ 67110,สำนักงานเกษตรจังหวัดเพชรบูรณ์,ลานบ่า
3243,2568,หล่มสัก,วิสาหกิจชุมชนกลุ่มเกษตรกรบ้านท่าขาม,เลขที่ 154 หมู่ 5 ตำบลลานบ่า อำเภอหล่มสัก เพชรบูรณ์ 67110,สำนักงานเกษตรจังหวัดเพชรบูรณ์,ลานบ่า
3244,2568,หล่มสัก,วิสาหกิจชุมชนกลุ่มออมทรัพย์เพื่อการผลิตใบยาสูบบ้านลานบ่าหมู่ 6,เลขที่ 124 หมู่ 6 ตำบลลานบ่า อำเภอหล่มสัก เพชรบูรณ์ 67110,สำนักงานเกษตรจังหวัดเพชรบูรณ์,ลานบ่า
3245,2568,หล่มสัก,วิสาหกิจชุมชนอัดฟางก้อน หมู่ 6,เลขที่ 68 หมู่ 6 ตำบลลานบ่า อำเภอหล่มสัก เพชรบูรณ์ 67110,สำนักงานเกษตรจังหวัดเพชรบูรณ์,ลานบ่า
3246,2568,หล่มสัก,วิสาหกิจชุมชนกลุ่มโคกระบือบ้านคลองสีฟัน,เลขที่ 150 หมู่ 8 ตำบลลานบ่า อำเภอหล่มสัก เพชรบูรณ์ 67110,สำนักงานเกษตรจังหวัดเพชรบูรณ์,ลานบ่า
3247,2568,หล่มสัก,วิสาหกิจชุมชนเลี้ยงโคกระบือสนามบิน,เลขที่ 38 หมู่ 9 ตำบลลานบ่า อำเภอหล่มสัก เพชรบูรณ์ 67110,สำนักงานเกษตรจังหวัดเพชรบูรณ์,ลานบ่า
3248,2568,หล่มสัก,วิสาหกิจชุมชนกลุ่มผลิตเมล็ดพันธุ์ข้าวโพดลูกผสมบ้านไร่พัฒนา,เลขที่ 55 หมู่ 14 ตำบลลานบ่า อำเภอหล่มสัก เพชรบูรณ์ 67110,สำนักงานเกษตรจังหวัดเพชรบูรณ์,ลานบ่า
3249,2568,หล่มสัก,วิสาหกิจชุมชนกลุ่มส้มโอหวานบ้านคลองสีฟันตำบลลานบ่า,เลขที่ 150 หมู่ 8 ตำบลลานบ่า อำเภอหล่มสัก เพชรบูรณ์ 67110,สำนักงานเกษตรจังหวัดเพชรบูรณ์,ลานบ่า
3250,2568,หล่มสัก,วิสาหกิจชุมชนกลุ่มส้มโอหวานบ้านคลองสีฟันตำบลลานบ่า 2,เลขที่ 43 หมู่ 8 ตำบลลานบ่า อำเภอหล่มสัก เพชรบูรณ์ 67110,สำนักงานเกษตรจังหวัดเพชรบูรณ์,ลานบ่า
3251,2568,หล่มสัก,วิสาหกิจชุมชนธนาคารหมู่บ้านงิ้วงาม,เลขที่ 90 หมู่ 11 ตำบลลานบ่า อำเภอหล่มสัก เพชรบูรณ์ 67110,สำนักงานเกษตรจังหวัดเพชรบูรณ์,ลานบ่า
3252,2568,หล่มสัก,วิสาหกิจชุมชนธนาคารหมู่บ้านวังโป่ง,เลขที่ 27 หมู่ 3 ตำบลลานบ่า อำเภอหล่มสัก เพชรบูรณ์ 67110,สำนักงานเกษตรจังหวัดเพชรบูรณ์,ลานบ่า
3253,2568,หล่มสัก,วิสาหกิจชุมชนกลุ่มออมทรัพย์ฯ เพื่อการออมหุ้น หมู่ 7,เลขที่ 76 หมู่ 7 ตำบลลานบ่า อำเภอหล่มสัก เพชรบูรณ์ 67110,สำนักงานเกษตรจังหวัดเพชรบูรณ์,ลานบ่า
3254,2568,หล่มสัก,วิสาหกิจชุมชนกลุ่มออมทรัพย์ฯ หมู่ 3 บ้านวังโป่ง ตำบลลานบ่า,เลขที่ 56 หมู่ 3 ตำบลลานบ่า อำเภอหล่มสัก เพชรบูรณ์ 67110,สำนักงานเกษตรจังหวัดเพชรบูรณ์,ลานบ่า
3255,2568,หล่มสัก,วิสาหกิจชุมชนธนาคารหมู่บ้านตามแนวพระราชดำริบ้านท่าขาม,เลขที่ 137 หมู่ 5 ตำบลลานบ่า อำเภอหล่มสัก เพชรบูรณ์ 67110,สำนักงานเกษตรจังหวัดเพชรบูรณ์,ลานบ่า
3256,2568,หล่มสัก,วิสาหกิจชุมชนธนาคารหมู่บ้านท่าใหม่ ตามแนวพระราชดำริ,เลขที่ 101/1 หมู่ 12 ตำบลลานบ่า อำเภอหล่มสัก เพชรบูรณ์ 67110,สำนักงานเกษตรจังหวัดเพชรบูรณ์,ลานบ่า
3257,2568,หล่มสัก,วิสาหกิจชุมชนธนาคารหมู่บ้านตามแนวพระราชดำริบ้านจางวาง,เลขที่ 147 หมู่ 18 ตำบลลานบ่า อำเภอหล่มสัก เพชรบูรณ์ 67110,สำนักงานเกษตรจังหวัดเพชรบูรณ์,ลานบ่า
3258,2568,หล่มสัก,วิสาหกิจชุมชนกลุ่มแปลงใหญ่ข้าวโพดเลี้ยงสัตว์ตำบลลานบ่า,เลขที่ 1 หมู่ 9 ตำบลลานบ่า อำเภอหล่มสัก เพชรบูรณ์ 67110,สำนักงานเกษตรจังหวัดเพชรบูรณ์,ลานบ่า
3259,2568,หล่มสัก,วิสาหกิจชุมชนกลุ่มการผลิตพืชบ้านงิ้วงาม,เลขที่ 90 หมู่ 11 ตำบลลานบ่า อำเภอหล่มสัก เพชรบูรณ์ 67110,สำนักงานเกษตรจังหวัดเพชรบูรณ์,ลานบ่า
3260,2568,หล่มสัก,วิสาหกิจชุมชนนครเดิดพัฒนา,เลขที่ 1 หมู่ที่ 10 ตำบลลานบ่า อำเภอหล่มสัก เพชรบูรณ์ 67110,สำนักงานเกษตรจังหวัดเพชรบูรณ์,ลานบ่า
3261,2568,หล่มสัก,วิสาหกิจชุมชนแปรรูปบ้านกุดกุ่ม,เลขที่ 7 หมู่ 8 ตำบลบุ่งคล้า อำเภอหล่มสัก เพชรบูรณ์ 67110,สำนักงานเกษตรจังหวัดเพชรบูรณ์,บุ่งคล้า
3262,2568,หล่มสัก,วิสาหกิจชุมชนเกษตรอินทรีย์วิถีคนรุ่นใหม่หล่มสัก,เลขที่ 10 หมู่ 8 ตำบลบุ่งคล้า อำเภอหล่มสัก เพชรบูรณ์ 67110,สำนักงานเกษตรจังหวัดเพชรบูรณ์,บุ่งคล้า
3263,2568,หล่มสัก,วิสาหกิจชุมชนกลุ่มดินทองการเกษตร,เลขที่ 124 หมู่ 10 ตำบลบุ่งน้ำเต้า อำเภอหล่มสัก เพชรบูรณ์ 67110,สำนักงานเกษตรจังหวัดเพชรบูรณ์,บุ่งน้ำเต้า
3264,2568,หล่มสัก,วิสาหกิจชุมชนกลุ่มพัฒนาอาชีพเพาะเห็ดตำบลบุ่งน้ำเต้า,เลขที่ 260 หมู่ 10 ตำบลบุ่งน้ำเต้า อำเภอหล่มสัก เพชรบูรณ์ 67110,สำนักงานเกษตรจังหวัดเพชรบูรณ์,บุ่งน้ำเต้า
3265,2568,หล่มสัก,วิสาหกิจชุมชนรวบรวมและแปรรูปมะขามหวานบ้านมะขาม,เลขที่ 96 หมู่ 4 ตำบลบุ่งน้ำเต้า อำเภอหล่มสัก เพชรบูรณ์ 67110,สำนักงานเกษตรจังหวัดเพชรบูรณ์,บุ่งน้ำเต้า
3266,2568,หล่มสัก,วิสาหกิจชุมชนกลุ่มแปลงใหญ่ข้าวโพดเลี้ยงสัตว์ตำบลบุ่งน้ำเต้า,เลขที่ 42/1 หมู่ 3 ตำบลบุ่งน้ำเต้า อำเภอหล่มสัก เพชรบูรณ์ 67110,สำนักงานเกษตรจังหวัดเพชรบูรณ์,บุ่งน้ำเต้า
3267,2568,หล่มสัก,วิสาหกิจชุมชนปลูกสมุนไพร หมู่4 ต.บุ่งน้ำเต้า,เลขที่ 59/1 หมู่ 4 ตำบลบุ่งน้ำเต้า อำเภอหล่มสัก เพชรบูรณ์ 67110,สำนักงานเกษตรจังหวัดเพชรบูรณ์,บุ่งน้ำเต้า
3268,2568,หล่มสัก,วิสาหกิจชุมชนสานสายใยใจไทยทุกภาคตำบลบุ่งน้ำเต้า,เลขที่ 95 หมู่ 7 ตำบลบุ่งน้ำเต้า อำเภอหล่มสัก เพชรบูรณ์ 67110,สำนักงานเกษตรจังหวัดเพชรบูรณ์,บุ่งน้ำเต้า
3269,2568,หล่มสัก,วิสาหกิจชุมชนกลุ่มร้านค้าออมทรัพย์เพื่อการผลิตบ้านป่าบง,เลขที่ 124/2 หมู่ 6 ตำบลบ้านกลาง อำเภอหล่มสัก เพชรบูรณ์ 67110,สำนักงานเกษตรจังหวัดเพชรบูรณ์,บ้านกลาง
3270,2568,หล่มสัก,วิสาหกิจชุมชนกลุ่มผู้ปลูกยาเส้นอิดำ,เลขที่ 25 หมู่ 16 ตำบลบ้านกลาง อำเภอหล่มสัก เพชรบูรณ์ 67110,สำนักงานเกษตรจังหวัดเพชรบูรณ์,บ้านกลาง
3271,2568,หล่มสัก,วิสาหกิจชุมชนแปลงใหญ่ผักปลอดภัยตำบลบ้านกลาง,เลขที่ 4 หมู่ 5 ตำบลบ้านกลาง อำเภอหล่มสัก เพชรบูรณ์ 67110,สำนักงานเกษตรจังหวัดเพชรบูรณ์,บ้านกลาง
3272,2568,หล่มสัก,วิสาหกิจชุมชนกลุ่มผู้เลี้ยงแพาะบ้านน้ำพุพัฒนา,เลขที่ 19 หมู่ 11 ตำบลบ้านกลาง อำเภอหล่มสัก เพชรบูรณ์ 67110,สำนักงานเกษตรจังหวัดเพชรบูรณ์,บ้านกลาง
3273,2568,หล่มสัก,วิสาหกิจชุมชนกลุ่มเลี้ยงจิ้งหรีดบ้านโป่งขามผาด,เลขที่ 27 หมู่ 7 ตำบลบ้านกลาง อำเภอหล่มสัก เพชรบูรณ์ 67110,สำนักงานเกษตรจังหวัดเพชรบูรณ์,บ้านกลาง
3274,2568,หล่มสัก,วิสาหกิจชุมชนกลุ่มเลี้ยงแพะ(ขยายพันธุ์) บ้านน้ำเลน,เลขที่ 127 หมู่ 4 ตำบลบ้านกลาง อำเภอหล่มสัก เพชรบูรณ์ 67110,สำนักงานเกษตรจังหวัดเพชรบูรณ์,บ้านกลาง
3275,2568,หล่มสัก,วิสาหกิจชุมชนกลุ่มเลี้ยงแพะ(ขยายพันธุ์) ห้วยด่านเหนือ,เลขที่ 18 หมู่ 1 ตำบลบ้านกลาง อำเภอหล่มสัก เพชรบูรณ์ 67110,สำนักงานเกษตรจังหวัดเพชรบูรณ์,บ้านกลาง
3276,2568,หล่มสัก,วิสาหกิจชุมชนกลุ่มเลี้ยงแพะ (ขยายพันธุ์) บ้านร่องกระถิน,เลขที่ 128 หมู่ 5 ตำบลบ้านกลาง อำเภอหล่มสัก เพชรบูรณ์ 67110,สำนักงานเกษตรจังหวัดเพชรบูรณ์,บ้านกลาง
3277,2568,หล่มสัก,วิสาหกิจชุมชนกลุ่มเลี้ยงแพะ(ขยายพันธุ์) บ้านห้วยด่านน้อย,เลขที่ 33 หมู่ที่ 9 ตำบลบ้านกลาง อำเภอหล่มสัก เพชรบูรณ์ 67110,สำนักงานเกษตรจังหวัดเพชรบูรณ์,บ้านกลาง
3278,2568,หล่มสัก,วิสาหกิจชุมชนกลุ่มเลี้ยงแพะ (ขยายพันธ์ุ) บ้านน้ำหลุม,เลขที่ 172/1 หมู่ 12 ตำบลบ้านกลาง อำเภอหล่มสัก เพชรบูรณ์ 67110,สำนักงานเกษตรจังหวัดเพชรบูรณ์,บ้านกลาง
3279,2568,หล่มสัก,วิสาหกิจชุมชนสานสายใยใจไทยทุกภาค ต.บ้านกลาง,เลขที่ 14 หมู่ 9 ตำบลบ้านกลาง อำเภอหล่มสัก เพชรบูรณ์ 67110,สำนักงานเกษตรจังหวัดเพชรบูรณ์,บ้านกลาง
3280,2568,หล่มสัก,วิสาหกิจชุมชนกลุ่มผู้เลี้ยงวัวบ้านช้างตะลูด,เลขที่ 210 หมู่ 11 ตำบลช้างตะลูด อำเภอหล่มสัก เพชรบูรณ์ 67110,สำนักงานเกษตรจังหวัดเพชรบูรณ์,ช้างตะลูด
3281,2568,หล่มสัก,วิสาหกิจชุมชนกลุ่มผลิตกิ่งพันธุ์ไม้,เลขที่ 63 หมู่ 10 ตำบลช้างตะลูด อำเภอหล่มสัก เพชรบูรณ์ 67110,สำนักงานเกษตรจังหวัดเพชรบูรณ์,ช้างตะลูด
3282,2568,หล่มสัก,วิสาหกิจชุมชนผลิตภัณฑ์พืชอินทรีย์บ้านช้างตะลูด,เลขที่ 103 หมู่ 7 ตำบลช้างตะลูด อำเภอหล่มสัก เพชรบูรณ์ 67110,สำนักงานเกษตรจังหวัดเพชรบูรณ์,ช้างตะลูด
3283,2568,หล่มสัก,วิสาหกิจชุมชนผลิตภัณฑ์อินทรีย์เพชรบูรณ์,เลขที่ 150 หมู่ 5 ตำบลช้างตะลูด อำเภอหล่มสัก เพชรบูรณ์ 67110,สำนักงานเกษตรจังหวัดเพชรบูรณ์,ช้างตะลูด
3284,2568,หล่มสัก,วิสาหกิจชุมชนเกษตรพืชผักปลอดภัยบ้านช้างตะลูด,เลขที่ 181 หมู่ 7 ตำบลช้างตะลูด อำเภอหล่มสัก เพชรบูรณ์ 67110,สำนักงานเกษตรจังหวัดเพชรบูรณ์,ช้างตะลูด
3285,2568,หล่มสัก,วิสาหกิจชุมชนพืชผักสมุนไพรตามรอยพระบาท,เลขที่ 35/1 หมู่ 4 ตำบลช้างตะลูด อำเภอหล่มสัก เพชรบูรณ์ 67110,สำนักงานเกษตรจังหวัดเพชรบูรณ์,ช้างตะลูด
3286,2568,หล่มสัก,วิสาหกิจชุมชนแปรรูปมะขาม ม.7 ต.ช้างตะลูด,เลขที่ 71/5 หมู่ 7 ตำบลช้างตะลูด อำเภอหล่มสัก เพชรบูรณ์ 67110,สำนักงานเกษตรจังหวัดเพชรบูรณ์,ช้างตะลูด
3287,2568,หล่มสัก,วิสาหกิจชุมชนกลุ่มเลี้ยงไก่พันธุ์ไข่บ้านซำภู,เลขที่ 18 หมู่ 5 ตำบลช้างตะลูด อำเภอหล่มสัก เพชรบูรณ์ 67110,สำนักงานเกษตรจังหวัดเพชรบูรณ์,ช้างตะลูด
3288,2568,หล่มสัก,วิสาหกิจชุมชนสานสายใยใจไทยทุกภาค ตำบลช้างตะลูด,เลขที่ 34/4 หมู่ 2 ตำบลช้างตะลูด อำเภอหล่มสัก เพชรบูรณ์ 67110,สำนักงานเกษตรจังหวัดเพชรบูรณ์,ช้างตะลูด
3289,2568,หล่มสัก,วิสาหกิจชุมชนกลุ่มผู้ทำปุ๋ยน้ำหมักชีวภาพ,เลขที่ 5 หมู่ 5 ตำบลบ้านไร่ อำเภอหล่มสัก เพชรบูรณ์ 67110,สำนักงานเกษตรจังหวัดเพชรบูรณ์,บ้านไร่
3290,2568,หล่มสัก,วิสาหกิจชุมชนธนาคารผักปลอดสาร459ชุมชนบ้านไร่,เลขที่ 189 หมู่ 1 ตำบลบ้านไร่ อำเภอหล่มสัก เพชรบูรณ์ 67110,สำนักงานเกษตรจังหวัดเพชรบูรณ์,บ้านไร่
3291,2568,หล่มสัก,วิสาหกิจชุมชนเกษตรอินทรีย์ชีววิถีบ้านไร่,เลขที่ 198 หมู่ 1 ตำบลบ้านไร่ อำเภอหล่มสัก เพชรบูรณ์ 67110,สำนักงานเกษตรจังหวัดเพชรบูรณ์,บ้านไร่
3292,2568,หล่มสัก,วิสาหกิจชุมชนสานสายใยใจไทยทุกภาคเกษตรผสมผสานอาหารแปรรูปอุตสาหกรรม,เลขที่ 209 หมู่ 1 ตำบลบ้านไร่ อำเภอหล่มสัก เพชรบูรณ์ 67110,สำนักงานเกษตรจังหวัดเพชรบูรณ์,บ้านไร่
3293,2568,หล่มสัก,วิสาหกิจชุมชนผลิตผักตำบลปากดุก,เลขที่ 33/3 หมู่ 6 ตำบลปากดุก อำเภอหล่มสัก เพชรบูรณ์ 67110,สำนักงานเกษตรจังหวัดเพชรบูรณ์,ปากดุก
3294,2568,หล่มสัก,วิสาหกิจชุมชนสานสายใยใจไทยทุกภาคตำบลปากดุก,เลขที่ 56 หมู่ 4 ตำบลปากดุก อำเภอหล่มสัก เพชรบูรณ์ 67110,สำนักงานเกษตรจังหวัดเพชรบูรณ์,ปากดุก
3295,2568,หล่มสัก,วิสาหกิจชุมชนกลุ่มผู้ปลูกข้าวและยาสูบหมู่ 5 ตำบลบ้านหวาย,เลขที่ 94 หมู่ 5 ตำบลบ้านหวาย อำเภอหล่มสัก เพชรบูรณ์ 67110,สำนักงานเกษตรจังหวัดเพชรบูรณ์,บ้านหวาย
3296,2568,หล่มสัก,วิสาหกิจชุมชนกลุ่มชุมชนไม้มีค่าและการแปรรูปผลิตผลทางการเกษตรห้วยแสนคำ,เลขที่ 2 หมู่ 7 ตำบลบ้านหวาย อำเภอหล่มสัก เพชรบูรณ์ 67110,สำนักงานเกษตรจังหวัดเพชรบูรณ์,บ้านหวาย
3297,2568,หล่มสัก,วิสาหกิจชุมชนโนนสาวเอ้ออร์แกนิคฟาร์ม,เลขที่ 71 หมู่ 7 ตำบลบ้านหวาย อำเภอหล่มสัก เพชรบูรณ์ 67110,สำนักงานเกษตรจังหวัดเพชรบูรณ์,บ้านหวาย
3298,2568,หล่มสัก,วิสาหกิจชุมชนกลุ่มทอผ้าไทหล่มบ้านหวาย,เลขที่ 43 หมู่ 1 ตำบลบ้านหวาย อำเภอหล่มสัก เพชรบูรณ์ 67110,สำนักงานเกษตรจังหวัดเพชรบูรณ์,บ้านหวาย
3299,2568,หล่มสัก,วิสาหกิจชุมชนแปลงใหญ่ผักตำบลบ้านหวาย,เลขที่ 115 หมู่ 4 ตำบลบ้านหวาย อำเภอหล่มสัก เพชรบูรณ์ 67110,สำนักงานเกษตรจังหวัดเพชรบูรณ์,บ้านหวาย
3300,2568,หล่มสัก,วิสาหกิจชุมชนบ้านสมุนไพร ธนัญญา,เลขที่ 237 หมูที่ 6 ตำบลบ้านหวาย อำเภอหล่มสัก เพชรบูรณ์ 67110,สำนักงานเกษตรจังหวัดเพชรบูรณ์,บ้านหวาย
3301,2568,หล่มเก่า,วิสาหกิจชุมชนกลุ่มออมทรัพย์เพื่อการผลิต ม.3,เลขที่ 41 หมู่ 3 ตำบลหล่มเก่า อำเภอหล่มเก่า เพชรบูรณ์ 67120,สำนักงานเกษตรจังหวัดเพชรบูรณ์,หล่มเก่า
3302,2568,หล่มเก่า,วิสาหกิจชุมชนรุ่งเรืองตำบลหล่มเก่า,เลขที่ 3 หมู่ 4 ตำบลหล่มเก่า อำเภอหล่มเก่า เพชรบูรณ์ 67120,สำนักงานเกษตรจังหวัดเพชรบูรณ์,หล่มเก่า
3303,2568,หล่มเก่า,วิสาหกิจชุมชนกลุ่มบ้านวังเวินเกษตรปลอดภัย,เลขที่ 202 หมู่ 12 ตำบลหล่มเก่า อำเภอหล่มเก่า เพชรบูรณ์ 67120,สำนักงานเกษตรจังหวัดเพชรบูรณ์,หล่มเก่า
3304,2568,หล่มเก่า,วิสาหกิจชุมชนบ้านสมุนไพรฅนไทหล่ม,เลขที่ 11/2 หมู่ที่ 5 ตำบลหล่มเก่า อำเภอหล่มเก่า เพชรบูรณ์ 67120,สำนักงานเกษตรจังหวัดเพชรบูรณ์,หล่มเก่า
3305,2568,หล่มเก่า,วิสาหกิจชุมชนสานสายใยใจไทยทุกภาคตำบลหล่มเก่า,เลขที่ 190 หมู่ที่ 11 ตำบลหล่มเก่า อำเภอหล่มเก่า เพชรบูรณ์ 67120,สำนักงานเกษตรจังหวัดเพชรบูรณ์,หล่มเก่า
3306,2568,หล่มเก่า,วิสาหกิจชุมชนถิ่นภูหล่ม,เลขที่ 16 หมู่ที่ 5 ตำบลหล่มเก่า อำเภอหล่มเก่า เพชรบูรณ์ 67120,สำนักงานเกษตรจังหวัดเพชรบูรณ์,หล่มเก่า
3307,2568,หล่มเก่า,วิสาหกิจชุมชนกลุ่มทอผ้าบ้านอีเลิศ,เลขที่ 210 หมู่ 8 ตำบลนาซำ อำเภอหล่มเก่า เพชรบูรณ์ 67120,สำนักงานเกษตรจังหวัดเพชรบูรณ์,นาซำ
3308,2568,หล่มเก่า,วิสาหกิจชุมชนกลุ่มแปรรูปพริกบ้านแก่งโตน,เลขที่ 147 หมู่ 2 ตำบลนาซำ อำเภอหล่มเก่า เพชรบูรณ์ 67120,สำนักงานเกษตรจังหวัดเพชรบูรณ์,นาซำ
3309,2568,หล่มเก่า,วิสาหกิจชุมชนกลุ่มแม่บ้านทฤษฎีใหม่,เลขที่ 178 หมู่ที่ 1 ตำบลนาซำ อำเภอหล่มเก่า เพชรบูรณ์ 67120,สำนักงานเกษตรจังหวัดเพชรบูรณ์,นาซำ
3310,2568,หล่มเก่า,วิสาหกิจชุมชนกลุ่มออมทรัพย์เพื่อการผลิตบ้านกกกะทอน,เลขที่ 97 หมู่ 4 ตำบลนาซำ อำเภอหล่มเก่า เพชรบูรณ์ 67120,สำนักงานเกษตรจังหวัดเพชรบูรณ์,นาซำ
3311,2568,หล่มเก่า,วิสาหกิจชุมชนผู้ปลูกพืชผัก-ผลไม้อินทรีย์ หมู่ 8 ตำบลนาซำ,เลขที่ 309 หมู่ 8 ตำบลนาซำ อำเภอหล่มเก่า เพชรบูรณ์ 67120,สำนักงานเกษตรจังหวัดเพชรบูรณ์,นาซำ
3312,2568,หล่มเก่า,วิสาหกิจชุมชนแก่งโตนเฟอร์นิเจอร์,เลขที่ 131 หมู่ 10 ตำบลนาซำ อำเภอหล่มเก่า เพชรบูรณ์ 67120,สำนักงานเกษตรจังหวัดเพชรบูรณ์,นาซำ
3313,2568,หล่มเก่า,วิสาหกิจชุมชนผลิตภัณฑ์พืชอินทรีย์นาซำ,เลขที่ 163 หมู่ 1 ตำบลนาซำ อำเภอหล่มเก่า เพชรบูรณ์ 67120,สำนักงานเกษตรจังหวัดเพชรบูรณ์,นาซำ
3314,2568,หล่มเก่า,วิสาหกิจชุมชนอุดมสุขบ้านนาซำ,เลขที่ 48 หมู่ 6 ตำบลนาซำ อำเภอหล่มเก่า เพชรบูรณ์ 67120,สำนักงานเกษตรจังหวัดเพชรบูรณ์,นาซำ
3315,2568,หล่มเก่า,วิสาหกิจชุมชนอุดมสุขบ้านอีเลิศ,เลขที่ 16 หมู่ 8 ตำบลนาซำ อำเภอหล่มเก่า เพชรบูรณ์ 67120,สำนักงานเกษตรจังหวัดเพชรบูรณ์,นาซำ
3316,2568,หล่มเก่า,วิสาหกิจชุมชนกลุ่มแปลงใหญ่กล้วยตำบลนาซำ,เลขที่ 75/2 หมู่ 6 ตำบลนาซำ อำเภอหล่มเก่า เพชรบูรณ์ 67120,สำนักงานเกษตรจังหวัดเพชรบูรณ์,นาซำ
3317,2568,หล่มเก่า,วิสาหกิจชุมชนแปลงใหญ่มะละกอบ้านหนองใหญ่,เลขที่ 23 หมู่ 1 ตำบลนาซำ อำเภอหล่มเก่า เพชรบูรณ์ 67120,สำนักงานเกษตรจังหวัดเพชรบูรณ์,นาซำ
3318,2568,หล่มเก่า,วิสาหกิจชุมชนแปลงใหญ่มะขามตำบลนาซำ,เลขที่ 92 หมู่ 7 ตำบลนาซำ อำเภอหล่มเก่า เพชรบูรณ์ 67120,สำนักงานเกษตรจังหวัดเพชรบูรณ์,นาซำ
3319,2568,หล่มเก่า,วิสาหกิจชุมชนกลุ่มทอผ้าบ้านนาซำ,เลขที่ 258 หมู่ที่ 6 ตำบลนาซำ อำเภอหล่มเก่า เพชรบูรณ์ 67120,สำนักงานเกษตรจังหวัดเพชรบูรณ์,นาซำ
3320,2568,หล่มเก่า,วิสาหกิจชุมชนกลุ่มสานสายใยใจไทยทุกภาคหล่มเก่า,เลขที่ 20 หมู่ที่ 7 ตำบลนาซำ อำเภอหล่มเก่า เพชรบูรณ์ 67120,สำนักงานเกษตรจังหวัดเพชรบูรณ์,นาซำ
3321,2568,หล่มเก่า,วิสาหกิจชุมชนศูนย์ข้าวชุมชนบ้านแก่งโตนใหม่,เลขที่ 24 หมู่ที่ 10 ตำบลนาซำ อำเภอหล่มเก่า เพชรบูรณ์ 67120,สำนักงานเกษตรจังหวัดเพชรบูรณ์,นาซำ
3322,2568,หล่มเก่า,วิสาหกิจชุมชนศูนย์ส่งเสริมและผลิตพันธุ์ข้าวชุมชน ต.หินฮาว,เลขที่ 32 หมู่ 2 ตำบลหินฮาว อำเภอหล่มเก่า เพชรบูรณ์ 67120,สำนักงานเกษตรจังหวัดเพชรบูรณ์,หินฮาว
3323,2568,หล่มเก่า,วิสาหกิจชุมชนกลุ่มเลี้ยงโคพันธุ์เนื้อบ้านหนองเล,เลขที่ 96 หมู่ 13 ตำบลหินฮาว อำเภอหล่มเก่า เพชรบูรณ์ 67120,สำนักงานเกษตรจังหวัดเพชรบูรณ์,หินฮาว
3324,2568,หล่มเก่า,วิสาหกิจชุมชนกลุ่มผลิตและจัดซื้อหอม-กระเทียมบ้านหนองเล,เลขที่ 102 หมู่ 13 ตำบลหินฮาว อำเภอหล่มเก่า เพชรบูรณ์ 67120,สำนักงานเกษตรจังหวัดเพชรบูรณ์,หินฮาว
3325,2568,หล่มเก่า,วิสาหกิจชุมชนกลุ่มปลูกและซื้อ-ขายยาสูบ,เลขที่ 151 หมู่ 13 ตำบลหินฮาว อำเภอหล่มเก่า เพชรบูรณ์ 67120,สำนักงานเกษตรจังหวัดเพชรบูรณ์,หินฮาว
3326,2568,หล่มเก่า,วิสาหกิจชุมชนกลุ่มทอผ้าบ้านภูผักไซ่,เลขที่ 32 หมู่ 7 ตำบลหินฮาว อำเภอหล่มเก่า เพชรบูรณ์ 67120,สำนักงานเกษตรจังหวัดเพชรบูรณ์,หินฮาว
3327,2568,หล่มเก่า,วิสาหกิจชุมชนกลุ่มผลิตและแปรรูปมะขามบ้านท่าผู,เลขที่ 143 หมู่ 6 ตำบลหินฮาว อำเภอหล่มเก่า เพชรบูรณ์ 67120,สำนักงานเกษตรจังหวัดเพชรบูรณ์,หินฮาว
3328,2568,หล่มเก่า,วิสาหกิจชุมชนกลุ่มเกษตรกรผู้ใช้ปุ๋ยบ้านหนองยาว,เลขที่ 58/1 หมู่ 1 ตำบลหินฮาว อำเภอหล่มเก่า เพชรบูรณ์ 67120,สำนักงานเกษตรจังหวัดเพชรบูรณ์,หินฮาว
3329,2568,หล่มเก่า,วิสาหกิจชุมชนกลุ่มผู้ใช้ปุ๋ย หมู่ 5 บ้านปลาฝา,เลขที่ 7 หมู่ 5 ตำบลหินฮาว อำเภอหล่มเก่า เพชรบูรณ์ 67120,สำนักงานเกษตรจังหวัดเพชรบูรณ์,หินฮาว
3330,2568,หล่มเก่า,วิสาหกิจชุมชนกลุ่มปลูกใบยาสูบ,เลขที่ 32 หมู่ 2 ตำบลหินฮาว อำเภอหล่มเก่า เพชรบูรณ์ 67120,สำนักงานเกษตรจังหวัดเพชรบูรณ์,หินฮาว
3331,2568,หล่มเก่า,วิสาหกิจชุมชนผู้ปลูกพืชสมุนไพรประยุกต์ใช้เพื่อสุขภาพ,เลขที่ 123 หมู่ 13 ตำบลหินฮาว อำเภอหล่มเก่า เพชรบูรณ์ 67120,สำนักงานเกษตรจังหวัดเพชรบูรณ์,หินฮาว
3332,2568,หล่มเก่า,วิสาหกิจชุมชนกลุ่มเลี้ยงแพะบ้านปลาฝา,เลขที่ 77 หมู่ 5 ตำบลหินฮาว อำเภอหล่มเก่า เพชรบูรณ์ 67120,สำนักงานเกษตรจังหวัดเพชรบูรณ์,หินฮาว
3333,2568,หล่มเก่า,วิสาหกิจชุมชนกลุ่มผักอินทรีย์ หล่มเก่า ฮาร์ทเมด,เลขที่ 29 หมู่ที่ 9 ตำบลหินฮาว อำเภอหล่มเก่า เพชรบูรณ์ 67120,สำนักงานเกษตรจังหวัดเพชรบูรณ์,หินฮาว
3334,2568,หล่มเก่า,วิสาหกิจชุมชนกลุ่มพริกขิงแปรรูป,เลขที่ 97 หมู่ที่ 12 ตำบลหินฮาว อำเภอหล่มเก่า เพชรบูรณ์ 67120,สำนักงานเกษตรจังหวัดเพชรบูรณ์,หินฮาว
3335,2568,หล่มเก่า,วิสาหกิจชุมชนโรงเรียนเกษตรอินทรีย์,เลขที่ 212 หมู่ 3 ตำบลบ้านเนิน อำเภอหล่มเก่า เพชรบูรณ์ 67120,สำนักงานเกษตรจังหวัดเพชรบูรณ์,บ้านเนิน
3336,2568,หล่มเก่า,วิสาหกิจชุมชนกลุ่มแม่บ้านเกษตรกรโจะโหวะเหนือ,เลขที่ 39 หมู่ 5 ตำบลบ้านเนิน อำเภอหล่มเก่า เพชรบูรณ์ 67120,สำนักงานเกษตรจังหวัดเพชรบูรณ์,บ้านเนิน
3337,2568,หล่มเก่า,วิสาหกิจชุมชนกลุ่มโคขุนตำบลบ้านเนิน 2020,เลขที่ 19/1 หมู่ 5 ตำบลบ้านเนิน อำเภอหล่มเก่า เพชรบูรณ์ 67120,สำนักงานเกษตรจังหวัดเพชรบูรณ์,บ้านเนิน
3338,2568,หล่มเก่า,วิสาหกิจชุมชนแหล่งท่องเที่ยวเชิงเกษตรภูโปรด,เลขที่ 129 หมู่ 6 ตำบลบ้านเนิน อำเภอหล่มเก่า เพชรบูรณ์ 67120,สำนักงานเกษตรจังหวัดเพชรบูรณ์,บ้านเนิน
3339,2568,หล่มเก่า,วิสาหกิจชุมชนกลุ่มผ้ามัดย้อมผ้าทอไทหล่มบ้านพร้าว,เลขที่ 124 หมู่ 3 ตำบลบ้านเนิน อำเภอหล่มเก่า เพชรบูรณ์ 67120,สำนักงานเกษตรจังหวัดเพชรบูรณ์,บ้านเนิน
3340,2568,หล่มเก่า,วิสาหกิจชุมชนสานสายใยใจไทยทุกภาคตำบลบ้านเนิน,เลขที่ 97 หมู่ที่ 4 ตำบลบ้านเนิน อำเภอหล่มเก่า เพชรบูรณ์ 67120,สำนักงานเกษตรจังหวัดเพชรบูรณ์,บ้านเนิน
3341,2568,หล่มเก่า,วิสาหกิจชุมชนท่องเที่ยวเชิงเกษตรและวัฒนธรรมบ้านน้ำเพียงดิน,เลขที่ 9 หมู่ที่ 8 ตำบลบ้านเนิน อำเภอหล่มเก่า เพชรบูรณ์ 67120,สำนักงานเกษตรจังหวัดเพชรบูรณ์,บ้านเนิน
3342,2568,หล่มเก่า,วิสาหกิจชุมชนกลุ่มผู้ค้าสลากกินแบ่งรัฐบาล,เลขที่ 280 หมู่ 6 ตำบลศิลา อำเภอหล่มเก่า เพชรบูรณ์ 67120,สำนักงานเกษตรจังหวัดเพชรบูรณ์,ศิลา
3343,2568,หล่มเก่า,วิสาหกิจชุมชนกลุ่มผู้ขายล็อตเตอรี่ตำบลศิลา,เลขที่ 107 หมู่ 4 ตำบลศิลา อำเภอหล่มเก่า เพชรบูรณ์ 67120,สำนักงานเกษตรจังหวัดเพชรบูรณ์,ศิลา
3344,2568,หล่มเก่า,วิสาหกิจชุมชนกลุ่มปลูกยางพาราบ้านอุ่มกะทาด,เลขที่ 30 หมู่ 3 ตำบลศิลา อำเภอหล่มเก่า เพชรบูรณ์ 67120,สำนักงานเกษตรจังหวัดเพชรบูรณ์,ศิลา
3345,2568,หล่มเก่า,วิสาหกิจชุมชนกลุ่มพัฒนาอาชีพห้วยผักกูด,เลขที่ 89 หมู่ 10 ตำบลศิลา อำเภอหล่มเก่า เพชรบูรณ์ 67120,สำนักงานเกษตรจังหวัดเพชรบูรณ์,ศิลา
3346,2568,หล่มเก่า,วิสาหกิจชุมชนต้นน้ำห้วยผักกูด (ผู้ค้าสลากกินแบ่งรัฐบาล),เลขที่ 38 หมู่ 10 ตำบลศิลา อำเภอหล่มเก่า เพชรบูรณ์ 67120,สำนักงานเกษตรจังหวัดเพชรบูรณ์,ศิลา
3347,2568,หล่มเก่า,วิสาหกิจชุมชนกลุ่มปลูกข้าวโพดเลี้ยงสัตว์บ้านศิลา,เลขที่ 311/1 หมู่ 6 ตำบลศิลา อำเภอหล่มเก่า เพชรบูรณ์ 67120,สำนักงานเกษตรจังหวัดเพชรบูรณ์,ศิลา
3348,2568,หล่มเก่า,วิสาหกิจชุมชนกลุ่มขายล็อตเตอรี่บ้านกลาง ม.14,เลขที่ 16 หมู่ 14 ตำบลศิลา อำเภอหล่มเก่า เพชรบูรณ์ 67120,สำนักงานเกษตรจังหวัดเพชรบูรณ์,ศิลา
3349,2568,หล่มเก่า,วิสาหกิจชุมชนกลุ่มเกษตรกรทำไร่บ้านห้วยผักกูด,เลขที่ 28/1 หมู่ 10 ตำบลศิลา อำเภอหล่มเก่า เพชรบูรณ์ 67120,สำนักงานเกษตรจังหวัดเพชรบูรณ์,ศิลา
3350,2568,หล่มเก่า,วิสาหกิจชุมชนกลุ่มเกษตรพอเพียงห้วยผักกูด,เลขที่ 90 หมู่ 10 ตำบลศิลา อำเภอหล่มเก่า เพชรบูรณ์ 67120,สำนักงานเกษตรจังหวัดเพชรบูรณ์,ศิลา
3351,2568,หล่มเก่า,วิสาหกิจชุมชนอุดมสุขบ้านโป่งสามขา,เลขที่ 99/1 หมู่ 1 ตำบลศิลา อำเภอหล่มเก่า เพชรบูรณ์ 67120,สำนักงานเกษตรจังหวัดเพชรบูรณ์,ศิลา
3352,2568,หล่มเก่า,วิสาหกิจชุมชนกลุ่มมะขามทองตำบลศิลา,เลขที่ 166 หมู่ 7 ตำบลศิลา อำเภอหล่มเก่า เพชรบูรณ์ 67120,สำนักงานเกษตรจังหวัดเพชรบูรณ์,ศิลา
3353,2568,หล่มเก่า,วิสาหกิจชุมชนข้าวโพดแปลงใหญ่ ตำบลศิลา,เลขที่ 65 หมู่ 3 ตำบลศิลา อำเภอหล่มเก่า เพชรบูรณ์ 67120,สำนักงานเกษตรจังหวัดเพชรบูรณ์,ศิลา
3354,2568,หล่มเก่า,วิสาหกิจชุมชนกลุ่มผู้ค้าล๊อตเตอรี่บ้านใหม่หัวนา,เลขที่ 165 หมู่ 15 ตำบลศิลา อำเภอหล่มเก่า เพชรบูรณ์ 67120,สำนักงานเกษตรจังหวัดเพชรบูรณ์,ศิลา
3355,2568,หล่มเก่า,วิสาหกิจชุมชนข้าวโพดบ้านห้วยข่อย,เลขที่ 344 หมู่ 7 ตำบลศิลา อำเภอหล่มเก่า เพชรบูรณ์ 67120,สำนักงานเกษตรจังหวัดเพชรบูรณ์,ศิลา
3356,2568,หล่มเก่า,วิสาหกิจชุมชนกลุ่มผู้ปลูกไม้ผลบ้านหินโง่น,เลขที่ 53/1 หมู่ที่ 5 ตำบลศิลา อำเภอหล่มเก่า เพชรบูรณ์ 67120,สำนักงานเกษตรจังหวัดเพชรบูรณ์,ศิลา
3357,2568,หล่มเก่า,วิสาหกิจชุมชนกลุ่มเกษตรชุมชนส่งเสริมเศรษฐกิจพอเพียง,เลขที่ 21 หมู่ 7 ตำบลนาแซง อำเภอหล่มเก่า เพชรบูรณ์ 67120,สำนักงานเกษตรจังหวัดเพชรบูรณ์,นาแซง
3358,2568,หล่มเก่า,วิสาหกิจชุมชนธนาคารหมู่บ้านห้วยมะเขือ ม.4 ตำบลนาแซง,เลขที่ 127 หมู่ 4 ตำบลนาแซง อำเภอหล่มเก่า เพชรบูรณ์ 67120,สำนักงานเกษตรจังหวัดเพชรบูรณ์,นาแซง
3359,2568,หล่มเก่า,วิสาหกิจชุมชนนาแซงเพื่อการผลิต (ศูนย์เรียนรู้มะขามหวานหล่มเก่า),เลขที่ 98 หมู่ 6 ตำบลนาแซง อำเภอหล่มเก่า เพชรบูรณ์ 67120,สำนักงานเกษตรจังหวัดเพชรบูรณ์,นาแซง
3360,2568,หล่มเก่า,วิสาหกิจชุมชนกลุ่มเกษตรกรบ้านไร่นาขี้หูด,เลขที่ 141 หมู่ 3 ตำบลนาแซง อำเภอหล่มเก่า เพชรบูรณ์ 67120,สำนักงานเกษตรจังหวัดเพชรบูรณ์,นาแซง
3361,2568,หล่มเก่า,วิสาหกิจชุมชนกลุ่มออมทรัพย์เพื่อการผลิตนาแซง,เลขที่ 65 หมู่ 2 ตำบลนาแซง อำเภอหล่มเก่า เพชรบูรณ์ 67120,สำนักงานเกษตรจังหวัดเพชรบูรณ์,นาแซง
3362,2568,หล่มเก่า,วิสาหกิจชุมชนกลุ่มสัจจะออมทรัพย์บ้านห้วยมะเขือ ม.5 ต.นาแซง,เลขที่ 18 หมู่ 5 ตำบลนาแซง อำเภอหล่มเก่า เพชรบูรณ์ 67120,สำนักงานเกษตรจังหวัดเพชรบูรณ์,นาแซง
3363,2568,หล่มเก่า,วิสาหกิจชุมชนอินทรีย์ เจพี-นาแซง,เลขที่ 135 หมู่ 4 ตำบลนาแซง อำเภอหล่มเก่า เพชรบูรณ์ 67120,สำนักงานเกษตรจังหวัดเพชรบูรณ์,นาแซง
3364,2568,หล่มเก่า,วิสาหกิจชุมชนกลุ่มผู้ใช้ปุ๋ยบ้านห้วยมะยม หมู่ 7 ต. นาซง,เลขที่ 38/1 หมู่ 7 ตำบลนาแซง อำเภอหล่มเก่า เพชรบูรณ์ 67120,สำนักงานเกษตรจังหวัดเพชรบูรณ์,นาแซง
3365,2568,หล่มเก่า,วิสาหกิจชุมชนเกษตรอินทรีย์ 1 ไร่ 1 แสน บ้านห้วยมะเขือ,เลขที่ 157 หมู่ 5 ตำบลนาแซง อำเภอหล่มเก่า เพชรบูรณ์ 67120,สำนักงานเกษตรจังหวัดเพชรบูรณ์,นาแซง
3366,2568,หล่มเก่า,วิสาหกิจชุมชนผักปลอดภัยแปลงใหญ่ตำบลนาแซง,เลขที่ 127 หมู่ 4 ตำบลนาแซง อำเภอหล่มเก่า เพชรบูรณ์ 67120,สำนักงานเกษตรจังหวัดเพชรบูรณ์,นาแซง
3367,2568,หล่มเก่า,วิสาหกิจชุมชนจาวหล่ม,เลขที่ 168 หมู่ 3 ตำบลนาแซง อำเภอหล่มเก่า เพชรบูรณ์ 67120,สำนักงานเกษตรจังหวัดเพชรบูรณ์,นาแซง
3368,2568,หล่มเก่า,วิสาหกิจชุมชนสานสายใยใจไทยทุกภาคตำบลนาแซง,เลขที่ 19 หมู่ที่ 1 ตำบลนาแซง อำเภอหล่มเก่า เพชรบูรณ์ 67120,สำนักงานเกษตรจังหวัดเพชรบูรณ์,นาแซง
3369,2568,หล่มเก่า,วิสาหกิจชุมชนกลุ่มแม่บ้านเกษตรกรขี้นาคแผนใหม่,เลขที่ 28 หมู่ 12 ตำบลวังบาล อำเภอหล่มเก่า เพชรบูรณ์ 67120,สำนักงานเกษตรจังหวัดเพชรบูรณ์,วังบาล
3370,2568,หล่มเก่า,วิสาหกิจชุมชนกลุ่มวิสาหกิจชุมชนท่องเที่ยวภูทับเบิก,เลขที่ 299 หมู่ 16 ตำบลวังบาล อำเภอหล่มเก่า เพชรบูรณ์ 67120,สำนักงานเกษตรจังหวัดเพชรบูรณ์,วังบาล
3371,2568,หล่มเก่า,วิสาหกิจชุมชนท่องเที่ยวม้งทับเบิก,เลขที่ 41 หมู่ 16 ตำบลวังบาล อำเภอหล่มเก่า เพชรบูรณ์ 67120,สำนักงานเกษตรจังหวัดเพชรบูรณ์,วังบาล
3372,2568,หล่มเก่า,วิสาหกิจชุมชนกลุ่มออมทรัพย์เพื่อการผลิตบ้านขี้นาค,เลขที่ 75 หมู่ 12 ตำบลวังบาล อำเภอหล่มเก่า เพชรบูรณ์ 67120,สำนักงานเกษตรจังหวัดเพชรบูรณ์,วังบาล
3373,2568,หล่มเก่า,วิสาหกิจชุมชนกลุ่มเกษตรวิถีพอเพียงบ้านน้ำครั่งน้อย ม.7,เลขที่ 3 หมู่ 7 ตำบลวังบาล อำเภอหล่มเก่า เพชรบูรณ์ 67120,สำนักงานเกษตรจังหวัดเพชรบูรณ์,วังบาล
3374,2568,หล่มเก่า,วิสาหกิจชุมชนผักแปลงใหญ่สหกรณ์ผักปลอดภัยภูทับเบิก,เลขที่ 300 หมู่ 16 ตำบลวังบาล อำเภอหล่มเก่า เพชรบูรณ์ 67120,สำนักงานเกษตรจังหวัดเพชรบูรณ์,วังบาล
3375,2568,หล่มเก่า,วิสาหกิจชุมชนท่องเที่ยวเชิงภูมิวัฒนธรรมทับเบิก,เลขที่ 363 หมู่ 16 ตำบลวังบาล อำเภอหล่มเก่า เพชรบูรณ์ 67120,สำนักงานเกษตรจังหวัดเพชรบูรณ์,วังบาล
3376,2568,หล่มเก่า,วิสาหกิจชุมชนฐานบวรวัดศรีฐาน,เลขที่ 1 หมู่ 15 ตำบลวังบาล อำเภอหล่มเก่า เพชรบูรณ์ 67120,สำนักงานเกษตรจังหวัดเพชรบูรณ์,วังบาล
3377,2568,หล่มเก่า,วิสาหกิจชุมชนผ้าตรานกยูงพระราชทานสีทองผลิตภัณฑ์วัดศรีฐานปิยาราม ตำบลวังบาล อำเภอหล่มเก่า จังหวัดเพชรบูรณ์,เลขที่ 1 หมู่ 15 ตำบลวังบาล อำเภอหล่มเก่า เพชรบูรณ์ 67120,สำนักงานเกษตรจังหวัดเพชรบูรณ์,วังบาล
3378,2568,หล่มเก่า,วิสาหกิจชุมชนกลุ่มมะขามแปลงใหญ่บ้านเหมืองแบ่ง,เลขที่ 14 หมู่ 11 ตำบลวังบาล อำเภอหล่มเก่า เพชรบูรณ์ 67120,สำนักงานเกษตรจังหวัดเพชรบูรณ์,วังบาล
3379,2568,หล่มเก่า,วิสาหกิจชุมชนมะขามสุขเสมอ,เลขที่ 143 หมู่ 11 ตำบลวังบาล อำเภอหล่มเก่า เพชรบูรณ์ 67120,สำนักงานเกษตรจังหวัดเพชรบูรณ์,วังบาล
3380,2568,หล่มเก่า,วิสาหกิจชุมชนภูทับเบิก อินทรีย์วิถีไทย,เลขที่ 63/1 หมู่ 14 ตำบลวังบาล อำเภอหล่มเก่า เพชรบูรณ์ 67120,สำนักงานเกษตรจังหวัดเพชรบูรณ์,วังบาล
3381,2568,หล่มเก่า,วิสาหกิจชุมชนกลุ่มเพิ่มทรัพย์,เลขที่ 93 หมู่ที่ 8 ตำบลวังบาล อำเภอหล่มเก่า เพชรบูรณ์ 67120,สำนักงานเกษตรจังหวัดเพชรบูรณ์,วังบาล
3382,2568,หล่มเก่า,วิสาหกิจชุมชนวิสาหกิจเพื่อชุมชนคืนชีวิตให้ภูทับเบิก,เลขที่ 63/1 หมู่ที่ 14 ตำบลวังบาล อำเภอหล่มเก่า เพชรบูรณ์ 67120,สำนักงานเกษตรจังหวัดเพชรบูรณ์,วังบาล
3383,2568,หล่มเก่า,วิสาหกิจชุมชนสานสายใยใจไทยทุกภาคตำบลวังบาล,เลขที่ 29 หมู่ที่ 6 ตำบลวังบาล อำเภอหล่มเก่า เพชรบูรณ์ 67120,สำนักงานเกษตรจังหวัดเพชรบูรณ์,วังบาล
3384,2568,หล่มเก่า,วิสาหกิจชุมชนเพิ่มสุข,เลขที่ 151 หมู่ที่ 2 ตำบลวังบาล อำเภอหล่มเก่า เพชรบูรณ์ 67120,สำนักงานเกษตรจังหวัดเพชรบูรณ์,วังบาล
3385,2568,หล่มเก่า,วิสาหกิจชุมชนผู้ค้าปลีกค้าส่งผลิตภัณฑ์มะขามเมืองเพชรบูรณ์มรดกโลก,เลขที่ 189 หมู่ที่ 12 ตำบลวังบาล อำเภอหล่มเก่า เพชรบูรณ์ 67120,สำนักงานเกษตรจังหวัดเพชรบูรณ์,วังบาล
3386,2568,หล่มเก่า,วิสาหกิจชุมชนท่องเที่ยวเชิงเกษตรและวัฒนธรรมบ้านนาสะอุ้ง,เลขที่ 79 หมู่ที่ 17 ตำบลวังบาล อำเภอหล่มเก่า เพชรบูรณ์ 67120,สำนักงานเกษตรจังหวัดเพชรบูรณ์,วังบาล
3387,2568,หล่มเก่า,วิสาหกิจชุมชนกลุ่มผู้ปลูกยาสูบ,เลขที่ 61 หมู่ 4 ตำบลนาเกาะ อำเภอหล่มเก่า เพชรบูรณ์ 67120,สำนักงานเกษตรจังหวัดเพชรบูรณ์,นาเกาะ
3388,2568,หล่มเก่า,วิสาหกิจชุมชนกลุ่มเย็บผ้าห่มใยสังเคราะห์นาเกาะ,เลขที่ 11 หมู่ 2 ตำบลนาเกาะ อำเภอหล่มเก่า เพชรบูรณ์ 67120,สำนักงานเกษตรจังหวัดเพชรบูรณ์,นาเกาะ
3389,2568,หล่มเก่า,วิสาหกิจชุมชนกลุ่มผู้ผลิตสินค้าเกษตร หมู่ 1 ตำบลนาเกาะ,เลขที่ 50 หมู่ 1 ตำบลนาเกาะ อำเภอหล่มเก่า เพชรบูรณ์ 67120,สำนักงานเกษตรจังหวัดเพชรบูรณ์,นาเกาะ
3390,2568,หล่มเก่า,วิสาหกิจชุมชนกลุ่มผู้ใช้ปุ๋ยบ้านไร่ ต.นาเกาะ,เลขที่ 49 หมู่ 3 ตำบลนาเกาะ อำเภอหล่มเก่า เพชรบูรณ์ 67120,สำนักงานเกษตรจังหวัดเพชรบูรณ์,นาเกาะ
3391,2568,หล่มเก่า,วิสาหกิจชุมชนกลุ่มผลิตภัณฑ์ภูมิปัญญาท้องถิ่น หมู่ที่ 1,เลขที่ 46 หมู่ 1 ตำบลนาเกาะ อำเภอหล่มเก่า เพชรบูรณ์ 67120,สำนักงานเกษตรจังหวัดเพชรบูรณ์,นาเกาะ
3392,2568,หล่มเก่า,วิสาหกิจชุมชน1 ตำบล 1 กลุ่มเกษตรทฤษฎีใหม่อำเภอหล่มเก่า,เลขที่ 24 หมู่ 6 ตำบลนาเกาะ อำเภอหล่มเก่า เพชรบูรณ์ 67120,สำนักงานเกษตรจังหวัดเพชรบูรณ์,นาเกาะ
3393,2568,หล่มเก่า,วิสาหกิจชุมชนผลิตข้าวโพดเลี้ยงสัตว์ 653,เลขที่ 106 หมู่ 7 ตำบลตาดกลอย อำเภอหล่มเก่า เพชรบูรณ์ 67120,สำนักงานเกษตรจังหวัดเพชรบูรณ์,ตาดกลอย
3394,2568,หล่มเก่า,วิสาหกิจชุมชนผลิตข้าวโพดเลี้ยงสัตว์ 664,เลขที่ 144 หมู่ 7 ตำบลตาดกลอย อำเภอหล่มเก่า เพชรบูรณ์ 67120,สำนักงานเกษตรจังหวัดเพชรบูรณ์,ตาดกลอย
3395,2568,หล่มเก่า,วิสาหกิจชุมชนผลิตข้าวโพดเลี้ยงสัตว์ 666,เลขที่ 51 หมู่ 7 ตำบลตาดกลอย อำเภอหล่มเก่า เพชรบูรณ์ 67120,สำนักงานเกษตรจังหวัดเพชรบูรณ์,ตาดกลอย
3396,2568,หล่มเก่า,วิสาหกิจชุมชนผู้ค้าล๊อตเตอรี่บ้านกกกล้วยนวน,เลขที่ 19/1 หมู่ 7 ตำบลตาดกลอย อำเภอหล่มเก่า เพชรบูรณ์ 67120,สำนักงานเกษตรจังหวัดเพชรบูรณ์,ตาดกลอย
3397,2568,หล่มเก่า,วิสาหกิจชุมชนผลิตข้าวโพดเลี้ยงสัตว์ 635,เลขที่ 222 หมู่ 3 ตำบลตาดกลอย อำเภอหล่มเก่า เพชรบูรณ์ 67120,สำนักงานเกษตรจังหวัดเพชรบูรณ์,ตาดกลอย
3398,2568,หล่มเก่า,วิสาหกิจชุมชนผลิตข้าวโพดเลี้ยงสัตว์ 595,เลขที่ 16 หมู่ 5 ตำบลตาดกลอย อำเภอหล่มเก่า เพชรบูรณ์ 67120,สำนักงานเกษตรจังหวัดเพชรบูรณ์,ตาดกลอย
3399,2568,หล่มเก่า,วิสาหกิจชุมชนผลิตข้าวโพดเลี้ยงสัตว์ 585,เลขที่ 5 หมู่ 5 ตำบลตาดกลอย อำเภอหล่มเก่า เพชรบูรณ์ 67120,สำนักงานเกษตรจังหวัดเพชรบูรณ์,ตาดกลอย
3400,2568,หล่มเก่า,วิสาหกิจชุมชนผลิตข้าวโพดเลี้ยงสัตว์ 577,เลขที่ 64 หมู่ 5 ตำบลตาดกลอย อำเภอหล่มเก่า เพชรบูรณ์ 67120,สำนักงานเกษตรจังหวัดเพชรบูรณ์,ตาดกลอย
3401,2568,หล่มเก่า,วิสาหกิจชุมชนกลุ่มร่วมใจเกษตรกร 607,เลขที่ 1 หมู่ 9 ตำบลตาดกลอย อำเภอหล่มเก่า เพชรบูรณ์ 67120,สำนักงานเกษตรจังหวัดเพชรบูรณ์,ตาดกลอย
3402,2568,หล่มเก่า,วิสาหกิจชุมชนวิสาหกิจพัฒนา 569,เลขที่ 60 หมู่ 9 ตำบลตาดกลอย อำเภอหล่มเก่า เพชรบูรณ์ 67120,สำนักงานเกษตรจังหวัดเพชรบูรณ์,ตาดกลอย
3403,2568,เขาค้อ,วิสาหกิจชุมชนกลุ่มเขาค้อ ภูผา ธาราใส,เลขที่ 61 หมู่ที่ 6 ตำบลทุ่งสมอ อำเภอเขาค้อ เพชรบูรณ์ 67270,สำนักงานเกษตรจังหวัดเพชรบูรณ์,ทุ่งสมอ
3404,2568,เขาค้อ,วิสาหกิจชุมชนฟอเรส ฮิลล์ เขาค้อ,เลขที่ 169 หมู่ที่ 6 ตำบลทุ่งสมอ อำเภอเขาค้อ เพชรบูรณ์ 67270,สำนักงานเกษตรจังหวัดเพชรบูรณ์,แคมป์สน
3405,2568,เขาค้อ,วิสาหกิจชุมชนกลุ่มสมุนไพรเพื่อสุขภาพเขาค้อ,เลขที่ 32 หมู่ที่ 8 ตำบลแคมป์สน อำเภอเขาค้อ เพชรบูรณ์ 67280,สำนักงานเกษตรจังหวัดเพชรบูรณ์,แคมป์สน
3406,2568,เขาค้อ,วิสาหกิจชุมชนกลุ่มกสิกรรมบ้านดงหลง หมู่ 6 ต. แคมป์สน,เลขที่ 127 หมู่ 6 ตำบลแคมป์สน อำเภอเขาค้อ เพชรบูรณ์ 67270,สำนักงานเกษตรจังหวัดเพชรบูรณ์,แคมป์สน
3407,2568,เขาค้อ,วิสาหกิจชุมชนผลิตภัณฑ์ชุมชนมะขามทอง2,เลขที่ 215 หมู่ที่ 7 ตำบลแคมป์สน อำเภอเขาค้อ เพชรบูรณ์ 67280,สำนักงานเกษตรจังหวัดเพชรบูรณ์,แคมป์สน
3408,2568,เขาค้อ,วิสาหกิจชุมชนผู้ปลูกและแปรรูปบุกเขาค้อ,เลขที่ 80 หมู่ที่ 11 ตำบลแคมป์สน อำเภอเขาค้อ เพชรบูรณ์ 67280,สำนักงานเกษตรจังหวัดเพชรบูรณ์,แคมป์สน
3409,2568,เขาค้อ,วิสาหกิจชุมชนการปลูกพืชสมุนไพรแคมป์สน,เลขที่ 27 หมู่ที่ 11 ตำบลแคมป์สน อำเภอเขาค้อ เพชรบูรณ์ 67280,สำนักงานเกษตรจังหวัดเพชรบูรณ์,แคมป์สน
3410,2568,เขาค้อ,วิสาหกิจชุมชนกรีนฟินน์ เขาค้อ,เลขที่ 197 หมู่ที่ 6 ตำบลแคมป์สน อำเภอเขาค้อ เพชรบูรณ์ 67280,สำนักงานเกษตรจังหวัดเพชรบูรณ์,แคมป์สน
3411,2568,เขาค้อ,วิสาหกิจชุมชนผลิตและแปรรูปเส้นใยกัญชง เขาค้อ,เลขที่ 167 หมู่ที่ 12 ตำบลแคมป์สน อำเภอเขาค้อ เพชรบูรณ์ 67280,สำนักงานเกษตรจังหวัดเพชรบูรณ์,แคมป์สน
3412,2568,เขาค้อ,วิสาหกิจชุมชนท่องเที่ยวบ้านเพชรดำ,เลขที่ 63/1 หมู่ที่ 10 ตำบลเขาค้อ อำเภอเขาค้อ เพชรบูรณ์ 67270,สำนักงานเกษตรจังหวัดเพชรบูรณ์,เขาค้อ
3413,2568,เขาค้อ,วิสาหกิจชุมชนกลุ่มผู้ปลูกทุเรียน ต.เขาค้อ,เลขที่ 43 หมู่ที่2 ตำบลเขาค้อ อำเภอเขาค้อ เพชรบูรณ์ 67270,สำนักงานเกษตรจังหวัดเพชรบูรณ์,เขาค้อ
3414,2568,เขาค้อ,วิสาหกิจชุมชนสานสายใยใจไทยทุกภาคผักไฮโดรโปนิกส์ตำบลเขาค้อ,เลขที่ 28 หมู่ที่ 3 ตำบลเขาค้อ อำเภอเขาค้อ เพชรบูรณ์ 67270,สำนักงานเกษตรจังหวัดเพชรบูรณ์,เขาค้อ
3415,2568,เขาค้อ,วิสาหกิจชุมชนเขาค้อสปานวดแผนไทยผลิตและจำหน่ายสมุนไพรไทย,เลขที่ 59 หมู่ที่ 4 ตำบลเขาค้อ อำเภอเขาค้อ เพชรบูรณ์ 67270,สำนักงานเกษตรจังหวัดเพชรบูรณ์,เขาค้อ
3416,2568,เขาค้อ,วิสาหกิจชุมชนท่องเที่ยวบ้านเล่าลือ-เล่าเน้ง,เลขที่ 76 หมู่ที่ 9 ตำบลเขาค้อ อำเภอเขาค้อ เพชรบูรณ์ 67270,สำนักงานเกษตรจังหวัดเพชรบูรณ์,เขาค้อ
3417,2568,เขาค้อ,วิสาหกิจชุมชนเกษตรอินทรีย์บ้านเล่าลือ-เล่าเน้ง เขาค้อ,เลขที่ 16 หมู่ที่ 9 ตำบลเขาค้อ อำเภอเขาค้อ เพชรบูรณ์ 67270,สำนักงานเกษตรจังหวัดเพชรบูรณ์,เขาค้อ
3418,2568,เขาค้อ,วิสาหกิจชุมชนเกษตรอินทรีย์ริมสีม่วงและผลิตภัณฑ์แปรรูป,เลขที่ 101 หมู่ที่ 4 ตำบลริมสีม่วง อำเภอเขาค้อ เพชรบูรณ์ 67270,สำนักงานเกษตรจังหวัดเพชรบูรณ์,ริมสีม่วง
3419,2568,เขาค้อ,วิสาหกิจชุมชนอะโวคาโดเขาค้อ,เลขที่ 63 หมู่ที่ 3 ตำบลริมสีม่วง อำเภอเขาค้อ เพชรบูรณ์ 67270,สำนักงานเกษตรจังหวัดเพชรบูรณ์,ริมสีม่วง
3420,2568,เขาค้อ,วิสาหกิจชุมชนภูเบิกฟ้าฟาร์มเขาค้อ,เลขที่ 62 หมู่ที่ 3 ตำบลริมสีม่วง อำเภอเขาค้อ เพชรบูรณ์ 67270,สำนักงานเกษตรจังหวัดเพชรบูรณ์,ริมสีม่วง
3421,2568,เขาค้อ,วิสาหกิจชุมชนพรแม่ย่ารุ่งเรือง,เลขที่ 111 หมู่ที่ 3 ตำบลสะเดาะพง อำเภอเขาค้อ เพชรบูรณ์ 67270,สำนักงานเกษตรจังหวัดเพชรบูรณ์,สะเดาะพง
3422,2568,เขาค้อ,วิสาหกิจชุมชนแปลงใหญ่แมคคาเดเมียอำเภอเขาค้อ,เลขที่ 96 หมู่ที่ 3 ตำบลสะเดาะพง อำเภอเขาค้อ เพชรบูรณ์ 67270,สำนักงานเกษตรจังหวัดเพชรบูรณ์,สะเดาะพง
3423,2568,เขาค้อ,วิสาหกิจชุมชนกลุ่มผู้เลี้ยงสุกรบ้านเสลียงแห้ง2,เลขที่ 44 หมู่ที่ 4 ตำบลสะเดาะพง อำเภอเขาค้อ เพชรบูรณ์ 67270,สำนักงานเกษตรจังหวัดเพชรบูรณ์,สะเดาะพง
3424,2568,เขาค้อ,วิสาหกิจชุมชนกลุ่มชุมชนคนรักษ์ป่า ต. หนองแม่นา,เลขที่ 53/12 หมู่ที่ 6 ตำบลหนองแม่นา อำเภอเขาค้อ เพชรบูรณ์ 67270,สำนักงานเกษตรจังหวัดเพชรบูรณ์,หนองแม่นา
3425,2568,เขาค้อ,วิสาหกิจชุมชนต้นกล้าอาชีพเขาค้อพัฒนา,เลขที่ 51 หมู่ที่ 3 ตำบลหนองแม่นา อำเภอเขาค้อ เพชรบูรณ์ 67270,สำนักงานเกษตรจังหวัดเพชรบูรณ์,หนองแม่นา
3426,2568,เขาค้อ,วิสาหกิจชุมชนท่องเที่ยวจุดชมวิวเขาตะเคียนโง๊ะ บ้านสนสวย,เลขที่ 41 หมู่ที่ 2 ตำบลหนองแม่นา อำเภอเขาค้อ เพชรบูรณ์ 67270,สำนักงานเกษตรจังหวัดเพชรบูรณ์,หนองแม่นา
3427,2568,เขาค้อ,วิสาหกิจชุมชนกลุ่มแปรรูปผลไม้เมืองหนาวหนองแม่นา,เลขที่ 30 หมู่ที่ 8 ตำบลหนองแม่นา อำเภอเขาค้อ เพชรบูรณ์ 67270,สำนักงานเกษตรจังหวัดเพชรบูรณ์,หนองแม่นา
3428,2568,เขาค้อ,วิสาหกิจชุมชนศูนย์ข้าวชุมชน ตำบลหนองแม่นา,เลขที่ 22 หมู่ที่ 2 ตำบลหนองแม่นา อำเภอเขาค้อ เพชรบูรณ์ 67270,สำนักงานเกษตรจังหวัดเพชรบูรณ์,หนองแม่นา
3429,2568,เขาค้อ,วิสาหกิจชุมชนสานสายใยใจไทยทุกภาคเกษตรผสมผสาน ตำบลหนองแม่นา,เลขที่ 13 หมู่ที่ 6 ตำบลหนองแม่นา อำเภอเขาค้อ เพชรบูรณ์ 67270,สำนักงานเกษตรจังหวัดเพชรบูรณ์,หนองแม่นา
3430,2568,เขาค้อ,วิสาหกิจชุมชนกลุ่มผู้ผลิตและแปรรูปแมคคาเดเมีย เขาค้อ,เลขที่ 429 หมู่ที่ 12 ตำบลเข็กน้อย อำเภอเขาค้อ เพชรบูรณ์ 67280,สำนักงานเกษตรจังหวัดเพชรบูรณ์,เข็กน้อย
3431,2568,เขาค้อ,วิสาหกิจชุมชนสมุนไพรไฮแลนด์,เลขที่ 161 หมู่ที่ 9 ตำบลเข็กน้อย อำเภอเขาค้อ เพชรบูรณ์ 67280,สำนักงานเกษตรจังหวัดเพชรบูรณ์,เข็กน้อย
3432,2568,เขาค้อ,วิสาหกิจชุมชนกลุ่มผ้าเขียนเทียนซีม้ง,เลขที่ 361 หมู่ที่ 12 ตำบลเข็กน้อย อำเภอเขาค้อ เพชรบูรณ์ 67280,สำนักงานเกษตรจังหวัดเพชรบูรณ์,เข็กน้อย
3433,2568,เขาค้อ,วิสาหกิจชุมชนศูนย์ท่องเที่ยววัฒนธรรมม้งเข็กน้อย,เลขที่ 164 หมู่ที่ 8 ตำบลเข็กน้อย อำเภอเขาค้อ เพชรบูรณ์ 67270,สำนักงานเกษตรจังหวัดเพชรบูรณ์,เข็กน้อย
3434,2568,เขาค้อ,วิสาหกิจชุมชนเคที อินเตอร์ ฟาร์ม,เลขที่ 335 หมู่ที่ 12 ตำบลเข็กน้อย อำเภอเขาค้อ เพชรบูรณ์ 67280,สำนักงานเกษตรจังหวัดเพชรบูรณ์,เข็กน้อย
3435,2568,เขาค้อ,วิสาหกิจชุมชนท่องเที่ยวตำบลเข็กน้อย,เลขที่ 8 หมู่ที่ 9 ตำบลเข็กน้อย อำเภอเขาค้อ เพชรบูรณ์ 67280,สำนักงานเกษตรจังหวัดเพชรบูรณ์,เข็กน้อย
3436,2568,เขาค้อ,วิสาหกิจชุมชนทวีทรัพย์ฟาร์ม เข็กน้อย,เลขที่ 378 หมู่ที่ 10 ตำบลเข็กน้อย อำเภอเขาค้อ เพชรบูรณ์ 67280,สำนักงานเกษตรจังหวัดเพชรบูรณ์,เข็กน้อย
3437,2568,เขาค้อ,วิสาหกิจชุมชนสวนอะโวคาโดไอริณเขาค้อ,เลขที่ 48 หมู่ที่ 4 ตำบลเข็กน้อย อำเภอเขาค้อ เพชรบูรณ์ 67280,สำนักงานเกษตรจังหวัดเพชรบูรณ์,เข็กน้อย
3438,2568,เขาค้อ,วิสาหกิจชุมชนผ้าปักม้งไฮช่าเข็กน้อย (Haib Tshaj),เลขที่ 93 หมู่ที่ 12 ตำบลเข็กน้อย อำเภอเขาค้อ เพชรบูรณ์ 67280,สำนักงานเกษตรจังหวัดเพชรบูรณ์,เข็กน้อย
3439,2568,เขาค้อ,วิสาหกิจชุมชนสานสายใยใจไทยทุกภาคเกษตรรวมใจพืชผล เข็กน้อย,เลขที่ 33/2 หมู่ที่ 10 ตำบลเข็กน้อย อำเภอเขาค้อ เพชรบูรณ์ 67280,สำนักงานเกษตรจังหวัดเพชรบูรณ์,เข็กน้อย
3440,2568,เขาค้อ,วิสาหกิจชุมชนสานสายใยใจไทยทุกภาค เกษตรยั่งยืน,เลขที่ 1 หมู่ที่ 1 ตำบลเข็กน้อย อำเภอเขาค้อ เพชรบูรณ์ 67280,สำนักงานเกษตรจังหวัดเพชรบูรณ์,เข็กน้อย
3441,2568,เขาค้อ,วิสาหกิจชุมชนเข็กน้อยจินเจอร์,เลขที่ 281 หมู่ที่8 ตำบลเข็กน้อย อำเภอเขาค้อ เพชรบูรณ์ 67280,สำนักงานเกษตรจังหวัดเพชรบูรณ์,เข็กน้อย
3442,2568,เขาค้อ,วิสาหกิจชุมชนไก่ดำม้งเข็กน้อย,เลขที่ 254 หมู่ที่ 11 ตำบลเข็กน้อย อำเภอเขาค้อ เพชรบูรณ์ 67280,สำนักงานเกษตรจังหวัดเพชรบูรณ์,เข็กน้อย
3443,2568,เขาค้อ,วิสาหกิจชุมชนโครงการพัฒนาพื้นที่สูงห้วยน้ำขาว,เลขที่ โครงการพัฒนาพื้นที่สูงแบบโครงการหลวงห้วยน้ำขาว หมู่ที่ 1 ตำบลเข็กน้อย อำเภอเขาค้อ เพชรบูรณ์ 67280,สำนักงานเกษตรจังหวัดเพชรบูรณ์,เข็กน้อย
3444,2568,น้ำหนาว,วิสาหกิจชุมชนกลุ่มข้าวพญาลืมแกง ต.น้ำหนาว,เลขที่ 45 หมู่ 3 ตำบลน้ำหนาว อำเภอน้ำหนาว เพชรบูรณ์ 67260,สำนักงานเกษตรจังหวัดเพชรบูรณ์,น้ำหนาว
3445,2568,น้ำหนาว,วิสาหกิจชุมชนกาแฟน้ำหนาว,เลขที่ 312 หมู่ 3 ตำบลน้ำหนาว อำเภอน้ำหนาว เพชรบูรณ์ 67260,สำนักงานเกษตรจังหวัดเพชรบูรณ์,น้ำหนาว
3446,2568,น้ำหนาว,วิสาหกิจชุมชนข้าวหลามน้ำหนาวแม่เสลี่ยง,เลขที่ 269 หมู่ 5 ตำบลน้ำหนาว อำเภอน้ำหนาว เพชรบูรณ์ 67260,สำนักงานเกษตรจังหวัดเพชรบูรณ์,น้ำหนาว
3447,2568,น้ำหนาว,วิสาหกิจชุมชนบ้านห้วยหญ้าเครือเกษตรอินทรีย์,เลขที่ 103 หมู่ 1 ตำบลน้ำหนาว อำเภอน้ำหนาว เพชรบูรณ์ 67260,สำนักงานเกษตรจังหวัดเพชรบูรณ์,น้ำหนาว
3448,2568,น้ำหนาว,วิสาหกิจชุมชนป่าอุ่น คนอิ่ม,เลขที่ 192 หมู่ 6 ตำบลน้ำหนาว อำเภอน้ำหนาว เพชรบูรณ์ 67260,สำนักงานเกษตรจังหวัดเพชรบูรณ์,น้ำหนาว
3449,2568,น้ำหนาว,วิสาหกิจชุมชนการท่องเที่ยวและวัฒนธรรมบ้านโคกยาว,เลขที่ 52 หมู่ 2 ตำบลน้ำหนาว อำเภอน้ำหนาว เพชรบูรณ์ 67260,สำนักงานเกษตรจังหวัดเพชรบูรณ์,น้ำหนาว
3450,2568,น้ำหนาว,วิสาหกิจชุมชนแปลงใหญ่ทุเรียน ต.น้ำหนาว,เลขที่ 434 หมู่ 3 ตำบลน้ำหนาว อำเภอน้ำหนาว เพชรบูรณ์ 67260,สำนักงานเกษตรจังหวัดเพชรบูรณ์,น้ำหนาว
3451,2568,น้ำหนาว,วิสาหกิจชุมชนน้ำหนาว สมาร์ทฟาร์ม,เลขที่ 44 หมู่ที่ 1 ตำบลน้ำหนาว อำเภอน้ำหนาว เพชรบูรณ์ 67260,สำนักงานเกษตรจังหวัดเพชรบูรณ์,น้ำหนาว
3452,2568,น้ำหนาว,วิสาหกิจชุมชนกลุ่มจับจีบผ้าบ้านนาพอสอง,เลขที่ 90 หมู่ที่ 4 ตำบลน้ำหนาว อำเภอน้ำหนาว เพชรบูรณ์ 67260,สำนักงานเกษตรจังหวัดเพชรบูรณ์,น้ำหนาว
3453,2568,น้ำหนาว,วิสาหกิจชุมชนสานสายใยใจไทยทุกภาค อ.น้ำหนาว,เลขที่ 137 หมู่ 4 ตำบลน้ำหนาว อำเภอน้ำหนาว เพชรบูรณ์ 67260,สำนักงานเกษตรจังหวัดเพชรบูรณ์,น้ำหนาว
3454,2568,น้ำหนาว,วิสาหกิจชุมชนนวัตกรรมวิถีสมุนไพรไทย,เลขที่ 53 หมู่ 6 ตำบลหลักด่าน อำเภอน้ำหนาว เพชรบูรณ์ 67260,สำนักงานเกษตรจังหวัดเพชรบูรณ์,หลักด่าน
3455,2568,น้ำหนาว,วิสาหกิจชุมชนรักษ์ป่าน้ำหนาว,เลขที่ 15 หมู่ 1 ตำบลหลักด่าน อำเภอน้ำหนาว เพชรบูรณ์ 67260,สำนักงานเกษตรจังหวัดเพชรบูรณ์,หลักด่าน
3456,2568,น้ำหนาว,วิสาหกิจชุมชนห้วยยางทองการเกษตร,เลขที่ 9 หมู่ 9 ตำบลวังกวาง อำเภอน้ำหนาว เพชรบูรณ์ 67260,สำนักงานเกษตรจังหวัดเพชรบูรณ์,วังกวาง
3457,2568,น้ำหนาว,วิสาหกิจชุมชนเกษตรอินทรีย์น้ำหนาวยั่งยืน,เลขที่ 237 หมู่ที่ 2 ตำบลวังกวาง อำเภอน้ำหนาว เพชรบูรณ์ 67260,สำนักงานเกษตรจังหวัดเพชรบูรณ์,วังกวาง
3458,2568,น้ำหนาว,วิสาหกิจชุมชนกลุ่มสัจจะสะสมทรัพย์วัดโคกมน,เลขที่ 230 หมู่ 2 ตำบลโคกมน อำเภอน้ำหนาว เพชรบูรณ์ 67260,สำนักงานเกษตรจังหวัดเพชรบูรณ์,โคกมน
3459,2568,น้ำหนาว,วิสาหกิจชุมชนน้ำหนาวอาราบิก้า,เลขที่ 218 หมู่ 2 ตำบลโคกมน อำเภอน้ำหนาว เพชรบูรณ์ 67260,สำนักงานเกษตรจังหวัดเพชรบูรณ์,โคกมน
3460,2568,น้ำหนาว,วิสาหกิจชุมชนกลุ่มเลี้ยงโคพื้นเมืองโคกมน,เลขที่ 112 หมู่ 1 ตำบลโคกมน อำเภอน้ำหนาว เพชรบูรณ์ 67260,สำนักงานเกษตรจังหวัดเพชรบูรณ์,โคกมน
3461,2568,น้ำหนาว,วิสาหกิจชุมชนมีมาสมุนไพร,เลขที่ 102 หมู่ 5 ตำบลโคกมน อำเภอน้ำหนาว เพชรบูรณ์ 67260,สำนักงานเกษตรจังหวัดเพชรบูรณ์,โคกมน
3462,2568,ชนแดน,วิสาหกิจชุมชนกลุ่มผู้เลี้ยงโคเนื้อตำบลชนแดน,เลขที่ 57/1 หมู่ 5 ตำบลชนแดน อำเภอชนแดน เพชรบูรณ์ 67150,สำนักงานเกษตรจังหวัดเพชรบูรณ์,ชนแดน
3463,2568,ชนแดน,วิสาหกิจชุมชนกลุ่มผลิตและแปรรูปมะขามอำเภอชนแดน,เลขที่ 7 หมู่ 8 ตำบลชนแดน อำเภอชนแดน เพชรบูรณ์ 67150,สำนักงานเกษตรจังหวัดเพชรบูรณ์,ชนแดน
3464,2568,ชนแดน,วิสาหกิจชุมชนกลุ่มเกษตรกรผลิตพืชปลอดภัยอำเภอชนแดน,เลขที่ 32 หมู่ 5 ตำบลชนแดน อำเภอชนแดน เพชรบูรณ์ 67150,สำนักงานเกษตรจังหวัดเพชรบูรณ์,ชนแดน
3465,2568,ชนแดน,วิสาหกิจชุมชนกลุ่มเลี้ยงแพะเนื้อโคกเจริญเหนือ,เลขที่ 111 หมู่ 13 ตำบลชนแดน อำเภอชนแดน เพชรบูรณ์ 67150,สำนักงานเกษตรจังหวัดเพชรบูรณ์,ชนแดน
3466,2568,ชนแดน,วิสาหกิจชุมชนเกษตรกรผู้ปลูกและแปรรูปมะขามหวานบ้านโป่งตาเบ้า,เลขที่ 212 หมู่ 8 ตำบลชนแดน อำเภอชนแดน เพชรบูรณ์ 67150,สำนักงานเกษตรจังหวัดเพชรบูรณ์,ชนแดน
3467,2568,ชนแดน,วิสาหกิจชุมชนชนแดนเกษตรยั่งยืน,เลขที่ 26 หมู่ 7 ตำบลชนแดน อำเภอชนแดน เพชรบูรณ์ 67150,สำนักงานเกษตรจังหวัดเพชรบูรณ์,ชนแดน
3468,2568,ชนแดน,วิสาหกิจชุมชนกสิกรรมฅนชนแดน,เลขที่ 91 หมู่5 ตำบลชนแดน อำเภอชนแดน เพชรบูรณ์ 67150,สำนักงานเกษตรจังหวัดเพชรบูรณ์,ชนแดน
3469,2568,ชนแดน,วิสาหกิจชุมชนกลุ่มแปรรูปบ้านโคกไทรงาม,เลขที่ 59 หมู่ 14 ตำบลชนแดน อำเภอชนแดน เพชรบูรณ์ 67150,สำนักงานเกษตรจังหวัดเพชรบูรณ์,ชนแดน
3470,2568,ชนแดน,วิสาหกิจชุมชนกลุ่มแม่บ้านการผลิตหนองระมาน,เลขที่ 100/1 หมู่ 6 ตำบลดงขุย อำเภอชนแดน เพชรบูรณ์ 67190,สำนักงานเกษตรจังหวัดเพชรบูรณ์,ดงขุย
3471,2568,ชนแดน,วิสาหกิจชุมชนพัฒนาเกษตรกรบ้าน กม.28,เลขที่ 93 หมู่ 8 ตำบลดงขุย อำเภอชนแดน เพชรบูรณ์ 67190,สำนักงานเกษตรจังหวัดเพชรบูรณ์,ดงขุย
3472,2568,ชนแดน,วิสาหกิจชุมชนส่งเสริมการลดต้นทุนการผลิต ต.ดงขุย,เลขที่ 24/4 หมู่ 3 ตำบลดงขุย อำเภอชนแดน เพชรบูรณ์ 67190,สำนักงานเกษตรจังหวัดเพชรบูรณ์,ดงขุย
3473,2568,ชนแดน,วิสาหกิจชุมชนดงขุยผลิตและแปรรูปผลิตภัณฑ์,เลขที่ 333 หมู่ 3 ตำบลดงขุย อำเภอชนแดน เพชรบูรณ์ 67150,สำนักงานเกษตรจังหวัดเพชรบูรณ์,ดงขุย
3474,2568,ชนแดน,วิสาหกิจชุมชนกลุ่มน้ำพริกบ้านโคกตายอ,เลขที่ 105/1 หมู่ 17 ตำบลดงขุย อำเภอชนแดน เพชรบูรณ์ 67150,สำนักงานเกษตรจังหวัดเพชรบูรณ์,ดงขุย
3475,2568,ชนแดน,วิสาหกิจชุมชนเกษตรกรบ้านทุ่งโตนด,เลขที่ 90/1 หมู่ 9 ตำบลดงขุย อำเภอชนแดน เพชรบูรณ์ 67150,สำนักงานเกษตรจังหวัดเพชรบูรณ์,ดงขุย
3476,2568,ชนแดน,วิสาหกิจชุมชนเกษตรผสมผสาน ต.ดงขุย,เลขที่ 95/2 หมู่ 3 ตำบลดงขุย อำเภอชนแดน เพชรบูรณ์ 67190,สำนักงานเกษตรจังหวัดเพชรบูรณ์,ดงขุย
3477,2568,ชนแดน,วิสาหกิจชุมชนเกษตรกรหมู่10โป่งปู,เลขที่ 23/1 หมู่ 10 ตำบลดงขุย อำเภอชนแดน เพชรบูรณ์ 67150,สำนักงานเกษตรจังหวัดเพชรบูรณ์,ดงขุย
3478,2568,ชนแดน,วิสาหกิจชุมชนไร่นาสวนผสม ต.ดงขุย,เลขที่ 19 หมู่ 1 ตำบลดงขุย อำเภอชนแดน เพชรบูรณ์ 67150,สำนักงานเกษตรจังหวัดเพชรบูรณ์,ดงขุย
3479,2568,ชนแดน,วิสาหกิจชุมชนกลุ่มเกษตรกรบ้านดงสว่าง,เลขที่ 455/1 หมู่ 12 ตำบลดงขุย อำเภอชนแดน เพชรบูรณ์ 67190,สำนักงานเกษตรจังหวัดเพชรบูรณ์,ดงขุย
3480,2568,ชนแดน,วิสาหกิจชุมชนเกษตรกรหมู่15 บ้านดงขุยกลาง,เลขที่ 119 หมู่ 15 ตำบลดงขุย อำเภอชนแดน เพชรบูรณ์ 67190,สำนักงานเกษตรจังหวัดเพชรบูรณ์,ดงขุย
3481,2568,ชนแดน,วิสาหกิจชุมชนเกษตรกรทุ่งโตนดร่วมใจ,เลขที่ 91/1 หมู่ 9 ตำบลดงขุย อำเภอชนแดน เพชรบูรณ์ 67190,สำนักงานเกษตรจังหวัดเพชรบูรณ์,ดงขุย
3482,2568,ชนแดน,วิสาหกิจชุมชนกลุ่มเกษตรกรหมู่ 5 ต.ดงขุย,เลขที่ 567/4 หมู่ 5 ตำบลดงขุย อำเภอชนแดน เพชรบูรณ์ 67190,สำนักงานเกษตรจังหวัดเพชรบูรณ์,ดงขุย
3483,2568,ชนแดน,วิสาหกิจชุมชนกลุ่มพัฒนาอาชีพบ้านวารีวงษ์,เลขที่ 206 หมู่ 14 ตำบลดงขุย อำเภอชนแดน เพชรบูรณ์ 67190,สำนักงานเกษตรจังหวัดเพชรบูรณ์,ดงขุย
3484,2568,ชนแดน,วิสาหกิจชุมชนส่งเสริมอาชีพผลิตปุ๋ย,เลขที่ 90/1 หมู่ 9 ตำบลดงขุย อำเภอชนแดน เพชรบูรณ์ 67190,สำนักงานเกษตรจังหวัดเพชรบูรณ์,ดงขุย
3485,2568,ชนแดน,วิสาหกิจชุมชนท่องเที่ยววิถีเกษตรบ้านดง,เลขที่ 136 หมู่ 7 ตำบลดงขุย อำเภอชนแดน เพชรบูรณ์ 67190,สำนักงานเกษตรจังหวัดเพชรบูรณ์,ดงขุย
3486,2568,ชนแดน,วิสาหกิจชุมชนสมุนไพรบ้าน กม. 28,เลขที่ 54 หมู่ 8 ตำบลดงขุย อำเภอชนแดน เพชรบูรณ์ 67190,สำนักงานเกษตรจังหวัดเพชรบูรณ์,ดงขุย
3487,2568,ชนแดน,วิสาหกิจชุมชนกลุ่มทำเฟอร์นิเจอร์ไม้,เลขที่ 717 หมู่ 1 ตำบลท่าข้าม อำเภอชนแดน เพชรบูรณ์ 67150,สำนักงานเกษตรจังหวัดเพชรบูรณ์,ท่าข้าม
3488,2568,ชนแดน,วิสาหกิจชุมชนกลุ่มผลิตภัณฑ์แปรรูปจากธัญพืชบ้านวังปลาช่อน,เลขที่ 122 หมู่ 2 ตำบลท่าข้าม อำเภอชนแดน เพชรบูรณ์ 67150,สำนักงานเกษตรจังหวัดเพชรบูรณ์,ท่าข้าม
3489,2568,ชนแดน,วิสาหกิจชุมชนกลุ่มส่งเสริมการเกษตร,เลขที่ 2 หมู่ 3 ตำบลท่าข้าม อำเภอชนแดน เพชรบูรณ์ 67150,สำนักงานเกษตรจังหวัดเพชรบูรณ์,ท่าข้าม
3490,2568,ชนแดน,วิสาหกิจชุมชนกลุ่มผู้เลี้ยงโคเนื้อตำบลท่าข้าม,เลขที่ 287/1 หมู่ 7 ตำบลท่าข้าม อำเภอชนแดน เพชรบูรณ์ 67150,สำนักงานเกษตรจังหวัดเพชรบูรณ์,ท่าข้าม
3491,2568,ชนแดน,วิสาหกิจชุมชนกลุ่มปศุสัตว์ ม.8,เลขที่ 88 หมู่ 8 ตำบลท่าข้าม อำเภอชนแดน เพชรบูรณ์ 67150,สำนักงานเกษตรจังหวัดเพชรบูรณ์,ท่าข้าม
3492,2568,ชนแดน,วิสาหกิจชุมชนเกษตรยั่งยืนบ้านโคกสูง,เลขที่ 434/2 หมู่ 3 ตำบลท่าข้าม อำเภอชนแดน เพชรบูรณ์ 67150,สำนักงานเกษตรจังหวัดเพชรบูรณ์,ท่าข้าม
3493,2568,ชนแดน,วิสาหกิจชุมชนกลุ่มเกษตรสามัคคีบ้านโคกสูง,เลขที่ 135 หมู่ 3 ตำบลท่าข้าม อำเภอชนแดน เพชรบูรณ์ 67150,สำนักงานเกษตรจังหวัดเพชรบูรณ์,ท่าข้าม
3494,2568,ชนแดน,วิสาหกิจชุมชนกลุ่มทอเสื่อแม่บ้านตะกุดเป้า ม.5,เลขที่ 34 หมู่ 5 ตำบลท่าข้าม อำเภอชนแดน เพชรบูรณ์ 67150,สำนักงานเกษตรจังหวัดเพชรบูรณ์,ท่าข้าม
3495,2568,ชนแดน,วิสาหกิจชุมชนเพาะพันธุ์กล้าไม้บ้านโค้งผักชี,เลขที่ 65 หมู่ 14 ตำบลพุทธบาท อำเภอชนแดน เพชรบูรณ์ 67150,สำนักงานเกษตรจังหวัดเพชรบูรณ์,พุทธบาท
3496,2568,ชนแดน,วิสาหกิจชุมชนกลุ่มร้านค้าชุมชนสตรีบ้านซำเตย,เลขที่ 81 หมู่ 21 ตำบลพุทธบาท อำเภอชนแดน เพชรบูรณ์ 67150,สำนักงานเกษตรจังหวัดเพชรบูรณ์,พุทธบาท
3497,2568,ชนแดน,วิสาหกิจชุมชนผู้ปลูกข้าวโพดและเลี้ยงสัตว์บ้านคลองปอบ หมู่ที่ 9 ตำบลพุทธบาท,เลขที่ 28 หมู่ 9 ตำบลพุทธบาท อำเภอชนแดน เพชรบูรณ์ 67150,สำนักงานเกษตรจังหวัดเพชรบูรณ์,พุทธบาท
3498,2568,ชนแดน,วิสาหกิจชุมชนกลุ่มผู้ปลูกข้าวโพดเลี้ยงสัตว์บ้านอ่างหิน ตำบลพุทธบาท,เลขที่ 35/1 หมู่ 22 ตำบลพุทธบาท อำเภอชนแดน เพชรบูรณ์ 67150,สำนักงานเกษตรจังหวัดเพชรบูรณ์,พุทธบาท
3499,2568,ชนแดน,วิสาหกิจชุมชนเกษตรพัฒนาอาชีพบ้านโป่งเจ็ดหัว,เลขที่ 120 หมู่ 12 ตำบลพุทธบาท อำเภอชนแดน เพชรบูรณ์ 67150,สำนักงานเกษตรจังหวัดเพชรบูรณ์,พุทธบาท
3500,2568,ชนแดน,วิสาหกิจชุมชนเกษตรผสมผสานบ้านเนินต้อง,เลขที่ 159/1 หมู่ 25 ตำบลพุทธบาท อำเภอชนแดน เพชรบูรณ์ 67150,สำนักงานเกษตรจังหวัดเพชรบูรณ์,พุทธบาท
3501,2568,ชนแดน,วิสาหกิจชุมชนกลุ่มผู้ผลิตและแปรรูป หมู่ที่ ๖ บ้านกกจั่น,เลขที่ 96 หมู่ 6 ตำบลพุทธบาท อำเภอชนแดน เพชรบูรณ์ 67015,สำนักงานเกษตรจังหวัดเพชรบูรณ์,พุทธบาท
3502,2568,ชนแดน,วิสาหกิจชุมชนกลุ่มอาชีพแปรรูปมะขาม,เลขที่ 444 หมู่ 2 ตำบลพุทธบาท อำเภอชนแดน เพชรบูรณ์ 67150,สำนักงานเกษตรจังหวัดเพชรบูรณ์,พุทธบาท
3503,2568,ชนแดน,วิสาหกิจชุมชนกลุ่มเลี้ยงสัตว์ ตำบลพุทธบาท,เลขที่ 55 หมู่ 25 ตำบลพุทธบาท อำเภอชนแดน เพชรบูรณ์ 67150,สำนักงานเกษตรจังหวัดเพชรบูรณ์,พุทธบาท
3504,2568,ชนแดน,วิสาหกิจชุมชนกลุ่มเกษตรกรผู้เลี้ยงสัตว์ ม.25 ต.พุทธบาท,เลขที่ 118 หมู่ 25 ตำบลพุทธบาท อำเภอชนแดน เพชรบูรณ์ 67150,สำนักงานเกษตรจังหวัดเพชรบูรณ์,พุทธบาท
3505,2568,ชนแดน,วิสาหกิจชุมชนผู้เลี้ยงโค บ้านห้วยงาช้างบน,เลขที่ 37 หมู่ 23 ตำบลพุทธบาท อำเภอชนแดน เพชรบูรณ์ 67150,สำนักงานเกษตรจังหวัดเพชรบูรณ์,พุทธบาท
3506,2568,ชนแดน,วิสาหกิจชุมชนคนเลี้ยงแพะตำบลพุทธบาท,เลขที่ 336 หมู่ 5 ตำบลพุทธบาท อำเภอชนแดน เพชรบูรณ์ 67150,สำนักงานเกษตรจังหวัดเพชรบูรณ์,พุทธบาท
3507,2568,ชนแดน,วิสาหกิจชุมชนผู้เลี้ยงโคเนื้อ-โคขุน บ้านหนองตาด,เลขที่ 99 หมู่ 5 ตำบลพุทธบาท อำเภอชนแดน เพชรบูรณ์ 67150,สำนักงานเกษตรจังหวัดเพชรบูรณ์,พุทธบาท
3508,2568,ชนแดน,วิสาหกิจชุมชนกลุ่มเกษตรกรผู้ปลูกและแปรรูปมะขามหวานบ้านโป่งตะแบก,เลขที่ 28 หมู่ 10 ตำบลพุทธบาท อำเภอชนแดน เพชรบูรณ์ 67150,สำนักงานเกษตรจังหวัดเพชรบูรณ์,พุทธบาท
3509,2568,ชนแดน,วิสาหกิจชุมชนศูนย์ข้าวโพดชุมชนตำบลลาดแค,เลขที่ 177 หมู่ 8 ตำบลลาดแค อำเภอชนแดน เพชรบูรณ์ 67150,สำนักงานเกษตรจังหวัดเพชรบูรณ์,ลาดแค
3510,2568,ชนแดน,วิสาหกิจชุมชนกลุ่มทอผ้าบ้านคลองบนใต้ หมู่ที่ 20,เลขที่ 380/1 หมู่ 20 ตำบลลาดแค อำเภอชนแดน เพชรบูรณ์ 67150,สำนักงานเกษตรจังหวัดเพชรบูรณ์,ลาดแค
3511,2568,ชนแดน,วิสาหกิจชุมชนกลุ่มเลี้ยงวัวเนื้อเพื่อการผลิตเพิ่มรายได้ หมู่ที่ 18 ตำบลลาดแค,เลขที่ 153/1 หมู่ 18 ตำบลลาดแค อำเภอชนแดน เพชรบูรณ์ 67150,สำนักงานเกษตรจังหวัดเพชรบูรณ์,ลาดแค
3512,2568,ชนแดน,วิสาหกิจชุมชนกลุ่มเกษตรกรเลี้ยงสัตว์หนองใหญ่,เลขที่ 428/1 หมู่ 2 ตำบลลาดแค อำเภอชนแดน เพชรบูรณ์ 67150,สำนักงานเกษตรจังหวัดเพชรบูรณ์,ลาดแค
3513,2568,ชนแดน,วิสาหกิจชุมชนเพื่อเกษตรกรบ้านคลองโปร่ง 1,เลขที่ 5 หมู่ 17 ตำบลลาดแค อำเภอชนแดน เพชรบูรณ์ 67150,สำนักงานเกษตรจังหวัดเพชรบูรณ์,ลาดแค
3514,2568,ชนแดน,วิสาหกิจชุมชนกลุ่มอาชีพเกษตรกร ม.18 ต.ลาดแค,เลขที่ 51 หมู่ 18 ตำบลลาดแค อำเภอชนแดน เพชรบูรณ์ 67150,สำนักงานเกษตรจังหวัดเพชรบูรณ์,ลาดแค
3515,2568,ชนแดน,วิสาหกิจชุมชนบ้านดงลาน ม.2 ต.ลาดแค,เลขที่ 322 หมู่ 2 ตำบลลาดแค อำเภอชนแดน เพชรบูรณ์ 67150,สำนักงานเกษตรจังหวัดเพชรบูรณ์,ลาดแค
3516,2568,ชนแดน,วิสาหกิจชุมชนเกษตรพอเพียงบ้านลาดแคใต้,เลขที่ 102 หมู่ 1 ตำบลลาดแค อำเภอชนแดน เพชรบูรณ์ 67150,สำนักงานเกษตรจังหวัดเพชรบูรณ์,ลาดแค
3517,2568,ชนแดน,วิสาหกิจชุมชนกลุ่มโคกระบือ บ้านคลองโปร่ง,เลขที่ 98 หมู่ 17 ตำบลลาดแค อำเภอชนแดน เพชรบูรณ์ 67150,สำนักงานเกษตรจังหวัดเพชรบูรณ์,ลาดแค
3518,2568,ชนแดน,วิสาหกิจชุมชนซับม่วงพัฒนาโคเนื้อ,เลขที่ 18 หมู่ 15 ตำบลลาดแค อำเภอชนแดน เพชรบูรณ์ 67150,สำนักงานเกษตรจังหวัดเพชรบูรณ์,ลาดแค
3519,2568,ชนแดน,วิสาหกิจชุมชนกลุ่มจักสานตะกร้าบ้านโคกยาว,เลขที่ 11/2 หมู่ 6 ตำบลลาดแค อำเภอชนแดน เพชรบูรณ์ 67150,สำนักงานเกษตรจังหวัดเพชรบูรณ์,ลาดแค
3520,2568,ชนแดน,วิสาหกิจชุมชนกลุ่มผลิตพืชอาหารปลอดภัยบ้านโคกยาว,เลขที่ 11 หมู่ 6 ตำบลลาดแค อำเภอชนแดน เพชรบูรณ์ 67150,สำนักงานเกษตรจังหวัดเพชรบูรณ์,ลาดแค
3521,2568,ชนแดน,วิสาหกิจชุมชนกลุ่มผลิตพืชอาหารปลอดภัยบ้านซับม่วง,เลขที่ 68 หมู่ 15 ตำบลลาดแค อำเภอชนแดน เพชรบูรณ์ 67150,สำนักงานเกษตรจังหวัดเพชรบูรณ์,ลาดแค
3522,2568,ชนแดน,วิสาหกิจชุมชนกลุ่มผู้ปลูกและรวบรวมอ้อย,เลขที่ 104 หมู่ 18 ตำบลลาดแค อำเภอชนแดน เพชรบูรณ์ 67150,สำนักงานเกษตรจังหวัดเพชรบูรณ์,ลาดแค
3523,2568,ชนแดน,วิสาหกิจชุมชนเกษตรกรชาวไร่อ้อย,เลขที่ 82 หมู่ 2 ตำบลลาดแค อำเภอชนแดน เพชรบูรณ์ 67150,สำนักงานเกษตรจังหวัดเพชรบูรณ์,ลาดแค
3524,2568,ชนแดน,วิสาหกิจชุมชนกลุ่มเลี้ยงวัวบ้านเขาปูน ม.18,เลขที่ 91/1 หมู่ 18 ตำบลลาดแค อำเภอชนแดน เพชรบูรณ์ 67150,สำนักงานเกษตรจังหวัดเพชรบูรณ์,ลาดแค
3525,2568,ชนแดน,วิสาหกิจชุมชนกลุ่มเลี้ยงโคเนื้อบ้านหนองใหญ่ หมู่ 8,เลขที่ 253 หมู่ 8 ตำบลลาดแค อำเภอชนแดน เพชรบูรณ์ 67150,สำนักงานเกษตรจังหวัดเพชรบูรณ์,ลาดแค
3526,2568,ชนแดน,วิสาหกิจชุมชนกลุ่มผู้ปลูกอ้อยหมู่บ้านเขาน้อย หมู่4,เลขที่ 107 หมู่ 4 ตำบลลาดแค อำเภอชนแดน เพชรบูรณ์ 67150,สำนักงานเกษตรจังหวัดเพชรบูรณ์,ลาดแค
3527,2568,ชนแดน,วิสาหกิจชุมชนกลุ่มปลูกอ้อยบ้านหนองใหญ่ หมู่8,เลขที่ 268 หมู่ 8 ตำบลลาดแค อำเภอชนแดน เพชรบูรณ์ 67150,สำนักงานเกษตรจังหวัดเพชรบูรณ์,ลาดแค
3528,2568,ชนแดน,วิสาหกิจชุมชนกลุ่มเลี้ยงโคเนื้อเพื่อการผลิต หมู่ที่ 16,เลขที่ 57 หมู่ 16 ตำบลลาดแค อำเภอชนแดน เพชรบูรณ์ 67150,สำนักงานเกษตรจังหวัดเพชรบูรณ์,ลาดแค
3529,2568,ชนแดน,วิสาหกิจชุมชนกลุ่มผู้ปลูกอ้อย บ้านเขาปูน ม.18,เลขที่ 57 หมู่ 18 ตำบลลาดแค อำเภอชนแดน เพชรบูรณ์ 67150,สำนักงานเกษตรจังหวัดเพชรบูรณ์,ลาดแค
3530,2568,ชนแดน,วิสาหกิจชุมชนปลูกข้าวโพดเลี้ยงสัตว์ หมู่ 16 ลาดแค,เลขที่ 140/2 หมู่ 16 ตำบลลาดแค อำเภอชนแดน เพชรบูรณ์ 67150,สำนักงานเกษตรจังหวัดเพชรบูรณ์,ลาดแค
3531,2568,ชนแดน,วิสาหกิจชุมชนกลุ่มเกษตรกรเลี้ยงสัตว์บ้านดงลานใต้ ม.16 ลาดแค,เลขที่ 140 หมู่ 16 ตำบลลาดแค อำเภอชนแดน เพชรบูรณ์ 67150,สำนักงานเกษตรจังหวัดเพชรบูรณ์,ลาดแค
3532,2568,ชนแดน,วิสาหกิจชุมชนกลุ่มเกษตรกรบ้านอำพรฟาร์ม,เลขที่ 52 หมู่ 3 ตำบลลาดแค อำเภอชนแดน เพชรบูรณ์ 67150,สำนักงานเกษตรจังหวัดเพชรบูรณ์,ลาดแค
3533,2568,ชนแดน,วิสาหกิจชุมชนกลุ่มเกษตรยั่งยืนและแปรรูปผลผลิตทางการเกษตรอำเภอชนแดน,เลขที่ 100 หมู่ 15 ตำบลลาดแค อำเภอชนแดน เพชรบูรณ์ 67150,สำนักงานเกษตรจังหวัดเพชรบูรณ์,ลาดแค
3534,2568,ชนแดน,วิสาหกิจชุมชนสานสายใยใจไทยทุกภาคเกษตรเศรษฐกิจยั่งยืน,เลขที่ 307 ตำบลลาดแค อำเภอชนแดน เพชรบูรณ์ 67150,สำนักงานเกษตรจังหวัดเพชรบูรณ์,ลาดแค
3535,2568,ชนแดน,วิสาหกิจชุมชนกลุ่มสตรีทอผ้าบ้านเขาชะโงกเหนือ,เลขที่ 239 หมู่ 7 ตำบลบ้านกล้วย อำเภอชนแดน เพชรบูรณ์ 67190,สำนักงานเกษตรจังหวัดเพชรบูรณ์,บ้านกล้วย
3536,2568,ชนแดน,วิสาหกิจชุมชนเลี้ยงโคเนื้อบ้านกล้วยพัฒนา,เลขที่ 401 หมู่ 3 ตำบลบ้านกล้วย อำเภอชนแดน เพชรบูรณ์ 67190,สำนักงานเกษตรจังหวัดเพชรบูรณ์,บ้านกล้วย
3537,2568,ชนแดน,วิสาหกิจชุมชนกลุ่มปศุสัตว์บ้านโคกสำราญ,เลขที่ 166/1 หมู่ 8 ตำบลบ้านกล้วย อำเภอชนแดน เพชรบูรณ์ 67150,สำนักงานเกษตรจังหวัดเพชรบูรณ์,บ้านกล้วย
3538,2568,ชนแดน,วิสาหกิจชุมชนกลุ่มการเพาะเห็ดถุง เห็ดอินทรีย์,เลขที่ 54/1 หมู่ 5 ตำบลบ้านกล้วย อำเภอชนแดน เพชรบูรณ์ 67150,สำนักงานเกษตรจังหวัดเพชรบูรณ์,บ้านกล้วย
3539,2568,ชนแดน,วิสาหกิจชุมชนกลุ่มผู้ผลิตอ้อย,เลขที่ 465 หมู่ 3 ตำบลบ้านกล้วย อำเภอชนแดน เพชรบูรณ์ 67190,สำนักงานเกษตรจังหวัดเพชรบูรณ์,บ้านกล้วย
3540,2568,ชนแดน,วิสาหกิจชุมชนรวบรวมผลผลิตการเกษตร ม.2 โคกสำราญ,เลขที่ 121 หมู่ 2 ตำบลบ้านกล้วย อำเภอชนแดน เพชรบูรณ์ 67190,สำนักงานเกษตรจังหวัดเพชรบูรณ์,บ้านกล้วย
3541,2568,ชนแดน,วิสาหกิจชุมชนกลุ่มเลี้ยงสัตว์และแปรรูปผลผลิตทางการเกษตร,เลขที่ 44/1 หมู่ 8 ตำบลบ้านกล้วย อำเภอชนแดน เพชรบูรณ์ 67190,สำนักงานเกษตรจังหวัดเพชรบูรณ์,บ้านกล้วย
3542,2568,ชนแดน,วิสาหกิจชุมชนรวบรวมผลผลิตทางการเกษตรตามฤดูกาล,เลขที่ 10 หมู่ 2 ตำบลบ้านกล้วย อำเภอชนแดน เพชรบูรณ์ 67190,สำนักงานเกษตรจังหวัดเพชรบูรณ์,บ้านกล้วย
3543,2568,ชนแดน,วิสาหกิจชุมชนผลิตและแปรรูปผลผลิตทางการเกษตรบ้านกล้วย,เลขที่ 345 หมู่ 10 ตำบลบ้านกล้วย อำเภอชนแดน เพชรบูรณ์ 67190,สำนักงานเกษตรจังหวัดเพชรบูรณ์,บ้านกล้วย
3544,2568,ชนแดน,วิสาหกิจชุมชนกลุ่มผู้ปลูกผักปลอดภัย บ้านเขาชะโงก,เลขที่ 119/1 ตำบลบ้านกล้วย อำเภอชนแดน เพชรบูรณ์ 67190,สำนักงานเกษตรจังหวัดเพชรบูรณ์,บ้านกล้วย
3545,2568,ชนแดน,วิสาหกิจชุมชนกลุ่มแม่บ้านวังไทร,เลขที่ 11 หมู่ 4 ตำบลซับพุทรา อำเภอชนแดน เพชรบูรณ์ 67150,สำนักงานเกษตรจังหวัดเพชรบูรณ์,ซับพุทรา
3546,2568,ชนแดน,วิสาหกิจชุมชนกลุ่มผู้ผลิตไม้กวาดดอกหญ้าบ้านซับหมาแสน,เลขที่ 125 หมู่ 6 ตำบลซับพุทรา อำเภอชนแดน เพชรบูรณ์ 67150,สำนักงานเกษตรจังหวัดเพชรบูรณ์,ซับพุทรา
3547,2568,ชนแดน,วิสาหกิจชุมชนกลุ่มเกษตรกรบ้านวังไทร,เลขที่ 1 หมู่ 4 ตำบลซับพุทรา อำเภอชนแดน เพชรบูรณ์ 67150,สำนักงานเกษตรจังหวัดเพชรบูรณ์,ซับพุทรา
3548,2568,ชนแดน,วิสาหกิจชุมชนผู้เลี้ยงสัตว์บ้านคลองกลาง,เลขที่ 76/1 หมู่ 2 ตำบลซับพุทรา อำเภอชนแดน เพชรบูรณ์ 67150,สำนักงานเกษตรจังหวัดเพชรบูรณ์,ซับพุทรา
3549,2568,ชนแดน,วิสาหกิจชุมชนศูนย์เรียนรู้นิคมเกษตรกรพืชอาหารและพืชทดแทนพลังงาน,เลขที่ 99 หมู่ 5 ตำบลซับพุทรา อำเภอชนแดน เพชรบูรณ์ 67150,สำนักงานเกษตรจังหวัดเพชรบูรณ์,ซับพุทรา
3550,2568,ชนแดน,วิสาหกิจชุมชนกลุ่มโครงการทอพรมเช็ดเท้า,เลขที่ 88 หมู่ 6 ตำบลซับพุทรา อำเภอชนแดน เพชรบูรณ์ 67150,สำนักงานเกษตรจังหวัดเพชรบูรณ์,ซับพุทรา
3551,2568,ชนแดน,วิสาหกิจชุมชนซับพุทราสมุนไพร,เลขที่ 599 หมู่ 1 ตำบลซับพุทรา อำเภอชนแดน เพชรบูรณ์ 67150,สำนักงานเกษตรจังหวัดเพชรบูรณ์,ซับพุทรา
3552,2568,ชนแดน,วิสาหกิจชุมชนกลุ่มเลี้ยงโคเนื้อบ้านโคกสาร,เลขที่ 37/1 หมู่ 5 ตำบลซับพุทรา อำเภอชนแดน เพชรบูรณ์ 67150,สำนักงานเกษตรจังหวัดเพชรบูรณ์,ซับพุทรา
3553,2568,ชนแดน,วิสาหกิจชุมชนกลุ่มผู้เลี้ยงโคเนื้อ-โคกสาร,เลขที่ 77 หมู่ 5 ตำบลซับพุทรา อำเภอชนแดน เพชรบูรณ์ 67150,สำนักงานเกษตรจังหวัดเพชรบูรณ์,ซับพุทรา
3554,2568,ชนแดน,วิสาหกิจชุมชนกลุ่มผลิตเมล็ดพันธุ์พืชและปศุสัตว์ตำบลซับพุทรา,เลขที่ 23 หมู่ 7 ตำบลซับพุทรา อำเภอชนแดน เพชรบูรณ์ 67150,สำนักงานเกษตรจังหวัดเพชรบูรณ์,ซับพุทรา
3555,2568,ชนแดน,วิสาหกิจชุมชนกลุ่มผู้เลี้ยงสุกร ม.1 ต.ซับพุทรา,เลขที่ 34/5 หมู่ 1 ตำบลซับพุทรา อำเภอชนแดน เพชรบูรณ์ 67150,สำนักงานเกษตรจังหวัดเพชรบูรณ์,ซับพุทรา
3556,2568,ชนแดน,วิสาหกิจชุมชนเกษตรผสมผสานบ้านวังไทร,เลขที่ 1/4 หมู่ 4 ตำบลซับพุทรา อำเภอชนแดน เพชรบูรณ์ 67150,สำนักงานเกษตรจังหวัดเพชรบูรณ์,ซับพุทรา
3557,2568,ชนแดน,วิสาหกิจชุมชนบ้านเขาถ้ำพัฒนา,เลขที่ 98 ม.9 ตำบลซับพุทรา อำเภอชนแดน เพชรบูรณ์ 67150,สำนักงานเกษตรจังหวัดเพชรบูรณ์,ซับพุทรา
3558,2568,ชนแดน,วิสาหกิจชุมชนกลุ่มร้านค้าและสินค้าชุมชนบ้านซับเจริญ,เลขที่ 120 ตำบลซับพุทรา อำเภอชนแดน เพชรบูรณ์ 67150,สำนักงานเกษตรจังหวัดเพชรบูรณ์,ซับพุทรา
3559,2568,ชนแดน,วิสาหกิจชุมชนเลี้ยงโคบ้านภูเขาหินปะการัง,เลขที่ 9 หมู่ 8 ตำบลซับพุทรา อำเภอชนแดน เพชรบูรณ์ 67150,สำนักงานเกษตรจังหวัดเพชรบูรณ์,ซับพุทรา
3560,2568,ชนแดน,วิสาหกิจชุมชนกลุ่มเกษตรกรบ้านเขาเพิ่มพัฒนาหมู่ที่8,เลขที่ เลขที่ 6 หมู่ 8 ตำบลซับพุทรา อำเภอชนแดน เพชรบูรณ์ 67150,สำนักงานเกษตรจังหวัดเพชรบูรณ์,ซับพุทรา
3561,2568,ชนแดน,วิสาหกิจชุมชนกลุ่มเกษตรบ้านเขาเพิ่มพัฒนา,เลขที่ 81/1 หมู่ที่ 8 ตำบลซับพุทรา อำเภอชนแดน เพชรบูรณ์ 67150,สำนักงานเกษตรจังหวัดเพชรบูรณ์,ซับพุทรา
3562,2568,ชนแดน,วิสาหกิจชุมชนการเกษตรชุมชนบ้านซับเจริญ,เลขที่ 412 ตำบลซับพุทรา อำเภอชนแดน เพชรบูรณ์ 67150,สำนักงานเกษตรจังหวัดเพชรบูรณ์,ซับพุทรา
3563,2568,ชนแดน,วิสาหกิจชุมชนกลุ่มพืชไร่พืชสวนและเลี้ยงไก่บ้านซับเจริญ,เลขที่ 171 ตำบลซับพุทรา อำเภอชนแดน เพชรบูรณ์ 67150,สำนักงานเกษตรจังหวัดเพชรบูรณ์,ซับพุทรา
3564,2568,ชนแดน,วิสาหกิจชุมชนกลุ่มเกษตรแปรรูปบ้านซับอีปุก,เลขที่ 68 หมู่7 ตำบลซับพุทรา อำเภอชนแดน เพชรบูรณ์ 67150,สำนักงานเกษตรจังหวัดเพชรบูรณ์,ซับพุทรา
3565,2568,ชนแดน,วิสาหกิจชุมชนกลุ่มหัตกรรมจักสานแม่บ้านทางโค้ง,เลขที่ 444 หมู่ 3 ตำบลซับพุทรา อำเภอชนแดน เพชรบูรณ์ 67150,สำนักงานเกษตรจังหวัดเพชรบูรณ์,ซับพุทรา
3566,2568,ชนแดน,วิสาหกิจชุมชนกลุ่มออมทรัพย์เพื่อการผลิตบ้านตะกุดไร หมู่ที่ 1,เลขที่ 117/1 หมู่ 1 ตำบลตะกุดไร อำเภอชนแดน เพชรบูรณ์ 67190,สำนักงานเกษตรจังหวัดเพชรบูรณ์,ตะกุดไร
3567,2568,ชนแดน,วิสาหกิจชุมชนกลุ่มผู้ปลูกข้าวโพดบ้านเขาสัก,เลขที่ 26 หมู่ 4 ตำบลตะกุดไร อำเภอชนแดน เพชรบูรณ์ 67190,สำนักงานเกษตรจังหวัดเพชรบูรณ์,ตะกุดไร
3568,2568,ชนแดน,วิสาหกิจชุมชนเทพจักรพันธ์เพื่อการเกษตรและสมุนไพรที่ยั่งยืน,เลขที่ 95 หมู่ 6 ตำบลตะกุดไร อำเภอชนแดน เพชรบูรณ์ 67190,สำนักงานเกษตรจังหวัดเพชรบูรณ์,ตะกุดไร
3569,2568,ชนแดน,วิสาหกิจชุมชนรักษ์ดงขุย,เลขที่ 915/3 ตำบลตะกุดไร อำเภอชนแดน เพชรบูรณ์ 67190,สำนักงานเกษตรจังหวัดเพชรบูรณ์,ตะกุดไร
3570,2568,ชนแดน,วิสาหกิจชุมชนแปรรูปสมุนไพรบ้านเนินพัฒนา,เลขที่ 150/2 หมู่ 10 ตำบลศาลาลาย อำเภอชนแดน เพชรบูรณ์ 67150,สำนักงานเกษตรจังหวัดเพชรบูรณ์,ศาลาลาย
3571,2568,ชนแดน,วิสาหกิจชุมชนกลุ่มผู้เลี้ยงโคเนื้อเพื่อเพิ่มผลผลิต หมู่ที่ 5 ตำบลศาลาลาย,เลขที่ 400 หมู่ 5 ตำบลศาลาลาย อำเภอชนแดน เพชรบูรณ์ 67150,สำนักงานเกษตรจังหวัดเพชรบูรณ์,ศาลาลาย
3572,2568,ชนแดน,วิสาหกิจชุมชนกลุ่มเกษตรก้าวหน้า หมู่ที่ 10 ศาลาลาย,เลขที่ 95/1 หมู่ 10 ตำบลศาลาลาย อำเภอชนแดน เพชรบูรณ์ 67150,สำนักงานเกษตรจังหวัดเพชรบูรณ์,ศาลาลาย
3573,2568,ชนแดน,วิสาหกิจชุมชนปรีชาสักทอง 2009,เลขที่ 111 หมู่ 3 ตำบลศาลาลาย อำเภอชนแดน เพชรบูรณ์ 67150,สำนักงานเกษตรจังหวัดเพชรบูรณ์,ศาลาลาย
3574,2568,ชนแดน,วิสาหกิจชุมชนกลุ่มการเกษตรซับขลุงพัฒนา,เลขที่ 176 หมู่ 7 ตำบลศาลาลาย อำเภอชนแดน เพชรบูรณ์ 67150,สำนักงานเกษตรจังหวัดเพชรบูรณ์,ศาลาลาย
3575,2568,ชนแดน,วิสาหกิจชุมชนพัฒนาการเกษตร หมู่5,เลขที่ 108/1 หมู่ 5 ตำบลศาลาลาย อำเภอชนแดน เพชรบูรณ์ 67150,สำนักงานเกษตรจังหวัดเพชรบูรณ์,ศาลาลาย
3576,2568,ชนแดน,วิสาหกิจชุมชนกลุ่มบุญยิ่งโคเนื้อ,เลขที่ 10/1 หมู่ 3 ตำบลศาลาลาย อำเภอชนแดน เพชรบูรณ์ 67150,สำนักงานเกษตรจังหวัดเพชรบูรณ์,ศาลาลาย
3577,2568,ชนแดน,วิสาหกิจชุมชนปรานอมโคเนื้อ,เลขที่ 47 หมู่ 8 ตำบลศาลาลาย อำเภอชนแดน เพชรบูรณ์ 67150,สำนักงานเกษตรจังหวัดเพชรบูรณ์,ศาลาลาย
3578,2568,ชนแดน,วิสาหกิจชุมชนณัฐพงษ์โคเนื้อ,เลขที่ 13 หมู่ 5 ตำบลศาลาลาย อำเภอชนแดน เพชรบูรณ์ 67150,สำนักงานเกษตรจังหวัดเพชรบูรณ์,ศาลาลาย
3579,2568,ชนแดน,วิสาหกิจชุมชนประจวบโคเนื้อ,เลขที่ 70 หมู่ 9 ตำบลศาลาลาย อำเภอชนแดน เพชรบูรณ์ 67150,สำนักงานเกษตรจังหวัดเพชรบูรณ์,ศาลาลาย
3580,2568,ชนแดน,วิสาหกิจชุมชนดาวเรืองโคเนื้อ,เลขที่ 294 หมู่ 8 ตำบลศาลาลาย อำเภอชนแดน เพชรบูรณ์ 67150,สำนักงานเกษตรจังหวัดเพชรบูรณ์,ศาลาลาย
3581,2568,ชนแดน,วิสาหกิจชุมชนกลุ่มบรรจงเลี้ยงโคเนื้อ ม.6 ต.ศาลาลาย,เลขที่ 149/6 หมู่ 6 ตำบลศาลาลาย อำเภอชนแดน เพชรบูรณ์ 67150,สำนักงานเกษตรจังหวัดเพชรบูรณ์,ศาลาลาย
3582,2568,ชนแดน,วิสาหกิจชุมชนกลุ่มผู้เลี้ยงโคเนื้อ ม.6 ต.ศาลาลาย,เลขที่ 192 หมู่ 6 ตำบลศาลาลาย อำเภอชนแดน เพชรบูรณ์ 67150,สำนักงานเกษตรจังหวัดเพชรบูรณ์,ศาลาลาย
3583,2568,ชนแดน,วิสาหกิจชุมชนหนองขามโคเนื้อ,เลขที่ 95 หมู่ 9 ตำบลศาลาลาย อำเภอชนแดน เพชรบูรณ์ 67150,สำนักงานเกษตรจังหวัดเพชรบูรณ์,ศาลาลาย
3584,2568,ชนแดน,วิสาหกิจชุมชนเกษตรพัฒนาบ้านหัวถนน ม.8,เลขที่ 410/5 หมู่ 8 ตำบลศาลาลาย อำเภอชนแดน เพชรบูรณ์ 67150,สำนักงานเกษตรจังหวัดเพชรบูรณ์,ศาลาลาย
3585,2568,ชนแดน,วิสาหกิจชุมชนสายทองโคเนื้อ หมู่ที่ 8 ตำบลศาลาลาย,เลขที่ 104 หมู่ 8 ตำบลศาลาลาย อำเภอชนแดน เพชรบูรณ์ 67150,สำนักงานเกษตรจังหวัดเพชรบูรณ์,ศาลาลาย
3586,2568,ชนแดน,วิสาหกิจชุมชนบ้านไร่ผาสุขโคเนื้อ,เลขที่ 193/2 หมู่ 6 ตำบลศาลาลาย อำเภอชนแดน เพชรบูรณ์ 67150,สำนักงานเกษตรจังหวัดเพชรบูรณ์,ศาลาลาย
3587,2568,ชนแดน,วิสาหกิจชุมชนเกษตรพัฒนาโคเงิน,เลขที่ 267 หมู่ 8 ตำบลศาลาลาย อำเภอชนแดน เพชรบูรณ์ 67150,สำนักงานเกษตรจังหวัดเพชรบูรณ์,ศาลาลาย
3588,2568,ชนแดน,วิสาหกิจชุมชนกลุ่มแปรรูปผลผลิตทางการเกษตร บ้านศาลาลาย,เลขที่ 1 หมู่ 1 ตำบลศาลาลาย อำเภอชนแดน เพชรบูรณ์ 67150,สำนักงานเกษตรจังหวัดเพชรบูรณ์,ศาลาลาย
3589,2568,วังโป่ง,วิสาหกิจชุมชนโคเนื้อบ้านสะพานสอง ต.วังโป่ง,เลขที่ 144 หมู่ 13 ตำบลวังโป่ง อำเภอวังโป่ง เพชรบูรณ์ 67240,สำนักงานเกษตรจังหวัดเพชรบูรณ์,วังโป่ง
3590,2568,วังโป่ง,วิสาหกิจชุมชนกลุ่มแปลงใหญ่ข้าววังโป่ง,เลขที่ 197 หมู่ 1 ตำบลวังโป่ง อำเภอวังโป่ง เพชรบูรณ์ 67240,สำนักงานเกษตรจังหวัดเพชรบูรณ์,วังโป่ง
3591,2568,วังโป่ง,วิสาหกิจชุมชนกลุ่มเกษตรพัฒนาม.8บ้านทางข้าม,เลขที่ 121 ม.8 ตำบลวังโป่ง อำเภอวังโป่ง เพชรบูรณ์ 67240,สำนักงานเกษตรจังหวัดเพชรบูรณ์,วังโป่ง
3592,2568,วังโป่ง,วิสาหกิจชุมชนชื่นชีวา,เลขที่ 46 ม.4 ตำบลวังโป่ง อำเภอวังโป่ง เพชรบูรณ์ 67240,สำนักงานเกษตรจังหวัดเพชรบูรณ์,วังโป่ง
3593,2568,วังโป่ง,วิสาหกิจชุมชนศูนย์ฯ ข้าวชุมชนบ้านทุ่งนางาม,เลขที่ 6 หมู่ 7 ตำบลท้ายดง อำเภอวังโป่ง เพชรบูรณ์ 67240,สำนักงานเกษตรจังหวัดเพชรบูรณ์,ท้ายดง
3594,2568,วังโป่ง,วิสาหกิจชุมชนกลุ่มแม่บ้านเกษตรกรบ้านวังกระดาษเงิน,เลขที่ 134 หมู่ 2 ตำบลท้ายดง อำเภอวังโป่ง เพชรบูรณ์ 67240,สำนักงานเกษตรจังหวัดเพชรบูรณ์,ท้ายดง
3595,2568,วังโป่ง,วิสาหกิจชุมชนผู้ผลิตไม้ผลท้ายดง,เลขที่ 327 หมู่ 2 ตำบลท้ายดง อำเภอวังโป่ง เพชรบูรณ์ 67240,สำนักงานเกษตรจังหวัดเพชรบูรณ์,ท้ายดง
3596,2568,วังโป่ง,วิสาหกิจชุมชนบ้านวังขอน,เลขที่ 225 หมู่ 6 ตำบลท้ายดง อำเภอวังโป่ง เพชรบูรณ์ 67240,สำนักงานเกษตรจังหวัดเพชรบูรณ์,ท้ายดง
3597,2568,วังโป่ง,วิสาหกิจชุมชนขนมบ้านบ้าน,เลขที่ 7/1 หมู่ 3 ตำบลท้ายดง อำเภอวังโป่ง เพชรบูรณ์ 67240,สำนักงานเกษตรจังหวัดเพชรบูรณ์,ท้ายดง
3598,2568,วังโป่ง,วิสาหกิจชุมชนพัฒนาเกษตรแนวใหม่บ้านวังขอน,เลขที่ 164 หมู่ 6 ตำบลท้ายดง อำเภอวังโป่ง เพชรบูรณ์ 67240,สำนักงานเกษตรจังหวัดเพชรบูรณ์,ท้ายดง
3599,2568,วังโป่ง,วิสาหกิจชุมชนกลุ่มแม่บ้านเกษตรกรบ้านร่องตะแบก,เลขที่ 161 หมู่ 9 ตำบลท้ายดง อำเภอวังโป่ง เพชรบูรณ์ 67240,สำนักงานเกษตรจังหวัดเพชรบูรณ์,ท้ายดง
3600,2568,วังโป่ง,วิสาหกิจชุมชนแม่บ้านเกษตรกรบ้านวังชะนางเหนือ หมู่ที่12,เลขที่ 173/1 หมู่ 12 ตำบลท้ายดง อำเภอวังโป่ง เพชรบูรณ์ 67240,สำนักงานเกษตรจังหวัดเพชรบูรณ์,ท้ายดง
3601,2568,วังโป่ง,วิสาหกิจชุมชนผลิตภัณฑ์แปรรูปหญ้าแฝก อ.วังโป่ง จ.เพชรบูรณ์,เลขที่ 34/2 หมู่ 4 ตำบลท้ายดง อำเภอวังโป่ง เพชรบูรณ์ 67240,สำนักงานเกษตรจังหวัดเพชรบูรณ์,ท้ายดง
3602,2568,วังโป่ง,วิสาหกิจชุมชนคนหัวใจอินทรีย์อำเภอวังโป่ง,เลขที่ 231 หมู่ 6 ตำบลท้ายดง อำเภอวังโป่ง เพชรบูรณ์ 67240,สำนักงานเกษตรจังหวัดเพชรบูรณ์,ท้ายดง
3603,2568,วังโป่ง,วิสาหกิจชุมชนบ้านวังชะนางใต้ ม.5 ท้ายดง,เลขที่ 113 หมู่ 5 ตำบลท้ายดง อำเภอวังโป่ง เพชรบูรณ์ 67240,สำนักงานเกษตรจังหวัดเพชรบูรณ์,ท้ายดง
3604,2568,วังโป่ง,วิสาหกิจชุมชนบ้านวังกระดาษเหนือ,เลขที่ 91 ม.13 ตำบลท้ายดง อำเภอวังโป่ง เพชรบูรณ์ 67240,สำนักงานเกษตรจังหวัดเพชรบูรณ์,ท้ายดง
3605,2568,วังโป่ง,วิสาหกิจชุมชนทำเกษตรหมู่ 3 ต.ท้ายดง,เลขที่ 94 ม.3 ตำบลท้ายดง อำเภอวังโป่ง เพชรบูรณ์ 67240,สำนักงานเกษตรจังหวัดเพชรบูรณ์,ท้ายดง
3606,2568,วังโป่ง,วิสาหกิจชุมชนกลุ่มวังไทรทองเหนือก้าวหน้า,เลขที่ 188 หมู่ 7 ตำบลซับเปิบ อำเภอวังโป่ง เพชรบูรณ์ 67240,สำนักงานเกษตรจังหวัดเพชรบูรณ์,ซับเปิบ
3607,2568,วังโป่ง,วิสาหกิจชุมชนกลุ่มเกษตรพัฒนา ม.8 ซับเปิบใต้,เลขที่ 204 หมู่ 8 ตำบลซับเปิบ อำเภอวังโป่ง เพชรบูรณ์ 67240,สำนักงานเกษตรจังหวัดเพชรบูรณ์,ซับเปิบ
3608,2568,วังโป่ง,วิสาหกิจชุมชนเกษตรพัฒนาซับเปิบ หมู่ที่ 3,เลขที่ 118 หมู่ 3 ตำบลซับเปิบ อำเภอวังโป่ง เพชรบูรณ์ 67240,สำนักงานเกษตรจังหวัดเพชรบูรณ์,ซับเปิบ
3609,2568,วังโป่ง,วิสาหกิจชุมชนกลุ่มส่งเสริมพัฒนาการเกษตรบ้านเนินดินแดง,เลขที่ 9 หมู่ 4 ตำบลซับเปิบ อำเภอวังโป่ง เพชรบูรณ์ 67240,สำนักงานเกษตรจังหวัดเพชรบูรณ์,ซับเปิบ
3610,2568,วังโป่ง,วิสาหกิจชุมชนกลุ่มพัฒนาอาชีพบ้านคลองน้ำคัน,เลขที่ 288 หมู่ 2 ตำบลซับเปิบ อำเภอวังโป่ง เพชรบูรณ์ 67240,สำนักงานเกษตรจังหวัดเพชรบูรณ์,ซับเปิบ
3611,2568,วังโป่ง,วิสาหกิจชุมชนกลุ่มผู้เลี้ยงโคเนื้อตำบลซับเปิบ,เลขที่ 18/1 หมู่ 4 ตำบลซับเปิบ อำเภอวังโป่ง เพชรบูรณ์ 67240,สำนักงานเกษตรจังหวัดเพชรบูรณ์,ซับเปิบ
3612,2568,วังโป่ง,วิสาหกิจชุมชนไม้ผลตำบลซับเปิบ,เลขที่ 96 หมู่ 3 ตำบลซับเปิบ อำเภอวังโป่ง เพชรบูรณ์ 67240,สำนักงานเกษตรจังหวัดเพชรบูรณ์,ซับเปิบ
3613,2568,วังโป่ง,วิสาหกิจชุมชนสานสายใยใจไทยทุกภาคเกษตรพัฒนาบ้านซับเปิบ,เลขที่ 59/1 ตำบลซับเปิบ อำเภอวังโป่ง เพชรบูรณ์ 67240,สำนักงานเกษตรจังหวัดเพชรบูรณ์,ซับเปิบ
3614,2568,วังโป่ง,วิสาหกิจชุมชนกลุ่มออมทรัพย์ ว.44,เลขที่ 8 หมู่ 16 ตำบลวังหิน อำเภอวังโป่ง เพชรบูรณ์ 67240,สำนักงานเกษตรจังหวัดเพชรบูรณ์,วังหิน
3615,2568,วังโป่ง,วิสาหกิจชุมชนศูนย์ผลิตพันธุ์พืชตำบลวังหิน,เลขที่ 65 หมู่ 5 ตำบลวังหิน อำเภอวังโป่ง เพชรบูรณ์ 67240,สำนักงานเกษตรจังหวัดเพชรบูรณ์,วังหิน
3616,2568,วังโป่ง,วิสาหกิจชุมชนกลุ่มสตรีทอผ้าตำบลวังหิน,เลขที่ 35 หมู่ 15 ตำบลวังหิน อำเภอวังโป่ง เพชรบูรณ์ 67240,สำนักงานเกษตรจังหวัดเพชรบูรณ์,วังหิน
3617,2568,วังโป่ง,วิสาหกิจชุมชนกลุ่มส่งเสริมการผลิตข้าวชุมชนบ้านน้ำอ้อม,เลขที่ 31 หมู่ 3 ตำบลวังหิน อำเภอวังโป่ง เพชรบูรณ์ 67240,สำนักงานเกษตรจังหวัดเพชรบูรณ์,วังหิน
3618,2568,วังโป่ง,วิสาหกิจชุมชนไหมทอง,เลขที่ 44 หมู่ 12 ตำบลวังหิน อำเภอวังโป่ง เพชรบูรณ์ 67240,สำนักงานเกษตรจังหวัดเพชรบูรณ์,วังหิน
3619,2568,วังโป่ง,วิสาหกิจชุมชนสวนส้มโอปลอดสารพิษ,เลขที่ 15/1 หมู่ 4 ตำบลวังหิน อำเภอวังโป่ง เพชรบูรณ์ 67240,สำนักงานเกษตรจังหวัดเพชรบูรณ์,วังหิน
3620,2568,วังโป่ง,วิสาหกิจชุมชนเกษตรไม้ผลตำบลวังหิน,เลขที่ 38 หมู่ 14 ตำบลวังหิน อำเภอวังโป่ง เพชรบูรณ์ 67240,สำนักงานเกษตรจังหวัดเพชรบูรณ์,วังหิน
3621,2568,วังโป่ง,วิสาหกิจชุมชนออมทรัพย์กลุ่มลูกค้า ว82,เลขที่ 123 หมู่ 1 ตำบลวังหิน อำเภอวังโป่ง เพชรบูรณ์ 67240,สำนักงานเกษตรจังหวัดเพชรบูรณ์,วังหิน
3622,2568,วังโป่ง,วิสาหกิจชุมชนกลุ่มเกษตรพัฒนา ต.วังหิน,เลขที่ 124 หมู่ 8 ตำบลวังหิน อำเภอวังโป่ง เพชรบูรณ์ 67240,สำนักงานเกษตรจังหวัดเพชรบูรณ์,วังหิน
3623,2568,วังโป่ง,วิสาหกิจชุมชนสมุนไพรไทยบ้านวังใหญ่,เลขที่ 54 หมู่ 4 ตำบลวังหิน อำเภอวังโป่ง เพชรบูรณ์ 67240,สำนักงานเกษตรจังหวัดเพชรบูรณ์,วังหิน
3624,2568,วังโป่ง,วิสาหกิจชุมชนกลุ่มเลี้ยงโคเนื้อปรับเปลี่ยนพื้นที่นาไม่เหมาะสม,เลขที่ 17 หมู่ 13 ตำบลวังหิน อำเภอวังโป่ง เพชรบูรณ์ 67240,สำนักงานเกษตรจังหวัดเพชรบูรณ์,วังหิน
3625,2568,วังโป่ง,วิสาหกิจชุมชนผลิตภัณฑ์ภูมิปัญญาท้องถิ่นบ้านวังพลับ,เลขที่ 26/2 หมู่ 5 ตำบลวังหิน อำเภอวังโป่ง เพชรบูรณ์ 67240,สำนักงานเกษตรจังหวัดเพชรบูรณ์,วังหิน
3626,2568,วังโป่ง,วิสาหกิจชุมชนวังหินทอง,เลขที่ 10 ม.17 ตำบลวังหิน อำเภอวังโป่ง เพชรบูรณ์ 67240,สำนักงานเกษตรจังหวัดเพชรบูรณ์,วังหิน
3627,2568,วังโป่ง,วิสาหกิจชุมชนบ้านเนินวังชุมนุมสามัคคี,เลขที่ 67 หมู่ 2 ตำบลวังศาล อำเภอวังโป่ง เพชรบูรณ์ 67240,สำนักงานเกษตรจังหวัดเพชรบูรณ์,วังศาล
3628,2568,วังโป่ง,วิสาหกิจชุมชนภูเขาทอง,เลขที่ 4 หมู่ 12 ตำบลวังศาล อำเภอวังโป่ง เพชรบูรณ์ 67240,สำนักงานเกษตรจังหวัดเพชรบูรณ์,วังศาล
3629,2568,วังโป่ง,วิสาหกิจชุมชนดงลึกพัฒนา,เลขที่ 202/2 หมู่ 3 ตำบลวังศาล อำเภอวังโป่ง เพชรบูรณ์ 67240,สำนักงานเกษตรจังหวัดเพชรบูรณ์,วังศาล
3630,2568,วังโป่ง,วิสาหกิจชุมชนกลุ่มผู้เลี้ยงโคเนื้อตำบลวังศาล,เลขที่ 113 หมู่ 4 ตำบลวังศาล อำเภอวังโป่ง เพชรบูรณ์ 67240,สำนักงานเกษตรจังหวัดเพชรบูรณ์,วังศาล
3631,2568,วังโป่ง,วิสาหกิจชุมชนกลุ่มพัฒนาอาชีพเกษตรตำบลวังศาล,เลขที่ 2 หมู่ 4 ตำบลวังศาล อำเภอวังโป่ง เพชรบูรณ์ 67240,สำนักงานเกษตรจังหวัดเพชรบูรณ์,วังศาล
3632,2568,วังโป่ง,วิสาหกิจชุมชนกลุ่มเกษตรกรผู้ปลูกข้าวม.7 ต.วังศาล อ.วังโป่ง จ.เพชรบูรณ์,เลขที่ 8 ม.7 ตำบลวังศาล อำเภอวังโป่ง เพชรบูรณ์ 67240,สำนักงานเกษตรจังหวัดเพชรบูรณ์,วังศาล
3633,2568,วังโป่ง,วิสาหกิจชุมชนเกษตรกรทำนาบ้านดงเจริญ ม.10,เลขที่ 249/1 ม.10 ตำบลวังศาล อำเภอวังโป่ง เพชรบูรณ์ 67240,สำนักงานเกษตรจังหวัดเพชรบูรณ์,วังศาล
3634,2568,วังโป่ง,วิสาหกิจชุมชนหมู่ 1 บ้านวังศาล,เลขที่ 384 ม.1 ตำบลวังศาล อำเภอวังโป่ง เพชรบูรณ์ 67240,สำนักงานเกษตรจังหวัดเพชรบูรณ์,วังศาล
3635,2568,วังโป่ง,วิสาหกิจชุมชนเกษตรรุ่งเรือง บ้านวังศาล,เลขที่ 24 ม.1 ตำบลวังศาล อำเภอวังโป่ง เพชรบูรณ์ 67240,สำนักงานเกษตรจังหวัดเพชรบูรณ์,วังศาล
3636,2568,วังโป่ง,วิสาหกิจชุมชนเกษตรทำนาหมู่ 11,เลขที่ 63 หมู่ 11 ตำบลวังศาล อำเภอวังโป่ง เพชรบูรณ์ 67240,สำนักงานเกษตรจังหวัดเพชรบูรณ์,วังศาล
3637,2568,หนองไผ่,วิสาหกิจชุมชนกลุ่มเกษตรอินทรีย์ ม.3 ต.กองทูล,เลขที่ 129/1 หมู่ 3 ตำบลกองทูล อำเภอหนองไผ่ เพชรบูรณ์ 67140,สำนักงานเกษตรจังหวัดเพชรบูรณ์,กองทูล
3638,2568,หนองไผ่,วิสาหกิจชุมชนSmart farmer อ.หนองไผ่ จ.เพชรบูรณ์,เลขที่ 71 หมู่ 8 ตำบลกองทูล อำเภอหนองไผ่ เพชรบูรณ์ 67140,สำนักงานเกษตรจังหวัดเพชรบูรณ์,กองทูล
3639,2568,หนองไผ่,วิสาหกิจชุมชนแปลงใหญ่ถั่วเขียวสหกรณ์การเกษตรหนองไผ่จำกัด ตำบลกองทูล,เลขที่ 40/2 หมู่ 1 ตำบลกองทูล อำเภอหนองไผ่ เพชรบูรณ์ 67140,สำนักงานเกษตรจังหวัดเพชรบูรณ์,กองทูล
3640,2568,หนองไผ่,วิสาหกิจชุมชนกลุ่มผลิตปุ๋ยมูลสัตว์อัดเม็ดออร์แกนิค หนองไผ่,เลขที่ 39 หมู่ 3 ตำบลกองทูล อำเภอหนองไผ่ เพชรบูรณ์ 67140,สำนักงานเกษตรจังหวัดเพชรบูรณ์,กองทูล
3641,2568,หนองไผ่,วิสาหกิจชุมชนโรงสีชุมชนบ้านวังชงโค ม.1 (อบต.กองทูล),เลขที่ 28 หมู่ 1 ตำบลกองทูล อำเภอหนองไผ่ เพชรบูรณ์ 67140,สำนักงานเกษตรจังหวัดเพชรบูรณ์,กองทูล
3642,2568,หนองไผ่,วิสาหกิจชุมชนบ้านห้วยน้ำบ่อ,เลขที่ 320/1 หมู่ 8 ตำบลนาเฉลียง อำเภอหนองไผ่ เพชรบูรณ์ 67220,สำนักงานเกษตรจังหวัดเพชรบูรณ์,นาเฉลียง
3643,2568,หนองไผ่,วิสาหกิจชุมชนแสนดีพัฒนาแปรรูปผลิตภัณฑ์พืชผักผลไม้และสมุนไพร,เลขที่ 173 หมู่ 2 ตำบลนาเฉลียง อำเภอหนองไผ่ เพชรบูรณ์ 67220,สำนักงานเกษตรจังหวัดเพชรบูรณ์,นาเฉลียง
3644,2568,หนองไผ่,วิสาหกิจชุมชนอินทผลัมเพาะเลี้ยงเนื่อเยื่ออำเภอหนองไผ่,เลขที่ 235 หมู่ 1 ตำบลนาเฉลียง อำเภอหนองไผ่ เพชรบูรณ์ 67220,สำนักงานเกษตรจังหวัดเพชรบูรณ์,นาเฉลียง
3645,2568,หนองไผ่,วิสาหกิจชุมชนกลุ่มทรัพย์เจริญ,เลขที่ 1 หมู่ 7 ตำบลบ้านโภชน์ อำเภอหนองไผ่ เพชรบูรณ์ 67140,สำนักงานเกษตรจังหวัดเพชรบูรณ์,บ้านโภชน์
3646,2568,หนองไผ่,วิสาหกิจชุมชนกลุ่มผลิตมะม่วงคุณภาพเพื่อการส่งออกตำบลบ้านโภชน์,เลขที่ 310 หมู่ 8 ตำบลบ้านโภชน์ อำเภอหนองไผ่ เพชรบูรณ์ 67140,สำนักงานเกษตรจังหวัดเพชรบูรณ์,บ้านโภชน์
3647,2568,หนองไผ่,วิสาหกิจชุมชนกลุ่มเกษตรกรผู้เลี้ยงสุกร หมู่ที่ 3,เลขที่ 235/4 หมู่ 3 ตำบลท่าแดง อำเภอหนองไผ่ เพชรบูรณ์ 67140,สำนักงานเกษตรจังหวัดเพชรบูรณ์,ท่าแดง
3648,2568,หนองไผ่,วิสาหกิจชุมชนกลุ่มผู้เลี้ยงสัตว์บ้านท่าเยี่ยม,เลขที่ 3 หมู่ 4 ตำบลท่าแดง อำเภอหนองไผ่ เพชรบูรณ์ 67140,สำนักงานเกษตรจังหวัดเพชรบูรณ์,ท่าแดง
3649,2568,หนองไผ่,วิสาหกิจชุมชนกลุ่มพัฒนาการเลี้ยงโคบ้านหนองม่วง,เลขที่ 55 หมู่ 11 ตำบลท่าแดง อำเภอหนองไผ่ เพชรบูรณ์ 67140,สำนักงานเกษตรจังหวัดเพชรบูรณ์,ท่าแดง
3650,2568,หนองไผ่,วิสาหกิจชุมชนกลุ่มส่งเสริมอาชีพการเกษตรด้านการผลิตผักตำบลท่าแดง,เลขที่ 123/2 หมู่ 12 ตำบลท่าแดง อำเภอหนองไผ่ เพชรบูรณ์ 67140,สำนักงานเกษตรจังหวัดเพชรบูรณ์,ท่าแดง
3651,2568,หนองไผ่,วิสาหกิจชุมชนกลุ่มเลี้ยงโคเนื้อขุน,เลขที่ 341 หมู่ 11 ตำบลท่าแดง อำเภอหนองไผ่ เพชรบูรณ์ 67140,สำนักงานเกษตรจังหวัดเพชรบูรณ์,ท่าแดง
3652,2568,หนองไผ่,วิสาหกิจชุมชนกลุ่มรวบรวมและแปรรูปผลผลิตการเกษตรบ้านท่าสวาย,เลขที่ 111 หมู่ 2 ตำบลท่าแดง อำเภอหนองไผ่ เพชรบูรณ์ 67140,สำนักงานเกษตรจังหวัดเพชรบูรณ์,ท่าแดง
3653,2568,หนองไผ่,วิสาหกิจชุมชนกลุ่มแปลงใหญ่ถั่วเขียวตำบลท่าแดง,เลขที่ 123 หมู่ 5 ตำบลท่าแดง อำเภอหนองไผ่ เพชรบูรณ์ 67140,สำนักงานเกษตรจังหวัดเพชรบูรณ์,ท่าแดง
3654,2568,หนองไผ่,วิสาหกิจชุมชนกลุ่มเกษตรกรยั่งยืนบ้านเกษมสุข,เลขที่ 285/1 หมู่ 8 ตำบลเพชรละคร อำเภอหนองไผ่ เพชรบูรณ์ 67140,สำนักงานเกษตรจังหวัดเพชรบูรณ์,เพชรละคร
3655,2568,หนองไผ่,วิสาหกิจชุมชนกลุ่มเลี้ยงโคเนื้อบ้านซับตะเคียนทอง ตำบลเพชรละคร,เลขที่ 29/1 หมู่ 9 ตำบลเพชรละคร อำเภอหนองไผ่ เพชรบูรณ์ 67140,สำนักงานเกษตรจังหวัดเพชรบูรณ์,เพชรละคร
3656,2568,หนองไผ่,วิสาหกิจชุมชนกลุ่มเกษตรกรผู้เลี้ยงสัตว์บ้านท่าเสาตะวันออก,เลขที่ 94 หมู่ 7 ตำบลเพชรละคร อำเภอหนองไผ่ เพชรบูรณ์ 67140,สำนักงานเกษตรจังหวัดเพชรบูรณ์,เพชรละคร
3657,2568,หนองไผ่,วิสาหกิจชุมชนกลุ่มแกะสลักเขาสัตว์,เลขที่ 256 หมู่ 14 ตำบลเพชรละคร อำเภอหนองไผ่ เพชรบูรณ์ 67140,สำนักงานเกษตรจังหวัดเพชรบูรณ์,เพชรละคร
3658,2568,หนองไผ่,วิสาหกิจชุมชนโรงสีข้าวชุมชนบ้านเรืองสำราญ,เลขที่ หมู่ 12 ตำบลเพชรละคร อำเภอหนองไผ่ เพชรบูรณ์ 67140,สำนักงานเกษตรจังหวัดเพชรบูรณ์,เพชรละคร
3659,2568,หนองไผ่,วิสาหกิจชุมชนกลุ่มตัดเย็บผ้าห่มบ้านโนนสีทอง,เลขที่ 388 หมู่ 3 ตำบลบ่อไทย อำเภอหนองไผ่ เพชรบูรณ์ 67140,สำนักงานเกษตรจังหวัดเพชรบูรณ์,บ่อไทย
3660,2568,หนองไผ่,วิสาหกิจชุมชนกลุ่มดวงทอง ตำบลห้วยโป่ง,เลขที่ 281 หมู่ 4 ตำบลห้วยโป่ง อำเภอหนองไผ่ เพชรบูรณ์ 67220,สำนักงานเกษตรจังหวัดเพชรบูรณ์,ห้วยโป่ง
3661,2568,หนองไผ่,วิสาหกิจชุมชนกลุ่มผู้ปลูกข้าวบ้านไผ่ขวาง ตำบลห้วยโป่ง,เลขที่ 71 หมู่ 3 ตำบลห้วยโป่ง อำเภอหนองไผ่ เพชรบูรณ์ 67140,สำนักงานเกษตรจังหวัดเพชรบูรณ์,ห้วยโป่ง
3662,2568,หนองไผ่,วิสาหกิจชุมชนกลุ่มผลิตเพื่อการเกษตร ม.2 ต.ห้วยโป่ง,เลขที่ 154 หมู่ 2 ตำบลห้วยโป่ง อำเภอหนองไผ่ เพชรบูรณ์ 67140,สำนักงานเกษตรจังหวัดเพชรบูรณ์,ห้วยโป่ง
3663,2568,หนองไผ่,วิสาหกิจชุมชนกลุ่มเกษตรกรรม หมู่ที่ 3 ตำบลห้วยโป่ง,เลขที่ 68 หมู่ 3 ตำบลห้วยโป่ง อำเภอหนองไผ่ เพชรบูรณ์ 67220,สำนักงานเกษตรจังหวัดเพชรบูรณ์,ห้วยโป่ง
3664,2568,หนองไผ่,วิสาหกิจชุมชนกลุ่มโคเนื้อขอนยางขวาง ตำบลวังท่าดี,เลขที่ 76 หมู่ 1 ตำบลวังท่าดี อำเภอหนองไผ่ เพชรบูรณ์ 67140,สำนักงานเกษตรจังหวัดเพชรบูรณ์,วังท่าดี
3665,2568,หนองไผ่,วิสาหกิจชุมชนร้านค้าชุมชนบ้านนาประดู่,เลขที่ 222 หมู่ 9 ตำบลวังท่าดี อำเภอหนองไผ่ เพชรบูรณ์ 67140,สำนักงานเกษตรจังหวัดเพชรบูรณ์,วังท่าดี
3666,2568,หนองไผ่,วิสาหกิจชุมชนกลุ่มทอผ้าบ้านโคกกลาง,เลขที่ 476 หมู่ 7 ตำบลวังท่าดี อำเภอหนองไผ่ เพชรบูรณ์ 67140,สำนักงานเกษตรจังหวัดเพชรบูรณ์,วังท่าดี
3667,2568,หนองไผ่,วิสาหกิจชุมชนกลุ่มเกษตรกรมันสำปะหลัง หมู่ 8 ตำบลท่าแดง,เลขที่ 62/4 หมู่ 4 ตำบลวังท่าดี อำเภอหนองไผ่ เพชรบูรณ์ 67140,สำนักงานเกษตรจังหวัดเพชรบูรณ์,วังท่าดี
3668,2568,หนองไผ่,วิสาหกิจชุมชนเลี้ยงวัวบ้านนาประดู่,เลขที่ 3 หมู่ 9 ตำบลวังท่าดี อำเภอหนองไผ่ เพชรบูรณ์ 67140,สำนักงานเกษตรจังหวัดเพชรบูรณ์,วังท่าดี
3669,2568,หนองไผ่,วิสาหกิจชุมชนเศรษฐกิจพอเพียงบ้านกลาง,เลขที่ 444 หมู่ 3 ตำบลวังท่าดี อำเภอหนองไผ่ เพชรบูรณ์ 67140,สำนักงานเกษตรจังหวัดเพชรบูรณ์,วังท่าดี
3670,2568,หนองไผ่,วิสาหกิจชุมชนคำเพียรลูกประคบสมุนไพร,เลขที่ 97 ม.5 ตำบลวังท่าดี อำเภอหนองไผ่ เพชรบูรณ์ 67140,สำนักงานเกษตรจังหวัดเพชรบูรณ์,วังท่าดี
3671,2568,หนองไผ่,วิสาหกิจชุมชนกลุ่มท่องเที่ยวอ่างเก็บน้ำคลองลำกง(เขื่อนท่าลาว),เลขที่ 23/4 หมู่ที่ 4 ตำบลวังท่าดี อำเภอหนองไผ่ เพชรบูรณ์ 67140,สำนักงานเกษตรจังหวัดเพชรบูรณ์,วังท่าดี
3672,2568,หนองไผ่,วิสาหกิจชุมชนกลุ่มพัฒนาสตรีบัววัฒนา,เลขที่ 54 หมู่ 1 ตำบลบัววัฒนา อำเภอหนองไผ่ เพชรบูรณ์ 67140,สำนักงานเกษตรจังหวัดเพชรบูรณ์,บัววัฒนา
3673,2568,หนองไผ่,วิสาหกิจชุมชนกลุ่มปลูกพืช บ.ลำตาเณร ต.บัววัฒนา,เลขที่ 63 หมู่ 6 ตำบลบัววัฒนา อำเภอหนองไผ่ เพชรบูรณ์ 67140,สำนักงานเกษตรจังหวัดเพชรบูรณ์,บัววัฒนา
3674,2568,หนองไผ่,วิสาหกิจชุมชนกลุ่มผลิตปุ๋ยอินทรีย์-ชีวภาพเพื่อการเกษตรบ้านไร่เหนือ,เลขที่ 42 หมู่ 2 ตำบลบัววัฒนา อำเภอหนองไผ่ เพชรบูรณ์ 67140,สำนักงานเกษตรจังหวัดเพชรบูรณ์,บัววัฒนา
3675,2568,หนองไผ่,วิสาหกิจชุมชนกลุ่มสตรีสหกรณ์ บ้านบัววัฒนา,เลขที่ 352 หมู่ 1 ตำบลบัววัฒนา อำเภอหนองไผ่ เพชรบูรณ์ 67140,สำนักงานเกษตรจังหวัดเพชรบูรณ์,บัววัฒนา
3676,2568,หนองไผ่,วิสาหกิจชุมชนชุมชนที่ ๖ ตำบลหนองไผ่,เลขที่ 48 หมู่ 6 ตำบลหนองไผ่ อำเภอหนองไผ่ เพชรบูรณ์ 67140,สำนักงานเกษตรจังหวัดเพชรบูรณ์,หนองไผ่
3677,2568,หนองไผ่,วิสาหกิจชุมชนบ้านพรประเสริฐ,เลขที่ 191 หมู่ 12 ตำบลหนองไผ่ อำเภอหนองไผ่ เพชรบูรณ์ 67140,สำนักงานเกษตรจังหวัดเพชรบูรณ์,หนองไผ่
3678,2568,หนองไผ่,วิสาหกิจชุมชนเกษตรพอเพียงบ้านไร่ หมู่ 8,เลขที่ 3 หมู่ 8 ตำบลหนองไผ่ อำเภอหนองไผ่ เพชรบูรณ์ 67140,สำนักงานเกษตรจังหวัดเพชรบูรณ์,หนองไผ่
3679,2568,หนองไผ่,วิสาหกิจชุมชนกลุ่มเกษตรพัฒนาบ้านวังประสาน,เลขที่ 1 หมู่ 9 ตำบลวังโบสถ์ อำเภอหนองไผ่ เพชรบูรณ์ 67140,สำนักงานเกษตรจังหวัดเพชรบูรณ์,วังโบสถ์
3680,2568,หนองไผ่,วิสาหกิจชุมชนกลุ่มสหกิจชุมชน หมู่ที่ 8 ต.วังโบสถ์,เลขที่ 287 หมู่ 8 ตำบลวังโบสถ์ อำเภอหนองไผ่ เพชรบูรณ์ 67140,สำนักงานเกษตรจังหวัดเพชรบูรณ์,วังโบสถ์
3681,2568,หนองไผ่,วิสาหกิจชุมชนกลุ่มคลองตาริน ต.วังโบสถ์,เลขที่ 221 หมู่ 10 ตำบลวังโบสถ์ อำเภอหนองไผ่ เพชรบูรณ์ 67140,สำนักงานเกษตรจังหวัดเพชรบูรณ์,วังโบสถ์
3682,2568,หนองไผ่,วิสาหกิจชุมชนกลุ่มมีทรัพย์บ้านโคกสง่าเหนือ,เลขที่ 172/1 หมู่ 10 ตำบลวังโบสถ์ อำเภอหนองไผ่ เพชรบูรณ์ 67140,สำนักงานเกษตรจังหวัดเพชรบูรณ์,วังโบสถ์
3683,2568,หนองไผ่,วิสาหกิจชุมชนกลุ่มโคเนื้อตำบลวังโบสถ์,เลขที่ 115 หมู่ 8 ตำบลวังโบสถ์ อำเภอหนองไผ่ เพชรบูรณ์ 67140,สำนักงานเกษตรจังหวัดเพชรบูรณ์,วังโบสถ์
3684,2568,หนองไผ่,วิสาหกิจชุมชนกลุ่มผลิตเพื่อการเกษตรบ้านยางงาม,เลขที่ 5 หมู่ 9 ตำบลยางงาม อำเภอหนองไผ่ เพชรบูรณ์ 67140,สำนักงานเกษตรจังหวัดเพชรบูรณ์,ยางงาม
3685,2568,หนองไผ่,วิสาหกิจชุมชนกลุ่มผลิตเพื่อการเกษตรบ้านด่านบุญธรรม,เลขที่ 182 หมู่ 7 ตำบลยางงาม อำเภอหนองไผ่ เพชรบูรณ์ 67220,สำนักงานเกษตรจังหวัดเพชรบูรณ์,ยางงาม
3686,2568,หนองไผ่,วิสาหกิจชุมชนกลุ่มส่งเสริมผู้เลี้ยงสุกร,เลขที่ 151 หมู่ 6 ตำบลยางงาม อำเภอหนองไผ่ เพชรบูรณ์ 67140,สำนักงานเกษตรจังหวัดเพชรบูรณ์,ยางงาม
3687,2568,หนองไผ่,วิสาหกิจชุมชนกลุ่มไม้ผลสามัคคี,เลขที่ 201 หมู่ 4 ตำบลยางงาม อำเภอหนองไผ่ เพชรบูรณ์ 67220,สำนักงานเกษตรจังหวัดเพชรบูรณ์,ยางงาม
3688,2568,หนองไผ่,วิสาหกิจชุมชนมหาชน วัลเลย์,เลขที่ 123 หมู่ 7 ตำบลยางงาม อำเภอหนองไผ่ เพชรบูรณ์ 67220,สำนักงานเกษตรจังหวัดเพชรบูรณ์,ยางงาม
3689,2568,หนองไผ่,วิสาหกิจชุมชนกลุ่มผู้ปลูกยางพาราบ้านปางยาง ตำบลท่าด้วง,เลขที่ 55 หมู่ 1 ตำบลท่าด้วง อำเภอหนองไผ่ เพชรบูรณ์ 67140,สำนักงานเกษตรจังหวัดเพชรบูรณ์,ท่าด้วง
3690,2568,หนองไผ่,วิสาหกิจชุมชนกลุ่มผู้เลี้ยงไก่งวง บ้านปางยาง,เลขที่ 102/1 หมู่ 1 ตำบลท่าด้วง อำเภอหนองไผ่ เพชรบูรณ์ 67140,สำนักงานเกษตรจังหวัดเพชรบูรณ์,ท่าด้วง
3691,2568,หนองไผ่,วิสาหกิจชุมชนกลุ่มส่งเสริมอาชีพการเกษตรมันสำปะหลัง,เลขที่ 88/1 หมู่ 7 ตำบลท่าด้วง อำเภอหนองไผ่ เพชรบูรณ์ 67140,สำนักงานเกษตรจังหวัดเพชรบูรณ์,ท่าด้วง
3692,2568,บีงสามพัน,วิสาหกิจชุมชนเกษตรพัฒนาบ้านหินดาดน้อย,เลขที่ 32 หมู่ 6 ตำบลซับสมอทอด อำเภอบึงสามพัน เพชรบูรณ์ 67160,สำนักงานเกษตรจังหวัดเพชรบูรณ์,ซับสมอทอด
3693,2568,บีงสามพัน,วิสาหกิจชุมชนกลุ่มผู้ผลิตข้าวบ้านโคกตายอ หมู่ที่ 2 ตำบลซับสมอทอด,เลขที่ หมู่ 2 ตำบลซับสมอทอด อำเภอบึงสามพัน เพชรบูรณ์ 67160,สำนักงานเกษตรจังหวัดเพชรบูรณ์,ซับสมอทอด
3694,2568,บีงสามพัน,วิสาหกิจชุมชนผักสวนครัวและพืชสมุนไพรบ้านสวนละออ,เลขที่ 299/3 หมู่ 3 ตำบลซับสมอทอด อำเภอบึงสามพัน เพชรบูรณ์ 67160,สำนักงานเกษตรจังหวัดเพชรบูรณ์,ซับสมอทอด
3695,2568,บีงสามพัน,วิสาหกิจชุมชนทองม้วนทองมณี,เลขที่ 184 หมู่ 9 ตำบลซับไม้แดง อำเภอบึงสามพัน เพชรบูรณ์ 67160,สำนักงานเกษตรจังหวัดเพชรบูรณ์,ซับไม้แดง
3696,2568,บีงสามพัน,วิสาหกิจชุมชนฟาร์มเห็ดรักรวยหกพี่น้องซับไม้แดง,เลขที่ 290 หมู่ 2 ตำบลซับไม้แดง อำเภอบึงสามพัน เพชรบูรณ์ 67160,สำนักงานเกษตรจังหวัดเพชรบูรณ์,ซับไม้แดง
3697,2568,บีงสามพัน,วิสาหกิจชุมชนโคขุนบ้านหินดาดใหญ่,เลขที่ 73 หมู่ 6 ตำบลซับไม้แดง อำเภอบึงสามพัน เพชรบูรณ์ 67160,สำนักงานเกษตรจังหวัดเพชรบูรณ์,ซับไม้แดง
3698,2568,บีงสามพัน,วิสาหกิจชุมชนกลุ่มเลี้ยงโคขุนบ้านบ่อตาสัก,เลขที่ 75 หมู่ 10 ตำบลซับไม้แดง อำเภอบึงสามพัน เพชรบูรณ์ 67160,สำนักงานเกษตรจังหวัดเพชรบูรณ์,ซับไม้แดง
3699,2568,บีงสามพัน,วิสาหกิจชุมชนเลี้ยงไก่พื้นเมืองซับไพรวัลย์ หมู่4 ตำบลซับไม้แดง,เลขที่ 14/1 หมู่ 4 ตำบลซับไม้แดง อำเภอบึงสามพัน เพชรบูรณ์ 67160,สำนักงานเกษตรจังหวัดเพชรบูรณ์,ซับไม้แดง
3700,2568,บีงสามพัน,วิสาหกิจชุมชนชุมชนพอเพียงหมู่ 4 บ้านซับไพรวัลย์,เลขที่ 25 หมู่ 4 ตำบลซับไม้แดง อำเภอบึงสามพัน เพชรบูรณ์ 67160,สำนักงานเกษตรจังหวัดเพชรบูรณ์,ซับไม้แดง
3701,2568,บีงสามพัน,วิสาหกิจชุมชนปลูกพืชสมุนไพรอื่นๆ ม.2 ซับไม้แดง,เลขที่ 258 หมู่ 2 ตำบลซับไม้แดง อำเภอบึงสามพัน เพชรบูรณ์ 67160,สำนักงานเกษตรจังหวัดเพชรบูรณ์,ซับไม้แดง
3702,2568,บีงสามพัน,วิสาหกิจชุมชนเลี้ยงโคเนื้อบ้านลำพื้นทอง,เลขที่ 79 หมู่ 9 ตำบลหนองแจง อำเภอบึงสามพัน เพชรบูรณ์ 67160,สำนักงานเกษตรจังหวัดเพชรบูรณ์,หนองแจง
3703,2568,บีงสามพัน,วิสาหกิจชุมชนกลุ่มตัดเย็บเสื้อผ้าสตรี หมู่ที่ 1 ออมทรัพย์,เลขที่ 45 หมู่ 1 ตำบลหนองแจง อำเภอบึงสามพัน เพชรบูรณ์ 67160,สำนักงานเกษตรจังหวัดเพชรบูรณ์,หนองแจง
3704,2568,บีงสามพัน,วิสาหกิจชุมชนกลุ่มเพชรป่าสัก,เลขที่ 27 หมู่ 17 ตำบลหนองแจง อำเภอบึงสามพัน เพชรบูรณ์ 67160,สำนักงานเกษตรจังหวัดเพชรบูรณ์,หนองแจง
3705,2568,บีงสามพัน,วิสาหกิจชุมชนกลุ่มผู้ผลิตมะม่วงคุณภาพ อำเภอบึงสามพัน,เลขที่ 278 หมู่ 10 ตำบลหนองแจง อำเภอบึงสามพัน เพชรบูรณ์ 67160,สำนักงานเกษตรจังหวัดเพชรบูรณ์,หนองแจง
3706,2568,บีงสามพัน,วิสาหกิจชุมชนกลุ่มเย็บจักรบ้านหนองชุมแสงเหนือ 1,เลขที่ 39 หมู่ 14 ตำบลหนองแจง อำเภอบึงสามพัน เพชรบูรณ์ 67160,สำนักงานเกษตรจังหวัดเพชรบูรณ์,หนองแจง
3707,2568,บีงสามพัน,วิสาหกิจชุมชนตัดเย็บเสื้อผ้านักเรียนสำเร็จรูป (กลุ่มออมทรัพย์),เลขที่ 5/1 หมู่ 7 ตำบลหนองแจง อำเภอบึงสามพัน เพชรบูรณ์ 67160,สำนักงานเกษตรจังหวัดเพชรบูรณ์,หนองแจง
3708,2568,บีงสามพัน,วิสาหกิจชุมชนกลุ่มเลี้ยงโคเนื้อหนองแจง(ฝั่งตะวันตก),เลขที่ 30/1 หมู่ 16 ตำบลหนองแจง อำเภอบึงสามพัน เพชรบูรณ์ 67160,สำนักงานเกษตรจังหวัดเพชรบูรณ์,หนองแจง
3709,2568,บีงสามพัน,วิสาหกิจชุมชนกลุ่มโคขุนบ้านหนองแจง หมู่ที่ 6 ตำบลหนองแจง,เลขที่ 22 หมู่ 6 ตำบลหนองแจง อำเภอบึงสามพัน เพชรบูรณ์ 67160,สำนักงานเกษตรจังหวัดเพชรบูรณ์,หนองแจง
3710,2568,บีงสามพัน,วิสาหกิจชุมชนกลุ่มเลี้ยงโคเนื้อบ้านอู่เรือ,เลขที่ 100 หมู่ 12 ตำบลหนองแจง อำเภอบึงสามพัน เพชรบูรณ์ 67160,สำนักงานเกษตรจังหวัดเพชรบูรณ์,หนองแจง
3711,2568,บีงสามพัน,วิสาหกิจชุมชนเกษตรเงินล้าน เพื่ออาชีพที่ยั่งยืน,เลขที่ 59 หมู่ 8 ตำบลหนองแจง อำเภอบึงสามพัน เพชรบูรณ์ 67160,สำนักงานเกษตรจังหวัดเพชรบูรณ์,หนองแจง
3712,2568,บีงสามพัน,วิสาหกิจชุมชนกลุ่มผลิตปุ๋ยอินทรีย์ชีวภาพบ้านลำตะคร้อ,เลขที่ 499 หมู่ 4 ตำบลกันจุ อำเภอบึงสามพัน เพชรบูรณ์ 67160,สำนักงานเกษตรจังหวัดเพชรบูรณ์,กันจุ
3713,2568,บีงสามพัน,วิสาหกิจชุมชนผู้ผลิตเมล็ดพันธุ์พืชบ้านหนองแดง,เลขที่ 30/1 หมู่ 12 ตำบลกันจุ อำเภอบึงสามพัน เพชรบูรณ์ 67160,สำนักงานเกษตรจังหวัดเพชรบูรณ์,กันจุ
3714,2568,บีงสามพัน,วิสาหกิจชุมชนธนาคารต้นไม้บ้านซับบอน,เลขที่ 341/1 หมู่ 7 ตำบลกันจุ อำเภอบึงสามพัน เพชรบูรณ์ 67160,สำนักงานเกษตรจังหวัดเพชรบูรณ์,กันจุ
3715,2568,บีงสามพัน,วิสาหกิจชุมชนกลุ่มชุมชนขยายและแปรรูปผลิตภัณฑ์ข้าว(หนองปล้อง-ลำตะคร้อ),เลขที่ 11 หมู่ 17 ตำบลกันจุ อำเภอบึงสามพัน เพชรบูรณ์ 67160,สำนักงานเกษตรจังหวัดเพชรบูรณ์,กันจุ
3716,2568,บีงสามพัน,วิสาหกิจชุมชนกลุ่มวิถีเกษตรปลอดภัยเพื่อการส่งออก,เลขที่ 215/2 หมู่ 16 ตำบลกันจุ อำเภอบึงสามพัน เพชรบูรณ์ 67160,สำนักงานเกษตรจังหวัดเพชรบูรณ์,กันจุ
3717,2568,บีงสามพัน,วิสาหกิจชุมชนกลุ่มเพาะเลี้ยงสัตว์น้ำจืด ต.กันจุ,เลขที่ 54/1 หมู่ 8 ตำบลกันจุ อำเภอบึงสามพัน เพชรบูรณ์ 67160,สำนักงานเกษตรจังหวัดเพชรบูรณ์,กันจุ
3718,2568,บีงสามพัน,วิสาหกิจชุมชนสานสายใยใจไทยทุกภาคบ้านราษฎร์เจริญ,เลขที่ 59 หมูุ่6 ตำบลกันจุ อำเภอบึงสามพัน เพชรบูรณ์ 67160,สำนักงานเกษตรจังหวัดเพชรบูรณ์,กันจุ
3719,2568,บีงสามพัน,วิสาหกิจชุมชนการเกษตรออร์แกนิคผลิตและแปรรูปโคกหนองนาชีวาศรม,เลขที่ 206 หมู่ที่ 13 ตำบลกันจุ อำเภอบึงสามพัน เพชรบูรณ์ 67160,สำนักงานเกษตรจังหวัดเพชรบูรณ์,กันจุ
3720,2568,บีงสามพัน,วิสาหกิจชุมชนเกษตรกรผู้ผลิตและผู้ใช้ปุ๋ยอินทรีย์ปั้นเม็ด,เลขที่ 40 หมู่ 3 ตำบลวังพิกุล อำเภอบึงสามพัน เพชรบูรณ์ 67230,สำนักงานเกษตรจังหวัดเพชรบูรณ์,วังพิกุล
3721,2568,บีงสามพัน,วิสาหกิจชุมชนโคขุนบ้านเนินยางงาม,เลขที่ 264 หมู่ 14 ตำบลวังพิกุล อำเภอบึงสามพัน เพชรบูรณ์ 67160,สำนักงานเกษตรจังหวัดเพชรบูรณ์,วังพิกุล
3722,2568,บีงสามพัน,วิสาหกิจชุมชนกลุ่มเพื่อการเกษตรบ้านห้วยทราย,เลขที่ 166/1 หมู่ 4 ตำบลวังพิกุล อำเภอบึงสามพัน เพชรบูรณ์ 67230,สำนักงานเกษตรจังหวัดเพชรบูรณ์,วังพิกุล
3723,2568,บีงสามพัน,วิสาหกิจชุมชนเลี้ยงวัวเสริมรายได้,เลขที่ 230 หมู่ 3 ตำบลพญาวัง อำเภอบึงสามพัน เพชรบูรณ์ 67160,สำนักงานเกษตรจังหวัดเพชรบูรณ์,พญาวัง
3724,2568,บีงสามพัน,วิสาหกิจชุมชนกลุ่มเกษตรกรนำร่อง,เลขที่ 15 หมู่ 3 ตำบลพญาวัง อำเภอบึงสามพัน เพชรบูรณ์ 67160,สำนักงานเกษตรจังหวัดเพชรบูรณ์,พญาวัง
3725,2568,บีงสามพัน,วิสาหกิจชุมชนโคเนื้อบ้านวังปลานอก,เลขที่ 94 หมู่ 11 ตำบลพญาวัง อำเภอบึงสามพัน เพชรบูรณ์ 67160,สำนักงานเกษตรจังหวัดเพชรบูรณ์,พญาวัง
3726,2568,บีงสามพัน,วิสาหกิจชุมชนผู้เลี้ยงโคขุนบ้านซับสำราญ,เลขที่ 136 หมู่ 2 ตำบลพญาวัง อำเภอบึงสามพัน เพชรบูรณ์ 67160,สำนักงานเกษตรจังหวัดเพชรบูรณ์,พญาวัง
3727,2568,บีงสามพัน,วิสาหกิจชุมชนปลูกข้าวปลอดสารพิษ,เลขที่ 80/1 หมู่ 16 ตำบลพญาวัง อำเภอบึงสามพัน เพชรบูรณ์ 67160,สำนักงานเกษตรจังหวัดเพชรบูรณ์,พญาวัง
3728,2568,บีงสามพัน,วิสาหกิจชุมชนเกษตรกรเลี้ยงวัวเสริมรายได้,เลขที่ 29 หมู่ 11 ตำบลพญาวัง อำเภอบึงสามพัน เพชรบูรณ์ 67160,สำนักงานเกษตรจังหวัดเพชรบูรณ์,พญาวัง
3729,2568,บีงสามพัน,วิสาหกิจชุมชนกลุ่มเลี้ยงไก่ตะเภาทองบ้านโพธิ์สวรรค์2,เลขที่ 218/1 หมู่ 14 ตำบลพญาวัง อำเภอบึงสามพัน เพชรบูรณ์ 67160,สำนักงานเกษตรจังหวัดเพชรบูรณ์,พญาวัง
3730,2568,บีงสามพัน,วิสาหกิจชุมชนกลุ่มคนตำบลพญาวัง,เลขที่ 49/2 หมู่ 13 ตำบลพญาวัง อำเภอบึงสามพัน เพชรบูรณ์ 67160,สำนักงานเกษตรจังหวัดเพชรบูรณ์,พญาวัง
3731,2568,บีงสามพัน,วิสาหกิจชุมชนผลิตพืชบ้านโปร่งสวอง,เลขที่ 93/1 หมู่ 8 ตำบลศรีมงคล อำเภอบึงสามพัน เพชรบูรณ์ 67160,สำนักงานเกษตรจังหวัดเพชรบูรณ์,ศรีมงคล
3732,2568,บีงสามพัน,วิสาหกิจชุมชนบ้านยางสาว,เลขที่ 30/1 หมู่ 3 ตำบลศรีมงคล อำเภอบึงสามพัน เพชรบูรณ์ 67160,สำนักงานเกษตรจังหวัดเพชรบูรณ์,ศรีมงคล
3733,2568,บีงสามพัน,วิสาหกิจชุมชนผู้เลี้ยงโคเนื้อบ้านยางสาว หมู่ 3,เลขที่ 2/2 หมู่ 3 ตำบลศรีมงคล อำเภอบึงสามพัน เพชรบูรณ์ 67160,สำนักงานเกษตรจังหวัดเพชรบูรณ์,ศรีมงคล
3734,2568,บีงสามพัน,วิสาหกิจชุมชนกลุ่มเลี้ยงโคเนื้อบ้านเขากะลา 59,เลขที่ 6/2 หมู่ 6 ตำบลศรีมงคล อำเภอบึงสามพัน เพชรบูรณ์ 67160,สำนักงานเกษตรจังหวัดเพชรบูรณ์,ศรีมงคล
3735,2568,บีงสามพัน,วิสาหกิจชุมชนกลุ่มเลี้ยงโคเนื้อบ้านยางสาวปี 2559,เลขที่ 44 หมู่ 3 ตำบลศรีมงคล อำเภอบึงสามพัน เพชรบูรณ์ 67160,สำนักงานเกษตรจังหวัดเพชรบูรณ์,ศรีมงคล
3736,2568,บีงสามพัน,วิสาหกิจชุมชนกลุ่มเลี้ยงโคขุนบ้านเขากะลา2018,เลขที่ 348 หมู่ 6 ตำบลศรีมงคล อำเภอบึงสามพัน เพชรบูรณ์ 67160,สำนักงานเกษตรจังหวัดเพชรบูรณ์,ศรีมงคล
3737,2568,บีงสามพัน,วิสาหกิจชุมชนแปรรูปมะขามเพิ่มทรัพย์,เลขที่ 105 หมู่ 8 ตำบลศรีมงคล อำเภอบึงสามพัน เพชรบูรณ์ 67160,สำนักงานเกษตรจังหวัดเพชรบูรณ์,ศรีมงคล
3738,2568,บีงสามพัน,วิสาหกิจชุมชนกลุ่มเลี้ยงโคขุนบ้านหนองไผ่,เลขที่ 43 หมู่ 10 ตำบลศรีมงคล อำเภอบึงสามพัน เพชรบูรณ์ 67160,สำนักงานเกษตรจังหวัดเพชรบูรณ์,ศรีมงคล
3739,2568,บีงสามพัน,วิสาหกิจชุมชนกลุ่มเลี้ยงโคขุนกลุ่ม ร.ร.บ้านยางสาว,เลขที่ 48 หมู่ 3 ตำบลศรีมงคล อำเภอบึงสามพัน เพชรบูรณ์ 67160,สำนักงานเกษตรจังหวัดเพชรบูรณ์,ศรีมงคล
3740,2568,บีงสามพัน,วิสาหกิจชุมชนโคขุนบ้านพนมเพชร,เลขที่ 31/1 หมู่ 2 ตำบลศรีมงคล อำเภอบึงสามพัน เพชรบูรณ์ 67160,สำนักงานเกษตรจังหวัดเพชรบูรณ์,ศรีมงคล
3741,2568,บีงสามพัน,วิสาหกิจชุมชนกลุ่มเลี้ยงโคขุนไม้แดงศรีมงคล,เลขที่ 12 หมู่ 6 ตำบลศรีมงคล อำเภอบึงสามพัน เพชรบูรณ์ 67160,สำนักงานเกษตรจังหวัดเพชรบูรณ์,ศรีมงคล
3742,2568,บีงสามพัน,วิสาหกิจชุมชนกลุ่มเลี้ยงโคขุนกลุ่มเทพนิมิตร,เลขที่ 32 หมู่ 10 ตำบลศรีมงคล อำเภอบึงสามพัน เพชรบูรณ์ 67160,สำนักงานเกษตรจังหวัดเพชรบูรณ์,ศรีมงคล
3743,2568,บีงสามพัน,วิสาหกิจชุมชนกลุ่มเกษตรกรและการผลิตบ้านหนองกำไร,เลขที่ 42/1 หมู่ 4 ตำบลศรีมงคล อำเภอบึงสามพัน เพชรบูรณ์ 67160,สำนักงานเกษตรจังหวัดเพชรบูรณ์,ศรีมงคล
3744,2568,บีงสามพัน,วิสาหกิจชุมชนกลุ่มผู้เลี้ยงโคขุนบ้านซับไทร,เลขที่ 334 หมู่ 5 ตำบลสระแก้ว อำเภอบึงสามพัน เพชรบูรณ์ 67160,สำนักงานเกษตรจังหวัดเพชรบูรณ์,สระแก้ว
3745,2568,บีงสามพัน,วิสาหกิจชุมชนสมาชิกกลุ่มดาวอินคาและพัฒนาอาชีพบ้านซับไทร,เลขที่ 102 หมู่ 5 ตำบลสระแก้ว อำเภอบึงสามพัน เพชรบูรณ์ 67160,สำนักงานเกษตรจังหวัดเพชรบูรณ์,สระแก้ว
3746,2568,บีงสามพัน,วิสาหกิจชุมชนกลุ่มพัฒนาอาชีพ หมู่ที่ 5 ตำบลสระแก้ว,เลขที่ 334 หมู่ 5 ตำบลสระแก้ว อำเภอบึงสามพัน เพชรบูรณ์ 67160,สำนักงานเกษตรจังหวัดเพชรบูรณ์,สระแก้ว
3747,2568,บีงสามพัน,วิสาหกิจชุมชนเกษตรอินทรีย์วิถีพอเพียง 459 บ้านกลาง เขาพลวง,เลขที่ 291 หมู่ 6 ตำบลสระแก้ว อำเภอบึงสามพัน เพชรบูรณ์ 67160,สำนักงานเกษตรจังหวัดเพชรบูรณ์,สระแก้ว
3748,2568,บีงสามพัน,วิสาหกิจชุมชนกลุ่มปลูกพืชเกษตรอินทรีย์เพื่อแปรรูปบ้านทรัพย์เกษตร ตำบลบึงสามพัน,เลขที่ 3 หมู่ 9 ตำบลบึงสามพัน อำเภอบึงสามพัน เพชรบูรณ์ 67160,สำนักงานเกษตรจังหวัดเพชรบูรณ์,บึงสามพัน
3749,2568,วิเชียรบุรี,วิสาหกิจชุมชนทอผ้ากี่กระตุกบ้านบุมะกรูด,เลขที่ 276 หมู่ 8 ตำบลท่าโรง อำเภอวิเชียรบุรี เพชรบูรณ์ 67130,สำนักงานเกษตรจังหวัดเพชรบูรณ์,ท่าโรง
3750,2568,วิเชียรบุรี,วิสาหกิจชุมชนกลุ่มส่งเสริมการเลี้ยงโคเนื้อตำบลท่าโรง,เลขที่ 136 หมู่ 14 ตำบลท่าโรง อำเภอวิเชียรบุรี เพชรบูรณ์ 67130,สำนักงานเกษตรจังหวัดเพชรบูรณ์,ท่าโรง
3751,2568,วิเชียรบุรี,วิสาหกิจชุมชนกลุ่มผู้เลี้ยงโคเนื้อบ้านทุ่งใหญ่ หมู่ 5 ตำบลท่าโรง,เลขที่ 460 หมู่ 5 ตำบลท่าโรง อำเภอวิเชียรบุรี เพชรบูรณ์ 67130,สำนักงานเกษตรจังหวัดเพชรบูรณ์,ท่าโรง
3752,2568,วิเชียรบุรี,วิสาหกิจชุมชนไร่เขาเล็งอินทรีย์เกษตร,เลขที่ 180 หมู่ 8 ตำบลท่าโรง อำเภอวิเชียรบุรี เพชรบูรณ์ 67130,สำนักงานเกษตรจังหวัดเพชรบูรณ์,ท่าโรง
3753,2568,วิเชียรบุรี,วิสาหกิจชุมชนกลุ่มเกษตรกรผู้เลี้ยงโคบ้านมาบสมอ หมู่ 14,เลขที่ 144 หมู่ 14 ตำบลท่าโรง อำเภอวิเชียรบุรี เพชรบูรณ์ 67130,สำนักงานเกษตรจังหวัดเพชรบูรณ์,ท่าโรง
3754,2568,วิเชียรบุรี,วิสาหกิจชุมชนพืชสวนสมุนไพร หมู่ 4 บึงกระจับ,เลขที่ 27/2 หมู่ 2 ตำบลท่าโรง อำเภอวิเชียรบุรี เพชรบูรณ์ 67130,สำนักงานเกษตรจังหวัดเพชรบูรณ์,ท่าโรง
3755,2568,วิเชียรบุรี,วิสาหกิจชุมชนกลุ่มผลิตปุ๋ยอินทรีย์อัดเม็ดเพื่อการเกษตร,เลขที่ 244 หมู่ 5 ตำบลท่าโรง อำเภอวิเชียรบุรี เพชรบูรณ์ 67130,สำนักงานเกษตรจังหวัดเพชรบูรณ์,ท่าโรง
3756,2568,วิเชียรบุรี,วิสาหกิจชุมชนปลูกพืชสมุนไพรเกษตรอินทรีย์วิเชียรบุรี,เลขที่ 399 หมู่ 3 ตำบลท่าโรง อำเภอวิเชียรบุรี เพชรบูรณ์ 67130,สำนักงานเกษตรจังหวัดเพชรบูรณ์,ท่าโรง
3757,2568,วิเชียรบุรี,วิสาหกิจชุมชนกลุ่มปุ๋ยเกษตรกร หมู่ 5 บ้านทุ่งใหญ่,เลขที่ 461/1 หมู่ 5 ตำบลท่าโรง อำเภอวิเชียรบุรี เพชรบูรณ์ 67130,สำนักงานเกษตรจังหวัดเพชรบูรณ์,ท่าโรง
3758,2568,วิเชียรบุรี,วิสาหกิจชุมชนกองทุนเกษตรกรข้าวโพดชุมชน,เลขที่ 194 หมู่ 1 ตำบลสระประดู่ อำเภอวิเชียรบุรี เพชรบูรณ์ 67130,สำนักงานเกษตรจังหวัดเพชรบูรณ์,สระประดู่
3759,2568,วิเชียรบุรี,วิสาหกิจชุมชนศูนย์ส่งเสริมผลิตข้าวชุมชนบ้านยางโด่,เลขที่ 9 หมู่ 7 ตำบลสระประดู่ อำเภอวิเชียรบุรี เพชรบูรณ์ 67130,สำนักงานเกษตรจังหวัดเพชรบูรณ์,สระประดู่
3760,2568,วิเชียรบุรี,วิสาหกิจชุมชนกลุ่มเกษตรกรสระประดู่ก้าวหน้า หมู่ 2,เลขที่ 45 หมู่ 2 ตำบลสระประดู่ อำเภอวิเชียรบุรี เพชรบูรณ์ 67130,สำนักงานเกษตรจังหวัดเพชรบูรณ์,สระประดู่
3761,2568,วิเชียรบุรี,วิสาหกิจชุมชนกลุ่มจำหน่ายและขยายพันธุ์ไม้บ้านยางโด่,เลขที่ 34 หมู่ 7 ตำบลสระประดู่ อำเภอวิเชียรบุรี เพชรบูรณ์ 67130,สำนักงานเกษตรจังหวัดเพชรบูรณ์,สระประดู่
3762,2568,วิเชียรบุรี,วิสาหกิจชุมชนเกษตรสร้างสรรค์,เลขที่ 54/1 หมู่ 3 ตำบลสระประดู่ อำเภอวิเชียรบุรี เพชรบูรณ์ 67130,สำนักงานเกษตรจังหวัดเพชรบูรณ์,สระประดู่
3763,2568,วิเชียรบุรี,วิสาหกิจชุมชนYSF วิเชียรบุรีเกษตรพอเพียงเพื่อการพัฒนาอย่างยั่งยืน,เลขที่ 27 หมู่ 11 ตำบลสระประดู่ อำเภอวิเชียรบุรี เพชรบูรณ์ 67130,สำนักงานเกษตรจังหวัดเพชรบูรณ์,สระประดู่
3764,2568,วิเชียรบุรี,วิสาหกิจชุมชนกลุ่มวิสาหกิจชุมชนบ้านกลุ่มอุทัย หมู่ 2,เลขที่ 21 หมู่ 2 ตำบลสามแยก อำเภอวิเชียรบุรี เพชรบูรณ์ 67130,สำนักงานเกษตรจังหวัดเพชรบูรณ์,สามแยก
3765,2568,วิเชียรบุรี,วิสาหกิจชุมชนกลุ่มสายใยรักตัดเย็บ,เลขที่ 273 หมู่ 1 ตำบลสามแยก อำเภอวิเชียรบุรี เพชรบูรณ์ 67130,สำนักงานเกษตรจังหวัดเพชรบูรณ์,สามแยก
3766,2568,วิเชียรบุรี,วิสาหกิจชุมชนกลุ่มส่งเสริมอาชีพบ้านลำจังหัน หมู่ 1 ตำบลสามแยก,เลขที่ 29/1 หมู่ 1 ตำบลสามแยก อำเภอวิเชียรบุรี เพชรบูรณ์ 67130,สำนักงานเกษตรจังหวัดเพชรบูรณ์,สามแยก
3767,2568,วิเชียรบุรี,วิสาหกิจชุมชนกลุ่มพัฒนาอาชีพงานไม้ชุมชน หมู่ 3 ตำบลสามแยก,เลขที่ 181 หมู่ 3 ตำบลสามแยก อำเภอวิเชียรบุรี เพชรบูรณ์ 67130,สำนักงานเกษตรจังหวัดเพชรบูรณ์,สามแยก
3768,2568,วิเชียรบุรี,วิสาหกิจชุมชนส่งเสริมอาชีพบ้านโปร่งนกเป้า หมู่ 10,เลขที่ 31 หมู่ 10 ตำบลสามแยก อำเภอวิเชียรบุรี เพชรบูรณ์ 67130,สำนักงานเกษตรจังหวัดเพชรบูรณ์,สามแยก
3769,2568,วิเชียรบุรี,วิสาหกิจชุมชนแปลงใหญ่ข้าวโพดเลี้ยงสัตว์ตำบลสามแยก,เลขที่ 75 หมู่ 6 ตำบลสามแยก อำเภอวิเชียรบุรี เพชรบูรณ์ 67130,สำนักงานเกษตรจังหวัดเพชรบูรณ์,สามแยก
3770,2568,วิเชียรบุรี,วิสาหกิจชุมชนคนเลี้ยงปลาบ้านลำเพียร,เลขที่ 6 หมู่ 10 ตำบลโคกปรง อำเภอวิเชียรบุรี เพชรบูรณ์ 67130,สำนักงานเกษตรจังหวัดเพชรบูรณ์,โคกปรง
3771,2568,วิเชียรบุรี,วิสาหกิจชุมชนผลิตพืชพันธุ์ดีและส่งเสริมอาชีพ หมู่ 8 บ้านนาสามัคคี,เลขที่ 57 หมู่ 8 ตำบลโคกปรง อำเภอวิเชียรบุรี เพชรบูรณ์ 67130,สำนักงานเกษตรจังหวัดเพชรบูรณ์,โคกปรง
3772,2568,วิเชียรบุรี,วิสาหกิจชุมชนกลุ่มเลี้ยงโคบ้านเขายางโปร่ง หมู่ 4,เลขที่ 14 หมู่ 4 ตำบลโคกปรง อำเภอวิเชียรบุรี เพชรบูรณ์ 67130,สำนักงานเกษตรจังหวัดเพชรบูรณ์,โคกปรง
3773,2568,วิเชียรบุรี,วิสาหกิจชุมชนกลุ่มส่งเสริมอาชีพการเกษตรบ้านโคกปรง หมู่ 3,เลขที่ 213 หมู่ 3 ตำบลโคกปรง อำเภอวิเชียรบุรี เพชรบูรณ์ 67130,สำนักงานเกษตรจังหวัดเพชรบูรณ์,โคกปรง
3774,2568,วิเชียรบุรี,วิสาหกิจชุมชนกลุ่มพัฒนาอาชีพตำบลโคกปรง หมู่ 2,เลขที่ 5 หมู่ 2 ตำบลโคกปรง อำเภอวิเชียรบุรี เพชรบูรณ์ 67130,สำนักงานเกษตรจังหวัดเพชรบูรณ์,โคกปรง
3775,2568,วิเชียรบุรี,วิสาหกิจชุมชนกลุ่มส่งเสริมพัฒนาศักยภาพอาชีพตำบลโคกปรง,เลขที่ 174 หมู่ 3 ตำบลโคกปรง อำเภอวิเชียรบุรี เพชรบูรณ์ 67130,สำนักงานเกษตรจังหวัดเพชรบูรณ์,โคกปรง
3776,2568,วิเชียรบุรี,วิสาหกิจชุมชนกลุ่มชาวนาเข็มแข็งตำบลโคกปรง,เลขที่ 123 หมู่ 1 ตำบลโคกปรง อำเภอวิเชียรบุรี เพชรบูรณ์ 67130,สำนักงานเกษตรจังหวัดเพชรบูรณ์,โคกปรง
3777,2568,วิเชียรบุรี,วิสาหกิจชุมชนเกษตรพัฒนาวังเตียน,เลขที่ 67 หมู่ 5 ตำบลโคกปรง อำเภอวิเชียรบุรี เพชรบูรณ์ 67130,สำนักงานเกษตรจังหวัดเพชรบูรณ์,โคกปรง
3778,2568,วิเชียรบุรี,วิสาหกิจชุมชนปลูกผักหลังฤดูทำนา,เลขที่ 132 หมู่ 12 ตำบลโคกปรง อำเภอวิเชียรบุรี เพชรบูรณ์ 67130,สำนักงานเกษตรจังหวัดเพชรบูรณ์,โคกปรง
3779,2568,วิเชียรบุรี,วิสาหกิจชุมชนสมบัติฟาร์มเห็ดบ้านโคกปรง,เลขที่ 77 หมู่ 16 ตำบลโคกปรง อำเภอวิเชียรบุรี เพชรบูรณ์ 67130,สำนักงานเกษตรจังหวัดเพชรบูรณ์,โคกปรง
3780,2568,วิเชียรบุรี,วิสาหกิจชุมชนกลุ่มพัฒนาเศรษฐกิจการเกษตรบ้านน้ำเดือด,เลขที่ 61 หมู่ 12 ตำบลโคกปรง อำเภอวิเชียรบุรี เพชรบูรณ์ 67130,สำนักงานเกษตรจังหวัดเพชรบูรณ์,โคกปรง
3781,2568,วิเชียรบุรี,วิสาหกิจชุมชนผลิตปุ๋ยอินทรีย์ชีวภาพปั้นเม็ด ม.4 บ้านโคกสำราญ,เลขที่ 68 หมู่ 4 ตำบลน้ำร้อน อำเภอวิเชียรบุรี เพชรบูรณ์ 67130,สำนักงานเกษตรจังหวัดเพชรบูรณ์,น้ำร้อน
3782,2568,วิเชียรบุรี,วิสาหกิจชุมชนกลุ่มเกษตรกรทำปุ๋ยหมักชีวภาพบ้านน้ำร้อน หมู่ 1,เลขที่ 41 หมู่ 1 ตำบลน้ำร้อน อำเภอวิเชียรบุรี เพชรบูรณ์ 67130,สำนักงานเกษตรจังหวัดเพชรบูรณ์,น้ำร้อน
3783,2568,วิเชียรบุรี,วิสาหกิจชุมชนเกษตรอินทรีย์ผสมผสานตำบลน้ำร้อน,เลขที่ 66 หมู่ 10 ตำบลน้ำร้อน อำเภอวิเชียรบุรี เพชรบูรณ์ 67130,สำนักงานเกษตรจังหวัดเพชรบูรณ์,น้ำร้อน
3784,2568,วิเชียรบุรี,วิสาหกิจชุมชนสมุนไพรเพื่อสุขภาพบ้านน้ำร้อน,เลขที่ 288 หมู่ 1 ตำบลน้ำร้อน อำเภอวิเชียรบุรี เพชรบูรณ์ 67130,สำนักงานเกษตรจังหวัดเพชรบูรณ์,น้ำร้อน
3785,2568,วิเชียรบุรี,วิสาหกิจชุมชนส่งเสริมอาชีพ หมู่ 3 บ้านน้ำร้อน,เลขที่ 18 หมู่ 3 ตำบลน้ำร้อน อำเภอวิเชียรบุรี เพชรบูรณ์ 67130,สำนักงานเกษตรจังหวัดเพชรบูรณ์,น้ำร้อน
3786,2568,วิเชียรบุรี,"วิสาหกิจชุมชนถักสานไม้กวาดดอกหญ้า หมู่ 8,19",เลขที่ 88 หมู่ 19 ตำบลบ่อรัง อำเภอวิเชียรบุรี เพชรบูรณ์ 67130,สำนักงานเกษตรจังหวัดเพชรบูรณ์,บ่อรัง
3787,2568,วิเชียรบุรี,วิสาหกิจชุมชนกลุ่มส่งเสริมอาชีพเกษตรกรบ้านใหม่วิไลวัลย์ หมู่ 10,เลขที่ 153 หมู่ 10 ตำบลบ่อรัง อำเภอวิเชียรบุรี เพชรบูรณ์ 67130,สำนักงานเกษตรจังหวัดเพชรบูรณ์,บ่อรัง
3788,2568,วิเชียรบุรี,วิสาหกิจชุมชนกลุ่มส่งเสริมการเลี้ยงโคเนื้อของชุมชนบ้านหนองบัวทอง หมู่ 11,เลขที่ 173 หมู่ 11 ตำบลบ่อรัง อำเภอวิเชียรบุรี เพชรบูรณ์ 67130,สำนักงานเกษตรจังหวัดเพชรบูรณ์,บ่อรัง
3789,2568,วิเชียรบุรี,วิสาหกิจชุมชนแปลงใหญ่มันสำปะหลังตำบลบ่อรัง,เลขที่ 394 หมู่ 2 ตำบลบ่อรัง อำเภอวิเชียรบุรี เพชรบูรณ์ 67130,สำนักงานเกษตรจังหวัดเพชรบูรณ์,บ่อรัง
3790,2568,วิเชียรบุรี,วิสาหกิจชุมชนส่งเสริมอาชีพบ้านแสงทอง,เลขที่ 3 หมู่ 16 ตำบลบ่อรัง อำเภอวิเชียรบุรี เพชรบูรณ์ 67130,สำนักงานเกษตรจังหวัดเพชรบูรณ์,บ่อรัง
3791,2568,วิเชียรบุรี,วิสาหกิจชุมชนศูนย์ส่งเสริมผลิตพันธุ์ข้าวชุมชน ม.8 ตำบลพุเตย,เลขที่ 162 หมู่ 8 ตำบลพุเตย อำเภอวิเชียรบุรี เพชรบูรณ์ 67180,สำนักงานเกษตรจังหวัดเพชรบูรณ์,พุเตย
3792,2568,วิเชียรบุรี,วิสาหกิจชุมชนสถาบันการเงินชุมชนต้นแบบบ้านหนองคล้า,เลขที่ 97 หมู่ 8 ตำบลพุเตย อำเภอวิเชียรบุรี เพชรบูรณ์ 67180,สำนักงานเกษตรจังหวัดเพชรบูรณ์,พุเตย
3793,2568,วิเชียรบุรี,วิสาหกิจชุมชนเฟอร์นิเจอร์ หมู่ 9 ตำบลพุเตย,เลขที่ 57 หมู่ 9 ตำบลพุเตย อำเภอวิเชียรบุรี เพชรบูรณ์ 67180,สำนักงานเกษตรจังหวัดเพชรบูรณ์,พุเตย
3794,2568,วิเชียรบุรี,วิสาหกิจชุมชนกลุ่มพัฒนาผลผลิตเกษตรบ้านวงษ์ทอง หมู่ 11,เลขที่ 141/1 หมู่ 11 ตำบลพุเตย อำเภอวิเชียรบุรี เพชรบูรณ์ 67180,สำนักงานเกษตรจังหวัดเพชรบูรณ์,พุเตย
3795,2568,วิเชียรบุรี,วิสาหกิจชุมชนกลุ่มปุ๋ยบ้านวงษ์ทอง หมู่ 11 ตำบลพุเตย,เลขที่ 105 หมู่ 11 ตำบลพุเตย อำเภอวิเชียรบุรี เพชรบูรณ์ 67180,สำนักงานเกษตรจังหวัดเพชรบูรณ์,พุเตย
3796,2568,วิเชียรบุรี,วิสาหกิจชุมชนวัวขุนตำบลพุเตย อำเภอวิเชียรบุรี จังหวัดเพชรบูรณ์,เลขที่ 97 หมู่ 8 ตำบลพุเตย อำเภอวิเชียรบุรี เพชรบูรณ์ 67180,สำนักงานเกษตรจังหวัดเพชรบูรณ์,พุเตย
3797,2568,วิเชียรบุรี,วิสาหกิจชุมชนกลุ่มทอผ้าพุเตย,เลขที่ 220 หมู่ 1 ตำบลพุเตย อำเภอวิเชียรบุรี เพชรบูรณ์ 67180,สำนักงานเกษตรจังหวัดเพชรบูรณ์,พุเตย
3798,2568,วิเชียรบุรี,วิสาหกิจชุมชนกลุ่มพืชผักปลอดภัย อำเภอวิเชียรบุรี,เลขที่ 108 หมู่ 12 ตำบลพุเตย อำเภอวิเชียรบุรี เพชรบูรณ์ 67180,สำนักงานเกษตรจังหวัดเพชรบูรณ์,พุเตย
3799,2568,วิเชียรบุรี,วิสาหกิจชุมชนกลุ่มแม่บ้านโต๊ะจีนตำบลพุขาม,เลขที่ 39 หมู่ 4 ตำบลพุขาม อำเภอวิเชียรบุรี เพชรบูรณ์ 67130,สำนักงานเกษตรจังหวัดเพชรบูรณ์,พุขาม
3800,2568,วิเชียรบุรี,วิสาหกิจชุมชนส่งเสริมอาชีพการเกษตรและร้านค้าชุมชนโคกสง่า หมู่ 7,เลขที่ 272 หมู่ 7 ตำบลพุขาม อำเภอวิเชียรบุรี เพชรบูรณ์ 67180,สำนักงานเกษตรจังหวัดเพชรบูรณ์,พุขาม
3801,2568,วิเชียรบุรี,วิสาหกิจชุมชนกลุ่มเกษตรผสมผสาน หมู่ 5 บ้านพุขาม,เลขที่ 155 หมู่ 5 ตำบลพุขาม อำเภอวิเชียรบุรี เพชรบูรณ์ 67180,สำนักงานเกษตรจังหวัดเพชรบูรณ์,พุขาม
3802,2568,วิเชียรบุรี,วิสาหกิจชุมชนกลุ่มแม่บ้านหนองสมบูรณ์ หมู่ 6 ตำบลพุขาม,เลขที่ 109 หมู่ 6 ตำบลพุขาม อำเภอวิเชียรบุรี เพชรบูรณ์ 67180,สำนักงานเกษตรจังหวัดเพชรบูรณ์,พุขาม
3803,2568,วิเชียรบุรี,วิสาหกิจชุมชนกลุ่มออมทรัพย์การผลิตบ้านรวมทรัพย์,เลขที่ 239/1 หมู่ 6 ตำบลภูน้ำหยด อำเภอวิเชียรบุรี เพชรบูรณ์ 67180,สำนักงานเกษตรจังหวัดเพชรบูรณ์,ภูน้ำหยด
3804,2568,วิเชียรบุรี,วิสาหกิจชุมชนกลุ่มภูน้ำหยดพัฒนาเพื่อการเกษตร,เลขที่ 78/1 หมู่ 6 ตำบลภูน้ำหยด อำเภอวิเชียรบุรี เพชรบูรณ์ 67180,สำนักงานเกษตรจังหวัดเพชรบูรณ์,ภูน้ำหยด
3805,2568,วิเชียรบุรี,วิสาหกิจชุมชนกลุ่มส่งเสริมการเลี้ยงโคเนื้อชุมชนบ้านพระที่นั่ง หมู่ 7,เลขที่ 103 หมู่ 7 ตำบลภูน้ำหยด อำเภอวิเชียรบุรี เพชรบูรณ์ 67180,สำนักงานเกษตรจังหวัดเพชรบูรณ์,ภูน้ำหยด
3806,2568,วิเชียรบุรี,วิสาหกิจชุมชนกลุ่มโคเนื้อตำบลภูน้ำหยด,เลขที่ 3/4 หมู่ 6 ตำบลภูน้ำหยด อำเภอวิเชียรบุรี เพชรบูรณ์ 67180,สำนักงานเกษตรจังหวัดเพชรบูรณ์,ภูน้ำหยด
3807,2568,วิเชียรบุรี,วิสาหกิจชุมชนมันสำปะหลังภูน้ำหยด,เลขที่ 52 หมู่ 12 ตำบลภูน้ำหยด อำเภอวิเชียรบุรี เพชรบูรณ์ 67180,สำนักงานเกษตรจังหวัดเพชรบูรณ์,ภูน้ำหยด
3808,2568,วิเชียรบุรี,วิสาหกิจชุมชนปุ๋ยบ้านหนองภิรมย์,เลขที่ 32 หมู่ 16 ตำบลภูน้ำหยด อำเภอวิเชียรบุรี เพชรบูรณ์ 67180,สำนักงานเกษตรจังหวัดเพชรบูรณ์,ภูน้ำหยด
3809,2568,วิเชียรบุรี,วิสาหกิจชุมชนกลุ่มออมทรัพย์เพื่อการค้าและการผลิต หมู่ 10 ต.ภูน้ำหยด,เลขที่ 55 หมู่ 10 ตำบลภูน้ำหยด อำเภอวิเชียรบุรี เพชรบูรณ์ 67180,สำนักงานเกษตรจังหวัดเพชรบูรณ์,ภูน้ำหยด
3810,2568,วิเชียรบุรี,วิสาหกิจชุมชนโบอินฟาร์ม ปาล์มอินดี้,เลขที่ 2 หมู่ 4 ตำบลภูน้ำหยด อำเภอวิเชียรบุรี เพชรบูรณ์ 67180,สำนักงานเกษตรจังหวัดเพชรบูรณ์,ภูน้ำหยด
3811,2568,วิเชียรบุรี,วิสาหกิจชุมชนศิริมงคลฟาร์ม,เลขที่ 60 หมู่ 9 ตำบลภูน้ำหยด อำเภอวิเชียรบุรี เพชรบูรณ์ 67180,สำนักงานเกษตรจังหวัดเพชรบูรณ์,ภูน้ำหยด
3812,2568,วิเชียรบุรี,วิสาหกิจชุมชนกลุ่มอาชีพขยายพันธุ์ไม้ผลไม้ดอก,เลขที่ 5 หมู่ 6 ตำบลซับสมบูรณ์ อำเภอวิเชียรบุรี เพชรบูรณ์ 67180,สำนักงานเกษตรจังหวัดเพชรบูรณ์,ซับสมบูรณ์
3813,2568,วิเชียรบุรี,วิสาหกิจชุมชนกลุ่มผลิตโคเนื้อบ้านเขาขาดหมู่ 4 ตำบลซับสมบูรณ์,เลขที่ 145 หมู่ 4 ตำบลซับสมบูรณ์ อำเภอวิเชียรบุรี เพชรบูรณ์ 67130,สำนักงานเกษตรจังหวัดเพชรบูรณ์,ซับสมบูรณ์
3814,2568,วิเชียรบุรี,วิสาหกิจชุมชนกลุ่มสมุนไพรโบราณขุมทรัพย์ปัญญาไทย,เลขที่ 63 หมู่ 4 ตำบลซับสมบูรณ์ อำเภอวิเชียรบุรี เพชรบูรณ์ 67180,สำนักงานเกษตรจังหวัดเพชรบูรณ์,ซับสมบูรณ์
3815,2568,วิเชียรบุรี,วิสาหกิจชุมชนพัฒนาผลิตผลทางการเกษตรบ้านกระทุ่มทอง ตำบลซับสมบูรณ์,เลขที่ 25/1 หมู่ 5 ตำบลซับสมบูรณ์ อำเภอวิเชียรบุรี เพชรบูรณ์ 67180,สำนักงานเกษตรจังหวัดเพชรบูรณ์,ซับสมบูรณ์
3816,2568,วิเชียรบุรี,วิสาหกิจชุมชนหมูหลุมอินดี้ตำบลซับสมบูรณ์,เลขที่ 26 หมู่ 9 ตำบลซับสมบูรณ์ อำเภอวิเชียรบุรี เพชรบูรณ์ 67180,สำนักงานเกษตรจังหวัดเพชรบูรณ์,ซับสมบูรณ์
3817,2568,วิเชียรบุรี,วิสาหกิจชุมชนกลุ่มพัฒนาอาชีพถี่กระตุกบ้านเกาะบรเพ็ด หมู่ 10,เลขที่ 43 หมู่ 10 ตำบลบึงกระจับ อำเภอวิเชียรบุรี เพชรบูรณ์ 67130,สำนักงานเกษตรจังหวัดเพชรบูรณ์,บึงกระจับ
3818,2568,วิเชียรบุรี,วิสาหกิจชุมชนกลุ่มเกษตรอินทรีย์วิถีชุมชน ตำบลบึงกระจับ,เลขที่ 251 หมู่ 5 ตำบลบึงกระจับ อำเภอวิเชียรบุรี เพชรบูรณ์ 67130,สำนักงานเกษตรจังหวัดเพชรบูรณ์,บึงกระจับ
3819,2568,วิเชียรบุรี,วิสาหกิจชุมชนสานสายใยใจไทยทุกภาค เกษตรผสมผสานตำบลบึงกระจับ,เลขที่ 30/2 หมู่ 6 ตำบลบึงกระจับ อำเภอวิเชียรบุรี เพชรบูรณ์ 67130,สำนักงานเกษตรจังหวัดเพชรบูรณ์,บึงกระจับ
3820,2568,วิเชียรบุรี,วิสาหกิจชุมชนสานสายใยใจไทยทุกภาคเกษตรอินทรีย์ตำบลบึงกระจับ,เลขที่ 253 หมู่ 4 ตำบลบึงกระจับ อำเภอวิเชียรบุรี เพชรบูรณ์ 67130,สำนักงานเกษตรจังหวัดเพชรบูรณ์,บึงกระจับ
3821,2568,วิเชียรบุรี,วิสาหกิจชุมชนสานสายใยใจไทยทุกภาคบ้านวังทอง,เลขที่ 122 หมู่ 6 ตำบลบึงกระจับ อำเภอวิเชียรบุรี เพชรบูรณ์ 67130,สำนักงานเกษตรจังหวัดเพชรบูรณ์,บึงกระจับ
3822,2568,วิเชียรบุรี,วิสาหกิจชุมชนสานสายใยใจไทยทุกภาคเกษตรยั่งยืนตำบลบึงกระจับ,เลขที่ 120 หมู่ 6 ตำบลบึงกระจับ อำเภอวิเชียรบุรี เพชรบูรณ์ 67130,สำนักงานเกษตรจังหวัดเพชรบูรณ์,บึงกระจับ
3823,2568,วิเชียรบุรี,วิสาหกิจชุมชนกลุ่มเศรษฐกิจชุมชนเกษตรกร หมู่ 4 ต.วังใหญ่,เลขที่ 19 หมู่ 4 ตำบลวังใหญ่ อำเภอวิเชียรบุรี เพชรบูรณ์ 67180,สำนักงานเกษตรจังหวัดเพชรบูรณ์,วังใหญ่
3824,2568,วิเชียรบุรี,วิสาหกิจชุมชนกลุ่มผลิตการเกษตรบ้านไทรทอง,เลขที่ 83 หมู่ 5 ตำบลวังใหญ่ อำเภอวิเชียรบุรี เพชรบูรณ์ 67180,สำนักงานเกษตรจังหวัดเพชรบูรณ์,วังใหญ่
3825,2568,วิเชียรบุรี,วิสาหกิจชุมชนกลุ่มผู้เลี้ยงวัวเพื่อการค้าตำบลวังใหญ่,เลขที่ 153 หมู่ 4 ตำบลวังใหญ่ อำเภอวิเชียรบุรี เพชรบูรณ์ 67180,สำนักงานเกษตรจังหวัดเพชรบูรณ์,วังใหญ่
3826,2568,วิเชียรบุรี,วิสาหกิจชุมชนกลุ่มผู้ปลูกพืชสมุนไพรตำบลวังใหญ่,เลขที่ 26 หมู่ 2 ตำบลวังใหญ่ อำเภอวิเชียรบุรี เพชรบูรณ์ 67180,สำนักงานเกษตรจังหวัดเพชรบูรณ์,วังใหญ่
3827,2568,วิเชียรบุรี,วิสาหกิจชุมชนกลุ่มอาชีพเบญจรงค์วังใหญ่,เลขที่ 53/1 หมู่ 9 ตำบลวังใหญ่ อำเภอวิเชียรบุรี เพชรบูรณ์ 67180,สำนักงานเกษตรจังหวัดเพชรบูรณ์,วังใหญ่
3828,2568,วิเชียรบุรี,วิสาหกิจชุมชนกลุ่มทอเสื่อกกบ้านวังวัด,เลขที่ 56/1 หมู่ 3 ตำบลยางสาว อำเภอวิเชียรบุรี เพชรบูรณ์ 67130,สำนักงานเกษตรจังหวัดเพชรบูรณ์,ยางสาว
3829,2568,วิเชียรบุรี,วิสาหกิจชุมชนกลุ่มหัตถกรรมดอกไม้จันทร์ ดอกไม้ประดิษฐ์หมู่ 2,เลขที่ 15 หมู่ 2 ตำบลยางสาว อำเภอวิเชียรบุรี เพชรบูรณ์ 67130,สำนักงานเกษตรจังหวัดเพชรบูรณ์,ยางสาว
3830,2568,วิเชียรบุรี,วิสาหกิจชุมชนกลุ่มผู้ปลูกหอม-กระเทียม บ้านพุน้ำร้อน,เลขที่ 88 หมู่ 9 ตำบลยางสาว อำเภอวิเชียรบุรี เพชรบูรณ์ 67130,สำนักงานเกษตรจังหวัดเพชรบูรณ์,ยางสาว
3831,2568,วิเชียรบุรี,วิสาหกิจชุมชนปลูกข้าวโพดเลี้ยงสัตว์ก้าวหน้า หมู่ 15 ต.ยางสาว,เลขที่ 91 หมู่ 15 ตำบลยางสาว อำเภอวิเชียรบุรี เพชรบูรณ์ 67130,สำนักงานเกษตรจังหวัดเพชรบูรณ์,ยางสาว
3832,2568,วิเชียรบุรี,วิสาหกิจชุมชนกลุ่มส่งเสริมอาชีพการเกษตรบ้านน้ำอ้อม,เลขที่ 58 หมู่ 7 ตำบลยางสาว อำเภอวิเชียรบุรี เพชรบูรณ์ 67130,สำนักงานเกษตรจังหวัดเพชรบูรณ์,ยางสาว
3833,2568,วิเชียรบุรี,วิสาหกิจชุมชนกลุ่มเลี้ยงสัตว์บ้านเขาสูง ม.4 ต.ยางสาว,เลขที่ 136 หมู่ 4 ตำบลยางสาว อำเภอวิเชียรบุรี เพชรบูรณ์ 67130,สำนักงานเกษตรจังหวัดเพชรบูรณ์,ยางสาว
3834,2568,วิเชียรบุรี,วิสาหกิจชุมชนกลุ่มกล้วยหอมทองบ้านซับรุ่งเจริญ,เลขที่ 37 หมู่ 7 ตำบลซับน้อย อำเภอวิเชียรบุรี เพชรบูรณ์ 67180,สำนักงานเกษตรจังหวัดเพชรบูรณ์,ซับน้อย
3835,2568,วิเชียรบุรี,วิสาหกิจชุมชนแปลงใหญ่ข้าวโพดเลี้ยงสัตว์ ตำบลซับน้อย,เลขที่ 153 หมู่ 5 ตำบลซับน้อย อำเภอวิเชียรบุรี เพชรบูรณ์ 67130,สำนักงานเกษตรจังหวัดเพชรบูรณ์,ซับน้อย
3836,2568,ศรีเทพ,วิสาหกิจชุมชนศิลปะเครื่องนอนเมืองศรีเทพ,เลขที่ 52 หมู่ 1 ตำบลศรีเทพ อำเภอศรีเทพ เพชรบูรณ์ 67170,สำนักงานเกษตรจังหวัดเพชรบูรณ์,ศรีเทพ
3837,2568,ศรีเทพ,วิสาหกิจชุมชนราชินีหวาน บ้านรักไทย,เลขที่ 17/1 หมู่ 12 ตำบลศรีเทพ อำเภอศรีเทพ เพชรบูรณ์ 67170,สำนักงานเกษตรจังหวัดเพชรบูรณ์,ศรีเทพ
3838,2568,ศรีเทพ,วิสาหกิจชุมชนศรีเทพรวมใจรักษ์,เลขที่ 23/2 หมู่ 3 ตำบลศรีเทพ อำเภอศรีเทพ เพชรบูรณ์ 67170,สำนักงานเกษตรจังหวัดเพชรบูรณ์,ศรีเทพ
3839,2568,ศรีเทพ,วิสาหกิจชุมชนศรีเทพเฮอริเทจ,เลขที่ 262 หมู่ 2 ตำบลศรีเทพ อำเภอศรีเทพ เพชรบูรณ์ 67170,สำนักงานเกษตรจังหวัดเพชรบูรณ์,ศรีเทพ
3840,2568,ศรีเทพ,วิสาหกิจชุมชนจักสานหมู่ 6 บึงนาจาน,เลขที่ 65 หมู่ 6 ตำบลศรีเทพ อำเภอศรีเทพ เพชรบูรณ์ 67170,สำนักงานเกษตรจังหวัดเพชรบูรณ์,ศรีเทพ
3841,2568,ศรีเทพ,วิสาหกิจชุมชนแคระแบกเมือง,เลขที่ 18/1 หมู่ 2 ตำบลศรีเทพ อำเภอศรีเทพ เพชรบูรณ์ 67170,สำนักงานเกษตรจังหวัดเพชรบูรณ์,ศรีเทพ
3842,2568,ศรีเทพ,วิสาหกิจชุมชนพัฒนาเกษตรกรบ้านท่าเรียง,เลขที่ 1 หมู่ 10 ตำบลศรีเทพ อำเภอศรีเทพ เพชรบูรณ์ 67170,สำนักงานเกษตรจังหวัดเพชรบูรณ์,ศรีเทพ
3843,2568,ศรีเทพ,วิสาหกิจชุมชนเมืองโบราณศรีเทพ,เลขที่ 198 หมู่ 13 ตำบลศรีเทพ อำเภอศรีเทพ เพชรบูรณ์ 67170,สำนักงานเกษตรจังหวัดเพชรบูรณ์,ศรีเทพ
3844,2568,ศรีเทพ,วิสาหกิจชุมชนกลุ่มเครื่องนอนสว่างวัฒนา,เลขที่ 205 หมู่ 2 ตำบลสระกรวด อำเภอศรีเทพ เพชรบูรณ์ 67170,สำนักงานเกษตรจังหวัดเพชรบูรณ์,สระกรวด
3845,2568,ศรีเทพ,วิสาหกิจชุมชนกลุ่มสิบเอ็ดอุตสาหกรรมเครื่องนอนชุมชน,เลขที่ 205/4 หมู่ 2 ถนนสระบุรี-หล่มสัก ตำบลสระกรวด อำเภอศรีเทพ เพชรบูรณ์ 67170,สำนักงานเกษตรจังหวัดเพชรบูรณ์,สระกรวด
3846,2568,ศรีเทพ,วิสาหกิจชุมชนกลุ่มออมทรัพย์เพื่อการผลิตหมู่15,เลขที่ 297 หมู่ 15 ตำบลสระกรวด อำเภอศรีเทพ เพชรบูรณ์ 67170,สำนักงานเกษตรจังหวัดเพชรบูรณ์,สระกรวด
3847,2568,ศรีเทพ,วิสาหกิจชุมชนกลุ่มส่งเสริมอาชีพแม่บ้าน หมู่ 15,เลขที่ 406/6 หมู่ 15 ตำบลสระกรวด อำเภอศรีเทพ เพชรบูรณ์ 67170,สำนักงานเกษตรจังหวัดเพชรบูรณ์,สระกรวด
3848,2568,ศรีเทพ,วิสาหกิจชุมชนท่องเที่ยวเชิงเกษตรวิถีชาวฟาร์ม,เลขที่ 84 หมู่ 11 ตำบลสระกรวด อำเภอศรีเทพ เพชรบูรณ์ 67170,สำนักงานเกษตรจังหวัดเพชรบูรณ์,สระกรวด
3849,2568,ศรีเทพ,วิสาหกิจชุมชนพืชมรดกสมุนไพรบ้านโนน,เลขที่ 94 หมู่ 1 ตำบลสระกรวด อำเภอศรีเทพ เพชรบูรณ์ 67170,สำนักงานเกษตรจังหวัดเพชรบูรณ์,สระกรวด
3850,2568,ศรีเทพ,วิสาหกิจชุมชนศูนย์พันธุ์ข้าวชุมชนร่องหอย,เลขที่ 24 หมู่ 11 ตำบลสระกรวด อำเภอศรีเทพ เพชรบูรณ์ 67170,สำนักงานเกษตรจังหวัดเพชรบูรณ์,สระกรวด
3851,2568,ศรีเทพ,วิสาหกิจชุมชนกลุ่มจักสานงานฝีมือตำบลสระกรวด,เลขที่ 200 หมู่ 12 ตำบลสระกรวด อำเภอศรีเทพ เพชรบูรณ์ 67170,สำนักงานเกษตรจังหวัดเพชรบูรณ์,สระกรวด
3852,2568,ศรีเทพ,วิสาหกิจชุมชนผลิตภัณฑ์แปรรูปจากอ้อยบ้านโนน,เลขที่ 38 ม.1 ตำบลสระกรวด อำเภอศรีเทพ เพชรบูรณ์ 67170,สำนักงานเกษตรจังหวัดเพชรบูรณ์,สระกรวด
3853,2568,ศรีเทพ,วิสาหกิจชุมชนสานสายใย ใจไทยทุกภาค ตำบลสระกรวด อ.ศรีเทพ,เลขที่ 35 หมู่ 1 ตำบลสระกรวด อำเภอศรีเทพ เพชรบูรณ์ 67170,สำนักงานเกษตรจังหวัดเพชรบูรณ์,สระกรวด
3854,2568,ศรีเทพ,วิสาหกิจชุมชนกลุ่มเกษตรกรทำไร่อ้อยแบบยั่งยืน,เลขที่ 98 หมู่ 13 ตำบลสระกรวด อำเภอศรีเทพ เพชรบูรณ์ 67170,สำนักงานเกษตรจังหวัดเพชรบูรณ์,สระกรวด
3855,2568,ศรีเทพ,วิสาหกิจชุมชนสมุนไพรไทยโอสถ,เลขที่ 66/2 หมู่ 2 ตำบลสระกรวด อำเภอศรีเทพ เพชรบูรณ์ 67170,สำนักงานเกษตรจังหวัดเพชรบูรณ์,สระกรวด
3856,2568,ศรีเทพ,วิสาหกิจชุมชนทอผ้าบ้านวังขอนพัฒนา,เลขที่ 58 หมู่ 17 ตำบลคลองกระจัง อำเภอศรีเทพ เพชรบูรณ์ 67170,สำนักงานเกษตรจังหวัดเพชรบูรณ์,คลองกระจัง
3857,2568,ศรีเทพ,วิสาหกิจชุมชนกลุ่มโคขุน ท.253,เลขที่ 245 หมู่ 10 ตำบลคลองกระจัง อำเภอศรีเทพ เพชรบูรณ์ 67170,สำนักงานเกษตรจังหวัดเพชรบูรณ์,คลองกระจัง
3858,2568,ศรีเทพ,วิสาหกิจชุมชนกลุ่มปลูกหม่อนเลี้ยงใหม,เลขที่ 6 หมู่ 13 ตำบลคลองกระจัง อำเภอศรีเทพ เพชรบูรณ์ 67170,สำนักงานเกษตรจังหวัดเพชรบูรณ์,คลองกระจัง
3859,2568,ศรีเทพ,วิสาหกิจชุมชนเลี้ยงโคเนื้อบ้านนาสวรรค์ ม.12,เลขที่ 78 หมู่ 12 ตำบลคลองกระจัง อำเภอศรีเทพ เพชรบูรณ์ 67170,สำนักงานเกษตรจังหวัดเพชรบูรณ์,คลองกระจัง
3860,2568,ศรีเทพ,วิสาหกิจชุมชนหม่อนไหมพัฒนา,เลขที่ 6 หมู่ 13 ถนนสระบุรี-หล่มสัก ตำบลคลองกระจัง อำเภอศรีเทพ เพชรบูรณ์ 67170,สำนักงานเกษตรจังหวัดเพชรบูรณ์,คลองกระจัง
3861,2568,ศรีเทพ,วิสาหกิจชุมชนกลุ่มเลี้ยงแพะแกะบ้านคลองดู่,เลขที่ 43 หมู่ 11 ตำบลคลองกระจัง อำเภอศรีเทพ เพชรบูรณ์ 67170,สำนักงานเกษตรจังหวัดเพชรบูรณ์,คลองกระจัง
3862,2568,ศรีเทพ,วิสาหกิจชุมชนแปรรูปปลาบ้านวังขอน ต.คลองกระจัง อ.ศรีเทพ,เลขที่ 12 หมู่ 18 ตำบลคลองกระจัง อำเภอศรีเทพ เพชรบูรณ์ 67170,สำนักงานเกษตรจังหวัดเพชรบูรณ์,คลองกระจัง
3863,2568,ศรีเทพ,วิสาหกิจชุมชนเกษตรแปรรูป หมู่ 9 ตำบลคลองกระจัง,เลขที่ 37 ตำบลคลองกระจัง อำเภอศรีเทพ เพชรบูรณ์ 67170,สำนักงานเกษตรจังหวัดเพชรบูรณ์,คลองกระจัง
3864,2568,ศรีเทพ,วิสาหกิจชุมชนบ้านโคกสุขร่วมใจ,เลขที่ 22 หมู่ที่ 7 ตำบลคลองกระจัง อำเภอศรีเทพ เพชรบูรณ์ 67170,สำนักงานเกษตรจังหวัดเพชรบูรณ์,คลองกระจัง
3865,2568,ศรีเทพ,วิสาหกิจชุมชนเกษตรและเลี้ยงสัตว์,เลขที่ 41 หมู่ 20 ตำบลนาสนุ่น อำเภอศรีเทพ เพชรบูรณ์ 67170,สำนักงานเกษตรจังหวัดเพชรบูรณ์,นาสนุ่น
3866,2568,ศรีเทพ,วิสาหกิจชุมชนธูปหอมมงคลเศรษฐี,เลขที่ 222 หมู่ 18 ถนนสระบุรี-หล่มสัก ตำบลนาสนุ่น อำเภอศรีเทพ เพชรบูรณ์ 67170,สำนักงานเกษตรจังหวัดเพชรบูรณ์,นาสนุ่น
3867,2568,ศรีเทพ,วิสาหกิจชุมชนผู้เลี้ยงแพะ-แกะตำบลนาสนุ่น,เลขที่ 138 หมู่ 12 ตำบลนาสนุ่น อำเภอศรีเทพ เพชรบูรณ์ 67170,สำนักงานเกษตรจังหวัดเพชรบูรณ์,นาสนุ่น
3868,2568,ศรีเทพ,วิสาหกิจชุมชนกลุ่มพัฒนาอาชีพสตรีกล้วยน้ำว้านาสนุ่น หมู่1,เลขที่ 95 หมู่ 1 ตำบลนาสนุ่น อำเภอศรีเทพ เพชรบูรณ์ 67170,สำนักงานเกษตรจังหวัดเพชรบูรณ์,นาสนุ่น
3869,2568,ศรีเทพ,วิสาหกิจชุมชนกลุ่มทอผ้าบ้านเนินละคร หมู่12,เลขที่ 9 หมู่ 12 ตำบลนาสนุ่น อำเภอศรีเทพ เพชรบูรณ์ 67170,สำนักงานเกษตรจังหวัดเพชรบูรณ์,นาสนุ่น
3870,2568,ศรีเทพ,วิสาหกิจชุมชนกลุ่มเลี้ยงแพะแกะเนินละคร,เลขที่ 121 หมู่ 12 ตำบลนาสนุ่น อำเภอศรีเทพ เพชรบูรณ์ 67170,สำนักงานเกษตรจังหวัดเพชรบูรณ์,นาสนุ่น
3871,2568,ศรีเทพ,วิสาหกิจชุมชนกลุ่มปลาตะเพียนขาว,เลขที่ 41 หมู่ 20 ตำบลนาสนุ่น อำเภอศรีเทพ เพชรบูรณ์ 67170,สำนักงานเกษตรจังหวัดเพชรบูรณ์,นาสนุ่น
3872,2568,ศรีเทพ,วิสาหกิจชุมชนผู้ปลูกข้าว ม.5 ต.นาสนุ่น อ.ศรีเทพ,เลขที่ 210 หมู่ 5 ตำบลนาสนุ่น อำเภอศรีเทพ เพชรบูรณ์ 67170,สำนักงานเกษตรจังหวัดเพชรบูรณ์,นาสนุ่น
3873,2568,ศรีเทพ,วิสาหกิจชุมชนผู้เลี้ยงโคขุนบ้านนาสนุ่น,เลขที่ 36 หมู่ 3 ตำบลนาสนุ่น อำเภอศรีเทพ เพชรบูรณ์ 67170,สำนักงานเกษตรจังหวัดเพชรบูรณ์,นาสนุ่น
3874,2568,ศรีเทพ,วิสาหกิจชุมชนแปลงใหญ่ข้าวกลุ่มเกษตรกรทำนานาสนุ่น,เลขที่ 99/9 หมู่ 7 ตำบลนาสนุ่น อำเภอศรีเทพ เพชรบูรณ์ 67170,สำนักงานเกษตรจังหวัดเพชรบูรณ์,นาสนุ่น
3875,2568,ศรีเทพ,วิสาหกิจชุมชนกลุ่มเลี้ยงไส้เดือนบ้านเนินละคร,เลขที่ 21/1 หมู่ 12 ตำบลนาสนุ่น อำเภอศรีเทพ เพชรบูรณ์ 67170,สำนักงานเกษตรจังหวัดเพชรบูรณ์,นาสนุ่น
3876,2568,ศรีเทพ,วิสาหกิจชุมชนหัตถกรรมตำบลนาสนุ่น,เลขที่ 94 หมู่ที่ 1 ตำบลนาสนุ่น อำเภอศรีเทพ เพชรบูรณ์ 67170,สำนักงานเกษตรจังหวัดเพชรบูรณ์,นาสนุ่น
3877,2568,ศรีเทพ,วิสาหกิจชุมชนแปรรูปสมุนไพรศรีเทพเมืองมรดกโลก,เลขที่ 1 หมู่ 21 ตำบลนาสนุ่น อำเภอศรีเทพ เพชรบูรณ์ 67170,สำนักงานเกษตรจังหวัดเพชรบูรณ์,นาสนุ่น
3878,2568,ศรีเทพ,วิสาหกิจชุมชนแปรรูปอาหารปลอดสารพิษ,เลขที่ 7 หมู่ 5 ถนนสระบุรี-หล่มสัก ตำบลโคกสะอาด อำเภอศรีเทพ เพชรบูรณ์ 67170,สำนักงานเกษตรจังหวัดเพชรบูรณ์,โคกสะอาด
3879,2568,ศรีเทพ,วิสาหกิจชุมชนเลี้ยงแพะสะอาดดูงาม,เลขที่ 30 หมู่ 10 ตำบลโคกสะอาด อำเภอศรีเทพ เพชรบูรณ์ 67170,สำนักงานเกษตรจังหวัดเพชรบูรณ์,โคกสะอาด
3880,2568,ศรีเทพ,วิสาหกิจชุมชนศรีเทพมรดกโลกตะกร้าหวายโคกสะอาด,เลขที่ ศาลาประชาคม หมู่ 1 ตำบลโคกสะอาด อำเภอศรีเทพ เพชรบูรณ์ 67170,สำนักงานเกษตรจังหวัดเพชรบูรณ์,โคกสะอาด
3881,2568,ศรีเทพ,วิสาหกิจชุมชนนวดเพื่อสุขภาพศรีเทพเมืองมรดกโลก,เลขที่ 14 หมู่ 3 ตำบลโคกสะอาด อำเภอศรีเทพ เพชรบูรณ์ 67170,สำนักงานเกษตรจังหวัดเพชรบูรณ์,โคกสะอาด
3882,2568,ศรีเทพ,วิสาหกิจชุมชนปลูกพืชผักปลอดภัย (ซับเพิก),เลขที่ 16 หมู่ 6 ตำบลหนองย่างทอย อำเภอศรีเทพ เพชรบูรณ์ 67170,สำนักงานเกษตรจังหวัดเพชรบูรณ์,หนองย่างทอย
3883,2568,ศรีเทพ,วิสาหกิจชุมชนกลุ่มเกษตรวิถีใหม่ผสมผสาน ต.หนองย่างทอย,เลขที่ 46 หมู่ 12 ตำบลหนองย่างทอย อำเภอศรีเทพ เพชรบูรณ์ 67170,สำนักงานเกษตรจังหวัดเพชรบูรณ์,หนองย่างทอย
3884,2568,ศรีเทพ,วิสาหกิจชุมชนกลุ่มกล้วยแปรรูปประดู่งาม,เลขที่ 12 หมู่ 5 ตำบลประดู่งาม อำเภอศรีเทพ เพชรบูรณ์ 67170,สำนักงานเกษตรจังหวัดเพชรบูรณ์,ประดู่งาม
3885,2568,ศรีเทพ,วิสาหกิจชุมชนศรีเทพออร์แกนิค,เลขที่ 14/1 หมู่ 5 ตำบลประดู่งาม อำเภอศรีเทพ เพชรบูรณ์ 67170,สำนักงานเกษตรจังหวัดเพชรบูรณ์,ประดู่งาม
3886,2568,ศรีเทพ,วิสาหกิจชุมชนธงทอง เศรษฐกิจพอเพียงด้านพลังงานทดแทน,เลขที่ 12/1 หมู่ 5 ตำบลประดู่งาม อำเภอศรีเทพ เพชรบูรณ์ 67170,สำนักงานเกษตรจังหวัดเพชรบูรณ์,ประดู่งาม
3887,2568,ศรีเทพ,วิสาหกิจชุมชนไร่มีสุข,เลขที่ 124 หมู่ 7 ตำบลประดู่งาม อำเภอศรีเทพ เพชรบูรณ์ 67170,สำนักงานเกษตรจังหวัดเพชรบูรณ์,ประดู่งาม
3888,2568,ศรีเทพ,วิสาหกิจชุมชนสวนธารสวรรค์คอนเซ็ปต์สตูดิโอ,เลขที่ 113/1 หมู่ 4 ตำบลประดู่งาม อำเภอศรีเทพ เพชรบูรณ์ 67170,สำนักงานเกษตรจังหวัดเพชรบูรณ์,ประดู่งาม
