payment_id,grant_case_id,child_citizen_id,child_first_name,child_last_name,child_gender,child_birth_date,guardian_citizen_id,guardian_first_name,guardian_last_name,guardian_relationship,application_date,approval_date,entitlement_start_date,payment_date,payment_round,payment_amount,payment_status,payment_method,household_member_count,household_income_per_capita,registration_channel,province,district,agency
NCGPAY00099,NCG00099,4492446098303,มนัสวี,พิพัฒน์กุล,ชาย,2020-01-21,1036515935046,ศิรินภา,สุทธิวงศ์,มารดา,2020-04-06,2020-04-22,2020-04-22,2020-05-13,1,600,จ่ายสำเร็จ,พร้อมเพย์,5,10750,เจ้าหน้าที่ช่วยลงทะเบียน,ลพบุรี,หนองกลาง,สำนักงานพัฒนาสังคมและความมั่นคงของมนุษย์จังหวัดลพบุรี
NCGPAY00158,NCG00158,8721260273856,ชนน,วงศ์คำ,ชาย,2020-04-10,3603492326659,วนิดา,วงศ์คำ,ผู้ปกครองโดยชอบด้วยกฎหมาย,2020-05-10,2020-05-27,2020-05-27,2020-05-28,1,600,จ่ายสำเร็จ,พร้อมเพย์,5,4500,หน่วยบริการเคลื่อนที่,ชลบุรี,บางละมุง,สำนักงานพัฒนาสังคมและความมั่นคงของมนุษย์จังหวัดชลบุรี
NCGPAY00499,NCG00099,4492446098303,มนัสวี,พิพัฒน์กุล,ชาย,2020-01-21,1036515935046,ศิรินภา,สุทธิวงศ์,มารดา,2020-04-06,2020-04-22,2020-04-22,2020-06-12,2,600,จ่ายสำเร็จ,พร้อมเพย์,5,10750,เจ้าหน้าที่ช่วยลงทะเบียน,ลพบุรี,หนองกลาง,สำนักงานพัฒนาสังคมและความมั่นคงของมนุษย์จังหวัดลพบุรี
NCGPAY00244,NCG00244,4669274952659,เบญจพร,สิงห์ทอง,ชาย,2020-04-26,5874525905810,ชนิดา,เกิดผล,มารดา,2020-06-08,2020-06-28,2020-06-28,2020-06-28,1,600,จ่ายสำเร็จ,พร้อมเพย์,3,6500,ลงทะเบียน ณ หน่วยรับลงทะเบียน,พิษณุโลก,หนองกลาง,สำนักงานพัฒนาสังคมและความมั่นคงของมนุษย์จังหวัดพิษณุโลก
NCGPAY00354,NCG00158,8721260273856,ชนน,วงศ์คำ,ชาย,2020-04-10,3603492326659,วนิดา,วงศ์คำ,ผู้ปกครองโดยชอบด้วยกฎหมาย,2020-05-10,2020-05-27,2020-05-27,2020-06-30,2,600,จ่ายสำเร็จ,โอนเข้าบัญชีธนาคาร,5,4500,หน่วยบริการเคลื่อนที่,ชลบุรี,บางละมุง,สำนักงานพัฒนาสังคมและความมั่นคงของมนุษย์จังหวัดชลบุรี
NCGPAY00037,NCG00037,8310191384723,ชนิดา,วงศ์คำ,ชาย,2020-02-03,4183267553743,อาทิตยา,ประเสริฐศรี,มารดา,2020-06-08,2020-07-07,2020-07-07,2020-07-10,1,600,จ่ายสำเร็จ,โอนเข้าบัญชีธนาคาร,2,7500,ระบบออนไลน์,นครสวรรค์,เมือง,สำนักงานพัฒนาสังคมและความมั่นคงของมนุษย์จังหวัดนครสวรรค์
NCGPAY00359,NCG00158,8721260273856,ชนน,วงศ์คำ,ชาย,2020-04-10,3603492326659,วนิดา,วงศ์คำ,ผู้ปกครองโดยชอบด้วยกฎหมาย,2020-05-10,2020-05-27,2020-05-27,2020-08-03,3,600,จ่ายสำเร็จ,โอนเข้าบัญชีธนาคาร,5,4500,หน่วยบริการเคลื่อนที่,ชลบุรี,บางละมุง,สำนักงานพัฒนาสังคมและความมั่นคงของมนุษย์จังหวัดชลบุรี
NCGPAY00173,NCG00173,3143859781531,อชิระ,พิทักษ์วงศ์,ชาย,2020-05-23,8044951151222,จักรพันธ์,ทองดี,มารดา,2020-06-28,2020-07-09,2020-07-09,2020-08-07,1,600,จ่ายสำเร็จ,โอนเข้าบัญชีธนาคาร,3,11750,เจ้าหน้าที่ช่วยลงทะเบียน,บุรีรัมย์,ศรีพัฒนา,สำนักงานพัฒนาสังคมและความมั่นคงของมนุษย์จังหวัดบุรีรัมย์
NCGPAY00159,NCG00159,1698987571443,ชยพล,รุ่งเรือง,หญิง,2020-03-16,5082134925681,ศุภลักษณ์,ประเสริฐศรี,มารดา,2020-07-10,2020-08-03,2020-08-03,2020-08-10,1,600,จ่ายสำเร็จ,โอนเข้าบัญชีธนาคาร,7,4500,หน่วยบริการเคลื่อนที่,นครสวรรค์,ศรีพัฒนา,สำนักงานพัฒนาสังคมและความมั่นคงของมนุษย์จังหวัดนครสวรรค์
NCGPAY00163,NCG00163,4399706834036,กัลยา,ยอดแก้ว,ชาย,2020-04-25,8406261415457,รัตนา,จำปาแก้ว,บิดา,2020-08-09,2020-08-16,2020-08-16,2020-09-03,1,600,จ่ายสำเร็จ,โอนเข้าบัญชีธนาคาร,6,7250,หน่วยบริการเคลื่อนที่,พิษณุโลก,ทุ่งสุข,สำนักงานพัฒนาสังคมและความมั่นคงของมนุษย์จังหวัดพิษณุโลก
NCGPAY00162,NCG00162,1620065429781,อชิระ,สุขใจ,หญิง,2020-01-25,1744431001222,กัญญารัตน์,เรืองฤทธิ์,บิดา,2020-07-19,2020-08-16,2020-08-16,2020-09-07,1,600,จ่ายสำเร็จ,โอนเข้าบัญชีธนาคาร,7,6000,ระบบออนไลน์,นนทบุรี,บางบัวทอง,สำนักงานพัฒนาสังคมและความมั่นคงของมนุษย์จังหวัดนนทบุรี
NCGPAY00093,NCG00093,2990806311485,อัครเดช,มีทรัพย์,ชาย,2020-04-27,1405711392683,พรทิพย์,นิ่มนวล,มารดา,2020-07-23,2020-08-07,2020-08-07,2020-09-08,1,600,จ่ายสำเร็จ,โอนเข้าบัญชีธนาคาร,7,9000,ระบบออนไลน์,จันทบุรี,เมือง,สำนักงานพัฒนาสังคมและความมั่นคงของมนุษย์จังหวัดจันทบุรี
NCGPAY00310,NCG00159,1698987571443,ชยพล,รุ่งเรือง,หญิง,2020-03-16,5082134925681,ศุภลักษณ์,ประเสริฐศรี,มารดา,2020-07-10,2020-08-03,2020-08-03,2020-09-09,2,600,จ่ายสำเร็จ,โอนเข้าบัญชีธนาคาร,7,4500,หน่วยบริการเคลื่อนที่,นครสวรรค์,ศรีพัฒนา,สำนักงานพัฒนาสังคมและความมั่นคงของมนุษย์จังหวัดนครสวรรค์
NCGPAY00254,NCG00254,7266682994163,วชิรวิทย์,ตั้งมั่น,ชาย,2020-06-14,6039680477966,ธิดารัตน์,ทองอินทร์,บิดา,2020-08-18,2020-09-07,2020-09-07,2020-09-17,1,600,จ่ายสำเร็จ,โอนเข้าบัญชีธนาคาร,5,15000,หน่วยบริการเคลื่อนที่,ปราจีนบุรี,ทุ่งสุข,สำนักงานพัฒนาสังคมและความมั่นคงของมนุษย์จังหวัดปราจีนบุรี
NCGPAY00047,NCG00047,3621235436062,พีรวิชญ์,วงศ์คำ,หญิง,2020-07-08,8717661282487,พิมพ์ชนก,คงมั่น,มารดา,2020-08-29,2020-09-19,2020-09-19,2020-09-20,1,600,จ่ายสำเร็จ,โอนเข้าบัญชีธนาคาร,4,12000,ลงทะเบียน ณ หน่วยรับลงทะเบียน,สกลนคร,บ้านใหม่,สำนักงานพัฒนาสังคมและความมั่นคงของมนุษย์จังหวัดสกลนคร
NCGPAY00138,NCG00138,8663551263876,ธิดารัตน์,พูนทรัพย์,หญิง,2020-02-25,7456596735218,ชนิดา,บุญส่ง,มารดา,2020-08-21,2020-09-19,2020-09-19,2020-09-21,1,600,จ่ายสำเร็จ,โอนเข้าบัญชีธนาคาร,5,9750,ระบบออนไลน์,เชียงใหม่,สันทราย,สำนักงานพัฒนาสังคมและความมั่นคงของมนุษย์จังหวัดเชียงใหม่
NCGPAY00120,NCG00120,3879640882302,ธนกฤต,วิริยะกุล,ชาย,2020-04-16,5565278476865,วชิรวิทย์,วงศ์คำ,มารดา,2020-08-31,2020-09-11,2020-09-11,2020-10-08,1,600,จ่ายสำเร็จ,โอนเข้าบัญชีธนาคาร,2,2500,ลงทะเบียน ณ หน่วยรับลงทะเบียน,อุดรธานี,เมือง,สำนักงานพัฒนาสังคมและความมั่นคงของมนุษย์จังหวัดอุดรธานี
NCGPAY00297,NCG00093,2990806311485,อัครเดช,มีทรัพย์,ชาย,2020-04-27,1405711392683,พรทิพย์,นิ่มนวล,มารดา,2020-07-23,2020-08-07,2020-08-07,2020-10-12,2,600,จ่ายสำเร็จ,พร้อมเพย์,7,9000,ระบบออนไลน์,จันทบุรี,เมือง,สำนักงานพัฒนาสังคมและความมั่นคงของมนุษย์จังหวัดจันทบุรี
NCGPAY00337,NCG00162,1620065429781,อชิระ,สุขใจ,หญิง,2020-01-25,1744431001222,กัญญารัตน์,เรืองฤทธิ์,บิดา,2020-07-19,2020-08-16,2020-08-16,2020-10-12,2,600,จ่ายสำเร็จ,โอนเข้าบัญชีธนาคาร,7,6000,ระบบออนไลน์,นนทบุรี,บางบัวทอง,สำนักงานพัฒนาสังคมและความมั่นคงของมนุษย์จังหวัดนนทบุรี
NCGPAY00125,NCG00125,6378855742538,พชรพล,บุญมี,ชาย,2020-08-25,4216914983110,เกศรินทร์,อ่อนละมุน,บิดา,2020-10-12,2020-10-17,2020-10-17,2020-10-18,1,600,จ่ายสำเร็จ,พร้อมเพย์,3,12000,ระบบออนไลน์,แพร่,ศรีพัฒนา,สำนักงานพัฒนาสังคมและความมั่นคงของมนุษย์จังหวัดแพร่
NCGPAY00189,NCG00189,8060391396078,ณฐกร,บัวทอง,หญิง,2020-01-22,7231642354347,พิมพ์ชนก,ธรรมรักษ์,มารดา,2020-09-01,2020-09-18,2020-09-18,2020-10-19,1,600,จ่ายสำเร็จ,โอนเข้าบัญชีธนาคาร,3,7750,หน่วยบริการเคลื่อนที่,ตรัง,หนองกลาง,สำนักงานพัฒนาสังคมและความมั่นคงของมนุษย์จังหวัดตรัง
NCGPAY00425,NCG00254,7266682994163,วชิรวิทย์,ตั้งมั่น,ชาย,2020-06-14,6039680477966,ธิดารัตน์,ทองอินทร์,บิดา,2020-08-18,2020-09-07,2020-09-07,2020-10-21,2,600,จ่ายสำเร็จ,โอนเข้าบัญชีธนาคาร,5,15000,หน่วยบริการเคลื่อนที่,ปราจีนบุรี,ทุ่งสุข,สำนักงานพัฒนาสังคมและความมั่นคงของมนุษย์จังหวัดปราจีนบุรี
NCGPAY00395,NCG00047,3621235436062,พีรวิชญ์,วงศ์คำ,หญิง,2020-07-08,8717661282487,พิมพ์ชนก,คงมั่น,มารดา,2020-08-29,2020-09-19,2020-09-19,2020-10-23,2,600,จ่ายสำเร็จ,พร้อมเพย์,4,12000,ลงทะเบียน ณ หน่วยรับลงทะเบียน,สกลนคร,บ้านใหม่,สำนักงานพัฒนาสังคมและความมั่นคงของมนุษย์จังหวัดสกลนคร
NCGPAY00055,NCG00055,8771635947501,นราวิชญ์,มั่นคง,หญิง,2020-05-17,2763325602835,ณัฐวุฒิ,สุขใจ,บิดา,2020-09-16,2020-09-24,2020-09-24,2020-10-25,1,1800,จ่ายย้อนหลังรวมหลายงวด,โอนเข้าบัญชีธนาคาร,4,2000,ระบบออนไลน์,ขอนแก่น,บ้านไผ่,สำนักงานพัฒนาสังคมและความมั่นคงของมนุษย์จังหวัดขอนแก่น
NCGPAY00279,NCG00279,6162381483215,นันทนา,เข็มทอง,หญิง,2020-08-28,2351403231447,พรทิพย์,สุทธิวงศ์,มารดา,2020-09-17,2020-10-17,2020-10-17,2020-10-27,1,600,จ่ายสำเร็จ,โอนเข้าบัญชีธนาคาร,5,11750,ระบบออนไลน์,ชลบุรี,ศรีราชา,สำนักงานพัฒนาสังคมและความมั่นคงของมนุษย์จังหวัดชลบุรี
NCGPAY00375,NCG00120,3879640882302,ธนกฤต,วิริยะกุล,ชาย,2020-04-16,5565278476865,วชิรวิทย์,วงศ์คำ,มารดา,2020-08-31,2020-09-11,2020-09-11,2020-11-05,2,600,จ่ายสำเร็จ,พร้อมเพย์,2,2500,ลงทะเบียน ณ หน่วยรับลงทะเบียน,อุดรธานี,เมือง,สำนักงานพัฒนาสังคมและความมั่นคงของมนุษย์จังหวัดอุดรธานี
NCGPAY00316,NCG00093,2990806311485,อัครเดช,มีทรัพย์,ชาย,2020-04-27,1405711392683,พรทิพย์,นิ่มนวล,มารดา,2020-07-23,2020-08-07,2020-08-07,2020-11-13,3,600,จ่ายสำเร็จ,พร้อมเพย์,7,9000,ระบบออนไลน์,จันทบุรี,เมือง,สำนักงานพัฒนาสังคมและความมั่นคงของมนุษย์จังหวัดจันทบุรี
NCGPAY00129,NCG00129,3153053576213,ธนดล,สุนทรวงศ์,ชาย,2020-02-10,4649540570562,ปวีณา,กุลวงศ์,บิดา,2020-10-04,2020-10-22,2020-10-22,2020-11-16,1,600,จ่ายสำเร็จ,พร้อมเพย์,4,8750,เจ้าหน้าที่ช่วยลงทะเบียน,สงขลา,เมืองสงขลา,สำนักงานพัฒนาสังคมและความมั่นคงของมนุษย์จังหวัดสงขลา
NCGPAY00149,NCG00149,3402808904127,วราภรณ์,วงศ์คำ,หญิง,2020-08-12,3204662753417,พัชราภา,สิงห์ทอง,มารดา,2020-10-31,2020-11-04,2020-11-04,2020-11-19,1,600,จ่ายสำเร็จ,โอนเข้าบัญชีธนาคาร,5,7500,ลงทะเบียน ณ หน่วยรับลงทะเบียน,สุพรรณบุรี,คลองใหม่,สำนักงานพัฒนาสังคมและความมั่นคงของมนุษย์จังหวัดสุพรรณบุรี
NCGPAY00481,NCG00047,3621235436062,พีรวิชญ์,วงศ์คำ,หญิง,2020-07-08,8717661282487,พิมพ์ชนก,คงมั่น,มารดา,2020-08-29,2020-09-19,2020-09-19,2020-11-27,3,600,จ่ายสำเร็จ,พร้อมเพย์,4,12000,ลงทะเบียน ณ หน่วยรับลงทะเบียน,สกลนคร,บ้านใหม่,สำนักงานพัฒนาสังคมและความมั่นคงของมนุษย์จังหวัดสกลนคร
NCGPAY00403,NCG00279,6162381483215,นันทนา,เข็มทอง,หญิง,2020-08-28,2351403231447,พรทิพย์,สุทธิวงศ์,มารดา,2020-09-17,2020-10-17,2020-10-17,2020-11-29,2,600,จ่ายสำเร็จ,พร้อมเพย์,5,11750,ระบบออนไลน์,ชลบุรี,ศรีราชา,สำนักงานพัฒนาสังคมและความมั่นคงของมนุษย์จังหวัดชลบุรี
NCGPAY00277,NCG00277,1832015363981,อริสรา,ทองดี,หญิง,2020-08-15,4852705255490,ศิริพร,ชูศรี,บิดา,2020-10-11,2020-11-04,2020-11-04,2020-12-05,1,600,จ่ายสำเร็จ,โอนเข้าบัญชีธนาคาร,7,13000,หน่วยบริการเคลื่อนที่,อุดรธานี,คลองใหม่,สำนักงานพัฒนาสังคมและความมั่นคงของมนุษย์จังหวัดอุดรธานี
NCGPAY00234,NCG00234,6154240759810,ภูวดล,ไชยวงศ์,ชาย,2020-09-03,8855215539128,ศุภชัย,ยอดแก้ว,มารดา,2020-10-11,2020-11-09,2020-11-09,2020-12-11,1,600,จ่ายสำเร็จ,โอนเข้าบัญชีธนาคาร,7,15000,ระบบออนไลน์,พัทลุง,คลองใหม่,สำนักงานพัฒนาสังคมและความมั่นคงของมนุษย์จังหวัดพัทลุง
NCGPAY00429,NCG00129,3153053576213,ธนดล,สุนทรวงศ์,ชาย,2020-02-10,4649540570562,ปวีณา,กุลวงศ์,บิดา,2020-10-04,2020-10-22,2020-10-22,2020-12-18,2,600,จ่ายสำเร็จ,พร้อมเพย์,4,8750,เจ้าหน้าที่ช่วยลงทะเบียน,สงขลา,เมืองสงขลา,สำนักงานพัฒนาสังคมและความมั่นคงของมนุษย์จังหวัดสงขลา
NCGPAY00260,NCG00260,4046911018989,วชิรวิทย์,พูนทรัพย์,หญิง,2020-09-17,3878180074134,กิตติพงศ์,บุญเกิด,ผู้ปกครองโดยชอบด้วยกฎหมาย,2020-11-25,2020-12-25,2020-12-25,2021-01-02,1,600,จ่ายสำเร็จ,พร้อมเพย์,2,14500,ระบบออนไลน์,ลำปาง,ศรีพัฒนา,สำนักงานพัฒนาสังคมและความมั่นคงของมนุษย์จังหวัดลำปาง
NCGPAY00463,NCG00277,1832015363981,อริสรา,ทองดี,หญิง,2020-08-15,4852705255490,ศิริพร,ชูศรี,บิดา,2020-10-11,2020-11-04,2020-11-04,2021-01-04,2,600,จ่ายสำเร็จ,โอนเข้าบัญชีธนาคาร,7,13000,หน่วยบริการเคลื่อนที่,อุดรธานี,คลองใหม่,สำนักงานพัฒนาสังคมและความมั่นคงของมนุษย์จังหวัดอุดรธานี
NCGPAY00185,NCG00185,8947118853604,ณฐกร,สุนทรวงศ์,หญิง,2020-06-16,5070553985800,ศิวกร,ภูมิใจ,มารดา,2020-11-22,2020-12-11,2020-12-11,2021-01-06,1,600,จ่ายสำเร็จ,โอนเข้าบัญชีธนาคาร,5,9000,เจ้าหน้าที่ช่วยลงทะเบียน,นนทบุรี,บางใหญ่,สำนักงานพัฒนาสังคมและความมั่นคงของมนุษย์จังหวัดนนทบุรี
NCGPAY00057,NCG00057,6631677191388,ปุณณภา,พิทักษ์วงศ์,หญิง,2020-07-07,3712589832646,ชยพล,เกษมสุข,มารดา,2020-11-11,2020-12-06,2020-12-06,2021-01-08,1,600,จ่ายสำเร็จ,โอนเข้าบัญชีธนาคาร,5,8750,ระบบออนไลน์,นครสวรรค์,ศรีพัฒนา,สำนักงานพัฒนาสังคมและความมั่นคงของมนุษย์จังหวัดนครสวรรค์
NCGPAY00302,NCG00234,6154240759810,ภูวดล,ไชยวงศ์,ชาย,2020-09-03,8855215539128,ศุภชัย,ยอดแก้ว,มารดา,2020-10-11,2020-11-09,2020-11-09,2021-01-11,2,600,จ่ายสำเร็จ,โอนเข้าบัญชีธนาคาร,7,15000,ระบบออนไลน์,พัทลุง,คลองใหม่,สำนักงานพัฒนาสังคมและความมั่นคงของมนุษย์จังหวัดพัทลุง
NCGPAY00112,NCG00112,3615783861595,ภาคิน,ชัยมงคล,ชาย,2020-07-09,3150521013473,วรัญญา,พิทักษ์วงศ์,มารดา,2020-12-21,2020-12-29,2020-12-29,2021-01-19,1,1800,จ่ายย้อนหลังรวมหลายงวด,โอนเข้าบัญชีธนาคาร,6,7500,ลงทะเบียน ณ หน่วยรับลงทะเบียน,พระนครศรีอยุธยา,เมือง,สำนักงานพัฒนาสังคมและความมั่นคงของมนุษย์จังหวัดพระนครศรีอยุธยา
NCGPAY00229,NCG00229,7739968094391,สุภาวดี,ธนากุล,ชาย,2020-06-23,8630586817476,กิตติพงศ์,ใจดี,มารดา,2020-12-15,2021-01-06,2021-01-06,2021-01-19,1,1800,จ่ายย้อนหลังรวมหลายงวด,โอนเข้าบัญชีธนาคาร,5,3750,ระบบออนไลน์,สมุทรสาคร,ศรีพัฒนา,สำนักงานพัฒนาสังคมและความมั่นคงของมนุษย์จังหวัดสมุทรสาคร
NCGPAY00015,NCG00015,6383107628677,ศุภลักษณ์,ชูศรี,หญิง,2020-11-25,2688860530653,กมลชนก,รุ่งเรือง,ผู้ปกครองโดยชอบด้วยกฎหมาย,2021-01-12,2021-01-24,2021-01-24,2021-01-30,1,600,จ่ายสำเร็จ,โอนเข้าบัญชีธนาคาร,7,4500,หน่วยบริการเคลื่อนที่,ปทุมธานี,ลำลูกกา,สำนักงานพัฒนาสังคมและความมั่นคงของมนุษย์จังหวัดปทุมธานี
NCGPAY00471,NCG00277,1832015363981,อริสรา,ทองดี,หญิง,2020-08-15,4852705255490,ศิริพร,ชูศรี,บิดา,2020-10-11,2020-11-04,2020-11-04,2021-02-03,3,600,จ่ายสำเร็จ,พร้อมเพย์,7,13000,หน่วยบริการเคลื่อนที่,อุดรธานี,คลองใหม่,สำนักงานพัฒนาสังคมและความมั่นคงของมนุษย์จังหวัดอุดรธานี
NCGPAY00324,NCG00234,6154240759810,ภูวดล,ไชยวงศ์,ชาย,2020-09-03,8855215539128,ศุภชัย,ยอดแก้ว,มารดา,2020-10-11,2020-11-09,2020-11-09,2021-02-10,3,600,จ่ายสำเร็จ,โอนเข้าบัญชีธนาคาร,7,15000,ระบบออนไลน์,พัทลุง,คลองใหม่,สำนักงานพัฒนาสังคมและความมั่นคงของมนุษย์จังหวัดพัทลุง
NCGPAY00356,NCG00057,6631677191388,ปุณณภา,พิทักษ์วงศ์,หญิง,2020-07-07,3712589832646,ชยพล,เกษมสุข,มารดา,2020-11-11,2020-12-06,2020-12-06,2021-02-10,2,600,จ่ายสำเร็จ,โอนเข้าบัญชีธนาคาร,5,8750,ระบบออนไลน์,นครสวรรค์,ศรีพัฒนา,สำนักงานพัฒนาสังคมและความมั่นคงของมนุษย์จังหวัดนครสวรรค์
NCGPAY00034,NCG00034,8147042507422,นิตยา,โพธิ์ทอง,ชาย,2020-06-06,6495612992918,พัชราภา,นิลแก้ว,บิดา,2020-12-28,2021-01-13,2021-01-13,2021-02-15,1,600,จ่ายสำเร็จ,โอนเข้าบัญชีธนาคาร,3,7250,ระบบออนไลน์,สงขลา,สะเดา,สำนักงานพัฒนาสังคมและความมั่นคงของมนุษย์จังหวัดสงขลา
NCGPAY00483,NCG00112,3615783861595,ภาคิน,ชัยมงคล,ชาย,2020-07-09,3150521013473,วรัญญา,พิทักษ์วงศ์,มารดา,2020-12-21,2020-12-29,2020-12-29,2021-02-19,2,600,จ่ายสำเร็จ,โอนเข้าบัญชีธนาคาร,6,7500,ลงทะเบียน ณ หน่วยรับลงทะเบียน,พระนครศรีอยุธยา,เมือง,สำนักงานพัฒนาสังคมและความมั่นคงของมนุษย์จังหวัดพระนครศรีอยุธยา
NCGPAY00026,NCG00026,4543437896570,กัญญารัตน์,มีทรัพย์,หญิง,2020-07-20,7714071128675,อภิญญา,พรมศรี,บิดา,2020-12-29,2021-01-18,2021-01-18,2021-02-21,1,600,จ่ายสำเร็จ,โอนเข้าบัญชีธนาคาร,2,2000,หน่วยบริการเคลื่อนที่,นครราชสีมา,ปากช่อง,สำนักงานพัฒนาสังคมและความมั่นคงของมนุษย์จังหวัดนครราชสีมา
NCGPAY00106,NCG00106,8601658106211,ธนภัทร,ศรีสง่า,หญิง,2020-09-19,8561834889023,ศิรินภา,เมืองแก้ว,มารดา,2021-02-02,2021-02-10,2021-02-10,2021-02-26,1,600,จ่ายสำเร็จ,โอนเข้าบัญชีธนาคาร,5,5750,ลงทะเบียน ณ หน่วยรับลงทะเบียน,นครศรีธรรมราช,คลองใหม่,สำนักงานพัฒนาสังคมและความมั่นคงของมนุษย์จังหวัดนครศรีธรรมราช
NCGPAY00290,NCG00015,6383107628677,ศุภลักษณ์,ชูศรี,หญิง,2020-11-25,2688860530653,กมลชนก,รุ่งเรือง,ผู้ปกครองโดยชอบด้วยกฎหมาย,2021-01-12,2021-01-24,2021-01-24,2021-03-01,2,600,จ่ายสำเร็จ,โอนเข้าบัญชีธนาคาร,7,4500,หน่วยบริการเคลื่อนที่,ปทุมธานี,ลำลูกกา,สำนักงานพัฒนาสังคมและความมั่นคงของมนุษย์จังหวัดปทุมธานี
NCGPAY00257,NCG00257,6261496688331,ณัฐธิดา,แสงเพชร,หญิง,2021-01-01,8264653465243,จิราภรณ์,บัวแก้ว,บิดา,2021-02-11,2021-02-27,2021-02-27,2021-03-03,1,600,จ่ายสำเร็จ,โอนเข้าบัญชีธนาคาร,6,2250,เจ้าหน้าที่ช่วยลงทะเบียน,นราธิวาส,คลองใหม่,สำนักงานพัฒนาสังคมและความมั่นคงของมนุษย์จังหวัดนราธิวาส
NCGPAY00061,NCG00061,4598003894962,สุชาดา,วัฒนชัย,หญิง,2020-07-10,7226775044319,วรัญญา,บุญเกิด,มารดา,2021-01-26,2021-02-08,2021-02-08,2021-03-05,1,600,จ่ายสำเร็จ,โอนเข้าบัญชีธนาคาร,3,10250,หน่วยบริการเคลื่อนที่,ฉะเชิงเทรา,หนองกลาง,สำนักงานพัฒนาสังคมและความมั่นคงของมนุษย์จังหวัดฉะเชิงเทรา
NCGPAY00259,NCG00259,7217531176802,นราวิชญ์,สวัสดิผล,หญิง,2020-07-19,4342312054167,นภัสสร,นาคทอง,บิดา,2021-02-02,2021-02-07,2021-02-07,2021-03-10,1,600,จ่ายสำเร็จ,พร้อมเพย์,5,5750,เจ้าหน้าที่ช่วยลงทะเบียน,ยะลา,คลองใหม่,สำนักงานพัฒนาสังคมและความมั่นคงของมนุษย์จังหวัดยะลา
NCGPAY00306,NCG00034,8147042507422,นิตยา,โพธิ์ทอง,ชาย,2020-06-06,6495612992918,พัชราภา,นิลแก้ว,บิดา,2020-12-28,2021-01-13,2021-01-13,2021-03-22,2,1200,จ่ายย้อนหลังรวมหลายงวด,พร้อมเพย์,3,7250,ระบบออนไลน์,สงขลา,สะเดา,สำนักงานพัฒนาสังคมและความมั่นคงของมนุษย์จังหวัดสงขลา
NCGPAY00474,NCG00026,4543437896570,กัญญารัตน์,มีทรัพย์,หญิง,2020-07-20,7714071128675,อภิญญา,พรมศรี,บิดา,2020-12-29,2021-01-18,2021-01-18,2021-03-22,2,600,จ่ายสำเร็จ,โอนเข้าบัญชีธนาคาร,2,2000,หน่วยบริการเคลื่อนที่,นครราชสีมา,ปากช่อง,สำนักงานพัฒนาสังคมและความมั่นคงของมนุษย์จังหวัดนครราชสีมา
NCGPAY00294,NCG00106,8601658106211,ธนภัทร,ศรีสง่า,หญิง,2020-09-19,8561834889023,ศิรินภา,เมืองแก้ว,มารดา,2021-02-02,2021-02-10,2021-02-10,2021-03-26,2,600,จ่ายสำเร็จ,พร้อมเพย์,5,5750,ลงทะเบียน ณ หน่วยรับลงทะเบียน,นครศรีธรรมราช,คลองใหม่,สำนักงานพัฒนาสังคมและความมั่นคงของมนุษย์จังหวัดนครศรีธรรมราช
NCGPAY00218,NCG00218,4285272977581,วนิดา,เข็มทอง,หญิง,2020-10-02,2059499672164,ศุภชัย,ประเสริฐศรี,มารดา,2021-03-08,2021-03-11,2021-03-11,2021-03-29,1,600,จ่ายสำเร็จ,โอนเข้าบัญชีธนาคาร,3,1750,ลงทะเบียน ณ หน่วยรับลงทะเบียน,นครราชสีมา,ปากช่อง,สำนักงานพัฒนาสังคมและความมั่นคงของมนุษย์จังหวัดนครราชสีมา
NCGPAY00322,NCG00257,6261496688331,ณัฐธิดา,แสงเพชร,หญิง,2021-01-01,8264653465243,จิราภรณ์,บัวแก้ว,บิดา,2021-02-11,2021-02-27,2021-02-27,2021-04-07,2,600,จ่ายสำเร็จ,โอนเข้าบัญชีธนาคาร,6,2250,เจ้าหน้าที่ช่วยลงทะเบียน,นราธิวาส,คลองใหม่,สำนักงานพัฒนาสังคมและความมั่นคงของมนุษย์จังหวัดนราธิวาส
NCGPAY00439,NCG00034,8147042507422,นิตยา,โพธิ์ทอง,ชาย,2020-06-06,6495612992918,พัชราภา,นิลแก้ว,บิดา,2020-12-28,2021-01-13,2021-01-13,2021-04-19,3,600,จ่ายสำเร็จ,โอนเข้าบัญชีธนาคาร,3,7250,ระบบออนไลน์,สงขลา,สะเดา,สำนักงานพัฒนาสังคมและความมั่นคงของมนุษย์จังหวัดสงขลา
NCGPAY00450,NCG00106,8601658106211,ธนภัทร,ศรีสง่า,หญิง,2020-09-19,8561834889023,ศิรินภา,เมืองแก้ว,มารดา,2021-02-02,2021-02-10,2021-02-10,2021-04-24,3,1800,จ่ายย้อนหลังรวมหลายงวด,โอนเข้าบัญชีธนาคาร,5,5750,ลงทะเบียน ณ หน่วยรับลงทะเบียน,นครศรีธรรมราช,คลองใหม่,สำนักงานพัฒนาสังคมและความมั่นคงของมนุษย์จังหวัดนครศรีธรรมราช
NCGPAY00476,NCG00026,4543437896570,กัญญารัตน์,มีทรัพย์,หญิง,2020-07-20,7714071128675,อภิญญา,พรมศรี,บิดา,2020-12-29,2021-01-18,2021-01-18,2021-04-24,3,600,จ่ายสำเร็จ,โอนเข้าบัญชีธนาคาร,2,2000,หน่วยบริการเคลื่อนที่,นครราชสีมา,ปากช่อง,สำนักงานพัฒนาสังคมและความมั่นคงของมนุษย์จังหวัดนครราชสีมา
NCGPAY00492,NCG00218,4285272977581,วนิดา,เข็มทอง,หญิง,2020-10-02,2059499672164,ศุภชัย,ประเสริฐศรี,มารดา,2021-03-08,2021-03-11,2021-03-11,2021-05-02,2,600,จ่ายสำเร็จ,โอนเข้าบัญชีธนาคาร,3,1750,ลงทะเบียน ณ หน่วยรับลงทะเบียน,นครราชสีมา,ปากช่อง,สำนักงานพัฒนาสังคมและความมั่นคงของมนุษย์จังหวัดนครราชสีมา
NCGPAY00128,NCG00128,2872134217030,นราวิชญ์,คงเจริญ,หญิง,2020-12-14,8997055713690,ปาริชาติ,บุญมี,บิดา,2021-03-31,2021-04-05,2021-04-05,2021-05-07,1,600,จ่ายสำเร็จ,พร้อมเพย์,2,9750,ลงทะเบียน ณ หน่วยรับลงทะเบียน,อุตรดิตถ์,เมือง,สำนักงานพัฒนาสังคมและความมั่นคงของมนุษย์จังหวัดอุตรดิตถ์
NCGPAY00168,NCG00168,2372710064069,วนิดา,มีทรัพย์,หญิง,2021-01-30,5163302379447,รัตนา,ใจดี,มารดา,2021-04-17,2021-05-01,2021-05-01,2021-05-12,1,600,จ่ายสำเร็จ,โอนเข้าบัญชีธนาคาร,7,5500,ลงทะเบียน ณ หน่วยรับลงทะเบียน,สมุทรปราการ,คลองใหม่,สำนักงานพัฒนาสังคมและความมั่นคงของมนุษย์จังหวัดสมุทรปราการ
NCGPAY00110,NCG00110,5018625824481,ปิยธิดา,สมบูรณ์ผล,หญิง,2021-01-10,2630581397593,ปาริชาติ,สุวรรณศรี,มารดา,2021-04-29,2021-05-18,2021-05-18,2021-05-24,1,600,จ่ายสำเร็จ,โอนเข้าบัญชีธนาคาร,4,12250,ลงทะเบียน ณ หน่วยรับลงทะเบียน,ลพบุรี,บ้านใหม่,สำนักงานพัฒนาสังคมและความมั่นคงของมนุษย์จังหวัดลพบุรี
NCGPAY00122,NCG00122,3694581823047,พัชรินทร์,สุขเกษม,ชาย,2020-10-21,1858729694249,ปวีณา,เพชรรัตน์,บิดา,2021-04-24,2021-04-30,2021-04-30,2021-05-25,1,600,จ่ายสำเร็จ,โอนเข้าบัญชีธนาคาร,2,3000,ระบบออนไลน์,สระแก้ว,ศรีพัฒนา,สำนักงานพัฒนาสังคมและความมั่นคงของมนุษย์จังหวัดสระแก้ว
NCGPAY00258,NCG00258,3352295168467,ศุภกร,มีทรัพย์,ชาย,2021-01-18,8462682282751,ธิดารัตน์,จิตมั่น,มารดา,2021-03-31,2021-04-30,2021-04-30,2021-05-26,1,600,จ่ายสำเร็จ,พร้อมเพย์,6,8000,หน่วยบริการเคลื่อนที่,สกลนคร,คลองใหม่,สำนักงานพัฒนาสังคมและความมั่นคงของมนุษย์จังหวัดสกลนคร
NCGPAY00077,NCG00077,1006605605860,รุจิรา,เรืองฤทธิ์,หญิง,2020-09-13,8338090748565,ศุภชัย,เรืองฤทธิ์,มารดา,2021-04-26,2021-05-25,2021-05-25,2021-06-07,1,600,จ่ายสำเร็จ,พร้อมเพย์,6,6750,ระบบออนไลน์,นครปฐม,เมือง,สำนักงานพัฒนาสังคมและความมั่นคงของมนุษย์จังหวัดนครปฐม
NCGPAY00464,NCG00128,2872134217030,นราวิชญ์,คงเจริญ,หญิง,2020-12-14,8997055713690,ปาริชาติ,บุญมี,บิดา,2021-03-31,2021-04-05,2021-04-05,2021-06-08,2,600,จ่ายสำเร็จ,โอนเข้าบัญชีธนาคาร,2,9750,ลงทะเบียน ณ หน่วยรับลงทะเบียน,อุตรดิตถ์,เมือง,สำนักงานพัฒนาสังคมและความมั่นคงของมนุษย์จังหวัดอุตรดิตถ์
NCGPAY00043,NCG00043,8414064445998,ชนน,จำปาแก้ว,หญิง,2021-03-01,2020484977586,รัตนา,เกิดผล,มารดา,2021-05-13,2021-06-05,2021-06-05,2021-06-13,1,600,จ่ายสำเร็จ,พร้อมเพย์,3,10000,เจ้าหน้าที่ช่วยลงทะเบียน,นครศรีธรรมราช,บ้านใหม่,สำนักงานพัฒนาสังคมและความมั่นคงของมนุษย์จังหวัดนครศรีธรรมราช
NCGPAY00274,NCG00274,5071782280422,ธีรภัทร,สวัสดิผล,ชาย,2020-11-27,4597099625827,พิมพ์ชนก,จิตมั่น,มารดา,2021-05-17,2021-05-27,2021-05-27,2021-06-24,1,600,จ่ายสำเร็จ,โอนเข้าบัญชีธนาคาร,2,12250,ระบบออนไลน์,นนทบุรี,ปากเกร็ด,สำนักงานพัฒนาสังคมและความมั่นคงของมนุษย์จังหวัดนนทบุรี
NCGPAY00374,NCG00258,3352295168467,ศุภกร,มีทรัพย์,ชาย,2021-01-18,8462682282751,ธิดารัตน์,จิตมั่น,มารดา,2021-03-31,2021-04-30,2021-04-30,2021-06-26,2,1800,จ่ายย้อนหลังรวมหลายงวด,โอนเข้าบัญชีธนาคาร,6,8000,หน่วยบริการเคลื่อนที่,สกลนคร,คลองใหม่,สำนักงานพัฒนาสังคมและความมั่นคงของมนุษย์จังหวัดสกลนคร
NCGPAY00107,NCG00107,8583739014548,ธนกฤต,แสนดี,ชาย,2020-12-15,6453220018535,กาญจนา,อ่อนละมุน,มารดา,2021-06-06,2021-06-11,2021-06-11,2021-07-07,1,600,จ่ายสำเร็จ,โอนเข้าบัญชีธนาคาร,6,7500,ระบบออนไลน์,ยะลา,บ้านใหม่,สำนักงานพัฒนาสังคมและความมั่นคงของมนุษย์จังหวัดยะลา
NCGPAY00453,NCG00043,8414064445998,ชนน,จำปาแก้ว,หญิง,2021-03-01,2020484977586,รัตนา,เกิดผล,มารดา,2021-05-13,2021-06-05,2021-06-05,2021-07-11,2,600,จ่ายสำเร็จ,โอนเข้าบัญชีธนาคาร,3,10000,เจ้าหน้าที่ช่วยลงทะเบียน,นครศรีธรรมราช,บ้านใหม่,สำนักงานพัฒนาสังคมและความมั่นคงของมนุษย์จังหวัดนครศรีธรรมราช
NCGPAY00498,NCG00128,2872134217030,นราวิชญ์,คงเจริญ,หญิง,2020-12-14,8997055713690,ปาริชาติ,บุญมี,บิดา,2021-03-31,2021-04-05,2021-04-05,2021-07-11,3,1200,จ่ายย้อนหลังรวมหลายงวด,โอนเข้าบัญชีธนาคาร,2,9750,ลงทะเบียน ณ หน่วยรับลงทะเบียน,อุตรดิตถ์,เมือง,สำนักงานพัฒนาสังคมและความมั่นคงของมนุษย์จังหวัดอุตรดิตถ์
NCGPAY00095,NCG00095,7099437880414,พชร,สุนทรวงศ์,หญิง,2021-02-12,1706256141662,อภิญญา,โชคชัย,มารดา,2021-06-16,2021-06-29,2021-06-29,2021-07-12,1,600,จ่ายสำเร็จ,โอนเข้าบัญชีธนาคาร,7,14250,ระบบออนไลน์,นราธิวาส,บ้านใหม่,สำนักงานพัฒนาสังคมและความมั่นคงของมนุษย์จังหวัดนราธิวาส
NCGPAY00029,NCG00029,8251165373959,ภูริภัทร,สุขสวัสดิ์,หญิง,2020-11-26,4575735729118,พิมพ์ชนก,สุขสวัสดิ์,บิดา,2021-06-04,2021-06-13,2021-06-13,2021-07-13,1,600,จ่ายสำเร็จ,พร้อมเพย์,5,14750,ลงทะเบียน ณ หน่วยรับลงทะเบียน,ชลบุรี,ศรีราชา,สำนักงานพัฒนาสังคมและความมั่นคงของมนุษย์จังหวัดชลบุรี
NCGPAY00102,NCG00102,4948355451249,นิตยา,จิตมั่น,หญิง,2021-04-26,8250974313461,ปวีณา,พรมศรี,บิดา,2021-06-24,2021-07-06,2021-07-06,2021-07-22,1,600,จ่ายสำเร็จ,พร้อมเพย์,6,7000,ระบบออนไลน์,ปทุมธานี,คลองหลวง,สำนักงานพัฒนาสังคมและความมั่นคงของมนุษย์จังหวัดปทุมธานี
NCGPAY00383,NCG00258,3352295168467,ศุภกร,มีทรัพย์,ชาย,2021-01-18,8462682282751,ธิดารัตน์,จิตมั่น,มารดา,2021-03-31,2021-04-30,2021-04-30,2021-07-25,3,600,จ่ายสำเร็จ,พร้อมเพย์,6,8000,หน่วยบริการเคลื่อนที่,สกลนคร,คลองใหม่,สำนักงานพัฒนาสังคมและความมั่นคงของมนุษย์จังหวัดสกลนคร
NCGPAY00350,NCG00274,5071782280422,ธีรภัทร,สวัสดิผล,ชาย,2020-11-27,4597099625827,พิมพ์ชนก,จิตมั่น,มารดา,2021-05-17,2021-05-27,2021-05-27,2021-07-27,2,1200,จ่ายย้อนหลังรวมหลายงวด,โอนเข้าบัญชีธนาคาร,2,12250,ระบบออนไลน์,นนทบุรี,ปากเกร็ด,สำนักงานพัฒนาสังคมและความมั่นคงของมนุษย์จังหวัดนนทบุรี
NCGPAY00063,NCG00063,1159799300603,ณิชาภัทร,เข็มทอง,หญิง,2021-05-20,4660341731916,วนิดา,มีทรัพย์,บิดา,2021-07-09,2021-07-20,2021-07-20,2021-07-29,1,600,จ่ายสำเร็จ,โอนเข้าบัญชีธนาคาร,3,2500,ลงทะเบียน ณ หน่วยรับลงทะเบียน,พิษณุโลก,ศรีพัฒนา,สำนักงานพัฒนาสังคมและความมั่นคงของมนุษย์จังหวัดพิษณุโลก
NCGPAY00187,NCG00187,6400846882430,กฤษฎา,สุวรรณศรี,ชาย,2020-10-13,6277268764348,ชลธิชา,เกียรติไพศาล,บิดา,2021-06-03,2021-07-03,2021-07-03,2021-07-30,1,600,จ่ายสำเร็จ,โอนเข้าบัญชีธนาคาร,5,6250,เจ้าหน้าที่ช่วยลงทะเบียน,ขอนแก่น,ชุมแพ,สำนักงานพัฒนาสังคมและความมั่นคงของมนุษย์จังหวัดขอนแก่น
NCGPAY00451,NCG00107,8583739014548,ธนกฤต,แสนดี,ชาย,2020-12-15,6453220018535,กาญจนา,อ่อนละมุน,มารดา,2021-06-06,2021-06-11,2021-06-11,2021-08-08,2,600,จ่ายสำเร็จ,พร้อมเพย์,6,7500,ระบบออนไลน์,ยะลา,บ้านใหม่,สำนักงานพัฒนาสังคมและความมั่นคงของมนุษย์จังหวัดยะลา
NCGPAY00049,NCG00049,6304723236747,ธนพร,ศรีนวล,หญิง,2020-11-08,7004109732996,นพดล,สุทธิวงศ์,มารดา,2021-06-28,2021-07-14,2021-07-14,2021-08-11,1,600,จ่ายสำเร็จ,พร้อมเพย์,4,4500,ระบบออนไลน์,สระบุรี,ทุ่งสุข,สำนักงานพัฒนาสังคมและความมั่นคงของมนุษย์จังหวัดสระบุรี
NCGPAY00298,NCG00095,7099437880414,พชร,สุนทรวงศ์,หญิง,2021-02-12,1706256141662,อภิญญา,โชคชัย,มารดา,2021-06-16,2021-06-29,2021-06-29,2021-08-12,2,600,จ่ายสำเร็จ,พร้อมเพย์,7,14250,ระบบออนไลน์,นราธิวาส,บ้านใหม่,สำนักงานพัฒนาสังคมและความมั่นคงของมนุษย์จังหวัดนราธิวาส
NCGPAY00296,NCG00102,4948355451249,นิตยา,จิตมั่น,หญิง,2021-04-26,8250974313461,ปวีณา,พรมศรี,บิดา,2021-06-24,2021-07-06,2021-07-06,2021-08-23,2,600,จ่ายสำเร็จ,โอนเข้าบัญชีธนาคาร,6,7000,ระบบออนไลน์,ปทุมธานี,คลองหลวง,สำนักงานพัฒนาสังคมและความมั่นคงของมนุษย์จังหวัดปทุมธานี
NCGPAY00169,NCG00169,6649847689567,รวิชญ์,จิตมั่น,ชาย,2021-06-16,3718998210191,สุรศักดิ์,ทองดี,มารดา,2021-07-07,2021-07-23,2021-07-23,2021-08-26,1,1800,จ่ายย้อนหลังรวมหลายงวด,โอนเข้าบัญชีธนาคาร,5,7000,หน่วยบริการเคลื่อนที่,นนทบุรี,บางใหญ่,สำนักงานพัฒนาสังคมและความมั่นคงของมนุษย์จังหวัดนนทบุรี
NCGPAY00466,NCG00274,5071782280422,ธีรภัทร,สวัสดิผล,ชาย,2020-11-27,4597099625827,พิมพ์ชนก,จิตมั่น,มารดา,2021-05-17,2021-05-27,2021-05-27,2021-08-28,3,600,จ่ายสำเร็จ,โอนเข้าบัญชีธนาคาร,2,12250,ระบบออนไลน์,นนทบุรี,ปากเกร็ด,สำนักงานพัฒนาสังคมและความมั่นคงของมนุษย์จังหวัดนนทบุรี
NCGPAY00459,NCG00187,6400846882430,กฤษฎา,สุวรรณศรี,ชาย,2020-10-13,6277268764348,ชลธิชา,เกียรติไพศาล,บิดา,2021-06-03,2021-07-03,2021-07-03,2021-09-03,2,600,จ่ายสำเร็จ,โอนเข้าบัญชีธนาคาร,5,6250,เจ้าหน้าที่ช่วยลงทะเบียน,ขอนแก่น,ชุมแพ,สำนักงานพัฒนาสังคมและความมั่นคงของมนุษย์จังหวัดขอนแก่น
NCGPAY00041,NCG00041,4079131974271,วายุ,เข็มทอง,ชาย,2021-02-04,7223281060540,ภัทรพล,กุลวงศ์,มารดา,2021-07-30,2021-08-18,2021-08-18,2021-09-16,1,600,จ่ายสำเร็จ,พร้อมเพย์,2,10000,หน่วยบริการเคลื่อนที่,สุรินทร์,ศรีพัฒนา,สำนักงานพัฒนาสังคมและความมั่นคงของมนุษย์จังหวัดสุรินทร์
NCGPAY00211,NCG00211,6332035390512,มนัสวี,ชูศรี,หญิง,2021-04-09,6099885009727,จิราภรณ์,คำดี,มารดา,2021-07-26,2021-08-22,2021-08-22,2021-09-16,1,600,จ่ายสำเร็จ,โอนเข้าบัญชีธนาคาร,3,5000,ระบบออนไลน์,สมุทรปราการ,คลองใหม่,สำนักงานพัฒนาสังคมและความมั่นคงของมนุษย์จังหวัดสมุทรปราการ
NCGPAY00245,NCG00245,2609163845734,วรเมธ,โชคชัย,ชาย,2021-08-20,1314132430524,นพดล,พิพัฒน์กุล,มารดา,2021-09-06,2021-09-13,2021-09-13,2021-09-20,1,600,จ่ายสำเร็จ,โอนเข้าบัญชีธนาคาร,2,7250,หน่วยบริการเคลื่อนที่,ตรัง,เมือง,สำนักงานพัฒนาสังคมและความมั่นคงของมนุษย์จังหวัดตรัง
NCGPAY00300,NCG00102,4948355451249,นิตยา,จิตมั่น,หญิง,2021-04-26,8250974313461,ปวีณา,พรมศรี,บิดา,2021-06-24,2021-07-06,2021-07-06,2021-09-20,3,600,จ่ายสำเร็จ,พร้อมเพย์,6,7000,ระบบออนไลน์,ปทุมธานี,คลองหลวง,สำนักงานพัฒนาสังคมและความมั่นคงของมนุษย์จังหวัดปทุมธานี
NCGPAY00117,NCG00117,3023876434160,อคิราห์,จันทร์ฉาย,หญิง,2021-01-25,2813090844019,กาญจนา,บุญส่ง,มารดา,2021-09-08,2021-09-22,2021-09-22,2021-09-23,1,600,จ่ายสำเร็จ,พร้อมเพย์,4,12750,ลงทะเบียน ณ หน่วยรับลงทะเบียน,บุรีรัมย์,ศรีพัฒนา,สำนักงานพัฒนาสังคมและความมั่นคงของมนุษย์จังหวัดบุรีรัมย์
NCGPAY00246,NCG00246,5224821529491,สุชาดา,บัวทอง,หญิง,2021-03-30,7486437066711,รัตนา,พูลเพิ่ม,ผู้ปกครองโดยชอบด้วยกฎหมาย,2021-08-26,2021-09-14,2021-09-14,2021-09-26,1,1200,จ่ายย้อนหลังรวมหลายงวด,โอนเข้าบัญชีธนาคาร,5,13250,ระบบออนไลน์,ปราจีนบุรี,หนองกลาง,สำนักงานพัฒนาสังคมและความมั่นคงของมนุษย์จังหวัดปราจีนบุรี
NCGPAY00232,NCG00232,2889060458078,พัชราภา,สวัสดิผล,ชาย,2021-05-31,5885038937342,ชยพล,พิทักษ์วงศ์,มารดา,2021-09-13,2021-09-18,2021-09-18,2021-10-07,1,1800,จ่ายย้อนหลังรวมหลายงวด,พร้อมเพย์,6,7250,หน่วยบริการเคลื่อนที่,นครสวรรค์,หนองกลาง,สำนักงานพัฒนาสังคมและความมั่นคงของมนุษย์จังหวัดนครสวรรค์
NCGPAY00076,NCG00076,2110407965764,ธีธัช,เพชรรัตน์,ชาย,2021-03-08,5953433031307,ปกรณ์,ประดับศรี,มารดา,2021-09-18,2021-10-07,2021-10-07,2021-10-08,1,600,จ่ายสำเร็จ,โอนเข้าบัญชีธนาคาร,5,11500,หน่วยบริการเคลื่อนที่,ปทุมธานี,เมืองปทุมธานี,สำนักงานพัฒนาสังคมและความมั่นคงของมนุษย์จังหวัดปทุมธานี
NCGPAY00460,NCG00187,6400846882430,กฤษฎา,สุวรรณศรี,ชาย,2020-10-13,6277268764348,ชลธิชา,เกียรติไพศาล,บิดา,2021-06-03,2021-07-03,2021-07-03,2021-10-08,3,600,จ่ายสำเร็จ,โอนเข้าบัญชีธนาคาร,5,6250,เจ้าหน้าที่ช่วยลงทะเบียน,ขอนแก่น,ชุมแพ,สำนักงานพัฒนาสังคมและความมั่นคงของมนุษย์จังหวัดขอนแก่น
NCGPAY00032,NCG00032,5908646124684,สายฝน,แสงจันทร์,หญิง,2021-06-06,3133516461792,เกศรินทร์,ประดับศรี,มารดา,2021-08-22,2021-09-08,2021-09-08,2021-10-11,1,600,จ่ายสำเร็จ,โอนเข้าบัญชีธนาคาร,7,6750,หน่วยบริการเคลื่อนที่,สุรินทร์,บ้านใหม่,สำนักงานพัฒนาสังคมและความมั่นคงของมนุษย์จังหวัดสุรินทร์
NCGPAY00176,NCG00176,7339680622881,อภิญญา,ศรีสุข,หญิง,2021-06-24,1009586262012,ธิดารัตน์,สุนทรวงศ์,มารดา,2021-10-02,2021-10-11,2021-10-11,2021-10-12,1,1200,จ่ายย้อนหลังรวมหลายงวด,โอนเข้าบัญชีธนาคาร,3,10750,ระบบออนไลน์,นครปฐม,เมือง,สำนักงานพัฒนาสังคมและความมั่นคงของมนุษย์จังหวัดนครปฐม
NCGPAY00223,NCG00223,6806173360847,อริสรา,เข็มทอง,ชาย,2021-03-09,6745771109285,กฤษฎา,ประเสริฐศรี,บิดา,2021-09-08,2021-09-26,2021-09-26,2021-10-20,1,600,จ่ายสำเร็จ,โอนเข้าบัญชีธนาคาร,2,8000,ระบบออนไลน์,ลำปาง,บ้านใหม่,สำนักงานพัฒนาสังคมและความมั่นคงของมนุษย์จังหวัดลำปาง
NCGPAY00318,NCG00041,4079131974271,วายุ,เข็มทอง,ชาย,2021-02-04,7223281060540,ภัทรพล,กุลวงศ์,มารดา,2021-07-30,2021-08-18,2021-08-18,2021-10-21,2,600,จ่ายสำเร็จ,พร้อมเพย์,2,10000,หน่วยบริการเคลื่อนที่,สุรินทร์,ศรีพัฒนา,สำนักงานพัฒนาสังคมและความมั่นคงของมนุษย์จังหวัดสุรินทร์
NCGPAY00497,NCG00211,6332035390512,มนัสวี,ชูศรี,หญิง,2021-04-09,6099885009727,จิราภรณ์,คำดี,มารดา,2021-07-26,2021-08-22,2021-08-22,2021-10-21,2,600,จ่ายสำเร็จ,โอนเข้าบัญชีธนาคาร,3,5000,ระบบออนไลน์,สมุทรปราการ,คลองใหม่,สำนักงานพัฒนาสังคมและความมั่นคงของมนุษย์จังหวัดสมุทรปราการ
NCGPAY00305,NCG00117,3023876434160,อคิราห์,จันทร์ฉาย,หญิง,2021-01-25,2813090844019,กาญจนา,บุญส่ง,มารดา,2021-09-08,2021-09-22,2021-09-22,2021-10-24,2,600,จ่ายสำเร็จ,พร้อมเพย์,4,12750,ลงทะเบียน ณ หน่วยรับลงทะเบียน,บุรีรัมย์,ศรีพัฒนา,สำนักงานพัฒนาสังคมและความมั่นคงของมนุษย์จังหวัดบุรีรัมย์
NCGPAY00365,NCG00245,2609163845734,วรเมธ,โชคชัย,ชาย,2021-08-20,1314132430524,นพดล,พิพัฒน์กุล,มารดา,2021-09-06,2021-09-13,2021-09-13,2021-10-25,2,600,จ่ายสำเร็จ,โอนเข้าบัญชีธนาคาร,2,7250,หน่วยบริการเคลื่อนที่,ตรัง,เมือง,สำนักงานพัฒนาสังคมและความมั่นคงของมนุษย์จังหวัดตรัง
NCGPAY00376,NCG00246,5224821529491,สุชาดา,บัวทอง,หญิง,2021-03-30,7486437066711,รัตนา,พูลเพิ่ม,ผู้ปกครองโดยชอบด้วยกฎหมาย,2021-08-26,2021-09-14,2021-09-14,2021-10-27,2,600,จ่ายสำเร็จ,โอนเข้าบัญชีธนาคาร,5,13250,ระบบออนไลน์,ปราจีนบุรี,หนองกลาง,สำนักงานพัฒนาสังคมและความมั่นคงของมนุษย์จังหวัดปราจีนบุรี
NCGPAY00155,NCG00155,4268248756425,กาญจนา,ทรัพย์เจริญ,หญิง,2021-04-16,4472004321937,ชนิดา,ตั้งมั่น,บิดา,2021-10-06,2021-10-12,2021-10-12,2021-10-28,1,600,จ่ายสำเร็จ,โอนเข้าบัญชีธนาคาร,3,5000,เจ้าหน้าที่ช่วยลงทะเบียน,พระนครศรีอยุธยา,ศรีพัฒนา,สำนักงานพัฒนาสังคมและความมั่นคงของมนุษย์จังหวัดพระนครศรีอยุธยา
NCGPAY00477,NCG00232,2889060458078,พัชราภา,สวัสดิผล,ชาย,2021-05-31,5885038937342,ชยพล,พิทักษ์วงศ์,มารดา,2021-09-13,2021-09-18,2021-09-18,2021-11-07,2,600,จ่ายสำเร็จ,โอนเข้าบัญชีธนาคาร,6,7250,หน่วยบริการเคลื่อนที่,นครสวรรค์,หนองกลาง,สำนักงานพัฒนาสังคมและความมั่นคงของมนุษย์จังหวัดนครสวรรค์
NCGPAY00313,NCG00032,5908646124684,สายฝน,แสงจันทร์,หญิง,2021-06-06,3133516461792,เกศรินทร์,ประดับศรี,มารดา,2021-08-22,2021-09-08,2021-09-08,2021-11-10,2,600,จ่ายสำเร็จ,โอนเข้าบัญชีธนาคาร,7,6750,หน่วยบริการเคลื่อนที่,สุรินทร์,บ้านใหม่,สำนักงานพัฒนาสังคมและความมั่นคงของมนุษย์จังหวัดสุรินทร์
NCGPAY00414,NCG00076,2110407965764,ธีธัช,เพชรรัตน์,ชาย,2021-03-08,5953433031307,ปกรณ์,ประดับศรี,มารดา,2021-09-18,2021-10-07,2021-10-07,2021-11-12,2,600,จ่ายสำเร็จ,โอนเข้าบัญชีธนาคาร,5,11500,หน่วยบริการเคลื่อนที่,ปทุมธานี,เมืองปทุมธานี,สำนักงานพัฒนาสังคมและความมั่นคงของมนุษย์จังหวัดปทุมธานี
NCGPAY00008,NCG00008,8136977151174,ณฐกร,จันทร์ฉาย,หญิง,2021-05-08,1564579403090,วรรณวิสา,จันทร์หอม,บิดา,2021-10-11,2021-10-31,2021-10-31,2021-11-22,1,600,จ่ายสำเร็จ,โอนเข้าบัญชีธนาคาร,5,3500,เจ้าหน้าที่ช่วยลงทะเบียน,อุดรธานี,ศรีพัฒนา,สำนักงานพัฒนาสังคมและความมั่นคงของมนุษย์จังหวัดอุดรธานี
NCGPAY00367,NCG00117,3023876434160,อคิราห์,จันทร์ฉาย,หญิง,2021-01-25,2813090844019,กาญจนา,บุญส่ง,มารดา,2021-09-08,2021-09-22,2021-09-22,2021-11-24,3,600,จ่ายสำเร็จ,โอนเข้าบัญชีธนาคาร,4,12750,ลงทะเบียน ณ หน่วยรับลงทะเบียน,บุรีรัมย์,ศรีพัฒนา,สำนักงานพัฒนาสังคมและความมั่นคงของมนุษย์จังหวัดบุรีรัมย์
NCGPAY00355,NCG00155,4268248756425,กาญจนา,ทรัพย์เจริญ,หญิง,2021-04-16,4472004321937,ชนิดา,ตั้งมั่น,บิดา,2021-10-06,2021-10-12,2021-10-12,2021-12-02,2,600,จ่ายสำเร็จ,โอนเข้าบัญชีธนาคาร,3,5000,เจ้าหน้าที่ช่วยลงทะเบียน,พระนครศรีอยุธยา,ศรีพัฒนา,สำนักงานพัฒนาสังคมและความมั่นคงของมนุษย์จังหวัดพระนครศรีอยุธยา
NCGPAY00216,NCG00216,8999644550274,นิตยา,พิพัฒน์กุล,หญิง,2021-09-01,5361977776823,อนุชา,มีทรัพย์,บิดา,2021-11-10,2021-11-27,2021-11-27,2021-12-04,1,1800,จ่ายย้อนหลังรวมหลายงวด,โอนเข้าบัญชีธนาคาร,4,8750,ระบบออนไลน์,บุรีรัมย์,หนองกลาง,สำนักงานพัฒนาสังคมและความมั่นคงของมนุษย์จังหวัดบุรีรัมย์
NCGPAY00160,NCG00160,5449099631143,ศศิธร,คุ้มภัย,ชาย,2021-09-17,8866414030421,อภิญญา,สวัสดิผล,มารดา,2021-11-05,2021-12-05,2021-12-05,2021-12-11,1,600,จ่ายสำเร็จ,พร้อมเพย์,3,6500,ระบบออนไลน์,นครปฐม,ทุ่งสุข,สำนักงานพัฒนาสังคมและความมั่นคงของมนุษย์จังหวัดนครปฐม
NCGPAY00482,NCG00032,5908646124684,สายฝน,แสงจันทร์,หญิง,2021-06-06,3133516461792,เกศรินทร์,ประดับศรี,มารดา,2021-08-22,2021-09-08,2021-09-08,2021-12-12,3,600,จ่ายสำเร็จ,พร้อมเพย์,7,6750,หน่วยบริการเคลื่อนที่,สุรินทร์,บ้านใหม่,สำนักงานพัฒนาสังคมและความมั่นคงของมนุษย์จังหวัดสุรินทร์
NCGPAY00114,NCG00114,8687267231381,สุชาดา,คำดี,ชาย,2021-06-18,3523346331181,ภูริณัฐ,ฤทธิไกร,มารดา,2021-11-27,2021-12-09,2021-12-09,2021-12-15,1,600,จ่ายสำเร็จ,พร้อมเพย์,6,3000,หน่วยบริการเคลื่อนที่,เชียงราย,พาน,สำนักงานพัฒนาสังคมและความมั่นคงของมนุษย์จังหวัดเชียงราย
NCGPAY00134,NCG00134,7814056200513,วรัญญา,ไชยวงศ์,ชาย,2021-06-10,2277037934946,ปวีณา,ทองสุข,มารดา,2021-10-30,2021-11-21,2021-11-21,2021-12-22,1,600,จ่ายสำเร็จ,โอนเข้าบัญชีธนาคาร,2,9750,ลงทะเบียน ณ หน่วยรับลงทะเบียน,อุตรดิตถ์,บ้านใหม่,สำนักงานพัฒนาสังคมและความมั่นคงของมนุษย์จังหวัดอุตรดิตถ์
NCGPAY00144,NCG00144,1279326264943,อคิราห์,เกียรติไพศาล,หญิง,2021-08-19,2443995208048,อัญชลี,อินทร์แก้ว,มารดา,2021-11-17,2021-11-24,2021-11-24,2021-12-29,1,1200,จ่ายย้อนหลังรวมหลายงวด,โอนเข้าบัญชีธนาคาร,6,10750,เจ้าหน้าที่ช่วยลงทะเบียน,พัทลุง,หนองกลาง,สำนักงานพัฒนาสังคมและความมั่นคงของมนุษย์จังหวัดพัทลุง
NCGPAY00045,NCG00045,3947399378807,วราภรณ์,จันทร์หอม,หญิง,2021-08-26,5367864328758,รัตนา,สุขสวัสดิ์,มารดา,2021-11-26,2021-12-17,2021-12-17,2022-01-03,1,600,จ่ายสำเร็จ,โอนเข้าบัญชีธนาคาร,3,12500,เจ้าหน้าที่ช่วยลงทะเบียน,ลำพูน,ทุ่งสุข,สำนักงานพัฒนาสังคมและความมั่นคงของมนุษย์จังหวัดลำพูน
NCGPAY00113,NCG00113,7648088792161,นิตยา,ใจดี,ชาย,2021-09-30,3587299240921,วิภาวี,นิ่มนวล,มารดา,2021-12-08,2021-12-27,2021-12-27,2022-01-04,1,1200,จ่ายย้อนหลังรวมหลายงวด,โอนเข้าบัญชีธนาคาร,6,13000,ระบบออนไลน์,มหาสารคาม,เมือง,สำนักงานพัฒนาสังคมและความมั่นคงของมนุษย์จังหวัดมหาสารคาม
NCGPAY00292,NCG00216,8999644550274,นิตยา,พิพัฒน์กุล,หญิง,2021-09-01,5361977776823,อนุชา,มีทรัพย์,บิดา,2021-11-10,2021-11-27,2021-11-27,2022-01-08,2,1800,จ่ายย้อนหลังรวมหลายงวด,โอนเข้าบัญชีธนาคาร,4,8750,ระบบออนไลน์,บุรีรัมย์,หนองกลาง,สำนักงานพัฒนาสังคมและความมั่นคงของมนุษย์จังหวัดบุรีรัมย์
NCGPAY00378,NCG00114,8687267231381,สุชาดา,คำดี,ชาย,2021-06-18,3523346331181,ภูริณัฐ,ฤทธิไกร,มารดา,2021-11-27,2021-12-09,2021-12-09,2022-01-13,2,600,จ่ายสำเร็จ,โอนเข้าบัญชีธนาคาร,6,3000,หน่วยบริการเคลื่อนที่,เชียงราย,พาน,สำนักงานพัฒนาสังคมและความมั่นคงของมนุษย์จังหวัดเชียงราย
NCGPAY00137,NCG00137,5677722032104,กมลชนก,ทองสุข,ชาย,2021-11-03,2815398330313,สุรศักดิ์,คุ้มภัย,มารดา,2021-12-23,2022-01-08,2022-01-08,2022-01-16,1,600,จ่ายสำเร็จ,โอนเข้าบัญชีธนาคาร,6,2250,ระบบออนไลน์,สระบุรี,เมือง,สำนักงานพัฒนาสังคมและความมั่นคงของมนุษย์จังหวัดสระบุรี
NCGPAY00440,NCG00134,7814056200513,วรัญญา,ไชยวงศ์,ชาย,2021-06-10,2277037934946,ปวีณา,ทองสุข,มารดา,2021-10-30,2021-11-21,2021-11-21,2022-01-20,2,600,จ่ายสำเร็จ,พร้อมเพย์,2,9750,ลงทะเบียน ณ หน่วยรับลงทะเบียน,อุตรดิตถ์,บ้านใหม่,สำนักงานพัฒนาสังคมและความมั่นคงของมนุษย์จังหวัดอุตรดิตถ์
NCGPAY00184,NCG00184,7919114485051,ชญานิศ,สุวรรณศรี,ชาย,2021-06-03,5467320311876,ณัฐวุฒิ,บุญเกิด,มารดา,2022-01-02,2022-01-20,2022-01-20,2022-01-22,1,1800,จ่ายย้อนหลังรวมหลายงวด,โอนเข้าบัญชีธนาคาร,5,12750,หน่วยบริการเคลื่อนที่,ตราด,หนองกลาง,สำนักงานพัฒนาสังคมและความมั่นคงของมนุษย์จังหวัดตราด
NCGPAY00276,NCG00276,3003495601885,ธีรดนย์,บัวทอง,ชาย,2021-11-07,1880640293507,ณัฐวุฒิ,มั่นคง,มารดา,2021-12-09,2021-12-26,2021-12-26,2022-01-22,1,600,จ่ายสำเร็จ,โอนเข้าบัญชีธนาคาร,5,12000,หน่วยบริการเคลื่อนที่,บุรีรัมย์,ศรีพัฒนา,สำนักงานพัฒนาสังคมและความมั่นคงของมนุษย์จังหวัดบุรีรัมย์
NCGPAY00175,NCG00175,5156836597104,วชิรวิทย์,ประเสริฐศรี,ชาย,2021-06-24,5405931520462,อรทัย,สุนทรวงศ์,มารดา,2022-01-01,2022-01-28,2022-01-28,2022-01-31,1,600,จ่ายสำเร็จ,โอนเข้าบัญชีธนาคาร,7,1750,หน่วยบริการเคลื่อนที่,นครราชสีมา,ปากช่อง,สำนักงานพัฒนาสังคมและความมั่นคงของมนุษย์จังหวัดนครราชสีมา
NCGPAY00220,NCG00220,8545371554212,ณัฐธิดา,เกิดผล,ชาย,2021-10-17,8951075466650,ชลธิชา,สุขเกษม,มารดา,2022-01-07,2022-01-18,2022-01-18,2022-02-01,1,600,จ่ายสำเร็จ,โอนเข้าบัญชีธนาคาร,6,2000,ระบบออนไลน์,นนทบุรี,บางบัวทอง,สำนักงานพัฒนาสังคมและความมั่นคงของมนุษย์จังหวัดนนทบุรี
NCGPAY00328,NCG00113,7648088792161,นิตยา,ใจดี,ชาย,2021-09-30,3587299240921,วิภาวี,นิ่มนวล,มารดา,2021-12-08,2021-12-27,2021-12-27,2022-02-06,2,600,จ่ายสำเร็จ,โอนเข้าบัญชีธนาคาร,6,13000,ระบบออนไลน์,มหาสารคาม,เมือง,สำนักงานพัฒนาสังคมและความมั่นคงของมนุษย์จังหวัดมหาสารคาม
NCGPAY00135,NCG00135,7319271730342,พชร,บุญส่ง,ชาย,2021-10-19,5801486887132,นภัสสร,ตั้งมั่น,บิดา,2021-12-26,2022-01-15,2022-01-15,2022-02-10,1,600,จ่ายสำเร็จ,โอนเข้าบัญชีธนาคาร,7,3250,เจ้าหน้าที่ช่วยลงทะเบียน,เชียงใหม่,หางดง,สำนักงานพัฒนาสังคมและความมั่นคงของมนุษย์จังหวัดเชียงใหม่
NCGPAY00064,NCG00064,8218855103869,นิตยา,ยอดแก้ว,หญิง,2021-08-17,7258690001749,อัญชลี,บุญเรือง,บิดา,2022-01-01,2022-01-18,2022-01-18,2022-02-19,1,600,จ่ายสำเร็จ,โอนเข้าบัญชีธนาคาร,2,14750,หน่วยบริการเคลื่อนที่,ปัตตานี,หนองกลาง,สำนักงานพัฒนาสังคมและความมั่นคงของมนุษย์จังหวัดปัตตานี
NCGPAY00409,NCG00276,3003495601885,ธีรดนย์,บัวทอง,ชาย,2021-11-07,1880640293507,ณัฐวุฒิ,มั่นคง,มารดา,2021-12-09,2021-12-26,2021-12-26,2022-02-21,2,600,จ่ายสำเร็จ,พร้อมเพย์,5,12000,หน่วยบริการเคลื่อนที่,บุรีรัมย์,ศรีพัฒนา,สำนักงานพัฒนาสังคมและความมั่นคงของมนุษย์จังหวัดบุรีรัมย์
NCGPAY00004,NCG00004,1904792711126,วายุ,ชัยมงคล,หญิง,2021-10-07,5563118658033,กฤษฎา,สุขใจ,มารดา,2022-01-28,2022-02-06,2022-02-06,2022-02-23,1,600,จ่ายสำเร็จ,โอนเข้าบัญชีธนาคาร,6,2000,ลงทะเบียน ณ หน่วยรับลงทะเบียน,อุบลราชธานี,ศรีพัฒนา,สำนักงานพัฒนาสังคมและความมั่นคงของมนุษย์จังหวัดอุบลราชธานี
NCGPAY00442,NCG00184,7919114485051,ชญานิศ,สุวรรณศรี,ชาย,2021-06-03,5467320311876,ณัฐวุฒิ,บุญเกิด,มารดา,2022-01-02,2022-01-20,2022-01-20,2022-02-24,2,600,จ่ายสำเร็จ,พร้อมเพย์,5,12750,หน่วยบริการเคลื่อนที่,ตราด,หนองกลาง,สำนักงานพัฒนาสังคมและความมั่นคงของมนุษย์จังหวัดตราด
NCGPAY00215,NCG00215,6664024796872,เบญจพร,คงเจริญ,หญิง,2021-07-13,8545448715819,พิมพ์ชนก,จันทร์ฉาย,ผู้ปกครองโดยชอบด้วยกฎหมาย,2022-01-15,2022-01-30,2022-01-30,2022-03-02,1,600,จ่ายสำเร็จ,โอนเข้าบัญชีธนาคาร,6,3750,เจ้าหน้าที่ช่วยลงทะเบียน,ปราจีนบุรี,เมือง,สำนักงานพัฒนาสังคมและความมั่นคงของมนุษย์จังหวัดปราจีนบุรี
NCGPAY00386,NCG00113,7648088792161,นิตยา,ใจดี,ชาย,2021-09-30,3587299240921,วิภาวี,นิ่มนวล,มารดา,2021-12-08,2021-12-27,2021-12-27,2022-03-11,3,600,จ่ายสำเร็จ,โอนเข้าบัญชีธนาคาร,6,13000,ระบบออนไลน์,มหาสารคาม,เมือง,สำนักงานพัฒนาสังคมและความมั่นคงของมนุษย์จังหวัดมหาสารคาม
NCGPAY00194,NCG00194,8796185655585,รวิชญ์,ฤทธิไกร,หญิง,2021-09-07,4811096907581,วนิดา,อินทร์แก้ว,มารดา,2022-02-08,2022-02-17,2022-02-17,2022-03-14,1,600,จ่ายสำเร็จ,โอนเข้าบัญชีธนาคาร,2,13250,หน่วยบริการเคลื่อนที่,ลพบุรี,ทุ่งสุข,สำนักงานพัฒนาสังคมและความมั่นคงของมนุษย์จังหวัดลพบุรี
NCGPAY00348,NCG00064,8218855103869,นิตยา,ยอดแก้ว,หญิง,2021-08-17,7258690001749,อัญชลี,บุญเรือง,บิดา,2022-01-01,2022-01-18,2022-01-18,2022-03-21,2,600,จ่ายสำเร็จ,พร้อมเพย์,2,14750,หน่วยบริการเคลื่อนที่,ปัตตานี,หนองกลาง,สำนักงานพัฒนาสังคมและความมั่นคงของมนุษย์จังหวัดปัตตานี
NCGPAY00025,NCG00025,8268167044665,จุฑามาศ,ทองมาก,หญิง,2021-12-22,3397885938401,วนิดา,พรมศรี,มารดา,2022-02-13,2022-03-06,2022-03-06,2022-03-27,1,600,จ่ายสำเร็จ,โอนเข้าบัญชีธนาคาร,7,3000,ระบบออนไลน์,นครปฐม,บ้านใหม่,สำนักงานพัฒนาสังคมและความมั่นคงของมนุษย์จังหวัดนครปฐม
NCGPAY00239,NCG00239,5231827650698,พิมพ์ชนก,กุลวงศ์,หญิง,2021-11-23,8817692583241,จักรพันธ์,รัตนวงศ์,มารดา,2022-01-24,2022-02-23,2022-02-23,2022-03-28,1,600,จ่ายสำเร็จ,โอนเข้าบัญชีธนาคาร,5,9250,ระบบออนไลน์,อุดรธานี,บ้านใหม่,สำนักงานพัฒนาสังคมและความมั่นคงของมนุษย์จังหวัดอุดรธานี
NCGPAY00172,NCG00172,3499348823745,อริสรา,จันทร์ฉาย,ชาย,2021-06-26,3075742965332,อาทิตยา,คุ้มภัย,บิดา,2022-02-17,2022-03-09,2022-03-09,2022-04-02,1,600,จ่ายสำเร็จ,โอนเข้าบัญชีธนาคาร,6,2750,ลงทะเบียน ณ หน่วยรับลงทะเบียน,ยะลา,เมือง,สำนักงานพัฒนาสังคมและความมั่นคงของมนุษย์จังหวัดยะลา
NCGPAY00396,NCG00064,8218855103869,นิตยา,ยอดแก้ว,หญิง,2021-08-17,7258690001749,อัญชลี,บุญเรือง,บิดา,2022-01-01,2022-01-18,2022-01-18,2022-04-21,3,600,จ่ายสำเร็จ,พร้อมเพย์,2,14750,หน่วยบริการเคลื่อนที่,ปัตตานี,หนองกลาง,สำนักงานพัฒนาสังคมและความมั่นคงของมนุษย์จังหวัดปัตตานี
NCGPAY00212,NCG00212,8921345682015,ธนพร,ชัยมงคล,ชาย,2022-01-31,3411108989471,สุรศักดิ์,ยอดแก้ว,บิดา,2022-03-15,2022-04-11,2022-04-11,2022-04-24,1,600,จ่ายสำเร็จ,พร้อมเพย์,5,10500,หน่วยบริการเคลื่อนที่,นครราชสีมา,สีคิ้ว,สำนักงานพัฒนาสังคมและความมั่นคงของมนุษย์จังหวัดนครราชสีมา
NCGPAY00369,NCG00239,5231827650698,พิมพ์ชนก,กุลวงศ์,หญิง,2021-11-23,8817692583241,จักรพันธ์,รัตนวงศ์,มารดา,2022-01-24,2022-02-23,2022-02-23,2022-04-27,2,600,จ่ายสำเร็จ,พร้อมเพย์,5,9250,ระบบออนไลน์,อุดรธานี,บ้านใหม่,สำนักงานพัฒนาสังคมและความมั่นคงของมนุษย์จังหวัดอุดรธานี
NCGPAY00083,NCG00083,8354749751882,ภูวดล,แสงทอง,ชาย,2022-02-15,5538779952867,ธีรภัทร,ศรีนวล,มารดา,2022-04-24,2022-04-29,2022-04-29,2022-05-02,1,600,จ่ายสำเร็จ,โอนเข้าบัญชีธนาคาร,6,8500,ระบบออนไลน์,อุบลราชธานี,หนองกลาง,สำนักงานพัฒนาสังคมและความมั่นคงของมนุษย์จังหวัดอุบลราชธานี
NCGPAY00098,NCG00098,5150776389513,กฤษฎา,ธนากุล,หญิง,2021-12-31,6602393035595,กมลชนก,คำแสน,มารดา,2022-04-11,2022-04-29,2022-04-29,2022-05-22,1,600,จ่ายสำเร็จ,โอนเข้าบัญชีธนาคาร,3,3750,ระบบออนไลน์,สมุทรปราการ,เมือง,สำนักงานพัฒนาสังคมและความมั่นคงของมนุษย์จังหวัดสมุทรปราการ
NCGPAY00010,NCG00010,8271399955733,ชลธิชา,ประดับศรี,ชาย,2022-03-25,1972231012448,ชลธิชา,บุญเรือง,มารดา,2022-04-25,2022-05-04,2022-05-04,2022-05-28,1,600,จ่ายสำเร็จ,พร้อมเพย์,7,12000,เจ้าหน้าที่ช่วยลงทะเบียน,เชียงราย,แม่สาย,สำนักงานพัฒนาสังคมและความมั่นคงของมนุษย์จังหวัดเชียงราย
NCGPAY00423,NCG00239,5231827650698,พิมพ์ชนก,กุลวงศ์,หญิง,2021-11-23,8817692583241,จักรพันธ์,รัตนวงศ์,มารดา,2022-01-24,2022-02-23,2022-02-23,2022-06-01,3,600,จ่ายสำเร็จ,โอนเข้าบัญชีธนาคาร,5,9250,ระบบออนไลน์,อุดรธานี,บ้านใหม่,สำนักงานพัฒนาสังคมและความมั่นคงของมนุษย์จังหวัดอุดรธานี
NCGPAY00024,NCG00024,1140292518312,พรรณภา,คงเจริญ,หญิง,2022-02-20,5242590477324,นพดล,กุลวงศ์,บิดา,2022-05-14,2022-05-22,2022-05-22,2022-06-08,1,600,จ่ายสำเร็จ,โอนเข้าบัญชีธนาคาร,6,13250,หน่วยบริการเคลื่อนที่,เชียงใหม่,เมืองเชียงใหม่,สำนักงานพัฒนาสังคมและความมั่นคงของมนุษย์จังหวัดเชียงใหม่
NCGPAY00136,NCG00136,5058987582109,มยุรี,ประดับศรี,หญิง,2021-09-17,3659961914821,นฤมล,ศรีสมบัติ,มารดา,2022-05-09,2022-05-17,2022-05-17,2022-06-12,1,600,จ่ายสำเร็จ,พร้อมเพย์,3,3750,เจ้าหน้าที่ช่วยลงทะเบียน,พระนครศรีอยุธยา,ศรีพัฒนา,สำนักงานพัฒนาสังคมและความมั่นคงของมนุษย์จังหวัดพระนครศรีอยุธยา
NCGPAY00078,NCG00078,7892267323974,พรรณภา,วงศ์สวัสดิ์,ชาย,2022-04-02,4749552867319,ศิริพร,อุดมศักดิ์,มารดา,2022-04-19,2022-05-18,2022-05-18,2022-06-18,1,600,จ่ายสำเร็จ,โอนเข้าบัญชีธนาคาร,5,7250,หน่วยบริการเคลื่อนที่,สุรินทร์,ศรีพัฒนา,สำนักงานพัฒนาสังคมและความมั่นคงของมนุษย์จังหวัดสุรินทร์
NCGPAY00371,NCG00098,5150776389513,กฤษฎา,ธนากุล,หญิง,2021-12-31,6602393035595,กมลชนก,คำแสน,มารดา,2022-04-11,2022-04-29,2022-04-29,2022-06-24,2,600,จ่ายสำเร็จ,โอนเข้าบัญชีธนาคาร,3,3750,ระบบออนไลน์,นนทบุรี,เมืองนนทบุรี,สำนักงานพัฒนาสังคมและความมั่นคงของมนุษย์จังหวัดนนทบุรี
NCGPAY00479,NCG00010,8271399955733,ชลธิชา,ประดับศรี,ชาย,2022-03-25,1972231012448,ชลธิชา,บุญเรือง,มารดา,2022-04-25,2022-05-04,2022-05-04,2022-06-26,2,600,จ่ายสำเร็จ,โอนเข้าบัญชีธนาคาร,7,12000,เจ้าหน้าที่ช่วยลงทะเบียน,เชียงราย,แม่สาย,สำนักงานพัฒนาสังคมและความมั่นคงของมนุษย์จังหวัดเชียงราย
NCGPAY00028,NCG00028,1177987136295,สุภาวดี,เจริญสุข,หญิง,2022-03-20,1146535379334,วนิดา,กุลวงศ์,บิดา,2022-06-16,2022-06-20,2022-06-20,2022-06-29,1,600,จ่ายสำเร็จ,โอนเข้าบัญชีธนาคาร,7,6250,ระบบออนไลน์,ตราด,เมือง,สำนักงานพัฒนาสังคมและความมั่นคงของมนุษย์จังหวัดตราด
NCGPAY00050,NCG00050,4369565420184,ธีรภัทร,ประเสริฐศรี,ชาย,2022-05-19,1099290869818,ธิดารัตน์,อ่อนละมุน,ผู้ปกครองโดยชอบด้วยกฎหมาย,2022-06-10,2022-06-16,2022-06-16,2022-07-02,1,600,จ่ายสำเร็จ,โอนเข้าบัญชีธนาคาร,4,5500,ระบบออนไลน์,ระยอง,ทุ่งสุข,สำนักงานพัฒนาสังคมและความมั่นคงของมนุษย์จังหวัดระยอง
NCGPAY00066,NCG00066,3019247215310,กิตติภัทร,เกียรติไพศาล,ชาย,2022-03-10,1947768659155,ธนกฤต,บุญช่วย,มารดา,2022-06-12,2022-07-01,2022-07-01,2022-07-02,1,600,จ่ายสำเร็จ,โอนเข้าบัญชีธนาคาร,5,13750,เจ้าหน้าที่ช่วยลงทะเบียน,สกลนคร,หนองกลาง,สำนักงานพัฒนาสังคมและความมั่นคงของมนุษย์จังหวัดสกลนคร
NCGPAY00272,NCG00272,7607873870776,ชนิดา,จันทร์หอม,ชาย,2022-03-19,3834837123942,ชลธิชา,ทองดี,บิดา,2022-06-27,2022-06-30,2022-06-30,2022-07-02,1,600,จ่ายสำเร็จ,โอนเข้าบัญชีธนาคาร,2,4000,หน่วยบริการเคลื่อนที่,นครสวรรค์,หนองกลาง,สำนักงานพัฒนาสังคมและความมั่นคงของมนุษย์จังหวัดนครสวรรค์
NCGPAY00435,NCG00136,5058987582109,มยุรี,ประดับศรี,หญิง,2021-09-17,3659961914821,นฤมล,ศรีสมบัติ,มารดา,2022-05-09,2022-05-17,2022-05-17,2022-07-10,2,600,จ่ายสำเร็จ,พร้อมเพย์,3,3750,เจ้าหน้าที่ช่วยลงทะเบียน,พระนครศรีอยุธยา,ศรีพัฒนา,สำนักงานพัฒนาสังคมและความมั่นคงของมนุษย์จังหวัดพระนครศรีอยุธยา
NCGPAY00073,NCG00073,6741799148907,กิตติภัทร,พรมศรี,ชาย,2021-12-16,2395356945446,กมลชนก,ใจดี,มารดา,2022-06-15,2022-07-12,2022-07-12,2022-07-13,1,600,จ่ายสำเร็จ,โอนเข้าบัญชีธนาคาร,7,7500,เจ้าหน้าที่ช่วยลงทะเบียน,อุบลราชธานี,หนองกลาง,สำนักงานพัฒนาสังคมและความมั่นคงของมนุษย์จังหวัดอุบลราชธานี
NCGPAY00108,NCG00108,8621378426380,ธีรภัทร,อ่อนละมุน,หญิง,2022-02-01,4783704669357,ศิรินภา,ศรีจันทร์,มารดา,2022-05-30,2022-06-20,2022-06-20,2022-07-13,1,600,จ่ายสำเร็จ,พร้อมเพย์,2,14250,เจ้าหน้าที่ช่วยลงทะเบียน,สุพรรณบุรี,เมือง,สำนักงานพัฒนาสังคมและความมั่นคงของมนุษย์จังหวัดสุพรรณบุรี
NCGPAY00243,NCG00243,8503599380806,ศุภลักษณ์,โชคชัย,หญิง,2022-04-04,4164366416745,อาทิตยา,พิทักษ์วงศ์,มารดา,2022-06-16,2022-06-24,2022-06-24,2022-07-17,1,600,จ่ายสำเร็จ,พร้อมเพย์,6,2750,ลงทะเบียน ณ หน่วยรับลงทะเบียน,ภูเก็ต,กะทู้,สำนักงานพัฒนาสังคมและความมั่นคงของมนุษย์จังหวัดภูเก็ต
NCGPAY00303,NCG00078,7892267323974,พรรณภา,วงศ์สวัสดิ์,ชาย,2022-04-02,4749552867319,ศิริพร,อุดมศักดิ์,มารดา,2022-04-19,2022-05-18,2022-05-18,2022-07-22,2,600,จ่ายสำเร็จ,พร้อมเพย์,5,7250,หน่วยบริการเคลื่อนที่,สุรินทร์,ศรีพัฒนา,สำนักงานพัฒนาสังคมและความมั่นคงของมนุษย์จังหวัดสุรินทร์
NCGPAY00174,NCG00174,4912356015731,ปุณณภา,ปัญญาดี,หญิง,2022-05-06,2205372395413,สุพัตรา,ศรีสง่า,มารดา,2022-06-08,2022-07-07,2022-07-07,2022-07-31,1,600,จ่ายสำเร็จ,โอนเข้าบัญชีธนาคาร,5,12750,หน่วยบริการเคลื่อนที่,ปัตตานี,เมือง,สำนักงานพัฒนาสังคมและความมั่นคงของมนุษย์จังหวัดปัตตานี
NCGPAY00401,NCG00050,4369565420184,ธีรภัทร,ประเสริฐศรี,ชาย,2022-05-19,1099290869818,ธิดารัตน์,อ่อนละมุน,ผู้ปกครองโดยชอบด้วยกฎหมาย,2022-06-10,2022-06-16,2022-06-16,2022-08-01,2,600,จ่ายสำเร็จ,พร้อมเพย์,4,5500,ระบบออนไลน์,ระยอง,ทุ่งสุข,สำนักงานพัฒนาสังคมและความมั่นคงของมนุษย์จังหวัดระยอง
NCGPAY00454,NCG00028,1177987136295,สุภาวดี,เจริญสุข,หญิง,2022-03-20,1146535379334,วนิดา,กุลวงศ์,บิดา,2022-06-16,2022-06-20,2022-06-20,2022-08-01,2,600,จ่ายสำเร็จ,โอนเข้าบัญชีธนาคาร,7,6250,ระบบออนไลน์,ตราด,เมือง,สำนักงานพัฒนาสังคมและความมั่นคงของมนุษย์จังหวัดตราด
NCGPAY00380,NCG00066,3019247215310,กิตติภัทร,เกียรติไพศาล,ชาย,2022-03-10,1947768659155,ธนกฤต,บุญช่วย,มารดา,2022-06-12,2022-07-01,2022-07-01,2022-08-02,2,1200,จ่ายย้อนหลังรวมหลายงวด,โอนเข้าบัญชีธนาคาร,5,13750,เจ้าหน้าที่ช่วยลงทะเบียน,สกลนคร,หนองกลาง,สำนักงานพัฒนาสังคมและความมั่นคงของมนุษย์จังหวัดสกลนคร
NCGPAY00384,NCG00272,7607873870776,ชนิดา,จันทร์หอม,ชาย,2022-03-19,3834837123942,ชลธิชา,ทองดี,บิดา,2022-06-27,2022-06-30,2022-06-30,2022-08-04,2,600,จ่ายสำเร็จ,โอนเข้าบัญชีธนาคาร,2,4000,หน่วยบริการเคลื่อนที่,นครสวรรค์,หนองกลาง,สำนักงานพัฒนาสังคมและความมั่นคงของมนุษย์จังหวัดนครสวรรค์
NCGPAY00186,NCG00186,5076148346258,สุภาวดี,วงศ์คำ,หญิง,2022-05-31,7205444504729,อภิญญา,มีทรัพย์,ผู้ปกครองโดยชอบด้วยกฎหมาย,2022-06-30,2022-07-07,2022-07-07,2022-08-07,1,600,จ่ายสำเร็จ,โอนเข้าบัญชีธนาคาร,6,1500,หน่วยบริการเคลื่อนที่,อุบลราชธานี,บ้านใหม่,สำนักงานพัฒนาสังคมและความมั่นคงของมนุษย์จังหวัดอุบลราชธานี
NCGPAY00448,NCG00108,8621378426380,ธีรภัทร,อ่อนละมุน,หญิง,2022-02-01,4783704669357,ศิรินภา,ศรีจันทร์,มารดา,2022-05-30,2022-06-20,2022-06-20,2022-08-13,2,600,จ่ายสำเร็จ,โอนเข้าบัญชีธนาคาร,2,14250,เจ้าหน้าที่ช่วยลงทะเบียน,สุพรรณบุรี,เมือง,สำนักงานพัฒนาสังคมและความมั่นคงของมนุษย์จังหวัดสุพรรณบุรี
NCGPAY00330,NCG00073,6741799148907,กิตติภัทร,พรมศรี,ชาย,2021-12-16,2395356945446,กมลชนก,ใจดี,มารดา,2022-06-15,2022-07-12,2022-07-12,2022-08-17,2,600,จ่ายสำเร็จ,โอนเข้าบัญชีธนาคาร,7,7500,เจ้าหน้าที่ช่วยลงทะเบียน,อุบลราชธานี,หนองกลาง,สำนักงานพัฒนาสังคมและความมั่นคงของมนุษย์จังหวัดอุบลราชธานี
NCGPAY00052,NCG00052,8240399515252,ธนพร,วงศ์คำ,หญิง,2022-07-18,7105687404372,ธัญชนก,แสงทอง,ผู้ปกครองโดยชอบด้วยกฎหมาย,2022-08-07,2022-08-21,2022-08-21,2022-08-27,1,600,จ่ายสำเร็จ,พร้อมเพย์,2,7500,เจ้าหน้าที่ช่วยลงทะเบียน,ระยอง,ศรีพัฒนา,สำนักงานพัฒนาสังคมและความมั่นคงของมนุษย์จังหวัดระยอง
NCGPAY00467,NCG00028,1177987136295,สุภาวดี,เจริญสุข,หญิง,2022-03-20,1146535379334,วนิดา,กุลวงศ์,บิดา,2022-06-16,2022-06-20,2022-06-20,2022-08-29,3,600,จ่ายสำเร็จ,โอนเข้าบัญชีธนาคาร,7,6250,ระบบออนไลน์,ตราด,เมือง,สำนักงานพัฒนาสังคมและความมั่นคงของมนุษย์จังหวัดตราด
NCGPAY00446,NCG00066,3019247215310,กิตติภัทร,เกียรติไพศาล,ชาย,2022-03-10,1947768659155,ธนกฤต,บุญช่วย,มารดา,2022-06-12,2022-07-01,2022-07-01,2022-08-30,3,600,จ่ายสำเร็จ,โอนเข้าบัญชีธนาคาร,5,13750,เจ้าหน้าที่ช่วยลงทะเบียน,สกลนคร,หนองกลาง,สำนักงานพัฒนาสังคมและความมั่นคงของมนุษย์จังหวัดสกลนคร
NCGPAY00266,NCG00266,4030663922367,จิราภรณ์,แสนดี,ชาย,2022-04-25,5145560296082,อาทิตยา,นิลแก้ว,มารดา,2022-07-20,2022-08-15,2022-08-15,2022-09-10,1,600,จ่ายสำเร็จ,พร้อมเพย์,3,14250,หน่วยบริการเคลื่อนที่,ปราจีนบุรี,คลองใหม่,สำนักงานพัฒนาสังคมและความมั่นคงของมนุษย์จังหวัดปราจีนบุรี
NCGPAY00071,NCG00071,5488565680506,ชยพล,สุขใจ,หญิง,2022-01-31,2693203063507,ศิวกร,บุญช่วย,มารดา,2022-08-24,2022-09-03,2022-09-03,2022-09-13,1,600,จ่ายสำเร็จ,พร้อมเพย์,2,3500,เจ้าหน้าที่ช่วยลงทะเบียน,สมุทรสาคร,ศรีพัฒนา,สำนักงานพัฒนาสังคมและความมั่นคงของมนุษย์จังหวัดสมุทรสาคร
NCGPAY00121,NCG00121,2916748425911,สายฝน,จันทร์ฉาย,ชาย,2022-06-24,4150022709241,กฤษฎา,ศรีสมบัติ,มารดา,2022-08-28,2022-09-07,2022-09-07,2022-09-14,1,600,จ่ายสำเร็จ,โอนเข้าบัญชีธนาคาร,3,13250,เจ้าหน้าที่ช่วยลงทะเบียน,น่าน,หนองกลาง,สำนักงานพัฒนาสังคมและความมั่นคงของมนุษย์จังหวัดน่าน
NCGPAY00434,NCG00073,6741799148907,กิตติภัทร,พรมศรี,ชาย,2021-12-16,2395356945446,กมลชนก,ใจดี,มารดา,2022-06-15,2022-07-12,2022-07-12,2022-09-20,3,600,จ่ายสำเร็จ,โอนเข้าบัญชีธนาคาร,7,7500,เจ้าหน้าที่ช่วยลงทะเบียน,อุบลราชธานี,หนองกลาง,สำนักงานพัฒนาสังคมและความมั่นคงของมนุษย์จังหวัดอุบลราชธานี
NCGPAY00097,NCG00097,8906697935488,พัชรินทร์,ยอดแก้ว,ชาย,2022-02-11,6059380359453,อรทัย,สมบูรณ์ผล,บิดา,2022-08-26,2022-09-16,2022-09-16,2022-09-24,1,600,จ่ายสำเร็จ,โอนเข้าบัญชีธนาคาร,3,1500,หน่วยบริการเคลื่อนที่,นครปฐม,ทุ่งสุข,สำนักงานพัฒนาสังคมและความมั่นคงของมนุษย์จังหวัดนครปฐม
NCGPAY00399,NCG00052,8240399515252,ธนพร,วงศ์คำ,หญิง,2022-07-18,7105687404372,ธัญชนก,แสงทอง,ผู้ปกครองโดยชอบด้วยกฎหมาย,2022-08-07,2022-08-21,2022-08-21,2022-09-29,2,600,จ่ายสำเร็จ,โอนเข้าบัญชีธนาคาร,2,7500,เจ้าหน้าที่ช่วยลงทะเบียน,ระยอง,ศรีพัฒนา,สำนักงานพัฒนาสังคมและความมั่นคงของมนุษย์จังหวัดระยอง
NCGPAY00177,NCG00177,5895763449804,อชิระ,นิลแก้ว,หญิง,2022-05-31,6099615405905,ศศิธร,บุญธรรม,มารดา,2022-09-04,2022-09-16,2022-09-16,2022-10-09,1,600,จ่ายสำเร็จ,โอนเข้าบัญชีธนาคาร,7,9000,หน่วยบริการเคลื่อนที่,จันทบุรี,บ้านใหม่,สำนักงานพัฒนาสังคมและความมั่นคงของมนุษย์จังหวัดจันทบุรี
NCGPAY00456,NCG00266,4030663922367,จิราภรณ์,แสนดี,ชาย,2022-04-25,5145560296082,อาทิตยา,นิลแก้ว,มารดา,2022-07-20,2022-08-15,2022-08-15,2022-10-10,2,600,จ่ายสำเร็จ,โอนเข้าบัญชีธนาคาร,3,14250,หน่วยบริการเคลื่อนที่,ปราจีนบุรี,คลองใหม่,สำนักงานพัฒนาสังคมและความมั่นคงของมนุษย์จังหวัดปราจีนบุรี
NCGPAY00421,NCG00121,2916748425911,สายฝน,จันทร์ฉาย,ชาย,2022-06-24,4150022709241,กฤษฎา,ศรีสมบัติ,มารดา,2022-08-28,2022-09-07,2022-09-07,2022-10-12,2,600,จ่ายสำเร็จ,พร้อมเพย์,3,13250,เจ้าหน้าที่ช่วยลงทะเบียน,น่าน,หนองกลาง,สำนักงานพัฒนาสังคมและความมั่นคงของมนุษย์จังหวัดน่าน
NCGPAY00058,NCG00058,4685487069309,วรเมธ,ยอดแก้ว,หญิง,2022-07-12,2682275953923,สุรีย์พร,เมืองแก้ว,มารดา,2022-09-29,2022-10-07,2022-10-07,2022-10-13,1,600,จ่ายสำเร็จ,โอนเข้าบัญชีธนาคาร,6,10000,หน่วยบริการเคลื่อนที่,บุรีรัมย์,หนองกลาง,สำนักงานพัฒนาสังคมและความมั่นคงของมนุษย์จังหวัดบุรีรัมย์
NCGPAY00196,NCG00196,3460345240830,ชนิดา,พิทักษ์วงศ์,ชาย,2022-04-04,1046290157629,สุพัตรา,บุญเกิด,มารดา,2022-08-13,2022-09-11,2022-09-11,2022-10-14,1,600,จ่ายสำเร็จ,โอนเข้าบัญชีธนาคาร,2,2250,ลงทะเบียน ณ หน่วยรับลงทะเบียน,ปัตตานี,คลองใหม่,สำนักงานพัฒนาสังคมและความมั่นคงของมนุษย์จังหวัดปัตตานี
NCGPAY00242,NCG00242,8107121784585,ธนกฤต,ศรีสุข,หญิง,2022-02-26,3668354271632,ปกรณ์,แสนดี,บิดา,2022-10-18,2022-10-27,2022-10-27,2022-11-11,1,600,จ่ายสำเร็จ,พร้อมเพย์,6,4750,ลงทะเบียน ณ หน่วยรับลงทะเบียน,ระยอง,หนองกลาง,สำนักงานพัฒนาสังคมและความมั่นคงของมนุษย์จังหวัดระยอง
NCGPAY00473,NCG00058,4685487069309,วรเมธ,ยอดแก้ว,หญิง,2022-07-12,2682275953923,สุรีย์พร,เมืองแก้ว,มารดา,2022-09-29,2022-10-07,2022-10-07,2022-11-14,2,600,จ่ายสำเร็จ,โอนเข้าบัญชีธนาคาร,6,10000,หน่วยบริการเคลื่อนที่,บุรีรัมย์,หนองกลาง,สำนักงานพัฒนาสังคมและความมั่นคงของมนุษย์จังหวัดบุรีรัมย์
NCGPAY00472,NCG00121,2916748425911,สายฝน,จันทร์ฉาย,ชาย,2022-06-24,4150022709241,กฤษฎา,ศรีสมบัติ,มารดา,2022-08-28,2022-09-07,2022-09-07,2022-11-15,3,600,จ่ายสำเร็จ,โอนเข้าบัญชีธนาคาร,3,13250,เจ้าหน้าที่ช่วยลงทะเบียน,น่าน,หนองกลาง,สำนักงานพัฒนาสังคมและความมั่นคงของมนุษย์จังหวัดน่าน
NCGPAY00441,NCG00196,3460345240830,ชนิดา,พิทักษ์วงศ์,ชาย,2022-04-04,1046290157629,สุพัตรา,บุญเกิด,มารดา,2022-08-13,2022-09-11,2022-09-11,2022-11-18,2,600,จ่ายสำเร็จ,พร้อมเพย์,2,2250,ลงทะเบียน ณ หน่วยรับลงทะเบียน,ปัตตานี,คลองใหม่,สำนักงานพัฒนาสังคมและความมั่นคงของมนุษย์จังหวัดปัตตานี
NCGPAY00140,NCG00140,6434290193809,กฤติน,รัตนวงศ์,ชาย,2022-09-22,7049934786629,กาญจนา,พูลเพิ่ม,มารดา,2022-10-17,2022-11-04,2022-11-04,2022-11-28,1,600,จ่ายสำเร็จ,พร้อมเพย์,6,8750,ระบบออนไลน์,ปทุมธานี,เมืองปทุมธานี,สำนักงานพัฒนาสังคมและความมั่นคงของมนุษย์จังหวัดปทุมธานี
NCGPAY00164,NCG00164,2125938423592,ธนพร,บุญเกิด,ชาย,2022-10-21,7188646461188,ปัทมา,วงศ์สวัสดิ์,มารดา,2022-11-10,2022-11-25,2022-11-25,2022-11-30,1,1200,จ่ายย้อนหลังรวมหลายงวด,โอนเข้าบัญชีธนาคาร,6,2500,ระบบออนไลน์,แพร่,หนองกลาง,สำนักงานพัฒนาสังคมและความมั่นคงของมนุษย์จังหวัดแพร่
NCGPAY00317,NCG00242,8107121784585,ธนกฤต,ศรีสุข,หญิง,2022-02-26,3668354271632,ปกรณ์,แสนดี,บิดา,2022-10-18,2022-10-27,2022-10-27,2022-12-10,2,1800,จ่ายย้อนหลังรวมหลายงวด,โอนเข้าบัญชีธนาคาร,6,4750,ลงทะเบียน ณ หน่วยรับลงทะเบียน,ระยอง,หนองกลาง,สำนักงานพัฒนาสังคมและความมั่นคงของมนุษย์จังหวัดระยอง
NCGPAY00007,NCG00007,5842259809646,ชญานิศ,พรหมมา,ชาย,2022-04-11,5557726164324,นิภาพร,พิพัฒน์กุล,มารดา,2022-10-21,2022-11-16,2022-11-16,2022-12-14,1,600,จ่ายสำเร็จ,โอนเข้าบัญชีธนาคาร,3,12750,ระบบออนไลน์,สระแก้ว,บ้านใหม่,สำนักงานพัฒนาสังคมและความมั่นคงของมนุษย์จังหวัดสระแก้ว
NCGPAY00017,NCG00017,4447915572431,พีรวิชญ์,เกิดผล,หญิง,2022-05-29,7200506975946,ณิชา,แสงทอง,มารดา,2022-11-06,2022-11-23,2022-11-23,2022-12-27,1,600,จ่ายสำเร็จ,โอนเข้าบัญชีธนาคาร,6,7000,เจ้าหน้าที่ช่วยลงทะเบียน,ลำพูน,ศรีพัฒนา,สำนักงานพัฒนาสังคมและความมั่นคงของมนุษย์จังหวัดลำพูน
NCGPAY00091,NCG00091,3636405672556,อภิญญา,อุดมศักดิ์,หญิง,2022-06-22,1197741426475,กาญจนา,ฤทธิไกร,บิดา,2022-12-15,2023-01-03,2023-01-03,2023-01-05,1,600,จ่ายสำเร็จ,โอนเข้าบัญชีธนาคาร,3,7000,ลงทะเบียน ณ หน่วยรับลงทะเบียน,สระบุรี,ทุ่งสุข,สำนักงานพัฒนาสังคมและความมั่นคงของมนุษย์จังหวัดสระบุรี
NCGPAY00035,NCG00035,1679964183456,ภาคิน,รัตนวงศ์,หญิง,2022-10-12,2741601830271,จิราภรณ์,นิลแก้ว,มารดา,2022-11-07,2022-12-03,2022-12-03,2023-01-07,1,1800,จ่ายย้อนหลังรวมหลายงวด,โอนเข้าบัญชีธนาคาร,3,5500,หน่วยบริการเคลื่อนที่,ปราจีนบุรี,ทุ่งสุข,สำนักงานพัฒนาสังคมและความมั่นคงของมนุษย์จังหวัดปราจีนบุรี
NCGPAY00465,NCG00007,5842259809646,ชญานิศ,พรหมมา,ชาย,2022-04-11,5557726164324,นิภาพร,พิพัฒน์กุล,มารดา,2022-10-21,2022-11-16,2022-11-16,2023-01-11,2,600,จ่ายสำเร็จ,โอนเข้าบัญชีธนาคาร,3,12750,ระบบออนไลน์,สระแก้ว,บ้านใหม่,สำนักงานพัฒนาสังคมและความมั่นคงของมนุษย์จังหวัดสระแก้ว
NCGPAY00123,NCG00123,7584503377666,ศุภลักษณ์,จำปาแก้ว,ชาย,2022-08-20,5372769401023,ชนิดา,วงศ์คำ,มารดา,2022-12-22,2023-01-10,2023-01-10,2023-01-19,1,600,จ่ายสำเร็จ,พร้อมเพย์,5,5750,หน่วยบริการเคลื่อนที่,นราธิวาส,ศรีพัฒนา,สำนักงานพัฒนาสังคมและความมั่นคงของมนุษย์จังหวัดนราธิวาส
NCGPAY00145,NCG00145,4703764944885,ศิรินภา,บุญเกิด,หญิง,2022-10-19,4733362142555,จักรพันธ์,สุนทรวงศ์,บิดา,2023-01-04,2023-01-09,2023-01-09,2023-01-20,1,600,จ่ายสำเร็จ,โอนเข้าบัญชีธนาคาร,2,13000,เจ้าหน้าที่ช่วยลงทะเบียน,นครศรีธรรมราช,หนองกลาง,สำนักงานพัฒนาสังคมและความมั่นคงของมนุษย์จังหวัดนครศรีธรรมราช
NCGPAY00081,NCG00081,1203775389306,สายฝน,ศรีสุข,ชาย,2022-04-21,7069019795497,ศิวกร,แสงจันทร์,มารดา,2022-12-17,2023-01-01,2023-01-01,2023-01-21,1,600,จ่ายสำเร็จ,โอนเข้าบัญชีธนาคาร,5,9250,เจ้าหน้าที่ช่วยลงทะเบียน,มหาสารคาม,ศรีพัฒนา,สำนักงานพัฒนาสังคมและความมั่นคงของมนุษย์จังหวัดมหาสารคาม
NCGPAY00030,NCG00030,4806263249604,ณัฐธิดา,มั่นคง,หญิง,2022-05-25,1340388966012,นภัสสร,แสนดี,ผู้ปกครองโดยชอบด้วยกฎหมาย,2023-01-13,2023-01-22,2023-01-22,2023-02-04,1,600,จ่ายสำเร็จ,โอนเข้าบัญชีธนาคาร,4,9500,ระบบออนไลน์,นครราชสีมา,เมืองนครราชสีมา,สำนักงานพัฒนาสังคมและความมั่นคงของมนุษย์จังหวัดนครราชสีมา
NCGPAY00428,NCG00035,1679964183456,ภาคิน,รัตนวงศ์,หญิง,2022-10-12,2741601830271,จิราภรณ์,นิลแก้ว,มารดา,2022-11-07,2022-12-03,2022-12-03,2023-02-11,2,600,จ่ายสำเร็จ,โอนเข้าบัญชีธนาคาร,3,5500,หน่วยบริการเคลื่อนที่,ปราจีนบุรี,ทุ่งสุข,สำนักงานพัฒนาสังคมและความมั่นคงของมนุษย์จังหวัดปราจีนบุรี
NCGPAY00311,NCG00081,1203775389306,สายฝน,ศรีสุข,ชาย,2022-04-21,7069019795497,ศิวกร,แสงจันทร์,มารดา,2022-12-17,2023-01-01,2023-01-01,2023-02-18,2,600,จ่ายสำเร็จ,โอนเข้าบัญชีธนาคาร,5,9250,เจ้าหน้าที่ช่วยลงทะเบียน,มหาสารคาม,ศรีพัฒนา,สำนักงานพัฒนาสังคมและความมั่นคงของมนุษย์จังหวัดมหาสารคาม
NCGPAY00410,NCG00123,7584503377666,ศุภลักษณ์,จำปาแก้ว,ชาย,2022-08-20,5372769401023,ชนิดา,วงศ์คำ,มารดา,2022-12-22,2023-01-10,2023-01-10,2023-02-19,2,600,จ่ายสำเร็จ,โอนเข้าบัญชีธนาคาร,5,5750,หน่วยบริการเคลื่อนที่,นราธิวาส,ศรีพัฒนา,สำนักงานพัฒนาสังคมและความมั่นคงของมนุษย์จังหวัดนราธิวาส
NCGPAY00209,NCG00209,2416387552781,มนัสวี,พรหมมา,หญิง,2023-01-21,6667633592226,วชิรวิทย์,บุญเกิด,มารดา,2023-02-16,2023-02-24,2023-02-24,2023-03-01,1,600,จ่ายสำเร็จ,พร้อมเพย์,2,4250,เจ้าหน้าที่ช่วยลงทะเบียน,เชียงใหม่,สันทราย,สำนักงานพัฒนาสังคมและความมั่นคงของมนุษย์จังหวัดเชียงใหม่
NCGPAY00074,NCG00074,6822597867864,ธนพร,นาคทอง,ชาย,2022-07-30,4690478151303,อัครเดช,คงเจริญ,มารดา,2023-02-18,2023-02-28,2023-02-28,2023-03-05,1,600,จ่ายสำเร็จ,พร้อมเพย์,3,3250,ระบบออนไลน์,ลำพูน,บ้านใหม่,สำนักงานพัฒนาสังคมและความมั่นคงของมนุษย์จังหวัดลำพูน
NCGPAY00115,NCG00115,4010769542037,รวิชญ์,แก้วกาญจน์,หญิง,2022-12-01,7366960558128,วนิดา,ทองอินทร์,บิดา,2023-02-09,2023-02-14,2023-02-14,2023-03-18,1,600,จ่ายสำเร็จ,โอนเข้าบัญชีธนาคาร,3,6500,ระบบออนไลน์,สุรินทร์,เมือง,สำนักงานพัฒนาสังคมและความมั่นคงของมนุษย์จังหวัดสุรินทร์
NCGPAY00118,NCG00118,5066980782101,รวิชญ์,วิริยะกุล,ชาย,2023-01-31,5712917041344,พีรพัฒน์,บุญมี,บิดา,2023-03-29,2023-04-09,2023-04-09,2023-04-11,1,600,จ่ายสำเร็จ,โอนเข้าบัญชีธนาคาร,2,14750,เจ้าหน้าที่ช่วยลงทะเบียน,ชลบุรี,บางละมุง,สำนักงานพัฒนาสังคมและความมั่นคงของมนุษย์จังหวัดชลบุรี
NCGPAY00265,NCG00265,7459068194929,นราวิชญ์,สุนทรวงศ์,ชาย,2022-12-11,3256095832457,ชนิดา,บุญเรือง,บิดา,2023-03-05,2023-04-01,2023-04-01,2023-04-15,1,600,จ่ายสำเร็จ,โอนเข้าบัญชีธนาคาร,6,11250,เจ้าหน้าที่ช่วยลงทะเบียน,ฉะเชิงเทรา,บ้านใหม่,สำนักงานพัฒนาสังคมและความมั่นคงของมนุษย์จังหวัดฉะเชิงเทรา
NCGPAY00096,NCG00096,3383093442551,สุภาวดี,ศรีสมบัติ,หญิง,2022-09-02,2971321562550,ศุภลักษณ์,จิตมั่น,มารดา,2023-03-22,2023-03-30,2023-03-30,2023-04-24,1,600,จ่ายสำเร็จ,โอนเข้าบัญชีธนาคาร,6,3000,หน่วยบริการเคลื่อนที่,ระยอง,ทุ่งสุข,สำนักงานพัฒนาสังคมและความมั่นคงของมนุษย์จังหวัดระยอง
NCGPAY00165,NCG00165,1238468717378,พีรวิชญ์,เมืองแก้ว,หญิง,2022-08-22,8891664441709,สุพัตรา,เพชรรัตน์,มารดา,2023-04-06,2023-04-21,2023-04-21,2023-05-08,1,600,จ่ายสำเร็จ,พร้อมเพย์,4,14250,ระบบออนไลน์,พัทลุง,หนองกลาง,สำนักงานพัฒนาสังคมและความมั่นคงของมนุษย์จังหวัดพัทลุง
NCGPAY00352,NCG00118,5066980782101,รวิชญ์,วิริยะกุล,ชาย,2023-01-31,5712917041344,พีรพัฒน์,บุญมี,บิดา,2023-03-29,2023-04-09,2023-04-09,2023-05-15,2,600,จ่ายสำเร็จ,โอนเข้าบัญชีธนาคาร,2,14750,เจ้าหน้าที่ช่วยลงทะเบียน,ชลบุรี,บางละมุง,สำนักงานพัฒนาสังคมและความมั่นคงของมนุษย์จังหวัดชลบุรี
NCGPAY00148,NCG00148,3130178026844,ภูริภัทร,มงคลชัย,หญิง,2022-12-11,4671684973721,ธนพร,รุ่งเรือง,บิดา,2023-04-10,2023-04-17,2023-04-17,2023-05-17,1,600,จ่ายสำเร็จ,โอนเข้าบัญชีธนาคาร,4,4250,ระบบออนไลน์,สงขลา,สิงหนคร,สำนักงานพัฒนาสังคมและความมั่นคงของมนุษย์จังหวัดสงขลา
NCGPAY00353,NCG00096,3383093442551,สุภาวดี,ศรีสมบัติ,หญิง,2022-09-02,2971321562550,ศุภลักษณ์,จิตมั่น,มารดา,2023-03-22,2023-03-30,2023-03-30,2023-05-28,2,600,จ่ายสำเร็จ,พร้อมเพย์,6,3000,หน่วยบริการเคลื่อนที่,ระยอง,ทุ่งสุข,สำนักงานพัฒนาสังคมและความมั่นคงของมนุษย์จังหวัดระยอง
NCGPAY00343,NCG00165,1238468717378,พีรวิชญ์,เมืองแก้ว,หญิง,2022-08-22,8891664441709,สุพัตรา,เพชรรัตน์,มารดา,2023-04-06,2023-04-21,2023-04-21,2023-06-06,2,600,จ่ายสำเร็จ,พร้อมเพย์,4,14250,ระบบออนไลน์,พัทลุง,หนองกลาง,สำนักงานพัฒนาสังคมและความมั่นคงของมนุษย์จังหวัดพัทลุง
NCGPAY00146,NCG00146,7845394773335,กฤษฎา,เพชรรัตน์,ชาย,2022-11-07,4421196577241,ศศิธร,ศรีนวล,มารดา,2023-05-15,2023-05-29,2023-05-29,2023-06-11,1,600,จ่ายสำเร็จ,พร้อมเพย์,5,8500,หน่วยบริการเคลื่อนที่,ร้อยเอ็ด,ศรีพัฒนา,สำนักงานพัฒนาสังคมและความมั่นคงของมนุษย์จังหวัดร้อยเอ็ด
NCGPAY00264,NCG00264,2016140203933,วรัญญา,เกิดผล,ชาย,2022-09-21,4029326420003,วรรณวิสา,เพชรรัตน์,บิดา,2023-04-17,2023-05-15,2023-05-15,2023-06-16,1,600,จ่ายสำเร็จ,โอนเข้าบัญชีธนาคาร,4,7250,ลงทะเบียน ณ หน่วยรับลงทะเบียน,ขอนแก่น,เมืองขอนแก่น,สำนักงานพัฒนาสังคมและความมั่นคงของมนุษย์จังหวัดขอนแก่น
NCGPAY00331,NCG00148,3130178026844,ภูริภัทร,มงคลชัย,หญิง,2022-12-11,4671684973721,ธนพร,รุ่งเรือง,บิดา,2023-04-10,2023-04-17,2023-04-17,2023-06-18,2,600,จ่ายสำเร็จ,พร้อมเพย์,4,4250,ระบบออนไลน์,สงขลา,สิงหนคร,สำนักงานพัฒนาสังคมและความมั่นคงของมนุษย์จังหวัดสงขลา
NCGPAY00206,NCG00206,6854204602659,ชนิดา,สุขสวัสดิ์,หญิง,2022-11-30,7326307048624,วชิรวิทย์,ศรีนวล,บิดา,2023-04-20,2023-05-19,2023-05-19,2023-06-20,1,600,จ่ายสำเร็จ,โอนเข้าบัญชีธนาคาร,6,4500,เจ้าหน้าที่ช่วยลงทะเบียน,นครปฐม,ศรีพัฒนา,สำนักงานพัฒนาสังคมและความมั่นคงของมนุษย์จังหวัดนครปฐม
NCGPAY00065,NCG00065,3337525563111,วรรณวิสา,พิทักษ์วงศ์,หญิง,2022-10-11,6263546401554,ณัฐวุฒิ,ทองมาก,มารดา,2023-05-14,2023-06-04,2023-06-04,2023-06-30,1,600,จ่ายสำเร็จ,โอนเข้าบัญชีธนาคาร,2,12250,หน่วยบริการเคลื่อนที่,เชียงราย,เมืองเชียงราย,สำนักงานพัฒนาสังคมและความมั่นคงของมนุษย์จังหวัดเชียงราย
NCGPAY00154,NCG00154,5002343513059,ชนน,ทรัพย์เจริญ,หญิง,2023-01-01,5017322484674,กัญญารัตน์,โชคชัย,บิดา,2023-06-18,2023-07-06,2023-07-06,2023-07-08,1,600,จ่ายสำเร็จ,โอนเข้าบัญชีธนาคาร,5,4000,เจ้าหน้าที่ช่วยลงทะเบียน,ตรัง,ทุ่งสุข,สำนักงานพัฒนาสังคมและความมั่นคงของมนุษย์จังหวัดตรัง
NCGPAY00327,NCG00146,7845394773335,กฤษฎา,เพชรรัตน์,ชาย,2022-11-07,4421196577241,ศศิธร,ศรีนวล,มารดา,2023-05-15,2023-05-29,2023-05-29,2023-07-12,2,600,จ่ายสำเร็จ,โอนเข้าบัญชีธนาคาร,5,8500,หน่วยบริการเคลื่อนที่,ร้อยเอ็ด,ศรีพัฒนา,สำนักงานพัฒนาสังคมและความมั่นคงของมนุษย์จังหวัดร้อยเอ็ด
NCGPAY00391,NCG00264,2016140203933,วรัญญา,เกิดผล,ชาย,2022-09-21,4029326420003,วรรณวิสา,เพชรรัตน์,บิดา,2023-04-17,2023-05-15,2023-05-15,2023-07-14,2,1200,จ่ายย้อนหลังรวมหลายงวด,พร้อมเพย์,4,7250,ลงทะเบียน ณ หน่วยรับลงทะเบียน,ขอนแก่น,เมืองขอนแก่น,สำนักงานพัฒนาสังคมและความมั่นคงของมนุษย์จังหวัดขอนแก่น
NCGPAY00500,NCG00148,3130178026844,ภูริภัทร,มงคลชัย,หญิง,2022-12-11,4671684973721,ธนพร,รุ่งเรือง,บิดา,2023-04-10,2023-04-17,2023-04-17,2023-07-18,3,600,จ่ายสำเร็จ,โอนเข้าบัญชีธนาคาร,4,4250,ระบบออนไลน์,สงขลา,สิงหนคร,สำนักงานพัฒนาสังคมและความมั่นคงของมนุษย์จังหวัดสงขลา
NCGPAY00111,NCG00111,4809391044889,พัชราภา,โพธิ์ทอง,หญิง,2023-04-27,1864211334809,ภูริณัฐ,สมบูรณ์ผล,มารดา,2023-06-07,2023-06-15,2023-06-15,2023-07-20,1,600,จ่ายสำเร็จ,พร้อมเพย์,2,13500,หน่วยบริการเคลื่อนที่,อุดรธานี,ทุ่งสุข,สำนักงานพัฒนาสังคมและความมั่นคงของมนุษย์จังหวัดอุดรธานี
NCGPAY00119,NCG00119,4939550292741,ณัฐธิดา,อ่อนละมุน,ชาย,2022-12-25,7072672362103,กฤษฎา,ทรัพย์เจริญ,มารดา,2023-06-14,2023-07-11,2023-07-11,2023-07-20,1,600,จ่ายสำเร็จ,โอนเข้าบัญชีธนาคาร,3,5000,หน่วยบริการเคลื่อนที่,สุราษฎร์ธานี,คลองใหม่,สำนักงานพัฒนาสังคมและความมั่นคงของมนุษย์จังหวัดสุราษฎร์ธานี
NCGPAY00308,NCG00206,6854204602659,ชนิดา,สุขสวัสดิ์,หญิง,2022-11-30,7326307048624,วชิรวิทย์,ศรีนวล,บิดา,2023-04-20,2023-05-19,2023-05-19,2023-07-21,2,600,จ่ายสำเร็จ,พร้อมเพย์,6,4500,เจ้าหน้าที่ช่วยลงทะเบียน,นครปฐม,ศรีพัฒนา,สำนักงานพัฒนาสังคมและความมั่นคงของมนุษย์จังหวัดนครปฐม
NCGPAY00203,NCG00203,8307617966931,รุจิรา,พูนทรัพย์,หญิง,2022-11-10,4990053303665,อนุชา,คำดี,มารดา,2023-06-23,2023-07-09,2023-07-09,2023-08-01,1,600,จ่ายสำเร็จ,โอนเข้าบัญชีธนาคาร,6,10250,เจ้าหน้าที่ช่วยลงทะเบียน,พิจิตร,ศรีพัฒนา,สำนักงานพัฒนาสังคมและความมั่นคงของมนุษย์จังหวัดพิจิตร
NCGPAY00219,NCG00219,1742216325548,มนัสวี,ประเสริฐศรี,หญิง,2023-03-14,6629218424657,นภัสสร,สุนทรวงศ์,มารดา,2023-07-29,2023-08-06,2023-08-06,2023-08-13,1,600,จ่ายสำเร็จ,โอนเข้าบัญชีธนาคาร,3,3500,ลงทะเบียน ณ หน่วยรับลงทะเบียน,ปราจีนบุรี,บ้านใหม่,สำนักงานพัฒนาสังคมและความมั่นคงของมนุษย์จังหวัดปราจีนบุรี
NCGPAY00461,NCG00264,2016140203933,วรัญญา,เกิดผล,ชาย,2022-09-21,4029326420003,วรรณวิสา,เพชรรัตน์,บิดา,2023-04-17,2023-05-15,2023-05-15,2023-08-16,3,1200,จ่ายย้อนหลังรวมหลายงวด,โอนเข้าบัญชีธนาคาร,4,7250,ลงทะเบียน ณ หน่วยรับลงทะเบียน,ขอนแก่น,เมืองขอนแก่น,สำนักงานพัฒนาสังคมและความมั่นคงของมนุษย์จังหวัดขอนแก่น
NCGPAY00393,NCG00119,4939550292741,ณัฐธิดา,อ่อนละมุน,ชาย,2022-12-25,7072672362103,กฤษฎา,ทรัพย์เจริญ,มารดา,2023-06-14,2023-07-11,2023-07-11,2023-08-24,2,600,จ่ายสำเร็จ,โอนเข้าบัญชีธนาคาร,3,5000,หน่วยบริการเคลื่อนที่,สุราษฎร์ธานี,คลองใหม่,สำนักงานพัฒนาสังคมและความมั่นคงของมนุษย์จังหวัดสุราษฎร์ธานี
NCGPAY00009,NCG00009,6112702933406,วรเมธ,เข็มทอง,หญิง,2023-02-25,5436214669613,ชลธิชา,พรหมมา,มารดา,2023-07-21,2023-07-25,2023-07-25,2023-08-25,1,600,จ่ายสำเร็จ,โอนเข้าบัญชีธนาคาร,5,13500,เจ้าหน้าที่ช่วยลงทะเบียน,ยะลา,คลองใหม่,สำนักงานพัฒนาสังคมและความมั่นคงของมนุษย์จังหวัดยะลา
NCGPAY00208,NCG00208,3330387062795,สายฝน,คงเจริญ,ชาย,2023-04-12,3805999728646,วรรณวิสา,กุลวงศ์,บิดา,2023-08-03,2023-08-21,2023-08-21,2023-09-04,1,600,จ่ายสำเร็จ,โอนเข้าบัญชีธนาคาร,7,8000,ระบบออนไลน์,ชลบุรี,พนัสนิคม,สำนักงานพัฒนาสังคมและความมั่นคงของมนุษย์จังหวัดชลบุรี
NCGPAY00347,NCG00203,8307617966931,รุจิรา,พูนทรัพย์,หญิง,2022-11-10,4990053303665,อนุชา,คำดี,มารดา,2023-06-23,2023-07-09,2023-07-09,2023-09-04,2,600,จ่ายสำเร็จ,โอนเข้าบัญชีธนาคาร,6,10250,เจ้าหน้าที่ช่วยลงทะเบียน,พิจิตร,ศรีพัฒนา,สำนักงานพัฒนาสังคมและความมั่นคงของมนุษย์จังหวัดพิจิตร
NCGPAY00237,NCG00237,7513468553822,กมลชนก,บุญเกิด,ชาย,2023-06-10,6977211830230,เบญจพร,นิ่มนวล,ผู้ปกครองโดยชอบด้วยกฎหมาย,2023-08-03,2023-08-06,2023-08-06,2023-09-05,1,600,จ่ายสำเร็จ,โอนเข้าบัญชีธนาคาร,7,2750,เจ้าหน้าที่ช่วยลงทะเบียน,พิจิตร,เมือง,สำนักงานพัฒนาสังคมและความมั่นคงของมนุษย์จังหวัดพิจิตร
NCGPAY00086,NCG00086,4004278741939,ปกรณ์,จำปาแก้ว,หญิง,2023-05-30,8799429790438,ชยพล,ศรีสุข,มารดา,2023-07-21,2023-08-06,2023-08-06,2023-09-10,1,1200,จ่ายย้อนหลังรวมหลายงวด,โอนเข้าบัญชีธนาคาร,5,7250,ลงทะเบียน ณ หน่วยรับลงทะเบียน,ระยอง,หนองกลาง,สำนักงานพัฒนาสังคมและความมั่นคงของมนุษย์จังหวัดระยอง
NCGPAY00424,NCG00219,1742216325548,มนัสวี,ประเสริฐศรี,หญิง,2023-03-14,6629218424657,นภัสสร,สุนทรวงศ์,มารดา,2023-07-29,2023-08-06,2023-08-06,2023-09-11,2,600,จ่ายสำเร็จ,โอนเข้าบัญชีธนาคาร,3,3500,ลงทะเบียน ณ หน่วยรับลงทะเบียน,ปราจีนบุรี,บ้านใหม่,สำนักงานพัฒนาสังคมและความมั่นคงของมนุษย์จังหวัดปราจีนบุรี
NCGPAY00079,NCG00079,2379738487106,ธนกฤต,สิงห์ทอง,หญิง,2022-12-09,2822584140046,อัญชลี,แสงจันทร์,มารดา,2023-08-05,2023-08-27,2023-08-27,2023-09-21,1,600,จ่ายสำเร็จ,โอนเข้าบัญชีธนาคาร,7,9250,หน่วยบริการเคลื่อนที่,สระบุรี,หนองกลาง,สำนักงานพัฒนาสังคมและความมั่นคงของมนุษย์จังหวัดสระบุรี
NCGPAY00462,NCG00119,4939550292741,ณัฐธิดา,อ่อนละมุน,ชาย,2022-12-25,7072672362103,กฤษฎา,ทรัพย์เจริญ,มารดา,2023-06-14,2023-07-11,2023-07-11,2023-09-21,3,600,จ่ายสำเร็จ,โอนเข้าบัญชีธนาคาร,3,5000,หน่วยบริการเคลื่อนที่,สุราษฎร์ธานี,คลองใหม่,สำนักงานพัฒนาสังคมและความมั่นคงของมนุษย์จังหวัดสุราษฎร์ธานี
NCGPAY00288,NCG00009,6112702933406,วรเมธ,เข็มทอง,หญิง,2023-02-25,5436214669613,ชลธิชา,พรหมมา,มารดา,2023-07-21,2023-07-25,2023-07-25,2023-09-26,2,600,จ่ายสำเร็จ,โอนเข้าบัญชีธนาคาร,5,13500,เจ้าหน้าที่ช่วยลงทะเบียน,ยะลา,คลองใหม่,สำนักงานพัฒนาสังคมและความมั่นคงของมนุษย์จังหวัดยะลา
NCGPAY00406,NCG00203,8307617966931,รุจิรา,พูนทรัพย์,หญิง,2022-11-10,4990053303665,อนุชา,คำดี,มารดา,2023-06-23,2023-07-09,2023-07-09,2023-10-02,3,600,จ่ายสำเร็จ,โอนเข้าบัญชีธนาคาร,6,10250,เจ้าหน้าที่ช่วยลงทะเบียน,พิจิตร,ศรีพัฒนา,สำนักงานพัฒนาสังคมและความมั่นคงของมนุษย์จังหวัดพิจิตร
NCGPAY00408,NCG00208,3330387062795,สายฝน,คงเจริญ,ชาย,2023-04-12,3805999728646,วรรณวิสา,กุลวงศ์,บิดา,2023-08-03,2023-08-21,2023-08-21,2023-10-02,2,600,จ่ายสำเร็จ,พร้อมเพย์,7,8000,ระบบออนไลน์,ชลบุรี,พนัสนิคม,สำนักงานพัฒนาสังคมและความมั่นคงของมนุษย์จังหวัดชลบุรี
NCGPAY00445,NCG00237,7513468553822,กมลชนก,บุญเกิด,ชาย,2023-06-10,6977211830230,เบญจพร,นิ่มนวล,ผู้ปกครองโดยชอบด้วยกฎหมาย,2023-08-03,2023-08-06,2023-08-06,2023-10-04,2,600,จ่ายสำเร็จ,พร้อมเพย์,7,2750,เจ้าหน้าที่ช่วยลงทะเบียน,พิจิตร,เมือง,สำนักงานพัฒนาสังคมและความมั่นคงของมนุษย์จังหวัดพิจิตร
NCGPAY00285,NCG00086,4004278741939,ปกรณ์,จำปาแก้ว,หญิง,2023-05-30,8799429790438,ชยพล,ศรีสุข,มารดา,2023-07-21,2023-08-06,2023-08-06,2023-10-09,2,600,จ่ายสำเร็จ,พร้อมเพย์,5,7250,ลงทะเบียน ณ หน่วยรับลงทะเบียน,ระยอง,หนองกลาง,สำนักงานพัฒนาสังคมและความมั่นคงของมนุษย์จังหวัดระยอง
NCGPAY00019,NCG00019,8058626251411,กิตติภัทร,นาคทอง,หญิง,2023-08-14,1910022406824,ปวีณา,คงเจริญ,มารดา,2023-09-04,2023-10-04,2023-10-04,2023-10-14,1,600,จ่ายสำเร็จ,พร้อมเพย์,7,13000,ลงทะเบียน ณ หน่วยรับลงทะเบียน,สุรินทร์,บ้านใหม่,สำนักงานพัฒนาสังคมและความมั่นคงของมนุษย์จังหวัดสุรินทร์
NCGPAY00495,NCG00219,1742216325548,มนัสวี,ประเสริฐศรี,หญิง,2023-03-14,6629218424657,นภัสสร,สุนทรวงศ์,มารดา,2023-07-29,2023-08-06,2023-08-06,2023-10-15,3,600,จ่ายสำเร็จ,โอนเข้าบัญชีธนาคาร,3,3500,ลงทะเบียน ณ หน่วยรับลงทะเบียน,ปราจีนบุรี,บ้านใหม่,สำนักงานพัฒนาสังคมและความมั่นคงของมนุษย์จังหวัดปราจีนบุรี
NCGPAY00042,NCG00042,7972318178827,ขวัญฤดี,สมบูรณ์ผล,หญิง,2023-07-22,7628574485502,วนิดา,อุดมศักดิ์,มารดา,2023-08-21,2023-09-17,2023-09-17,2023-10-20,1,600,จ่ายสำเร็จ,โอนเข้าบัญชีธนาคาร,6,13250,หน่วยบริการเคลื่อนที่,ตรัง,หนองกลาง,สำนักงานพัฒนาสังคมและความมั่นคงของมนุษย์จังหวัดตรัง
NCGPAY00301,NCG00079,2379738487106,ธนกฤต,สิงห์ทอง,หญิง,2022-12-09,2822584140046,อัญชลี,แสงจันทร์,มารดา,2023-08-05,2023-08-27,2023-08-27,2023-10-26,2,600,จ่ายสำเร็จ,พร้อมเพย์,7,9250,หน่วยบริการเคลื่อนที่,สระบุรี,หนองกลาง,สำนักงานพัฒนาสังคมและความมั่นคงของมนุษย์จังหวัดสระบุรี
NCGPAY00022,NCG00022,7311927639501,ปกรณ์,ยอดแก้ว,หญิง,2023-07-29,2241236265259,ชยพล,ใจดี,มารดา,2023-09-07,2023-10-07,2023-10-07,2023-10-28,1,600,จ่ายสำเร็จ,โอนเข้าบัญชีธนาคาร,6,13000,ระบบออนไลน์,พระนครศรีอยุธยา,ทุ่งสุข,สำนักงานพัฒนาสังคมและความมั่นคงของมนุษย์จังหวัดพระนครศรีอยุธยา
NCGPAY00470,NCG00237,7513468553822,กมลชนก,บุญเกิด,ชาย,2023-06-10,6977211830230,เบญจพร,นิ่มนวล,ผู้ปกครองโดยชอบด้วยกฎหมาย,2023-08-03,2023-08-06,2023-08-06,2023-11-06,3,600,จ่ายสำเร็จ,โอนเข้าบัญชีธนาคาร,7,2750,เจ้าหน้าที่ช่วยลงทะเบียน,พิจิตร,เมือง,สำนักงานพัฒนาสังคมและความมั่นคงของมนุษย์จังหวัดพิจิตร
NCGPAY00191,NCG00191,3072788604348,อาทิตยา,ศรีนวล,หญิง,2023-05-01,5057084560107,ภูริณัฐ,เกิดผล,มารดา,2023-10-19,2023-10-31,2023-10-31,2023-11-07,1,600,จ่ายสำเร็จ,พร้อมเพย์,4,5000,ลงทะเบียน ณ หน่วยรับลงทะเบียน,อุตรดิตถ์,ศรีพัฒนา,สำนักงานพัฒนาสังคมและความมั่นคงของมนุษย์จังหวัดอุตรดิตถ์
NCGPAY00214,NCG00214,7721811610341,ชุติมา,วัฒนกุล,หญิง,2023-06-30,4906403102464,พรทิพย์,บุญเกิด,บิดา,2023-10-08,2023-10-28,2023-10-28,2023-11-16,1,600,จ่ายสำเร็จ,โอนเข้าบัญชีธนาคาร,5,2500,หน่วยบริการเคลื่อนที่,ตรัง,ศรีพัฒนา,สำนักงานพัฒนาสังคมและความมั่นคงของมนุษย์จังหวัดตรัง
NCGPAY00217,NCG00217,7069373225208,เมธาวี,นิลแก้ว,ชาย,2023-05-17,1069087243411,ภูริณัฐ,ทองสุข,บิดา,2023-09-27,2023-10-19,2023-10-19,2023-11-17,1,600,จ่ายสำเร็จ,โอนเข้าบัญชีธนาคาร,6,7750,เจ้าหน้าที่ช่วยลงทะเบียน,นครปฐม,เมือง,สำนักงานพัฒนาสังคมและความมั่นคงของมนุษย์จังหวัดนครปฐม
NCGPAY00150,NCG00150,1287022820071,มนัสวี,ทวีทรัพย์,ชาย,2023-03-26,6714863599539,พรทิพย์,ธรรมคุณ,มารดา,2023-10-09,2023-11-08,2023-11-08,2023-11-20,1,600,จ่ายสำเร็จ,พร้อมเพย์,6,14750,ลงทะเบียน ณ หน่วยรับลงทะเบียน,ร้อยเอ็ด,ทุ่งสุข,สำนักงานพัฒนาสังคมและความมั่นคงของมนุษย์จังหวัดร้อยเอ็ด
NCGPAY00345,NCG00042,7972318178827,ขวัญฤดี,สมบูรณ์ผล,หญิง,2023-07-22,7628574485502,วนิดา,อุดมศักดิ์,มารดา,2023-08-21,2023-09-17,2023-09-17,2023-11-20,2,600,จ่ายสำเร็จ,โอนเข้าบัญชีธนาคาร,6,13250,หน่วยบริการเคลื่อนที่,ตรัง,หนองกลาง,สำนักงานพัฒนาสังคมและความมั่นคงของมนุษย์จังหวัดตรัง
NCGPAY00261,NCG00261,3014027596212,กฤษฎา,พรหมมา,หญิง,2023-09-14,2448681810033,ชยพล,คำแสน,มารดา,2023-10-29,2023-11-25,2023-11-25,2023-12-02,1,600,จ่ายสำเร็จ,พร้อมเพย์,5,5500,ลงทะเบียน ณ หน่วยรับลงทะเบียน,ลำปาง,บ้านใหม่,สำนักงานพัฒนาสังคมและความมั่นคงของมนุษย์จังหวัดลำปาง
NCGPAY00205,NCG00205,5911981481047,ปิยธิดา,พูนทรัพย์,ชาย,2023-07-07,6635991487221,ณิชา,พิทักษ์วงศ์,มารดา,2023-10-19,2023-11-13,2023-11-13,2023-12-07,1,600,จ่ายสำเร็จ,พร้อมเพย์,2,2250,หน่วยบริการเคลื่อนที่,ขอนแก่น,บ้านไผ่,สำนักงานพัฒนาสังคมและความมั่นคงของมนุษย์จังหวัดขอนแก่น
NCGPAY00014,NCG00014,7411660149308,อาทิตยา,ปัญญาดี,หญิง,2023-05-05,2276901170526,รัตนา,พรหมมา,บิดา,2023-11-26,2023-12-01,2023-12-01,2023-12-09,1,600,จ่ายสำเร็จ,โอนเข้าบัญชีธนาคาร,3,10000,ลงทะเบียน ณ หน่วยรับลงทะเบียน,นครปฐม,คลองใหม่,สำนักงานพัฒนาสังคมและความมั่นคงของมนุษย์จังหวัดนครปฐม
NCGPAY00494,NCG00214,7721811610341,ชุติมา,วัฒนกุล,หญิง,2023-06-30,4906403102464,พรทิพย์,บุญเกิด,บิดา,2023-10-08,2023-10-28,2023-10-28,2023-12-16,2,600,จ่ายสำเร็จ,โอนเข้าบัญชีธนาคาร,5,2500,หน่วยบริการเคลื่อนที่,ตรัง,ศรีพัฒนา,สำนักงานพัฒนาสังคมและความมั่นคงของมนุษย์จังหวัดตรัง
NCGPAY00385,NCG00217,7069373225208,เมธาวี,นิลแก้ว,ชาย,2023-05-17,1069087243411,ภูริณัฐ,ทองสุข,บิดา,2023-09-27,2023-10-19,2023-10-19,2023-12-18,2,600,จ่ายสำเร็จ,โอนเข้าบัญชีธนาคาร,6,7750,เจ้าหน้าที่ช่วยลงทะเบียน,นครปฐม,เมือง,สำนักงานพัฒนาสังคมและความมั่นคงของมนุษย์จังหวัดนครปฐม
NCGPAY00493,NCG00042,7972318178827,ขวัญฤดี,สมบูรณ์ผล,หญิง,2023-07-22,7628574485502,วนิดา,อุดมศักดิ์,มารดา,2023-08-21,2023-09-17,2023-09-17,2023-12-20,3,600,จ่ายสำเร็จ,โอนเข้าบัญชีธนาคาร,6,13250,หน่วยบริการเคลื่อนที่,ตรัง,หนองกลาง,สำนักงานพัฒนาสังคมและความมั่นคงของมนุษย์จังหวัดตรัง
NCGPAY00417,NCG00150,1287022820071,มนัสวี,ทวีทรัพย์,ชาย,2023-03-26,6714863599539,พรทิพย์,ธรรมคุณ,มารดา,2023-10-09,2023-11-08,2023-11-08,2023-12-21,2,600,จ่ายสำเร็จ,โอนเข้าบัญชีธนาคาร,6,14750,ลงทะเบียน ณ หน่วยรับลงทะเบียน,ร้อยเอ็ด,ทุ่งสุข,สำนักงานพัฒนาสังคมและความมั่นคงของมนุษย์จังหวัดร้อยเอ็ด
NCGPAY00116,NCG00116,4993489079986,ชนิดา,สมบูรณ์ผล,หญิง,2023-09-30,5930319898175,วชิรวิทย์,แสงเพชร,มารดา,2023-11-12,2023-11-28,2023-11-28,2023-12-25,1,600,จ่ายสำเร็จ,โอนเข้าบัญชีธนาคาร,3,5000,ลงทะเบียน ณ หน่วยรับลงทะเบียน,อุดรธานี,บ้านใหม่,สำนักงานพัฒนาสังคมและความมั่นคงของมนุษย์จังหวัดอุดรธานี
NCGPAY00231,NCG00231,2154988760982,ศิรินภา,วงศ์สวัสดิ์,หญิง,2023-08-14,1662630763628,ภัทรพล,ธรรมรักษ์,มารดา,2023-12-02,2023-12-13,2023-12-13,2023-12-31,1,600,จ่ายสำเร็จ,โอนเข้าบัญชีธนาคาร,3,4250,ระบบออนไลน์,ลำปาง,คลองใหม่,สำนักงานพัฒนาสังคมและความมั่นคงของมนุษย์จังหวัดลำปาง
NCGPAY00023,NCG00023,1711069285392,ณิชาภัทร,วัฒนกุล,ชาย,2023-06-05,5863969138748,กมลชนก,ร่มเย็น,มารดา,2023-12-04,2023-12-13,2023-12-13,2024-01-09,1,600,จ่ายสำเร็จ,พร้อมเพย์,3,12500,เจ้าหน้าที่ช่วยลงทะเบียน,ยะลา,คลองใหม่,สำนักงานพัฒนาสังคมและความมั่นคงของมนุษย์จังหวัดยะลา
NCGPAY00377,NCG00205,5911981481047,ปิยธิดา,พูนทรัพย์,ชาย,2023-07-07,6635991487221,ณิชา,พิทักษ์วงศ์,มารดา,2023-10-19,2023-11-13,2023-11-13,2024-01-10,2,600,จ่ายสำเร็จ,โอนเข้าบัญชีธนาคาร,2,2250,หน่วยบริการเคลื่อนที่,ขอนแก่น,บ้านไผ่,สำนักงานพัฒนาสังคมและความมั่นคงของมนุษย์จังหวัดขอนแก่น
NCGPAY00405,NCG00217,7069373225208,เมธาวี,นิลแก้ว,ชาย,2023-05-17,1069087243411,ภูริณัฐ,ทองสุข,บิดา,2023-09-27,2023-10-19,2023-10-19,2024-01-20,3,1800,จ่ายย้อนหลังรวมหลายงวด,พร้อมเพย์,6,7750,เจ้าหน้าที่ช่วยลงทะเบียน,นครปฐม,เมือง,สำนักงานพัฒนาสังคมและความมั่นคงของมนุษย์จังหวัดนครปฐม
NCGPAY00437,NCG00116,4993489079986,ชนิดา,สมบูรณ์ผล,หญิง,2023-09-30,5930319898175,วชิรวิทย์,แสงเพชร,มารดา,2023-11-12,2023-11-28,2023-11-28,2024-01-24,2,600,จ่ายสำเร็จ,โอนเข้าบัญชีธนาคาร,3,5000,ลงทะเบียน ณ หน่วยรับลงทะเบียน,อุดรธานี,บ้านใหม่,สำนักงานพัฒนาสังคมและความมั่นคงของมนุษย์จังหวัดอุดรธานี
NCGPAY00236,NCG00236,2112905795901,ขวัญฤดี,สุขเกษม,หญิง,2023-06-22,5991546586418,อัญชลี,คำแสน,มารดา,2023-12-27,2024-01-21,2024-01-21,2024-01-25,1,600,จ่ายสำเร็จ,โอนเข้าบัญชีธนาคาร,4,11750,หน่วยบริการเคลื่อนที่,สมุทรสาคร,หนองกลาง,สำนักงานพัฒนาสังคมและความมั่นคงของมนุษย์จังหวัดสมุทรสาคร
NCGPAY00127,NCG00127,7034118231848,อภิญญา,สุวรรณศรี,หญิง,2023-10-27,6388482038156,ธนภัทร,บุญช่วย,มารดา,2023-12-03,2023-12-23,2023-12-23,2024-01-26,1,600,จ่ายสำเร็จ,โอนเข้าบัญชีธนาคาร,5,10750,หน่วยบริการเคลื่อนที่,พิจิตร,ทุ่งสุข,สำนักงานพัฒนาสังคมและความมั่นคงของมนุษย์จังหวัดพิจิตร
NCGPAY00222,NCG00222,2696728529820,วรรณวิสา,แสงทอง,หญิง,2023-08-09,4974925388431,สุรศักดิ์,เรืองฤทธิ์,บิดา,2024-01-15,2024-01-26,2024-01-26,2024-02-07,1,600,จ่ายสำเร็จ,โอนเข้าบัญชีธนาคาร,2,11500,เจ้าหน้าที่ช่วยลงทะเบียน,อุตรดิตถ์,หนองกลาง,สำนักงานพัฒนาสังคมและความมั่นคงของมนุษย์จังหวัดอุตรดิตถ์
NCGPAY00404,NCG00023,1711069285392,ณิชาภัทร,วัฒนกุล,ชาย,2023-06-05,5863969138748,กมลชนก,ร่มเย็น,มารดา,2023-12-04,2023-12-13,2023-12-13,2024-02-13,2,600,จ่ายสำเร็จ,โอนเข้าบัญชีธนาคาร,3,12500,เจ้าหน้าที่ช่วยลงทะเบียน,ยะลา,คลองใหม่,สำนักงานพัฒนาสังคมและความมั่นคงของมนุษย์จังหวัดยะลา
NCGPAY00255,NCG00255,5931255930678,ชนน,เมืองแก้ว,หญิง,2023-06-12,6579075718815,ศิริพร,แสงจันทร์,มารดา,2024-01-05,2024-01-20,2024-01-20,2024-02-19,1,1800,จ่ายย้อนหลังรวมหลายงวด,โอนเข้าบัญชีธนาคาร,4,7250,ระบบออนไลน์,เชียงใหม่,เมืองเชียงใหม่,สำนักงานพัฒนาสังคมและความมั่นคงของมนุษย์จังหวัดเชียงใหม่
NCGPAY00278,NCG00278,7622134403618,รวิชญ์,โพธิ์ทอง,หญิง,2023-08-06,5451774024273,ปัทมา,ปัญญาดี,มารดา,2024-01-05,2024-01-22,2024-01-22,2024-02-19,1,600,จ่ายสำเร็จ,โอนเข้าบัญชีธนาคาร,3,6500,ระบบออนไลน์,นครสวรรค์,หนองกลาง,สำนักงานพัฒนาสังคมและความมั่นคงของมนุษย์จังหวัดนครสวรรค์
NCGPAY00040,NCG00040,2546416349762,ณัฐภัทร,พรหมมา,ชาย,2023-12-17,4543633079937,สุรศักดิ์,คงมั่น,มารดา,2024-01-03,2024-02-02,2024-02-02,2024-02-22,1,600,จ่ายสำเร็จ,พร้อมเพย์,5,7750,ระบบออนไลน์,ปทุมธานี,เมืองปทุมธานี,สำนักงานพัฒนาสังคมและความมั่นคงของมนุษย์จังหวัดปทุมธานี
NCGPAY00357,NCG00127,7034118231848,อภิญญา,สุวรรณศรี,หญิง,2023-10-27,6388482038156,ธนภัทร,บุญช่วย,มารดา,2023-12-03,2023-12-23,2023-12-23,2024-02-24,2,600,จ่ายสำเร็จ,โอนเข้าบัญชีธนาคาร,5,10750,หน่วยบริการเคลื่อนที่,พิจิตร,ทุ่งสุข,สำนักงานพัฒนาสังคมและความมั่นคงของมนุษย์จังหวัดพิจิตร
NCGPAY00072,NCG00072,3243437711418,กัลยา,สุขใจ,หญิง,2023-11-19,5437377248995,จิราภรณ์,พูนทรัพย์,มารดา,2024-01-22,2024-02-10,2024-02-10,2024-02-29,1,600,จ่ายสำเร็จ,พร้อมเพย์,6,12000,ลงทะเบียน ณ หน่วยรับลงทะเบียน,กระบี่,เมือง,สำนักงานพัฒนาสังคมและความมั่นคงของมนุษย์จังหวัดกระบี่
NCGPAY00195,NCG00195,2763077652277,ธนกฤต,วงศ์คำ,ชาย,2023-06-23,2890782704891,ธีรภัทร,วงศ์คำ,บิดา,2024-02-13,2024-02-20,2024-02-20,2024-03-03,1,600,จ่ายสำเร็จ,โอนเข้าบัญชีธนาคาร,7,2250,หน่วยบริการเคลื่อนที่,แพร่,หนองกลาง,สำนักงานพัฒนาสังคมและความมั่นคงของมนุษย์จังหวัดแพร่
NCGPAY00286,NCG00222,2696728529820,วรรณวิสา,แสงทอง,หญิง,2023-08-09,4974925388431,สุรศักดิ์,เรืองฤทธิ์,บิดา,2024-01-15,2024-01-26,2024-01-26,2024-03-06,2,600,จ่ายสำเร็จ,โอนเข้าบัญชีธนาคาร,2,11500,เจ้าหน้าที่ช่วยลงทะเบียน,อุตรดิตถ์,หนองกลาง,สำนักงานพัฒนาสังคมและความมั่นคงของมนุษย์จังหวัดอุตรดิตถ์
NCGPAY00411,NCG00023,1711069285392,ณิชาภัทร,วัฒนกุล,ชาย,2023-06-05,5863969138748,กมลชนก,ร่มเย็น,มารดา,2023-12-04,2023-12-13,2023-12-13,2024-03-15,3,600,จ่ายสำเร็จ,พร้อมเพย์,3,12500,เจ้าหน้าที่ช่วยลงทะเบียน,ยะลา,คลองใหม่,สำนักงานพัฒนาสังคมและความมั่นคงของมนุษย์จังหวัดยะลา
NCGPAY00156,NCG00156,5499312856054,กัลยา,รัตนวงศ์,หญิง,2024-01-12,4809332862708,ชนิดา,ธนากุล,บิดา,2024-02-14,2024-03-08,2024-03-08,2024-03-19,1,600,จ่ายสำเร็จ,พร้อมเพย์,6,11000,ลงทะเบียน ณ หน่วยรับลงทะเบียน,อุดรธานี,ศรีพัฒนา,สำนักงานพัฒนาสังคมและความมั่นคงของมนุษย์จังหวัดอุดรธานี
NCGPAY00430,NCG00255,5931255930678,ชนน,เมืองแก้ว,หญิง,2023-06-12,6579075718815,ศิริพร,แสงจันทร์,มารดา,2024-01-05,2024-01-20,2024-01-20,2024-03-20,2,1800,จ่ายย้อนหลังรวมหลายงวด,พร้อมเพย์,4,7250,ระบบออนไลน์,เชียงใหม่,เมืองเชียงใหม่,สำนักงานพัฒนาสังคมและความมั่นคงของมนุษย์จังหวัดเชียงใหม่
NCGPAY00315,NCG00040,2546416349762,ณัฐภัทร,พรหมมา,ชาย,2023-12-17,4543633079937,สุรศักดิ์,คงมั่น,มารดา,2024-01-03,2024-02-02,2024-02-02,2024-03-21,2,600,จ่ายสำเร็จ,โอนเข้าบัญชีธนาคาร,5,7750,ระบบออนไลน์,ปทุมธานี,เมืองปทุมธานี,สำนักงานพัฒนาสังคมและความมั่นคงของมนุษย์จังหวัดปทุมธานี
NCGPAY00233,NCG00233,4684217474366,สุภาวดี,สุขเกษม,หญิง,2023-12-29,8738188952906,ชนิดา,ทองมาก,บิดา,2024-03-10,2024-03-21,2024-03-21,2024-03-25,1,600,จ่ายสำเร็จ,โอนเข้าบัญชีธนาคาร,6,8250,หน่วยบริการเคลื่อนที่,สุพรรณบุรี,เมือง,สำนักงานพัฒนาสังคมและความมั่นคงของมนุษย์จังหวัดสุพรรณบุรี
NCGPAY00387,NCG00278,7622134403618,รวิชญ์,โพธิ์ทอง,หญิง,2023-08-06,5451774024273,ปัทมา,ปัญญาดี,มารดา,2024-01-05,2024-01-22,2024-01-22,2024-03-25,2,600,จ่ายสำเร็จ,โอนเข้าบัญชีธนาคาร,3,6500,ระบบออนไลน์,นครสวรรค์,หนองกลาง,สำนักงานพัฒนาสังคมและความมั่นคงของมนุษย์จังหวัดนครสวรรค์
NCGPAY00397,NCG00127,7034118231848,อภิญญา,สุวรรณศรี,หญิง,2023-10-27,6388482038156,ธนภัทร,บุญช่วย,มารดา,2023-12-03,2023-12-23,2023-12-23,2024-03-25,3,600,จ่ายสำเร็จ,พร้อมเพย์,5,10750,หน่วยบริการเคลื่อนที่,พิจิตร,ทุ่งสุข,สำนักงานพัฒนาสังคมและความมั่นคงของมนุษย์จังหวัดพิจิตร
NCGPAY00139,NCG00139,2034926444824,กมลชนก,เรืองฤทธิ์,ชาย,2023-12-26,2860863018482,ธนกฤต,วัฒนกุล,มารดา,2024-03-12,2024-03-30,2024-03-30,2024-04-06,1,600,จ่ายสำเร็จ,โอนเข้าบัญชีธนาคาร,5,9750,ลงทะเบียน ณ หน่วยรับลงทะเบียน,นนทบุรี,บางบัวทอง,สำนักงานพัฒนาสังคมและความมั่นคงของมนุษย์จังหวัดนนทบุรี
NCGPAY00207,NCG00207,1508678020559,พัชราภา,แสงจันทร์,ชาย,2023-09-08,5004805414414,ภูริณัฐ,บุญมี,มารดา,2024-03-07,2024-04-04,2024-04-04,2024-04-10,1,600,จ่ายสำเร็จ,โอนเข้าบัญชีธนาคาร,7,14500,เจ้าหน้าที่ช่วยลงทะเบียน,ตรัง,เมือง,สำนักงานพัฒนาสังคมและความมั่นคงของมนุษย์จังหวัดตรัง
NCGPAY00275,NCG00275,6412232545488,ณัฐธิดา,พรมศรี,หญิง,2023-08-17,7281891457484,นพดล,โพธิ์ทอง,มารดา,2024-02-26,2024-03-20,2024-03-20,2024-04-10,1,1200,จ่ายย้อนหลังรวมหลายงวด,โอนเข้าบัญชีธนาคาร,4,14250,ระบบออนไลน์,ระยอง,คลองใหม่,สำนักงานพัฒนาสังคมและความมั่นคงของมนุษย์จังหวัดระยอง
NCGPAY00147,NCG00147,4681324578448,อัครเดช,ทองสุข,ชาย,2023-09-25,3216467734061,ชุติมา,วัฒนกุล,มารดา,2024-03-24,2024-04-03,2024-04-03,2024-04-13,1,1200,จ่ายย้อนหลังรวมหลายงวด,โอนเข้าบัญชีธนาคาร,7,2000,เจ้าหน้าที่ช่วยลงทะเบียน,สุราษฎร์ธานี,ทุ่งสุข,สำนักงานพัฒนาสังคมและความมั่นคงของมนุษย์จังหวัดสุราษฎร์ธานี
NCGPAY00157,NCG00157,8794221720068,วรเมธ,ประเสริฐศรี,หญิง,2023-10-22,2188721437675,นภัสสร,โพธิ์ทอง,มารดา,2024-03-27,2024-04-10,2024-04-10,2024-04-15,1,600,จ่ายสำเร็จ,โอนเข้าบัญชีธนาคาร,6,11500,ระบบออนไลน์,ฉะเชิงเทรา,ทุ่งสุข,สำนักงานพัฒนาสังคมและความมั่นคงของมนุษย์จังหวัดฉะเชิงเทรา
NCGPAY00332,NCG00156,5499312856054,กัลยา,รัตนวงศ์,หญิง,2024-01-12,4809332862708,ชนิดา,ธนากุล,บิดา,2024-02-14,2024-03-08,2024-03-08,2024-04-16,2,1200,จ่ายย้อนหลังรวมหลายงวด,โอนเข้าบัญชีธนาคาร,6,11000,ลงทะเบียน ณ หน่วยรับลงทะเบียน,อุดรธานี,ศรีพัฒนา,สำนักงานพัฒนาสังคมและความมั่นคงของมนุษย์จังหวัดอุดรธานี
NCGPAY00249,NCG00249,6844038585389,กมลชนก,ทองอินทร์,หญิง,2023-11-20,3763431847089,สุภาวดี,คงเจริญ,มารดา,2024-02-19,2024-03-18,2024-03-18,2024-04-19,1,600,จ่ายสำเร็จ,โอนเข้าบัญชีธนาคาร,7,11750,หน่วยบริการเคลื่อนที่,สระแก้ว,เมือง,สำนักงานพัฒนาสังคมและความมั่นคงของมนุษย์จังหวัดสระแก้ว
NCGPAY00400,NCG00139,2034926444824,กมลชนก,เรืองฤทธิ์,ชาย,2023-12-26,2860863018482,ธนกฤต,วัฒนกุล,มารดา,2024-03-12,2024-03-30,2024-03-30,2024-05-05,2,600,จ่ายสำเร็จ,โอนเข้าบัญชีธนาคาร,5,9750,ลงทะเบียน ณ หน่วยรับลงทะเบียน,นนทบุรี,บางบัวทอง,สำนักงานพัฒนาสังคมและความมั่นคงของมนุษย์จังหวัดนนทบุรี
NCGPAY00338,NCG00207,1508678020559,พัชราภา,แสงจันทร์,ชาย,2023-09-08,5004805414414,ภูริณัฐ,บุญมี,มารดา,2024-03-07,2024-04-04,2024-04-04,2024-05-13,2,600,จ่ายสำเร็จ,พร้อมเพย์,7,14500,เจ้าหน้าที่ช่วยลงทะเบียน,ตรัง,เมือง,สำนักงานพัฒนาสังคมและความมั่นคงของมนุษย์จังหวัดตรัง
NCGPAY00381,NCG00147,4681324578448,อัครเดช,ทองสุข,ชาย,2023-09-25,3216467734061,ชุติมา,วัฒนกุล,มารดา,2024-03-24,2024-04-03,2024-04-03,2024-05-15,2,600,จ่ายสำเร็จ,โอนเข้าบัญชีธนาคาร,7,2000,เจ้าหน้าที่ช่วยลงทะเบียน,สุราษฎร์ธานี,ทุ่งสุข,สำนักงานพัฒนาสังคมและความมั่นคงของมนุษย์จังหวัดสุราษฎร์ธานี
NCGPAY00320,NCG00157,8794221720068,วรเมธ,ประเสริฐศรี,หญิง,2023-10-22,2188721437675,นภัสสร,โพธิ์ทอง,มารดา,2024-03-27,2024-04-10,2024-04-10,2024-05-19,2,600,จ่ายสำเร็จ,โอนเข้าบัญชีธนาคาร,6,11500,ระบบออนไลน์,ฉะเชิงเทรา,ทุ่งสุข,สำนักงานพัฒนาสังคมและความมั่นคงของมนุษย์จังหวัดฉะเชิงเทรา
NCGPAY00080,NCG00080,1567960319344,นภัสสร,มงคลชัย,หญิง,2023-09-13,7047418035150,กมลชนก,เพชรรัตน์,มารดา,2024-05-07,2024-05-26,2024-05-26,2024-06-11,1,600,จ่ายสำเร็จ,โอนเข้าบัญชีธนาคาร,7,12500,หน่วยบริการเคลื่อนที่,นครศรีธรรมราช,บ้านใหม่,สำนักงานพัฒนาสังคมและความมั่นคงของมนุษย์จังหวัดนครศรีธรรมราช
NCGPAY00325,NCG00157,8794221720068,วรเมธ,ประเสริฐศรี,หญิง,2023-10-22,2188721437675,นภัสสร,โพธิ์ทอง,มารดา,2024-03-27,2024-04-10,2024-04-10,2024-06-23,3,600,จ่ายสำเร็จ,โอนเข้าบัญชีธนาคาร,6,11500,ระบบออนไลน์,ฉะเชิงเทรา,ทุ่งสุข,สำนักงานพัฒนาสังคมและความมั่นคงของมนุษย์จังหวัดฉะเชิงเทรา
NCGPAY00087,NCG00087,2443182373342,ธนพร,กุลวงศ์,ชาย,2023-10-26,2800765578866,ชลธิชา,กุลวงศ์,มารดา,2024-06-18,2024-06-23,2024-06-23,2024-06-25,1,1800,จ่ายย้อนหลังรวมหลายงวด,พร้อมเพย์,7,10250,ระบบออนไลน์,ระยอง,คลองใหม่,สำนักงานพัฒนาสังคมและความมั่นคงของมนุษย์จังหวัดระยอง
NCGPAY00051,NCG00051,1955805695341,จิราภรณ์,อุดมศักดิ์,หญิง,2024-04-08,1670286503720,ธัญชนก,ใจดี,มารดา,2024-06-03,2024-06-21,2024-06-21,2024-07-05,1,600,จ่ายสำเร็จ,โอนเข้าบัญชีธนาคาร,6,8500,ระบบออนไลน์,ลำพูน,เมือง,สำนักงานพัฒนาสังคมและความมั่นคงของมนุษย์จังหวัดลำพูน
NCGPAY00031,NCG00031,6063912569281,ชยุต,คำแสน,ชาย,2024-03-29,8723475784059,อัญชลี,ทองมาก,บิดา,2024-05-29,2024-06-26,2024-06-26,2024-07-07,1,600,จ่ายสำเร็จ,โอนเข้าบัญชีธนาคาร,5,7250,ระบบออนไลน์,กระบี่,บ้านใหม่,สำนักงานพัฒนาสังคมและความมั่นคงของมนุษย์จังหวัดกระบี่
NCGPAY00334,NCG00080,1567960319344,นภัสสร,มงคลชัย,หญิง,2023-09-13,7047418035150,กมลชนก,เพชรรัตน์,มารดา,2024-05-07,2024-05-26,2024-05-26,2024-07-12,2,600,จ่ายสำเร็จ,พร้อมเพย์,7,12500,หน่วยบริการเคลื่อนที่,นครศรีธรรมราช,บ้านใหม่,สำนักงานพัฒนาสังคมและความมั่นคงของมนุษย์จังหวัดนครศรีธรรมราช
NCGPAY00293,NCG00087,2443182373342,ธนพร,กุลวงศ์,ชาย,2023-10-26,2800765578866,ชลธิชา,กุลวงศ์,มารดา,2024-06-18,2024-06-23,2024-06-23,2024-07-25,2,600,จ่ายสำเร็จ,พร้อมเพย์,7,10250,ระบบออนไลน์,ระยอง,คลองใหม่,สำนักงานพัฒนาสังคมและความมั่นคงของมนุษย์จังหวัดระยอง
NCGPAY00241,NCG00241,3524766892950,ธีรดนย์,แก้วกาญจน์,หญิง,2024-04-29,8437700865622,ธีรภัทร,เมืองแก้ว,บิดา,2024-07-13,2024-07-31,2024-07-31,2024-08-02,1,600,จ่ายสำเร็จ,โอนเข้าบัญชีธนาคาร,7,11750,ระบบออนไลน์,สระบุรี,บ้านใหม่,สำนักงานพัฒนาสังคมและความมั่นคงของมนุษย์จังหวัดสระบุรี
NCGPAY00224,NCG00224,6942314063865,นภัสสร,วัฒนชัย,ชาย,2023-11-05,4635548560627,ธนกฤต,ประดับศรี,มารดา,2024-06-20,2024-07-04,2024-07-04,2024-08-03,1,600,จ่ายสำเร็จ,โอนเข้าบัญชีธนาคาร,4,10500,ลงทะเบียน ณ หน่วยรับลงทะเบียน,สุรินทร์,ศรีพัฒนา,สำนักงานพัฒนาสังคมและความมั่นคงของมนุษย์จังหวัดสุรินทร์
NCGPAY00491,NCG00051,1955805695341,จิราภรณ์,อุดมศักดิ์,หญิง,2024-04-08,1670286503720,ธัญชนก,ใจดี,มารดา,2024-06-03,2024-06-21,2024-06-21,2024-08-09,2,1800,จ่ายย้อนหลังรวมหลายงวด,โอนเข้าบัญชีธนาคาร,6,8500,ระบบออนไลน์,ลำพูน,เมือง,สำนักงานพัฒนาสังคมและความมั่นคงของมนุษย์จังหวัดลำพูน
NCGPAY00021,NCG00021,8917447989352,นภัสสร,อุดมศักดิ์,ชาย,2023-12-11,6221457123760,อาทิตยา,บุญมี,มารดา,2024-07-01,2024-07-17,2024-07-17,2024-08-11,1,600,จ่ายสำเร็จ,โอนเข้าบัญชีธนาคาร,7,12750,ลงทะเบียน ณ หน่วยรับลงทะเบียน,ร้อยเอ็ด,ทุ่งสุข,สำนักงานพัฒนาสังคมและความมั่นคงของมนุษย์จังหวัดร้อยเอ็ด
NCGPAY00192,NCG00192,4336679348757,ธนดล,ธรรมคุณ,หญิง,2023-12-06,6887032498304,ศศิธร,มงคลชัย,มารดา,2024-07-03,2024-07-25,2024-07-25,2024-08-23,1,600,จ่ายสำเร็จ,โอนเข้าบัญชีธนาคาร,2,3000,ลงทะเบียน ณ หน่วยรับลงทะเบียน,สระแก้ว,ทุ่งสุข,สำนักงานพัฒนาสังคมและความมั่นคงของมนุษย์จังหวัดสระแก้ว
NCGPAY00398,NCG00087,2443182373342,ธนพร,กุลวงศ์,ชาย,2023-10-26,2800765578866,ชลธิชา,กุลวงศ์,มารดา,2024-06-18,2024-06-23,2024-06-23,2024-08-23,3,600,จ่ายสำเร็จ,โอนเข้าบัญชีธนาคาร,7,10250,ระบบออนไลน์,ระยอง,คลองใหม่,สำนักงานพัฒนาสังคมและความมั่นคงของมนุษย์จังหวัดระยอง
NCGPAY00094,NCG00094,8229445505861,พิชญาภา,คุ้มภัย,หญิง,2024-02-18,3928748968711,นพดล,แสนดี,ผู้ปกครองโดยชอบด้วยกฎหมาย,2024-07-10,2024-07-28,2024-07-28,2024-08-25,1,1200,จ่ายย้อนหลังรวมหลายงวด,พร้อมเพย์,7,11000,ลงทะเบียน ณ หน่วยรับลงทะเบียน,สุราษฎร์ธานี,บ้านใหม่,สำนักงานพัฒนาสังคมและความมั่นคงของมนุษย์จังหวัดสุราษฎร์ธานี
NCGPAY00161,NCG00161,7081007014439,ภาคิน,เมืองแก้ว,ชาย,2024-05-21,3747354168121,วิภาวี,โพธิ์ทอง,มารดา,2024-07-28,2024-08-26,2024-08-26,2024-08-26,1,600,จ่ายสำเร็จ,โอนเข้าบัญชีธนาคาร,7,13750,เจ้าหน้าที่ช่วยลงทะเบียน,บุรีรัมย์,ทุ่งสุข,สำนักงานพัฒนาสังคมและความมั่นคงของมนุษย์จังหวัดบุรีรัมย์
NCGPAY00342,NCG00224,6942314063865,นภัสสร,วัฒนชัย,ชาย,2023-11-05,4635548560627,ธนกฤต,ประดับศรี,มารดา,2024-06-20,2024-07-04,2024-07-04,2024-09-04,2,600,จ่ายสำเร็จ,โอนเข้าบัญชีธนาคาร,4,10500,ลงทะเบียน ณ หน่วยรับลงทะเบียน,สุรินทร์,ศรีพัฒนา,สำนักงานพัฒนาสังคมและความมั่นคงของมนุษย์จังหวัดสุรินทร์
NCGPAY00204,NCG00204,8812706443560,อริสรา,ทรัพย์เจริญ,หญิง,2024-07-21,6021285211145,จักรพันธ์,ศรีสง่า,มารดา,2024-08-15,2024-08-26,2024-08-26,2024-09-18,1,600,จ่ายสำเร็จ,โอนเข้าบัญชีธนาคาร,7,5250,เจ้าหน้าที่ช่วยลงทะเบียน,นนทบุรี,ปากเกร็ด,สำนักงานพัฒนาสังคมและความมั่นคงของมนุษย์จังหวัดนนทบุรี
NCGPAY00436,NCG00094,8229445505861,พิชญาภา,คุ้มภัย,หญิง,2024-02-18,3928748968711,นพดล,แสนดี,ผู้ปกครองโดยชอบด้วยกฎหมาย,2024-07-10,2024-07-28,2024-07-28,2024-09-22,2,600,จ่ายสำเร็จ,โอนเข้าบัญชีธนาคาร,7,11000,ลงทะเบียน ณ หน่วยรับลงทะเบียน,สุราษฎร์ธานี,บ้านใหม่,สำนักงานพัฒนาสังคมและความมั่นคงของมนุษย์จังหวัดสุราษฎร์ธานี
NCGPAY00339,NCG00192,4336679348757,ธนดล,ธรรมคุณ,หญิง,2023-12-06,6887032498304,ศศิธร,มงคลชัย,มารดา,2024-07-03,2024-07-25,2024-07-25,2024-09-23,2,600,จ่ายสำเร็จ,โอนเข้าบัญชีธนาคาร,2,3000,ลงทะเบียน ณ หน่วยรับลงทะเบียน,สระแก้ว,ทุ่งสุข,สำนักงานพัฒนาสังคมและความมั่นคงของมนุษย์จังหวัดสระแก้ว
NCGPAY00003,NCG00003,1153238619508,กมลชนก,เกียรติไพศาล,หญิง,2024-05-17,2636212102733,ปวีณา,พิทักษ์วงศ์,มารดา,2024-08-22,2024-09-05,2024-09-05,2024-09-28,1,600,จ่ายสำเร็จ,โอนเข้าบัญชีธนาคาร,5,5750,เจ้าหน้าที่ช่วยลงทะเบียน,นราธิวาส,ทุ่งสุข,สำนักงานพัฒนาสังคมและความมั่นคงของมนุษย์จังหวัดนราธิวาส
NCGPAY00133,NCG00133,6347626340848,พิมพ์ชนก,คงมั่น,หญิง,2024-02-01,5041600482458,ธนพร,เจริญสุข,บิดา,2024-09-02,2024-09-28,2024-09-28,2024-10-01,1,600,จ่ายสำเร็จ,โอนเข้าบัญชีธนาคาร,2,8000,ลงทะเบียน ณ หน่วยรับลงทะเบียน,นนทบุรี,ปากเกร็ด,สำนักงานพัฒนาสังคมและความมั่นคงของมนุษย์จังหวัดนนทบุรี
NCGPAY00201,NCG00201,4130455906299,ณัฐธิดา,พรหมมา,ชาย,2024-04-12,7390114380940,วรัญญา,สุนทรวงศ์,บิดา,2024-08-27,2024-09-13,2024-09-13,2024-10-01,1,600,จ่ายสำเร็จ,โอนเข้าบัญชีธนาคาร,2,3000,ลงทะเบียน ณ หน่วยรับลงทะเบียน,อุบลราชธานี,ศรีพัฒนา,สำนักงานพัฒนาสังคมและความมั่นคงของมนุษย์จังหวัดอุบลราชธานี
NCGPAY00012,NCG00012,2007476414141,วายุ,วัฒนชัย,ชาย,2024-01-15,6736952382863,พรรณภา,ไชยวงศ์,มารดา,2024-08-19,2024-09-15,2024-09-15,2024-10-15,1,600,จ่ายสำเร็จ,โอนเข้าบัญชีธนาคาร,7,8750,ระบบออนไลน์,ชลบุรี,เมืองชลบุรี,สำนักงานพัฒนาสังคมและความมั่นคงของมนุษย์จังหวัดชลบุรี
NCGPAY00402,NCG00133,6347626340848,พิมพ์ชนก,คงมั่น,หญิง,2024-02-01,5041600482458,ธนพร,เจริญสุข,บิดา,2024-09-02,2024-09-28,2024-09-28,2024-10-30,2,600,จ่ายสำเร็จ,โอนเข้าบัญชีธนาคาร,2,8000,ลงทะเบียน ณ หน่วยรับลงทะเบียน,นนทบุรี,ปากเกร็ด,สำนักงานพัฒนาสังคมและความมั่นคงของมนุษย์จังหวัดนนทบุรี
NCGPAY00193,NCG00193,7326725368021,วนิดา,ทองดี,หญิง,2024-04-15,6880206256355,วนิดา,รุ่งเรือง,มารดา,2024-10-21,2024-10-26,2024-10-26,2024-11-04,1,600,จ่ายสำเร็จ,โอนเข้าบัญชีธนาคาร,3,14750,ระบบออนไลน์,อุดรธานี,เมือง,สำนักงานพัฒนาสังคมและความมั่นคงของมนุษย์จังหวัดอุดรธานี
NCGPAY00197,NCG00197,6720112086082,ชไมพร,เกิดผล,ชาย,2024-05-15,3032702224665,รัตนา,ทองดี,ผู้ปกครองโดยชอบด้วยกฎหมาย,2024-09-15,2024-10-11,2024-10-11,2024-11-05,1,600,จ่ายสำเร็จ,โอนเข้าบัญชีธนาคาร,4,4250,ระบบออนไลน์,นราธิวาส,เมือง,สำนักงานพัฒนาสังคมและความมั่นคงของมนุษย์จังหวัดนราธิวาส
NCGPAY00250,NCG00250,1459598089791,เมธาวี,อ่อนละมุน,ชาย,2024-07-26,5197174802702,พีรพัฒน์,ไชยวงศ์,มารดา,2024-10-11,2024-11-01,2024-11-01,2024-11-08,1,600,จ่ายสำเร็จ,พร้อมเพย์,7,4250,เจ้าหน้าที่ช่วยลงทะเบียน,สุรินทร์,บ้านใหม่,สำนักงานพัฒนาสังคมและความมั่นคงของมนุษย์จังหวัดสุรินทร์
NCGPAY00180,NCG00180,4104853624513,จุฑามาศ,พรหมมา,ชาย,2024-06-13,4998531366521,เบญจพร,วงศ์สวัสดิ์,มารดา,2024-10-04,2024-10-15,2024-10-15,2024-11-10,1,600,จ่ายสำเร็จ,โอนเข้าบัญชีธนาคาร,4,12500,หน่วยบริการเคลื่อนที่,นนทบุรี,บางบัวทอง,สำนักงานพัฒนาสังคมและความมั่นคงของมนุษย์จังหวัดนนทบุรี
NCGPAY00092,NCG00092,6262808476946,วนิดา,พิทักษ์วงศ์,ชาย,2024-04-14,2152608110458,กมลชนก,ชูศรี,มารดา,2024-09-26,2024-10-08,2024-10-08,2024-11-11,1,1800,จ่ายย้อนหลังรวมหลายงวด,พร้อมเพย์,3,5000,ลงทะเบียน ณ หน่วยรับลงทะเบียน,สระบุรี,เมือง,สำนักงานพัฒนาสังคมและความมั่นคงของมนุษย์จังหวัดสระบุรี
NCGPAY00262,NCG00262,4117368689091,ธนภัทร,ปัญญาดี,หญิง,2024-07-22,8212698320536,ปกรณ์,สุนทรวงศ์,มารดา,2024-10-10,2024-11-02,2024-11-02,2024-11-11,1,1200,จ่ายย้อนหลังรวมหลายงวด,พร้อมเพย์,6,11250,เจ้าหน้าที่ช่วยลงทะเบียน,ตรัง,คลองใหม่,สำนักงานพัฒนาสังคมและความมั่นคงของมนุษย์จังหวัดตรัง
NCGPAY00181,NCG00181,2648215185615,กมลชนก,วิริยะกุล,หญิง,2024-06-27,8253145000075,ศุภชัย,จันทร์ฉาย,บิดา,2024-09-20,2024-10-14,2024-10-14,2024-11-13,1,600,จ่ายสำเร็จ,พร้อมเพย์,2,8500,ระบบออนไลน์,นครปฐม,คลองใหม่,สำนักงานพัฒนาสังคมและความมั่นคงของมนุษย์จังหวัดนครปฐม
NCGPAY00100,NCG00100,8461705364111,นราวิชญ์,พิพัฒน์กุล,ชาย,2024-07-09,3007016109938,ศิริพร,เกิดผล,มารดา,2024-09-18,2024-10-16,2024-10-16,2024-11-14,1,600,จ่ายสำเร็จ,โอนเข้าบัญชีธนาคาร,2,11750,ระบบออนไลน์,อุบลราชธานี,บ้านใหม่,สำนักงานพัฒนาสังคมและความมั่นคงของมนุษย์จังหวัดอุบลราชธานี
NCGPAY00333,NCG00012,2007476414141,วายุ,วัฒนชัย,ชาย,2024-01-15,6736952382863,พรรณภา,ไชยวงศ์,มารดา,2024-08-19,2024-09-15,2024-09-15,2024-11-15,2,600,จ่ายสำเร็จ,โอนเข้าบัญชีธนาคาร,7,8750,ระบบออนไลน์,ชลบุรี,เมืองชลบุรี,สำนักงานพัฒนาสังคมและความมั่นคงของมนุษย์จังหวัดชลบุรี
NCGPAY00407,NCG00197,6720112086082,ชไมพร,เกิดผล,ชาย,2024-05-15,3032702224665,รัตนา,ทองดี,ผู้ปกครองโดยชอบด้วยกฎหมาย,2024-09-15,2024-10-11,2024-10-11,2024-12-05,2,1200,จ่ายย้อนหลังรวมหลายงวด,พร้อมเพย์,4,4250,ระบบออนไลน์,นราธิวาส,เมือง,สำนักงานพัฒนาสังคมและความมั่นคงของมนุษย์จังหวัดนราธิวาส
NCGPAY00366,NCG00193,7326725368021,วนิดา,ทองดี,หญิง,2024-04-15,6880206256355,วนิดา,รุ่งเรือง,มารดา,2024-10-21,2024-10-26,2024-10-26,2024-12-08,2,600,จ่ายสำเร็จ,พร้อมเพย์,3,14750,ระบบออนไลน์,อุดรธานี,เมือง,สำนักงานพัฒนาสังคมและความมั่นคงของมนุษย์จังหวัดอุดรธานี
NCGPAY00263,NCG00263,1119003715413,อริสรา,นิ่มนวล,หญิง,2024-07-25,6338929481538,อัญชลี,อ่อนละมุน,บิดา,2024-11-22,2024-11-25,2024-11-25,2024-12-09,1,600,จ่ายสำเร็จ,พร้อมเพย์,3,12250,เจ้าหน้าที่ช่วยลงทะเบียน,พระนครศรีอยุธยา,หนองกลาง,สำนักงานพัฒนาสังคมและความมั่นคงของมนุษย์จังหวัดพระนครศรีอยุธยา
NCGPAY00314,NCG00250,1459598089791,เมธาวี,อ่อนละมุน,ชาย,2024-07-26,5197174802702,พีรพัฒน์,ไชยวงศ์,มารดา,2024-10-11,2024-11-01,2024-11-01,2024-12-10,2,600,จ่ายสำเร็จ,โอนเข้าบัญชีธนาคาร,7,4250,เจ้าหน้าที่ช่วยลงทะเบียน,สุรินทร์,บ้านใหม่,สำนักงานพัฒนาสังคมและความมั่นคงของมนุษย์จังหวัดสุรินทร์
NCGPAY00321,NCG00180,4104853624513,จุฑามาศ,พรหมมา,ชาย,2024-06-13,4998531366521,เบญจพร,วงศ์สวัสดิ์,มารดา,2024-10-04,2024-10-15,2024-10-15,2024-12-10,2,600,จ่ายสำเร็จ,พร้อมเพย์,4,12500,หน่วยบริการเคลื่อนที่,นนทบุรี,บางบัวทอง,สำนักงานพัฒนาสังคมและความมั่นคงของมนุษย์จังหวัดนนทบุรี
NCGPAY00415,NCG00100,8461705364111,นราวิชญ์,พิพัฒน์กุล,ชาย,2024-07-09,3007016109938,ศิริพร,เกิดผล,มารดา,2024-09-18,2024-10-16,2024-10-16,2024-12-14,2,600,จ่ายสำเร็จ,โอนเข้าบัญชีธนาคาร,2,11750,ระบบออนไลน์,อุบลราชธานี,บ้านใหม่,สำนักงานพัฒนาสังคมและความมั่นคงของมนุษย์จังหวัดอุบลราชธานี
NCGPAY00044,NCG00044,7569771275880,อภิญญา,ศรีนวล,หญิง,2024-09-27,5348041820164,วชิรวิทย์,วัฒนกุล,บิดา,2024-11-06,2024-12-05,2024-12-05,2024-12-15,1,600,จ่ายสำเร็จ,โอนเข้าบัญชีธนาคาร,3,8250,ลงทะเบียน ณ หน่วยรับลงทะเบียน,อุบลราชธานี,ศรีพัฒนา,สำนักงานพัฒนาสังคมและความมั่นคงของมนุษย์จังหวัดอุบลราชธานี
NCGPAY00018,NCG00018,3357147437383,พีรวิชญ์,จันทร์หอม,ชาย,2024-08-09,2650938094689,อาทิตยา,บุญเกิด,บิดา,2024-11-19,2024-11-26,2024-11-26,2024-12-22,1,1800,จ่ายย้อนหลังรวมหลายงวด,พร้อมเพย์,7,1750,ระบบออนไลน์,นนทบุรี,ปากเกร็ด,สำนักงานพัฒนาสังคมและความมั่นคงของมนุษย์จังหวัดนนทบุรี
NCGPAY00248,NCG00248,6058464981804,วรรณวิสา,แสงเพชร,หญิง,2024-08-15,4879943199151,ชุติมา,ศรีนวล,มารดา,2024-12-07,2024-12-12,2024-12-12,2024-12-24,1,600,จ่ายสำเร็จ,โอนเข้าบัญชีธนาคาร,6,10750,หน่วยบริการเคลื่อนที่,สุพรรณบุรี,บ้านใหม่,สำนักงานพัฒนาสังคมและความมั่นคงของมนุษย์จังหวัดสุพรรณบุรี
NCGPAY00027,NCG00027,6064205654561,สุภาวดี,ยอดแก้ว,ชาย,2024-06-21,2359976046107,จิราภรณ์,ศรีนวล,บิดา,2024-12-11,2024-12-17,2024-12-17,2024-12-30,1,600,จ่ายสำเร็จ,พร้อมเพย์,5,6500,หน่วยบริการเคลื่อนที่,ยะลา,หนองกลาง,สำนักงานพัฒนาสังคมและความมั่นคงของมนุษย์จังหวัดยะลา
NCGPAY00005,NCG00005,3036385279850,วรเมธ,สุขเกษม,หญิง,2024-08-06,3355275778301,ศศิธร,คงเจริญ,มารดา,2024-12-13,2024-12-23,2024-12-23,2025-01-03,1,600,จ่ายสำเร็จ,พร้อมเพย์,3,8500,ระบบออนไลน์,สุราษฎร์ธานี,เมือง,สำนักงานพัฒนาสังคมและความมั่นคงของมนุษย์จังหวัดสุราษฎร์ธานี
NCGPAY00412,NCG00197,6720112086082,ชไมพร,เกิดผล,ชาย,2024-05-15,3032702224665,รัตนา,ทองดี,ผู้ปกครองโดยชอบด้วยกฎหมาย,2024-09-15,2024-10-11,2024-10-11,2025-01-03,3,600,จ่ายสำเร็จ,โอนเข้าบัญชีธนาคาร,4,4250,ระบบออนไลน์,นราธิวาส,เมือง,สำนักงานพัฒนาสังคมและความมั่นคงของมนุษย์จังหวัดนราธิวาส
NCGPAY00346,NCG00263,1119003715413,อริสรา,นิ่มนวล,หญิง,2024-07-25,6338929481538,อัญชลี,อ่อนละมุน,บิดา,2024-11-22,2024-11-25,2024-11-25,2025-01-13,2,1200,จ่ายย้อนหลังรวมหลายงวด,โอนเข้าบัญชีธนาคาร,3,12250,เจ้าหน้าที่ช่วยลงทะเบียน,พระนครศรีอยุธยา,หนองกลาง,สำนักงานพัฒนาสังคมและความมั่นคงของมนุษย์จังหวัดพระนครศรีอยุธยา
NCGPAY00370,NCG00044,7569771275880,อภิญญา,ศรีนวล,หญิง,2024-09-27,5348041820164,วชิรวิทย์,วัฒนกุล,บิดา,2024-11-06,2024-12-05,2024-12-05,2025-01-13,2,600,จ่ายสำเร็จ,พร้อมเพย์,3,8250,ลงทะเบียน ณ หน่วยรับลงทะเบียน,อุบลราชธานี,ศรีพัฒนา,สำนักงานพัฒนาสังคมและความมั่นคงของมนุษย์จังหวัดอุบลราชธานี
NCGPAY00105,NCG00105,4871562621101,ชไมพร,พิทักษ์วงศ์,หญิง,2024-11-11,4027002142600,นฤมล,ทองดี,มารดา,2024-12-08,2024-12-30,2024-12-30,2025-01-17,1,600,จ่ายสำเร็จ,โอนเข้าบัญชีธนาคาร,3,3250,หน่วยบริการเคลื่อนที่,สุพรรณบุรี,หนองกลาง,สำนักงานพัฒนาสังคมและความมั่นคงของมนุษย์จังหวัดสุพรรณบุรี
NCGPAY00069,NCG00069,2987816718185,ธีรภัทร,ชูศรี,หญิง,2024-12-13,5195442527360,ธิดารัตน์,ศรีสง่า,ผู้ปกครองโดยชอบด้วยกฎหมาย,2025-01-15,2025-01-18,2025-01-18,2025-01-18,1,600,จ่ายสำเร็จ,โอนเข้าบัญชีธนาคาร,5,9000,เจ้าหน้าที่ช่วยลงทะเบียน,ภูเก็ต,ถลาง,สำนักงานพัฒนาสังคมและความมั่นคงของมนุษย์จังหวัดภูเก็ต
NCGPAY00013,NCG00013,2156750551055,ณิชาภัทร,จันทร์ฉาย,ชาย,2024-09-16,6381949186403,ศิริพร,สิงห์ทอง,บิดา,2024-12-29,2025-01-16,2025-01-16,2025-01-21,1,1200,จ่ายย้อนหลังรวมหลายงวด,โอนเข้าบัญชีธนาคาร,3,13000,เจ้าหน้าที่ช่วยลงทะเบียน,สกลนคร,ศรีพัฒนา,สำนักงานพัฒนาสังคมและความมั่นคงของมนุษย์จังหวัดสกลนคร
NCGPAY00068,NCG00068,2643168295290,กฤติน,บัวแก้ว,ชาย,2024-05-01,2284721441643,ชลธิชา,จันทร์ฉาย,มารดา,2024-12-01,2024-12-25,2024-12-25,2025-01-24,1,600,จ่ายสำเร็จ,พร้อมเพย์,2,5500,เจ้าหน้าที่ช่วยลงทะเบียน,ขอนแก่น,บ้านไผ่,สำนักงานพัฒนาสังคมและความมั่นคงของมนุษย์จังหวัดขอนแก่น
NCGPAY00062,NCG00062,2316928251381,รวิชญ์,ศรีจันทร์,หญิง,2024-12-03,7825289897445,ศศิธร,เกษมสุข,บิดา,2024-12-28,2025-01-16,2025-01-16,2025-02-02,1,600,จ่ายสำเร็จ,โอนเข้าบัญชีธนาคาร,3,2250,ลงทะเบียน ณ หน่วยรับลงทะเบียน,ตราด,คลองใหม่,สำนักงานพัฒนาสังคมและความมั่นคงของมนุษย์จังหวัดตราด
NCGPAY00269,NCG00269,5782467502958,พัชรินทร์,รุ่งเรือง,หญิง,2024-11-13,4101642392784,ชลธิชา,เกิดผล,มารดา,2025-01-15,2025-01-31,2025-01-31,2025-02-10,1,600,จ่ายสำเร็จ,โอนเข้าบัญชีธนาคาร,5,2250,ระบบออนไลน์,ขอนแก่น,เมืองขอนแก่น,สำนักงานพัฒนาสังคมและความมั่นคงของมนุษย์จังหวัดขอนแก่น
NCGPAY00103,NCG00103,8814171986492,วายุ,พิทักษ์วงศ์,ชาย,2024-10-13,2348330222741,ณิชา,สวัสดิผล,มารดา,2024-12-25,2025-01-21,2025-01-21,2025-02-11,1,600,จ่ายสำเร็จ,พร้อมเพย์,4,7750,หน่วยบริการเคลื่อนที่,เชียงใหม่,หางดง,สำนักงานพัฒนาสังคมและความมั่นคงของมนุษย์จังหวัดเชียงใหม่
NCGPAY00291,NCG00069,2987816718185,ธีรภัทร,ชูศรี,หญิง,2024-12-13,5195442527360,ธิดารัตน์,ศรีสง่า,ผู้ปกครองโดยชอบด้วยกฎหมาย,2025-01-15,2025-01-18,2025-01-18,2025-02-15,2,600,จ่ายสำเร็จ,โอนเข้าบัญชีธนาคาร,5,9000,เจ้าหน้าที่ช่วยลงทะเบียน,ภูเก็ต,ถลาง,สำนักงานพัฒนาสังคมและความมั่นคงของมนุษย์จังหวัดภูเก็ต
NCGPAY00039,NCG00039,4518713777830,ชยพล,พรมศรี,หญิง,2024-10-29,5587313741118,ภูริณัฐ,สวัสดิผล,บิดา,2025-02-02,2025-02-19,2025-02-19,2025-02-19,1,600,จ่ายสำเร็จ,โอนเข้าบัญชีธนาคาร,4,13500,เจ้าหน้าที่ช่วยลงทะเบียน,อุตรดิตถ์,หนองกลาง,สำนักงานพัฒนาสังคมและความมั่นคงของมนุษย์จังหวัดอุตรดิตถ์
NCGPAY00016,NCG00016,4920132833501,อาทิตยา,นิลแก้ว,ชาย,2024-05-25,1481421616267,พัชราภา,ทองดี,บิดา,2025-01-15,2025-02-11,2025-02-11,2025-02-21,1,1800,จ่ายย้อนหลังรวมหลายงวด,โอนเข้าบัญชีธนาคาร,3,5750,เจ้าหน้าที่ช่วยลงทะเบียน,ยะลา,หนองกลาง,สำนักงานพัฒนาสังคมและความมั่นคงของมนุษย์จังหวัดยะลา
NCGPAY00418,NCG00068,2643168295290,กฤติน,บัวแก้ว,ชาย,2024-05-01,2284721441643,ชลธิชา,จันทร์ฉาย,มารดา,2024-12-01,2024-12-25,2024-12-25,2025-02-25,2,600,จ่ายสำเร็จ,โอนเข้าบัญชีธนาคาร,2,5500,เจ้าหน้าที่ช่วยลงทะเบียน,ขอนแก่น,บ้านไผ่,สำนักงานพัฒนาสังคมและความมั่นคงของมนุษย์จังหวัดขอนแก่น
NCGPAY00006,NCG00006,7159338166682,ชญานิศ,บุญช่วย,ชาย,2025-01-15,3601853021112,ปาริชาติ,สุขสวัสดิ์,มารดา,2025-02-16,2025-02-28,2025-02-28,2025-03-13,1,600,จ่ายสำเร็จ,โอนเข้าบัญชีธนาคาร,7,3250,หน่วยบริการเคลื่อนที่,นครปฐม,หนองกลาง,สำนักงานพัฒนาสังคมและความมั่นคงของมนุษย์จังหวัดนครปฐม
NCGPAY00413,NCG00103,8814171986492,วายุ,พิทักษ์วงศ์,ชาย,2024-10-13,2348330222741,ณิชา,สวัสดิผล,มารดา,2024-12-25,2025-01-21,2025-01-21,2025-03-18,2,600,จ่ายสำเร็จ,โอนเข้าบัญชีธนาคาร,4,7750,หน่วยบริการเคลื่อนที่,เชียงใหม่,หางดง,สำนักงานพัฒนาสังคมและความมั่นคงของมนุษย์จังหวัดเชียงใหม่
NCGPAY00309,NCG00039,4518713777830,ชยพล,พรมศรี,หญิง,2024-10-29,5587313741118,ภูริณัฐ,สวัสดิผล,บิดา,2025-02-02,2025-02-19,2025-02-19,2025-03-21,2,600,จ่ายสำเร็จ,พร้อมเพย์,4,13500,เจ้าหน้าที่ช่วยลงทะเบียน,อุตรดิตถ์,หนองกลาง,สำนักงานพัฒนาสังคมและความมั่นคงของมนุษย์จังหวัดอุตรดิตถ์
NCGPAY00183,NCG00183,3179408319013,ธนดล,ทวีทรัพย์,ชาย,2024-11-28,6691005047204,เบญจพร,ทองสุข,ผู้ปกครองโดยชอบด้วยกฎหมาย,2025-02-25,2025-03-12,2025-03-12,2025-03-24,1,600,จ่ายสำเร็จ,โอนเข้าบัญชีธนาคาร,3,14500,หน่วยบริการเคลื่อนที่,ราชบุรี,บ้านใหม่,สำนักงานพัฒนาสังคมและความมั่นคงของมนุษย์จังหวัดราชบุรี
NCGPAY00270,NCG00270,1287900655090,ภูริภัทร,พิพัฒน์กุล,หญิง,2025-01-13,4187314354202,สุรีย์พร,ทรัพย์เจริญ,มารดา,2025-03-01,2025-03-17,2025-03-17,2025-03-24,1,600,จ่ายสำเร็จ,โอนเข้าบัญชีธนาคาร,3,8750,ลงทะเบียน ณ หน่วยรับลงทะเบียน,นครศรีธรรมราช,เมือง,สำนักงานพัฒนาสังคมและความมั่นคงของมนุษย์จังหวัดนครศรีธรรมราช
NCGPAY00053,NCG00053,7791821701292,กัญญารัตน์,ชูศรี,หญิง,2024-09-21,3182451883395,กัญญารัตน์,รัตนวงศ์,บิดา,2025-02-27,2025-03-17,2025-03-17,2025-03-25,1,600,จ่ายสำเร็จ,พร้อมเพย์,2,9250,ระบบออนไลน์,ขอนแก่น,ชุมแพ,สำนักงานพัฒนาสังคมและความมั่นคงของมนุษย์จังหวัดขอนแก่น
NCGPAY00060,NCG00060,7365848629379,มยุรี,บัวทอง,หญิง,2024-07-20,8319302113135,ชยพล,สุขเกษม,มารดา,2025-03-04,2025-03-07,2025-03-07,2025-03-25,1,600,จ่ายสำเร็จ,พร้อมเพย์,2,14250,ลงทะเบียน ณ หน่วยรับลงทะเบียน,ขอนแก่น,เมืองขอนแก่น,สำนักงานพัฒนาสังคมและความมั่นคงของมนุษย์จังหวัดขอนแก่น
NCGPAY00221,NCG00221,5016881006382,เพ็ญนภา,คงมั่น,ชาย,2025-02-14,7299832843044,ปกรณ์,ปัญญาดี,มารดา,2025-03-03,2025-03-12,2025-03-12,2025-03-26,1,600,จ่ายสำเร็จ,โอนเข้าบัญชีธนาคาร,5,12250,ลงทะเบียน ณ หน่วยรับลงทะเบียน,ชลบุรี,ศรีราชา,สำนักงานพัฒนาสังคมและความมั่นคงของมนุษย์จังหวัดชลบุรี
NCGPAY00484,NCG00068,2643168295290,กฤติน,บัวแก้ว,ชาย,2024-05-01,2284721441643,ชลธิชา,จันทร์ฉาย,มารดา,2024-12-01,2024-12-25,2024-12-25,2025-03-27,3,600,จ่ายสำเร็จ,โอนเข้าบัญชีธนาคาร,2,5500,เจ้าหน้าที่ช่วยลงทะเบียน,ขอนแก่น,บ้านไผ่,สำนักงานพัฒนาสังคมและความมั่นคงของมนุษย์จังหวัดขอนแก่น
NCGPAY00002,NCG00002,3194531526914,สายฝน,พรมศรี,หญิง,2024-09-26,5647182724311,นฤมล,วัฒนชัย,ผู้ปกครองโดยชอบด้วยกฎหมาย,2025-03-14,2025-03-20,2025-03-20,2025-04-01,1,600,จ่ายสำเร็จ,โอนเข้าบัญชีธนาคาร,3,3750,หน่วยบริการเคลื่อนที่,แพร่,หนองกลาง,สำนักงานพัฒนาสังคมและความมั่นคงของมนุษย์จังหวัดแพร่
NCGPAY00225,NCG00225,4613433990414,รุจิรา,เจริญสุข,หญิง,2025-02-03,5891941916019,ศิริพร,จันทร์หอม,มารดา,2025-03-13,2025-03-31,2025-03-31,2025-04-12,1,600,จ่ายสำเร็จ,โอนเข้าบัญชีธนาคาร,3,8500,ระบบออนไลน์,สุรินทร์,ทุ่งสุข,สำนักงานพัฒนาสังคมและความมั่นคงของมนุษย์จังหวัดสุรินทร์
NCGPAY00372,NCG00006,7159338166682,ชญานิศ,บุญช่วย,ชาย,2025-01-15,3601853021112,ปาริชาติ,สุขสวัสดิ์,มารดา,2025-02-16,2025-02-28,2025-02-28,2025-04-15,2,600,จ่ายสำเร็จ,โอนเข้าบัญชีธนาคาร,7,3250,หน่วยบริการเคลื่อนที่,นครปฐม,หนองกลาง,สำนักงานพัฒนาสังคมและความมั่นคงของมนุษย์จังหวัดนครปฐม
NCGPAY00126,NCG00126,6484262886846,ชไมพร,จันทร์ฉาย,ชาย,2024-12-31,5629631755911,ปาริชาติ,โพธิ์ทอง,มารดา,2025-03-29,2025-04-13,2025-04-13,2025-04-20,1,600,จ่ายสำเร็จ,โอนเข้าบัญชีธนาคาร,6,11500,เจ้าหน้าที่ช่วยลงทะเบียน,พิษณุโลก,หนองกลาง,สำนักงานพัฒนาสังคมและความมั่นคงของมนุษย์จังหวัดพิษณุโลก
NCGPAY00443,NCG00183,3179408319013,ธนดล,ทวีทรัพย์,ชาย,2024-11-28,6691005047204,เบญจพร,ทองสุข,ผู้ปกครองโดยชอบด้วยกฎหมาย,2025-02-25,2025-03-12,2025-03-12,2025-04-22,2,600,จ่ายสำเร็จ,โอนเข้าบัญชีธนาคาร,3,14500,หน่วยบริการเคลื่อนที่,ราชบุรี,บ้านใหม่,สำนักงานพัฒนาสังคมและความมั่นคงของมนุษย์จังหวัดราชบุรี
NCGPAY00360,NCG00221,5016881006382,เพ็ญนภา,คงมั่น,ชาย,2025-02-14,7299832843044,ปกรณ์,ปัญญาดี,มารดา,2025-03-03,2025-03-12,2025-03-12,2025-04-24,2,1800,จ่ายย้อนหลังรวมหลายงวด,โอนเข้าบัญชีธนาคาร,5,12250,ลงทะเบียน ณ หน่วยรับลงทะเบียน,ชลบุรี,ศรีราชา,สำนักงานพัฒนาสังคมและความมั่นคงของมนุษย์จังหวัดชลบุรี
NCGPAY00059,NCG00059,8766382583510,ธิดารัตน์,อุดมศักดิ์,หญิง,2024-10-04,1771544268515,ปวีณา,บุญเรือง,บิดา,2025-03-10,2025-03-28,2025-03-28,2025-04-29,1,1200,จ่ายย้อนหลังรวมหลายงวด,โอนเข้าบัญชีธนาคาร,3,8250,ระบบออนไลน์,พัทลุง,คลองใหม่,สำนักงานพัฒนาสังคมและความมั่นคงของมนุษย์จังหวัดพัทลุง
NCGPAY00124,NCG00124,6305001939581,เพ็ญนภา,สมบูรณ์ผล,หญิง,2025-01-14,6770693544191,วิภาวี,ทองมาก,มารดา,2025-03-19,2025-04-16,2025-04-16,2025-04-29,1,1200,จ่ายย้อนหลังรวมหลายงวด,โอนเข้าบัญชีธนาคาร,5,2500,เจ้าหน้าที่ช่วยลงทะเบียน,ภูเก็ต,เมืองภูเก็ต,สำนักงานพัฒนาสังคมและความมั่นคงของมนุษย์จังหวัดภูเก็ต
NCGPAY00312,NCG00053,7791821701292,กัญญารัตน์,ชูศรี,หญิง,2024-09-21,3182451883395,กัญญารัตน์,รัตนวงศ์,บิดา,2025-02-27,2025-03-17,2025-03-17,2025-04-29,2,600,จ่ายสำเร็จ,พร้อมเพย์,2,9250,ระบบออนไลน์,ขอนแก่น,ชุมแพ,สำนักงานพัฒนาสังคมและความมั่นคงของมนุษย์จังหวัดขอนแก่น
NCGPAY00178,NCG00178,5467617875522,ชลธิชา,เกษมสุข,หญิง,2024-08-24,6175018023820,พรทิพย์,บุญส่ง,บิดา,2025-04-08,2025-05-02,2025-05-02,2025-05-03,1,600,จ่ายสำเร็จ,โอนเข้าบัญชีธนาคาร,5,10250,ลงทะเบียน ณ หน่วยรับลงทะเบียน,พิษณุโลก,ศรีพัฒนา,สำนักงานพัฒนาสังคมและความมั่นคงของมนุษย์จังหวัดพิษณุโลก
NCGPAY00085,NCG00085,5955023006223,สุภาวดี,โพธิ์ทอง,ชาย,2024-10-23,6221876707493,ศุภลักษณ์,สุทธิวงศ์,บิดา,2025-04-03,2025-04-07,2025-04-07,2025-05-06,1,600,จ่ายสำเร็จ,โอนเข้าบัญชีธนาคาร,3,12250,ลงทะเบียน ณ หน่วยรับลงทะเบียน,กระบี่,คลองใหม่,สำนักงานพัฒนาสังคมและความมั่นคงของมนุษย์จังหวัดกระบี่
NCGPAY00088,NCG00088,2990617869446,ศิรินภา,ทองสุข,ชาย,2024-09-24,8817210952932,พรรณภา,พรหมมา,มารดา,2025-04-05,2025-04-25,2025-04-25,2025-05-13,1,600,จ่ายสำเร็จ,โอนเข้าบัญชีธนาคาร,6,10250,หน่วยบริการเคลื่อนที่,สมุทรสาคร,ทุ่งสุข,สำนักงานพัฒนาสังคมและความมั่นคงของมนุษย์จังหวัดสมุทรสาคร
NCGPAY00452,NCG00225,4613433990414,รุจิรา,เจริญสุข,หญิง,2025-02-03,5891941916019,ศิริพร,จันทร์หอม,มารดา,2025-03-13,2025-03-31,2025-03-31,2025-05-17,2,600,จ่ายสำเร็จ,โอนเข้าบัญชีธนาคาร,3,8500,ระบบออนไลน์,สุรินทร์,ทุ่งสุข,สำนักงานพัฒนาสังคมและความมั่นคงของมนุษย์จังหวัดสุรินทร์
NCGPAY00379,NCG00126,6484262886846,ชไมพร,จันทร์ฉาย,ชาย,2024-12-31,5629631755911,ปาริชาติ,โพธิ์ทอง,มารดา,2025-03-29,2025-04-13,2025-04-13,2025-05-18,2,600,จ่ายสำเร็จ,โอนเข้าบัญชีธนาคาร,6,11500,เจ้าหน้าที่ช่วยลงทะเบียน,พิษณุโลก,หนองกลาง,สำนักงานพัฒนาสังคมและความมั่นคงของมนุษย์จังหวัดพิษณุโลก
NCGPAY00382,NCG00053,7791821701292,กัญญารัตน์,ชูศรี,หญิง,2024-09-21,3182451883395,กัญญารัตน์,รัตนวงศ์,บิดา,2025-02-27,2025-03-17,2025-03-17,2025-05-28,3,600,จ่ายสำเร็จ,โอนเข้าบัญชีธนาคาร,2,9250,ระบบออนไลน์,ขอนแก่น,ชุมแพ,สำนักงานพัฒนาสังคมและความมั่นคงของมนุษย์จังหวัดขอนแก่น
NCGPAY00449,NCG00221,5016881006382,เพ็ญนภา,คงมั่น,ชาย,2025-02-14,7299832843044,ปกรณ์,ปัญญาดี,มารดา,2025-03-03,2025-03-12,2025-03-12,2025-05-29,3,600,จ่ายสำเร็จ,โอนเข้าบัญชีธนาคาร,5,12250,ลงทะเบียน ณ หน่วยรับลงทะเบียน,ชลบุรี,ศรีราชา,สำนักงานพัฒนาสังคมและความมั่นคงของมนุษย์จังหวัดชลบุรี
NCGPAY00392,NCG00124,6305001939581,เพ็ญนภา,สมบูรณ์ผล,หญิง,2025-01-14,6770693544191,วิภาวี,ทองมาก,มารดา,2025-03-19,2025-04-16,2025-04-16,2025-06-03,2,600,จ่ายสำเร็จ,โอนเข้าบัญชีธนาคาร,5,2500,เจ้าหน้าที่ช่วยลงทะเบียน,ภูเก็ต,เมืองภูเก็ต,สำนักงานพัฒนาสังคมและความมั่นคงของมนุษย์จังหวัดภูเก็ต
NCGPAY00142,NCG00142,6386309992828,ศศิธร,สุทธิวงศ์,หญิง,2024-11-07,2652986180885,นิภาพร,เกษมสุข,มารดา,2025-04-30,2025-05-22,2025-05-22,2025-06-05,1,600,จ่ายสำเร็จ,พร้อมเพย์,4,13500,เจ้าหน้าที่ช่วยลงทะเบียน,สมุทรปราการ,หนองกลาง,สำนักงานพัฒนาสังคมและความมั่นคงของมนุษย์จังหวัดสมุทรปราการ
NCGPAY00056,NCG00056,6122534688276,วนิดา,สุขเกษม,หญิง,2025-02-08,2578911052541,ภัทรพล,รุ่งเรือง,มารดา,2025-05-16,2025-05-25,2025-05-25,2025-06-06,1,600,จ่ายสำเร็จ,พร้อมเพย์,5,4250,หน่วยบริการเคลื่อนที่,พระนครศรีอยุธยา,หนองกลาง,สำนักงานพัฒนาสังคมและความมั่นคงของมนุษย์จังหวัดพระนครศรีอยุธยา
NCGPAY00329,NCG00085,5955023006223,สุภาวดี,โพธิ์ทอง,ชาย,2024-10-23,6221876707493,ศุภลักษณ์,สุทธิวงศ์,บิดา,2025-04-03,2025-04-07,2025-04-07,2025-06-08,2,600,จ่ายสำเร็จ,โอนเข้าบัญชีธนาคาร,3,12250,ลงทะเบียน ณ หน่วยรับลงทะเบียน,กระบี่,คลองใหม่,สำนักงานพัฒนาสังคมและความมั่นคงของมนุษย์จังหวัดกระบี่
NCGPAY00469,NCG00088,2990617869446,ศิรินภา,ทองสุข,ชาย,2024-09-24,8817210952932,พรรณภา,พรหมมา,มารดา,2025-04-05,2025-04-25,2025-04-25,2025-06-13,2,600,จ่ายสำเร็จ,พร้อมเพย์,6,10250,หน่วยบริการเคลื่อนที่,สมุทรสาคร,ทุ่งสุข,สำนักงานพัฒนาสังคมและความมั่นคงของมนุษย์จังหวัดสมุทรสาคร
NCGPAY00390,NCG00126,6484262886846,ชไมพร,จันทร์ฉาย,ชาย,2024-12-31,5629631755911,ปาริชาติ,โพธิ์ทอง,มารดา,2025-03-29,2025-04-13,2025-04-13,2025-06-20,3,600,จ่ายสำเร็จ,โอนเข้าบัญชีธนาคาร,6,11500,เจ้าหน้าที่ช่วยลงทะเบียน,พิษณุโลก,หนองกลาง,สำนักงานพัฒนาสังคมและความมั่นคงของมนุษย์จังหวัดพิษณุโลก
NCGPAY00247,NCG00247,8876900213829,อภิญญา,บุญส่ง,หญิง,2025-01-30,6030773995799,ปัทมา,แสงจันทร์,มารดา,2025-05-01,2025-05-28,2025-05-28,2025-06-26,1,1200,จ่ายย้อนหลังรวมหลายงวด,โอนเข้าบัญชีธนาคาร,3,4750,ระบบออนไลน์,บุรีรัมย์,บ้านใหม่,สำนักงานพัฒนาสังคมและความมั่นคงของมนุษย์จังหวัดบุรีรัมย์
NCGPAY00268,NCG00268,7927353403267,ธีธัช,ทองมาก,ชาย,2025-04-28,7196691945049,กัญญารัตน์,อุดมศักดิ์,มารดา,2025-05-25,2025-06-19,2025-06-19,2025-07-03,1,600,จ่ายสำเร็จ,พร้อมเพย์,4,11750,ระบบออนไลน์,สุราษฎร์ธานี,ศรีพัฒนา,สำนักงานพัฒนาสังคมและความมั่นคงของมนุษย์จังหวัดสุราษฎร์ธานี
NCGPAY00033,NCG00033,7796041239748,ชยพล,บุญเรือง,หญิง,2024-12-08,8538122527796,ปัทมา,ยอดแก้ว,มารดา,2025-06-08,2025-06-24,2025-06-24,2025-07-04,1,1800,จ่ายย้อนหลังรวมหลายงวด,พร้อมเพย์,5,3250,เจ้าหน้าที่ช่วยลงทะเบียน,บุรีรัมย์,คลองใหม่,สำนักงานพัฒนาสังคมและความมั่นคงของมนุษย์จังหวัดบุรีรัมย์
NCGPAY00431,NCG00124,6305001939581,เพ็ญนภา,สมบูรณ์ผล,หญิง,2025-01-14,6770693544191,วิภาวี,ทองมาก,มารดา,2025-03-19,2025-04-16,2025-04-16,2025-07-05,3,600,จ่ายสำเร็จ,โอนเข้าบัญชีธนาคาร,5,2500,เจ้าหน้าที่ช่วยลงทะเบียน,ภูเก็ต,เมืองภูเก็ต,สำนักงานพัฒนาสังคมและความมั่นคงของมนุษย์จังหวัดภูเก็ต
NCGPAY00202,NCG00202,6780686362783,อคิราห์,สุทธิวงศ์,หญิง,2025-01-25,6112879824352,วิภาวี,เกิดผล,ผู้ปกครองโดยชอบด้วยกฎหมาย,2025-06-18,2025-07-08,2025-07-08,2025-07-08,1,600,จ่ายสำเร็จ,โอนเข้าบัญชีธนาคาร,2,4750,หน่วยบริการเคลื่อนที่,สุพรรณบุรี,บ้านใหม่,สำนักงานพัฒนาสังคมและความมั่นคงของมนุษย์จังหวัดสุพรรณบุรี
NCGPAY00438,NCG00056,6122534688276,วนิดา,สุขเกษม,หญิง,2025-02-08,2578911052541,ภัทรพล,รุ่งเรือง,มารดา,2025-05-16,2025-05-25,2025-05-25,2025-07-08,2,1800,จ่ายย้อนหลังรวมหลายงวด,โอนเข้าบัญชีธนาคาร,5,4250,หน่วยบริการเคลื่อนที่,พระนครศรีอยุธยา,หนองกลาง,สำนักงานพัฒนาสังคมและความมั่นคงของมนุษย์จังหวัดพระนครศรีอยุธยา
NCGPAY00468,NCG00085,5955023006223,สุภาวดี,โพธิ์ทอง,ชาย,2024-10-23,6221876707493,ศุภลักษณ์,สุทธิวงศ์,บิดา,2025-04-03,2025-04-07,2025-04-07,2025-07-08,3,600,จ่ายสำเร็จ,พร้อมเพย์,3,12250,ลงทะเบียน ณ หน่วยรับลงทะเบียน,กระบี่,คลองใหม่,สำนักงานพัฒนาสังคมและความมั่นคงของมนุษย์จังหวัดกระบี่
NCGPAY00153,NCG00153,7403440504631,ธนพร,ทองดี,ชาย,2024-12-28,6747673934992,เกศรินทร์,ฤทธิไกร,มารดา,2025-05-15,2025-06-06,2025-06-06,2025-07-10,1,600,จ่ายสำเร็จ,โอนเข้าบัญชีธนาคาร,5,3750,หน่วยบริการเคลื่อนที่,ขอนแก่น,บ้านไผ่,สำนักงานพัฒนาสังคมและความมั่นคงของมนุษย์จังหวัดขอนแก่น
NCGPAY00252,NCG00252,7571303492442,ศุภกร,ปัญญาดี,หญิง,2024-12-28,2560547895188,ปวีณา,อินทร์แก้ว,บิดา,2025-06-11,2025-06-16,2025-06-16,2025-07-15,1,600,จ่ายสำเร็จ,พร้อมเพย์,3,5250,ลงทะเบียน ณ หน่วยรับลงทะเบียน,ฉะเชิงเทรา,เมือง,สำนักงานพัฒนาสังคมและความมั่นคงของมนุษย์จังหวัดฉะเชิงเทรา
NCGPAY00054,NCG00054,6612237501771,รวิชญ์,สุทธิวงศ์,หญิง,2025-02-17,4312117493327,ธนพร,ประเสริฐศรี,มารดา,2025-06-30,2025-07-27,2025-07-27,2025-07-31,1,600,จ่ายสำเร็จ,โอนเข้าบัญชีธนาคาร,3,10500,หน่วยบริการเคลื่อนที่,ปัตตานี,ทุ่งสุข,สำนักงานพัฒนาสังคมและความมั่นคงของมนุษย์จังหวัดปัตตานี
NCGPAY00179,NCG00179,6891795333954,ธัญชนก,จิตมั่น,หญิง,2025-05-20,4993567303371,ธีรภัทร,พูลเพิ่ม,มารดา,2025-06-04,2025-07-04,2025-07-04,2025-08-01,1,1200,จ่ายย้อนหลังรวมหลายงวด,โอนเข้าบัญชีธนาคาร,4,5750,เจ้าหน้าที่ช่วยลงทะเบียน,พระนครศรีอยุธยา,ทุ่งสุข,สำนักงานพัฒนาสังคมและความมั่นคงของมนุษย์จังหวัดพระนครศรีอยุธยา
NCGPAY00130,NCG00130,4828763291385,ศศิธร,อ่อนละมุน,ชาย,2025-01-21,1861069912515,เกศรินทร์,ยอดแก้ว,บิดา,2025-06-22,2025-07-09,2025-07-09,2025-08-11,1,600,จ่ายสำเร็จ,โอนเข้าบัญชีธนาคาร,3,14250,หน่วยบริการเคลื่อนที่,อุบลราชธานี,บ้านใหม่,สำนักงานพัฒนาสังคมและความมั่นคงของมนุษย์จังหวัดอุบลราชธานี
NCGPAY00358,NCG00153,7403440504631,ธนพร,ทองดี,ชาย,2024-12-28,6747673934992,เกศรินทร์,ฤทธิไกร,มารดา,2025-05-15,2025-06-06,2025-06-06,2025-08-11,2,600,จ่ายสำเร็จ,โอนเข้าบัญชีธนาคาร,5,3750,หน่วยบริการเคลื่อนที่,ขอนแก่น,บ้านไผ่,สำนักงานพัฒนาสังคมและความมั่นคงของมนุษย์จังหวัดขอนแก่น
NCGPAY00447,NCG00252,7571303492442,ศุภกร,ปัญญาดี,หญิง,2024-12-28,2560547895188,ปวีณา,อินทร์แก้ว,บิดา,2025-06-11,2025-06-16,2025-06-16,2025-08-13,2,600,จ่ายสำเร็จ,พร้อมเพย์,3,5250,ลงทะเบียน ณ หน่วยรับลงทะเบียน,ฉะเชิงเทรา,เมือง,สำนักงานพัฒนาสังคมและความมั่นคงของมนุษย์จังหวัดฉะเชิงเทรา
NCGPAY00190,NCG00190,6577609981502,กิตติภัทร,พิทักษ์วงศ์,หญิง,2025-03-25,4769978520852,นพดล,สวัสดิผล,ผู้ปกครองโดยชอบด้วยกฎหมาย,2025-07-06,2025-08-05,2025-08-05,2025-08-28,1,600,จ่ายสำเร็จ,โอนเข้าบัญชีธนาคาร,3,9750,หน่วยบริการเคลื่อนที่,สุราษฎร์ธานี,เมือง,สำนักงานพัฒนาสังคมและความมั่นคงของมนุษย์จังหวัดสุราษฎร์ธานี
NCGPAY00167,NCG00167,5834245476820,วนิดา,อ่อนละมุน,ชาย,2025-04-12,6930091183082,ธัญชนก,รัตนวงศ์,มารดา,2025-07-18,2025-08-01,2025-08-01,2025-08-31,1,600,จ่ายสำเร็จ,โอนเข้าบัญชีธนาคาร,2,3750,หน่วยบริการเคลื่อนที่,ปัตตานี,ศรีพัฒนา,สำนักงานพัฒนาสังคมและความมั่นคงของมนุษย์จังหวัดปัตตานี
NCGPAY00373,NCG00153,7403440504631,ธนพร,ทองดี,ชาย,2024-12-28,6747673934992,เกศรินทร์,ฤทธิไกร,มารดา,2025-05-15,2025-06-06,2025-06-06,2025-09-09,3,600,จ่ายสำเร็จ,โอนเข้าบัญชีธนาคาร,5,3750,หน่วยบริการเคลื่อนที่,ขอนแก่น,บ้านไผ่,สำนักงานพัฒนาสังคมและความมั่นคงของมนุษย์จังหวัดขอนแก่น
NCGPAY00001,NCG00001,2973145815481,ศิรินภา,บัวทอง,หญิง,2025-01-29,5668932373375,สุรีย์พร,ไชยวงศ์,มารดา,2025-07-17,2025-08-14,2025-08-14,2025-09-11,1,600,จ่ายสำเร็จ,พร้อมเพย์,7,2000,ระบบออนไลน์,สกลนคร,บ้านใหม่,สำนักงานพัฒนาสังคมและความมั่นคงของมนุษย์จังหวัดสกลนคร
NCGPAY00426,NCG00130,4828763291385,ศศิธร,อ่อนละมุน,ชาย,2025-01-21,1861069912515,เกศรินทร์,ยอดแก้ว,บิดา,2025-06-22,2025-07-09,2025-07-09,2025-09-14,2,1800,จ่ายย้อนหลังรวมหลายงวด,พร้อมเพย์,3,14250,หน่วยบริการเคลื่อนที่,อุบลราชธานี,บ้านใหม่,สำนักงานพัฒนาสังคมและความมั่นคงของมนุษย์จังหวัดอุบลราชธานี
NCGPAY00067,NCG00067,5064539365071,จิราภรณ์,ธรรมรักษ์,หญิง,2025-04-07,3578976721322,นพดล,นาคทอง,บิดา,2025-08-17,2025-08-22,2025-08-22,2025-09-22,1,600,จ่ายสำเร็จ,โอนเข้าบัญชีธนาคาร,3,8250,เจ้าหน้าที่ช่วยลงทะเบียน,พัทลุง,เมือง,สำนักงานพัฒนาสังคมและความมั่นคงของมนุษย์จังหวัดพัทลุง
NCGPAY00281,NCG00190,6577609981502,กิตติภัทร,พิทักษ์วงศ์,หญิง,2025-03-25,4769978520852,นพดล,สวัสดิผล,ผู้ปกครองโดยชอบด้วยกฎหมาย,2025-07-06,2025-08-05,2025-08-05,2025-09-26,2,1200,จ่ายย้อนหลังรวมหลายงวด,พร้อมเพย์,3,9750,หน่วยบริการเคลื่อนที่,สุราษฎร์ธานี,เมือง,สำนักงานพัฒนาสังคมและความมั่นคงของมนุษย์จังหวัดสุราษฎร์ธานี
NCGPAY00048,NCG00048,8334995448384,อชิระ,ธรรมคุณ,ชาย,2025-02-18,2210557742255,ชนิดา,มั่นคง,บิดา,2025-09-01,2025-09-20,2025-09-20,2025-10-01,1,1800,จ่ายย้อนหลังรวมหลายงวด,โอนเข้าบัญชีธนาคาร,7,4750,ระบบออนไลน์,นครปฐม,ศรีพัฒนา,สำนักงานพัฒนาสังคมและความมั่นคงของมนุษย์จังหวัดนครปฐม
NCGPAY00284,NCG00167,5834245476820,วนิดา,อ่อนละมุน,ชาย,2025-04-12,6930091183082,ธัญชนก,รัตนวงศ์,มารดา,2025-07-18,2025-08-01,2025-08-01,2025-10-01,2,600,จ่ายสำเร็จ,พร้อมเพย์,2,3750,หน่วยบริการเคลื่อนที่,ปัตตานี,ศรีพัฒนา,สำนักงานพัฒนาสังคมและความมั่นคงของมนุษย์จังหวัดปัตตานี
NCGPAY00273,NCG00273,5749615556097,อัครเดช,บัวแก้ว,หญิง,2025-02-17,6661152807726,อภิญญา,เกียรติไพศาล,มารดา,2025-08-28,2025-09-09,2025-09-09,2025-10-08,1,600,จ่ายสำเร็จ,พร้อมเพย์,5,2250,ลงทะเบียน ณ หน่วยรับลงทะเบียน,สุรินทร์,ทุ่งสุข,สำนักงานพัฒนาสังคมและความมั่นคงของมนุษย์จังหวัดสุรินทร์
NCGPAY00282,NCG00001,2973145815481,ศิรินภา,บัวทอง,หญิง,2025-01-29,5668932373375,สุรีย์พร,ไชยวงศ์,มารดา,2025-07-17,2025-08-14,2025-08-14,2025-10-13,2,600,จ่ายสำเร็จ,โอนเข้าบัญชีธนาคาร,7,2000,ระบบออนไลน์,สกลนคร,บ้านใหม่,สำนักงานพัฒนาสังคมและความมั่นคงของมนุษย์จังหวัดสกลนคร
NCGPAY00323,NCG00067,5064539365071,จิราภรณ์,ธรรมรักษ์,หญิง,2025-04-07,3578976721322,นพดล,นาคทอง,บิดา,2025-08-17,2025-08-22,2025-08-22,2025-10-21,2,600,จ่ายสำเร็จ,โอนเข้าบัญชีธนาคาร,3,8250,เจ้าหน้าที่ช่วยลงทะเบียน,พัทลุง,เมือง,สำนักงานพัฒนาสังคมและความมั่นคงของมนุษย์จังหวัดพัทลุง
NCGPAY00280,NCG00280,2471753028534,กมลชนก,มั่นคง,หญิง,2025-02-07,8020638741578,อัครเดช,เกษมสุข,มารดา,2025-09-30,2025-10-10,2025-10-10,2025-10-23,1,600,จ่ายสำเร็จ,โอนเข้าบัญชีธนาคาร,6,6750,ลงทะเบียน ณ หน่วยรับลงทะเบียน,มหาสารคาม,หนองกลาง,สำนักงานพัฒนาสังคมและความมั่นคงของมนุษย์จังหวัดมหาสารคาม
NCGPAY00240,NCG00240,7996579409231,ณัฐภัทร,โชคชัย,หญิง,2025-04-03,5193917799421,ธีรภัทร,สุขใจ,มารดา,2025-09-04,2025-09-25,2025-09-25,2025-10-26,1,600,จ่ายสำเร็จ,โอนเข้าบัญชีธนาคาร,3,14750,หน่วยบริการเคลื่อนที่,ปทุมธานี,เมืองปทุมธานี,สำนักงานพัฒนาสังคมและความมั่นคงของมนุษย์จังหวัดปทุมธานี
NCGPAY00227,NCG00227,7201827019170,ชญานิศ,สิงห์ทอง,ชาย,2025-07-18,5298047499741,สุรศักดิ์,อ่อนละมุน,บิดา,2025-09-12,2025-10-05,2025-10-05,2025-10-27,1,600,จ่ายสำเร็จ,โอนเข้าบัญชีธนาคาร,2,5250,ระบบออนไลน์,จันทบุรี,คลองใหม่,สำนักงานพัฒนาสังคมและความมั่นคงของมนุษย์จังหวัดจันทบุรี
NCGPAY00432,NCG00190,6577609981502,กิตติภัทร,พิทักษ์วงศ์,หญิง,2025-03-25,4769978520852,นพดล,สวัสดิผล,ผู้ปกครองโดยชอบด้วยกฎหมาย,2025-07-06,2025-08-05,2025-08-05,2025-10-27,3,600,จ่ายสำเร็จ,โอนเข้าบัญชีธนาคาร,3,9750,หน่วยบริการเคลื่อนที่,สุราษฎร์ธานี,เมือง,สำนักงานพัฒนาสังคมและความมั่นคงของมนุษย์จังหวัดสุราษฎร์ธานี
NCGPAY00361,NCG00167,5834245476820,วนิดา,อ่อนละมุน,ชาย,2025-04-12,6930091183082,ธัญชนก,รัตนวงศ์,มารดา,2025-07-18,2025-08-01,2025-08-01,2025-11-02,3,600,จ่ายสำเร็จ,โอนเข้าบัญชีธนาคาร,2,3750,หน่วยบริการเคลื่อนที่,ปัตตานี,ศรีพัฒนา,สำนักงานพัฒนาสังคมและความมั่นคงของมนุษย์จังหวัดปัตตานี
NCGPAY00475,NCG00048,8334995448384,อชิระ,ธรรมคุณ,ชาย,2025-02-18,2210557742255,ชนิดา,มั่นคง,บิดา,2025-09-01,2025-09-20,2025-09-20,2025-11-04,2,600,จ่ายสำเร็จ,โอนเข้าบัญชีธนาคาร,7,4750,ระบบออนไลน์,นครปฐม,ศรีพัฒนา,สำนักงานพัฒนาสังคมและความมั่นคงของมนุษย์จังหวัดนครปฐม
NCGPAY00478,NCG00067,5064539365071,จิราภรณ์,ธรรมรักษ์,หญิง,2025-04-07,3578976721322,นพดล,นาคทอง,บิดา,2025-08-17,2025-08-22,2025-08-22,2025-11-23,3,600,จ่ายสำเร็จ,พร้อมเพย์,3,8250,เจ้าหน้าที่ช่วยลงทะเบียน,พัทลุง,เมือง,สำนักงานพัฒนาสังคมและความมั่นคงของมนุษย์จังหวัดพัทลุง
NCGPAY00388,NCG00240,7996579409231,ณัฐภัทร,โชคชัย,หญิง,2025-04-03,5193917799421,ธีรภัทร,สุขใจ,มารดา,2025-09-04,2025-09-25,2025-09-25,2025-11-27,2,1200,จ่ายย้อนหลังรวมหลายงวด,โอนเข้าบัญชีธนาคาร,3,14750,หน่วยบริการเคลื่อนที่,นครปฐม,เมือง,สำนักงานพัฒนาสังคมและความมั่นคงของมนุษย์จังหวัดนครปฐม
NCGPAY00486,NCG00227,7201827019170,ชญานิศ,สิงห์ทอง,ชาย,2025-07-18,5298047499741,สุรศักดิ์,อ่อนละมุน,บิดา,2025-09-12,2025-10-05,2025-10-05,2025-11-30,2,1800,จ่ายย้อนหลังรวมหลายงวด,พร้อมเพย์,2,5250,ระบบออนไลน์,จันทบุรี,คลองใหม่,สำนักงานพัฒนาสังคมและความมั่นคงของมนุษย์จังหวัดจันทบุรี
NCGPAY00011,NCG00011,5943697160306,ปาริชาติ,ธนากุล,ชาย,2025-05-10,2119618222191,กาญจนา,สุวรรณศรี,ผู้ปกครองโดยชอบด้วยกฎหมาย,2025-10-14,2025-10-30,2025-10-30,2025-12-01,1,1800,จ่ายย้อนหลังรวมหลายงวด,โอนเข้าบัญชีธนาคาร,4,4750,ระบบออนไลน์,เชียงราย,เมืองเชียงราย,สำนักงานพัฒนาสังคมและความมั่นคงของมนุษย์จังหวัดเชียงราย
NCGPAY00166,NCG00166,3899298774505,พีรวิชญ์,โชคชัย,ชาย,2025-08-01,7604242971330,สุรศักดิ์,สมบูรณ์ผล,มารดา,2025-10-18,2025-11-08,2025-11-08,2025-12-05,1,600,จ่ายสำเร็จ,โอนเข้าบัญชีธนาคาร,7,5000,หน่วยบริการเคลื่อนที่,ลำปาง,หนองกลาง,สำนักงานพัฒนาสังคมและความมั่นคงของมนุษย์จังหวัดลำปาง
NCGPAY00188,NCG00188,1005015899325,กรรณิการ์,รัตนวงศ์,ชาย,2025-07-24,5589663570241,ธนภัทร,บัวแก้ว,มารดา,2025-11-10,2025-11-25,2025-11-25,2025-12-25,1,600,จ่ายสำเร็จ,พร้อมเพย์,2,7750,ลงทะเบียน ณ หน่วยรับลงทะเบียน,นนทบุรี,บางใหญ่,สำนักงานพัฒนาสังคมและความมั่นคงของมนุษย์จังหวัดนนทบุรี
NCGPAY00271,NCG00271,2502522677138,วายุ,ฤทธิไกร,หญิง,2025-09-21,3609162209964,วรรณวิสา,จิตมั่น,มารดา,2025-11-11,2025-11-23,2025-11-23,2025-12-28,1,600,จ่ายสำเร็จ,โอนเข้าบัญชีธนาคาร,5,12500,เจ้าหน้าที่ช่วยลงทะเบียน,นราธิวาส,หนองกลาง,สำนักงานพัฒนาสังคมและความมั่นคงของมนุษย์จังหวัดนราธิวาส
NCGPAY00256,NCG00256,2552468542373,จุฑามาศ,สุขใจ,ชาย,2025-04-18,5802602110896,วรรณวิสา,วิริยะกุล,มารดา,2025-11-29,2025-12-29,2025-12-29,2025-12-31,1,1200,จ่ายย้อนหลังรวมหลายงวด,โอนเข้าบัญชีธนาคาร,5,4250,ลงทะเบียน ณ หน่วยรับลงทะเบียน,เชียงราย,พาน,สำนักงานพัฒนาสังคมและความมั่นคงของมนุษย์จังหวัดเชียงราย
NCGPAY00427,NCG00011,5943697160306,ปาริชาติ,ธนากุล,ชาย,2025-05-10,2119618222191,กาญจนา,สุวรรณศรี,ผู้ปกครองโดยชอบด้วยกฎหมาย,2025-10-14,2025-10-30,2025-10-30,2026-01-04,2,600,จ่ายสำเร็จ,โอนเข้าบัญชีธนาคาร,4,4750,ระบบออนไลน์,เชียงราย,เมืองเชียงราย,สำนักงานพัฒนาสังคมและความมั่นคงของมนุษย์จังหวัดเชียงราย
NCGPAY00363,NCG00166,3899298774505,พีรวิชญ์,โชคชัย,ชาย,2025-08-01,7604242971330,สุรศักดิ์,สมบูรณ์ผล,มารดา,2025-10-18,2025-11-08,2025-11-08,2026-01-05,2,600,จ่ายสำเร็จ,โอนเข้าบัญชีธนาคาร,7,5000,หน่วยบริการเคลื่อนที่,ลำปาง,หนองกลาง,สำนักงานพัฒนาสังคมและความมั่นคงของมนุษย์จังหวัดลำปาง
NCGPAY00171,NCG00171,1779423479423,ขวัญฤดี,รุ่งเรือง,ชาย,2025-09-13,6418265070212,ธัญชนก,ศรีสมบัติ,ผู้ปกครองโดยชอบด้วยกฎหมาย,2025-12-20,2026-01-07,2026-01-07,2026-01-13,1,600,จ่ายสำเร็จ,โอนเข้าบัญชีธนาคาร,2,6250,ลงทะเบียน ณ หน่วยรับลงทะเบียน,แพร่,ทุ่งสุข,สำนักงานพัฒนาสังคมและความมั่นคงของมนุษย์จังหวัดแพร่
NCGPAY00488,NCG00188,1005015899325,กรรณิการ์,รัตนวงศ์,ชาย,2025-07-24,5589663570241,ธนภัทร,บัวแก้ว,มารดา,2025-11-10,2025-11-25,2025-11-25,2026-01-25,2,600,จ่ายสำเร็จ,โอนเข้าบัญชีธนาคาร,2,7750,ลงทะเบียน ณ หน่วยรับลงทะเบียน,นนทบุรี,บางใหญ่,สำนักงานพัฒนาสังคมและความมั่นคงของมนุษย์จังหวัดนนทบุรี
NCGPAY00487,NCG00256,2552468542373,จุฑามาศ,สุขใจ,ชาย,2025-04-18,5802602110896,วรรณวิสา,วิริยะกุล,มารดา,2025-11-29,2025-12-29,2025-12-29,2026-01-28,2,600,จ่ายสำเร็จ,โอนเข้าบัญชีธนาคาร,5,4250,ลงทะเบียน ณ หน่วยรับลงทะเบียน,เชียงราย,พาน,สำนักงานพัฒนาสังคมและความมั่นคงของมนุษย์จังหวัดเชียงราย
NCGPAY00349,NCG00271,2502522677138,วายุ,ฤทธิไกร,หญิง,2025-09-21,3609162209964,วรรณวิสา,จิตมั่น,มารดา,2025-11-11,2025-11-23,2025-11-23,2026-01-31,2,600,จ่ายสำเร็จ,โอนเข้าบัญชีธนาคาร,5,12500,เจ้าหน้าที่ช่วยลงทะเบียน,นราธิวาส,หนองกลาง,สำนักงานพัฒนาสังคมและความมั่นคงของมนุษย์จังหวัดนราธิวาส
NCGPAY00433,NCG00011,5943697160306,ปาริชาติ,ธนากุล,ชาย,2025-05-10,2119618222191,กาญจนา,สุวรรณศรี,ผู้ปกครองโดยชอบด้วยกฎหมาย,2025-10-14,2025-10-30,2025-10-30,2026-02-04,3,600,จ่ายสำเร็จ,โอนเข้าบัญชีธนาคาร,4,4750,ระบบออนไลน์,เชียงราย,เมืองเชียงราย,สำนักงานพัฒนาสังคมและความมั่นคงของมนุษย์จังหวัดเชียงราย
NCGPAY00253,NCG00253,5633241530936,กรรณิการ์,วัฒนกุล,ชาย,2025-09-02,7403339061631,ณิชา,อ่อนละมุน,บิดา,2026-01-15,2026-01-27,2026-01-27,2026-02-05,1,600,จ่ายสำเร็จ,พร้อมเพย์,3,8750,ระบบออนไลน์,มหาสารคาม,คลองใหม่,สำนักงานพัฒนาสังคมและความมั่นคงของมนุษย์จังหวัดมหาสารคาม
NCGPAY00485,NCG00166,3899298774505,พีรวิชญ์,โชคชัย,ชาย,2025-08-01,7604242971330,สุรศักดิ์,สมบูรณ์ผล,มารดา,2025-10-18,2025-11-08,2025-11-08,2026-02-06,3,600,จ่ายสำเร็จ,โอนเข้าบัญชีธนาคาร,7,5000,หน่วยบริการเคลื่อนที่,ลำปาง,หนองกลาง,สำนักงานพัฒนาสังคมและความมั่นคงของมนุษย์จังหวัดลำปาง
NCGPAY00364,NCG00171,1779423479423,ขวัญฤดี,รุ่งเรือง,ชาย,2025-09-13,6418265070212,ธัญชนก,ศรีสมบัติ,ผู้ปกครองโดยชอบด้วยกฎหมาย,2025-12-20,2026-01-07,2026-01-07,2026-02-16,2,600,จ่ายสำเร็จ,โอนเข้าบัญชีธนาคาร,2,6250,ลงทะเบียน ณ หน่วยรับลงทะเบียน,แพร่,ทุ่งสุข,สำนักงานพัฒนาสังคมและความมั่นคงของมนุษย์จังหวัดแพร่
NCGPAY00228,NCG00228,3083468472662,ชญานิศ,ภูมิใจ,หญิง,2025-08-01,8532637779129,อัญชลี,เรืองฤทธิ์,มารดา,2026-02-02,2026-02-19,2026-02-19,2026-02-21,1,600,จ่ายสำเร็จ,โอนเข้าบัญชีธนาคาร,4,13000,ระบบออนไลน์,นครสวรรค์,ทุ่งสุข,สำนักงานพัฒนาสังคมและความมั่นคงของมนุษย์จังหวัดนครสวรรค์
NCGPAY00101,NCG00101,8653892544450,ชนน,พูลเพิ่ม,ชาย,2025-12-10,4781461527241,ปัทมา,ร่มเย็น,ผู้ปกครองโดยชอบด้วยกฎหมาย,2026-01-30,2026-02-09,2026-02-09,2026-02-23,1,600,จ่ายสำเร็จ,โอนเข้าบัญชีธนาคาร,4,7250,ระบบออนไลน์,จันทบุรี,คลองใหม่,สำนักงานพัฒนาสังคมและความมั่นคงของมนุษย์จังหวัดจันทบุรี
NCGPAY00104,NCG00104,7740352402564,วชิรวิทย์,คงมั่น,หญิง,2025-09-24,2510068330946,ชนิดา,เจริญสุข,มารดา,2026-02-06,2026-02-14,2026-02-14,2026-02-25,1,600,จ่ายสำเร็จ,โอนเข้าบัญชีธนาคาร,4,4250,เจ้าหน้าที่ช่วยลงทะเบียน,อุตรดิตถ์,บ้านใหม่,สำนักงานพัฒนาสังคมและความมั่นคงของมนุษย์จังหวัดอุตรดิตถ์
NCGPAY00198,NCG00198,5379144200861,ชลธิชา,พูลเพิ่ม,ชาย,2025-08-06,4282396933711,อภิญญา,แสงทอง,มารดา,2026-01-28,2026-02-11,2026-02-11,2026-02-26,1,600,จ่ายสำเร็จ,โอนเข้าบัญชีธนาคาร,6,12000,ลงทะเบียน ณ หน่วยรับลงทะเบียน,นครสวรรค์,บ้านใหม่,สำนักงานพัฒนาสังคมและความมั่นคงของมนุษย์จังหวัดนครสวรรค์
NCGPAY00496,NCG00256,2552468542373,จุฑามาศ,สุขใจ,ชาย,2025-04-18,5802602110896,วรรณวิสา,วิริยะกุล,มารดา,2025-11-29,2025-12-29,2025-12-29,2026-02-27,3,600,จ่ายสำเร็จ,พร้อมเพย์,5,4250,ลงทะเบียน ณ หน่วยรับลงทะเบียน,เชียงราย,พาน,สำนักงานพัฒนาสังคมและความมั่นคงของมนุษย์จังหวัดเชียงราย
NCGPAY00182,NCG00182,4560828573997,ธีรภัทร,มีทรัพย์,ชาย,2025-11-23,5538896382323,กาญจนา,ธนากุล,มารดา,2026-01-12,2026-02-08,2026-02-08,2026-03-09,1,600,จ่ายสำเร็จ,โอนเข้าบัญชีธนาคาร,4,7250,หน่วยบริการเคลื่อนที่,สระแก้ว,ศรีพัฒนา,สำนักงานพัฒนาสังคมและความมั่นคงของมนุษย์จังหวัดสระแก้ว
NCGPAY00109,NCG00109,3483833195887,สายฝน,ยอดแก้ว,หญิง,2025-09-28,3956559687992,จักรพันธ์,นิลแก้ว,มารดา,2026-02-05,2026-02-25,2026-02-25,2026-03-22,1,600,จ่ายสำเร็จ,โอนเข้าบัญชีธนาคาร,6,3250,ระบบออนไลน์,ชลบุรี,เมืองชลบุรี,สำนักงานพัฒนาสังคมและความมั่นคงของมนุษย์จังหวัดชลบุรี
NCGPAY00319,NCG00101,8653892544450,ชนน,พูลเพิ่ม,ชาย,2025-12-10,4781461527241,ปัทมา,ร่มเย็น,ผู้ปกครองโดยชอบด้วยกฎหมาย,2026-01-30,2026-02-09,2026-02-09,2026-03-23,2,600,จ่ายสำเร็จ,โอนเข้าบัญชีธนาคาร,4,7250,ระบบออนไลน์,จันทบุรี,คลองใหม่,สำนักงานพัฒนาสังคมและความมั่นคงของมนุษย์จังหวัดจันทบุรี
NCGPAY00422,NCG00104,7740352402564,วชิรวิทย์,คงมั่น,หญิง,2025-09-24,2510068330946,ชนิดา,เจริญสุข,มารดา,2026-02-06,2026-02-14,2026-02-14,2026-03-27,2,600,จ่ายสำเร็จ,โอนเข้าบัญชีธนาคาร,4,4250,เจ้าหน้าที่ช่วยลงทะเบียน,อุตรดิตถ์,บ้านใหม่,สำนักงานพัฒนาสังคมและความมั่นคงของมนุษย์จังหวัดอุตรดิตถ์
NCGPAY00307,NCG00228,3083468472662,ชญานิศ,ภูมิใจ,หญิง,2025-08-01,8532637779129,อัญชลี,เรืองฤทธิ์,มารดา,2026-02-02,2026-02-19,2026-02-19,2026-03-28,2,600,จ่ายสำเร็จ,พร้อมเพย์,4,13000,ระบบออนไลน์,นครสวรรค์,ทุ่งสุข,สำนักงานพัฒนาสังคมและความมั่นคงของมนุษย์จังหวัดนครสวรรค์
NCGPAY00457,NCG00198,5379144200861,ชลธิชา,พูลเพิ่ม,ชาย,2025-08-06,4282396933711,อภิญญา,แสงทอง,มารดา,2026-01-28,2026-02-11,2026-02-11,2026-03-29,2,600,จ่ายสำเร็จ,โอนเข้าบัญชีธนาคาร,6,12000,ลงทะเบียน ณ หน่วยรับลงทะเบียน,นครสวรรค์,บ้านใหม่,สำนักงานพัฒนาสังคมและความมั่นคงของมนุษย์จังหวัดนครสวรรค์
NCGPAY00289,NCG00182,4560828573997,ธีรภัทร,มีทรัพย์,ชาย,2025-11-23,5538896382323,กาญจนา,ธนากุล,มารดา,2026-01-12,2026-02-08,2026-02-08,2026-04-12,2,1200,จ่ายย้อนหลังรวมหลายงวด,โอนเข้าบัญชีธนาคาร,4,7250,หน่วยบริการเคลื่อนที่,สระแก้ว,ศรีพัฒนา,สำนักงานพัฒนาสังคมและความมั่นคงของมนุษย์จังหวัดสระแก้ว
NCGPAY00199,NCG00199,6237216689566,วายุ,โชคชัย,ชาย,2025-11-27,4845933013400,นฤมล,บุญเกิด,บิดา,2026-03-16,2026-04-05,2026-04-05,2026-04-16,1,600,จ่ายสำเร็จ,โอนเข้าบัญชีธนาคาร,2,11500,ลงทะเบียน ณ หน่วยรับลงทะเบียน,สมุทรสาคร,เมือง,สำนักงานพัฒนาสังคมและความมั่นคงของมนุษย์จังหวัดสมุทรสาคร
NCGPAY00089,NCG00089,4317959057583,ชุติมา,ทองดี,หญิง,2025-07-26,2314890968010,นฤมล,รัตนวงศ์,มารดา,2026-02-18,2026-03-19,2026-03-19,2026-04-17,1,600,จ่ายสำเร็จ,โอนเข้าบัญชีธนาคาร,7,6500,ระบบออนไลน์,ระยอง,บ้านใหม่,สำนักงานพัฒนาสังคมและความมั่นคงของมนุษย์จังหวัดระยอง
NCGPAY00020,NCG00020,1378211934057,ธนภัทร,สุทธิวงศ์,ชาย,2025-08-23,8356885045163,ปาริชาติ,บัวแก้ว,บิดา,2026-03-14,2026-04-01,2026-04-01,2026-04-22,1,600,จ่ายสำเร็จ,พร้อมเพย์,4,14000,เจ้าหน้าที่ช่วยลงทะเบียน,ลำพูน,คลองใหม่,สำนักงานพัฒนาสังคมและความมั่นคงของมนุษย์จังหวัดลำพูน
NCGPAY00090,NCG00090,1646642912139,วายุ,แสงจันทร์,หญิง,2025-09-04,4394735892966,นภัสสร,อุดมศักดิ์,มารดา,2026-04-05,2026-04-08,2026-04-08,2026-05-06,1,600,จ่ายสำเร็จ,โอนเข้าบัญชีธนาคาร,3,3250,หน่วยบริการเคลื่อนที่,กระบี่,คลองใหม่,สำนักงานพัฒนาสังคมและความมั่นคงของมนุษย์จังหวัดกระบี่
NCGPAY00038,NCG00038,7831686280351,สายฝน,สุขใจ,ชาย,2026-04-04,7569632092212,ธิดารัตน์,โพธิ์ทอง,มารดา,2026-04-21,2026-04-27,2026-04-27,2026-05-08,1,600,จ่ายสำเร็จ,โอนเข้าบัญชีธนาคาร,4,12500,ระบบออนไลน์,ตราด,เมือง,สำนักงานพัฒนาสังคมและความมั่นคงของมนุษย์จังหวัดตราด
NCGPAY00420,NCG00182,4560828573997,ธีรภัทร,มีทรัพย์,ชาย,2025-11-23,5538896382323,กาญจนา,ธนากุล,มารดา,2026-01-12,2026-02-08,2026-02-08,2026-05-14,3,600,จ่ายสำเร็จ,โอนเข้าบัญชีธนาคาร,4,7250,หน่วยบริการเคลื่อนที่,สระแก้ว,ศรีพัฒนา,สำนักงานพัฒนาสังคมและความมั่นคงของมนุษย์จังหวัดสระแก้ว
NCGPAY00336,NCG00199,6237216689566,วายุ,โชคชัย,ชาย,2025-11-27,4845933013400,นฤมล,บุญเกิด,บิดา,2026-03-16,2026-04-05,2026-04-05,2026-05-18,2,600,จ่ายสำเร็จ,โอนเข้าบัญชีธนาคาร,2,11500,ลงทะเบียน ณ หน่วยรับลงทะเบียน,สมุทรสาคร,เมือง,สำนักงานพัฒนาสังคมและความมั่นคงของมนุษย์จังหวัดสมุทรสาคร
NCGPAY00132,NCG00132,2347442790261,สายฝน,อินทร์แก้ว,หญิง,2026-03-04,8819311842891,อภิญญา,เกิดผล,บิดา,2026-04-11,2026-04-27,2026-04-27,2026-05-19,1,600,จ่ายสำเร็จ,พร้อมเพย์,2,9500,ลงทะเบียน ณ หน่วยรับลงทะเบียน,นราธิวาส,คลองใหม่,สำนักงานพัฒนาสังคมและความมั่นคงของมนุษย์จังหวัดนราธิวาส
NCGPAY00299,NCG00090,1646642912139,วายุ,แสงจันทร์,หญิง,2025-09-04,4394735892966,นภัสสร,อุดมศักดิ์,มารดา,2026-04-05,2026-04-08,2026-04-08,2026-06-03,2,600,จ่ายสำเร็จ,โอนเข้าบัญชีธนาคาร,3,3250,หน่วยบริการเคลื่อนที่,กระบี่,คลองใหม่,สำนักงานพัฒนาสังคมและความมั่นคงของมนุษย์จังหวัดกระบี่
NCGPAY00084,NCG00084,7820319209130,ณิชาภัทร,คงมั่น,ชาย,2025-10-06,1245594224587,ภัทรพล,โชคชัย,มารดา,2026-04-22,2026-05-03,2026-05-03,2026-06-06,1,1800,จ่ายย้อนหลังรวมหลายงวด,โอนเข้าบัญชีธนาคาร,6,3750,เจ้าหน้าที่ช่วยลงทะเบียน,กระบี่,หนองกลาง,สำนักงานพัฒนาสังคมและความมั่นคงของมนุษย์จังหวัดกระบี่
NCGPAY00344,NCG00038,7831686280351,สายฝน,สุขใจ,ชาย,2026-04-04,7569632092212,ธิดารัตน์,โพธิ์ทอง,มารดา,2026-04-21,2026-04-27,2026-04-27,2026-06-07,2,600,จ่ายสำเร็จ,โอนเข้าบัญชีธนาคาร,4,12500,ระบบออนไลน์,ตราด,เมือง,สำนักงานพัฒนาสังคมและความมั่นคงของมนุษย์จังหวัดตราด
NCGPAY00151,NCG00151,4019908550040,อคิราห์,ภูมิใจ,ชาย,2025-12-20,8153529877837,อาทิตยา,เกียรติไพศาล,บิดา,2026-04-15,2026-05-12,2026-05-12,2026-06-15,1,600,จ่ายสำเร็จ,โอนเข้าบัญชีธนาคาร,4,13500,เจ้าหน้าที่ช่วยลงทะเบียน,ขอนแก่น,เมืองขอนแก่น,สำนักงานพัฒนาสังคมและความมั่นคงของมนุษย์จังหวัดขอนแก่น
NCGPAY00389,NCG00132,2347442790261,สายฝน,อินทร์แก้ว,หญิง,2026-03-04,8819311842891,อภิญญา,เกิดผล,บิดา,2026-04-11,2026-04-27,2026-04-27,2026-06-23,2,600,จ่ายสำเร็จ,โอนเข้าบัญชีธนาคาร,2,9500,ลงทะเบียน ณ หน่วยรับลงทะเบียน,นราธิวาส,คลองใหม่,สำนักงานพัฒนาสังคมและความมั่นคงของมนุษย์จังหวัดนราธิวาส
NCGPAY00267,NCG00267,4311230866931,ปุณณภา,ศรีสมบัติ,ชาย,2026-01-28,2938740349223,นพดล,พิทักษ์วงศ์,มารดา,2026-05-26,2026-06-05,2026-06-05,2026-06-30,1,600,จ่ายสำเร็จ,โอนเข้าบัญชีธนาคาร,6,9750,ลงทะเบียน ณ หน่วยรับลงทะเบียน,ภูเก็ต,กะทู้,สำนักงานพัฒนาสังคมและความมั่นคงของมนุษย์จังหวัดภูเก็ต
NCGPAY00335,NCG00084,7820319209130,ณิชาภัทร,คงมั่น,ชาย,2025-10-06,1245594224587,ภัทรพล,โชคชัย,มารดา,2026-04-22,2026-05-03,2026-05-03,2026-07-06,2,1200,จ่ายย้อนหลังรวมหลายงวด,โอนเข้าบัญชีธนาคาร,6,3750,เจ้าหน้าที่ช่วยลงทะเบียน,กระบี่,หนองกลาง,สำนักงานพัฒนาสังคมและความมั่นคงของมนุษย์จังหวัดกระบี่
NCGPAY00416,NCG00038,7831686280351,สายฝน,สุขใจ,ชาย,2026-04-04,7569632092212,ธิดารัตน์,โพธิ์ทอง,มารดา,2026-04-21,2026-04-27,2026-04-27,2026-07-10,3,1800,จ่ายย้อนหลังรวมหลายงวด,โอนเข้าบัญชีธนาคาร,4,12500,ระบบออนไลน์,ตราด,เมือง,สำนักงานพัฒนาสังคมและความมั่นคงของมนุษย์จังหวัดตราด
NCGPAY00170,NCG00170,5396977354222,ชนิดา,ทองมาก,ชาย,2025-11-19,7701100476394,กาญจนา,จำปาแก้ว,มารดา,2026-06-12,2026-06-23,2026-06-23,2026-07-12,1,600,จ่ายสำเร็จ,โอนเข้าบัญชีธนาคาร,3,3750,ลงทะเบียน ณ หน่วยรับลงทะเบียน,ปัตตานี,หนองกลาง,สำนักงานพัฒนาสังคมและความมั่นคงของมนุษย์จังหวัดปัตตานี
NCGPAY00213,NCG00213,4178859319180,รวิชญ์,คำดี,ชาย,2025-10-25,6743393453575,วนิดา,ศรีจันทร์,มารดา,2026-05-27,2026-06-21,2026-06-21,2026-07-18,1,600,จ่ายสำเร็จ,พร้อมเพย์,5,8750,ลงทะเบียน ณ หน่วยรับลงทะเบียน,กระบี่,หนองกลาง,สำนักงานพัฒนาสังคมและความมั่นคงของมนุษย์จังหวัดกระบี่
NCGPAY00143,NCG00143,2056539513638,เมธาวี,ชัยมงคล,ชาย,2025-11-07,7680155661266,ธนกฤต,สุทธิวงศ์,มารดา,2026-06-14,2026-07-12,2026-07-12,2026-07-20,1,600,จ่ายสำเร็จ,โอนเข้าบัญชีธนาคาร,3,13500,หน่วยบริการเคลื่อนที่,สระแก้ว,เมือง,สำนักงานพัฒนาสังคมและความมั่นคงของมนุษย์จังหวัดสระแก้ว
NCGPAY00152,NCG00152,4824054681927,กิตติภัทร,สุทธิวงศ์,ชาย,2025-11-24,6001213402611,อัครเดช,ชูศรี,มารดา,2026-06-26,2026-07-17,2026-07-17,2026-07-20,1,1800,จ่ายย้อนหลังรวมหลายงวด,โอนเข้าบัญชีธนาคาร,4,5500,ระบบออนไลน์,ระยอง,ศรีพัฒนา,สำนักงานพัฒนาสังคมและความมั่นคงของมนุษย์จังหวัดระยอง
NCGPAY00489,NCG00132,2347442790261,สายฝน,อินทร์แก้ว,หญิง,2026-03-04,8819311842891,อภิญญา,เกิดผล,บิดา,2026-04-11,2026-04-27,2026-04-27,2026-07-26,3,600,จ่ายสำเร็จ,พร้อมเพย์,2,9500,ลงทะเบียน ณ หน่วยรับลงทะเบียน,นราธิวาส,คลองใหม่,สำนักงานพัฒนาสังคมและความมั่นคงของมนุษย์จังหวัดนราธิวาส
NCGPAY00326,NCG00170,5396977354222,ชนิดา,ทองมาก,ชาย,2025-11-19,7701100476394,กาญจนา,จำปาแก้ว,มารดา,2026-06-12,2026-06-23,2026-06-23,2026-08-12,2,600,จ่ายสำเร็จ,โอนเข้าบัญชีธนาคาร,3,3750,ลงทะเบียน ณ หน่วยรับลงทะเบียน,ปัตตานี,หนองกลาง,สำนักงานพัฒนาสังคมและความมั่นคงของมนุษย์จังหวัดปัตตานี
NCGPAY00444,NCG00213,4178859319180,รวิชญ์,คำดี,ชาย,2025-10-25,6743393453575,วนิดา,ศรีจันทร์,มารดา,2026-05-27,2026-06-21,2026-06-21,2026-08-18,2,600,จ่ายสำเร็จ,โอนเข้าบัญชีธนาคาร,5,8750,ลงทะเบียน ณ หน่วยรับลงทะเบียน,กระบี่,หนองกลาง,สำนักงานพัฒนาสังคมและความมั่นคงของมนุษย์จังหวัดกระบี่
NCGPAY00458,NCG00143,2056539513638,เมธาวี,ชัยมงคล,ชาย,2025-11-07,7680155661266,ธนกฤต,สุทธิวงศ์,มารดา,2026-06-14,2026-07-12,2026-07-12,2026-08-19,2,1800,จ่ายย้อนหลังรวมหลายงวด,พร้อมเพย์,3,13500,หน่วยบริการเคลื่อนที่,สระแก้ว,เมือง,สำนักงานพัฒนาสังคมและความมั่นคงของมนุษย์จังหวัดสระแก้ว
NCGPAY00036,NCG00036,7246430645709,ศศิธร,สุนทรวงศ์,หญิง,2026-07-15,3468172193433,อัครเดช,มีทรัพย์,บิดา,2026-08-24,2026-08-24,2026-08-24,2026-08-24,1,600,จ่ายสำเร็จ,โอนเข้าบัญชีธนาคาร,2,12500,ระบบออนไลน์,ชลบุรี,ศรีราชา,สำนักงานพัฒนาสังคมและความมั่นคงของมนุษย์จังหวัดชลบุรี
NCGPAY00046,NCG00046,1337470649102,กฤติน,พรมศรี,หญิง,2026-05-04,5809597823679,สุรศักดิ์,ร่มเย็น,มารดา,2026-08-24,2026-08-24,2026-08-24,2026-08-24,1,600,จ่ายสำเร็จ,พร้อมเพย์,6,6500,ระบบออนไลน์,นครศรีธรรมราช,บ้านใหม่,สำนักงานพัฒนาสังคมและความมั่นคงของมนุษย์จังหวัดนครศรีธรรมราช
NCGPAY00070,NCG00070,3587955089073,ชลธิชา,ยอดแก้ว,ชาย,2026-03-21,1001331394269,ณิชา,นิลแก้ว,บิดา,2026-08-24,2026-08-24,2026-08-24,2026-08-24,1,600,จ่ายสำเร็จ,โอนเข้าบัญชีธนาคาร,2,4250,ลงทะเบียน ณ หน่วยรับลงทะเบียน,พิจิตร,บ้านใหม่,สำนักงานพัฒนาสังคมและความมั่นคงของมนุษย์จังหวัดพิจิตร
NCGPAY00075,NCG00075,8961874810092,ภูวดล,บุญมี,หญิง,2026-07-25,8112974341114,อนุชา,ฤทธิไกร,มารดา,2026-08-24,2026-08-24,2026-08-24,2026-08-24,1,600,จ่ายสำเร็จ,พร้อมเพย์,4,2250,เจ้าหน้าที่ช่วยลงทะเบียน,พิษณุโลก,หนองกลาง,สำนักงานพัฒนาสังคมและความมั่นคงของมนุษย์จังหวัดพิษณุโลก
NCGPAY00082,NCG00082,7932533333335,ภาคิน,ศรีสง่า,ชาย,2026-02-25,5685982468474,ศุภชัย,สุขสวัสดิ์,ผู้ปกครองโดยชอบด้วยกฎหมาย,2026-08-24,2026-08-24,2026-08-24,2026-08-24,1,600,จ่ายสำเร็จ,พร้อมเพย์,2,4250,ระบบออนไลน์,ยะลา,หนองกลาง,สำนักงานพัฒนาสังคมและความมั่นคงของมนุษย์จังหวัดยะลา
NCGPAY00131,NCG00131,3706417590516,เบญจพร,ใจดี,หญิง,2026-04-24,1225200727401,รัตนา,พูนทรัพย์,มารดา,2026-08-24,2026-08-24,2026-08-24,2026-08-24,1,1800,จ่ายย้อนหลังรวมหลายงวด,โอนเข้าบัญชีธนาคาร,6,11000,ลงทะเบียน ณ หน่วยรับลงทะเบียน,เชียงราย,เชียงของ,สำนักงานพัฒนาสังคมและความมั่นคงของมนุษย์จังหวัดเชียงราย
NCGPAY00141,NCG00141,8736958089081,พัชรินทร์,คำแสน,ชาย,2026-02-04,2235985228481,นิภาพร,แสงทอง,มารดา,2026-07-30,2026-08-13,2026-08-13,2026-08-24,1,600,จ่ายสำเร็จ,พร้อมเพย์,3,11750,เจ้าหน้าที่ช่วยลงทะเบียน,เชียงราย,เชียงของ,สำนักงานพัฒนาสังคมและความมั่นคงของมนุษย์จังหวัดเชียงราย
NCGPAY00200,NCG00200,4479406795336,ปิยธิดา,กุลวงศ์,ชาย,2026-05-12,8809356572273,ภัทรพล,ทองมาก,มารดา,2026-08-24,2026-08-24,2026-08-24,2026-08-24,1,600,จ่ายสำเร็จ,พร้อมเพย์,5,14750,หน่วยบริการเคลื่อนที่,มหาสารคาม,ศรีพัฒนา,สำนักงานพัฒนาสังคมและความมั่นคงของมนุษย์จังหวัดมหาสารคาม
NCGPAY00210,NCG00210,7871986306216,กัลยา,เพชรรัตน์,หญิง,2026-02-24,6025487269245,อัครเดช,ร่มเย็น,ผู้ปกครองโดยชอบด้วยกฎหมาย,2026-08-24,2026-08-24,2026-08-24,2026-08-24,1,600,จ่ายสำเร็จ,โอนเข้าบัญชีธนาคาร,3,10750,ระบบออนไลน์,สุพรรณบุรี,คลองใหม่,สำนักงานพัฒนาสังคมและความมั่นคงของมนุษย์จังหวัดสุพรรณบุรี
NCGPAY00226,NCG00226,1326275584128,นราวิชญ์,แสงเพชร,หญิง,2026-07-28,6928030073187,วิภาวี,บุญธรรม,บิดา,2026-08-24,2026-08-24,2026-08-24,2026-08-24,1,600,จ่ายสำเร็จ,โอนเข้าบัญชีธนาคาร,4,7000,เจ้าหน้าที่ช่วยลงทะเบียน,มหาสารคาม,คลองใหม่,สำนักงานพัฒนาสังคมและความมั่นคงของมนุษย์จังหวัดมหาสารคาม
NCGPAY00230,NCG00230,1263947911978,เบญจพร,ศรีสมบัติ,ชาย,2026-03-26,6450378524092,ชุติมา,โพธิ์ทอง,มารดา,2026-08-11,2026-08-24,2026-08-24,2026-08-24,1,600,จ่ายสำเร็จ,โอนเข้าบัญชีธนาคาร,6,8000,ลงทะเบียน ณ หน่วยรับลงทะเบียน,ลำพูน,คลองใหม่,สำนักงานพัฒนาสังคมและความมั่นคงของมนุษย์จังหวัดลำพูน
NCGPAY00235,NCG00235,5782662120279,กฤติน,ชัยมงคล,ชาย,2026-01-20,6343633114617,ปาริชาติ,แสงจันทร์,บิดา,2026-07-28,2026-08-01,2026-08-01,2026-08-24,1,600,จ่ายสำเร็จ,พร้อมเพย์,4,8500,เจ้าหน้าที่ช่วยลงทะเบียน,สมุทรสาคร,คลองใหม่,สำนักงานพัฒนาสังคมและความมั่นคงของมนุษย์จังหวัดสมุทรสาคร
NCGPAY00238,NCG00238,2521329022787,สุชาดา,แก้วกาญจน์,ชาย,2026-02-23,1827851936811,นภัสสร,นิ่มนวล,มารดา,2026-08-24,2026-08-24,2026-08-24,2026-08-24,1,600,จ่ายสำเร็จ,โอนเข้าบัญชีธนาคาร,4,8500,ลงทะเบียน ณ หน่วยรับลงทะเบียน,สระบุรี,บ้านใหม่,สำนักงานพัฒนาสังคมและความมั่นคงของมนุษย์จังหวัดสระบุรี
NCGPAY00251,NCG00251,6202598011187,มนัสวี,จิตมั่น,ชาย,2026-05-30,8561517630208,วิภาวี,จำปาแก้ว,บิดา,2026-08-24,2026-08-24,2026-08-24,2026-08-24,1,600,จ่ายสำเร็จ,โอนเข้าบัญชีธนาคาร,3,8000,หน่วยบริการเคลื่อนที่,ชลบุรี,พนัสนิคม,สำนักงานพัฒนาสังคมและความมั่นคงของมนุษย์จังหวัดชลบุรี
NCGPAY00283,NCG00200,4479406795336,ปิยธิดา,กุลวงศ์,ชาย,2026-05-12,8809356572273,ภัทรพล,ทองมาก,มารดา,2026-08-24,2026-08-24,2026-08-24,2026-08-24,2,1800,จ่ายย้อนหลังรวมหลายงวด,โอนเข้าบัญชีธนาคาร,5,14750,หน่วยบริการเคลื่อนที่,มหาสารคาม,ศรีพัฒนา,สำนักงานพัฒนาสังคมและความมั่นคงของมนุษย์จังหวัดมหาสารคาม
NCGPAY00287,NCG00152,4824054681927,กิตติภัทร,สุทธิวงศ์,ชาย,2025-11-24,6001213402611,อัครเดช,ชูศรี,มารดา,2026-06-26,2026-07-17,2026-07-17,2026-08-24,2,600,จ่ายสำเร็จ,โอนเข้าบัญชีธนาคาร,4,5500,ระบบออนไลน์,ระยอง,ศรีพัฒนา,สำนักงานพัฒนาสังคมและความมั่นคงของมนุษย์จังหวัดระยอง
NCGPAY00295,NCG00082,7932533333335,ภาคิน,ศรีสง่า,ชาย,2026-02-25,5685982468474,ศุภชัย,สุขสวัสดิ์,ผู้ปกครองโดยชอบด้วยกฎหมาย,2026-08-24,2026-08-24,2026-08-24,2026-08-24,2,600,จ่ายสำเร็จ,โอนเข้าบัญชีธนาคาร,2,4250,ระบบออนไลน์,ยะลา,หนองกลาง,สำนักงานพัฒนาสังคมและความมั่นคงของมนุษย์จังหวัดยะลา
NCGPAY00304,NCG00141,8736958089081,พัชรินทร์,คำแสน,ชาย,2026-02-04,2235985228481,นิภาพร,แสงทอง,มารดา,2026-07-30,2026-08-13,2026-08-13,2026-08-24,2,600,จ่ายสำเร็จ,โอนเข้าบัญชีธนาคาร,3,11750,เจ้าหน้าที่ช่วยลงทะเบียน,เชียงราย,เชียงของ,สำนักงานพัฒนาสังคมและความมั่นคงของมนุษย์จังหวัดเชียงราย
NCGPAY00340,NCG00200,4479406795336,ปิยธิดา,กุลวงศ์,ชาย,2026-05-12,8809356572273,ภัทรพล,ทองมาก,มารดา,2026-08-24,2026-08-24,2026-08-24,2026-08-24,3,600,จ่ายสำเร็จ,โอนเข้าบัญชีธนาคาร,5,14750,หน่วยบริการเคลื่อนที่,มหาสารคาม,ศรีพัฒนา,สำนักงานพัฒนาสังคมและความมั่นคงของมนุษย์จังหวัดมหาสารคาม
NCGPAY00341,NCG00235,5782662120279,กฤติน,ชัยมงคล,ชาย,2026-01-20,6343633114617,ปาริชาติ,แสงจันทร์,บิดา,2026-07-28,2026-08-01,2026-08-01,2026-08-24,2,600,จ่ายสำเร็จ,โอนเข้าบัญชีธนาคาร,4,8500,เจ้าหน้าที่ช่วยลงทะเบียน,สมุทรสาคร,คลองใหม่,สำนักงานพัฒนาสังคมและความมั่นคงของมนุษย์จังหวัดสมุทรสาคร
NCGPAY00351,NCG00070,3587955089073,ชลธิชา,ยอดแก้ว,ชาย,2026-03-21,1001331394269,ณิชา,นิลแก้ว,บิดา,2026-08-24,2026-08-24,2026-08-24,2026-08-24,2,600,จ่ายสำเร็จ,พร้อมเพย์,2,4250,ลงทะเบียน ณ หน่วยรับลงทะเบียน,พิจิตร,บ้านใหม่,สำนักงานพัฒนาสังคมและความมั่นคงของมนุษย์จังหวัดพิจิตร
NCGPAY00362,NCG00075,8961874810092,ภูวดล,บุญมี,หญิง,2026-07-25,8112974341114,อนุชา,ฤทธิไกร,มารดา,2026-08-24,2026-08-24,2026-08-24,2026-08-24,2,600,จ่ายสำเร็จ,โอนเข้าบัญชีธนาคาร,4,2250,เจ้าหน้าที่ช่วยลงทะเบียน,พิษณุโลก,หนองกลาง,สำนักงานพัฒนาสังคมและความมั่นคงของมนุษย์จังหวัดพิษณุโลก
NCGPAY00368,NCG00046,1337470649102,กฤติน,พรมศรี,หญิง,2026-05-04,5809597823679,สุรศักดิ์,ร่มเย็น,มารดา,2026-08-24,2026-08-24,2026-08-24,2026-08-24,2,1800,จ่ายย้อนหลังรวมหลายงวด,พร้อมเพย์,6,6500,ระบบออนไลน์,นครศรีธรรมราช,บ้านใหม่,สำนักงานพัฒนาสังคมและความมั่นคงของมนุษย์จังหวัดนครศรีธรรมราช
NCGPAY00394,NCG00152,4824054681927,กิตติภัทร,สุทธิวงศ์,ชาย,2025-11-24,6001213402611,อัครเดช,ชูศรี,มารดา,2026-06-26,2026-07-17,2026-07-17,2026-08-24,3,600,จ่ายสำเร็จ,โอนเข้าบัญชีธนาคาร,4,5500,ระบบออนไลน์,ระยอง,ศรีพัฒนา,สำนักงานพัฒนาสังคมและความมั่นคงของมนุษย์จังหวัดระยอง
NCGPAY00419,NCG00046,1337470649102,กฤติน,พรมศรี,หญิง,2026-05-04,5809597823679,สุรศักดิ์,ร่มเย็น,มารดา,2026-08-24,2026-08-24,2026-08-24,2026-08-24,3,600,จ่ายสำเร็จ,โอนเข้าบัญชีธนาคาร,6,6500,ระบบออนไลน์,นครศรีธรรมราช,บ้านใหม่,สำนักงานพัฒนาสังคมและความมั่นคงของมนุษย์จังหวัดนครศรีธรรมราช
NCGPAY00455,NCG00238,2521329022787,สุชาดา,แก้วกาญจน์,ชาย,2026-02-23,1827851936811,นภัสสร,นิ่มนวล,มารดา,2026-08-24,2026-08-24,2026-08-24,2026-08-24,2,600,จ่ายสำเร็จ,โอนเข้าบัญชีธนาคาร,4,8500,ลงทะเบียน ณ หน่วยรับลงทะเบียน,สระบุรี,บ้านใหม่,สำนักงานพัฒนาสังคมและความมั่นคงของมนุษย์จังหวัดสระบุรี
NCGPAY00480,NCG00235,5782662120279,กฤติน,ชัยมงคล,ชาย,2026-01-20,6343633114617,ปาริชาติ,แสงจันทร์,บิดา,2026-07-28,2026-08-01,2026-08-01,2026-08-24,3,600,จ่ายสำเร็จ,โอนเข้าบัญชีธนาคาร,4,8500,เจ้าหน้าที่ช่วยลงทะเบียน,สมุทรสาคร,คลองใหม่,สำนักงานพัฒนาสังคมและความมั่นคงของมนุษย์จังหวัดสมุทรสาคร
NCGPAY00490,NCG00070,3587955089073,ชลธิชา,ยอดแก้ว,ชาย,2026-03-21,1001331394269,ณิชา,นิลแก้ว,บิดา,2026-08-24,2026-08-24,2026-08-24,2026-08-24,3,1800,จ่ายย้อนหลังรวมหลายงวด,โอนเข้าบัญชีธนาคาร,2,4250,ลงทะเบียน ณ หน่วยรับลงทะเบียน,พิจิตร,บ้านใหม่,สำนักงานพัฒนาสังคมและความมั่นคงของมนุษย์จังหวัดพิจิตร
