{
  "type": "FeatureCollection",
  "features": [
    {
      "type": "Feature",
      "properties": {
        "tam_code": "100702",
        "tam_th": "วังใหม่",
        "tam_en": "Wang Mai",
        "amp_code": "1007",
        "amp_th": "ปทุมวัน",
        "amp_en": "Pathum Wan",
        "pro_code": "10",
        "pro_th": "กรุงเทพมหานคร",
        "pro_en": "Bangkok",
        "reg_nesdb": "Central",
        "reg_royin": "Central",
        "perimeter": 4.88356799847,
        "area_sqkm": 1.24817064714
      },
      "geometry": {
        "type": "MultiPolygon",
        "coordinates": [
          [
            [
              [
                100.53123807126636,
                13.749246022882446
              ],
              [
                100.52878839121072,
                13.732885304056238
              ],
              [
                100.52139110120861,
                13.735838297679118
              ],
              [
                100.52525813811688,
                13.74926500603984
              ],
              [
                100.53123807126636,
                13.749246022882446
              ]
            ]
          ]
        ]
      }
    },
    {
      "type": "Feature",
      "properties": {
        "tam_code": "102210",
        "tam_th": "คูหาสวรรค์",
        "tam_en": "Khuha Sawan",
        "amp_code": "1022",
        "amp_th": "ภาษีเจริญ",
        "amp_en": "Phasi Charoen",
        "pro_code": "10",
        "pro_th": "กรุงเทพมหานคร",
        "pro_en": "Bangkok",
        "reg_nesdb": "Central",
        "reg_royin": "Central",
        "perimeter": 5.10474666994,
        "area_sqkm": 0.7744438671
      },
      "geometry": {
        "type": "MultiPolygon",
        "coordinates": [
          [
            [
              [
                100.4566997043811,
                13.723577644201292
              ],
              [
                100.45663431227801,
                13.723563341441718
              ],
              [
                100.45919606345275,
                13.735043223855033
              ],
              [
                100.45999133098519,
                13.743822760038011
              ],
              [
                100.46025152934918,
                13.743935345097297
              ],
              [
                100.46210429319706,
                13.74437635044875
              ],
              [
                100.46351784719474,
                13.731225524327753
              ],
              [
                100.4566997043811,
                13.723577644201292
              ]
            ]
          ]
        ]
      }
    },
    {
      "type": "Feature",
      "properties": {
        "tam_code": "140902",
        "tam_th": "โคกม่วง",
        "tam_en": "Khok Muang",
        "amp_code": "1409",
        "amp_th": "ภาชี",
        "amp_en": "Phachi",
        "pro_code": "14",
        "pro_th": "พระนครศรีอยุธยา",
        "pro_en": "Phra Nakhon Si Ayutthaya",
        "reg_nesdb": "Central",
        "reg_royin": "Central",
        "perimeter": 22.15762810441,
        "area_sqkm": 18.41094066543
      },
      "geometry": {
        "type": "MultiPolygon",
        "coordinates": [
          [
            [
              [
                100.75611250119975,
                14.43881663088407
              ],
              [
                100.76283200370071,
                14.440414770948273
              ],
              [
                100.76269123287143,
                14.433209202013144
              ],
              [
                100.76738410955927,
                14.431044519129689
              ],
              [
                100.76821021521819,
                14.420707988743668
              ],
              [
                100.75970116785027,
                14.413520883458887
              ],
              [
                100.75079439051427,
                14.412705889887853
              ],
              [
                100.7459563352721,
                14.402895914967589
              ],
              [
                100.74202048090255,
                14.406158325713385
              ],
              [
                100.73385474491293,
                14.401978413515788
              ],
              [
                100.7261162773565,
                14.400796849024136
              ],
              [
                100.6948923806222,
                14.406289894212188
              ],
              [
                100.70861225365181,
                14.420501882587718
              ],
              [
                100.71893816621686,
                14.41919319940174
              ],
              [
                100.72203962805318,
                14.427877685146907
              ],
              [
                100.73373592941954,
                14.42394744961366
              ],
              [
                100.74224207859454,
                14.432066469617121
              ],
              [
                100.74365619669554,
                14.440756237150962
              ],
              [
                100.74800230552775,
                14.445279193990533
              ],
              [
                100.75611250119975,
                14.43881663088407
              ]
            ]
          ]
        ]
      }
    },
    {
      "type": "Feature",
      "properties": {
        "tam_code": "141509",
        "tam_th": "บ้านนา",
        "tam_en": "Ban Na",
        "amp_code": "1415",
        "amp_th": "มหาราช",
        "amp_en": "Maha Rat",
        "pro_code": "14",
        "pro_th": "พระนครศรีอยุธยา",
        "pro_en": "Phra Nakhon Si Ayutthaya",
        "reg_nesdb": "Central",
        "reg_royin": "Central",
        "perimeter": 15.457078063,
        "area_sqkm": 14.17768644676
      },
      "geometry": {
        "type": "MultiPolygon",
        "coordinates": [
          [
            [
              [
                100.52159079192072,
                14.623558954885382
              ],
              [
                100.52838301890363,
                14.621061621093776
              ],
              [
                100.52150312114179,
                14.603990597202605
              ],
              [
                100.52602829962396,
                14.594935842995248
              ],
              [
                100.51238974818897,
                14.585023144252828
              ],
              [
                100.49274991801607,
                14.585348327324247
              ],
              [
                100.49297768078992,
                14.593579038629748
              ],
              [
                100.49149280039481,
                14.609357994780654
              ],
              [
                100.4999477594507,
                14.617987847792364
              ],
              [
                100.49907175504646,
                14.625007624373007
              ],
              [
                100.50332506514795,
                14.630035185339242
              ],
              [
                100.52159079192072,
                14.623558954885382
              ]
            ]
          ]
        ]
      }
    },
    {
      "type": "Feature",
      "properties": {
        "tam_code": "160114",
        "tam_th": "ท่าแค",
        "tam_en": "Tha Khae",
        "amp_code": "1601",
        "amp_th": "เมืองลพบุรี",
        "amp_en": "Mueang Lop Buri",
        "pro_code": "16",
        "pro_th": "ลพบุรี",
        "pro_en": "Lop Buri",
        "reg_nesdb": "Central",
        "reg_royin": "Central",
        "perimeter": 18.97717646195,
        "area_sqkm": 20.21355364794
      },
      "geometry": {
        "type": "MultiPolygon",
        "coordinates": [
          [
            [
              [
                100.63139222223907,
                14.88550263265102
              ],
              [
                100.64036134996508,
                14.857415933634142
              ],
              [
                100.64289539003698,
                14.84583353396769
              ],
              [
                100.60612876606106,
                14.840164272729659
              ],
              [
                100.59537331941709,
                14.843207108014076
              ],
              [
                100.59534966465503,
                14.843624164979039
              ],
              [
                100.60546111090812,
                14.855763357925904
              ],
              [
                100.59757760883325,
                14.886844520472636
              ],
              [
                100.61765891878777,
                14.892069023527332
              ],
              [
                100.63139222223907,
                14.88550263265102
              ]
            ]
          ]
        ]
      }
    },
    {
      "type": "Feature",
      "properties": {
        "tam_code": "210308",
        "tam_th": "บ้านนา",
        "tam_en": "Ban Na",
        "amp_code": "2103",
        "amp_th": "แกลง",
        "amp_en": "Klaeng",
        "pro_code": "21",
        "pro_th": "ระยอง",
        "pro_en": "Rayong",
        "reg_nesdb": "East",
        "reg_royin": "East",
        "perimeter": 35.68185009529,
        "area_sqkm": 56.67772207261
      },
      "geometry": {
        "type": "MultiPolygon",
        "coordinates": [
          [
            [
              [
                101.7064720054216,
                12.869886105296999
              ],
              [
                101.70401210289376,
                12.863840841809074
              ],
              [
                101.69486370769769,
                12.83786578582895
              ],
              [
                101.70000625400347,
                12.828719351819974
              ],
              [
                101.69062834428712,
                12.812548979672776
              ],
              [
                101.69180382634978,
                12.787128151584922
              ],
              [
                101.68296071532836,
                12.785952429934028
              ],
              [
                101.68241004451276,
                12.794107748355215
              ],
              [
                101.66898614300634,
                12.79162760586546
              ],
              [
                101.66395172841814,
                12.796680012052356
              ],
              [
                101.65225558717201,
                12.798348512406644
              ],
              [
                101.6497393219351,
                12.813289167199908
              ],
              [
                101.65379088157215,
                12.827220671581035
              ],
              [
                101.65889427322932,
                12.833429687175707
              ],
              [
                101.64349991217271,
                12.86561782270989
              ],
              [
                101.6439990144524,
                12.878586913711228
              ],
              [
                101.64537612672746,
                12.888827842575425
              ],
              [
                101.6520293899801,
                12.890690396557893
              ],
              [
                101.66504802744,
                12.883398687385906
              ],
              [
                101.66703218427072,
                12.895875830706387
              ],
              [
                101.68461493179268,
                12.899753258530362
              ],
              [
                101.7064720054216,
                12.869886105296999
              ]
            ]
          ]
        ]
      }
    },
    {
      "type": "Feature",
      "properties": {
        "tam_code": "220410",
        "tam_th": "คลองใหญ่",
        "tam_en": "Khlong Yai",
        "amp_code": "2204",
        "amp_th": "โป่งน้ำร้อน",
        "amp_en": "Pong Nam Ron",
        "pro_code": "22",
        "pro_th": "จันทบุรี",
        "pro_en": "Chanthaburi",
        "reg_nesdb": "East",
        "reg_royin": "East",
        "perimeter": 77.13539429653,
        "area_sqkm": 195.32107649093
      },
      "geometry": {
        "type": "MultiPolygon",
        "coordinates": [
          [
            [
              [
                102.42723258436216,
                12.994855064040344
              ],
              [
                102.46669060314373,
                12.994583830227617
              ],
              [
                102.47490810909856,
                12.988872242711741
              ],
              [
                102.48145117961174,
                12.991927352193946
              ],
              [
                102.48740723680133,
                12.98194524374174
              ],
              [
                102.48607061063841,
                12.977442598477829
              ],
              [
                102.50094000734286,
                12.960510224890065
              ],
              [
                102.49635641852511,
                12.952375973507904
              ],
              [
                102.48595347925493,
                12.947974575869607
              ],
              [
                102.49523019571757,
                12.92205734091638
              ],
              [
                102.5018343207082,
                12.915229740948169
              ],
              [
                102.50309991360261,
                12.900801465137622
              ],
              [
                102.50930710454988,
                12.895087296470484
              ],
              [
                102.5086613618349,
                12.88437019999564
              ],
              [
                102.5049542348017,
                12.88222282342957
              ],
              [
                102.50783777851134,
                12.865901983066102
              ],
              [
                102.4980350252525,
                12.85830207628551
              ],
              [
                102.50100434360277,
                12.849702052961003
              ],
              [
                102.51454018303369,
                12.841910884096286
              ],
              [
                102.51530455163562,
                12.822071878652647
              ],
              [
                102.52939663005448,
                12.81806556818025
              ],
              [
                102.53210198974662,
                12.81045871282516
              ],
              [
                102.52825773588783,
                12.79660257154466
              ],
              [
                102.53614465291008,
                12.783855191909934
              ],
              [
                102.53215761512458,
                12.766589761594435
              ],
              [
                102.52365863644901,
                12.762264178606324
              ],
              [
                102.51769681935977,
                12.752511683110416
              ],
              [
                102.50859632315226,
                12.75303783836899
              ],
              [
                102.49130359765397,
                12.756797575665496
              ],
              [
                102.48003472680043,
                12.753208989894924
              ],
              [
                102.46397190688826,
                12.76083545832996
              ],
              [
                102.44977496100259,
                12.84382771083558
              ],
              [
                102.44401175586901,
                12.845509283683661
              ],
              [
                102.43546868678497,
                12.858818148197576
              ],
              [
                102.43851927698249,
                12.880641918333286
              ],
              [
                102.43310485772636,
                12.89295288799292
              ],
              [
                102.41734569701187,
                12.908359534298425
              ],
              [
                102.42489380352431,
                12.921242062518095
              ],
              [
                102.42281892014509,
                12.929298741752456
              ],
              [
                102.41572458246165,
                12.930337471128537
              ],
              [
                102.4154679594323,
                12.940935490644348
              ],
              [
                102.42072980038061,
                12.947319375502985
              ],
              [
                102.41566961589656,
                12.958045890194695
              ],
              [
                102.43079912912664,
                12.958398720650697
              ],
              [
                102.44552483847639,
                12.965914067685238
              ],
              [
                102.42723258436216,
                12.994855064040344
              ]
            ]
          ]
        ]
      }
    },
    {
      "type": "Feature",
      "properties": {
        "tam_code": "220906",
        "tam_th": "วังใหม่",
        "tam_en": "Wang Mai",
        "amp_code": "2209",
        "amp_th": "นายายอาม",
        "amp_en": "Na Yai Am",
        "pro_code": "22",
        "pro_th": "จันทบุรี",
        "pro_en": "Chanthaburi",
        "reg_nesdb": "East",
        "reg_royin": "East",
        "perimeter": 57.24112682854,
        "area_sqkm": 68.59725579322
      },
      "geometry": {
        "type": "MultiPolygon",
        "coordinates": [
          [
            [
              [
                101.90029270683364,
                12.846515268826217
              ],
              [
                101.89973287192215,
                12.823029392035352
              ],
              [
                101.90764805509838,
                12.81631450033535
              ],
              [
                101.90270328857166,
                12.795128390585893
              ],
              [
                101.91051890611661,
                12.787676299307181
              ],
              [
                101.91814157344729,
                12.789800397487493
              ],
              [
                101.9233112958121,
                12.780349586076586
              ],
              [
                101.91999249809191,
                12.77248539496949
              ],
              [
                101.92510267592048,
                12.773181853020265
              ],
              [
                101.93103997066895,
                12.76135832531842
              ],
              [
                101.94136763874978,
                12.747942582511191
              ],
              [
                101.93883844181175,
                12.741814190731205
              ],
              [
                101.95091484372527,
                12.732766204857638
              ],
              [
                101.9492872765178,
                12.727429467453321
              ],
              [
                101.95623999379877,
                12.727179176464627
              ],
              [
                101.95562639749038,
                12.722559378046492
              ],
              [
                101.92844431878525,
                12.726275551689456
              ],
              [
                101.89213513882889,
                12.738763540478772
              ],
              [
                101.8941541756976,
                12.746248557050704
              ],
              [
                101.88315413732695,
                12.765798854460526
              ],
              [
                101.87251365479682,
                12.837546617824053
              ],
              [
                101.86596003771558,
                12.84961239530641
              ],
              [
                101.87024683697668,
                12.856129957869772
              ],
              [
                101.86438894094675,
                12.861446467577084
              ],
              [
                101.85980256999234,
                12.87890130322634
              ],
              [
                101.85265779404283,
                12.916286449039523
              ],
              [
                101.85601549667605,
                12.91938971723433
              ],
              [
                101.86072706624424,
                12.911538473373309
              ],
              [
                101.87669795461606,
                12.885699477416752
              ],
              [
                101.88401152362579,
                12.883426351252174
              ],
              [
                101.88241045613155,
                12.875305731621404
              ],
              [
                101.89427846236154,
                12.860243169620702
              ],
              [
                101.89330606676953,
                12.848038702940524
              ],
              [
                101.90029270683364,
                12.846515268826217
              ]
            ]
          ]
        ]
      }
    },
    {
      "type": "Feature",
      "properties": {
        "tam_code": "230201",
        "tam_th": "คลองใหญ่",
        "tam_en": "Khlong Yai",
        "amp_code": "2302",
        "amp_th": "คลองใหญ่",
        "amp_en": "Khlong Yai",
        "pro_code": "23",
        "pro_th": "ตราด",
        "pro_en": "Trat",
        "reg_nesdb": "East",
        "reg_royin": "East",
        "perimeter": 27.85117267483,
        "area_sqkm": 17.5226034554
      },
      "geometry": {
        "type": "MultiPolygon",
        "coordinates": [
          [
            [
              [
                102.85258323348849,
                11.826766063407485
              ],
              [
                102.86243043984997,
                11.823301944492353
              ],
              [
                102.86648363045121,
                11.80658846157435
              ],
              [
                102.88553672520709,
                11.799367100648752
              ],
              [
                102.88203994671834,
                11.78985579873687
              ],
              [
                102.89204341456387,
                11.7872530931984
              ],
              [
                102.90721792430762,
                11.757709575316456
              ],
              [
                102.90206908456419,
                11.755675226270856
              ],
              [
                102.89278077431057,
                11.754135002152875
              ],
              [
                102.83824764998127,
                11.83219612151474
              ],
              [
                102.83356671411376,
                11.83954935753972
              ],
              [
                102.84445909554357,
                11.845445998385191
              ],
              [
                102.85258323348849,
                11.826766063407485
              ]
            ]
          ]
        ]
      }
    },
    {
      "type": "Feature",
      "properties": {
        "tam_code": "230507",
        "tam_th": "คลองใหญ่",
        "tam_en": "Khlong Yai",
        "amp_code": "2305",
        "amp_th": "แหลมงอบ",
        "amp_en": "Laem Ngop",
        "pro_code": "23",
        "pro_th": "ตราด",
        "pro_en": "Trat",
        "reg_nesdb": "East",
        "reg_royin": "East",
        "perimeter": 46.59005408033,
        "area_sqkm": 76.59751620321
      },
      "geometry": {
        "type": "MultiPolygon",
        "coordinates": [
          [
            [
              [
                102.39009949352173,
                12.283386595631681
              ],
              [
                102.39433533030873,
                12.279439307771565
              ],
              [
                102.39207817733548,
                12.272427130945061
              ],
              [
                102.39802139636794,
                12.27214352000823
              ],
              [
                102.40684486459716,
                12.270064508647266
              ],
              [
                102.40545158099738,
                12.26224272561082
              ],
              [
                102.40781155709888,
                12.24268673627816
              ],
              [
                102.39676074505788,
                12.237694300938028
              ],
              [
                102.40881306821412,
                12.219414311233667
              ],
              [
                102.4016951467796,
                12.215533241416638
              ],
              [
                102.38648454389842,
                12.180448734373096
              ],
              [
                102.36855319528611,
                12.193187058564433
              ],
              [
                102.34941014475875,
                12.195433975352978
              ],
              [
                102.33816516280403,
                12.184382133353118
              ],
              [
                102.32556311493057,
                12.180125867619825
              ],
              [
                102.3211295564087,
                12.184880223012053
              ],
              [
                102.31399243184634,
                12.182775348189846
              ],
              [
                102.30623865261859,
                12.187563784569916
              ],
              [
                102.29503930960645,
                12.187126784414199
              ],
              [
                102.28541110463686,
                12.197205974080335
              ],
              [
                102.31078325419661,
                12.195283602975815
              ],
              [
                102.31709516135118,
                12.21815365128543
              ],
              [
                102.32834706102945,
                12.232918293607222
              ],
              [
                102.32584770327307,
                12.243951929574003
              ],
              [
                102.3572979318502,
                12.251645445517784
              ],
              [
                102.36021099913114,
                12.264866633492344
              ],
              [
                102.37743945121946,
                12.27433148080616
              ],
              [
                102.37801788917054,
                12.287190474180337
              ],
              [
                102.39009949352173,
                12.283386595631681
              ]
            ]
          ]
        ]
      }
    },
    {
      "type": "Feature",
      "properties": {
        "tam_code": "230601",
        "tam_th": "เกาะหมาก",
        "tam_en": "Ko Mak",
        "amp_code": "2306",
        "amp_th": "เกาะกูด",
        "amp_en": "Ko Kut",
        "pro_code": "23",
        "pro_th": "ตราด",
        "pro_en": "Trat",
        "reg_nesdb": "East",
        "reg_royin": "East",
        "perimeter": 50.87878797926,
        "area_sqkm": 18.11261144321
      },
      "geometry": {
        "type": "MultiPolygon",
        "coordinates": [
          [
            [
              [
                102.39213785678515,
                11.776814642215305
              ],
              [
                102.39472879868231,
                11.771673374595892
              ],
              [
                102.38834405366565,
                11.773736929646528
              ],
              [
                102.39213785678515,
                11.776814642215305
              ]
            ]
          ],
          [
            [
              [
                102.44990529741601,
                11.79526288685163
              ],
              [
                102.45038584505926,
                11.801626617601935
              ],
              [
                102.45270749432177,
                11.798718340892734
              ],
              [
                102.44990529741601,
                11.79526288685163
              ]
            ]
          ],
          [
            [
              [
                102.37635818218399,
                11.805616568560765
              ],
              [
                102.37709228351126,
                11.804708317741074
              ],
              [
                102.37566424737855,
                11.804847188352186
              ],
              [
                102.37635818218399,
                11.805616568560765
              ]
            ]
          ],
          [
            [
              [
                102.37782671175545,
                11.807472635749962
              ],
              [
                102.3767255925549,
                11.807973303646921
              ],
              [
                102.37711592865062,
                11.809021676559693
              ],
              [
                102.37782671175545,
                11.807472635749962
              ]
            ]
          ],
          [
            [
              [
                102.45189579037275,
                11.804473668737655
              ],
              [
                102.4562216623463,
                11.810344803863128
              ],
              [
                102.45561644790776,
                11.807073737565332
              ],
              [
                102.45189579037275,
                11.804473668737655
              ]
            ]
          ],
          [
            [
              [
                102.37672893436009,
                11.809414529599842
              ],
              [
                102.37481861518461,
                11.811054581912536
              ],
              [
                102.37614913035607,
                11.811088419696294
              ],
              [
                102.37672893436009,
                11.809414529599842
              ]
            ]
          ],
          [
            [
              [
                102.38484545757757,
                11.811113514161933
              ],
              [
                102.39301993357923,
                11.796903687572009
              ],
              [
                102.38690764754037,
                11.776169279294532
              ],
              [
                102.38034079125981,
                11.8020072297967
              ],
              [
                102.38031740796234,
                11.809114495917413
              ],
              [
                102.38484545757757,
                11.811113514161933
              ]
            ]
          ],
          [
            [
              [
                102.39703842993518,
                11.814642614234632
              ],
              [
                102.39680658330472,
                11.81558326658877
              ],
              [
                102.39830705412804,
                11.815324905212785
              ],
              [
                102.39703842993518,
                11.814642614234632
              ]
            ]
          ],
          [
            [
              [
                102.39660041692889,
                11.816748205274848
              ],
              [
                102.39586210675287,
                11.817171244380322
              ],
              [
                102.39715447070834,
                11.818012389200002
              ],
              [
                102.39660041692889,
                11.816748205274848
              ]
            ]
          ],
          [
            [
              [
                102.40178071752398,
                11.818530284112793
              ],
              [
                102.40105810791454,
                11.819296244359062
              ],
              [
                102.40215330978143,
                11.820451218435789
              ],
              [
                102.40178071752398,
                11.818530284112793
              ]
            ]
          ],
          [
            [
              [
                102.38593117644554,
                11.821333799748714
              ],
              [
                102.3841686295388,
                11.823949547114577
              ],
              [
                102.38590029670956,
                11.823619632262393
              ],
              [
                102.38593117644554,
                11.821333799748714
              ]
            ]
          ],
          [
            [
              [
                102.46018175187031,
                11.83211468399902
              ],
              [
                102.45952601305221,
                11.83845268894508
              ],
              [
                102.46145348637124,
                11.833758106797992
              ],
              [
                102.46018175187031,
                11.83211468399902
              ]
            ]
          ],
          [
            [
              [
                102.47181723396696,
                11.840397962097752
              ],
              [
                102.47033225946991,
                11.834077204247789
              ],
              [
                102.48157248668119,
                11.828136451908538
              ],
              [
                102.50589734234647,
                11.830603685148407
              ],
              [
                102.51166973383582,
                11.825248641333754
              ],
              [
                102.50447062891838,
                11.81194588031847
              ],
              [
                102.49217444059865,
                11.81576961702786
              ],
              [
                102.48765176526715,
                11.812869671998289
              ],
              [
                102.48670002370774,
                11.789925115238269
              ],
              [
                102.47874424424813,
                11.80426567447155
              ],
              [
                102.46720462808773,
                11.812118086511072
              ],
              [
                102.45142621391375,
                11.813762857075087
              ],
              [
                102.44715388513139,
                11.807226266194672
              ],
              [
                102.44382988730679,
                11.811108228390474
              ],
              [
                102.44460811605676,
                11.82070847795629
              ],
              [
                102.44829322605474,
                11.818853493204974
              ],
              [
                102.45100415205329,
                11.82290814450428
              ],
              [
                102.45438052941323,
                11.817451124147103
              ],
              [
                102.46721851369314,
                11.822862704866305
              ],
              [
                102.47071223369556,
                11.827829515186272
              ],
              [
                102.46769264094101,
                11.840519599908063
              ],
              [
                102.47181723396696,
                11.840397962097752
              ]
            ]
          ],
          [
            [
              [
                102.52394991578538,
                11.833061019897643
              ],
              [
                102.51934665425688,
                11.834199318927093
              ],
              [
                102.52574603907878,
                11.854201989994865
              ],
              [
                102.53281374486457,
                11.842236745849364
              ],
              [
                102.53017152834998,
                11.83368547268854
              ],
              [
                102.52394991578538,
                11.833061019897643
              ]
            ]
          ],
          [
            [
              [
                102.52523726443552,
                11.855799473206202
              ],
              [
                102.52405942176522,
                11.856505905492131
              ],
              [
                102.5243846139556,
                11.857339177338575
              ],
              [
                102.52523726443552,
                11.855799473206202
              ]
            ]
          ],
          [
            [
              [
                102.52322466932542,
                11.859127589220453
              ],
              [
                102.5231028845824,
                11.857227632377816
              ],
              [
                102.52243684824289,
                11.858758238466228
              ],
              [
                102.52322466932542,
                11.859127589220453
              ]
            ]
          ]
        ]
      }
    },
    {
      "type": "Feature",
      "properties": {
        "tam_code": "240506",
        "tam_th": "ดอนทราย",
        "tam_en": "Don Sai",
        "amp_code": "2405",
        "amp_th": "บ้านโพธิ์",
        "amp_en": "Ban Pho",
        "pro_code": "24",
        "pro_th": "ฉะเชิงเทรา",
        "pro_en": "Chachoengsao",
        "reg_nesdb": "East",
        "reg_royin": "East",
        "perimeter": 17.91644026065,
        "area_sqkm": 12.45320924703
      },
      "geometry": {
        "type": "MultiPolygon",
        "coordinates": [
          [
            [
              [
                101.13855001814294,
                13.65173893568361
              ],
              [
                101.1327799267835,
                13.64242658105201
              ],
              [
                101.13935414863873,
                13.642276270465835
              ],
              [
                101.13748543850828,
                13.63548661875288
              ],
              [
                101.1421276392332,
                13.632059018033424
              ],
              [
                101.15072940528465,
                13.637240629950586
              ],
              [
                101.15019970550863,
                13.628928145625505
              ],
              [
                101.14602699995213,
                13.62651302392577
              ],
              [
                101.13225652477479,
                13.62303265890954
              ],
              [
                101.12837944150581,
                13.611546300822333
              ],
              [
                101.12077692974289,
                13.612853771641722
              ],
              [
                101.11471009738837,
                13.60841524532497
              ],
              [
                101.10403002107653,
                13.635993629376536
              ],
              [
                101.13060151383647,
                13.652333696143666
              ],
              [
                101.13855001814294,
                13.65173893568361
              ]
            ]
          ]
        ]
      }
    },
    {
      "type": "Feature",
      "properties": {
        "tam_code": "250209",
        "tam_th": "บ้านนา",
        "tam_en": "Ban Na",
        "amp_code": "2502",
        "amp_th": "กบินทร์บุรี",
        "amp_en": "Kabin Buri",
        "pro_code": "25",
        "pro_th": "ปราจีนบุรี",
        "pro_en": "Prachin Buri",
        "reg_nesdb": "East",
        "reg_royin": "East",
        "perimeter": 68.38394865299,
        "area_sqkm": 107.2550513281
      },
      "geometry": {
        "type": "MultiPolygon",
        "coordinates": [
          [
            [
              [
                101.8833642871336,
                14.043661797120508
              ],
              [
                101.88634006997302,
                14.018656542160832
              ],
              [
                101.87044145855076,
                14.017687521643813
              ],
              [
                101.86134154127954,
                14.011158530435646
              ],
              [
                101.94296251751541,
                14.024584369949247
              ],
              [
                101.95526222519902,
                14.023271592049495
              ],
              [
                101.93977748819904,
                14.016443749889829
              ],
              [
                101.93633241571969,
                14.001991907420617
              ],
              [
                101.924865718909,
                13.993469608120462
              ],
              [
                101.93473951673177,
                13.990805379308595
              ],
              [
                101.93949260324524,
                13.983019229046741
              ],
              [
                101.94140496846988,
                13.966448775248255
              ],
              [
                101.93760556319121,
                13.959200548762555
              ],
              [
                101.95190934519117,
                13.935157186294788
              ],
              [
                101.94208396453782,
                13.930881382006579
              ],
              [
                101.93903679397002,
                13.935572131617361
              ],
              [
                101.930870609371,
                13.933350784359739
              ],
              [
                101.92550665148954,
                13.939524901574698
              ],
              [
                101.92212398717147,
                13.937171975779693
              ],
              [
                101.9116496044353,
                13.933869304468411
              ],
              [
                101.89236605830004,
                13.955424410504662
              ],
              [
                101.80833261987962,
                13.982693574877464
              ],
              [
                101.78841265710972,
                13.984539812996365
              ],
              [
                101.78663908463878,
                13.992672936658128
              ],
              [
                101.81370168870976,
                13.994075091808876
              ],
              [
                101.81613831768159,
                14.039894100715843
              ],
              [
                101.82170887149965,
                14.038732248617046
              ],
              [
                101.82508970560151,
                14.029306521687154
              ],
              [
                101.83253443021887,
                14.02979557575653
              ],
              [
                101.8368966877654,
                14.023926757646377
              ],
              [
                101.84109901876721,
                14.030939073915677
              ],
              [
                101.85910397562685,
                14.023525008439847
              ],
              [
                101.86698280263106,
                14.039236027704552
              ],
              [
                101.87818792419442,
                14.037643429920502
              ],
              [
                101.8833642871336,
                14.043661797120508
              ]
            ]
          ]
        ]
      }
    },
    {
      "type": "Feature",
      "properties": {
        "tam_code": "260301",
        "tam_th": "บ้านนา",
        "tam_en": "Ban Na",
        "amp_code": "2603",
        "amp_th": "บ้านนา",
        "amp_en": "Ban Na",
        "pro_code": "26",
        "pro_th": "นครนายก",
        "pro_en": "Nakhon Nayok",
        "reg_nesdb": "East",
        "reg_royin": "Central",
        "perimeter": 24.43789559269,
        "area_sqkm": 16.76564286877
      },
      "geometry": {
        "type": "MultiPolygon",
        "coordinates": [
          [
            [
              [
                101.0937447849621,
                14.26722852781663
              ],
              [
                101.09540597086355,
                14.250350009765027
              ],
              [
                101.07009191151755,
                14.251818816880586
              ],
              [
                101.06562727193673,
                14.255891440093936
              ],
              [
                101.03005119653547,
                14.25152962202353
              ],
              [
                101.00282466205479,
                14.25399831030031
              ],
              [
                101.0190725903401,
                14.255142142086418
              ],
              [
                101.03221725106799,
                14.274075667271786
              ],
              [
                101.06870919504594,
                14.26846974651409
              ],
              [
                101.09071582142478,
                14.279530896054318
              ],
              [
                101.0937447849621,
                14.26722852781663
              ]
            ]
          ]
        ]
      }
    },
    {
      "type": "Feature",
      "properties": {
        "tam_code": "260302",
        "tam_th": "บ้านพร้าว",
        "tam_en": "Ban Phrao",
        "amp_code": "2603",
        "amp_th": "บ้านนา",
        "amp_en": "Ban Na",
        "pro_code": "26",
        "pro_th": "นครนายก",
        "pro_en": "Nakhon Nayok",
        "reg_nesdb": "East",
        "reg_royin": "Central",
        "perimeter": 26.08690046963,
        "area_sqkm": 29.19115497865
      },
      "geometry": {
        "type": "MultiPolygon",
        "coordinates": [
          [
            [
              [
                101.14035684644338,
                14.270084781750786
              ],
              [
                101.14051448477984,
                14.264099899862607
              ],
              [
                101.12953201538362,
                14.258799995596839
              ],
              [
                101.12390448338455,
                14.233367984435084
              ],
              [
                101.13378622622677,
                14.221192217649351
              ],
              [
                101.13111430342482,
                14.203523751572472
              ],
              [
                101.12504607671634,
                14.196779780492102
              ],
              [
                101.11539233652834,
                14.197688343732615
              ],
              [
                101.09561038789727,
                14.205096348673047
              ],
              [
                101.09068618162215,
                14.211286560132423
              ],
              [
                101.08776349084545,
                14.224436115677165
              ],
              [
                101.10165113375356,
                14.241472820050209
              ],
              [
                101.09598164281918,
                14.243244054962066
              ],
              [
                101.09540597086355,
                14.250350009765027
              ],
              [
                101.0937447849621,
                14.26722852781663
              ],
              [
                101.12009121449182,
                14.265378884422587
              ],
              [
                101.13675696974319,
                14.270592548814786
              ],
              [
                101.14035684644338,
                14.270084781750786
              ]
            ]
          ]
        ]
      }
    },
    {
      "type": "Feature",
      "properties": {
        "tam_code": "260410",
        "tam_th": "ชุมพล",
        "tam_en": "Chum Phon",
        "amp_code": "2604",
        "amp_th": "องครักษ์",
        "amp_en": "Ongkharak",
        "pro_code": "26",
        "pro_th": "นครนายก",
        "pro_en": "Nakhon Nayok",
        "reg_nesdb": "East",
        "reg_royin": "Central",
        "perimeter": 21.16775428127,
        "area_sqkm": 25.44440226363
      },
      "geometry": {
        "type": "MultiPolygon",
        "coordinates": [
          [
            [
              [
                100.91346443605174,
                13.961011671575951
              ],
              [
                100.91381838559327,
                14.00639226547672
              ],
              [
                100.92545917780065,
                14.00786618592397
              ],
              [
                100.92534331918557,
                14.01558281300941
              ],
              [
                100.94669728476728,
                14.015484400870916
              ],
              [
                100.94646078542348,
                14.00612765219574
              ],
              [
                100.95941178914961,
                14.006028524416806
              ],
              [
                100.95935555622526,
                13.996560441055948
              ],
              [
                100.95916902580055,
                13.967183454552329
              ],
              [
                100.948273912604,
                13.96568229682767
              ],
              [
                100.91346443605174,
                13.961011671575951
              ]
            ]
          ]
        ]
      }
    },
    {
      "type": "Feature",
      "properties": {
        "tam_code": "260411",
        "tam_th": "คลองใหญ่",
        "tam_en": "Khlong Yai",
        "amp_code": "2604",
        "amp_th": "องครักษ์",
        "amp_en": "Ongkharak",
        "pro_code": "26",
        "pro_th": "นครนายก",
        "pro_en": "Nakhon Nayok",
        "reg_nesdb": "East",
        "reg_royin": "Central",
        "perimeter": 27.97406398983,
        "area_sqkm": 33.33829188545
      },
      "geometry": {
        "type": "MultiPolygon",
        "coordinates": [
          [
            [
              [
                100.99710073693684,
                14.128056548555847
              ],
              [
                100.99532560447757,
                14.125326272213668
              ],
              [
                101.00158132167451,
                14.12399215799031
              ],
              [
                100.9600355986026,
                14.100909735009894
              ],
              [
                100.91429129409946,
                14.08379571262525
              ],
              [
                100.91427712610786,
                14.099312064833462
              ],
              [
                100.91421230258746,
                14.135885525516459
              ],
              [
                100.94363469167575,
                14.126009501752495
              ],
              [
                100.98420351375806,
                14.146125924886219
              ],
              [
                100.99710073693684,
                14.128056548555847
              ]
            ]
          ]
        ]
      }
    },
    {
      "type": "Feature",
      "properties": {
        "tam_code": "270902",
        "tam_th": "วังใหม่",
        "tam_en": "Wang Mai",
        "amp_code": "2709",
        "amp_th": "วังสมบูรณ์",
        "amp_en": "Wang Sombun",
        "pro_code": "27",
        "pro_th": "สระแก้ว",
        "pro_en": "Sa kaeo",
        "reg_nesdb": "East",
        "reg_royin": "East",
        "perimeter": 87.54752649846,
        "area_sqkm": 163.19947374987
      },
      "geometry": {
        "type": "MultiPolygon",
        "coordinates": [
          [
            [
              [
                102.22783576554214,
                13.478312158650304
              ],
              [
                102.23778943303657,
                13.472923136126333
              ],
              [
                102.23411286397958,
                13.466968167049778
              ],
              [
                102.2365026388198,
                13.429477402554653
              ],
              [
                102.23320196905841,
                13.41522944552285
              ],
              [
                102.22613124822826,
                13.413465600486607
              ],
              [
                102.22408562327819,
                13.407445320503156
              ],
              [
                102.2253342316423,
                13.384298687701977
              ],
              [
                102.19199087144354,
                13.401566978119547
              ],
              [
                102.18117148741743,
                13.416518291564598
              ],
              [
                102.1774472402672,
                13.415715930220854
              ],
              [
                102.17556114563169,
                13.408235841458037
              ],
              [
                102.17982081472128,
                13.40290675901374
              ],
              [
                102.17501449876514,
                13.396035119070378
              ],
              [
                102.13855445752839,
                13.397074527473121
              ],
              [
                102.136016283577,
                13.40329917744569
              ],
              [
                102.14168332084463,
                13.41836337628532
              ],
              [
                102.11909614577444,
                13.415560072470544
              ],
              [
                102.1129648118002,
                13.407713884123833
              ],
              [
                102.08524849834434,
                13.421357828264595
              ],
              [
                102.07843613366188,
                13.418648399740318
              ],
              [
                102.0739763923934,
                13.406652395217042
              ],
              [
                102.06482609563966,
                13.402265262033783
              ],
              [
                102.06341802175515,
                13.396474387770008
              ],
              [
                102.02108016130946,
                13.377065303400116
              ],
              [
                102.00672598915305,
                13.361025284652422
              ],
              [
                101.99012535754696,
                13.353342084761241
              ],
              [
                101.98185795827075,
                13.359753745875556
              ],
              [
                101.9820182604547,
                13.380798613561845
              ],
              [
                101.97317882380987,
                13.39404706467032
              ],
              [
                101.97707607234268,
                13.408720237212076
              ],
              [
                102.00087658854879,
                13.405934215362839
              ],
              [
                102.02265147397192,
                13.436568689052274
              ],
              [
                102.03849367131787,
                13.441955732747292
              ],
              [
                102.05487715901776,
                13.434953681995935
              ],
              [
                102.06351851914744,
                13.436536302378515
              ],
              [
                102.0741791932823,
                13.444530618302768
              ],
              [
                102.07382586041346,
                13.450012092449127
              ],
              [
                102.07643749124799,
                13.452850801017437
              ],
              [
                102.07828289442381,
                13.44829817391464
              ],
              [
                102.14334989910657,
                13.44993260968878
              ],
              [
                102.16228770433986,
                13.472032170206695
              ],
              [
                102.16571342435161,
                13.4660077235303
              ],
              [
                102.18851877850686,
                13.464047595859203
              ],
              [
                102.22253189199502,
                13.48340190502134
              ],
              [
                102.22783576554214,
                13.478312158650304
              ]
            ]
          ]
        ]
      }
    },
    {
      "type": "Feature",
      "properties": {
        "tam_code": "390108",
        "tam_th": "บ้านพร้าว",
        "tam_en": "Ban Phrao",
        "amp_code": "3901",
        "amp_th": "เมืองหนองบัวลำภู",
        "amp_en": "Mueang Nong Bua Lam Phu",
        "pro_code": "39",
        "pro_th": "หนองบัวลำภู",
        "pro_en": "Nong Bua Lam Phu",
        "reg_nesdb": "Northeast",
        "reg_royin": "Northeast",
        "perimeter": 34.37571954235,
        "area_sqkm": 64.5220618999
      },
      "geometry": {
        "type": "MultiPolygon",
        "coordinates": [
          [
            [
              [
                102.43859122589599,
                17.075167465045443
              ],
              [
                102.41660527616204,
                17.07723060603762
              ],
              [
                102.33024586390592,
                17.07033661627407
              ],
              [
                102.33133478689031,
                17.084610374809845
              ],
              [
                102.34732271457965,
                17.100696330505627
              ],
              [
                102.3502964581927,
                17.115702398145654
              ],
              [
                102.3648795937923,
                17.125727930643876
              ],
              [
                102.3768225383614,
                17.130616272397923
              ],
              [
                102.43991635978038,
                17.138447148312228
              ],
              [
                102.43859122589599,
                17.075167465045443
              ]
            ]
          ]
        ]
      }
    },
    {
      "type": "Feature",
      "properties": {
        "tam_code": "390308",
        "tam_th": "โคกม่วง",
        "tam_en": "Khok Muang",
        "amp_code": "3903",
        "amp_th": "โนนสัง",
        "amp_en": "Non Sang",
        "pro_code": "39",
        "pro_th": "หนองบัวลำภู",
        "pro_en": "Nong Bua Lam Phu",
        "reg_nesdb": "Northeast",
        "reg_royin": "Northeast",
        "perimeter": 56.9753855304,
        "area_sqkm": 129.08098627465
      },
      "geometry": {
        "type": "MultiPolygon",
        "coordinates": [
          [
            [
              [
                102.4979066898846,
                16.908020588919054
              ],
              [
                102.48026590637171,
                16.898255786881627
              ],
              [
                102.43223849575054,
                16.86484046700252
              ],
              [
                102.4217509231532,
                16.865269761568488
              ],
              [
                102.41472921314275,
                16.876446338911578
              ],
              [
                102.3906179496588,
                16.84722449310787
              ],
              [
                102.38628473173505,
                16.862561011402263
              ],
              [
                102.39088870812785,
                16.868014697672873
              ],
              [
                102.37716947157875,
                16.87083083374182
              ],
              [
                102.37760165893,
                16.87542950067388
              ],
              [
                102.3677657932994,
                16.877982433001293
              ],
              [
                102.37883534525076,
                16.901104279998933
              ],
              [
                102.37455870965907,
                16.908445784556765
              ],
              [
                102.38159217265834,
                16.91146061547426
              ],
              [
                102.38694361642483,
                16.92713668716011
              ],
              [
                102.40996343334919,
                16.927546780945278
              ],
              [
                102.41822612024136,
                16.96314217397279
              ],
              [
                102.44872982391274,
                17.015064414767693
              ],
              [
                102.45936278475308,
                17.024498491633913
              ],
              [
                102.47118394987298,
                17.028138446999172
              ],
              [
                102.47905370467073,
                16.99196094663186
              ],
              [
                102.4840860955341,
                16.929234564458813
              ],
              [
                102.4979066898846,
                16.908020588919054
              ]
            ]
          ]
        ]
      }
    },
    {
      "type": "Feature",
      "properties": {
        "tam_code": "440615",
        "tam_th": "วังใหม่",
        "tam_en": "Wang Mai",
        "amp_code": "4406",
        "amp_th": "บรบือ",
        "amp_en": "Borabue",
        "pro_code": "44",
        "pro_th": "มหาสารคาม",
        "pro_en": "Maha Sarakham",
        "reg_nesdb": "Northeast",
        "reg_royin": "Northeast",
        "perimeter": 29.58112877954,
        "area_sqkm": 46.04999263091
      },
      "geometry": {
        "type": "MultiPolygon",
        "coordinates": [
          [
            [
              [
                103.07751287824918,
                16.03707351637434
              ],
              [
                103.07881506439941,
                16.025064472553193
              ],
              [
                103.03707390987489,
                16.00400436153074
              ],
              [
                103.02240767520031,
                15.973287856100947
              ],
              [
                102.99908309233672,
                15.983442911966625
              ],
              [
                103.00289392890927,
                16.00227108175524
              ],
              [
                102.99807324981178,
                16.024485452443706
              ],
              [
                103.00244983883167,
                16.03831167994405
              ],
              [
                103.03694645923846,
                16.054331977955602
              ],
              [
                103.04219079804984,
                16.06619169698412
              ],
              [
                103.07751287824918,
                16.03707351637434
              ]
            ]
          ]
        ]
      }
    },
    {
      "type": "Feature",
      "properties": {
        "tam_code": "560313",
        "tam_th": "อ่างทอง",
        "tam_en": "Ang Thong",
        "amp_code": "5603",
        "amp_th": "เชียงคำ",
        "amp_en": "Mueang Phayao",
        "pro_code": "56",
        "pro_th": "พะเยา",
        "pro_en": "Phayao",
        "reg_nesdb": "UpperNorth",
        "reg_royin": "North",
        "perimeter": 48.00244037675,
        "area_sqkm": 79.17933453675
      },
      "geometry": {
        "type": "MultiPolygon",
        "coordinates": [
          [
            [
              [
                100.18772095345905,
                19.609231245741846
              ],
              [
                100.21527118867444,
                19.608512139259993
              ],
              [
                100.2135701181322,
                19.576510704175536
              ],
              [
                100.23116874998593,
                19.564719832529132
              ],
              [
                100.27551834770776,
                19.512835409017292
              ],
              [
                100.2139558851691,
                19.518800132656303
              ],
              [
                100.19010220200444,
                19.515281168803266
              ],
              [
                100.18598951780388,
                19.508477205588278
              ],
              [
                100.1773382037549,
                19.512561376742898
              ],
              [
                100.16420417213786,
                19.50984530474196
              ],
              [
                100.14911832704315,
                19.513626093233928
              ],
              [
                100.14689374813352,
                19.519104598643043
              ],
              [
                100.15523252627877,
                19.51998898191434
              ],
              [
                100.15648500393958,
                19.528013755334143
              ],
              [
                100.16074803267912,
                19.529357604907197
              ],
              [
                100.15326695869209,
                19.535003134702816
              ],
              [
                100.15265854102643,
                19.539332878569212
              ],
              [
                100.15757680785606,
                19.5402185624318
              ],
              [
                100.15422311080043,
                19.54507639494238
              ],
              [
                100.16276873734448,
                19.542130160983795
              ],
              [
                100.16579448861587,
                19.553032565109568
              ],
              [
                100.1633847778226,
                19.557270036561736
              ],
              [
                100.16914112156971,
                19.566236906594238
              ],
              [
                100.16306264694106,
                19.56967134146301
              ],
              [
                100.1636173021533,
                19.575229228048432
              ],
              [
                100.16975199857588,
                19.576339343146767
              ],
              [
                100.16554235539037,
                19.58483753171508
              ],
              [
                100.17050122690482,
                19.58685424644993
              ],
              [
                100.16711315410858,
                19.590978397196942
              ],
              [
                100.17428184616459,
                19.597776339024804
              ],
              [
                100.16916463984866,
                19.601776254651995
              ],
              [
                100.1839703090113,
                19.61283177184769
              ],
              [
                100.18772095345905,
                19.609231245741846
              ]
            ]
          ]
        ]
      }
    },
    {
      "type": "Feature",
      "properties": {
        "tam_code": "600504",
        "tam_th": "อ่างทอง",
        "tam_en": "Ang Thong",
        "amp_code": "6005",
        "amp_th": "บรรพตพิสัย",
        "amp_en": "Banphot Phisai",
        "pro_code": "60",
        "pro_th": "นครสวรรค์",
        "pro_en": "Nakhon Sawan",
        "reg_nesdb": "LowwerNorth",
        "reg_royin": "Central",
        "perimeter": 24.91180234996,
        "area_sqkm": 34.63407008613
      },
      "geometry": {
        "type": "MultiPolygon",
        "coordinates": [
          [
            [
              [
                99.96902244179611,
                15.905657852086971
              ],
              [
                99.9711222862024,
                15.900154719698284
              ],
              [
                99.9748329139967,
                15.893487267223529
              ],
              [
                99.97246117005257,
                15.856160569562292
              ],
              [
                99.97625478602626,
                15.856229382486053
              ],
              [
                99.97590719050028,
                15.849729329024735
              ],
              [
                99.96899879484309,
                15.84380106063222
              ],
              [
                99.9436775142874,
                15.845037049129695
              ],
              [
                99.92982810273071,
                15.837876548918862
              ],
              [
                99.90802169284474,
                15.876421105988388
              ],
              [
                99.93821241161749,
                15.895410865136133
              ],
              [
                99.94957404617365,
                15.897883265733528
              ],
              [
                99.95737829059732,
                15.893453405165546
              ],
              [
                99.96902244179611,
                15.905657852086971
              ]
            ]
          ]
        ]
      }
    },
    {
      "type": "Feature",
      "properties": {
        "tam_code": "620103",
        "tam_th": "อ่างทอง",
        "tam_en": "Ang Thong",
        "amp_code": "6201",
        "amp_th": "เมืองกำแพงเพชร",
        "amp_en": "Mueang Kamphaeng Phet",
        "pro_code": "62",
        "pro_th": "กำแพงเพชร",
        "pro_en": "Kamphaeng Phet",
        "reg_nesdb": "LowwerNorth",
        "reg_royin": "Central",
        "perimeter": 92.94238050655,
        "area_sqkm": 219.4911486607
      },
      "geometry": {
        "type": "MultiPolygon",
        "coordinates": [
          [
            [
              [
                99.53302810221581,
                16.395068090202766
              ],
              [
                99.55523871197397,
                16.385622841565553
              ],
              [
                99.53259970415014,
                16.346993281618413
              ],
              [
                99.52562191954458,
                16.35233524690816
              ],
              [
                99.5090816927603,
                16.32806542421526
              ],
              [
                99.49807760681779,
                16.295198916185434
              ],
              [
                99.5072770201701,
                16.295946566112157
              ],
              [
                99.49747157014767,
                16.26038535993702
              ],
              [
                99.50011296041944,
                16.258520305392224
              ],
              [
                99.4873580906556,
                16.2412057492293
              ],
              [
                99.4905067589566,
                16.223669999777204
              ],
              [
                99.47946380478103,
                16.2148733311806
              ],
              [
                99.48349792819263,
                16.205670514497744
              ],
              [
                99.48002696397181,
                16.18708535050435
              ],
              [
                99.48906604858684,
                16.16466247545625
              ],
              [
                99.4644830733895,
                16.16511301249855
              ],
              [
                99.45243555050088,
                16.152461382369896
              ],
              [
                99.44366666436912,
                16.15297137296446
              ],
              [
                99.4395409301924,
                16.145700389745596
              ],
              [
                99.43415381999466,
                16.150930953991853
              ],
              [
                99.4296256930978,
                16.138232003385586
              ],
              [
                99.41902344287783,
                16.132267406031005
              ],
              [
                99.41248233594436,
                16.151094909573622
              ],
              [
                99.41579041201113,
                16.157478709719413
              ],
              [
                99.42721184685011,
                16.17298133621152
              ],
              [
                99.42693735829255,
                16.186998525660496
              ],
              [
                99.41753331463505,
                16.194863980124865
              ],
              [
                99.41376809872868,
                16.21130053906703
              ],
              [
                99.37610364217288,
                16.2496858213978
              ],
              [
                99.39228279404298,
                16.254199123709697
              ],
              [
                99.41366620823086,
                16.267763694253468
              ],
              [
                99.41799101527393,
                16.276246029299372
              ],
              [
                99.42660327560739,
                16.279736364270853
              ],
              [
                99.43511427806402,
                16.276430741998002
              ],
              [
                99.43995374892707,
                16.287772689136972
              ],
              [
                99.4383688424641,
                16.311116035739374
              ],
              [
                99.43648640678236,
                16.31599811810369
              ],
              [
                99.4312417659625,
                16.313843821627312
              ],
              [
                99.43114829698955,
                16.31818545204519
              ],
              [
                99.44826461533212,
                16.333766294821157
              ],
              [
                99.4437874537057,
                16.34631187246117
              ],
              [
                99.45568479614383,
                16.36338320405298
              ],
              [
                99.47336017273618,
                16.36976931650249
              ],
              [
                99.47404625797714,
                16.390917647000485
              ],
              [
                99.5188643817402,
                16.396626717269186
              ],
              [
                99.52112161541802,
                16.41279104393216
              ],
              [
                99.52208728931815,
                16.419311971226087
              ],
              [
                99.5307600256877,
                16.417947829070073
              ],
              [
                99.53302810221581,
                16.395068090202766
              ]
            ]
          ]
        ]
      }
    },
    {
      "type": "Feature",
      "properties": {
        "tam_code": "630305",
        "tam_th": "บ้านนา",
        "tam_en": "Ban Na",
        "amp_code": "6303",
        "amp_th": "สามเงา",
        "amp_en": "Sam Ngao",
        "pro_code": "63",
        "pro_th": "ตาก",
        "pro_en": "Tak",
        "reg_nesdb": "LowwerNorth",
        "reg_royin": "West",
        "perimeter": 295.50975135761,
        "area_sqkm": 2107.04604042215
      },
      "geometry": {
        "type": "MultiPolygon",
        "coordinates": [
          [
            [
              [
                98.67186497978413,
                17.819783329539717
              ],
              [
                98.68518019463254,
                17.791079006529266
              ],
              [
                98.68717162200606,
                17.77970805884208
              ],
              [
                98.70440103047274,
                17.761952155102428
              ],
              [
                98.70352673580192,
                17.743284595724695
              ],
              [
                98.72376920573019,
                17.727218254024677
              ],
              [
                98.72463417347016,
                17.716664368870422
              ],
              [
                98.74046716830851,
                17.70697706224699
              ],
              [
                98.74585563747935,
                17.69273093797298
              ],
              [
                98.73777803328846,
                17.683158335218074
              ],
              [
                98.72284869031579,
                17.675576857633196
              ],
              [
                98.68394419719671,
                17.665793563666707
              ],
              [
                98.68909504491614,
                17.655365258165652
              ],
              [
                98.6845380866462,
                17.644709091534015
              ],
              [
                98.69218462084513,
                17.631337969437787
              ],
              [
                98.68239189674219,
                17.597058213780517
              ],
              [
                98.69363444734796,
                17.58617952648398
              ],
              [
                98.70189249006697,
                17.55601106358231
              ],
              [
                98.70167007025374,
                17.525109821760253
              ],
              [
                98.6965398840894,
                17.514499289445183
              ],
              [
                98.70564493950471,
                17.500812110493627
              ],
              [
                98.70510084547192,
                17.485895769690057
              ],
              [
                98.70006896468259,
                17.478507863327668
              ],
              [
                98.68807554453821,
                17.47316428378514
              ],
              [
                98.6825717347573,
                17.45931680246651
              ],
              [
                98.68147364388851,
                17.445949678220362
              ],
              [
                98.69046333466254,
                17.43400064607575
              ],
              [
                98.69059984355978,
                17.424063518447035
              ],
              [
                98.70051527585423,
                17.435393339661843
              ],
              [
                98.70289402572469,
                17.447283288716342
              ],
              [
                98.71337591499098,
                17.452791023676102
              ],
              [
                98.71760070805945,
                17.464535426782867
              ],
              [
                98.74997063811297,
                17.46833787418804
              ],
              [
                98.76190878083544,
                17.483200347070472
              ],
              [
                98.79643487841693,
                17.50010338247465
              ],
              [
                98.8157351297547,
                17.500548196492055
              ],
              [
                98.81594293634463,
                17.507587574495336
              ],
              [
                98.82314506621759,
                17.512206312937387
              ],
              [
                98.84047521065371,
                17.514901088101357
              ],
              [
                98.85871196294825,
                17.511241650913533
              ],
              [
                98.87026503719994,
                17.501444374955874
              ],
              [
                98.87169824689107,
                17.492798268192757
              ],
              [
                98.88003248241598,
                17.491149318338
              ],
              [
                98.88301514974428,
                17.510623596453197
              ],
              [
                98.88845696497218,
                17.512614201670807
              ],
              [
                98.89635535180454,
                17.528118270631097
              ],
              [
                98.91085555344816,
                17.5354390705961
              ],
              [
                98.9261900489625,
                17.524214301867183
              ],
              [
                98.92207264115216,
                17.512513870527705
              ],
              [
                98.92827371208432,
                17.506744736466203
              ],
              [
                98.92700805598322,
                17.4900004346201
              ],
              [
                98.93248304313775,
                17.483912255455255
              ],
              [
                98.93202891171302,
                17.474261689715576
              ],
              [
                98.91401574717763,
                17.451434251399014
              ],
              [
                98.92362164828478,
                17.415319869004378
              ],
              [
                98.93185741709158,
                17.40503285231381
              ],
              [
                98.9366651545508,
                17.386725505905602
              ],
              [
                98.9665841673472,
                17.372010101064078
              ],
              [
                98.97237710119063,
                17.363370597858502
              ],
              [
                98.98347616901006,
                17.357629638629074
              ],
              [
                98.9875379158051,
                17.346703728480808
              ],
              [
                98.98706598543009,
                17.34036604225572
              ],
              [
                98.96744799103483,
                17.32620604852794
              ],
              [
                98.96102115336201,
                17.310450551734657
              ],
              [
                98.97319281441459,
                17.27198574855317
              ],
              [
                98.97342208093795,
                17.24162487971541
              ],
              [
                98.97032865232778,
                17.20692454996159
              ],
              [
                98.97460541552417,
                17.193300505184826
              ],
              [
                98.96998334683407,
                17.164713850904693
              ],
              [
                98.9662252760903,
                17.15075637195619
              ],
              [
                98.9551428757118,
                17.147427702608482
              ],
              [
                98.94691086719769,
                17.159465106394613
              ],
              [
                98.92803189750741,
                17.149896673705754
              ],
              [
                98.90965453434505,
                17.167854021368804
              ],
              [
                98.90726851623816,
                17.16485637254176
              ],
              [
                98.9118183531278,
                17.158051725189175
              ],
              [
                98.89816632082047,
                17.163490426004124
              ],
              [
                98.88632006077381,
                17.15737571965106
              ],
              [
                98.88361849002897,
                17.16318313707269
              ],
              [
                98.87206309270343,
                17.16813200386572
              ],
              [
                98.8674168995154,
                17.16217316758773
              ],
              [
                98.8456282860096,
                17.156796193242577
              ],
              [
                98.84463899322836,
                17.15110851511303
              ],
              [
                98.81947096239753,
                17.16842855233908
              ],
              [
                98.80526398062689,
                17.190725650998335
              ],
              [
                98.78148108474782,
                17.1818833958842
              ],
              [
                98.77861459147783,
                17.17058558840855
              ],
              [
                98.75650741434349,
                17.157959269051283
              ],
              [
                98.76602209073693,
                17.14749726403268
              ],
              [
                98.76566314480584,
                17.136407782033206
              ],
              [
                98.75521323760145,
                17.140134319772514
              ],
              [
                98.74113845195194,
                17.155357164763785
              ],
              [
                98.72746280188859,
                17.15888147763523
              ],
              [
                98.70372575292701,
                17.165343950452623
              ],
              [
                98.70466595337629,
                17.169113596760475
              ],
              [
                98.68363463260926,
                17.18117632965997
              ],
              [
                98.67728696417129,
                17.19774998052506
              ],
              [
                98.66425618482023,
                17.211912437291556
              ],
              [
                98.65992966146896,
                17.22918596024509
              ],
              [
                98.65163509010128,
                17.232732104205525
              ],
              [
                98.63976720184762,
                17.247665459315634
              ],
              [
                98.62714695042857,
                17.255663610310503
              ],
              [
                98.61918104684999,
                17.255187680109348
              ],
              [
                98.61215982392666,
                17.264660867235097
              ],
              [
                98.59354535299367,
                17.274146816506654
              ],
              [
                98.57888656342972,
                17.298761767764205
              ],
              [
                98.55761913044728,
                17.29378065113382
              ],
              [
                98.55625686224272,
                17.312782306578566
              ],
              [
                98.56098043306764,
                17.31801277174221
              ],
              [
                98.55579896963664,
                17.337386740550688
              ],
              [
                98.5618580653241,
                17.35132022565591
              ],
              [
                98.55490859308141,
                17.356580290691547
              ],
              [
                98.54804316383807,
                17.353910811410028
              ],
              [
                98.53749740806973,
                17.362183388250248
              ],
              [
                98.55611546057668,
                17.3963760978869
              ],
              [
                98.55743096660044,
                17.42040464225015
              ],
              [
                98.54631280368233,
                17.433257906421847
              ],
              [
                98.54704555647014,
                17.44587907334689
              ],
              [
                98.52943312619122,
                17.45206717396674
              ],
              [
                98.5184425722823,
                17.47770004737138
              ],
              [
                98.52450806218216,
                17.495297530138735
              ],
              [
                98.51936698534993,
                17.511672608438847
              ],
              [
                98.52594407256274,
                17.517950095718064
              ],
              [
                98.52738842738233,
                17.536468489058564
              ],
              [
                98.5364099219614,
                17.540655571982
              ],
              [
                98.53882104070865,
                17.551016319910904
              ],
              [
                98.52282647926258,
                17.572829758227055
              ],
              [
                98.53310455378941,
                17.619866153898467
              ],
              [
                98.52911699912636,
                17.635215790527848
              ],
              [
                98.53174675191987,
                17.64777009163476
              ],
              [
                98.52256062672991,
                17.678822038733873
              ],
              [
                98.52634075699355,
                17.707727876897643
              ],
              [
                98.51744562511632,
                17.73782982467498
              ],
              [
                98.49447600311063,
                17.780792342909297
              ],
              [
                98.49393058966137,
                17.81374779495551
              ],
              [
                98.50934043416461,
                17.8126199654214
              ],
              [
                98.51886494766593,
                17.824925920412
              ],
              [
                98.53121653686821,
                17.814833855803933
              ],
              [
                98.54447386499683,
                17.811548024600867
              ],
              [
                98.55938926193042,
                17.796532887041305
              ],
              [
                98.57145137725867,
                17.80985664019676
              ],
              [
                98.58196155939767,
                17.801374022090528
              ],
              [
                98.58980199243702,
                17.801457277317844
              ],
              [
                98.59068015561674,
                17.805823657376678
              ],
              [
                98.59855841692071,
                17.802531833239073
              ],
              [
                98.61468930921914,
                17.779920089629055
              ],
              [
                98.62403980599318,
                17.77733624317335
              ],
              [
                98.63157060922674,
                17.785164520274204
              ],
              [
                98.631913550318,
                17.801112826689877
              ],
              [
                98.63915614923552,
                17.814494548195302
              ],
              [
                98.64779426673189,
                17.8165440045496
              ],
              [
                98.65500728436842,
                17.82707564696097
              ],
              [
                98.670824979832,
                17.834029965381824
              ],
              [
                98.67186497978413,
                17.819783329539717
              ]
            ]
          ]
        ]
      }
    },
    {
      "type": "Feature",
      "properties": {
        "tam_code": "640604",
        "tam_th": "บ้านนา",
        "tam_en": "Ban Na",
        "amp_code": "6406",
        "amp_th": "ศรีสำโรง",
        "amp_en": "Si Samrong",
        "pro_code": "64",
        "pro_th": "สุโขทัย",
        "pro_en": "Sukhothai",
        "reg_nesdb": "LowwerNorth",
        "reg_royin": "Central",
        "perimeter": 14.58638756229,
        "area_sqkm": 11.75662536864
      },
      "geometry": {
        "type": "MultiPolygon",
        "coordinates": [
          [
            [
              [
                99.847330119138,
                17.166539417446703
              ],
              [
                99.83598702509526,
                17.159341103849098
              ],
              [
                99.8292814778017,
                17.151211361014777
              ],
              [
                99.8137245612599,
                17.152599896514847
              ],
              [
                99.79627478897139,
                17.163931639772184
              ],
              [
                99.79924585242016,
                17.17174741331914
              ],
              [
                99.81078656118473,
                17.179514191354972
              ],
              [
                99.82255768733812,
                17.17255312184714
              ],
              [
                99.83129063961573,
                17.182386399730134
              ],
              [
                99.84444267256798,
                17.17774921555703
              ],
              [
                99.847330119138,
                17.166539417446703
              ]
            ]
          ]
        ]
      }
    },
    {
      "type": "Feature",
      "properties": {
        "tam_code": "650210",
        "tam_th": "บ้านพร้าว",
        "tam_en": "Ban Phrao",
        "amp_code": "6502",
        "amp_th": "นครไทย",
        "amp_en": "Nakhon Thai",
        "pro_code": "65",
        "pro_th": "พิษณุโลก",
        "pro_en": "Phitsanulok",
        "reg_nesdb": "LowwerNorth",
        "reg_royin": "Central",
        "perimeter": 55.62404911702,
        "area_sqkm": 116.39962470279
      },
      "geometry": {
        "type": "MultiPolygon",
        "coordinates": [
          [
            [
              [
                100.7301419236277,
                17.194855963209672
              ],
              [
                100.73411877280031,
                17.181248641211464
              ],
              [
                100.74961052476083,
                17.1789598140323
              ],
              [
                100.75966342377728,
                17.17032444696489
              ],
              [
                100.77208225534098,
                17.177712146512857
              ],
              [
                100.78689569616262,
                17.17303989861869
              ],
              [
                100.79310585304273,
                17.18250622631715
              ],
              [
                100.81116650942188,
                17.184173463999052
              ],
              [
                100.82658877029306,
                17.176358650035528
              ],
              [
                100.82906563380823,
                17.14693775403537
              ],
              [
                100.8090141915164,
                17.11312590538969
              ],
              [
                100.81185016998913,
                17.103173677704696
              ],
              [
                100.80645283303761,
                17.098429556704946
              ],
              [
                100.79126678170539,
                17.098967623757837
              ],
              [
                100.78933166387822,
                17.095937395810566
              ],
              [
                100.78292448711511,
                17.092676593300208
              ],
              [
                100.7817257132581,
                17.096973518909007
              ],
              [
                100.77938667207033,
                17.093996428141256
              ],
              [
                100.76937727448134,
                17.098402107113838
              ],
              [
                100.7572462476651,
                17.09185610581964
              ],
              [
                100.75068784532652,
                17.10075456960977
              ],
              [
                100.74327137683957,
                17.090401145588814
              ],
              [
                100.7390918974642,
                17.09107635065744
              ],
              [
                100.73477651929365,
                17.0966772778864
              ],
              [
                100.73843088572343,
                17.10204949696528
              ],
              [
                100.7308131939999,
                17.103860949938596
              ],
              [
                100.72081820131105,
                17.127217410062023
              ],
              [
                100.69898279000775,
                17.148012295744124
              ],
              [
                100.70803739717023,
                17.154710782331534
              ],
              [
                100.71635581279523,
                17.153916262603754
              ],
              [
                100.70960992336373,
                17.158106345039457
              ],
              [
                100.69329821757547,
                17.158622145826026
              ],
              [
                100.68867868597012,
                17.164552403084254
              ],
              [
                100.69322502887546,
                17.172179237758286
              ],
              [
                100.6832563375261,
                17.171977982614255
              ],
              [
                100.68042042363251,
                17.185137966850697
              ],
              [
                100.6969505052206,
                17.202456203782543
              ],
              [
                100.70421392800826,
                17.195934115154362
              ],
              [
                100.7301419236277,
                17.194855963209672
              ]
            ]
          ]
        ]
      }
    },
    {
      "type": "Feature",
      "properties": {
        "tam_code": "661201",
        "tam_th": "บ้านนา",
        "tam_en": "Ban Na",
        "amp_code": "6612",
        "amp_th": "วชิรบารมี",
        "amp_en": "Wachirabarami",
        "pro_code": "66",
        "pro_th": "พิจิตร",
        "pro_en": "Phichit",
        "reg_nesdb": "LowwerNorth",
        "reg_royin": "Central",
        "perimeter": 44.73447192301,
        "area_sqkm": 86.2113380317
      },
      "geometry": {
        "type": "MultiPolygon",
        "coordinates": [
          [
            [
              [
                100.09787107573446,
                16.53507466216118
              ],
              [
                100.110518164919,
                16.536180577099834
              ],
              [
                100.11957520281959,
                16.530060276775068
              ],
              [
                100.12616105514509,
                16.533409720974472
              ],
              [
                100.1458197919906,
                16.53029158992289
              ],
              [
                100.16032126612463,
                16.51794056335408
              ],
              [
                100.17167016230869,
                16.526435271568175
              ],
              [
                100.17074210047859,
                16.53163167768326
              ],
              [
                100.18762229319687,
                16.532657267358896
              ],
              [
                100.18847102622676,
                16.512765797811234
              ],
              [
                100.16861609554249,
                16.498643400864548
              ],
              [
                100.16392226975873,
                16.471956434551267
              ],
              [
                100.1690823650008,
                16.462372915186233
              ],
              [
                100.17331243558846,
                16.447636929385965
              ],
              [
                100.1613670839547,
                16.450471468543395
              ],
              [
                100.11716717458975,
                16.447830602242078
              ],
              [
                100.10430768775832,
                16.44116041267289
              ],
              [
                100.09713127374066,
                16.486064781740833
              ],
              [
                100.07996983555881,
                16.48285720176284
              ],
              [
                100.07194172115982,
                16.50406820328833
              ],
              [
                100.07578747511212,
                16.52413686589727
              ],
              [
                100.08319049746856,
                16.53650861134212
              ],
              [
                100.09020600820911,
                16.53911943732816
              ],
              [
                100.09787107573446,
                16.53507466216118
              ]
            ]
          ]
        ]
      }
    },
    {
      "type": "Feature",
      "properties": {
        "tam_code": "700108",
        "tam_th": "อ่างทอง",
        "tam_en": "Ang Thong",
        "amp_code": "7001",
        "amp_th": "เมืองราชบุรี",
        "amp_en": "Mueang Ratchaburi",
        "pro_code": "70",
        "pro_th": "ราชบุรี",
        "pro_en": "Ratchaburi",
        "reg_nesdb": "West",
        "reg_royin": "West",
        "perimeter": 21.35694179977,
        "area_sqkm": 18.76211723536
      },
      "geometry": {
        "type": "MultiPolygon",
        "coordinates": [
          [
            [
              [
                99.80100388258819,
                13.486783678353964
              ],
              [
                99.79669204245937,
                13.480495381822267
              ],
              [
                99.80082453870693,
                13.472286002526037
              ],
              [
                99.79948638345338,
                13.458109581434757
              ],
              [
                99.81444528279881,
                13.459881218219245
              ],
              [
                99.81811471586256,
                13.451600757323174
              ],
              [
                99.81540757763199,
                13.447534033601755
              ],
              [
                99.7858138690255,
                13.44512247881746
              ],
              [
                99.76365631261834,
                13.449127200158557
              ],
              [
                99.76577761982607,
                13.459149144942069
              ],
              [
                99.76184815595282,
                13.459400683237288
              ],
              [
                99.77465442451005,
                13.473719767000674
              ],
              [
                99.77117740120048,
                13.478284081948182
              ],
              [
                99.77500795597682,
                13.494730396683066
              ],
              [
                99.80100388258819,
                13.486783678353964
              ]
            ]
          ]
        ]
      }
    },
    {
      "type": "Feature",
      "properties": {
        "tam_code": "700708",
        "tam_th": "ดอนทราย",
        "tam_en": "Don Sai",
        "amp_code": "7007",
        "amp_th": "โพธาราม",
        "amp_en": "Photharam",
        "pro_code": "70",
        "pro_th": "ราชบุรี",
        "pro_en": "Ratchaburi",
        "reg_nesdb": "West",
        "reg_royin": "West",
        "perimeter": 15.25747353883,
        "area_sqkm": 12.76974835098
      },
      "geometry": {
        "type": "MultiPolygon",
        "coordinates": [
          [
            [
              [
                99.87521880661379,
                13.629857073632293
              ],
              [
                99.86273071444812,
                13.612040568395308
              ],
              [
                99.84049835537208,
                13.619006217357894
              ],
              [
                99.83496846452803,
                13.616331612331203
              ],
              [
                99.84653241325987,
                13.638302769936999
              ],
              [
                99.84355016780358,
                13.646713525866277
              ],
              [
                99.85017586438778,
                13.653905971853764
              ],
              [
                99.87618795246694,
                13.642295700274833
              ],
              [
                99.88078927620364,
                13.634399893069553
              ],
              [
                99.87521880661379,
                13.629857073632293
              ]
            ]
          ]
        ]
      }
    },
    {
      "type": "Feature",
      "properties": {
        "tam_code": "700803",
        "tam_th": "ดอนทราย",
        "tam_en": "Don Sai",
        "amp_code": "7008",
        "amp_th": "ปากท่อ",
        "amp_en": "Pak Tho",
        "pro_code": "70",
        "pro_th": "ราชบุรี",
        "pro_en": "Ratchaburi",
        "reg_nesdb": "West",
        "reg_royin": "West",
        "perimeter": 31.21926639996,
        "area_sqkm": 44.98935924687
      },
      "geometry": {
        "type": "MultiPolygon",
        "coordinates": [
          [
            [
              [
                99.81631666001056,
                13.395853612044876
              ],
              [
                99.8229024364252,
                13.394893044921453
              ],
              [
                99.82987949872702,
                13.38162875190825
              ],
              [
                99.82889410019,
                13.367911288673415
              ],
              [
                99.82501024919979,
                13.363113814664251
              ],
              [
                99.82653907903345,
                13.356491464353436
              ],
              [
                99.82124617912736,
                13.353071712873877
              ],
              [
                99.77801778606666,
                13.346996446228507
              ],
              [
                99.75476369541151,
                13.352282745328202
              ],
              [
                99.7375106368467,
                13.347247514035097
              ],
              [
                99.7338273721592,
                13.358876973221939
              ],
              [
                99.72149636148565,
                13.371621859805852
              ],
              [
                99.72653078406692,
                13.382687100282576
              ],
              [
                99.72924390674586,
                13.384305690038154
              ],
              [
                99.75409573456916,
                13.380816123789243
              ],
              [
                99.76829987555203,
                13.39242706313449
              ],
              [
                99.78126496701871,
                13.381705635371224
              ],
              [
                99.79298594488714,
                13.38641944049357
              ],
              [
                99.80183248675014,
                13.396439109586149
              ],
              [
                99.81631666001056,
                13.395853612044876
              ]
            ]
          ]
        ]
      }
    },
    {
      "type": "Feature",
      "properties": {
        "tam_code": "770302",
        "tam_th": "อ่างทอง",
        "tam_en": "Ang Thong",
        "amp_code": "7703",
        "amp_th": "ทับสะแก",
        "amp_en": "Thap Sakae",
        "pro_code": "77",
        "pro_th": "ประจวบคีรีขันธ์",
        "pro_en": "Prachuap Khiri Khan",
        "reg_nesdb": "West",
        "reg_royin": "West",
        "perimeter": 56.08308033959,
        "area_sqkm": 106.01083158009
      },
      "geometry": {
        "type": "MultiPolygon",
        "coordinates": [
          [
            [
              [
                99.5148302437873,
                11.489315285639103
              ],
              [
                99.53024450648557,
                11.470619817783989
              ],
              [
                99.52918017994237,
                11.465882997646931
              ],
              [
                99.54828606690106,
                11.458703496210745
              ],
              [
                99.55924944133423,
                11.448898923834346
              ],
              [
                99.56404139770248,
                11.450710837797555
              ],
              [
                99.57730849480049,
                11.439562758166753
              ],
              [
                99.59483607064739,
                11.44628644914254
              ],
              [
                99.60796320860756,
                11.437633283525555
              ],
              [
                99.59807733230868,
                11.403080921514443
              ],
              [
                99.57947903200177,
                11.413130350708496
              ],
              [
                99.55257589090452,
                11.414551178436623
              ],
              [
                99.52942908660245,
                11.419746350298999
              ],
              [
                99.52671951980659,
                11.426766681624178
              ],
              [
                99.51989703678603,
                11.429300852131238
              ],
              [
                99.49216786738027,
                11.42569854196355
              ],
              [
                99.46715891548722,
                11.440935952760098
              ],
              [
                99.45290856326235,
                11.43947180850484
              ],
              [
                99.45157848838437,
                11.44367232098167
              ],
              [
                99.43670385572463,
                11.446545862571947
              ],
              [
                99.41966224013929,
                11.477642177559936
              ],
              [
                99.42526596280328,
                11.482172792873033
              ],
              [
                99.44162720942157,
                11.479209351370066
              ],
              [
                99.44413770376055,
                11.490912368384972
              ],
              [
                99.45836084205845,
                11.491328971409402
              ],
              [
                99.44838288031656,
                11.508582519398585
              ],
              [
                99.45502943883861,
                11.511945429578432
              ],
              [
                99.5148302437873,
                11.489315285639103
              ]
            ]
          ]
        ]
      }
    },
    {
      "type": "Feature",
      "properties": {
        "tam_code": "840401",
        "tam_th": "อ่างทอง",
        "tam_en": "Ang Thong",
        "amp_code": "8404",
        "amp_th": "เกาะสมุย",
        "amp_en": "Ko Samui",
        "pro_code": "84",
        "pro_th": "สุราษฎร์ธานี",
        "pro_en": "Surat Thani",
        "reg_nesdb": "South",
        "reg_royin": "South",
        "perimeter": 120.79089007557,
        "area_sqkm": 51.83891404567
      },
      "geometry": {
        "type": "MultiPolygon",
        "coordinates": [
          [
            [
              [
                99.67024574041662,
                9.3835327423257
              ],
              [
                99.66676894462547,
                9.378718090764433
              ],
              [
                99.66232076031497,
                9.38507164138474
              ],
              [
                99.66453529841787,
                9.398977740391823
              ],
              [
                99.67244985665988,
                9.405745470402254
              ],
              [
                99.67694963231166,
                9.394866128857753
              ],
              [
                99.67024574041662,
                9.3835327423257
              ]
            ]
          ],
          [
            [
              [
                99.67270423358322,
                9.425428319307114
              ],
              [
                99.66649287050454,
                9.429871855664642
              ],
              [
                99.67248032091925,
                9.434151450784846
              ],
              [
                99.67596279612115,
                9.42896011597878
              ],
              [
                99.67270423358322,
                9.425428319307114
              ]
            ]
          ],
          [
            [
              [
                99.65337117713636,
                9.448453228935438
              ],
              [
                99.65265659228469,
                9.442352998468033
              ],
              [
                99.64993007205436,
                9.449271905106452
              ],
              [
                99.65337117713636,
                9.448453228935438
              ]
            ]
          ],
          [
            [
              [
                99.67433719181817,
                9.473265748201538
              ],
              [
                99.68105903777172,
                9.468681426782576
              ],
              [
                99.68048506755706,
                9.463435144301542
              ],
              [
                99.66670064566777,
                9.467748044090653
              ],
              [
                99.66898044076947,
                9.473413368786865
              ],
              [
                99.67433719181817,
                9.473265748201538
              ]
            ]
          ],
          [
            [
              [
                99.69614550830296,
                9.483106268509525
              ],
              [
                99.69913960965773,
                9.481323672687816
              ],
              [
                99.6957128240451,
                9.481144520325312
              ],
              [
                99.69614550830296,
                9.483106268509525
              ]
            ]
          ],
          [
            [
              [
                99.7043825934795,
                9.511293171321576
              ],
              [
                99.70516576497819,
                9.508069579420889
              ],
              [
                99.70277314434857,
                9.509476257475582
              ],
              [
                99.7043825934795,
                9.511293171321576
              ]
            ]
          ],
          [
            [
              [
                99.7120776418458,
                9.521762090717159
              ],
              [
                99.71007709957303,
                9.520038719406651
              ],
              [
                99.71053951738585,
                9.522540768303923
              ],
              [
                99.7120776418458,
                9.521762090717159
              ]
            ]
          ],
          [
            [
              [
                99.6742970079194,
                9.543762752766705
              ],
              [
                99.67380161943265,
                9.54117817690925
              ],
              [
                99.67211322588524,
                9.54121309469794
              ],
              [
                99.6742970079194,
                9.543762752766705
              ]
            ]
          ],
          [
            [
              [
                99.69410135618398,
                9.549940624569055
              ],
              [
                99.69381469884162,
                9.550680563674065
              ],
              [
                99.69500207260799,
                9.55152948325812
              ],
              [
                99.69410135618398,
                9.549940624569055
              ]
            ]
          ],
          [
            [
              [
                99.69035300637645,
                9.551893725408268
              ],
              [
                99.6924432156147,
                9.550027587473908
              ],
              [
                99.7075625641678,
                9.546597676195438
              ],
              [
                99.70288715986709,
                9.540176700969536
              ],
              [
                99.7050002672055,
                9.535663881977944
              ],
              [
                99.69996759159648,
                9.534057369681461
              ],
              [
                99.70731753495427,
                9.53104550024274
              ],
              [
                99.70100995171684,
                9.528048768352555
              ],
              [
                99.70471998778304,
                9.523116704749233
              ],
              [
                99.6983766793271,
                9.520950925448698
              ],
              [
                99.7006591712363,
                9.513511978496943
              ],
              [
                99.68102713326171,
                9.507047968683882
              ],
              [
                99.6617062259608,
                9.51428888611614
              ],
              [
                99.66173977556657,
                9.529356651327188
              ],
              [
                99.66644377502536,
                9.527788680568264
              ],
              [
                99.67001300135335,
                9.531563488372448
              ],
              [
                99.66643516186018,
                9.536557147594813
              ],
              [
                99.68130027622166,
                9.54144170090756
              ],
              [
                99.68078303697382,
                9.547097642027314
              ],
              [
                99.68622653047841,
                9.54704738407413
              ],
              [
                99.68264491681292,
                9.55066647935075
              ],
              [
                99.69035300637645,
                9.551893725408268
              ]
            ]
          ],
          [
            [
              [
                99.68507534228976,
                9.554314452834952
              ],
              [
                99.68237403584699,
                9.557340545728405
              ],
              [
                99.68593056486193,
                9.555949776931874
              ],
              [
                99.68507534228976,
                9.554314452834952
              ]
            ]
          ],
          [
            [
              [
                99.6650481590484,
                9.54811728082137
              ],
              [
                99.664762557869,
                9.543852309781036
              ],
              [
                99.65868858850388,
                9.545038482603356
              ],
              [
                99.66540619568704,
                9.558005400591862
              ],
              [
                99.6650481590484,
                9.54811728082137
              ]
            ]
          ],
          [
            [
              [
                99.95314820992022,
                9.557740375730965
              ],
              [
                99.9876816232575,
                9.51841171509979
              ],
              [
                99.93178883516886,
                9.516541848208085
              ],
              [
                99.93399446583497,
                9.538472683050779
              ],
              [
                99.92618992391648,
                9.55976781355904
              ],
              [
                99.91165250440471,
                9.569969187803938
              ],
              [
                99.91551351852146,
                9.573135652574727
              ],
              [
                99.95314820992022,
                9.557740375730965
              ]
            ]
          ],
          [
            [
              [
                99.7199537885587,
                9.590787030389755
              ],
              [
                99.72181898811748,
                9.59561047584862
              ],
              [
                99.72211082100476,
                9.592486238115312
              ],
              [
                99.7199537885587,
                9.590787030389755
              ]
            ]
          ],
          [
            [
              [
                99.7172673642503,
                9.603567499280553
              ],
              [
                99.71450944237125,
                9.602163442390614
              ],
              [
                99.71673203727428,
                9.604681041542129
              ],
              [
                99.7172673642503,
                9.603567499280553
              ]
            ]
          ],
          [
            [
              [
                99.7131849280619,
                9.60284448789929
              ],
              [
                99.70935615214607,
                9.610695925982709
              ],
              [
                99.71176033463,
                9.620505048500036
              ],
              [
                99.7131849280619,
                9.60284448789929
              ]
            ]
          ],
          [
            [
              [
                99.67054244453502,
                9.640274555052532
              ],
              [
                99.67272280504677,
                9.634141707617351
              ],
              [
                99.68185708349964,
                9.630951517703169
              ],
              [
                99.6847603878578,
                9.615098031681326
              ],
              [
                99.67730482169132,
                9.606381634428415
              ],
              [
                99.6686795210527,
                9.612346140222028
              ],
              [
                99.66888201948645,
                9.626407299711149
              ],
              [
                99.66190937986377,
                9.637191315780376
              ],
              [
                99.6676130606925,
                9.642706357177822
              ],
              [
                99.67054244453502,
                9.640274555052532
              ]
            ]
          ],
          [
            [
              [
                99.67500072793442,
                9.642747367244917
              ],
              [
                99.67588088955968,
                9.638493725010273
              ],
              [
                99.67335893517823,
                9.639245938265173
              ],
              [
                99.67500072793442,
                9.642747367244917
              ]
            ]
          ],
          [
            [
              [
                99.66780173812036,
                9.650876331986947
              ],
              [
                99.67567874587964,
                9.646830638356349
              ],
              [
                99.66234226862487,
                9.650023146695094
              ],
              [
                99.6596047500738,
                9.65452339156571
              ],
              [
                99.66465957032857,
                9.661052657285055
              ],
              [
                99.66780173812036,
                9.650876331986947
              ]
            ]
          ],
          [
            [
              [
                99.65974779804878,
                9.661872699692173
              ],
              [
                99.65941860747562,
                9.660741668917817
              ],
              [
                99.65832842705261,
                9.660824023737446
              ],
              [
                99.65974779804878,
                9.661872699692173
              ]
            ]
          ],
          [
            [
              [
                99.67601460910568,
                9.662146368447864
              ],
              [
                99.67509755812969,
                9.66248845753888
              ],
              [
                99.67682758939073,
                9.665031005591294
              ],
              [
                99.67601460910568,
                9.662146368447864
              ]
            ]
          ],
          [
            [
              [
                99.68859280688136,
                9.664098713434722
              ],
              [
                99.68118093836158,
                9.651388265050462
              ],
              [
                99.6786802667779,
                9.652852712069102
              ],
              [
                99.67918883451726,
                9.663021928199544
              ],
              [
                99.68859280688136,
                9.664098713434722
              ]
            ]
          ],
          [
            [
              [
                99.66563123660572,
                9.669944652166075
              ],
              [
                99.6691487756212,
                9.665500501049555
              ],
              [
                99.66294123140607,
                9.66559391912199
              ],
              [
                99.66563123660572,
                9.669944652166075
              ]
            ]
          ],
          [
            [
              [
                99.67762904719217,
                9.668981747689088
              ],
              [
                99.67661062902066,
                9.670489614757019
              ],
              [
                99.67768590018996,
                9.67205440613078
              ],
              [
                99.67762904719217,
                9.668981747689088
              ]
            ]
          ],
          [
            [
              [
                99.68064835118797,
                9.670404768782827
              ],
              [
                99.68040384360346,
                9.673748217050969
              ],
              [
                99.68154037896555,
                9.671774329268066
              ],
              [
                99.68064835118797,
                9.670404768782827
              ]
            ]
          ],
          [
            [
              [
                99.6696123548721,
                9.674936116274413
              ],
              [
                99.66975606751357,
                9.671846103602823
              ],
              [
                99.6678030188448,
                9.672624315255268
              ],
              [
                99.6696123548721,
                9.674936116274413
              ]
            ]
          ],
          [
            [
              [
                99.6791470201316,
                9.676537448426126
              ],
              [
                99.67827933971407,
                9.67424306486772
              ],
              [
                99.6759948228915,
                9.675061544971186
              ],
              [
                99.6791470201316,
                9.676537448426126
              ]
            ]
          ],
          [
            [
              [
                99.65993220843167,
                9.676693597036243
              ],
              [
                99.65924373049732,
                9.677130172756545
              ],
              [
                99.65977438379863,
                9.677559885584431
              ],
              [
                99.65993220843167,
                9.676693597036243
              ]
            ]
          ],
          [
            [
              [
                99.66382438078568,
                9.675259371736853
              ],
              [
                99.66313306269659,
                9.676277051928176
              ],
              [
                99.66444954331459,
                9.677978215284927
              ],
              [
                99.66382438078568,
                9.675259371736853
              ]
            ]
          ],
          [
            [
              [
                99.67748243383518,
                9.680259034011751
              ],
              [
                99.67576744233094,
                9.680727058978771
              ],
              [
                99.67744124107273,
                9.681309373777031
              ],
              [
                99.67748243383518,
                9.680259034011751
              ]
            ]
          ],
          [
            [
              [
                99.66745650150823,
                9.680055949620913
              ],
              [
                99.6660090069232,
                9.68097787862429
              ],
              [
                99.66641178399063,
                9.68242304271662
              ],
              [
                99.66745650150823,
                9.680055949620913
              ]
            ]
          ],
          [
            [
              [
                99.68400388832043,
                9.680610137866541
              ],
              [
                99.68733922409075,
                9.68161529678829
              ],
              [
                99.67966041846691,
                9.677158222375937
              ],
              [
                99.68319797601266,
                9.683814516778659
              ],
              [
                99.68400388832043,
                9.680610137866541
              ]
            ]
          ],
          [
            [
              [
                99.67582881373025,
                9.686347911887434
              ],
              [
                99.67496504597766,
                9.685446321349838
              ],
              [
                99.67391025824278,
                9.687599785114115
              ],
              [
                99.67582881373025,
                9.686347911887434
              ]
            ]
          ],
          [
            [
              [
                99.66193164221512,
                9.696666191144297
              ],
              [
                99.66318354259228,
                9.695904057711273
              ],
              [
                99.66175167417109,
                9.695827686943726
              ],
              [
                99.66193164221512,
                9.696666191144297
              ]
            ]
          ],
          [
            [
              [
                99.67949584116381,
                9.69786976059664
              ],
              [
                99.68036392244815,
                9.699758275489202
              ],
              [
                99.68071941723183,
                9.698902893098195
              ],
              [
                99.67949584116381,
                9.69786976059664
              ]
            ]
          ],
          [
            [
              [
                99.66459559644105,
                9.702987468696627
              ],
              [
                99.66435631105558,
                9.700964289210386
              ],
              [
                99.6623905739228,
                9.702334902105738
              ],
              [
                99.66459559644105,
                9.702987468696627
              ]
            ]
          ],
          [
            [
              [
                99.67674270819322,
                9.70429545468182
              ],
              [
                99.67983149004247,
                9.695363854291987
              ],
              [
                99.67355992386595,
                9.691904384245156
              ],
              [
                99.67078764275506,
                9.69446593609669
              ],
              [
                99.67674270819322,
                9.70429545468182
              ]
            ]
          ],
          [
            [
              [
                99.67465505195531,
                9.704510979024727
              ],
              [
                99.67423414403545,
                9.706855385094165
              ],
              [
                99.67525385811827,
                9.70593991311425
              ],
              [
                99.67465505195531,
                9.704510979024727
              ]
            ]
          ],
          [
            [
              [
                99.67688272061402,
                9.706778939239934
              ],
              [
                99.67541101804497,
                9.706749058735427
              ],
              [
                99.67683975567925,
                9.707513864376333
              ],
              [
                99.67688272061402,
                9.706778939239934
              ]
            ]
          ],
          [
            [
              [
                99.67454014724525,
                9.707165677444817
              ],
              [
                99.67436848549683,
                9.707651010003648
              ],
              [
                99.67485723506553,
                9.707890849137852
              ],
              [
                99.67454014724525,
                9.707165677444817
              ]
            ]
          ],
          [
            [
              [
                99.67647646452794,
                9.70818385246059
              ],
              [
                99.67582752797777,
                9.707900241757132
              ],
              [
                99.67624631750677,
                9.710186465247148
              ],
              [
                99.67647646452794,
                9.70818385246059
              ]
            ]
          ],
          [
            [
              [
                99.66846665852772,
                9.766459996031772
              ],
              [
                99.66798800343787,
                9.767038631967264
              ],
              [
                99.66810968102943,
                9.767760797384827
              ],
              [
                99.66846665852772,
                9.766459996031772
              ]
            ]
          ],
          [
            [
              [
                99.66823022470713,
                9.769057268921681
              ],
              [
                99.66659831939961,
                9.77055954091799
              ],
              [
                99.66891773523366,
                9.770050778274449
              ],
              [
                99.66823022470713,
                9.769057268921681
              ]
            ]
          ],
          [
            [
              [
                99.67256479627959,
                9.772616657407935
              ],
              [
                99.67032360103808,
                9.769789123872014
              ],
              [
                99.67096234765032,
                9.772322494018093
              ],
              [
                99.67256479627959,
                9.772616657407935
              ]
            ]
          ],
          [
            [
              [
                99.67337758784109,
                9.777240009534495
              ],
              [
                99.67357494989969,
                9.77535164990019
              ],
              [
                99.67094863851729,
                9.775149953217003
              ],
              [
                99.67337758784109,
                9.777240009534495
              ]
            ]
          ],
          [
            [
              [
                99.67318250829034,
                9.787058960883385
              ],
              [
                99.67107589398186,
                9.778933555160094
              ],
              [
                99.67178074076372,
                9.789961517149951
              ],
              [
                99.67318250829034,
                9.787058960883385
              ]
            ]
          ],
          [
            [
              [
                99.71401838297005,
                9.796260501117638
              ],
              [
                99.7133428797405,
                9.796173741083324
              ],
              [
                99.71320617334521,
                9.796739283114889
              ],
              [
                99.71401838297005,
                9.796260501117638
              ]
            ]
          ],
          [
            [
              [
                99.71346499902283,
                9.798651561705281
              ],
              [
                99.71251310293162,
                9.799638235224515
              ],
              [
                99.71312469078393,
                9.801815442728898
              ],
              [
                99.71346499902283,
                9.798651561705281
              ]
            ]
          ]
        ]
      }
    },
    {
      "type": "Feature",
      "properties": {
        "tam_code": "841301",
        "tam_th": "บ้านนา",
        "tam_en": "Ban Na",
        "amp_code": "8413",
        "amp_th": "บ้านนาเดิม",
        "amp_en": "Ban Na Doem",
        "pro_code": "84",
        "pro_th": "สุราษฎร์ธานี",
        "pro_en": "Surat Thani",
        "reg_nesdb": "South",
        "reg_royin": "South",
        "perimeter": 42.59732654966,
        "area_sqkm": 69.06629532783
      },
      "geometry": {
        "type": "MultiPolygon",
        "coordinates": [
          [
            [
              [
                99.28856623093796,
                8.896792448846552
              ],
              [
                99.29781732160936,
                8.898805050144826
              ],
              [
                99.31250811193719,
                8.890007419531267
              ],
              [
                99.3387654412489,
                8.88692217173739
              ],
              [
                99.32963300628685,
                8.871881617061346
              ],
              [
                99.32760659309686,
                8.85649545706354
              ],
              [
                99.32814834799686,
                8.830245001998344
              ],
              [
                99.30212094218396,
                8.814939896784512
              ],
              [
                99.28990038602025,
                8.815456046351363
              ],
              [
                99.28259805688683,
                8.8008169534757
              ],
              [
                99.26955270622744,
                8.798171199626315
              ],
              [
                99.2607353801813,
                8.808802078773642
              ],
              [
                99.26151169595767,
                8.8208966088019
              ],
              [
                99.27211706378333,
                8.830205008865567
              ],
              [
                99.27556089230175,
                8.866297084849087
              ],
              [
                99.26944407874201,
                8.875549050105679
              ],
              [
                99.25529010424907,
                8.864818463361358
              ],
              [
                99.25257967433994,
                8.88112246044414
              ],
              [
                99.2471113647041,
                8.883808568318747
              ],
              [
                99.24927059209965,
                8.901867420776579
              ],
              [
                99.2676088078044,
                8.917306560865219
              ],
              [
                99.26875511120883,
                8.909042467931513
              ],
              [
                99.28856623093796,
                8.896792448846552
              ]
            ]
          ]
        ]
      }
    },
    {
      "type": "Feature",
      "properties": {
        "tam_code": "841802",
        "tam_th": "ชัยบุรี",
        "tam_en": "Chai Buri",
        "amp_code": "8418",
        "amp_th": "ชัยบุรี",
        "amp_en": "Chai Buri",
        "pro_code": "84",
        "pro_th": "สุราษฎร์ธานี",
        "pro_en": "Surat Thani",
        "reg_nesdb": "South",
        "reg_royin": "South",
        "perimeter": 65.54211941415,
        "area_sqkm": 98.44938198507
      },
      "geometry": {
        "type": "MultiPolygon",
        "coordinates": [
          [
            [
              [
                98.98487955133693,
                8.454772417176729
              ],
              [
                99.05891491968156,
                8.452925273273713
              ],
              [
                99.09262188587849,
                8.454963012285512
              ],
              [
                99.20179346977353,
                8.443706837999972
              ],
              [
                99.1964361302938,
                8.416727763219514
              ],
              [
                99.03922046582213,
                8.414302644969965
              ],
              [
                99.03117334395927,
                8.408728550014363
              ],
              [
                99.0168997042541,
                8.43217574861966
              ],
              [
                99.00527849057441,
                8.4295280277434
              ],
              [
                98.98759951565575,
                8.440428171402807
              ],
              [
                98.9857961013064,
                8.436195982073151
              ],
              [
                98.97440441847972,
                8.436980095197042
              ],
              [
                98.956501310324,
                8.44344995248872
              ],
              [
                98.95141674369772,
                8.439012576060074
              ],
              [
                98.94044293158105,
                8.448218168348744
              ],
              [
                98.94058475183462,
                8.456482305883588
              ],
              [
                98.94834606430759,
                8.47182894397508
              ],
              [
                98.96385597172494,
                8.460816203845914
              ],
              [
                98.98487955133693,
                8.454772417176729
              ]
            ]
          ]
        ]
      }
    },
    {
      "type": "Feature",
      "properties": {
        "tam_code": "850304",
        "tam_th": "บ้านนา",
        "tam_en": "Ban Na",
        "amp_code": "8503",
        "amp_th": "กะเปอร์",
        "amp_en": "Papoe",
        "pro_code": "85",
        "pro_th": "ระนอง",
        "pro_en": "Ranong",
        "reg_nesdb": "South",
        "reg_royin": "South",
        "perimeter": 53.28882036615,
        "area_sqkm": 101.75913712201
      },
      "geometry": {
        "type": "MultiPolygon",
        "coordinates": [
          [
            [
              [
                98.7216806133773,
                9.628479432436416
              ],
              [
                98.72838947948009,
                9.613955530939496
              ],
              [
                98.73599397167487,
                9.61051650167134
              ],
              [
                98.73878173957705,
                9.600740106112195
              ],
              [
                98.73846429877445,
                9.581640717948373
              ],
              [
                98.75811064192202,
                9.574675793847984
              ],
              [
                98.75772486736648,
                9.559253029903807
              ],
              [
                98.76754488927452,
                9.545052610893388
              ],
              [
                98.76293889180081,
                9.537005280954094
              ],
              [
                98.74652645592595,
                9.535485508139192
              ],
              [
                98.73280873076725,
                9.515974686020797
              ],
              [
                98.72451241492539,
                9.510917851923177
              ],
              [
                98.72331792085181,
                9.50286816988918
              ],
              [
                98.71674654628973,
                9.49921333274528
              ],
              [
                98.71578241069156,
                9.48723893375997
              ],
              [
                98.70459416869711,
                9.486226268589684
              ],
              [
                98.69467697111283,
                9.469678234698609
              ],
              [
                98.66941380958319,
                9.466673955490805
              ],
              [
                98.66703027984757,
                9.486033156962035
              ],
              [
                98.67188557126974,
                9.500695908506
              ],
              [
                98.65869664652705,
                9.501732475856725
              ],
              [
                98.65734064573039,
                9.506510167270662
              ],
              [
                98.66225817754925,
                9.512425694934596
              ],
              [
                98.67567559425986,
                9.517103242547025
              ],
              [
                98.68766955255425,
                9.542650919643263
              ],
              [
                98.68702548695845,
                9.555403434342985
              ],
              [
                98.69348427188484,
                9.560942310354205
              ],
              [
                98.69153581105394,
                9.573701585371964
              ],
              [
                98.70204930382124,
                9.588823400802678
              ],
              [
                98.69846359737343,
                9.608102534029417
              ],
              [
                98.68938471730333,
                9.621144893693726
              ],
              [
                98.6969930908677,
                9.635364285613221
              ],
              [
                98.7216806133773,
                9.628479432436416
              ]
            ]
          ]
        ]
      }
    },
    {
      "type": "Feature",
      "properties": {
        "tam_code": "860111",
        "tam_th": "วังใหม่",
        "tam_en": "Wang Mai",
        "amp_code": "8601",
        "amp_th": "เมืองชุมพร",
        "amp_en": "Mueang Chumphon",
        "pro_code": "86",
        "pro_th": "ชุมพร",
        "pro_en": "Chumphon",
        "reg_nesdb": "South",
        "reg_royin": "South",
        "perimeter": 66.84112817501,
        "area_sqkm": 98.07367160354
      },
      "geometry": {
        "type": "MultiPolygon",
        "coordinates": [
          [
            [
              [
                99.08260013319301,
                10.546179830150072
              ],
              [
                99.08933082440313,
                10.532608129451688
              ],
              [
                99.10605233018265,
                10.519203807654138
              ],
              [
                99.11019447350368,
                10.507131607659064
              ],
              [
                99.10515483382707,
                10.507867037542526
              ],
              [
                99.09530522779964,
                10.498570305213187
              ],
              [
                99.08826846484776,
                10.499925597612195
              ],
              [
                99.08418851484,
                10.494510271948041
              ],
              [
                99.07560831476658,
                10.498653608991452
              ],
              [
                99.07220382088323,
                10.496151377853893
              ],
              [
                99.06569796334179,
                10.501802114499656
              ],
              [
                99.06521457473876,
                10.498263613452865
              ],
              [
                99.0609051838019,
                10.500313013598461
              ],
              [
                99.05649406837554,
                10.496072028703834
              ],
              [
                99.0555087271671,
                10.500467756241772
              ],
              [
                99.03944080917545,
                10.50181889599593
              ],
              [
                99.02937649016513,
                10.497525049109013
              ],
              [
                99.01331501767656,
                10.508555713414365
              ],
              [
                98.99544839833091,
                10.508013299793989
              ],
              [
                98.97702034979922,
                10.499878238283967
              ],
              [
                98.96500885934603,
                10.499229340206632
              ],
              [
                98.96326853449884,
                10.503664267580824
              ],
              [
                98.95472409609684,
                10.496503430779335
              ],
              [
                98.9584600686184,
                10.49263521835562
              ],
              [
                98.95471288649658,
                10.489140193782978
              ],
              [
                98.94496925404698,
                10.492255568056713
              ],
              [
                98.93914333593722,
                10.48670692558111
              ],
              [
                98.913966778729,
                10.47901567383563
              ],
              [
                98.8990956463004,
                10.46527971430182
              ],
              [
                98.89141913234722,
                10.446094097578964
              ],
              [
                98.88434487382658,
                10.457772408551913
              ],
              [
                98.89018451185605,
                10.46789624090579
              ],
              [
                98.89478274961674,
                10.483474428532014
              ],
              [
                98.90584259234845,
                10.4895263017755
              ],
              [
                98.91113705545295,
                10.490104402644425
              ],
              [
                98.92206447291443,
                10.51171194647755
              ],
              [
                98.94475853768431,
                10.517748151646968
              ],
              [
                98.95174069809855,
                10.534404434509938
              ],
              [
                98.96192843816593,
                10.539417512100453
              ],
              [
                98.9674427804536,
                10.5360310249749
              ],
              [
                98.97329982191005,
                10.545009200364124
              ],
              [
                98.99230401975471,
                10.55275782811416
              ],
              [
                99.00442836021426,
                10.545864984994433
              ],
              [
                99.01434556319032,
                10.548079419869735
              ],
              [
                99.04098254211992,
                10.5373448669594
              ],
              [
                99.06726136690143,
                10.554903315758775
              ],
              [
                99.08260013319301,
                10.546179830150072
              ]
            ]
          ]
        ]
      }
    },
    {
      "type": "Feature",
      "properties": {
        "tam_code": "860112",
        "tam_th": "บ้านนา",
        "tam_en": "Ban Na",
        "amp_code": "8601",
        "amp_th": "เมืองชุมพร",
        "amp_en": "Mueang Chumphon",
        "pro_code": "86",
        "pro_th": "ชุมพร",
        "pro_en": "Chumphon",
        "reg_nesdb": "South",
        "reg_royin": "South",
        "perimeter": 76.95708642122,
        "area_sqkm": 196.04583318123
      },
      "geometry": {
        "type": "MultiPolygon",
        "coordinates": [
          [
            [
              [
                99.12157815303323,
                10.509013195131104
              ],
              [
                99.1248296343991,
                10.503951631680925
              ],
              [
                99.1352010510817,
                10.501694217911512
              ],
              [
                99.1301692231364,
                10.501626225788213
              ],
              [
                99.09187807956195,
                10.465266616816379
              ],
              [
                99.09201216122904,
                10.442514337973808
              ],
              [
                99.080335771406,
                10.44370569352863
              ],
              [
                99.06068009481235,
                10.436909787680761
              ],
              [
                99.05623357784303,
                10.43084633983036
              ],
              [
                99.05049407476392,
                10.43162172334567
              ],
              [
                99.04713789424864,
                10.438489186433404
              ],
              [
                99.0469071941118,
                10.432830825923704
              ],
              [
                99.03583383697676,
                10.432435436287452
              ],
              [
                99.00624549169251,
                10.429304632060315
              ],
              [
                98.9834767226267,
                10.43372810462401
              ],
              [
                98.96034103641584,
                10.378896629550683
              ],
              [
                98.95045427009677,
                10.384914317472793
              ],
              [
                98.93739212265193,
                10.384169263614167
              ],
              [
                98.92943003481487,
                10.385328688681954
              ],
              [
                98.92802619781489,
                10.395808585845968
              ],
              [
                98.90152376756578,
                10.397947328278601
              ],
              [
                98.90519380061497,
                10.410264641265302
              ],
              [
                98.89369678988945,
                10.416893959823236
              ],
              [
                98.89594848356299,
                10.435380284312457
              ],
              [
                98.89141913234722,
                10.446094097578964
              ],
              [
                98.8990956463004,
                10.46527971430182
              ],
              [
                98.913966778729,
                10.47901567383563
              ],
              [
                98.93914333593722,
                10.48670692558111
              ],
              [
                98.94496925404698,
                10.492255568056713
              ],
              [
                98.95471288649658,
                10.489140193782978
              ],
              [
                98.9584600686184,
                10.49263521835562
              ],
              [
                98.95472409609684,
                10.496503430779335
              ],
              [
                98.96326853449884,
                10.503664267580824
              ],
              [
                98.96500885934603,
                10.499229340206632
              ],
              [
                98.97702034979922,
                10.499878238283967
              ],
              [
                98.99544839833091,
                10.508013299793989
              ],
              [
                99.01331501767656,
                10.508555713414365
              ],
              [
                99.02937649016513,
                10.497525049109013
              ],
              [
                99.03944080917545,
                10.50181889599593
              ],
              [
                99.0555087271671,
                10.500467756241772
              ],
              [
                99.05649406837554,
                10.496072028703834
              ],
              [
                99.0609051838019,
                10.500313013598461
              ],
              [
                99.06521457473876,
                10.498263613452865
              ],
              [
                99.06569796334179,
                10.501802114499656
              ],
              [
                99.07220382088323,
                10.496151377853893
              ],
              [
                99.07560831476658,
                10.498653608991452
              ],
              [
                99.08418851484,
                10.494510271948041
              ],
              [
                99.08826846484776,
                10.499925597612195
              ],
              [
                99.09530522779964,
                10.498570305213187
              ],
              [
                99.10515483382707,
                10.507867037542526
              ],
              [
                99.11019447350368,
                10.507131607659064
              ],
              [
                99.12157815303323,
                10.509013195131104
              ]
            ]
          ]
        ]
      }
    },
    {
      "type": "Feature",
      "properties": {
        "tam_code": "900205",
        "tam_th": "ชุมพล",
        "tam_en": "Chum Phon",
        "amp_code": "9002",
        "amp_th": "สทิงพระ",
        "amp_en": "Sathing Phra",
        "pro_code": "90",
        "pro_th": "สงขลา",
        "pro_en": "Songkhla",
        "reg_nesdb": "South",
        "reg_royin": "South",
        "perimeter": 18.82281099021,
        "area_sqkm": 16.76597105442
      },
      "geometry": {
        "type": "MultiPolygon",
        "coordinates": [
          [
            [
              [
                100.40750053839602,
                7.622172990882132
              ],
              [
                100.41231208952317,
                7.601177844254423
              ],
              [
                100.39591387483236,
                7.596837584946184
              ],
              [
                100.40143243672905,
                7.594445984400576
              ],
              [
                100.39279004120738,
                7.592488223831548
              ],
              [
                100.39241480482306,
                7.587656963089129
              ],
              [
                100.35891757012227,
                7.585344959285238
              ],
              [
                100.36237150310683,
                7.61007553129588
              ],
              [
                100.36946162629589,
                7.610461277756301
              ],
              [
                100.36771999615058,
                7.616628644043485
              ],
              [
                100.40750053839602,
                7.622172990882132
              ]
            ]
          ]
        ]
      }
    },
    {
      "type": "Feature",
      "properties": {
        "tam_code": "900301",
        "tam_th": "บ้านนา",
        "tam_en": "Ban Na",
        "amp_code": "9003",
        "amp_th": "จะนะ",
        "amp_en": "Chana",
        "pro_code": "90",
        "pro_th": "สงขลา",
        "pro_en": "Songkhla",
        "reg_nesdb": "South",
        "reg_royin": "South",
        "perimeter": 39.66549750693,
        "area_sqkm": 45.5635152226
      },
      "geometry": {
        "type": "MultiPolygon",
        "coordinates": [
          [
            [
              [
                100.77360362423974,
                6.903713054506913
              ],
              [
                100.79855234942077,
                6.904515891290717
              ],
              [
                100.801458519723,
                6.908895801012255
              ],
              [
                100.80986985048827,
                6.909877730786684
              ],
              [
                100.8095306919898,
                6.900685339271879
              ],
              [
                100.79471288387592,
                6.889982759346794
              ],
              [
                100.79421201742893,
                6.870586131248422
              ],
              [
                100.76333343198249,
                6.86393401340158
              ],
              [
                100.75518378136147,
                6.873366389618827
              ],
              [
                100.76229856417189,
                6.891827566164758
              ],
              [
                100.75930456270314,
                6.894333603324577
              ],
              [
                100.74234316851228,
                6.875484447731903
              ],
              [
                100.73739224596763,
                6.885670186256407
              ],
              [
                100.72592621770666,
                6.891656302827747
              ],
              [
                100.72733451777832,
                6.904052964632059
              ],
              [
                100.72119760746054,
                6.903558055587001
              ],
              [
                100.72427738248794,
                6.918555639189911
              ],
              [
                100.71999585270729,
                6.921840974821484
              ],
              [
                100.73378715344829,
                6.922905344157767
              ],
              [
                100.74570053987163,
                6.929409285516695
              ],
              [
                100.761380565457,
                6.957328150890051
              ],
              [
                100.77438840545256,
                6.934582902463001
              ],
              [
                100.77360362423974,
                6.903713054506913
              ]
            ]
          ]
        ]
      }
    },
    {
      "type": "Feature",
      "properties": {
        "tam_code": "901603",
        "tam_th": "โคกม่วง",
        "tam_en": "Khok Muang",
        "amp_code": "9016",
        "amp_th": "คลองหอยโข่ง",
        "amp_en": "Khlong Hoi Khong",
        "pro_code": "90",
        "pro_th": "สงขลา",
        "pro_en": "Songkhla",
        "reg_nesdb": "South",
        "reg_royin": "South",
        "perimeter": 33.09388363611,
        "area_sqkm": 37.96897682075
      },
      "geometry": {
        "type": "MultiPolygon",
        "coordinates": [
          [
            [
              [
                100.41774732745166,
                6.91863310380338
              ],
              [
                100.42268572313282,
                6.917548995119799
              ],
              [
                100.41862595483182,
                6.915684045401492
              ],
              [
                100.42816615372692,
                6.901837324519282
              ],
              [
                100.42306635299717,
                6.884585974854861
              ],
              [
                100.42848692100522,
                6.846172349265454
              ],
              [
                100.42532612159391,
                6.839254510840583
              ],
              [
                100.41352141272931,
                6.845673395122708
              ],
              [
                100.39516055584926,
                6.828236348214618
              ],
              [
                100.38452247618062,
                6.828662098974117
              ],
              [
                100.38360241017067,
                6.847734136888617
              ],
              [
                100.37777943578801,
                6.843672785384886
              ],
              [
                100.37538319711305,
                6.852317926255954
              ],
              [
                100.40254396949182,
                6.894247323615483
              ],
              [
                100.39934068745787,
                6.901037604267835
              ],
              [
                100.40185971502314,
                6.907929783083874
              ],
              [
                100.39340031461103,
                6.928244709534955
              ],
              [
                100.4149390619672,
                6.933417764658813
              ],
              [
                100.41774732745166,
                6.91863310380338
              ]
            ]
          ]
        ]
      }
    },
    {
      "type": "Feature",
      "properties": {
        "tam_code": "920407",
        "tam_th": "บ้านนา",
        "tam_en": "Ban Na",
        "amp_code": "9204",
        "amp_th": "ปะเหลียน",
        "amp_en": "Palian",
        "pro_code": "92",
        "pro_th": "ตรัง",
        "pro_en": "Trang",
        "reg_nesdb": "South",
        "reg_royin": "South",
        "perimeter": 55.36368185735,
        "area_sqkm": 104.99457723169
      },
      "geometry": {
        "type": "MultiPolygon",
        "coordinates": [
          [
            [
              [
                99.59938099935925,
                7.348906309956999
              ],
              [
                99.61130740925911,
                7.356972851472928
              ],
              [
                99.62518659992105,
                7.358434890269025
              ],
              [
                99.63258013005299,
                7.354996324245295
              ],
              [
                99.64099069899967,
                7.337426224250957
              ],
              [
                99.64759092663401,
                7.335888099880153
              ],
              [
                99.66484182311872,
                7.332241401891087
              ],
              [
                99.67192125353934,
                7.336605979986278
              ],
              [
                99.6871766340432,
                7.336017023604336
              ],
              [
                99.69253434675473,
                7.333413376483058
              ],
              [
                99.72011972507735,
                7.339093971360548
              ],
              [
                99.71915345453831,
                7.32304252498301
              ],
              [
                99.74292550405085,
                7.306187259113045
              ],
              [
                99.73524062078586,
                7.300711672507734
              ],
              [
                99.73258443796514,
                7.291198739346354
              ],
              [
                99.72920993415792,
                7.284849366539884
              ],
              [
                99.70001084678366,
                7.270720393799521
              ],
              [
                99.69673792232348,
                7.265229293989766
              ],
              [
                99.69088134413138,
                7.283916206412483
              ],
              [
                99.6829213217727,
                7.286430441232934
              ],
              [
                99.66624219348412,
                7.273367272777943
              ],
              [
                99.6586029980916,
                7.276136700963348
              ],
              [
                99.65687351228361,
                7.288698678045162
              ],
              [
                99.65027501533129,
                7.288580445193094
              ],
              [
                99.65001542825313,
                7.282887329458639
              ],
              [
                99.64472702764938,
                7.284666653112495
              ],
              [
                99.64107292608793,
                7.279906060197024
              ],
              [
                99.63419698606232,
                7.27929217318925
              ],
              [
                99.62767679862417,
                7.29834011926555
              ],
              [
                99.57952546512836,
                7.31260922201805
              ],
              [
                99.56785565158759,
                7.320720339526093
              ],
              [
                99.574387490204,
                7.351455893065229
              ],
              [
                99.58180832646183,
                7.362637240654044
              ],
              [
                99.59938099935925,
                7.348906309956999
              ]
            ]
          ]
        ]
      }
    },
    {
      "type": "Feature",
      "properties": {
        "tam_code": "930101",
        "tam_th": "คูหาสวรรค์",
        "tam_en": "Khu Ha Sa Wan",
        "amp_code": "9301",
        "amp_th": "เมืองพัทลุง",
        "amp_en": "Mueang Phatthalung",
        "pro_code": "93",
        "pro_th": "พัทลุง",
        "pro_en": "Phatthalung",
        "reg_nesdb": "South",
        "reg_royin": "South",
        "perimeter": 22.1164956192,
        "area_sqkm": 12.88621807379
      },
      "geometry": {
        "type": "MultiPolygon",
        "coordinates": [
          [
            [
              [
                100.09104946784018,
                7.636639915015975
              ],
              [
                100.0954025447423,
                7.624665152357748
              ],
              [
                100.12479850306946,
                7.629309684190003
              ],
              [
                100.1243471411146,
                7.625592677839183
              ],
              [
                100.102754369888,
                7.624098183053182
              ],
              [
                100.08756497063563,
                7.6117684041047
              ],
              [
                100.0702564248669,
                7.60744213568496
              ],
              [
                100.0476425277863,
                7.598354024997274
              ],
              [
                100.0445972456967,
                7.605957503542642
              ],
              [
                100.04571310293065,
                7.611996537319774
              ],
              [
                100.05564055708095,
                7.615200165426774
              ],
              [
                100.06487152180246,
                7.627217768409072
              ],
              [
                100.07389054462041,
                7.62810442712621
              ],
              [
                100.08483737287739,
                7.638572358111221
              ],
              [
                100.09104946784018,
                7.636639915015975
              ]
            ]
          ]
        ]
      }
    },
    {
      "type": "Feature",
      "properties": {
        "tam_code": "930103",
        "tam_th": "เขาเจียก",
        "tam_en": "Khao Chiak",
        "amp_code": "9301",
        "amp_th": "เมืองพัทลุง",
        "amp_en": "Mueang Phatthalung",
        "pro_code": "93",
        "pro_th": "พัทลุง",
        "pro_en": "Phatthalung",
        "reg_nesdb": "South",
        "reg_royin": "South",
        "perimeter": 16.41379313824,
        "area_sqkm": 17.70932068658
      },
      "geometry": {
        "type": "MultiPolygon",
        "coordinates": [
          [
            [
              [
                100.06264377483828,
                7.635011494103945
              ],
              [
                100.06487152180246,
                7.627217768409072
              ],
              [
                100.05564055708095,
                7.615200165426774
              ],
              [
                100.04571310293065,
                7.611996537319774
              ],
              [
                100.0445972456967,
                7.605957503542642
              ],
              [
                100.03667147849816,
                7.603354436463348
              ],
              [
                100.02303767376,
                7.599701353038692
              ],
              [
                100.01785826584391,
                7.626575161395946
              ],
              [
                100.0216723352618,
                7.639671437217764
              ],
              [
                100.02583671933621,
                7.644251611192158
              ],
              [
                100.04303901480812,
                7.644751363980824
              ],
              [
                100.06264377483828,
                7.635011494103945
              ]
            ]
          ]
        ]
      }
    },
    {
      "type": "Feature",
      "properties": {
        "tam_code": "930104",
        "tam_th": "ท่ามิหรำ",
        "tam_en": "Tha Mi Ram",
        "amp_code": "9301",
        "amp_th": "เมืองพัทลุง",
        "amp_en": "Mueang Phatthalung",
        "pro_code": "93",
        "pro_th": "พัทลุง",
        "pro_en": "Phatthalung",
        "reg_nesdb": "South",
        "reg_royin": "South",
        "perimeter": 15.05656095592,
        "area_sqkm": 10.52097279921
      },
      "geometry": {
        "type": "MultiPolygon",
        "coordinates": [
          [
            [
              [
                100.06806785158481,
                7.596695641163138
              ],
              [
                100.05904815222218,
                7.588434422075039
              ],
              [
                100.06541593608824,
                7.575093578380376
              ],
              [
                100.05496391824981,
                7.571277474587082
              ],
              [
                100.03855573563014,
                7.577167110672647
              ],
              [
                100.03215249388641,
                7.587659861167298
              ],
              [
                100.03311156144615,
                7.595917934789595
              ],
              [
                100.03667147849816,
                7.603354436463348
              ],
              [
                100.0445972456967,
                7.605957503542642
              ],
              [
                100.0476425277863,
                7.598354024997274
              ],
              [
                100.0702564248669,
                7.60744213568496
              ],
              [
                100.06806785158481,
                7.596695641163138
              ]
            ]
          ]
        ]
      }
    },
    {
      "type": "Feature",
      "properties": {
        "tam_code": "930105",
        "tam_th": "โคกชะงาย",
        "tam_en": "Khok Cha Ngai",
        "amp_code": "9301",
        "amp_th": "เมืองพัทลุง",
        "amp_en": "Mueang Phatthalung",
        "pro_code": "93",
        "pro_th": "พัทลุง",
        "pro_en": "Phatthalung",
        "reg_nesdb": "South",
        "reg_royin": "South",
        "perimeter": 18.25196042167,
        "area_sqkm": 18.14925317433
      },
      "geometry": {
        "type": "MultiPolygon",
        "coordinates": [
          [
            [
              [
                100.0216723352618,
                7.639671437217764
              ],
              [
                100.01785826584391,
                7.626575161395946
              ],
              [
                100.02303767376,
                7.599701353038692
              ],
              [
                99.98740367856631,
                7.588159055155046
              ],
              [
                99.98705891981525,
                7.638748487016351
              ],
              [
                99.99568723477107,
                7.635547725808221
              ],
              [
                100.01233403483019,
                7.640964341073724
              ],
              [
                100.0216723352618,
                7.639671437217764
              ]
            ]
          ]
        ]
      }
    },
    {
      "type": "Feature",
      "properties": {
        "tam_code": "930107",
        "tam_th": "ปรางหมู่",
        "tam_en": "Prang Mu",
        "amp_code": "9301",
        "amp_th": "เมืองพัทลุง",
        "amp_en": "Mueang Phatthalung",
        "pro_code": "93",
        "pro_th": "พัทลุง",
        "pro_en": "Phatthalung",
        "reg_nesdb": "South",
        "reg_royin": "South",
        "perimeter": 14.15283364643,
        "area_sqkm": 12.47979852984
      },
      "geometry": {
        "type": "MultiPolygon",
        "coordinates": [
          [
            [
              [
                100.08731332536236,
                7.660516958834347
              ],
              [
                100.08483737287739,
                7.638572358111221
              ],
              [
                100.07389054462041,
                7.62810442712621
              ],
              [
                100.06487152180246,
                7.627217768409072
              ],
              [
                100.06264377483828,
                7.635011494103945
              ],
              [
                100.04303901480812,
                7.644751363980824
              ],
              [
                100.04418099917253,
                7.646744006233622
              ],
              [
                100.04948232211864,
                7.654982379993316
              ],
              [
                100.06740711449339,
                7.663123425620082
              ],
              [
                100.08731332536236,
                7.660516958834347
              ]
            ]
          ]
        ]
      }
    },
    {
      "type": "Feature",
      "properties": {
        "tam_code": "930108",
        "tam_th": "ท่าแค",
        "tam_en": "Tha Khae",
        "amp_code": "9301",
        "amp_th": "เมืองพัทลุง",
        "amp_en": "Mueang Phatthalung",
        "pro_code": "93",
        "pro_th": "พัทลุง",
        "pro_en": "Phatthalung",
        "reg_nesdb": "South",
        "reg_royin": "South",
        "perimeter": 27.60365419357,
        "area_sqkm": 33.80557261128
      },
      "geometry": {
        "type": "MultiPolygon",
        "coordinates": [
          [
            [
              [
                100.05496391824981,
                7.571277474587082
              ],
              [
                100.06541593608824,
                7.575093578380376
              ],
              [
                100.07036659648979,
                7.543850450169704
              ],
              [
                100.08319180591288,
                7.543128670926165
              ],
              [
                100.08461190103303,
                7.532646576565872
              ],
              [
                100.07768298727912,
                7.523640669215115
              ],
              [
                100.0574899164825,
                7.525746280529117
              ],
              [
                100.05276972996371,
                7.514881814461205
              ],
              [
                100.04211633810507,
                7.522397104340308
              ],
              [
                100.03340071541194,
                7.523125449089403
              ],
              [
                100.02695080875966,
                7.518326141998829
              ],
              [
                100.02350485815822,
                7.506786150706544
              ],
              [
                100.01565992447702,
                7.521365915378829
              ],
              [
                100.02163775243822,
                7.554839583162476
              ],
              [
                100.02853080833825,
                7.560912547207122
              ],
              [
                100.03329297761425,
                7.575810395453633
              ],
              [
                100.03855573563014,
                7.577167110672647
              ],
              [
                100.05496391824981,
                7.571277474587082
              ]
            ]
          ]
        ]
      }
    },
    {
      "type": "Feature",
      "properties": {
        "tam_code": "930109",
        "tam_th": "ลำปำ",
        "tam_en": "Lam Pam",
        "amp_code": "9301",
        "amp_th": "เมืองพัทลุง",
        "amp_en": "Mueang Phatthalung",
        "pro_code": "93",
        "pro_th": "พัทลุง",
        "pro_en": "Phatthalung",
        "reg_nesdb": "South",
        "reg_royin": "South",
        "perimeter": 56.68285638262,
        "area_sqkm": 168.61871767639
      },
      "geometry": {
        "type": "MultiPolygon",
        "coordinates": [
          [
            [
              [
                100.21870484305097,
                7.711905447220915
              ],
              [
                100.2205218505381,
                7.694895157541519
              ],
              [
                100.22535445770144,
                7.649651916444171
              ],
              [
                100.22651253167034,
                7.638809577593499
              ],
              [
                100.23333146523832,
                7.574965129727949
              ],
              [
                100.16857639150922,
                7.572485111048835
              ],
              [
                100.15961361592622,
                7.576599883002811
              ],
              [
                100.14404658676163,
                7.589169722239591
              ],
              [
                100.14703583391743,
                7.591705717131968
              ],
              [
                100.14282259989382,
                7.602967697003407
              ],
              [
                100.14493901776467,
                7.610225439765999
              ],
              [
                100.12336361486184,
                7.613263058325244
              ],
              [
                100.1243471411146,
                7.625592677839183
              ],
              [
                100.12479850306946,
                7.629309684190003
              ],
              [
                100.12985126182004,
                7.63078122374215
              ],
              [
                100.12172659183122,
                7.642168962237482
              ],
              [
                100.12427841065922,
                7.654403780182588
              ],
              [
                100.12056619846311,
                7.669976411995868
              ],
              [
                100.13367297185799,
                7.675000180825553
              ],
              [
                100.12783135591812,
                7.733464571873643
              ],
              [
                100.13456211726192,
                7.73824935745716
              ],
              [
                100.14414918494388,
                7.727750101158043
              ],
              [
                100.21870484305097,
                7.711905447220915
              ]
            ]
          ]
        ]
      }
    },
    {
      "type": "Feature",
      "properties": {
        "tam_code": "930110",
        "tam_th": "ตำนาน",
        "tam_en": "Tamnan",
        "amp_code": "9301",
        "amp_th": "เมืองพัทลุง",
        "amp_en": "Mueang Phatthalung",
        "pro_code": "93",
        "pro_th": "พัทลุง",
        "pro_en": "Phatthalung",
        "reg_nesdb": "South",
        "reg_royin": "South",
        "perimeter": 22.78545169136,
        "area_sqkm": 26.49836060433
      },
      "geometry": {
        "type": "MultiPolygon",
        "coordinates": [
          [
            [
              [
                100.10150154274649,
                7.537015952850907
              ],
              [
                100.08461190103303,
                7.532646576565872
              ],
              [
                100.08319180591288,
                7.543128670926165
              ],
              [
                100.07036659648979,
                7.543850450169704
              ],
              [
                100.06541593608824,
                7.575093578380376
              ],
              [
                100.05904815222218,
                7.588434422075039
              ],
              [
                100.06806785158481,
                7.596695641163138
              ],
              [
                100.0702564248669,
                7.60744213568496
              ],
              [
                100.08756497063563,
                7.6117684041047
              ],
              [
                100.10518281089999,
                7.545102436407326
              ],
              [
                100.10150154274649,
                7.537015952850907
              ]
            ]
          ]
        ]
      }
    },
    {
      "type": "Feature",
      "properties": {
        "tam_code": "930111",
        "tam_th": "ควนมะพร้าว",
        "tam_en": "Khuan Ma Phrao",
        "amp_code": "9301",
        "amp_th": "เมืองพัทลุง",
        "amp_en": "Mueang Phatthalung",
        "pro_code": "93",
        "pro_th": "พัทลุง",
        "pro_en": "Phatthalung",
        "reg_nesdb": "South",
        "reg_royin": "South",
        "perimeter": 28.36184497863,
        "area_sqkm": 38.64498392315
      },
      "geometry": {
        "type": "MultiPolygon",
        "coordinates": [
          [
            [
              [
                100.14493901776467,
                7.610225439765999
              ],
              [
                100.14282259989382,
                7.602967697003407
              ],
              [
                100.14703583391743,
                7.591705717131968
              ],
              [
                100.14404658676163,
                7.589169722239591
              ],
              [
                100.15961361592622,
                7.576599883002811
              ],
              [
                100.16004486408583,
                7.571847687326157
              ],
              [
                100.11459180379146,
                7.559186356841132
              ],
              [
                100.10518281089999,
                7.545102436407326
              ],
              [
                100.08756497063563,
                7.6117684041047
              ],
              [
                100.102754369888,
                7.624098183053182
              ],
              [
                100.1243471411146,
                7.625592677839183
              ],
              [
                100.12336361486184,
                7.613263058325244
              ],
              [
                100.14493901776467,
                7.610225439765999
              ]
            ]
          ]
        ]
      }
    },
    {
      "type": "Feature",
      "properties": {
        "tam_code": "930113",
        "tam_th": "ชัยบุรี",
        "tam_en": "Chai Buri",
        "amp_code": "9301",
        "amp_th": "เมืองพัทลุง",
        "amp_en": "Mueang Phatthalung",
        "pro_code": "93",
        "pro_th": "พัทลุง",
        "pro_en": "Phatthalung",
        "reg_nesdb": "South",
        "reg_royin": "South",
        "perimeter": 33.69280218361,
        "area_sqkm": 55.2684167321
      },
      "geometry": {
        "type": "MultiPolygon",
        "coordinates": [
          [
            [
              [
                100.13367297185799,
                7.675000180825553
              ],
              [
                100.12056619846311,
                7.669976411995868
              ],
              [
                100.10515838334767,
                7.675015659086112
              ],
              [
                100.0874597266284,
                7.668866070848511
              ],
              [
                100.08731332536236,
                7.660516958834347
              ],
              [
                100.06740711449339,
                7.663123425620082
              ],
              [
                100.04948232211864,
                7.654982379993316
              ],
              [
                100.05787094793355,
                7.678439115150633
              ],
              [
                100.05406807448769,
                7.688464990928631
              ],
              [
                100.05754281677046,
                7.708162192492437
              ],
              [
                100.06650731752786,
                7.715550013949406
              ],
              [
                100.06770092930805,
                7.731426991846955
              ],
              [
                100.08955803507106,
                7.731271169185603
              ],
              [
                100.10191228688383,
                7.723090153071999
              ],
              [
                100.1088499880956,
                7.730410370450786
              ],
              [
                100.12783135591812,
                7.733464571873643
              ],
              [
                100.13367297185799,
                7.675000180825553
              ]
            ]
          ]
        ]
      }
    },
    {
      "type": "Feature",
      "properties": {
        "tam_code": "930114",
        "tam_th": "นาโหนด",
        "tam_en": "Na Not",
        "amp_code": "9301",
        "amp_th": "เมืองพัทลุง",
        "amp_en": "Mueang Phatthalung",
        "pro_code": "93",
        "pro_th": "พัทลุง",
        "pro_en": "Phatthalung",
        "reg_nesdb": "South",
        "reg_royin": "South",
        "perimeter": 33.38454161738,
        "area_sqkm": 35.58267726603
      },
      "geometry": {
        "type": "MultiPolygon",
        "coordinates": [
          [
            [
              [
                100.06590540664287,
                7.48924905488732
              ],
              [
                100.03231291134024,
                7.483125716769722
              ],
              [
                100.03323148023556,
                7.473930480531776
              ],
              [
                100.04448002525183,
                7.462214133041244
              ],
              [
                100.04449187242075,
                7.454788092746295
              ],
              [
                100.03804753757086,
                7.437718353136156
              ],
              [
                100.01999382048588,
                7.427672828898956
              ],
              [
                100.01237272278134,
                7.45424771468899
              ],
              [
                100.01829690423943,
                7.463651107602048
              ],
              [
                100.01467296191487,
                7.477968925515343
              ],
              [
                100.02175899704757,
                7.483862552815739
              ],
              [
                100.0216706754561,
                7.490933818031523
              ],
              [
                100.02350485815822,
                7.506786150706544
              ],
              [
                100.02695080875966,
                7.518326141998829
              ],
              [
                100.03340071541194,
                7.523125449089403
              ],
              [
                100.04211633810507,
                7.522397104340308
              ],
              [
                100.05276972996371,
                7.514881814461205
              ],
              [
                100.0574899164825,
                7.525746280529117
              ],
              [
                100.07768298727912,
                7.523640669215115
              ],
              [
                100.06590540664287,
                7.48924905488732
              ]
            ]
          ]
        ]
      }
    },
    {
      "type": "Feature",
      "properties": {
        "tam_code": "930115",
        "tam_th": "พญาขัน",
        "tam_en": "Phaya Khan",
        "amp_code": "9301",
        "amp_th": "เมืองพัทลุง",
        "amp_en": "Mueang Phatthalung",
        "pro_code": "93",
        "pro_th": "พัทลุง",
        "pro_en": "Phatthalung",
        "reg_nesdb": "South",
        "reg_royin": "South",
        "perimeter": 17.91222849925,
        "area_sqkm": 19.69736443532
      },
      "geometry": {
        "type": "MultiPolygon",
        "coordinates": [
          [
            [
              [
                100.12427841065922,
                7.654403780182588
              ],
              [
                100.12172659183122,
                7.642168962237482
              ],
              [
                100.12985126182004,
                7.63078122374215
              ],
              [
                100.12479850306946,
                7.629309684190003
              ],
              [
                100.0954025447423,
                7.624665152357748
              ],
              [
                100.09104946784018,
                7.636639915015975
              ],
              [
                100.08483737287739,
                7.638572358111221
              ],
              [
                100.08731332536236,
                7.660516958834347
              ],
              [
                100.0874597266284,
                7.668866070848511
              ],
              [
                100.10515838334767,
                7.675015659086112
              ],
              [
                100.12056619846311,
                7.669976411995868
              ],
              [
                100.12427841065922,
                7.654403780182588
              ]
            ]
          ]
        ]
      }
    },
    {
      "type": "Feature",
      "properties": {
        "tam_code": "930201",
        "tam_th": "กงหรา",
        "tam_en": "Kong Ra",
        "amp_code": "9302",
        "amp_th": "กงหรา",
        "amp_en": "Kong Ra",
        "pro_code": "93",
        "pro_th": "พัทลุง",
        "pro_en": "Phatthalung",
        "reg_nesdb": "South",
        "reg_royin": "South",
        "perimeter": 36.0808674996,
        "area_sqkm": 55.44561410975
      },
      "geometry": {
        "type": "MultiPolygon",
        "coordinates": [
          [
            [
              [
                99.95238680751346,
                7.510517502900615
              ],
              [
                99.96529017438961,
                7.492852955827015
              ],
              [
                99.96276592477082,
                7.485462259239746
              ],
              [
                99.95744092883493,
                7.467372747570892
              ],
              [
                99.92783586443406,
                7.456017545835434
              ],
              [
                99.90975968919224,
                7.443044774735989
              ],
              [
                99.87794377945586,
                7.448426733390479
              ],
              [
                99.86628562629372,
                7.43822504442402
              ],
              [
                99.86147654996402,
                7.440730231113045
              ],
              [
                99.85780616713889,
                7.45915553597457
              ],
              [
                99.84873930233415,
                7.464875831450231
              ],
              [
                99.84985057595912,
                7.473101148189266
              ],
              [
                99.86788825021411,
                7.484433156705494
              ],
              [
                99.88115836534291,
                7.476134790196265
              ],
              [
                99.90672434523043,
                7.492662580126539
              ],
              [
                99.91098313437774,
                7.488814302341655
              ],
              [
                99.91355841676304,
                7.49770728168285
              ],
              [
                99.92012159853222,
                7.501804425773294
              ],
              [
                99.92799597067653,
                7.498319809976324
              ],
              [
                99.93549264937826,
                7.513773702832791
              ],
              [
                99.95238680751346,
                7.510517502900615
              ]
            ]
          ]
        ]
      }
    },
    {
      "type": "Feature",
      "properties": {
        "tam_code": "930202",
        "tam_th": "ชะรัด",
        "tam_en": "Charat",
        "amp_code": "9302",
        "amp_th": "กงหรา",
        "amp_en": "Kong Ra",
        "pro_code": "93",
        "pro_th": "พัทลุง",
        "pro_en": "Phatthalung",
        "reg_nesdb": "South",
        "reg_royin": "South",
        "perimeter": 22.06658549164,
        "area_sqkm": 26.38539483569
      },
      "geometry": {
        "type": "MultiPolygon",
        "coordinates": [
          [
            [
              [
                99.99904525776972,
                7.495288644126874
              ],
              [
                99.99964368854904,
                7.487471704150162
              ],
              [
                100.0216706754561,
                7.490933818031523
              ],
              [
                100.02175899704757,
                7.483862552815739
              ],
              [
                100.01467296191487,
                7.477968925515343
              ],
              [
                100.01829690423943,
                7.463651107602048
              ],
              [
                100.01237272278134,
                7.45424771468899
              ],
              [
                99.99733559109285,
                7.456475720520892
              ],
              [
                99.97982433147057,
                7.451540334653946
              ],
              [
                99.97614135738038,
                7.454603843427175
              ],
              [
                99.97291425833966,
                7.449715565720578
              ],
              [
                99.96455041975392,
                7.453329661117412
              ],
              [
                99.95744092883493,
                7.467372747570892
              ],
              [
                99.96276592477082,
                7.485462259239746
              ],
              [
                99.98371728259852,
                7.497558863899877
              ],
              [
                99.99904525776972,
                7.495288644126874
              ]
            ]
          ]
        ]
      }
    },
    {
      "type": "Feature",
      "properties": {
        "tam_code": "930203",
        "tam_th": "คลองเฉลิม",
        "tam_en": "Khlong Cha Loem",
        "amp_code": "9302",
        "amp_th": "กงหรา",
        "amp_en": "Kong Ra",
        "pro_code": "93",
        "pro_th": "พัทลุง",
        "pro_en": "Phatthalung",
        "reg_nesdb": "South",
        "reg_royin": "South",
        "perimeter": 62.31904840293,
        "area_sqkm": 135.34040541335
      },
      "geometry": {
        "type": "MultiPolygon",
        "coordinates": [
          [
            [
              [
                100.01237272278134,
                7.45424771468899
              ],
              [
                100.01999382048588,
                7.427672828898956
              ],
              [
                100.00262627091267,
                7.427216060630129
              ],
              [
                100.00536815147707,
                7.411156409728527
              ],
              [
                100.01219222328356,
                7.402583711393024
              ],
              [
                100.01284788186048,
                7.389374416310848
              ],
              [
                100.02022942495593,
                7.383586655914834
              ],
              [
                100.0125693731001,
                7.371234581704929
              ],
              [
                100.0182244511822,
                7.35735652297855
              ],
              [
                100.01063738937007,
                7.341957291561867
              ],
              [
                99.99729012600268,
                7.335027893277112
              ],
              [
                99.98653612515433,
                7.315870839686556
              ],
              [
                99.97265006799422,
                7.318985242064471
              ],
              [
                99.96163021426727,
                7.306947258689884
              ],
              [
                99.95152414804896,
                7.306690555495757
              ],
              [
                99.94732649804116,
                7.310685279134122
              ],
              [
                99.93791045035915,
                7.306883555597361
              ],
              [
                99.93773421132317,
                7.318206234871069
              ],
              [
                99.91934684180953,
                7.319079636450104
              ],
              [
                99.90675290616211,
                7.326278257150991
              ],
              [
                99.90394713007949,
                7.346919068261997
              ],
              [
                99.9039952518441,
                7.354198343016387
              ],
              [
                99.89512106682051,
                7.36543228814394
              ],
              [
                99.90209246310377,
                7.377610123163969
              ],
              [
                99.90177918789468,
                7.388169424756565
              ],
              [
                99.89536645469364,
                7.396513165266264
              ],
              [
                99.90504544115582,
                7.391488469729648
              ],
              [
                99.93089213826107,
                7.396603226090703
              ],
              [
                99.95679110974714,
                7.391875148573203
              ],
              [
                99.96925985609633,
                7.399645833000569
              ],
              [
                99.97521865384134,
                7.410899018998587
              ],
              [
                99.95827973321215,
                7.424857210468024
              ],
              [
                99.96800968422507,
                7.432138510229086
              ],
              [
                99.95660953728213,
                7.44625590255343
              ],
              [
                99.96455041975392,
                7.453329661117412
              ],
              [
                99.97291425833966,
                7.449715565720578
              ],
              [
                99.97614135738038,
                7.454603843427175
              ],
              [
                99.97982433147057,
                7.451540334653946
              ],
              [
                99.99733559109285,
                7.456475720520892
              ],
              [
                100.01237272278134,
                7.45424771468899
              ]
            ]
          ]
        ]
      }
    },
    {
      "type": "Feature",
      "properties": {
        "tam_code": "930204",
        "tam_th": "คลองทรายขาว",
        "tam_en": "Khlong Sai Khao",
        "amp_code": "9302",
        "amp_th": "กงหรา",
        "amp_en": "Kong Ra",
        "pro_code": "93",
        "pro_th": "พัทลุง",
        "pro_en": "Phatthalung",
        "reg_nesdb": "South",
        "reg_royin": "South",
        "perimeter": 35.59033321857,
        "area_sqkm": 61.84406213689
      },
      "geometry": {
        "type": "MultiPolygon",
        "coordinates": [
          [
            [
              [
                99.96455041975392,
                7.453329661117412
              ],
              [
                99.95660953728213,
                7.44625590255343
              ],
              [
                99.96800968422507,
                7.432138510229086
              ],
              [
                99.95827973321215,
                7.424857210468024
              ],
              [
                99.97521865384134,
                7.410899018998587
              ],
              [
                99.96925985609633,
                7.399645833000569
              ],
              [
                99.95679110974714,
                7.391875148573203
              ],
              [
                99.93089213826107,
                7.396603226090703
              ],
              [
                99.90504544115582,
                7.391488469729648
              ],
              [
                99.89536645469364,
                7.396513165266264
              ],
              [
                99.86628562629372,
                7.43822504442402
              ],
              [
                99.87794377945586,
                7.448426733390479
              ],
              [
                99.90975968919224,
                7.443044774735989
              ],
              [
                99.92783586443406,
                7.456017545835434
              ],
              [
                99.95744092883493,
                7.467372747570892
              ],
              [
                99.96455041975392,
                7.453329661117412
              ]
            ]
          ]
        ]
      }
    },
    {
      "type": "Feature",
      "properties": {
        "tam_code": "930205",
        "tam_th": "สมหวัง",
        "tam_en": "Som Wang",
        "amp_code": "9302",
        "amp_th": "กงหรา",
        "amp_en": "Kong Ra",
        "pro_code": "93",
        "pro_th": "พัทลุง",
        "pro_en": "Phatthalung",
        "reg_nesdb": "South",
        "reg_royin": "South",
        "perimeter": 22.56553978518,
        "area_sqkm": 25.71863290332
      },
      "geometry": {
        "type": "MultiPolygon",
        "coordinates": [
          [
            [
              [
                100.01193911132654,
                7.527266978100062
              ],
              [
                100.01565992447702,
                7.521365915378829
              ],
              [
                100.02350485815822,
                7.506786150706544
              ],
              [
                100.0216706754561,
                7.490933818031523
              ],
              [
                99.99964368854904,
                7.487471704150162
              ],
              [
                99.99904525776972,
                7.495288644126874
              ],
              [
                99.98371728259852,
                7.497558863899877
              ],
              [
                99.96276592477082,
                7.485462259239746
              ],
              [
                99.96529017438961,
                7.492852955827015
              ],
              [
                99.95238680751346,
                7.510517502900615
              ],
              [
                99.96570760963874,
                7.52186368144193
              ],
              [
                99.9887840915909,
                7.5300150855367
              ],
              [
                100.01193911132654,
                7.527266978100062
              ]
            ]
          ]
        ]
      }
    },
    {
      "type": "Feature",
      "properties": {
        "tam_code": "930301",
        "tam_th": "เขาชัยสน",
        "tam_en": "Khao Chaison",
        "amp_code": "9303",
        "amp_th": "เขาชัยสน",
        "amp_en": "Khao Chaison",
        "pro_code": "93",
        "pro_th": "พัทลุง",
        "pro_en": "Phatthalung",
        "reg_nesdb": "South",
        "reg_royin": "South",
        "perimeter": 48.75686121486,
        "area_sqkm": 62.47831148433
      },
      "geometry": {
        "type": "MultiPolygon",
        "coordinates": [
          [
            [
              [
                100.17015096010537,
                7.468734941217568
              ],
              [
                100.157436211215,
                7.46790190903272
              ],
              [
                100.15417474806863,
                7.461232528919679
              ],
              [
                100.14000071454875,
                7.460387501226878
              ],
              [
                100.14401687664026,
                7.443917990029018
              ],
              [
                100.13623227772814,
                7.441233257434877
              ],
              [
                100.12501600822853,
                7.426330506592048
              ],
              [
                100.12269146516051,
                7.40646744782329
              ],
              [
                100.10852683954724,
                7.398509527371941
              ],
              [
                100.1092225791054,
                7.391399596705276
              ],
              [
                100.10068904573706,
                7.386756150639679
              ],
              [
                100.10222047777062,
                7.380935784805686
              ],
              [
                100.09834491986636,
                7.383364104055429
              ],
              [
                100.1022906655254,
                7.378408306295397
              ],
              [
                100.09820109875766,
                7.374178869422853
              ],
              [
                100.10518280976787,
                7.360745084376798
              ],
              [
                100.08889121577751,
                7.36608437232077
              ],
              [
                100.08442857054052,
                7.397826035891291
              ],
              [
                100.05197626336182,
                7.420381930845809
              ],
              [
                100.05392141395556,
                7.426536546399512
              ],
              [
                100.06273028371193,
                7.431268364942498
              ],
              [
                100.06260034364202,
                7.441290383191456
              ],
              [
                100.0697146404328,
                7.450015180196219
              ],
              [
                100.07842732122594,
                7.447576956448427
              ],
              [
                100.09864533375737,
                7.45359312903973
              ],
              [
                100.10686910191659,
                7.464682324545231
              ],
              [
                100.11556007340323,
                7.467993253382868
              ],
              [
                100.12835454470802,
                7.460779704539142
              ],
              [
                100.13497941615353,
                7.46514067241623
              ],
              [
                100.14137765348809,
                7.481196130888604
              ],
              [
                100.16714458198722,
                7.492721422332824
              ],
              [
                100.17015096010537,
                7.468734941217568
              ]
            ]
          ]
        ]
      }
    },
    {
      "type": "Feature",
      "properties": {
        "tam_code": "930302",
        "tam_th": "ควนขนุน",
        "tam_en": "Khuan Kha Nun",
        "amp_code": "9303",
        "amp_th": "เขาชัยสน",
        "amp_en": "Khao Chaison",
        "pro_code": "93",
        "pro_th": "พัทลุง",
        "pro_en": "Phatthalung",
        "reg_nesdb": "South",
        "reg_royin": "South",
        "perimeter": 31.17415097447,
        "area_sqkm": 46.19387810356
      },
      "geometry": {
        "type": "MultiPolygon",
        "coordinates": [
          [
            [
              [
                100.11621935643988,
                7.503210736658374
              ],
              [
                100.13497941615353,
                7.46514067241623
              ],
              [
                100.12835454470802,
                7.460779704539142
              ],
              [
                100.11556007340323,
                7.467993253382868
              ],
              [
                100.10686910191659,
                7.464682324545231
              ],
              [
                100.09864533375737,
                7.45359312903973
              ],
              [
                100.07842732122594,
                7.447576956448427
              ],
              [
                100.0697146404328,
                7.450015180196219
              ],
              [
                100.0682582322484,
                7.458976538053546
              ],
              [
                100.07331928485792,
                7.465111024468618
              ],
              [
                100.06951554113606,
                7.466917239782402
              ],
              [
                100.07340488837055,
                7.472342870504362
              ],
              [
                100.06590540664287,
                7.48924905488732
              ],
              [
                100.07768298727912,
                7.523640669215115
              ],
              [
                100.08461190103303,
                7.532646576565872
              ],
              [
                100.10150154274649,
                7.537015952850907
              ],
              [
                100.10518281089999,
                7.545102436407326
              ],
              [
                100.11621935643988,
                7.503210736658374
              ]
            ]
          ]
        ]
      }
    },
    {
      "type": "Feature",
      "properties": {
        "tam_code": "930305",
        "tam_th": "จองถนน",
        "tam_en": "Chong Tha Non",
        "amp_code": "9303",
        "amp_th": "เขาชัยสน",
        "amp_en": "Khao Chaison",
        "pro_code": "93",
        "pro_th": "พัทลุง",
        "pro_en": "Phatthalung",
        "reg_nesdb": "South",
        "reg_royin": "South",
        "perimeter": 20.84421898947,
        "area_sqkm": 16.4305999252
      },
      "geometry": {
        "type": "MultiPolygon",
        "coordinates": [
          [
            [
              [
                100.19209241101196,
                7.508348639444768
              ],
              [
                100.20272248761538,
                7.499567438907146
              ],
              [
                100.20321035034516,
                7.491598992900291
              ],
              [
                100.21445373282025,
                7.488347382699811
              ],
              [
                100.22484678853783,
                7.499887931474139
              ],
              [
                100.22427635426651,
                7.474877661628122
              ],
              [
                100.19580321535474,
                7.475478015605786
              ],
              [
                100.18909626157118,
                7.479112589821916
              ],
              [
                100.17513358269166,
                7.474673230002951
              ],
              [
                100.17015096010537,
                7.468734941217568
              ],
              [
                100.16714458198722,
                7.492721422332824
              ],
              [
                100.18366744715087,
                7.509389425392541
              ],
              [
                100.19209241101196,
                7.508348639444768
              ]
            ]
          ]
        ]
      }
    },
    {
      "type": "Feature",
      "properties": {
        "tam_code": "930306",
        "tam_th": "หานโพธิ์",
        "tam_en": "Han Pho",
        "amp_code": "9303",
        "amp_th": "เขาชัยสน",
        "amp_en": "Khao Chaison",
        "pro_code": "93",
        "pro_th": "พัทลุง",
        "pro_en": "Phatthalung",
        "reg_nesdb": "South",
        "reg_royin": "South",
        "perimeter": 60.74073067123,
        "area_sqkm": 137.36074062112
      },
      "geometry": {
        "type": "MultiPolygon",
        "coordinates": [
          [
            [
              [
                100.16857639150922,
                7.572485111048835
              ],
              [
                100.23333146523832,
                7.574965129727949
              ],
              [
                100.23716892332939,
                7.538818577374708
              ],
              [
                100.25717664167333,
                7.500766663400018
              ],
              [
                100.27323222413366,
                7.499375234684268
              ],
              [
                100.27627071734504,
                7.478153393057942
              ],
              [
                100.22427635426651,
                7.474877661628122
              ],
              [
                100.22484678853783,
                7.499887931474139
              ],
              [
                100.21445373282025,
                7.488347382699811
              ],
              [
                100.20321035034516,
                7.491598992900291
              ],
              [
                100.20272248761538,
                7.499567438907146
              ],
              [
                100.19209241101196,
                7.508348639444768
              ],
              [
                100.18366744715087,
                7.509389425392541
              ],
              [
                100.16714458198722,
                7.492721422332824
              ],
              [
                100.14137765348809,
                7.481196130888604
              ],
              [
                100.13497941615353,
                7.46514067241623
              ],
              [
                100.11621935643988,
                7.503210736658374
              ],
              [
                100.10518281089999,
                7.545102436407326
              ],
              [
                100.11459180379146,
                7.559186356841132
              ],
              [
                100.16004486408583,
                7.571847687326157
              ],
              [
                100.15961361592622,
                7.576599883002811
              ],
              [
                100.16857639150922,
                7.572485111048835
              ]
            ]
          ]
        ]
      }
    },
    {
      "type": "Feature",
      "properties": {
        "tam_code": "930307",
        "tam_th": "โคกม่วง",
        "tam_en": "Khok Muang",
        "amp_code": "9303",
        "amp_th": "เขาชัยสน",
        "amp_en": "Khao Chaison",
        "pro_code": "93",
        "pro_th": "พัทลุง",
        "pro_en": "Phatthalung",
        "reg_nesdb": "South",
        "reg_royin": "South",
        "perimeter": 47.91588601824,
        "area_sqkm": 72.90022529887
      },
      "geometry": {
        "type": "MultiPolygon",
        "coordinates": [
          [
            [
              [
                100.06590540664287,
                7.48924905488732
              ],
              [
                100.07340488837055,
                7.472342870504362
              ],
              [
                100.06951554113606,
                7.466917239782402
              ],
              [
                100.07331928485792,
                7.465111024468618
              ],
              [
                100.0682582322484,
                7.458976538053546
              ],
              [
                100.0697146404328,
                7.450015180196219
              ],
              [
                100.06260034364202,
                7.441290383191456
              ],
              [
                100.06273028371193,
                7.431268364942498
              ],
              [
                100.05392141395556,
                7.426536546399512
              ],
              [
                100.05197626336182,
                7.420381930845809
              ],
              [
                100.08442857054052,
                7.397826035891291
              ],
              [
                100.08889121577751,
                7.36608437232077
              ],
              [
                100.07110445956292,
                7.366297990138127
              ],
              [
                100.05205015032355,
                7.369299561289828
              ],
              [
                100.03663537706973,
                7.35699946341513
              ],
              [
                100.0182244511822,
                7.35735652297855
              ],
              [
                100.0125693731001,
                7.371234581704929
              ],
              [
                100.02022942495593,
                7.383586655914834
              ],
              [
                100.01284788186048,
                7.389374416310848
              ],
              [
                100.01219222328356,
                7.402583711393024
              ],
              [
                100.00536815147707,
                7.411156409728527
              ],
              [
                100.00262627091267,
                7.427216060630129
              ],
              [
                100.01999382048588,
                7.427672828898956
              ],
              [
                100.03804753757086,
                7.437718353136156
              ],
              [
                100.04449187242075,
                7.454788092746295
              ],
              [
                100.04448002525183,
                7.462214133041244
              ],
              [
                100.03323148023556,
                7.473930480531776
              ],
              [
                100.03231291134024,
                7.483125716769722
              ],
              [
                100.06590540664287,
                7.48924905488732
              ]
            ]
          ]
        ]
      }
    },
    {
      "type": "Feature",
      "properties": {
        "tam_code": "930401",
        "tam_th": "แม่ขรี",
        "tam_en": "Mae Khri",
        "amp_code": "9304",
        "amp_th": "ตะโหมด",
        "amp_en": "Tamot",
        "pro_code": "93",
        "pro_th": "พัทลุง",
        "pro_en": "Phatthalung",
        "reg_nesdb": "South",
        "reg_royin": "South",
        "perimeter": 31.43420431468,
        "area_sqkm": 40.71596942018
      },
      "geometry": {
        "type": "MultiPolygon",
        "coordinates": [
          [
            [
              [
                100.08889121577751,
                7.36608437232077
              ],
              [
                100.10518280976787,
                7.360745084376798
              ],
              [
                100.11434581180421,
                7.35758573571393
              ],
              [
                100.13336289435851,
                7.36028296007037
              ],
              [
                100.13633095464992,
                7.354280857235782
              ],
              [
                100.12051501002266,
                7.32199774295588
              ],
              [
                100.11700863797358,
                7.313967254768508
              ],
              [
                100.12293914882856,
                7.297225791487938
              ],
              [
                100.11291851333877,
                7.29439994580881
              ],
              [
                100.10907938954124,
                7.319108144974639
              ],
              [
                100.08067592241666,
                7.302214494751913
              ],
              [
                100.07957037730957,
                7.311704101276143
              ],
              [
                100.06723579552008,
                7.317273711058246
              ],
              [
                100.05750717206121,
                7.334222693995431
              ],
              [
                100.05819100749841,
                7.34495679047871
              ],
              [
                100.07279389349105,
                7.35396875428972
              ],
              [
                100.07110445956292,
                7.366297990138127
              ],
              [
                100.08889121577751,
                7.36608437232077
              ]
            ]
          ]
        ]
      }
    },
    {
      "type": "Feature",
      "properties": {
        "tam_code": "930402",
        "tam_th": "ตะโหมด",
        "tam_en": "Tanot",
        "amp_code": "9304",
        "amp_th": "ตะโหมด",
        "amp_en": "Tamot",
        "pro_code": "93",
        "pro_th": "พัทลุง",
        "pro_en": "Phatthalung",
        "reg_nesdb": "South",
        "reg_royin": "South",
        "perimeter": 62.13820595943,
        "area_sqkm": 173.42369154772
      },
      "geometry": {
        "type": "MultiPolygon",
        "coordinates": [
          [
            [
              [
                100.07110445956292,
                7.366297990138127
              ],
              [
                100.07279389349105,
                7.35396875428972
              ],
              [
                100.05819100749841,
                7.34495679047871
              ],
              [
                100.05750717206121,
                7.334222693995431
              ],
              [
                100.06723579552008,
                7.317273711058246
              ],
              [
                100.07957037730957,
                7.311704101276143
              ],
              [
                100.08067592241666,
                7.302214494751913
              ],
              [
                100.06541108598073,
                7.285227512789377
              ],
              [
                100.05195470165644,
                7.277118991205046
              ],
              [
                100.04927785762757,
                7.263347102871926
              ],
              [
                100.0406331399677,
                7.247396138706621
              ],
              [
                100.03023601362199,
                7.239690698254274
              ],
              [
                100.01820292200037,
                7.209286779897271
              ],
              [
                100.00828609485954,
                7.213437045090553
              ],
              [
                99.99958766483199,
                7.208765955953506
              ],
              [
                99.98159471935377,
                7.214429017401584
              ],
              [
                99.97044437737911,
                7.208163382181591
              ],
              [
                99.96863573360034,
                7.199296062519233
              ],
              [
                99.95928444101567,
                7.198004829092177
              ],
              [
                99.94857164634155,
                7.203689159183434
              ],
              [
                99.94788999980612,
                7.215878372207976
              ],
              [
                99.93266171967161,
                7.243087585887951
              ],
              [
                99.94623292954037,
                7.265478653033765
              ],
              [
                99.93791045035915,
                7.306883555597361
              ],
              [
                99.94732649804116,
                7.310685279134122
              ],
              [
                99.95152414804896,
                7.306690555495757
              ],
              [
                99.96163021426727,
                7.306947258689884
              ],
              [
                99.97265006799422,
                7.318985242064471
              ],
              [
                99.98653612515433,
                7.315870839686556
              ],
              [
                99.99729012600268,
                7.335027893277112
              ],
              [
                100.01063738937007,
                7.341957291561867
              ],
              [
                100.0182244511822,
                7.35735652297855
              ],
              [
                100.03663537706973,
                7.35699946341513
              ],
              [
                100.05205015032355,
                7.369299561289828
              ],
              [
                100.07110445956292,
                7.366297990138127
              ]
            ]
          ]
        ]
      }
    },
    {
      "type": "Feature",
      "properties": {
        "tam_code": "930403",
        "tam_th": "คลองใหญ่",
        "tam_en": "Khlong Yai",
        "amp_code": "9304",
        "amp_th": "ตะโหมด",
        "amp_en": "Tamot",
        "pro_code": "93",
        "pro_th": "พัทลุง",
        "pro_en": "Phatthalung",
        "reg_nesdb": "South",
        "reg_royin": "South",
        "perimeter": 40.4133457421,
        "area_sqkm": 62.20828222079
      },
      "geometry": {
        "type": "MultiPolygon",
        "coordinates": [
          [
            [
              [
                100.11291851333877,
                7.29439994580881
              ],
              [
                100.12293914882856,
                7.297225791487938
              ],
              [
                100.12858921785265,
                7.283709266495746
              ],
              [
                100.12836745636447,
                7.2703989878956
              ],
              [
                100.09535048096159,
                7.266159579677487
              ],
              [
                100.0912509580078,
                7.246232906752457
              ],
              [
                100.08402606232333,
                7.241189291327047
              ],
              [
                100.0836238784328,
                7.236090355035892
              ],
              [
                100.05182859534744,
                7.217856048534361
              ],
              [
                100.04678538894176,
                7.199946552209874
              ],
              [
                100.01820292200037,
                7.209286779897271
              ],
              [
                100.03023601362199,
                7.239690698254274
              ],
              [
                100.0406331399677,
                7.247396138706621
              ],
              [
                100.04927785762757,
                7.263347102871926
              ],
              [
                100.05195470165644,
                7.277118991205046
              ],
              [
                100.06541108598073,
                7.285227512789377
              ],
              [
                100.08067592241666,
                7.302214494751913
              ],
              [
                100.10907938954124,
                7.319108144974639
              ],
              [
                100.11291851333877,
                7.29439994580881
              ]
            ]
          ]
        ]
      }
    },
    {
      "type": "Feature",
      "properties": {
        "tam_code": "930501",
        "tam_th": "ควนขนุน",
        "tam_en": "Khuan Kha Nun",
        "amp_code": "9305",
        "amp_th": "ควนขนุน",
        "amp_en": "Khuan Khanun",
        "pro_code": "93",
        "pro_th": "พัทลุง",
        "pro_en": "Phatthalung",
        "reg_nesdb": "South",
        "reg_royin": "South",
        "perimeter": 22.90062108608,
        "area_sqkm": 25.21113044858
      },
      "geometry": {
        "type": "MultiPolygon",
        "coordinates": [
          [
            [
              [
                100.02711957419112,
                7.768935541796409
              ],
              [
                100.04414653720488,
                7.767995844936832
              ],
              [
                100.04303728202945,
                7.761050871079792
              ],
              [
                100.03243448417989,
                7.759129380522794
              ],
              [
                100.02969458932714,
                7.751095058703138
              ],
              [
                100.02222570823064,
                7.747371517825107
              ],
              [
                100.02936874265448,
                7.733586042722265
              ],
              [
                100.01832892167492,
                7.727777778350183
              ],
              [
                99.99069796845305,
                7.729188667625303
              ],
              [
                99.9903505913187,
                7.735030478108793
              ],
              [
                99.98952462240386,
                7.786071186573262
              ],
              [
                99.99988277227995,
                7.784941782665665
              ],
              [
                100.02525820093214,
                7.77331522460308
              ],
              [
                100.02711957419112,
                7.768935541796409
              ]
            ]
          ]
        ]
      }
    },
    {
      "type": "Feature",
      "properties": {
        "tam_code": "930502",
        "tam_th": "ทะเลน้อย",
        "tam_en": "Thale Noi",
        "amp_code": "9305",
        "amp_th": "ควนขนุน",
        "amp_en": "Khuan Khanun",
        "pro_code": "93",
        "pro_th": "พัทลุง",
        "pro_en": "Phatthalung",
        "reg_nesdb": "South",
        "reg_royin": "South",
        "perimeter": 56.26681428587,
        "area_sqkm": 121.81861717438
      },
      "geometry": {
        "type": "MultiPolygon",
        "coordinates": [
          [
            [
              [
                100.19537369653192,
                7.802750203390757
              ],
              [
                100.21763953350344,
                7.784235252058147
              ],
              [
                100.21683961107577,
                7.728135200135646
              ],
              [
                100.20199336538599,
                7.776834009800806
              ],
              [
                100.1014671654139,
                7.782714031502888
              ],
              [
                100.09849940753013,
                7.798302455322865
              ],
              [
                100.09088154754564,
                7.806940629672918
              ],
              [
                100.09713731618783,
                7.810652315517656
              ],
              [
                100.0885078684679,
                7.832555171066664
              ],
              [
                100.07979587696286,
                7.855059030783626
              ],
              [
                100.10733634099385,
                7.878820161482527
              ],
              [
                100.13138579857416,
                7.876654923498495
              ],
              [
                100.14094132179446,
                7.868214777004055
              ],
              [
                100.17345707272746,
                7.881209886605142
              ],
              [
                100.17756697990878,
                7.876401740060028
              ],
              [
                100.19537369653192,
                7.802750203390757
              ]
            ]
          ]
        ]
      }
    },
    {
      "type": "Feature",
      "properties": {
        "tam_code": "930504",
        "tam_th": "นาขยาด",
        "tam_en": "Nakhayat",
        "amp_code": "9305",
        "amp_th": "ควนขนุน",
        "amp_en": "Khuan Khanun",
        "pro_code": "93",
        "pro_th": "พัทลุง",
        "pro_en": "Phatthalung",
        "reg_nesdb": "South",
        "reg_royin": "South",
        "perimeter": 25.51595751704,
        "area_sqkm": 40.7546929497
      },
      "geometry": {
        "type": "MultiPolygon",
        "coordinates": [
          [
            [
              [
                99.9269846170329,
                7.715447094645921
              ],
              [
                99.95351454646146,
                7.714647149874803
              ],
              [
                99.97277005545368,
                7.707113285991637
              ],
              [
                99.97537313068888,
                7.695597133253485
              ],
              [
                99.98880785814633,
                7.693975119114444
              ],
              [
                99.990018002543,
                7.669880171956362
              ],
              [
                99.97583791754737,
                7.661862389751536
              ],
              [
                99.96807677654427,
                7.664324744472488
              ],
              [
                99.94502898432789,
                7.658591360375799
              ],
              [
                99.93318001783175,
                7.66236277452878
              ],
              [
                99.92516337489648,
                7.673929483042954
              ],
              [
                99.90577095619287,
                7.68756375396547
              ],
              [
                99.90958036386633,
                7.697801595929577
              ],
              [
                99.92004364645271,
                7.705734022803806
              ],
              [
                99.9269846170329,
                7.715447094645921
              ]
            ]
          ]
        ]
      }
    },
    {
      "type": "Feature",
      "properties": {
        "tam_code": "930505",
        "tam_th": "พนมวังก์",
        "tam_en": "Phanom Wang",
        "amp_code": "9305",
        "amp_th": "ควนขนุน",
        "amp_en": "Khuan Khanun",
        "pro_code": "93",
        "pro_th": "พัทลุง",
        "pro_en": "Phatthalung",
        "reg_nesdb": "South",
        "reg_royin": "South",
        "perimeter": 23.27736873147,
        "area_sqkm": 29.73654549047
      },
      "geometry": {
        "type": "MultiPolygon",
        "coordinates": [
          [
            [
              [
                100.05406807448769,
                7.688464990928631
              ],
              [
                100.05787094793355,
                7.678439115150633
              ],
              [
                100.04948232211864,
                7.654982379993316
              ],
              [
                100.04418099917253,
                7.646744006233622
              ],
              [
                100.0191421378519,
                7.669409718821902
              ],
              [
                99.990018002543,
                7.669880171956362
              ],
              [
                99.98880785814633,
                7.693975119114444
              ],
              [
                100.01581409759358,
                7.701495177897906
              ],
              [
                100.05144082023487,
                7.70284109440701
              ],
              [
                100.05406807448769,
                7.688464990928631
              ]
            ]
          ]
        ]
      }
    },
    {
      "type": "Feature",
      "properties": {
        "tam_code": "930506",
        "tam_th": "แหลมโตนด",
        "tam_en": "Laem Tanot",
        "amp_code": "9305",
        "amp_th": "ควนขนุน",
        "amp_en": "Khuan Khanun",
        "pro_code": "93",
        "pro_th": "พัทลุง",
        "pro_en": "Phatthalung",
        "reg_nesdb": "South",
        "reg_royin": "South",
        "perimeter": 36.28401434006,
        "area_sqkm": 42.51383091733
      },
      "geometry": {
        "type": "MultiPolygon",
        "coordinates": [
          [
            [
              [
                99.99492319558685,
                7.856150242217264
              ],
              [
                100.03448822239373,
                7.846715989645182
              ],
              [
                100.04718202548267,
                7.837020843023608
              ],
              [
                100.07104969616502,
                7.842421273577823
              ],
              [
                100.07979587696286,
                7.855059030783626
              ],
              [
                100.0885078684679,
                7.832555171066664
              ],
              [
                100.07594476330341,
                7.811826555278473
              ],
              [
                100.04043541358861,
                7.805669810667788
              ],
              [
                100.03704224774341,
                7.799574386758847
              ],
              [
                100.0286870269013,
                7.806734110236706
              ],
              [
                100.0265659926087,
                7.816003451223374
              ],
              [
                100.01246430580132,
                7.817754769452698
              ],
              [
                99.98740163049031,
                7.828896873841614
              ],
              [
                99.98990266533241,
                7.845746357205088
              ],
              [
                99.98623432020683,
                7.847366000001256
              ],
              [
                99.97256081157121,
                7.860512799076345
              ],
              [
                99.97528203800375,
                7.872957821615448
              ],
              [
                99.99492319558685,
                7.856150242217264
              ]
            ]
          ]
        ]
      }
    },
    {
      "type": "Feature",
      "properties": {
        "tam_code": "930508",
        "tam_th": "ปันแต",
        "tam_en": "Pantae",
        "amp_code": "9305",
        "amp_th": "ควนขนุน",
        "amp_en": "Khuan Khanun",
        "pro_code": "93",
        "pro_th": "พัทลุง",
        "pro_en": "Phatthalung",
        "reg_nesdb": "South",
        "reg_royin": "South",
        "perimeter": 35.24378732147,
        "area_sqkm": 43.74074068915
      },
      "geometry": {
        "type": "MultiPolygon",
        "coordinates": [
          [
            [
              [
                100.0265659926087,
                7.816003451223374
              ],
              [
                100.0286870269013,
                7.806734110236706
              ],
              [
                100.03704224774341,
                7.799574386758847
              ],
              [
                100.04043541358861,
                7.805669810667788
              ],
              [
                100.07594476330341,
                7.811826555278473
              ],
              [
                100.07493561176996,
                7.798864311281547
              ],
              [
                100.06752392608438,
                7.788206958717301
              ],
              [
                100.06866889795332,
                7.761802935073313
              ],
              [
                100.04303728202945,
                7.761050871079792
              ],
              [
                100.04414653720488,
                7.767995844936832
              ],
              [
                100.02711957419112,
                7.768935541796409
              ],
              [
                100.02525820093214,
                7.77331522460308
              ],
              [
                99.99988277227995,
                7.784941782665665
              ],
              [
                99.98952462240386,
                7.786071186573262
              ],
              [
                99.98081988013132,
                7.784105022016
              ],
              [
                99.9753589407862,
                7.799062991014916
              ],
              [
                99.97712758584365,
                7.80379480646585
              ],
              [
                99.97968514264429,
                7.800916722329962
              ],
              [
                99.99198124244545,
                7.809250196591997
              ],
              [
                99.98740163049031,
                7.828896873841614
              ],
              [
                100.01246430580132,
                7.817754769452698
              ],
              [
                100.0265659926087,
                7.816003451223374
              ]
            ]
          ]
        ]
      }
    },
    {
      "type": "Feature",
      "properties": {
        "tam_code": "930509",
        "tam_th": "โตนดด้วน",
        "tam_en": "Tanot Duan",
        "amp_code": "9305",
        "amp_th": "ควนขนุน",
        "amp_en": "Khuan Khanun",
        "pro_code": "93",
        "pro_th": "พัทลุง",
        "pro_en": "Phatthalung",
        "reg_nesdb": "South",
        "reg_royin": "South",
        "perimeter": 20.46691405578,
        "area_sqkm": 21.71602377399
      },
      "geometry": {
        "type": "MultiPolygon",
        "coordinates": [
          [
            [
              [
                100.05010604176324,
                7.716292074928449
              ],
              [
                100.05144082023487,
                7.70284109440701
              ],
              [
                100.01581409759358,
                7.701495177897906
              ],
              [
                99.98880785814633,
                7.693975119114444
              ],
              [
                99.99069796845305,
                7.729188667625303
              ],
              [
                100.01832892167492,
                7.727777778350183
              ],
              [
                100.02936874265448,
                7.733586042722265
              ],
              [
                100.04133377749737,
                7.735028984946014
              ],
              [
                100.05010604176324,
                7.716292074928449
              ]
            ]
          ]
        ]
      }
    },
    {
      "type": "Feature",
      "properties": {
        "tam_code": "930510",
        "tam_th": "ดอนทราย",
        "tam_en": "Don Sai",
        "amp_code": "9305",
        "amp_th": "ควนขนุน",
        "amp_en": "Khuan Khanun",
        "pro_code": "93",
        "pro_th": "พัทลุง",
        "pro_en": "Phatthalung",
        "reg_nesdb": "South",
        "reg_royin": "South",
        "perimeter": 22.39823037458,
        "area_sqkm": 20.52232401478
      },
      "geometry": {
        "type": "MultiPolygon",
        "coordinates": [
          [
            [
              [
                99.94444893078624,
                7.733201234834004
              ],
              [
                99.9903505913187,
                7.735030478108793
              ],
              [
                99.99069796845305,
                7.729188667625303
              ],
              [
                99.98880785814633,
                7.693975119114444
              ],
              [
                99.97537313068888,
                7.695597133253485
              ],
              [
                99.97277005545368,
                7.707113285991637
              ],
              [
                99.95351454646146,
                7.714647149874803
              ],
              [
                99.9269846170329,
                7.715447094645921
              ],
              [
                99.9252081439438,
                7.734784901052928
              ],
              [
                99.94080059720201,
                7.73969762832488
              ],
              [
                99.94444893078624,
                7.733201234834004
              ]
            ]
          ]
        ]
      }
    },
    {
      "type": "Feature",
      "properties": {
        "tam_code": "930511",
        "tam_th": "มะกอกเหนือ",
        "tam_en": "Makok Nuea",
        "amp_code": "9305",
        "amp_th": "ควนขนุน",
        "amp_en": "Khuan Khanun",
        "pro_code": "93",
        "pro_th": "พัทลุง",
        "pro_en": "Phatthalung",
        "reg_nesdb": "South",
        "reg_royin": "South",
        "perimeter": 27.41782833828,
        "area_sqkm": 26.86285587371
      },
      "geometry": {
        "type": "MultiPolygon",
        "coordinates": [
          [
            [
              [
                100.08989757362141,
                7.757991236474272
              ],
              [
                100.08632122178396,
                7.741961700412511
              ],
              [
                100.08955803507106,
                7.731271169185603
              ],
              [
                100.06770092930805,
                7.731426991846955
              ],
              [
                100.06650731752786,
                7.715550013949406
              ],
              [
                100.05754281677046,
                7.708162192492437
              ],
              [
                100.05406807448769,
                7.688464990928631
              ],
              [
                100.05144082023487,
                7.70284109440701
              ],
              [
                100.05010604176324,
                7.716292074928449
              ],
              [
                100.04133377749737,
                7.735028984946014
              ],
              [
                100.02936874265448,
                7.733586042722265
              ],
              [
                100.02222570823064,
                7.747371517825107
              ],
              [
                100.02969458932714,
                7.751095058703138
              ],
              [
                100.03243448417989,
                7.759129380522794
              ],
              [
                100.04303728202945,
                7.761050871079792
              ],
              [
                100.06866889795332,
                7.761802935073313
              ],
              [
                100.08989757362141,
                7.757991236474272
              ]
            ]
          ]
        ]
      }
    },
    {
      "type": "Feature",
      "properties": {
        "tam_code": "930512",
        "tam_th": "พนางตุง",
        "tam_en": "Phanang Tung",
        "amp_code": "9305",
        "amp_th": "ควนขนุน",
        "amp_en": "Khuan Khanun",
        "pro_code": "93",
        "pro_th": "พัทลุง",
        "pro_en": "Phatthalung",
        "reg_nesdb": "South",
        "reg_royin": "South",
        "perimeter": 54.64281135008,
        "area_sqkm": 99.15928970737
      },
      "geometry": {
        "type": "MultiPolygon",
        "coordinates": [
          [
            [
              [
                100.09849940753013,
                7.798302455322865
              ],
              [
                100.1014671654139,
                7.782714031502888
              ],
              [
                100.20199336538599,
                7.776834009800806
              ],
              [
                100.21683961107577,
                7.728135200135646
              ],
              [
                100.21759663047486,
                7.720796291688273
              ],
              [
                100.21870484305097,
                7.711905447220915
              ],
              [
                100.14414918494388,
                7.727750101158043
              ],
              [
                100.13456211726192,
                7.73824935745716
              ],
              [
                100.12783135591812,
                7.733464571873643
              ],
              [
                100.1088499880956,
                7.730410370450786
              ],
              [
                100.10191228688383,
                7.723090153071999
              ],
              [
                100.08955803507106,
                7.731271169185603
              ],
              [
                100.08632122178396,
                7.741961700412511
              ],
              [
                100.08989757362141,
                7.757991236474272
              ],
              [
                100.06866889795332,
                7.761802935073313
              ],
              [
                100.06752392608438,
                7.788206958717301
              ],
              [
                100.07493561176996,
                7.798864311281547
              ],
              [
                100.07594476330341,
                7.811826555278473
              ],
              [
                100.0885078684679,
                7.832555171066664
              ],
              [
                100.09713731618783,
                7.810652315517656
              ],
              [
                100.09088154754564,
                7.806940629672918
              ],
              [
                100.09849940753013,
                7.798302455322865
              ]
            ]
          ]
        ]
      }
    },
    {
      "type": "Feature",
      "properties": {
        "tam_code": "930513",
        "tam_th": "ชะมวง",
        "tam_en": "Chamuang",
        "amp_code": "9305",
        "amp_th": "ควนขนุน",
        "amp_en": "Khuan Khanun",
        "pro_code": "93",
        "pro_th": "พัทลุง",
        "pro_en": "Phatthalung",
        "reg_nesdb": "South",
        "reg_royin": "South",
        "perimeter": 30.51178002198,
        "area_sqkm": 47.92563494891
      },
      "geometry": {
        "type": "MultiPolygon",
        "coordinates": [
          [
            [
              [
                99.96244411711605,
                7.797514847239173
              ],
              [
                99.9753589407862,
                7.799062991014916
              ],
              [
                99.98081988013132,
                7.784105022016
              ],
              [
                99.98952462240386,
                7.786071186573262
              ],
              [
                99.9903505913187,
                7.735030478108793
              ],
              [
                99.94444893078624,
                7.733201234834004
              ],
              [
                99.94080059720201,
                7.73969762832488
              ],
              [
                99.9252081439438,
                7.734784901052928
              ],
              [
                99.91748934549305,
                7.76961425372185
              ],
              [
                99.92618209279837,
                7.770448981359459
              ],
              [
                99.92216060115892,
                7.775282448369786
              ],
              [
                99.9378861659443,
                7.783297658285942
              ],
              [
                99.9304329821699,
                7.791315677241387
              ],
              [
                99.93317153207273,
                7.796328252443917
              ],
              [
                99.9438724930363,
                7.796163787635603
              ],
              [
                99.95357219942694,
                7.802653535853755
              ],
              [
                99.96244411711605,
                7.797514847239173
              ]
            ]
          ]
        ]
      }
    },
    {
      "type": "Feature",
      "properties": {
        "tam_code": "930516",
        "tam_th": "แพรกหา",
        "tam_en": "Phraek Ha",
        "amp_code": "9305",
        "amp_th": "ควนขนุน",
        "amp_en": "Khuan Khanun",
        "pro_code": "93",
        "pro_th": "พัทลุง",
        "pro_en": "Phatthalung",
        "reg_nesdb": "South",
        "reg_royin": "South",
        "perimeter": 18.78098319515,
        "area_sqkm": 19.61177216641
      },
      "geometry": {
        "type": "MultiPolygon",
        "coordinates": [
          [
            [
              [
                100.0191421378519,
                7.669409718821902
              ],
              [
                100.04418099917253,
                7.646744006233622
              ],
              [
                100.04303901480812,
                7.644751363980824
              ],
              [
                100.02583671933621,
                7.644251611192158
              ],
              [
                100.0216723352618,
                7.639671437217764
              ],
              [
                100.01233403483019,
                7.640964341073724
              ],
              [
                99.99568723477107,
                7.635547725808221
              ],
              [
                99.98705891981525,
                7.638748487016351
              ],
              [
                99.97805581133598,
                7.642769519395727
              ],
              [
                99.97583791754737,
                7.661862389751536
              ],
              [
                99.990018002543,
                7.669880171956362
              ],
              [
                100.0191421378519,
                7.669409718821902
              ]
            ]
          ]
        ]
      }
    },
    {
      "type": "Feature",
      "properties": {
        "tam_code": "930601",
        "tam_th": "ปากพะยูน",
        "tam_en": "Pak Pha Yun",
        "amp_code": "9306",
        "amp_th": "ปากพะยูน",
        "amp_en": "Pak Phayun",
        "pro_code": "93",
        "pro_th": "พัทลุง",
        "pro_en": "Phatthalung",
        "reg_nesdb": "South",
        "reg_royin": "South",
        "perimeter": 26.60417813444,
        "area_sqkm": 35.10997603658
      },
      "geometry": {
        "type": "MultiPolygon",
        "coordinates": [
          [
            [
              [
                100.3781856934561,
                7.313447989808841
              ],
              [
                100.36986886784294,
                7.305903446936772
              ],
              [
                100.3668202057661,
                7.311395823564607
              ],
              [
                100.35805914283355,
                7.308895215849175
              ],
              [
                100.35229240164038,
                7.313802790998889
              ],
              [
                100.33135254438551,
                7.315604866991234
              ],
              [
                100.31921976322926,
                7.298437953074511
              ],
              [
                100.29539468700219,
                7.32298301213681
              ],
              [
                100.30345424035272,
                7.33221930004635
              ],
              [
                100.31133235770521,
                7.360358152146972
              ],
              [
                100.34957772338039,
                7.350207476450151
              ],
              [
                100.36388646339238,
                7.343896560068088
              ],
              [
                100.3781856934561,
                7.313447989808841
              ]
            ]
          ]
        ]
      }
    },
    {
      "type": "Feature",
      "properties": {
        "tam_code": "930602",
        "tam_th": "ดอนประดู่",
        "tam_en": "Don Pradu",
        "amp_code": "9306",
        "amp_th": "ปากพะยูน",
        "amp_en": "Pak Phayun",
        "pro_code": "93",
        "pro_th": "พัทลุง",
        "pro_en": "Phatthalung",
        "reg_nesdb": "South",
        "reg_royin": "South",
        "perimeter": 33.00861549469,
        "area_sqkm": 42.06078094058
      },
      "geometry": {
        "type": "MultiPolygon",
        "coordinates": [
          [
            [
              [
                100.35229240164038,
                7.313802790998889
              ],
              [
                100.35805914283355,
                7.308895215849175
              ],
              [
                100.3668202057661,
                7.311395823564607
              ],
              [
                100.36986886784294,
                7.305903446936772
              ],
              [
                100.35781762828987,
                7.300521713153114
              ],
              [
                100.36087521029206,
                7.281265246728339
              ],
              [
                100.34768435748704,
                7.278039434947261
              ],
              [
                100.34125633125977,
                7.27063774257473
              ],
              [
                100.33953959898395,
                7.259387584780296
              ],
              [
                100.32946137715435,
                7.25824153657964
              ],
              [
                100.32478523819407,
                7.252779310779542
              ],
              [
                100.30380073865645,
                7.254935290582607
              ],
              [
                100.25961541269776,
                7.249376451922419
              ],
              [
                100.26528868077357,
                7.264527700347341
              ],
              [
                100.27205499029337,
                7.265419944636322
              ],
              [
                100.29142759065918,
                7.284025185934875
              ],
              [
                100.31949153733645,
                7.295170164436112
              ],
              [
                100.31921976322926,
                7.298437953074511
              ],
              [
                100.33135254438551,
                7.315604866991234
              ],
              [
                100.35229240164038,
                7.313802790998889
              ]
            ]
          ]
        ]
      }
    },
    {
      "type": "Feature",
      "properties": {
        "tam_code": "930603",
        "tam_th": "เกาะนางคำ",
        "tam_en": "Ko Nangkham",
        "amp_code": "9306",
        "amp_th": "ปากพะยูน",
        "amp_en": "Pak Phayun",
        "pro_code": "93",
        "pro_th": "พัทลุง",
        "pro_en": "Phatthalung",
        "reg_nesdb": "South",
        "reg_royin": "South",
        "perimeter": 41.68994964112,
        "area_sqkm": 78.8013788863
      },
      "geometry": {
        "type": "MultiPolygon",
        "coordinates": [
          [
            [
              [
                100.39827349180555,
                7.264912348014894
              ],
              [
                100.38321717711891,
                7.279174093817216
              ],
              [
                100.3781856934561,
                7.313447989808841
              ],
              [
                100.36388646339238,
                7.343896560068088
              ],
              [
                100.34957772338039,
                7.350207476450151
              ],
              [
                100.35653545926962,
                7.390903378076422
              ],
              [
                100.38270635015951,
                7.424975686816144
              ],
              [
                100.3850217860493,
                7.419036634313694
              ],
              [
                100.39901786902928,
                7.400060197523218
              ],
              [
                100.40617361989021,
                7.361562099209019
              ],
              [
                100.41080018626228,
                7.339317597172666
              ],
              [
                100.42033266149889,
                7.319720335355281
              ],
              [
                100.42774935701081,
                7.308605428742585
              ],
              [
                100.42617896921054,
                7.286944604750093
              ],
              [
                100.42525922137007,
                7.281055858184111
              ],
              [
                100.41115034731133,
                7.273363542027965
              ],
              [
                100.40899726959847,
                7.267226470945768
              ],
              [
                100.39827349180555,
                7.264912348014894
              ]
            ]
          ]
        ]
      }
    },
    {
      "type": "Feature",
      "properties": {
        "tam_code": "930604",
        "tam_th": "เกาะหมาก",
        "tam_en": "Ko Mak",
        "amp_code": "9306",
        "amp_th": "ปากพะยูน",
        "amp_en": "Pak Phayun",
        "pro_code": "93",
        "pro_th": "พัทลุง",
        "pro_en": "Phatthalung",
        "reg_nesdb": "South",
        "reg_royin": "South",
        "perimeter": 52.82402011705,
        "area_sqkm": 162.46104297272
      },
      "geometry": {
        "type": "MultiPolygon",
        "coordinates": [
          [
            [
              [
                100.38518261380896,
                7.496680079155928
              ],
              [
                100.38270635015951,
                7.424975686816144
              ],
              [
                100.35653545926962,
                7.390903378076422
              ],
              [
                100.34957772338039,
                7.350207476450151
              ],
              [
                100.31133235770521,
                7.360358152146972
              ],
              [
                100.31102555566382,
                7.377329341371576
              ],
              [
                100.29749414802266,
                7.396931317723544
              ],
              [
                100.28167030063537,
                7.437349160438928
              ],
              [
                100.27627071734504,
                7.478153393057942
              ],
              [
                100.27323222413366,
                7.499375234684268
              ],
              [
                100.29938494417212,
                7.498723367037832
              ],
              [
                100.35527606121047,
                7.527797621418957
              ],
              [
                100.35527662757305,
                7.527797619667154
              ],
              [
                100.3852256923383,
                7.506183851899062
              ],
              [
                100.38518261380896,
                7.496680079155928
              ]
            ]
          ]
        ]
      }
    },
    {
      "type": "Feature",
      "properties": {
        "tam_code": "930605",
        "tam_th": "ฝาละมี",
        "tam_en": "Fa La Mi",
        "amp_code": "9306",
        "amp_th": "ปากพะยูน",
        "amp_en": "Pak Phayun",
        "pro_code": "93",
        "pro_th": "พัทลุง",
        "pro_en": "Phatthalung",
        "reg_nesdb": "South",
        "reg_royin": "South",
        "perimeter": 42.76449497026,
        "area_sqkm": 108.08183714379
      },
      "geometry": {
        "type": "MultiPolygon",
        "coordinates": [
          [
            [
              [
                100.29749414802266,
                7.396931317723544
              ],
              [
                100.31102555566382,
                7.377329341371576
              ],
              [
                100.31133235770521,
                7.360358152146972
              ],
              [
                100.30345424035272,
                7.33221930004635
              ],
              [
                100.29539468700219,
                7.32298301213681
              ],
              [
                100.28055319639333,
                7.312474843139092
              ],
              [
                100.256701529215,
                7.30880573115205
              ],
              [
                100.22243441351527,
                7.35551272560213
              ],
              [
                100.21207501619702,
                7.361988040746738
              ],
              [
                100.19732763156912,
                7.381466582007127
              ],
              [
                100.1893492665162,
                7.392354808646417
              ],
              [
                100.19243922932432,
                7.392998291895223
              ],
              [
                100.21871015363638,
                7.401071320871184
              ],
              [
                100.22437056938644,
                7.415336069614827
              ],
              [
                100.25373868932138,
                7.415329437000561
              ],
              [
                100.28167030063537,
                7.437349160438928
              ],
              [
                100.29749414802266,
                7.396931317723544
              ]
            ]
          ]
        ]
      }
    },
    {
      "type": "Feature",
      "properties": {
        "tam_code": "930606",
        "tam_th": "หารเทา",
        "tam_en": "Han Thao",
        "amp_code": "9306",
        "amp_th": "ปากพะยูน",
        "amp_en": "Pak Phayun",
        "pro_code": "93",
        "pro_th": "พัทลุง",
        "pro_en": "Phatthalung",
        "reg_nesdb": "South",
        "reg_royin": "South",
        "perimeter": 32.15393303412,
        "area_sqkm": 44.59971832779
      },
      "geometry": {
        "type": "MultiPolygon",
        "coordinates": [
          [
            [
              [
                100.31921976322926,
                7.298437953074511
              ],
              [
                100.31949153733645,
                7.295170164436112
              ],
              [
                100.29142759065918,
                7.284025185934875
              ],
              [
                100.27205499029337,
                7.265419944636322
              ],
              [
                100.26528868077357,
                7.264527700347341
              ],
              [
                100.25961541269776,
                7.249376451922419
              ],
              [
                100.26028356949163,
                7.242939364672982
              ],
              [
                100.25664389489081,
                7.236973721724506
              ],
              [
                100.23531064036567,
                7.254951984014124
              ],
              [
                100.23478545972678,
                7.261223089094027
              ],
              [
                100.21372237550668,
                7.268837240720726
              ],
              [
                100.21554634719011,
                7.273290457765239
              ],
              [
                100.22689353098296,
                7.276899495140039
              ],
              [
                100.23119437682669,
                7.286364133262858
              ],
              [
                100.256701529215,
                7.30880573115205
              ],
              [
                100.28055319639333,
                7.312474843139092
              ],
              [
                100.29539468700219,
                7.32298301213681
              ],
              [
                100.31921976322926,
                7.298437953074511
              ]
            ]
          ]
        ]
      }
    },
    {
      "type": "Feature",
      "properties": {
        "tam_code": "930607",
        "tam_th": "ดอนทราย",
        "tam_en": "Don Sai",
        "amp_code": "9306",
        "amp_th": "ปากพะยูน",
        "amp_en": "Pak Phayun",
        "pro_code": "93",
        "pro_th": "พัทลุง",
        "pro_en": "Phatthalung",
        "reg_nesdb": "South",
        "reg_royin": "South",
        "perimeter": 21.55694271831,
        "area_sqkm": 12.57285143566
      },
      "geometry": {
        "type": "MultiPolygon",
        "coordinates": [
          [
            [
              [
                100.33953959898395,
                7.259387584780296
              ],
              [
                100.34159022486052,
                7.252085670244157
              ],
              [
                100.33426421703328,
                7.240750227045353
              ],
              [
                100.31670725120446,
                7.231840812580491
              ],
              [
                100.30561719496619,
                7.246696395417832
              ],
              [
                100.28404487361374,
                7.240341836889971
              ],
              [
                100.26028356949163,
                7.242939364672982
              ],
              [
                100.25961541269776,
                7.249376451922419
              ],
              [
                100.30380073865645,
                7.254935290582607
              ],
              [
                100.32478523819407,
                7.252779310779542
              ],
              [
                100.32946137715435,
                7.25824153657964
              ],
              [
                100.33953959898395,
                7.259387584780296
              ]
            ]
          ]
        ]
      }
    },
    {
      "type": "Feature",
      "properties": {
        "tam_code": "930701",
        "tam_th": "เขาย่า",
        "tam_en": "Khao Ya",
        "amp_code": "9307",
        "amp_th": "ศรีบรรพต",
        "amp_en": "Si Banphot",
        "pro_code": "93",
        "pro_th": "พัทลุง",
        "pro_en": "Phatthalung",
        "reg_nesdb": "South",
        "reg_royin": "South",
        "perimeter": 36.84938097142,
        "area_sqkm": 52.36819698897
      },
      "geometry": {
        "type": "MultiPolygon",
        "coordinates": [
          [
            [
              [
                99.9378861659443,
                7.783297658285942
              ],
              [
                99.92216060115892,
                7.775282448369786
              ],
              [
                99.92618209279837,
                7.770448981359459
              ],
              [
                99.91748934549305,
                7.76961425372185
              ],
              [
                99.9252081439438,
                7.734784901052928
              ],
              [
                99.9269846170329,
                7.715447094645921
              ],
              [
                99.92004364645271,
                7.705734022803806
              ],
              [
                99.88949683977336,
                7.701184039557957
              ],
              [
                99.87657617127644,
                7.705517074083041
              ],
              [
                99.87133616379255,
                7.726121488028952
              ],
              [
                99.86514532147095,
                7.724755307810439
              ],
              [
                99.85308854965947,
                7.732517341787853
              ],
              [
                99.83903548536765,
                7.747857461823396
              ],
              [
                99.85130292805604,
                7.764491323527259
              ],
              [
                99.864095515624,
                7.766088487737867
              ],
              [
                99.87599167163803,
                7.759822171104459
              ],
              [
                99.90027202095106,
                7.760924122679137
              ],
              [
                99.90712146858121,
                7.775495728933419
              ],
              [
                99.92330054665881,
                7.784680118283494
              ],
              [
                99.9304329821699,
                7.791315677241387
              ],
              [
                99.9378861659443,
                7.783297658285942
              ]
            ]
          ]
        ]
      }
    },
    {
      "type": "Feature",
      "properties": {
        "tam_code": "930702",
        "tam_th": "เขาปู่",
        "tam_en": "Khao Pu",
        "amp_code": "9307",
        "amp_th": "ศรีบรรพต",
        "amp_en": "Si Banphot",
        "pro_code": "93",
        "pro_th": "พัทลุง",
        "pro_en": "Phatthalung",
        "reg_nesdb": "South",
        "reg_royin": "South",
        "perimeter": 42.3140775886,
        "area_sqkm": 88.34041337788
      },
      "geometry": {
        "type": "MultiPolygon",
        "coordinates": [
          [
            [
              [
                99.83021934562721,
                7.760182452509754
              ],
              [
                99.83903548536765,
                7.747857461823396
              ],
              [
                99.85308854965947,
                7.732517341787853
              ],
              [
                99.86514532147095,
                7.724755307810439
              ],
              [
                99.87133616379255,
                7.726121488028952
              ],
              [
                99.87657617127644,
                7.705517074083041
              ],
              [
                99.88265318095895,
                7.687867405613958
              ],
              [
                99.87771131264917,
                7.674096754773262
              ],
              [
                99.88151644170452,
                7.665309934768829
              ],
              [
                99.86540018042962,
                7.664844029435017
              ],
              [
                99.85509051169,
                7.658519134682805
              ],
              [
                99.84744619079748,
                7.664344391486567
              ],
              [
                99.83901359051254,
                7.646488313218286
              ],
              [
                99.82790721692928,
                7.645320356934584
              ],
              [
                99.82233095439115,
                7.640220094624538
              ],
              [
                99.81489521339692,
                7.641405496994
              ],
              [
                99.81047770505383,
                7.648542318653567
              ],
              [
                99.8173628576807,
                7.658385427508295
              ],
              [
                99.81795007961574,
                7.679256488566698
              ],
              [
                99.80604347753219,
                7.684208444484182
              ],
              [
                99.79705643876635,
                7.697824796918201
              ],
              [
                99.78809729308347,
                7.701074914351728
              ],
              [
                99.78873979048403,
                7.718449586067031
              ],
              [
                99.78380976208092,
                7.7343901475453
              ],
              [
                99.7880078750956,
                7.743667581824012
              ],
              [
                99.7946612436608,
                7.75827912314948
              ],
              [
                99.8019746173348,
                7.759608003912357
              ],
              [
                99.81623802638937,
                7.755434391277552
              ],
              [
                99.82364547114933,
                7.760845889834658
              ],
              [
                99.83021934562721,
                7.760182452509754
              ]
            ]
          ]
        ]
      }
    },
    {
      "type": "Feature",
      "properties": {
        "tam_code": "930703",
        "tam_th": "ตะแพน",
        "tam_en": "Tapaen",
        "amp_code": "9307",
        "amp_th": "ศรีบรรพต",
        "amp_en": "Si Banphot",
        "pro_code": "93",
        "pro_th": "พัทลุง",
        "pro_en": "Phatthalung",
        "reg_nesdb": "South",
        "reg_royin": "South",
        "perimeter": 67.25752990035,
        "area_sqkm": 98.82921133855
      },
      "geometry": {
        "type": "MultiPolygon",
        "coordinates": [
          [
            [
              [
                99.92004364645271,
                7.705734022803806
              ],
              [
                99.90958036386633,
                7.697801595929577
              ],
              [
                99.90577095619287,
                7.68756375396547
              ],
              [
                99.92516337489648,
                7.673929483042954
              ],
              [
                99.93318001783175,
                7.66236277452878
              ],
              [
                99.94502898432789,
                7.658591360375799
              ],
              [
                99.96807677654427,
                7.664324744472488
              ],
              [
                99.97583791754737,
                7.661862389751536
              ],
              [
                99.97805581133598,
                7.642769519395727
              ],
              [
                99.9678076838902,
                7.649276399202534
              ],
              [
                99.94620787837162,
                7.64562337294007
              ],
              [
                99.9395255626894,
                7.637175614172685
              ],
              [
                99.92346326540196,
                7.633552240259458
              ],
              [
                99.91045530584958,
                7.624398914721126
              ],
              [
                99.8933121821037,
                7.607446379582091
              ],
              [
                99.87881782196487,
                7.616383374082514
              ],
              [
                99.8786130903119,
                7.622403638523549
              ],
              [
                99.87226702267375,
                7.626171743943813
              ],
              [
                99.84446859068798,
                7.599704020619063
              ],
              [
                99.83515605773827,
                7.602947086971996
              ],
              [
                99.80504065089968,
                7.595317486798044
              ],
              [
                99.80070638445956,
                7.597724099475026
              ],
              [
                99.809986141146,
                7.621592819351852
              ],
              [
                99.79862143722698,
                7.628960107022244
              ],
              [
                99.79627379809628,
                7.63773802038664
              ],
              [
                99.78511003243678,
                7.644113091421201
              ],
              [
                99.80692027737517,
                7.644854140956213
              ],
              [
                99.81047770505383,
                7.648542318653567
              ],
              [
                99.81489521339692,
                7.641405496994
              ],
              [
                99.82233095439115,
                7.640220094624538
              ],
              [
                99.82790721692928,
                7.645320356934584
              ],
              [
                99.83901359051254,
                7.646488313218286
              ],
              [
                99.84744619079748,
                7.664344391486567
              ],
              [
                99.85509051169,
                7.658519134682805
              ],
              [
                99.86540018042962,
                7.664844029435017
              ],
              [
                99.88151644170452,
                7.665309934768829
              ],
              [
                99.87771131264917,
                7.674096754773262
              ],
              [
                99.88265318095895,
                7.687867405613958
              ],
              [
                99.87657617127644,
                7.705517074083041
              ],
              [
                99.88949683977336,
                7.701184039557957
              ],
              [
                99.92004364645271,
                7.705734022803806
              ]
            ]
          ]
        ]
      }
    },
    {
      "type": "Feature",
      "properties": {
        "tam_code": "930801",
        "tam_th": "ป่าบอน",
        "tam_en": "Pa Bon",
        "amp_code": "9308",
        "amp_th": "ป่าบอน",
        "amp_en": "Pa Bon",
        "pro_code": "93",
        "pro_th": "พัทลุง",
        "pro_en": "Phatthalung",
        "reg_nesdb": "South",
        "reg_royin": "South",
        "perimeter": 37.17037116302,
        "area_sqkm": 62.51535345644
      },
      "geometry": {
        "type": "MultiPolygon",
        "coordinates": [
          [
            [
              [
                100.19732763156912,
                7.381466582007127
              ],
              [
                100.21207501619702,
                7.361988040746738
              ],
              [
                100.22243441351527,
                7.35551272560213
              ],
              [
                100.21956861621274,
                7.349155317324263
              ],
              [
                100.20978201998327,
                7.343815362600616
              ],
              [
                100.21020528793741,
                7.334932508535411
              ],
              [
                100.20594512925747,
                7.333102945521278
              ],
              [
                100.2003591249789,
                7.337213681552355
              ],
              [
                100.19296135967103,
                7.331362128173984
              ],
              [
                100.1883360534808,
                7.300824241063982
              ],
              [
                100.1783329143289,
                7.295917482751182
              ],
              [
                100.16389050278498,
                7.278488476063685
              ],
              [
                100.15562323274034,
                7.283349950929255
              ],
              [
                100.1448212658787,
                7.324909876065497
              ],
              [
                100.12051501002266,
                7.32199774295588
              ],
              [
                100.13633095464992,
                7.354280857235782
              ],
              [
                100.13336289435851,
                7.36028296007037
              ],
              [
                100.19732763156912,
                7.381466582007127
              ]
            ]
          ]
        ]
      }
    },
    {
      "type": "Feature",
      "properties": {
        "tam_code": "930802",
        "tam_th": "โคกทราย",
        "tam_en": "Khok Sai",
        "amp_code": "9308",
        "amp_th": "ป่าบอน",
        "amp_en": "Pa Bon",
        "pro_code": "93",
        "pro_th": "พัทลุง",
        "pro_en": "Phatthalung",
        "reg_nesdb": "South",
        "reg_royin": "South",
        "perimeter": 59.5166374453,
        "area_sqkm": 93.28999323989
      },
      "geometry": {
        "type": "MultiPolygon",
        "coordinates": [
          [
            [
              [
                100.22689353098296,
                7.276899495140039
              ],
              [
                100.21554634719011,
                7.273290457765239
              ],
              [
                100.21372237550668,
                7.268837240720726
              ],
              [
                100.23478545972678,
                7.261223089094027
              ],
              [
                100.23531064036567,
                7.254951984014124
              ],
              [
                100.25664389489081,
                7.236973721724506
              ],
              [
                100.26028356949163,
                7.242939364672982
              ],
              [
                100.28404487361374,
                7.240341836889971
              ],
              [
                100.30561719496619,
                7.246696395417832
              ],
              [
                100.31670725120446,
                7.231840812580491
              ],
              [
                100.30399257807834,
                7.208550349259327
              ],
              [
                100.28117753531254,
                7.211043089413981
              ],
              [
                100.2587396570767,
                7.197772558481057
              ],
              [
                100.24934773395886,
                7.199383214851713
              ],
              [
                100.24162926557123,
                7.1928519127569
              ],
              [
                100.22024044660819,
                7.192186979299354
              ],
              [
                100.17417337440021,
                7.175335473397262
              ],
              [
                100.14031242515739,
                7.183648759682679
              ],
              [
                100.17282506028346,
                7.197119981105977
              ],
              [
                100.18244525585922,
                7.205226440861123
              ],
              [
                100.18381510787088,
                7.217484400994012
              ],
              [
                100.201193755362,
                7.234126360534723
              ],
              [
                100.17534981008376,
                7.257309308736008
              ],
              [
                100.19271932484757,
                7.264337029807328
              ],
              [
                100.21527007480135,
                7.28127643875427
              ],
              [
                100.23119437682669,
                7.286364133262858
              ],
              [
                100.22689353098296,
                7.276899495140039
              ]
            ]
          ]
        ]
      }
    },
    {
      "type": "Feature",
      "properties": {
        "tam_code": "930803",
        "tam_th": "หนองธง",
        "tam_en": "Nong Thong",
        "amp_code": "9308",
        "amp_th": "ป่าบอน",
        "amp_en": "Pa Bon",
        "pro_code": "93",
        "pro_th": "พัทลุง",
        "pro_en": "Phatthalung",
        "reg_nesdb": "South",
        "reg_royin": "South",
        "perimeter": 83.5852537754,
        "area_sqkm": 181.64267737031
      },
      "geometry": {
        "type": "MultiPolygon",
        "coordinates": [
          [
            [
              [
                100.1448212658787,
                7.324909876065497
              ],
              [
                100.15562323274034,
                7.283349950929255
              ],
              [
                100.16389050278498,
                7.278488476063685
              ],
              [
                100.14783461197148,
                7.253616160616138
              ],
              [
                100.15111813970528,
                7.247731412073175
              ],
              [
                100.1396425633312,
                7.241707478384903
              ],
              [
                100.13117239605045,
                7.222935824729487
              ],
              [
                100.11050592007234,
                7.217355938365379
              ],
              [
                100.10166173213197,
                7.191104710991564
              ],
              [
                100.0973659689176,
                7.192586982649942
              ],
              [
                100.09375988675066,
                7.188289358530201
              ],
              [
                100.08502943138258,
                7.167997534994869
              ],
              [
                100.0775702033131,
                7.165954079519299
              ],
              [
                100.0751996961112,
                7.157643846236607
              ],
              [
                100.04609055391728,
                7.146980714568637
              ],
              [
                100.04193999580187,
                7.118249991111906
              ],
              [
                100.02813004953201,
                7.090313899258615
              ],
              [
                100.02440080567082,
                7.104114004587047
              ],
              [
                99.99702016853531,
                7.116017079674399
              ],
              [
                99.98465449454707,
                7.138717999949713
              ],
              [
                99.97189453125743,
                7.149461892683319
              ],
              [
                99.96876619004549,
                7.165456144885742
              ],
              [
                99.96212817088592,
                7.167301069386466
              ],
              [
                99.95804252224704,
                7.17717232114496
              ],
              [
                99.95585304043713,
                7.190098990943709
              ],
              [
                99.95928444101567,
                7.198004829092177
              ],
              [
                99.96863573360034,
                7.199296062519233
              ],
              [
                99.97044437737911,
                7.208163382181591
              ],
              [
                99.98159471935377,
                7.214429017401584
              ],
              [
                99.99958766483199,
                7.208765955953506
              ],
              [
                100.00828609485954,
                7.213437045090553
              ],
              [
                100.01820292200037,
                7.209286779897271
              ],
              [
                100.04678538894176,
                7.199946552209874
              ],
              [
                100.05182859534744,
                7.217856048534361
              ],
              [
                100.0836238784328,
                7.236090355035892
              ],
              [
                100.08402606232333,
                7.241189291327047
              ],
              [
                100.0912509580078,
                7.246232906752457
              ],
              [
                100.09535048096159,
                7.266159579677487
              ],
              [
                100.12836745636447,
                7.2703989878956
              ],
              [
                100.12858921785265,
                7.283709266495746
              ],
              [
                100.12293914882856,
                7.297225791487938
              ],
              [
                100.11700863797358,
                7.313967254768508
              ],
              [
                100.12051501002266,
                7.32199774295588
              ],
              [
                100.1448212658787,
                7.324909876065497
              ]
            ]
          ]
        ]
      }
    },
    {
      "type": "Feature",
      "properties": {
        "tam_code": "930804",
        "tam_th": "ทุ่งนารี",
        "tam_en": "Thung Nari",
        "amp_code": "9308",
        "amp_th": "ป่าบอน",
        "amp_en": "Pa Bon",
        "pro_code": "93",
        "pro_th": "พัทลุง",
        "pro_en": "Phatthalung",
        "reg_nesdb": "South",
        "reg_royin": "South",
        "perimeter": 68.95375269619,
        "area_sqkm": 90.49742843865
      },
      "geometry": {
        "type": "MultiPolygon",
        "coordinates": [
          [
            [
              [
                100.201193755362,
                7.234126360534723
              ],
              [
                100.18381510787088,
                7.217484400994012
              ],
              [
                100.18244525585922,
                7.205226440861123
              ],
              [
                100.17282506028346,
                7.197119981105977
              ],
              [
                100.14031242515739,
                7.183648759682679
              ],
              [
                100.17417337440021,
                7.175335473397262
              ],
              [
                100.16539428786895,
                7.163597045493675
              ],
              [
                100.16523534338762,
                7.156717674443595
              ],
              [
                100.15574479126887,
                7.149645861611197
              ],
              [
                100.1360767327018,
                7.153992466749018
              ],
              [
                100.13302497985518,
                7.160576284005969
              ],
              [
                100.12102771590544,
                7.167467446921053
              ],
              [
                100.111190107183,
                7.167003496236865
              ],
              [
                100.08904508698512,
                7.149655075705111
              ],
              [
                100.07460193966692,
                7.148643209301179
              ],
              [
                100.06266323888796,
                7.139101271147843
              ],
              [
                100.0605597168678,
                7.127821429104635
              ],
              [
                100.06511785725435,
                7.123480348307696
              ],
              [
                100.06636571259295,
                7.112202982245982
              ],
              [
                100.05687937178551,
                7.107732994785736
              ],
              [
                100.056878703841,
                7.107688339480331
              ],
              [
                100.03836189047081,
                7.108765778671734
              ],
              [
                100.02813004953201,
                7.090313899258615
              ],
              [
                100.04193999580187,
                7.118249991111906
              ],
              [
                100.04609055391728,
                7.146980714568637
              ],
              [
                100.0751996961112,
                7.157643846236607
              ],
              [
                100.0775702033131,
                7.165954079519299
              ],
              [
                100.08502943138258,
                7.167997534994869
              ],
              [
                100.09375988675066,
                7.188289358530201
              ],
              [
                100.0973659689176,
                7.192586982649942
              ],
              [
                100.10166173213197,
                7.191104710991564
              ],
              [
                100.11050592007234,
                7.217355938365379
              ],
              [
                100.13117239605045,
                7.222935824729487
              ],
              [
                100.1396425633312,
                7.241707478384903
              ],
              [
                100.15111813970528,
                7.247731412073175
              ],
              [
                100.17534981008376,
                7.257309308736008
              ],
              [
                100.201193755362,
                7.234126360534723
              ]
            ]
          ]
        ]
      }
    },
    {
      "type": "Feature",
      "properties": {
        "tam_code": "930806",
        "tam_th": "วังใหม่",
        "tam_en": "Wang Mai",
        "amp_code": "9308",
        "amp_th": "ป่าบอน",
        "amp_en": "Pa Bon",
        "pro_code": "93",
        "pro_th": "พัทลุง",
        "pro_en": "Phatthalung",
        "reg_nesdb": "South",
        "reg_royin": "South",
        "perimeter": 36.53916496595,
        "area_sqkm": 55.42894899825
      },
      "geometry": {
        "type": "MultiPolygon",
        "coordinates": [
          [
            [
              [
                100.256701529215,
                7.30880573115205
              ],
              [
                100.23119437682669,
                7.286364133262858
              ],
              [
                100.21527007480135,
                7.28127643875427
              ],
              [
                100.19271932484757,
                7.264337029807328
              ],
              [
                100.17534981008376,
                7.257309308736008
              ],
              [
                100.15111813970528,
                7.247731412073175
              ],
              [
                100.14783461197148,
                7.253616160616138
              ],
              [
                100.16389050278498,
                7.278488476063685
              ],
              [
                100.1783329143289,
                7.295917482751182
              ],
              [
                100.1883360534808,
                7.300824241063982
              ],
              [
                100.19296135967103,
                7.331362128173984
              ],
              [
                100.2003591249789,
                7.337213681552355
              ],
              [
                100.20594512925747,
                7.333102945521278
              ],
              [
                100.21020528793741,
                7.334932508535411
              ],
              [
                100.20978201998327,
                7.343815362600616
              ],
              [
                100.21956861621274,
                7.349155317324263
              ],
              [
                100.22243441351527,
                7.35551272560213
              ],
              [
                100.256701529215,
                7.30880573115205
              ]
            ]
          ]
        ]
      }
    },
    {
      "type": "Feature",
      "properties": {
        "tam_code": "930901",
        "tam_th": "ท่ามะเดื่อ",
        "tam_en": "Tha Maduea",
        "amp_code": "9309",
        "amp_th": "บางแก้ว",
        "amp_en": "Bang Kaeo",
        "pro_code": "93",
        "pro_th": "พัทลุง",
        "pro_en": "Phatthalung",
        "reg_nesdb": "South",
        "reg_royin": "South",
        "perimeter": 33.69740007416,
        "area_sqkm": 23.560466349
      },
      "geometry": {
        "type": "MultiPolygon",
        "coordinates": [
          [
            [
              [
                100.16925736822412,
                7.453193459439681
              ],
              [
                100.17045911634098,
                7.436116858577662
              ],
              [
                100.19243922932432,
                7.392998291895223
              ],
              [
                100.1893492665162,
                7.392354808646417
              ],
              [
                100.15636764062131,
                7.434246083212936
              ],
              [
                100.13377721470488,
                7.404253503033898
              ],
              [
                100.12656130975205,
                7.410924931945124
              ],
              [
                100.12269146516051,
                7.40646744782329
              ],
              [
                100.12501600822853,
                7.426330506592048
              ],
              [
                100.13623227772814,
                7.441233257434877
              ],
              [
                100.14401687664026,
                7.443917990029018
              ],
              [
                100.14000071454875,
                7.460387501226878
              ],
              [
                100.15417474806863,
                7.461232528919679
              ],
              [
                100.157436211215,
                7.46790190903272
              ],
              [
                100.17015096010537,
                7.468734941217568
              ],
              [
                100.17513358269166,
                7.474673230002951
              ],
              [
                100.17716432554036,
                7.470594065235892
              ],
              [
                100.16925736822412,
                7.453193459439681
              ]
            ]
          ]
        ]
      }
    },
    {
      "type": "Feature",
      "properties": {
        "tam_code": "930902",
        "tam_th": "นาปะขอ",
        "tam_en": "Na Pakho",
        "amp_code": "9309",
        "amp_th": "บางแก้ว",
        "amp_en": "Bang Kaeo",
        "pro_code": "93",
        "pro_th": "พัทลุง",
        "pro_en": "Phatthalung",
        "reg_nesdb": "South",
        "reg_royin": "South",
        "perimeter": 37.66891707355,
        "area_sqkm": 83.46096808716
      },
      "geometry": {
        "type": "MultiPolygon",
        "coordinates": [
          [
            [
              [
                100.19580321535474,
                7.475478015605786
              ],
              [
                100.22427635426651,
                7.474877661628122
              ],
              [
                100.27627071734504,
                7.478153393057942
              ],
              [
                100.28167030063537,
                7.437349160438928
              ],
              [
                100.25373868932138,
                7.415329437000561
              ],
              [
                100.22437056938644,
                7.415336069614827
              ],
              [
                100.21871015363638,
                7.401071320871184
              ],
              [
                100.19243922932432,
                7.392998291895223
              ],
              [
                100.17045911634098,
                7.436116858577662
              ],
              [
                100.16925736822412,
                7.453193459439681
              ],
              [
                100.17716432554036,
                7.470594065235892
              ],
              [
                100.17513358269166,
                7.474673230002951
              ],
              [
                100.18909626157118,
                7.479112589821916
              ],
              [
                100.19580321535474,
                7.475478015605786
              ]
            ]
          ]
        ]
      }
    },
    {
      "type": "Feature",
      "properties": {
        "tam_code": "930903",
        "tam_th": "โคกสัก",
        "tam_en": "Khok Sak",
        "amp_code": "9309",
        "amp_th": "บางแก้ว",
        "amp_en": "Bang Kaeo",
        "pro_code": "93",
        "pro_th": "พัทลุง",
        "pro_en": "Phatthalung",
        "reg_nesdb": "South",
        "reg_royin": "South",
        "perimeter": 31.75597596535,
        "area_sqkm": 48.62301357163
      },
      "geometry": {
        "type": "MultiPolygon",
        "coordinates": [
          [
            [
              [
                100.1893492665162,
                7.392354808646417
              ],
              [
                100.19732763156912,
                7.381466582007127
              ],
              [
                100.13336289435851,
                7.36028296007037
              ],
              [
                100.11434581180421,
                7.35758573571393
              ],
              [
                100.10518280976787,
                7.360745084376798
              ],
              [
                100.09820109875766,
                7.374178869422853
              ],
              [
                100.1022906655254,
                7.378408306295397
              ],
              [
                100.09834491986636,
                7.383364104055429
              ],
              [
                100.10222047777062,
                7.380935784805686
              ],
              [
                100.10068904573706,
                7.386756150639679
              ],
              [
                100.1092225791054,
                7.391399596705276
              ],
              [
                100.10852683954724,
                7.398509527371941
              ],
              [
                100.12269146516051,
                7.40646744782329
              ],
              [
                100.12656130975205,
                7.410924931945124
              ],
              [
                100.13377721470488,
                7.404253503033898
              ],
              [
                100.15636764062131,
                7.434246083212936
              ],
              [
                100.1893492665162,
                7.392354808646417
              ]
            ]
          ]
        ]
      }
    },
    {
      "type": "Feature",
      "properties": {
        "tam_code": "931001",
        "tam_th": "ป่าพะยอม",
        "tam_en": "Pa Phayom",
        "amp_code": "9310",
        "amp_th": "ป่าพยอม",
        "amp_en": "Pa Phayom",
        "pro_code": "93",
        "pro_th": "พัทลุง",
        "pro_en": "Phatthalung",
        "reg_nesdb": "South",
        "reg_royin": "South",
        "perimeter": 24.79257808942,
        "area_sqkm": 31.22032702352
      },
      "geometry": {
        "type": "MultiPolygon",
        "coordinates": [
          [
            [
              [
                99.97528203800375,
                7.872957821615448
              ],
              [
                99.97256081157121,
                7.860512799076345
              ],
              [
                99.98623432020683,
                7.847366000001256
              ],
              [
                99.9483312665105,
                7.837725755615601
              ],
              [
                99.94009937933367,
                7.83903021751769
              ],
              [
                99.92883891618465,
                7.835342406308812
              ],
              [
                99.92650175641454,
                7.830473668061942
              ],
              [
                99.91278032385051,
                7.834595129012427
              ],
              [
                99.9219858996823,
                7.871500617561602
              ],
              [
                99.9408502632858,
                7.878470493053271
              ],
              [
                99.952623111217,
                7.897405625148606
              ],
              [
                99.95732680309463,
                7.892873228299385
              ],
              [
                99.97528203800375,
                7.872957821615448
              ]
            ]
          ]
        ]
      }
    },
    {
      "type": "Feature",
      "properties": {
        "tam_code": "931002",
        "tam_th": "ลานข่อย",
        "tam_en": "Lan Khoi",
        "amp_code": "9310",
        "amp_th": "ป่าพยอม",
        "amp_en": "Pa Phayom",
        "pro_code": "93",
        "pro_th": "พัทลุง",
        "pro_en": "Phatthalung",
        "reg_nesdb": "South",
        "reg_royin": "South",
        "perimeter": 62.50698108624,
        "area_sqkm": 109.72468213478
      },
      "geometry": {
        "type": "MultiPolygon",
        "coordinates": [
          [
            [
              [
                99.91361447759989,
                7.870804405504527
              ],
              [
                99.9219858996823,
                7.871500617561602
              ],
              [
                99.91278032385051,
                7.834595129012427
              ],
              [
                99.91118036050236,
                7.833686217317336
              ],
              [
                99.90027617826316,
                7.83236482119142
              ],
              [
                99.89462395593765,
                7.826500666956751
              ],
              [
                99.87727681205646,
                7.830741162447591
              ],
              [
                99.85963983659482,
                7.818506627727566
              ],
              [
                99.85151500410879,
                7.819820437659924
              ],
              [
                99.84721548504162,
                7.833608182315257
              ],
              [
                99.85215472535582,
                7.85649098591472
              ],
              [
                99.83810077025012,
                7.865602424567771
              ],
              [
                99.82989423878925,
                7.863399363024306
              ],
              [
                99.82186998308067,
                7.840245221068209
              ],
              [
                99.79902562645528,
                7.806589757374826
              ],
              [
                99.78707325954008,
                7.802993645044203
              ],
              [
                99.75766028549842,
                7.80887056695518
              ],
              [
                99.74947392699477,
                7.835922774344146
              ],
              [
                99.73722784263616,
                7.839378633038886
              ],
              [
                99.73244288359797,
                7.848889290234808
              ],
              [
                99.73758560947046,
                7.861278123578623
              ],
              [
                99.7384949735569,
                7.860967867354462
              ],
              [
                99.73833412709727,
                7.857528239267958
              ],
              [
                99.74680300726166,
                7.859577223075559
              ],
              [
                99.7496448263241,
                7.855383227408294
              ],
              [
                99.76326730977974,
                7.860728569604796
              ],
              [
                99.78303317268764,
                7.857231410509797
              ],
              [
                99.7927639288522,
                7.865148329735203
              ],
              [
                99.80610056649353,
                7.890858255611986
              ],
              [
                99.81932252954442,
                7.884820637167046
              ],
              [
                99.82233188596989,
                7.887985499725181
              ],
              [
                99.83649247632002,
                7.885693443114052
              ],
              [
                99.84203156982176,
                7.891327386065536
              ],
              [
                99.86169373044795,
                7.886569443005573
              ],
              [
                99.88260587569559,
                7.892451265740452
              ],
              [
                99.91361447759989,
                7.870804405504527
              ]
            ]
          ]
        ]
      }
    },
    {
      "type": "Feature",
      "properties": {
        "tam_code": "931003",
        "tam_th": "เกาะเต่า",
        "tam_en": "Ko Tao",
        "amp_code": "9310",
        "amp_th": "ป่าพยอม",
        "amp_en": "Pa Phayom",
        "pro_code": "93",
        "pro_th": "พัทลุง",
        "pro_en": "Phatthalung",
        "reg_nesdb": "South",
        "reg_royin": "South",
        "perimeter": 61.42217084686,
        "area_sqkm": 118.94498984112
      },
      "geometry": {
        "type": "MultiPolygon",
        "coordinates": [
          [
            [
              [
                99.85215472535582,
                7.85649098591472
              ],
              [
                99.84721548504162,
                7.833608182315257
              ],
              [
                99.85151500410879,
                7.819820437659924
              ],
              [
                99.85963983659482,
                7.818506627727566
              ],
              [
                99.87727681205646,
                7.830741162447591
              ],
              [
                99.89462395593765,
                7.826500666956751
              ],
              [
                99.90027617826316,
                7.83236482119142
              ],
              [
                99.91118036050236,
                7.833686217317336
              ],
              [
                99.90450887830795,
                7.801792890672941
              ],
              [
                99.92330054665881,
                7.784680118283494
              ],
              [
                99.90712146858121,
                7.775495728933419
              ],
              [
                99.90027202095106,
                7.760924122679137
              ],
              [
                99.87599167163803,
                7.759822171104459
              ],
              [
                99.864095515624,
                7.766088487737867
              ],
              [
                99.85130292805604,
                7.764491323527259
              ],
              [
                99.83903548536765,
                7.747857461823396
              ],
              [
                99.83021934562721,
                7.760182452509754
              ],
              [
                99.82364547114933,
                7.760845889834658
              ],
              [
                99.81623802638937,
                7.755434391277552
              ],
              [
                99.8019746173348,
                7.759608003912357
              ],
              [
                99.7946612436608,
                7.75827912314948
              ],
              [
                99.7880078750956,
                7.743667581824012
              ],
              [
                99.78025795770456,
                7.754726245509483
              ],
              [
                99.78370499418683,
                7.759886254311102
              ],
              [
                99.77411030358522,
                7.765658651176087
              ],
              [
                99.76714310259605,
                7.768666848027596
              ],
              [
                99.76928804468976,
                7.773131734715348
              ],
              [
                99.76561501564217,
                7.778360691022908
              ],
              [
                99.77073067378524,
                7.789031795565622
              ],
              [
                99.75766028549842,
                7.80887056695518
              ],
              [
                99.78707325954008,
                7.802993645044203
              ],
              [
                99.79902562645528,
                7.806589757374826
              ],
              [
                99.82186998308067,
                7.840245221068209
              ],
              [
                99.82989423878925,
                7.863399363024306
              ],
              [
                99.83810077025012,
                7.865602424567771
              ],
              [
                99.85215472535582,
                7.85649098591472
              ]
            ]
          ]
        ]
      }
    },
    {
      "type": "Feature",
      "properties": {
        "tam_code": "931004",
        "tam_th": "บ้านพร้าว",
        "tam_en": "Ban Phrao",
        "amp_code": "9310",
        "amp_th": "ป่าพยอม",
        "amp_en": "Pa Phayom",
        "pro_code": "93",
        "pro_th": "พัทลุง",
        "pro_en": "Phatthalung",
        "reg_nesdb": "South",
        "reg_royin": "South",
        "perimeter": 29.25349245448,
        "area_sqkm": 41.88920001164
      },
      "geometry": {
        "type": "MultiPolygon",
        "coordinates": [
          [
            [
              [
                99.98990266533241,
                7.845746357205088
              ],
              [
                99.98740163049031,
                7.828896873841614
              ],
              [
                99.99198124244545,
                7.809250196591997
              ],
              [
                99.97968514264429,
                7.800916722329962
              ],
              [
                99.97712758584365,
                7.80379480646585
              ],
              [
                99.9753589407862,
                7.799062991014916
              ],
              [
                99.96244411711605,
                7.797514847239173
              ],
              [
                99.95357219942694,
                7.802653535853755
              ],
              [
                99.9438724930363,
                7.796163787635603
              ],
              [
                99.93317153207273,
                7.796328252443917
              ],
              [
                99.9304329821699,
                7.791315677241387
              ],
              [
                99.92330054665881,
                7.784680118283494
              ],
              [
                99.90450887830795,
                7.801792890672941
              ],
              [
                99.91118036050236,
                7.833686217317336
              ],
              [
                99.91278032385051,
                7.834595129012427
              ],
              [
                99.92650175641454,
                7.830473668061942
              ],
              [
                99.92883891618465,
                7.835342406308812
              ],
              [
                99.94009937933367,
                7.83903021751769
              ],
              [
                99.9483312665105,
                7.837725755615601
              ],
              [
                99.98623432020683,
                7.847366000001256
              ],
              [
                99.98990266533241,
                7.845746357205088
              ]
            ]
          ]
        ]
      }
    },
    {
      "type": "Feature",
      "properties": {
        "tam_code": "931101",
        "tam_th": "ชุมพล",
        "tam_en": "Chum Phon",
        "amp_code": "9311",
        "amp_th": "ศรีนครินทร์",
        "amp_en": "Srinagarindra",
        "pro_code": "93",
        "pro_th": "พัทลุง",
        "pro_en": "Phatthalung",
        "reg_nesdb": "South",
        "reg_royin": "South",
        "perimeter": 33.87866174083,
        "area_sqkm": 62.6491408897
      },
      "geometry": {
        "type": "MultiPolygon",
        "coordinates": [
          [
            [
              [
                99.97805581133598,
                7.642769519395727
              ],
              [
                99.98705891981525,
                7.638748487016351
              ],
              [
                99.98740367856631,
                7.588159055155046
              ],
              [
                99.97158638704087,
                7.582863557701772
              ],
              [
                99.96948679434175,
                7.574217129978765
              ],
              [
                99.94942076152711,
                7.567626536266104
              ],
              [
                99.94447672317462,
                7.561297560327207
              ],
              [
                99.93627858685255,
                7.560598437819821
              ],
              [
                99.93460339355288,
                7.565308633589933
              ],
              [
                99.9402594420247,
                7.573722113503247
              ],
              [
                99.93361716201953,
                7.573760137540573
              ],
              [
                99.92631103543779,
                7.587110380560431
              ],
              [
                99.92068553690088,
                7.587189593629262
              ],
              [
                99.91693053316544,
                7.584235394039566
              ],
              [
                99.91110463421116,
                7.594067903652022
              ],
              [
                99.89815138310053,
                7.599902706110599
              ],
              [
                99.8933121821037,
                7.607446379582091
              ],
              [
                99.91045530584958,
                7.624398914721126
              ],
              [
                99.92346326540196,
                7.633552240259458
              ],
              [
                99.9395255626894,
                7.637175614172685
              ],
              [
                99.94620787837162,
                7.64562337294007
              ],
              [
                99.9678076838902,
                7.649276399202534
              ],
              [
                99.97805581133598,
                7.642769519395727
              ]
            ]
          ]
        ]
      }
    },
    {
      "type": "Feature",
      "properties": {
        "tam_code": "931102",
        "tam_th": "บ้านนา",
        "tam_en": "Ban Na",
        "amp_code": "9311",
        "amp_th": "ศรีนครินทร์",
        "amp_en": "Srinagarindra",
        "pro_code": "93",
        "pro_th": "พัทลุง",
        "pro_en": "Phatthalung",
        "reg_nesdb": "South",
        "reg_royin": "South",
        "perimeter": 52.64191780864,
        "area_sqkm": 125.67664764906
      },
      "geometry": {
        "type": "MultiPolygon",
        "coordinates": [
          [
            [
              [
                99.8933121821037,
                7.607446379582091
              ],
              [
                99.89815138310053,
                7.599902706110599
              ],
              [
                99.91110463421116,
                7.594067903652022
              ],
              [
                99.91693053316544,
                7.584235394039566
              ],
              [
                99.92068553690088,
                7.587189593629262
              ],
              [
                99.92820987383026,
                7.57406507580035
              ],
              [
                99.9263409650308,
                7.556278767838297
              ],
              [
                99.9200221604168,
                7.55218979587655
              ],
              [
                99.92863718262785,
                7.541781513854006
              ],
              [
                99.92872448792583,
                7.523187182947752
              ],
              [
                99.92002835979414,
                7.525067587534778
              ],
              [
                99.91533071984556,
                7.531256647426128
              ],
              [
                99.91338567633001,
                7.516175824110586
              ],
              [
                99.90661900900604,
                7.510460578659516
              ],
              [
                99.88080611629155,
                7.517316470504237
              ],
              [
                99.86491505662808,
                7.500170802736252
              ],
              [
                99.84264471578342,
                7.494853797916868
              ],
              [
                99.82246095115372,
                7.509167133082684
              ],
              [
                99.82018688057484,
                7.519246307708162
              ],
              [
                99.83630541243775,
                7.540219815048427
              ],
              [
                99.83618897102663,
                7.546844849293231
              ],
              [
                99.82303477742418,
                7.556317215424306
              ],
              [
                99.81324485315315,
                7.572298720129298
              ],
              [
                99.79923916668609,
                7.584629719938222
              ],
              [
                99.79714559734907,
                7.590996683544529
              ],
              [
                99.80070638445956,
                7.597724099475026
              ],
              [
                99.80504065089968,
                7.595317486798044
              ],
              [
                99.83515605773827,
                7.602947086971996
              ],
              [
                99.84446859068798,
                7.599704020619063
              ],
              [
                99.87226702267375,
                7.626171743943813
              ],
              [
                99.8786130903119,
                7.622403638523549
              ],
              [
                99.87881782196487,
                7.616383374082514
              ],
              [
                99.8933121821037,
                7.607446379582091
              ]
            ]
          ]
        ]
      }
    },
    {
      "type": "Feature",
      "properties": {
        "tam_code": "931103",
        "tam_th": "อ่างทอง",
        "tam_en": "Ang Thong",
        "amp_code": "9311",
        "amp_th": "ศรีนครินทร์",
        "amp_en": "Srinagarindra",
        "pro_code": "93",
        "pro_th": "พัทลุง",
        "pro_en": "Phatthalung",
        "reg_nesdb": "South",
        "reg_royin": "South",
        "perimeter": 19.29603027952,
        "area_sqkm": 17.59817378786
      },
      "geometry": {
        "type": "MultiPolygon",
        "coordinates": [
          [
            [
              [
                99.98766447183205,
                7.570810618277922
              ],
              [
                99.99075340310358,
                7.570476310411313
              ],
              [
                99.98637977060577,
                7.560637889856985
              ],
              [
                99.9887840915909,
                7.5300150855367
              ],
              [
                99.96570760963874,
                7.52186368144193
              ],
              [
                99.97111123823568,
                7.53958587872592
              ],
              [
                99.96073494451717,
                7.546349256518178
              ],
              [
                99.95433751196255,
                7.545462197490141
              ],
              [
                99.94447672317462,
                7.561297560327207
              ],
              [
                99.94942076152711,
                7.567626536266104
              ],
              [
                99.96948679434175,
                7.574217129978765
              ],
              [
                99.98008364766378,
                7.576621310863277
              ],
              [
                99.98766447183205,
                7.570810618277922
              ]
            ]
          ]
        ]
      }
    },
    {
      "type": "Feature",
      "properties": {
        "tam_code": "931104",
        "tam_th": "ลำสินธุ์",
        "tam_en": "Lam Sin",
        "amp_code": "9311",
        "amp_th": "ศรีนครินทร์",
        "amp_en": "Srinagarindra",
        "pro_code": "93",
        "pro_th": "พัทลุง",
        "pro_en": "Phatthalung",
        "reg_nesdb": "South",
        "reg_royin": "South",
        "perimeter": 51.89084496305,
        "area_sqkm": 48.05943383827
      },
      "geometry": {
        "type": "MultiPolygon",
        "coordinates": [
          [
            [
              [
                99.92631103543779,
                7.587110380560431
              ],
              [
                99.93361716201953,
                7.573760137540573
              ],
              [
                99.9402594420247,
                7.573722113503247
              ],
              [
                99.93460339355288,
                7.565308633589933
              ],
              [
                99.93627858685255,
                7.560598437819821
              ],
              [
                99.94447672317462,
                7.561297560327207
              ],
              [
                99.95433751196255,
                7.545462197490141
              ],
              [
                99.96073494451717,
                7.546349256518178
              ],
              [
                99.97111123823568,
                7.53958587872592
              ],
              [
                99.96570760963874,
                7.52186368144193
              ],
              [
                99.95238680751346,
                7.510517502900615
              ],
              [
                99.93549264937826,
                7.513773702832791
              ],
              [
                99.92799597067653,
                7.498319809976324
              ],
              [
                99.92012159853222,
                7.501804425773294
              ],
              [
                99.91355841676304,
                7.49770728168285
              ],
              [
                99.91098313437774,
                7.488814302341655
              ],
              [
                99.90672434523043,
                7.492662580126539
              ],
              [
                99.88115836534291,
                7.476134790196265
              ],
              [
                99.86788825021411,
                7.484433156705494
              ],
              [
                99.84985057595912,
                7.473101148189266
              ],
              [
                99.85301088111504,
                7.481180604510052
              ],
              [
                99.84264471578342,
                7.494853797916868
              ],
              [
                99.86491505662808,
                7.500170802736252
              ],
              [
                99.88080611629155,
                7.517316470504237
              ],
              [
                99.90661900900604,
                7.510460578659516
              ],
              [
                99.91338567633001,
                7.516175824110586
              ],
              [
                99.91533071984556,
                7.531256647426128
              ],
              [
                99.92002835979414,
                7.525067587534778
              ],
              [
                99.92872448792583,
                7.523187182947752
              ],
              [
                99.92863718262785,
                7.541781513854006
              ],
              [
                99.9200221604168,
                7.55218979587655
              ],
              [
                99.9263409650308,
                7.556278767838297
              ],
              [
                99.92820987383026,
                7.57406507580035
              ],
              [
                99.92068553690088,
                7.587189593629262
              ],
              [
                99.92631103543779,
                7.587110380560431
              ]
            ]
          ]
        ]
      }
    },
    {
      "type": "Feature",
      "properties": {
        "tam_code": "940204",
        "tam_th": "ป่าบอน",
        "tam_en": "Pa Bon",
        "amp_code": "9402",
        "amp_th": "โคกโพธิ์",
        "amp_en": "Khok Pho",
        "pro_code": "94",
        "pro_th": "ปัตตานี",
        "pro_en": "Pattani",
        "reg_nesdb": "South",
        "reg_royin": "South",
        "perimeter": 14.07682434106,
        "area_sqkm": 10.37088750305
      },
      "geometry": {
        "type": "MultiPolygon",
        "coordinates": [
          [
            [
              [
                101.12745015390365,
                6.699711551658585
              ],
              [
                101.12390027750281,
                6.693895505275417
              ],
              [
                101.10852198357631,
                6.69059651041065
              ],
              [
                101.10273990969856,
                6.696481569040648
              ],
              [
                101.09936447790922,
                6.704044010080211
              ],
              [
                101.09300972303835,
                6.700939834532636
              ],
              [
                101.08146455386121,
                6.704054135223751
              ],
              [
                101.0873648438578,
                6.720796523295083
              ],
              [
                101.09935410374693,
                6.725885750549036
              ],
              [
                101.11870324100796,
                6.708788892532231
              ],
              [
                101.12745015390365,
                6.699711551658585
              ]
            ]
          ]
        ]
      }
    }
  ]
}