payment_id,grant_case_id,child_citizen_id,child_first_name,child_last_name,child_gender,child_birth_date,father_citizen_id,father_first_name,father_last_name,father_status,mother_citizen_id,mother_first_name,mother_last_name,mother_status,guardian_citizen_id,guardian_first_name,guardian_last_name,guardian_relationship,legal_guardian_relation,legal_guardian_reason,application_date,approval_date,entitlement_start_date,payment_date,payment_round,payment_amount,payment_status,payment_method,household_member_count,household_annual_income,registration_channel,province,district,subdistrict,agency
NCGPAY00099,NCG00099,4.49245E+12,ชนน,วิริยะกุล,ชาย,21/01/2020,2.08526E+12,ธนวัฒน์,มั่นคง,มีชีวิตและเลี้ยงดูเด็ก,3.59938E+12,มาลี,ยอดแก้ว,มีชีวิตและเลี้ยงดูเด็ก,3.59938E+12,มาลี,ยอดแก้ว,มารดา,,,6/04/2020,22/04/2020,22/04/2020,13/05/2020,1,600,จ่ายสำเร็จ,พร้อมเพย์,5,76500,เจ้าหน้าที่ช่วยลงทะเบียน,ลพบุรี,โคกสำโรง,วังจั่น,สำนักงานพัฒนาสังคมและความมั่นคงของมนุษย์จังหวัดลพบุรี
NCGPAY00158,NCG00158,8.72126E+12,ชนิดา,สุขสวัสดิ์,ชาย,10/04/2020,5.42442E+12,ชยุต,ยอดแก้ว,ไม่สามารถติดต่อได้,4.04586E+12,มณีรัตน์,อินทร์แก้ว,ไม่สามารถติดต่อได้,2.61497E+12,พงษ์ศักดิ์,ยอดแก้ว,ผู้ปกครองโดยชอบด้วยกฎหมาย,ลุง,ไม่สามารถติดต่อบิดาและมารดาได้,10/05/2020,27/05/2020,27/05/2020,28/05/2020,1,600,จ่ายสำเร็จ,พร้อมเพย์,5,76500,หน่วยบริการเคลื่อนที่,ชลบุรี,พนัสนิคม,วัดโบสถ์,สำนักงานพัฒนาสังคมและความมั่นคงของมนุษย์จังหวัดชลบุรี
NCGPAY00499,NCG00099,4.49245E+12,ชนน,วิริยะกุล,ชาย,21/01/2020,2.08526E+12,ธนวัฒน์,มั่นคง,มีชีวิตและเลี้ยงดูเด็ก,3.59938E+12,มาลี,ยอดแก้ว,มีชีวิตและเลี้ยงดูเด็ก,3.59938E+12,มาลี,ยอดแก้ว,มารดา,,,6/04/2020,22/04/2020,22/04/2020,12/06/2020,2,600,จ่ายสำเร็จ,พร้อมเพย์,5,76500,เจ้าหน้าที่ช่วยลงทะเบียน,ลพบุรี,โคกสำโรง,วังจั่น,สำนักงานพัฒนาสังคมและความมั่นคงของมนุษย์จังหวัดลพบุรี
NCGPAY00244,NCG00244,4.66927E+12,ศุภกร,ทวีทรัพย์,ชาย,26/04/2020,7.63002E+12,พงษ์ศักดิ์,พิพัฒน์กุล,มีชีวิตและเลี้ยงดูเด็ก,8.36008E+12,สุกัญญา,สวัสดิผล,มีชีวิตและเลี้ยงดูเด็ก,8.36008E+12,สุกัญญา,สวัสดิผล,มารดา,,,8/06/2020,28/06/2020,28/06/2020,28/06/2020,1,600,จ่ายสำเร็จ,พร้อมเพย์,3,58700,ลงทะเบียน ณ หน่วยรับลงทะเบียน,พิษณุโลก,เมืองพิษณุโลก,บ้านกร่าง,สำนักงานพัฒนาสังคมและความมั่นคงของมนุษย์จังหวัดพิษณุโลก
NCGPAY00354,NCG00158,8.72126E+12,ชนิดา,สุขสวัสดิ์,ชาย,10/04/2020,5.42442E+12,ชยุต,ยอดแก้ว,ไม่สามารถติดต่อได้,4.04586E+12,มณีรัตน์,อินทร์แก้ว,ไม่สามารถติดต่อได้,2.61497E+12,พงษ์ศักดิ์,ยอดแก้ว,ผู้ปกครองโดยชอบด้วยกฎหมาย,ลุง,ไม่สามารถติดต่อบิดาและมารดาได้,10/05/2020,27/05/2020,27/05/2020,30/06/2020,2,600,จ่ายสำเร็จ,โอนเข้าบัญชีธนาคาร,5,76500,หน่วยบริการเคลื่อนที่,ชลบุรี,พนัสนิคม,วัดโบสถ์,สำนักงานพัฒนาสังคมและความมั่นคงของมนุษย์จังหวัดชลบุรี
NCGPAY00037,NCG00037,8.31019E+12,ขวัญฤดี,นาคทอง,ชาย,3/02/2020,2.97471E+12,ธีรภัทร,วงศ์สวัสดิ์,มีชีวิตและเลี้ยงดูเด็ก,4.58529E+12,พิมพ์ชนก,ยอดแก้ว,มีชีวิตและเลี้ยงดูเด็ก,4.58529E+12,พิมพ์ชนก,ยอดแก้ว,มารดา,,,8/06/2020,7/07/2020,7/07/2020,10/07/2020,1,600,จ่ายสำเร็จ,โอนเข้าบัญชีธนาคาร,2,54200,ระบบออนไลน์,นครสวรรค์,ไพศาลี,วังข่อย,สำนักงานพัฒนาสังคมและความมั่นคงของมนุษย์จังหวัดนครสวรรค์
NCGPAY00359,NCG00158,8.72126E+12,ชนิดา,สุขสวัสดิ์,ชาย,10/04/2020,5.42442E+12,ชยุต,ยอดแก้ว,ไม่สามารถติดต่อได้,4.04586E+12,มณีรัตน์,อินทร์แก้ว,ไม่สามารถติดต่อได้,2.61497E+12,พงษ์ศักดิ์,ยอดแก้ว,ผู้ปกครองโดยชอบด้วยกฎหมาย,ลุง,ไม่สามารถติดต่อบิดาและมารดาได้,10/05/2020,27/05/2020,27/05/2020,3/08/2020,3,600,จ่ายสำเร็จ,โอนเข้าบัญชีธนาคาร,5,76500,หน่วยบริการเคลื่อนที่,ชลบุรี,พนัสนิคม,วัดโบสถ์,สำนักงานพัฒนาสังคมและความมั่นคงของมนุษย์จังหวัดชลบุรี
NCGPAY00173,NCG00173,3.14386E+12,ศุภลักษณ์,นาคทอง,ชาย,23/05/2020,4.6855E+12,อภิชาติ,โชคชัย,มีชีวิตและเลี้ยงดูเด็ก,8.97574E+12,ณิชา,มั่นคง,มีชีวิตและเลี้ยงดูเด็ก,8.97574E+12,ณิชา,มั่นคง,มารดา,,,28/06/2020,9/07/2020,9/07/2020,7/08/2020,1,600,จ่ายสำเร็จ,โอนเข้าบัญชีธนาคาร,3,62700,เจ้าหน้าที่ช่วยลงทะเบียน,บุรีรัมย์,ชำนิ,เมืองยาง,สำนักงานพัฒนาสังคมและความมั่นคงของมนุษย์จังหวัดบุรีรัมย์
NCGPAY00159,NCG00159,1.69899E+12,ชยพล,พิพัฒน์กุล,หญิง,16/03/2020,6.59845E+12,กฤษฎา,ทองอินทร์,มีชีวิตและเลี้ยงดูเด็ก,2.77325E+12,วิภาวี,คุ้มภัย,มีชีวิตและเลี้ยงดูเด็ก,2.77325E+12,วิภาวี,คุ้มภัย,มารดา,,,10/07/2020,3/08/2020,3/08/2020,10/08/2020,1,600,จ่ายสำเร็จ,โอนเข้าบัญชีธนาคาร,7,88400,หน่วยบริการเคลื่อนที่,นครสวรรค์,ไพศาลี,วังข่อย,สำนักงานพัฒนาสังคมและความมั่นคงของมนุษย์จังหวัดนครสวรรค์
NCGPAY00163,NCG00163,4.39971E+12,ชลธิชา,ศรีสมบัติ,ชาย,25/04/2020,7.10219E+12,ปกรณ์,ศรีสมบัติ,มีชีวิตและเลี้ยงดูเด็ก,6.48206E+12,พัชรินทร์,พิพัฒน์กุล,มีชีวิตและเลี้ยงดูเด็ก,7.10219E+12,ปกรณ์,ศรีสมบัติ,บิดา,,,9/08/2020,16/08/2020,16/08/2020,3/09/2020,1,600,จ่ายสำเร็จ,โอนเข้าบัญชีธนาคาร,6,83200,หน่วยบริการเคลื่อนที่,พิษณุโลก,เมืองพิษณุโลก,บ้านกร่าง,สำนักงานพัฒนาสังคมและความมั่นคงของมนุษย์จังหวัดพิษณุโลก
NCGPAY00162,NCG00162,1.62007E+12,พชรพล,ธนากุล,หญิง,25/01/2020,7.96164E+12,รัชชานนท์,สุนทรวงศ์,มีชีวิตและเลี้ยงดูเด็ก,5.45255E+12,วิภาวี,สมบูรณ์ผล,มีชีวิตและเลี้ยงดูเด็ก,7.96164E+12,รัชชานนท์,สุนทรวงศ์,บิดา,,,19/07/2020,16/08/2020,16/08/2020,7/09/2020,1,600,จ่ายสำเร็จ,โอนเข้าบัญชีธนาคาร,7,86900,ระบบออนไลน์,นนทบุรี,เมืองนนทบุรี,สวนใหญ่,สำนักงานพัฒนาสังคมและความมั่นคงของมนุษย์จังหวัดนนทบุรี
NCGPAY00093,NCG00093,2.99081E+12,ชญานิศ,กุลวงศ์,ชาย,27/04/2020,8.16231E+12,ปณชัย,ใจดี,ไม่สามารถติดต่อได้,7.19111E+12,สุพัตรา,เมืองแก้ว,มีชีวิตและเลี้ยงดูเด็ก,7.19111E+12,สุพัตรา,เมืองแก้ว,มารดา,,,23/07/2020,7/08/2020,7/08/2020,8/09/2020,1,600,จ่ายสำเร็จ,โอนเข้าบัญชีธนาคาร,7,84600,ระบบออนไลน์,จันทบุรี,แหลมสิงห์,บางกะไชย,สำนักงานพัฒนาสังคมและความมั่นคงของมนุษย์จังหวัดจันทบุรี
NCGPAY00310,NCG00159,1.69899E+12,ชยพล,พิพัฒน์กุล,หญิง,16/03/2020,6.59845E+12,กฤษฎา,ทองอินทร์,มีชีวิตและเลี้ยงดูเด็ก,2.77325E+12,วิภาวี,คุ้มภัย,มีชีวิตและเลี้ยงดูเด็ก,2.77325E+12,วิภาวี,คุ้มภัย,มารดา,,,10/07/2020,3/08/2020,3/08/2020,9/09/2020,2,600,จ่ายสำเร็จ,โอนเข้าบัญชีธนาคาร,7,88400,หน่วยบริการเคลื่อนที่,นครสวรรค์,ไพศาลี,วังข่อย,สำนักงานพัฒนาสังคมและความมั่นคงของมนุษย์จังหวัดนครสวรรค์
NCGPAY00254,NCG00254,7.26668E+12,ภูวดล,ธนากุล,ชาย,14/06/2020,2.75475E+12,ธนภัทร,นิลแก้ว,มีชีวิตและเลี้ยงดูเด็ก,2.95838E+12,พรทิพย์,วัฒนชัย,ไม่สามารถติดต่อได้,2.75475E+12,ธนภัทร,นิลแก้ว,บิดา,,,18/08/2020,7/09/2020,7/09/2020,17/09/2020,1,600,จ่ายสำเร็จ,โอนเข้าบัญชีธนาคาร,5,74600,หน่วยบริการเคลื่อนที่,ปราจีนบุรี,บ้านสร้าง,บางกระเบา,สำนักงานพัฒนาสังคมและความมั่นคงของมนุษย์จังหวัดปราจีนบุรี
NCGPAY00047,NCG00047,3.62124E+12,กฤษฎา,บัวทอง,หญิง,8/07/2020,5.98347E+12,สิทธิชัย,ศรีนวล,มีชีวิตแต่ไม่ได้เลี้ยงดู,6.79748E+12,จุฑามาศ,จำปาแก้ว,มีชีวิตและเลี้ยงดูเด็ก,6.79748E+12,จุฑามาศ,จำปาแก้ว,มารดา,,,29/08/2020,19/09/2020,19/09/2020,20/09/2020,1,600,จ่ายสำเร็จ,โอนเข้าบัญชีธนาคาร,4,64300,ลงทะเบียน ณ หน่วยรับลงทะเบียน,สกลนคร,บ้านม่วง,ดงหม้อทอง,สำนักงานพัฒนาสังคมและความมั่นคงของมนุษย์จังหวัดสกลนคร
NCGPAY00138,NCG00138,8.66355E+12,ณัฐภัทร,ศรีสุข,หญิง,25/02/2020,6.77653E+12,ธีรวัฒน์,วิริยะกุล,ไม่สามารถติดต่อได้,6.61969E+12,อรทัย,ทองดี,มีชีวิตและเลี้ยงดูเด็ก,6.61969E+12,อรทัย,ทองดี,มารดา,,,21/08/2020,19/09/2020,19/09/2020,21/09/2020,1,600,จ่ายสำเร็จ,โอนเข้าบัญชีธนาคาร,5,70200,ระบบออนไลน์,เชียงใหม่,สารภี,ไชยสถาน,สำนักงานพัฒนาสังคมและความมั่นคงของมนุษย์จังหวัดเชียงใหม่
NCGPAY00120,NCG00120,3.87964E+12,กฤษฎา,ภูมิใจ,ชาย,16/04/2020,8.21391E+12,สิทธิชัย,โชคชัย,มีชีวิตและเลี้ยงดูเด็ก,2.89525E+12,รัตนา,บัวทอง,มีชีวิตและเลี้ยงดูเด็ก,2.89525E+12,รัตนา,บัวทอง,มารดา,,,31/08/2020,11/09/2020,11/09/2020,8/10/2020,1,600,จ่ายสำเร็จ,โอนเข้าบัญชีธนาคาร,2,52200,ลงทะเบียน ณ หน่วยรับลงทะเบียน,อุดรธานี,นายูง,โนนทอง,สำนักงานพัฒนาสังคมและความมั่นคงของมนุษย์จังหวัดอุดรธานี
NCGPAY00297,NCG00093,2.99081E+12,ชญานิศ,กุลวงศ์,ชาย,27/04/2020,8.16231E+12,ปณชัย,ใจดี,ไม่สามารถติดต่อได้,7.19111E+12,สุพัตรา,เมืองแก้ว,มีชีวิตและเลี้ยงดูเด็ก,7.19111E+12,สุพัตรา,เมืองแก้ว,มารดา,,,23/07/2020,7/08/2020,7/08/2020,12/10/2020,2,600,จ่ายสำเร็จ,พร้อมเพย์,7,84600,ระบบออนไลน์,จันทบุรี,แหลมสิงห์,บางกะไชย,สำนักงานพัฒนาสังคมและความมั่นคงของมนุษย์จังหวัดจันทบุรี
NCGPAY00337,NCG00162,1.62007E+12,พชรพล,ธนากุล,หญิง,25/01/2020,7.96164E+12,รัชชานนท์,สุนทรวงศ์,มีชีวิตและเลี้ยงดูเด็ก,5.45255E+12,วิภาวี,สมบูรณ์ผล,มีชีวิตและเลี้ยงดูเด็ก,7.96164E+12,รัชชานนท์,สุนทรวงศ์,บิดา,,,19/07/2020,16/08/2020,16/08/2020,12/10/2020,2,600,จ่ายสำเร็จ,โอนเข้าบัญชีธนาคาร,7,86900,ระบบออนไลน์,นนทบุรี,เมืองนนทบุรี,สวนใหญ่,สำนักงานพัฒนาสังคมและความมั่นคงของมนุษย์จังหวัดนนทบุรี
NCGPAY00125,NCG00125,6.37886E+12,ชนิดา,ภูมิใจ,ชาย,25/08/2020,6.77081E+12,อนุชา,ธรรมคุณ,มีชีวิตและเลี้ยงดูเด็ก,1.72923E+12,กัญญารัตน์,ยอดแก้ว,มีชีวิตและเลี้ยงดูเด็ก,6.77081E+12,อนุชา,ธรรมคุณ,บิดา,,,12/10/2020,17/10/2020,17/10/2020,18/10/2020,1,600,จ่ายสำเร็จ,พร้อมเพย์,3,61400,ระบบออนไลน์,แพร่,เมืองแพร่,ช่อแฮ,สำนักงานพัฒนาสังคมและความมั่นคงของมนุษย์จังหวัดแพร่
NCGPAY00189,NCG00189,8.06039E+12,กิตติภัทร,ทรัพย์เจริญ,หญิง,22/01/2020,1.27107E+12,วิทยา,เพชรรัตน์,มีชีวิตแต่ไม่ได้เลี้ยงดู,2.23907E+12,กมลชนก,จำปาแก้ว,มีชีวิตและเลี้ยงดูเด็ก,2.23907E+12,กมลชนก,จำปาแก้ว,มารดา,,,1/09/2020,18/09/2020,18/09/2020,19/10/2020,1,600,จ่ายสำเร็จ,โอนเข้าบัญชีธนาคาร,3,56900,หน่วยบริการเคลื่อนที่,ตรัง,ปะเหลียน,เกาะค้างคาว,สำนักงานพัฒนาสังคมและความมั่นคงของมนุษย์จังหวัดตรัง
NCGPAY00425,NCG00254,7.26668E+12,ภูวดล,ธนากุล,ชาย,14/06/2020,2.75475E+12,ธนภัทร,นิลแก้ว,มีชีวิตและเลี้ยงดูเด็ก,2.95838E+12,พรทิพย์,วัฒนชัย,ไม่สามารถติดต่อได้,2.75475E+12,ธนภัทร,นิลแก้ว,บิดา,,,18/08/2020,7/09/2020,7/09/2020,21/10/2020,2,600,จ่ายสำเร็จ,โอนเข้าบัญชีธนาคาร,5,74600,หน่วยบริการเคลื่อนที่,ปราจีนบุรี,บ้านสร้าง,บางกระเบา,สำนักงานพัฒนาสังคมและความมั่นคงของมนุษย์จังหวัดปราจีนบุรี
NCGPAY00395,NCG00047,3.62124E+12,กฤษฎา,บัวทอง,หญิง,8/07/2020,5.98347E+12,สิทธิชัย,ศรีนวล,มีชีวิตแต่ไม่ได้เลี้ยงดู,6.79748E+12,จุฑามาศ,จำปาแก้ว,มีชีวิตและเลี้ยงดูเด็ก,6.79748E+12,จุฑามาศ,จำปาแก้ว,มารดา,,,29/08/2020,19/09/2020,19/09/2020,23/10/2020,2,600,จ่ายสำเร็จ,พร้อมเพย์,4,64300,ลงทะเบียน ณ หน่วยรับลงทะเบียน,สกลนคร,บ้านม่วง,ดงหม้อทอง,สำนักงานพัฒนาสังคมและความมั่นคงของมนุษย์จังหวัดสกลนคร
NCGPAY00055,NCG00055,8.77164E+12,พัชรินทร์,เมืองแก้ว,หญิง,17/05/2020,5.79259E+12,จักรพันธ์,ไชยวงศ์,มีชีวิตและเลี้ยงดูเด็ก,1.94623E+12,ธัญชนก,แสงเพชร,มีชีวิตแต่ไม่ได้เลี้ยงดู,5.79259E+12,จักรพันธ์,ไชยวงศ์,บิดา,,,16/09/2020,24/09/2020,24/09/2020,25/10/2020,1,1800,จ่ายย้อนหลังรวมหลายงวด,โอนเข้าบัญชีธนาคาร,4,65000,ระบบออนไลน์,ขอนแก่น,น้ำพอง,สะอาด,สำนักงานพัฒนาสังคมและความมั่นคงของมนุษย์จังหวัดขอนแก่น
NCGPAY00279,NCG00279,6.16238E+12,พชรพล,อ่อนละมุน,หญิง,28/08/2020,3.98972E+12,อาทิตย์,สุนทรวงศ์,มีชีวิตและเลี้ยงดูเด็ก,5.88727E+12,จิราภรณ์,คำแสน,มีชีวิตและเลี้ยงดูเด็ก,5.88727E+12,จิราภรณ์,คำแสน,มารดา,,,17/09/2020,17/10/2020,17/10/2020,27/10/2020,1,600,จ่ายสำเร็จ,โอนเข้าบัญชีธนาคาร,5,76600,ระบบออนไลน์,ชลบุรี,พนัสนิคม,วัดโบสถ์,สำนักงานพัฒนาสังคมและความมั่นคงของมนุษย์จังหวัดชลบุรี
NCGPAY00375,NCG00120,3.87964E+12,กฤษฎา,ภูมิใจ,ชาย,16/04/2020,8.21391E+12,สิทธิชัย,โชคชัย,มีชีวิตและเลี้ยงดูเด็ก,2.89525E+12,รัตนา,บัวทอง,มีชีวิตและเลี้ยงดูเด็ก,2.89525E+12,รัตนา,บัวทอง,มารดา,,,31/08/2020,11/09/2020,11/09/2020,5/11/2020,2,600,จ่ายสำเร็จ,พร้อมเพย์,2,52200,ลงทะเบียน ณ หน่วยรับลงทะเบียน,อุดรธานี,นายูง,โนนทอง,สำนักงานพัฒนาสังคมและความมั่นคงของมนุษย์จังหวัดอุดรธานี
NCGPAY00316,NCG00093,2.99081E+12,ชญานิศ,กุลวงศ์,ชาย,27/04/2020,8.16231E+12,ปณชัย,ใจดี,ไม่สามารถติดต่อได้,7.19111E+12,สุพัตรา,เมืองแก้ว,มีชีวิตและเลี้ยงดูเด็ก,7.19111E+12,สุพัตรา,เมืองแก้ว,มารดา,,,23/07/2020,7/08/2020,7/08/2020,13/11/2020,3,600,จ่ายสำเร็จ,พร้อมเพย์,7,84600,ระบบออนไลน์,จันทบุรี,แหลมสิงห์,บางกะไชย,สำนักงานพัฒนาสังคมและความมั่นคงของมนุษย์จังหวัดจันทบุรี
NCGPAY00129,NCG00129,3.15305E+12,นภัสสร,ทองสุข,ชาย,10/02/2020,1.07202E+12,พงศกร,เมืองแก้ว,มีชีวิตและเลี้ยงดูเด็ก,7.32083E+12,พิมพ์ชนก,สิงห์ทอง,มีชีวิตแต่ไม่ได้เลี้ยงดู,1.07202E+12,พงศกร,เมืองแก้ว,บิดา,,,4/10/2020,22/10/2020,22/10/2020,16/11/2020,1,600,จ่ายสำเร็จ,พร้อมเพย์,4,59900,เจ้าหน้าที่ช่วยลงทะเบียน,สงขลา,เทพา,วังใหญ่,สำนักงานพัฒนาสังคมและความมั่นคงของมนุษย์จังหวัดสงขลา
NCGPAY00149,NCG00149,3.40281E+12,วราภรณ์,เมืองแก้ว,หญิง,12/08/2020,8.68484E+12,ภูวดล,สุวรรณศรี,มีชีวิตและเลี้ยงดูเด็ก,8.87913E+12,ชนิดา,วงศ์คำ,มีชีวิตและเลี้ยงดูเด็ก,8.87913E+12,ชนิดา,วงศ์คำ,มารดา,,,31/10/2020,4/11/2020,4/11/2020,19/11/2020,1,600,จ่ายสำเร็จ,โอนเข้าบัญชีธนาคาร,5,73600,ลงทะเบียน ณ หน่วยรับลงทะเบียน,สุพรรณบุรี,บางปลาม้า,ไผ่กองดิน,สำนักงานพัฒนาสังคมและความมั่นคงของมนุษย์จังหวัดสุพรรณบุรี
NCGPAY00481,NCG00047,3.62124E+12,กฤษฎา,บัวทอง,หญิง,8/07/2020,5.98347E+12,สิทธิชัย,ศรีนวล,มีชีวิตแต่ไม่ได้เลี้ยงดู,6.79748E+12,จุฑามาศ,จำปาแก้ว,มีชีวิตและเลี้ยงดูเด็ก,6.79748E+12,จุฑามาศ,จำปาแก้ว,มารดา,,,29/08/2020,19/09/2020,19/09/2020,27/11/2020,3,600,จ่ายสำเร็จ,พร้อมเพย์,4,64300,ลงทะเบียน ณ หน่วยรับลงทะเบียน,สกลนคร,บ้านม่วง,ดงหม้อทอง,สำนักงานพัฒนาสังคมและความมั่นคงของมนุษย์จังหวัดสกลนคร
NCGPAY00403,NCG00279,6.16238E+12,พชรพล,อ่อนละมุน,หญิง,28/08/2020,3.98972E+12,อาทิตย์,สุนทรวงศ์,มีชีวิตและเลี้ยงดูเด็ก,5.88727E+12,จิราภรณ์,คำแสน,มีชีวิตและเลี้ยงดูเด็ก,5.88727E+12,จิราภรณ์,คำแสน,มารดา,,,17/09/2020,17/10/2020,17/10/2020,29/11/2020,2,600,จ่ายสำเร็จ,พร้อมเพย์,5,76600,ระบบออนไลน์,ชลบุรี,พนัสนิคม,วัดโบสถ์,สำนักงานพัฒนาสังคมและความมั่นคงของมนุษย์จังหวัดชลบุรี
NCGPAY00277,NCG00277,1.83202E+12,วรเมธ,เข็มทอง,หญิง,15/08/2020,1.90509E+12,ชยพล,จิตมั่น,มีชีวิตและเลี้ยงดูเด็ก,6.47142E+12,กมลชนก,ภูมิใจ,เสียชีวิต,1.90509E+12,ชยพล,จิตมั่น,บิดา,,,11/10/2020,4/11/2020,4/11/2020,5/12/2020,1,600,จ่ายสำเร็จ,โอนเข้าบัญชีธนาคาร,7,85300,หน่วยบริการเคลื่อนที่,อุดรธานี,นายูง,โนนทอง,สำนักงานพัฒนาสังคมและความมั่นคงของมนุษย์จังหวัดอุดรธานี
NCGPAY00234,NCG00234,6.15424E+12,พิชญาภา,ภูมิใจ,ชาย,3/09/2020,3.53987E+12,ธนกฤต,เกษมสุข,มีชีวิตและเลี้ยงดูเด็ก,6.62909E+12,นิตยา,บุญส่ง,มีชีวิตและเลี้ยงดูเด็ก,6.62909E+12,นิตยา,บุญส่ง,มารดา,,,11/10/2020,9/11/2020,9/11/2020,11/12/2020,1,600,จ่ายสำเร็จ,โอนเข้าบัญชีธนาคาร,7,90400,ระบบออนไลน์,พัทลุง,ศรีนครินทร์,ชุมพล,สำนักงานพัฒนาสังคมและความมั่นคงของมนุษย์จังหวัดพัทลุง
NCGPAY00429,NCG00129,3.15305E+12,นภัสสร,ทองสุข,ชาย,10/02/2020,1.07202E+12,พงศกร,เมืองแก้ว,มีชีวิตและเลี้ยงดูเด็ก,7.32083E+12,พิมพ์ชนก,สิงห์ทอง,มีชีวิตแต่ไม่ได้เลี้ยงดู,1.07202E+12,พงศกร,เมืองแก้ว,บิดา,,,4/10/2020,22/10/2020,22/10/2020,18/12/2020,2,600,จ่ายสำเร็จ,พร้อมเพย์,4,59900,เจ้าหน้าที่ช่วยลงทะเบียน,สงขลา,เทพา,วังใหญ่,สำนักงานพัฒนาสังคมและความมั่นคงของมนุษย์จังหวัดสงขลา
NCGPAY00260,NCG00260,4.04691E+12,ภาคิน,แสนดี,หญิง,17/09/2020,5.92827E+12,พงษ์ศักดิ์,ทรัพย์เจริญ,ไม่สามารถเลี้ยงดูได้,7.0768E+12,พรทิพย์,พรมศรี,ไม่สามารถเลี้ยงดูได้,6.2074E+12,ภูวดล,ทรัพย์เจริญ,ผู้ปกครองโดยชอบด้วยกฎหมาย,ป้า,บิดาและมารดาไม่สามารถเลี้ยงดูเด็กได้,25/11/2020,25/12/2020,25/12/2020,2/01/2021,1,600,จ่ายสำเร็จ,พร้อมเพย์,2,54300,ระบบออนไลน์,ลำปาง,ห้างฉัตร,เวียงตาล,สำนักงานพัฒนาสังคมและความมั่นคงของมนุษย์จังหวัดลำปาง
NCGPAY00463,NCG00277,1.83202E+12,วรเมธ,เข็มทอง,หญิง,15/08/2020,1.90509E+12,ชยพล,จิตมั่น,มีชีวิตและเลี้ยงดูเด็ก,6.47142E+12,กมลชนก,ภูมิใจ,เสียชีวิต,1.90509E+12,ชยพล,จิตมั่น,บิดา,,,11/10/2020,4/11/2020,4/11/2020,4/01/2021,2,600,จ่ายสำเร็จ,โอนเข้าบัญชีธนาคาร,7,85300,หน่วยบริการเคลื่อนที่,อุดรธานี,นายูง,โนนทอง,สำนักงานพัฒนาสังคมและความมั่นคงของมนุษย์จังหวัดอุดรธานี
NCGPAY00185,NCG00185,8.94712E+12,วราภรณ์,ใจดี,หญิง,16/06/2020,3.2005E+12,ธนภัทร,แสงจันทร์,มีชีวิตแต่ไม่ได้เลี้ยงดู,7.55196E+12,อรวรรณ,แสงจันทร์,มีชีวิตและเลี้ยงดูเด็ก,7.55196E+12,อรวรรณ,แสงจันทร์,มารดา,,,22/11/2020,11/12/2020,11/12/2020,6/01/2021,1,600,จ่ายสำเร็จ,โอนเข้าบัญชีธนาคาร,5,71600,เจ้าหน้าที่ช่วยลงทะเบียน,นนทบุรี,เมืองนนทบุรี,สวนใหญ่,สำนักงานพัฒนาสังคมและความมั่นคงของมนุษย์จังหวัดนนทบุรี
NCGPAY00057,NCG00057,6.63168E+12,วายุ,ทองมาก,หญิง,7/07/2020,1.76554E+12,ภูวดล,คงเจริญ,มีชีวิตและเลี้ยงดูเด็ก,7.68477E+12,กัญญารัตน์,สวัสดิผล,มีชีวิตและเลี้ยงดูเด็ก,7.68477E+12,กัญญารัตน์,สวัสดิผล,มารดา,,,11/11/2020,6/12/2020,6/12/2020,8/01/2021,1,600,จ่ายสำเร็จ,โอนเข้าบัญชีธนาคาร,5,77400,ระบบออนไลน์,นครสวรรค์,ไพศาลี,วังข่อย,สำนักงานพัฒนาสังคมและความมั่นคงของมนุษย์จังหวัดนครสวรรค์
NCGPAY00302,NCG00234,6.15424E+12,พิชญาภา,ภูมิใจ,ชาย,3/09/2020,3.53987E+12,ธนกฤต,เกษมสุข,มีชีวิตและเลี้ยงดูเด็ก,6.62909E+12,นิตยา,บุญส่ง,มีชีวิตและเลี้ยงดูเด็ก,6.62909E+12,นิตยา,บุญส่ง,มารดา,,,11/10/2020,9/11/2020,9/11/2020,11/01/2021,2,600,จ่ายสำเร็จ,โอนเข้าบัญชีธนาคาร,7,90400,ระบบออนไลน์,พัทลุง,ศรีนครินทร์,ชุมพล,สำนักงานพัฒนาสังคมและความมั่นคงของมนุษย์จังหวัดพัทลุง
NCGPAY00112,NCG00112,3.61578E+12,ธิดารัตน์,เรืองฤทธิ์,ชาย,9/07/2020,5.18872E+12,อาทิตย์,พิพัฒน์กุล,มีชีวิตแต่ไม่ได้เลี้ยงดู,3.49277E+12,ชุติมา,พิพัฒน์กุล,มีชีวิตและเลี้ยงดูเด็ก,3.49277E+12,ชุติมา,พิพัฒน์กุล,มารดา,,,21/12/2020,29/12/2020,29/12/2020,19/01/2021,1,1800,จ่ายย้อนหลังรวมหลายงวด,โอนเข้าบัญชีธนาคาร,6,82900,ลงทะเบียน ณ หน่วยรับลงทะเบียน,พระนครศรีอยุธยา,บางบาล,ไทรน้อย,สำนักงานพัฒนาสังคมและความมั่นคงของมนุษย์จังหวัดพระนครศรีอยุธยา
NCGPAY00229,NCG00229,7.73997E+12,ธีรดนย์,บุญส่ง,ชาย,23/06/2020,5.36188E+12,สุรชัย,ยอดแก้ว,มีชีวิตและเลี้ยงดูเด็ก,3.9252E+12,ชลธิชา,ทองอินทร์,มีชีวิตและเลี้ยงดูเด็ก,3.9252E+12,ชลธิชา,ทองอินทร์,มารดา,,,15/12/2020,6/01/2021,6/01/2021,19/01/2021,1,1800,จ่ายย้อนหลังรวมหลายงวด,โอนเข้าบัญชีธนาคาร,5,75500,ระบบออนไลน์,สมุทรสาคร,กระทุ่มแบน,ดอนไก่ดี,สำนักงานพัฒนาสังคมและความมั่นคงของมนุษย์จังหวัดสมุทรสาคร
NCGPAY00015,NCG00015,6.38311E+12,อชิระ,นิลแก้ว,หญิง,25/11/2020,5.24647E+12,ศรัณย์,พิพัฒน์กุล,มีชีวิตแต่ไม่ได้เลี้ยงดู,3.04908E+12,ณัฐธิดา,ไชยวงศ์,มีชีวิตแต่ไม่ได้เลี้ยงดู,3.20108E+12,ปณชัย,เข็มทอง,ผู้ปกครองโดยชอบด้วยกฎหมาย,อา,ได้รับแต่งตั้งเป็นผู้ปกครองตามคำสั่งศาล,12/01/2021,24/01/2021,24/01/2021,30/01/2021,1,600,จ่ายสำเร็จ,โอนเข้าบัญชีธนาคาร,7,80000,หน่วยบริการเคลื่อนที่,ปทุมธานี,เมืองปทุมธานี,บางหลวง,สำนักงานพัฒนาสังคมและความมั่นคงของมนุษย์จังหวัดปทุมธานี
NCGPAY00471,NCG00277,1.83202E+12,วรเมธ,เข็มทอง,หญิง,15/08/2020,1.90509E+12,ชยพล,จิตมั่น,มีชีวิตและเลี้ยงดูเด็ก,6.47142E+12,กมลชนก,ภูมิใจ,เสียชีวิต,1.90509E+12,ชยพล,จิตมั่น,บิดา,,,11/10/2020,4/11/2020,4/11/2020,3/02/2021,3,600,จ่ายสำเร็จ,พร้อมเพย์,7,85300,หน่วยบริการเคลื่อนที่,อุดรธานี,นายูง,โนนทอง,สำนักงานพัฒนาสังคมและความมั่นคงของมนุษย์จังหวัดอุดรธานี
NCGPAY00324,NCG00234,6.15424E+12,พิชญาภา,ภูมิใจ,ชาย,3/09/2020,3.53987E+12,ธนกฤต,เกษมสุข,มีชีวิตและเลี้ยงดูเด็ก,6.62909E+12,นิตยา,บุญส่ง,มีชีวิตและเลี้ยงดูเด็ก,6.62909E+12,นิตยา,บุญส่ง,มารดา,,,11/10/2020,9/11/2020,9/11/2020,10/02/2021,3,600,จ่ายสำเร็จ,โอนเข้าบัญชีธนาคาร,7,90400,ระบบออนไลน์,พัทลุง,ศรีนครินทร์,ชุมพล,สำนักงานพัฒนาสังคมและความมั่นคงของมนุษย์จังหวัดพัทลุง
NCGPAY00356,NCG00057,6.63168E+12,วายุ,ทองมาก,หญิง,7/07/2020,1.76554E+12,ภูวดล,คงเจริญ,มีชีวิตและเลี้ยงดูเด็ก,7.68477E+12,กัญญารัตน์,สวัสดิผล,มีชีวิตและเลี้ยงดูเด็ก,7.68477E+12,กัญญารัตน์,สวัสดิผล,มารดา,,,11/11/2020,6/12/2020,6/12/2020,10/02/2021,2,600,จ่ายสำเร็จ,โอนเข้าบัญชีธนาคาร,5,77400,ระบบออนไลน์,นครสวรรค์,ไพศาลี,วังข่อย,สำนักงานพัฒนาสังคมและความมั่นคงของมนุษย์จังหวัดนครสวรรค์
NCGPAY00034,NCG00034,8.14704E+12,กมลชนก,แก้วกาญจน์,ชาย,6/06/2020,7.88018E+12,ณรงค์,มั่นคง,มีชีวิตและเลี้ยงดูเด็ก,2.79671E+12,ธัญชนก,บุญเรือง,มีชีวิตและเลี้ยงดูเด็ก,7.88018E+12,ณรงค์,มั่นคง,บิดา,,,28/12/2020,13/01/2021,13/01/2021,15/02/2021,1,600,จ่ายสำเร็จ,โอนเข้าบัญชีธนาคาร,3,55100,ระบบออนไลน์,สงขลา,เทพา,วังใหญ่,สำนักงานพัฒนาสังคมและความมั่นคงของมนุษย์จังหวัดสงขลา
NCGPAY00483,NCG00112,3.61578E+12,ธิดารัตน์,เรืองฤทธิ์,ชาย,9/07/2020,5.18872E+12,อาทิตย์,พิพัฒน์กุล,มีชีวิตแต่ไม่ได้เลี้ยงดู,3.49277E+12,ชุติมา,พิพัฒน์กุล,มีชีวิตและเลี้ยงดูเด็ก,3.49277E+12,ชุติมา,พิพัฒน์กุล,มารดา,,,21/12/2020,29/12/2020,29/12/2020,19/02/2021,2,600,จ่ายสำเร็จ,โอนเข้าบัญชีธนาคาร,6,82900,ลงทะเบียน ณ หน่วยรับลงทะเบียน,พระนครศรีอยุธยา,บางบาล,ไทรน้อย,สำนักงานพัฒนาสังคมและความมั่นคงของมนุษย์จังหวัดพระนครศรีอยุธยา
NCGPAY00026,NCG00026,4.54344E+12,พัชราภา,จิตมั่น,หญิง,20/07/2020,5.69567E+12,สุเมธ,สุทธิวงศ์,มีชีวิตและเลี้ยงดูเด็ก,7.96305E+12,พัชรินทร์,คงเจริญ,มีชีวิตและเลี้ยงดูเด็ก,5.69567E+12,สุเมธ,สุทธิวงศ์,บิดา,,,29/12/2020,18/01/2021,18/01/2021,21/02/2021,1,600,จ่ายสำเร็จ,โอนเข้าบัญชีธนาคาร,2,56600,หน่วยบริการเคลื่อนที่,นครราชสีมา,ห้วยแถลง,เมืองพลับพลา,สำนักงานพัฒนาสังคมและความมั่นคงของมนุษย์จังหวัดนครราชสีมา
NCGPAY00106,NCG00106,8.60166E+12,ปิยธิดา,สุทธิวงศ์,หญิง,19/09/2020,4.32633E+12,สิทธิชัย,สุนทรวงศ์,มีชีวิตและเลี้ยงดูเด็ก,5.31357E+12,กัลยา,ภูมิใจ,มีชีวิตและเลี้ยงดูเด็ก,5.31357E+12,กัลยา,ภูมิใจ,มารดา,,,2/02/2021,10/02/2021,10/02/2021,26/02/2021,1,600,จ่ายสำเร็จ,โอนเข้าบัญชีธนาคาร,5,74400,ลงทะเบียน ณ หน่วยรับลงทะเบียน,นครศรีธรรมราช,ทุ่งสง,นาโพธิ์,สำนักงานพัฒนาสังคมและความมั่นคงของมนุษย์จังหวัดนครศรีธรรมราช
NCGPAY00290,NCG00015,6.38311E+12,อชิระ,นิลแก้ว,หญิง,25/11/2020,5.24647E+12,ศรัณย์,พิพัฒน์กุล,มีชีวิตแต่ไม่ได้เลี้ยงดู,3.04908E+12,ณัฐธิดา,ไชยวงศ์,มีชีวิตแต่ไม่ได้เลี้ยงดู,3.20108E+12,ปณชัย,เข็มทอง,ผู้ปกครองโดยชอบด้วยกฎหมาย,อา,ได้รับแต่งตั้งเป็นผู้ปกครองตามคำสั่งศาล,12/01/2021,24/01/2021,24/01/2021,1/03/2021,2,600,จ่ายสำเร็จ,โอนเข้าบัญชีธนาคาร,7,80000,หน่วยบริการเคลื่อนที่,ปทุมธานี,เมืองปทุมธานี,บางหลวง,สำนักงานพัฒนาสังคมและความมั่นคงของมนุษย์จังหวัดปทุมธานี
NCGPAY00257,NCG00257,6.2615E+12,ชยุต,ประดับศรี,หญิง,1/01/2021,3.78089E+12,ธนกฤต,ธรรมรักษ์,มีชีวิตและเลี้ยงดูเด็ก,7.4706E+12,สุภาวดี,แก้วกาญจน์,มีชีวิตแต่ไม่ได้เลี้ยงดู,3.78089E+12,ธนกฤต,ธรรมรักษ์,บิดา,,,11/02/2021,27/02/2021,27/02/2021,3/03/2021,1,600,จ่ายสำเร็จ,โอนเข้าบัญชีธนาคาร,6,79100,เจ้าหน้าที่ช่วยลงทะเบียน,นราธิวาส,ตากใบ,เกาะสะท้อน,สำนักงานพัฒนาสังคมและความมั่นคงของมนุษย์จังหวัดนราธิวาส
NCGPAY00061,NCG00061,4.598E+12,ธัญชนก,ศรีสุข,หญิง,10/07/2020,4.18795E+12,สมชาย,ธรรมคุณ,มีชีวิตแต่ไม่ได้เลี้ยงดู,3.70594E+12,มาลี,สุวรรณศรี,มีชีวิตและเลี้ยงดูเด็ก,3.70594E+12,มาลี,สุวรรณศรี,มารดา,,,26/01/2021,8/02/2021,8/02/2021,5/03/2021,1,600,จ่ายสำเร็จ,โอนเข้าบัญชีธนาคาร,3,60900,หน่วยบริการเคลื่อนที่,ฉะเชิงเทรา,บางปะกง,เขาดิน,สำนักงานพัฒนาสังคมและความมั่นคงของมนุษย์จังหวัดฉะเชิงเทรา
NCGPAY00259,NCG00259,7.21753E+12,ปาริชาติ,ทวีทรัพย์,หญิง,19/07/2020,3.17932E+12,ปริญญา,มั่นคง,มีชีวิตและเลี้ยงดูเด็ก,6.58152E+12,รัตนา,คงเจริญ,มีชีวิตและเลี้ยงดูเด็ก,3.17932E+12,ปริญญา,มั่นคง,บิดา,,,2/02/2021,7/02/2021,7/02/2021,10/03/2021,1,600,จ่ายสำเร็จ,พร้อมเพย์,5,75100,เจ้าหน้าที่ช่วยลงทะเบียน,ยะลา,บันนังสตา,บาเจาะ,สำนักงานพัฒนาสังคมและความมั่นคงของมนุษย์จังหวัดยะลา
NCGPAY00306,NCG00034,8.14704E+12,กมลชนก,แก้วกาญจน์,ชาย,6/06/2020,7.88018E+12,ณรงค์,มั่นคง,มีชีวิตและเลี้ยงดูเด็ก,2.79671E+12,ธัญชนก,บุญเรือง,มีชีวิตและเลี้ยงดูเด็ก,7.88018E+12,ณรงค์,มั่นคง,บิดา,,,28/12/2020,13/01/2021,13/01/2021,22/03/2021,2,1200,จ่ายย้อนหลังรวมหลายงวด,พร้อมเพย์,3,55100,ระบบออนไลน์,สงขลา,เทพา,วังใหญ่,สำนักงานพัฒนาสังคมและความมั่นคงของมนุษย์จังหวัดสงขลา
NCGPAY00474,NCG00026,4.54344E+12,พัชราภา,จิตมั่น,หญิง,20/07/2020,5.69567E+12,สุเมธ,สุทธิวงศ์,มีชีวิตและเลี้ยงดูเด็ก,7.96305E+12,พัชรินทร์,คงเจริญ,มีชีวิตและเลี้ยงดูเด็ก,5.69567E+12,สุเมธ,สุทธิวงศ์,บิดา,,,29/12/2020,18/01/2021,18/01/2021,22/03/2021,2,600,จ่ายสำเร็จ,โอนเข้าบัญชีธนาคาร,2,56600,หน่วยบริการเคลื่อนที่,นครราชสีมา,ห้วยแถลง,เมืองพลับพลา,สำนักงานพัฒนาสังคมและความมั่นคงของมนุษย์จังหวัดนครราชสีมา
NCGPAY00294,NCG00106,8.60166E+12,ปิยธิดา,สุทธิวงศ์,หญิง,19/09/2020,4.32633E+12,สิทธิชัย,สุนทรวงศ์,มีชีวิตและเลี้ยงดูเด็ก,5.31357E+12,กัลยา,ภูมิใจ,มีชีวิตและเลี้ยงดูเด็ก,5.31357E+12,กัลยา,ภูมิใจ,มารดา,,,2/02/2021,10/02/2021,10/02/2021,26/03/2021,2,600,จ่ายสำเร็จ,พร้อมเพย์,5,74400,ลงทะเบียน ณ หน่วยรับลงทะเบียน,นครศรีธรรมราช,ทุ่งสง,นาโพธิ์,สำนักงานพัฒนาสังคมและความมั่นคงของมนุษย์จังหวัดนครศรีธรรมราช
NCGPAY00218,NCG00218,4.28527E+12,พิมพ์ชนก,แสนดี,หญิง,2/10/2020,7.17717E+12,สุรชัย,สิงห์ทอง,มีชีวิตและเลี้ยงดูเด็ก,7.8404E+12,ศิริพร,ชูศรี,มีชีวิตและเลี้ยงดูเด็ก,7.8404E+12,ศิริพร,ชูศรี,มารดา,,,8/03/2021,11/03/2021,11/03/2021,29/03/2021,1,600,จ่ายสำเร็จ,โอนเข้าบัญชีธนาคาร,3,62600,ลงทะเบียน ณ หน่วยรับลงทะเบียน,นครราชสีมา,ห้วยแถลง,เมืองพลับพลา,สำนักงานพัฒนาสังคมและความมั่นคงของมนุษย์จังหวัดนครราชสีมา
NCGPAY00322,NCG00257,6.2615E+12,ชยุต,ประดับศรี,หญิง,1/01/2021,3.78089E+12,ธนกฤต,ธรรมรักษ์,มีชีวิตและเลี้ยงดูเด็ก,7.4706E+12,สุภาวดี,แก้วกาญจน์,มีชีวิตแต่ไม่ได้เลี้ยงดู,3.78089E+12,ธนกฤต,ธรรมรักษ์,บิดา,,,11/02/2021,27/02/2021,27/02/2021,7/04/2021,2,600,จ่ายสำเร็จ,โอนเข้าบัญชีธนาคาร,6,79100,เจ้าหน้าที่ช่วยลงทะเบียน,นราธิวาส,ตากใบ,เกาะสะท้อน,สำนักงานพัฒนาสังคมและความมั่นคงของมนุษย์จังหวัดนราธิวาส
NCGPAY00439,NCG00034,8.14704E+12,กมลชนก,แก้วกาญจน์,ชาย,6/06/2020,7.88018E+12,ณรงค์,มั่นคง,มีชีวิตและเลี้ยงดูเด็ก,2.79671E+12,ธัญชนก,บุญเรือง,มีชีวิตและเลี้ยงดูเด็ก,7.88018E+12,ณรงค์,มั่นคง,บิดา,,,28/12/2020,13/01/2021,13/01/2021,19/04/2021,3,600,จ่ายสำเร็จ,โอนเข้าบัญชีธนาคาร,3,55100,ระบบออนไลน์,สงขลา,เทพา,วังใหญ่,สำนักงานพัฒนาสังคมและความมั่นคงของมนุษย์จังหวัดสงขลา
NCGPAY00450,NCG00106,8.60166E+12,ปิยธิดา,สุทธิวงศ์,หญิง,19/09/2020,4.32633E+12,สิทธิชัย,สุนทรวงศ์,มีชีวิตและเลี้ยงดูเด็ก,5.31357E+12,กัลยา,ภูมิใจ,มีชีวิตและเลี้ยงดูเด็ก,5.31357E+12,กัลยา,ภูมิใจ,มารดา,,,2/02/2021,10/02/2021,10/02/2021,24/04/2021,3,1800,จ่ายย้อนหลังรวมหลายงวด,โอนเข้าบัญชีธนาคาร,5,74400,ลงทะเบียน ณ หน่วยรับลงทะเบียน,นครศรีธรรมราช,ทุ่งสง,นาโพธิ์,สำนักงานพัฒนาสังคมและความมั่นคงของมนุษย์จังหวัดนครศรีธรรมราช
NCGPAY00476,NCG00026,4.54344E+12,พัชราภา,จิตมั่น,หญิง,20/07/2020,5.69567E+12,สุเมธ,สุทธิวงศ์,มีชีวิตและเลี้ยงดูเด็ก,7.96305E+12,พัชรินทร์,คงเจริญ,มีชีวิตและเลี้ยงดูเด็ก,5.69567E+12,สุเมธ,สุทธิวงศ์,บิดา,,,29/12/2020,18/01/2021,18/01/2021,24/04/2021,3,600,จ่ายสำเร็จ,โอนเข้าบัญชีธนาคาร,2,56600,หน่วยบริการเคลื่อนที่,นครราชสีมา,ห้วยแถลง,เมืองพลับพลา,สำนักงานพัฒนาสังคมและความมั่นคงของมนุษย์จังหวัดนครราชสีมา
NCGPAY00492,NCG00218,4.28527E+12,พิมพ์ชนก,แสนดี,หญิง,2/10/2020,7.17717E+12,สุรชัย,สิงห์ทอง,มีชีวิตและเลี้ยงดูเด็ก,7.8404E+12,ศิริพร,ชูศรี,มีชีวิตและเลี้ยงดูเด็ก,7.8404E+12,ศิริพร,ชูศรี,มารดา,,,8/03/2021,11/03/2021,11/03/2021,2/05/2021,2,600,จ่ายสำเร็จ,โอนเข้าบัญชีธนาคาร,3,62600,ลงทะเบียน ณ หน่วยรับลงทะเบียน,นครราชสีมา,ห้วยแถลง,เมืองพลับพลา,สำนักงานพัฒนาสังคมและความมั่นคงของมนุษย์จังหวัดนครราชสีมา
NCGPAY00128,NCG00128,2.87213E+12,อภิญญา,พรมศรี,หญิง,14/12/2020,5.02803E+12,ธีรภัทร,สุนทรวงศ์,มีชีวิตและเลี้ยงดูเด็ก,2.48734E+12,อรทัย,มั่นคง,มีชีวิตและเลี้ยงดูเด็ก,5.02803E+12,ธีรภัทร,สุนทรวงศ์,บิดา,,,31/03/2021,5/04/2021,5/04/2021,7/05/2021,1,600,จ่ายสำเร็จ,พร้อมเพย์,2,49200,ลงทะเบียน ณ หน่วยรับลงทะเบียน,อุตรดิตถ์,พิชัย,ไร่อ้อย,สำนักงานพัฒนาสังคมและความมั่นคงของมนุษย์จังหวัดอุตรดิตถ์
NCGPAY00168,NCG00168,2.37271E+12,ชนน,สุนทรวงศ์,หญิง,30/01/2021,8.61196E+12,สุเมธ,เกียรติไพศาล,มีชีวิตและเลี้ยงดูเด็ก,3.83217E+12,สุพัตรา,นาคทอง,มีชีวิตและเลี้ยงดูเด็ก,3.83217E+12,สุพัตรา,นาคทอง,มารดา,,,17/04/2021,1/05/2021,1/05/2021,12/05/2021,1,600,จ่ายสำเร็จ,โอนเข้าบัญชีธนาคาร,7,79700,ลงทะเบียน ณ หน่วยรับลงทะเบียน,สมุทรปราการ,พระประแดง,บางน้ำผึ้ง,สำนักงานพัฒนาสังคมและความมั่นคงของมนุษย์จังหวัดสมุทรปราการ
NCGPAY00110,NCG00110,5.01863E+12,พรรณภา,ตั้งมั่น,หญิง,10/01/2021,3.68221E+12,อนุชา,ศรีสมบัติ,มีชีวิตและเลี้ยงดูเด็ก,8.43204E+12,ธิดารัตน์,สุทธิวงศ์,มีชีวิตและเลี้ยงดูเด็ก,8.43204E+12,ธิดารัตน์,สุทธิวงศ์,มารดา,,,29/04/2021,18/05/2021,18/05/2021,24/05/2021,1,600,จ่ายสำเร็จ,โอนเข้าบัญชีธนาคาร,4,60100,ลงทะเบียน ณ หน่วยรับลงทะเบียน,ลพบุรี,โคกสำโรง,วังจั่น,สำนักงานพัฒนาสังคมและความมั่นคงของมนุษย์จังหวัดลพบุรี
NCGPAY00122,NCG00122,3.69458E+12,ภูวดล,บุญเรือง,ชาย,21/10/2020,7.56798E+12,วรพล,แก้วกาญจน์,มีชีวิตและเลี้ยงดูเด็ก,6.39039E+12,จุฑามาศ,คำแสน,ไม่สามารถติดต่อได้,7.56798E+12,วรพล,แก้วกาญจน์,บิดา,,,24/04/2021,30/04/2021,30/04/2021,25/05/2021,1,600,จ่ายสำเร็จ,โอนเข้าบัญชีธนาคาร,2,55400,ระบบออนไลน์,สระแก้ว,วังสมบูรณ์,วังใหม่,สำนักงานพัฒนาสังคมและความมั่นคงของมนุษย์จังหวัดสระแก้ว
NCGPAY00258,NCG00258,3.3523E+12,พัชรินทร์,คงเจริญ,ชาย,18/01/2021,7.19818E+12,ปกรณ์,เกิดผล,มีชีวิตและเลี้ยงดูเด็ก,8.30024E+12,อรวรรณ,มั่นคง,มีชีวิตและเลี้ยงดูเด็ก,8.30024E+12,อรวรรณ,มั่นคง,มารดา,,,31/03/2021,30/04/2021,30/04/2021,26/05/2021,1,600,จ่ายสำเร็จ,พร้อมเพย์,6,78900,หน่วยบริการเคลื่อนที่,สกลนคร,บ้านม่วง,ดงหม้อทอง,สำนักงานพัฒนาสังคมและความมั่นคงของมนุษย์จังหวัดสกลนคร
NCGPAY00077,NCG00077,1.00661E+12,ชุติมา,รุ่งเรือง,หญิง,13/09/2020,7.04931E+12,ศรัณย์,เรืองฤทธิ์,มีชีวิตและเลี้ยงดูเด็ก,7.55318E+12,อรทัย,ทองมาก,มีชีวิตและเลี้ยงดูเด็ก,7.55318E+12,อรทัย,ทองมาก,มารดา,,,26/04/2021,25/05/2021,25/05/2021,7/06/2021,1,600,จ่ายสำเร็จ,พร้อมเพย์,6,75400,ระบบออนไลน์,นครปฐม,สามพราน,อ้อมใหญ่,สำนักงานพัฒนาสังคมและความมั่นคงของมนุษย์จังหวัดนครปฐม
NCGPAY00464,NCG00128,2.87213E+12,อภิญญา,พรมศรี,หญิง,14/12/2020,5.02803E+12,ธีรภัทร,สุนทรวงศ์,มีชีวิตและเลี้ยงดูเด็ก,2.48734E+12,อรทัย,มั่นคง,มีชีวิตและเลี้ยงดูเด็ก,5.02803E+12,ธีรภัทร,สุนทรวงศ์,บิดา,,,31/03/2021,5/04/2021,5/04/2021,8/06/2021,2,600,จ่ายสำเร็จ,โอนเข้าบัญชีธนาคาร,2,49200,ลงทะเบียน ณ หน่วยรับลงทะเบียน,อุตรดิตถ์,พิชัย,ไร่อ้อย,สำนักงานพัฒนาสังคมและความมั่นคงของมนุษย์จังหวัดอุตรดิตถ์
NCGPAY00043,NCG00043,8.41406E+12,สุภาวดี,กุลวงศ์,หญิง,1/03/2021,5.22441E+12,ชยุต,ชัยมงคล,มีชีวิตแต่ไม่ได้เลี้ยงดู,4.43802E+12,ณัฐธิดา,เข็มทอง,มีชีวิตและเลี้ยงดูเด็ก,4.43802E+12,ณัฐธิดา,เข็มทอง,มารดา,,,13/05/2021,5/06/2021,5/06/2021,13/06/2021,1,600,จ่ายสำเร็จ,พร้อมเพย์,3,64400,เจ้าหน้าที่ช่วยลงทะเบียน,นครศรีธรรมราช,ทุ่งสง,นาโพธิ์,สำนักงานพัฒนาสังคมและความมั่นคงของมนุษย์จังหวัดนครศรีธรรมราช
NCGPAY00274,NCG00274,5.07178E+12,นิตยา,สุขเกษม,ชาย,27/11/2020,5.2763E+12,อาทิตย์,วิริยะกุล,มีชีวิตและเลี้ยงดูเด็ก,6.76827E+12,รัตนา,อ่อนละมุน,มีชีวิตและเลี้ยงดูเด็ก,6.76827E+12,รัตนา,อ่อนละมุน,มารดา,,,17/05/2021,27/05/2021,27/05/2021,24/06/2021,1,600,จ่ายสำเร็จ,โอนเข้าบัญชีธนาคาร,2,54000,ระบบออนไลน์,นนทบุรี,เมืองนนทบุรี,สวนใหญ่,สำนักงานพัฒนาสังคมและความมั่นคงของมนุษย์จังหวัดนนทบุรี
NCGPAY00374,NCG00258,3.3523E+12,พัชรินทร์,คงเจริญ,ชาย,18/01/2021,7.19818E+12,ปกรณ์,เกิดผล,มีชีวิตและเลี้ยงดูเด็ก,8.30024E+12,อรวรรณ,มั่นคง,มีชีวิตและเลี้ยงดูเด็ก,8.30024E+12,อรวรรณ,มั่นคง,มารดา,,,31/03/2021,30/04/2021,30/04/2021,26/06/2021,2,1800,จ่ายย้อนหลังรวมหลายงวด,โอนเข้าบัญชีธนาคาร,6,78900,หน่วยบริการเคลื่อนที่,สกลนคร,บ้านม่วง,ดงหม้อทอง,สำนักงานพัฒนาสังคมและความมั่นคงของมนุษย์จังหวัดสกลนคร
NCGPAY00107,NCG00107,8.58374E+12,ธนกฤต,บุญเรือง,ชาย,15/12/2020,7.63536E+12,ธีรภัทร,ประเสริฐศรี,มีชีวิตและเลี้ยงดูเด็ก,8.51096E+12,นภัสสร,จันทร์ฉาย,มีชีวิตและเลี้ยงดูเด็ก,8.51096E+12,นภัสสร,จันทร์ฉาย,มารดา,,,6/06/2021,11/06/2021,11/06/2021,7/07/2021,1,600,จ่ายสำเร็จ,โอนเข้าบัญชีธนาคาร,6,77900,ระบบออนไลน์,ยะลา,บันนังสตา,บาเจาะ,สำนักงานพัฒนาสังคมและความมั่นคงของมนุษย์จังหวัดยะลา
NCGPAY00453,NCG00043,8.41406E+12,สุภาวดี,กุลวงศ์,หญิง,1/03/2021,5.22441E+12,ชยุต,ชัยมงคล,มีชีวิตแต่ไม่ได้เลี้ยงดู,4.43802E+12,ณัฐธิดา,เข็มทอง,มีชีวิตและเลี้ยงดูเด็ก,4.43802E+12,ณัฐธิดา,เข็มทอง,มารดา,,,13/05/2021,5/06/2021,5/06/2021,11/07/2021,2,600,จ่ายสำเร็จ,โอนเข้าบัญชีธนาคาร,3,64400,เจ้าหน้าที่ช่วยลงทะเบียน,นครศรีธรรมราช,ทุ่งสง,นาโพธิ์,สำนักงานพัฒนาสังคมและความมั่นคงของมนุษย์จังหวัดนครศรีธรรมราช
NCGPAY00498,NCG00128,2.87213E+12,อภิญญา,พรมศรี,หญิง,14/12/2020,5.02803E+12,ธีรภัทร,สุนทรวงศ์,มีชีวิตและเลี้ยงดูเด็ก,2.48734E+12,อรทัย,มั่นคง,มีชีวิตและเลี้ยงดูเด็ก,5.02803E+12,ธีรภัทร,สุนทรวงศ์,บิดา,,,31/03/2021,5/04/2021,5/04/2021,11/07/2021,3,1200,จ่ายย้อนหลังรวมหลายงวด,โอนเข้าบัญชีธนาคาร,2,49200,ลงทะเบียน ณ หน่วยรับลงทะเบียน,อุตรดิตถ์,พิชัย,ไร่อ้อย,สำนักงานพัฒนาสังคมและความมั่นคงของมนุษย์จังหวัดอุตรดิตถ์
NCGPAY00095,NCG00095,7.09944E+12,ธนกฤต,ไชยวงศ์,หญิง,12/02/2021,1.53156E+12,ธนภัทร,มั่นคง,มีชีวิตและเลี้ยงดูเด็ก,5.85169E+12,ศิริพร,บุญส่ง,มีชีวิตและเลี้ยงดูเด็ก,5.85169E+12,ศิริพร,บุญส่ง,มารดา,,,16/06/2021,29/06/2021,29/06/2021,12/07/2021,1,600,จ่ายสำเร็จ,โอนเข้าบัญชีธนาคาร,7,81200,ระบบออนไลน์,นราธิวาส,ตากใบ,เกาะสะท้อน,สำนักงานพัฒนาสังคมและความมั่นคงของมนุษย์จังหวัดนราธิวาส
NCGPAY00029,NCG00029,8.25117E+12,วชิรวิทย์,ชัยมงคล,หญิง,26/11/2020,7.53909E+12,จักรพันธ์,จันทร์ฉาย,มีชีวิตและเลี้ยงดูเด็ก,8.63232E+12,วรรณา,ศรีจันทร์,เสียชีวิต,7.53909E+12,จักรพันธ์,จันทร์ฉาย,บิดา,,,4/06/2021,13/06/2021,13/06/2021,13/07/2021,1,600,จ่ายสำเร็จ,พร้อมเพย์,5,73000,ลงทะเบียน ณ หน่วยรับลงทะเบียน,ชลบุรี,พนัสนิคม,วัดโบสถ์,สำนักงานพัฒนาสังคมและความมั่นคงของมนุษย์จังหวัดชลบุรี
NCGPAY00102,NCG00102,4.94836E+12,ชนิดา,อ่อนละมุน,หญิง,26/04/2021,7.04176E+12,กิตติภัทร,จันทร์หอม,มีชีวิตและเลี้ยงดูเด็ก,6.89216E+12,ชุติมา,รุ่งเรือง,มีชีวิตและเลี้ยงดูเด็ก,7.04176E+12,กิตติภัทร,จันทร์หอม,บิดา,,,24/06/2021,6/07/2021,6/07/2021,22/07/2021,1,600,จ่ายสำเร็จ,พร้อมเพย์,6,77300,ระบบออนไลน์,ปทุมธานี,เมืองปทุมธานี,บางหลวง,สำนักงานพัฒนาสังคมและความมั่นคงของมนุษย์จังหวัดปทุมธานี
NCGPAY00383,NCG00258,3.3523E+12,พัชรินทร์,คงเจริญ,ชาย,18/01/2021,7.19818E+12,ปกรณ์,เกิดผล,มีชีวิตและเลี้ยงดูเด็ก,8.30024E+12,อรวรรณ,มั่นคง,มีชีวิตและเลี้ยงดูเด็ก,8.30024E+12,อรวรรณ,มั่นคง,มารดา,,,31/03/2021,30/04/2021,30/04/2021,25/07/2021,3,600,จ่ายสำเร็จ,พร้อมเพย์,6,78900,หน่วยบริการเคลื่อนที่,สกลนคร,บ้านม่วง,ดงหม้อทอง,สำนักงานพัฒนาสังคมและความมั่นคงของมนุษย์จังหวัดสกลนคร
NCGPAY00350,NCG00274,5.07178E+12,นิตยา,สุขเกษม,ชาย,27/11/2020,5.2763E+12,อาทิตย์,วิริยะกุล,มีชีวิตและเลี้ยงดูเด็ก,6.76827E+12,รัตนา,อ่อนละมุน,มีชีวิตและเลี้ยงดูเด็ก,6.76827E+12,รัตนา,อ่อนละมุน,มารดา,,,17/05/2021,27/05/2021,27/05/2021,27/07/2021,2,1200,จ่ายย้อนหลังรวมหลายงวด,โอนเข้าบัญชีธนาคาร,2,54000,ระบบออนไลน์,นนทบุรี,เมืองนนทบุรี,สวนใหญ่,สำนักงานพัฒนาสังคมและความมั่นคงของมนุษย์จังหวัดนนทบุรี
NCGPAY00063,NCG00063,1.1598E+12,ธีรดนย์,จิตมั่น,หญิง,20/05/2021,3.94349E+12,มนตรี,บัวทอง,มีชีวิตและเลี้ยงดูเด็ก,8.19921E+12,ปนัดดา,คงเจริญ,ไม่สามารถติดต่อได้,3.94349E+12,มนตรี,บัวทอง,บิดา,,,9/07/2021,20/07/2021,20/07/2021,29/07/2021,1,600,จ่ายสำเร็จ,โอนเข้าบัญชีธนาคาร,3,54000,ลงทะเบียน ณ หน่วยรับลงทะเบียน,พิษณุโลก,เมืองพิษณุโลก,บ้านกร่าง,สำนักงานพัฒนาสังคมและความมั่นคงของมนุษย์จังหวัดพิษณุโลก
NCGPAY00187,NCG00187,6.40085E+12,กฤติน,จันทร์หอม,ชาย,13/10/2020,6.95618E+12,ธนภัทร,แก้วกาญจน์,มีชีวิตและเลี้ยงดูเด็ก,6.05466E+12,ศิรินภา,ทองมาก,มีชีวิตและเลี้ยงดูเด็ก,6.95618E+12,ธนภัทร,แก้วกาญจน์,บิดา,,,3/06/2021,3/07/2021,3/07/2021,30/07/2021,1,600,จ่ายสำเร็จ,โอนเข้าบัญชีธนาคาร,5,67500,เจ้าหน้าที่ช่วยลงทะเบียน,ขอนแก่น,น้ำพอง,สะอาด,สำนักงานพัฒนาสังคมและความมั่นคงของมนุษย์จังหวัดขอนแก่น
NCGPAY00451,NCG00107,8.58374E+12,ธนกฤต,บุญเรือง,ชาย,15/12/2020,7.63536E+12,ธีรภัทร,ประเสริฐศรี,มีชีวิตและเลี้ยงดูเด็ก,8.51096E+12,นภัสสร,จันทร์ฉาย,มีชีวิตและเลี้ยงดูเด็ก,8.51096E+12,นภัสสร,จันทร์ฉาย,มารดา,,,6/06/2021,11/06/2021,11/06/2021,8/08/2021,2,600,จ่ายสำเร็จ,พร้อมเพย์,6,77900,ระบบออนไลน์,ยะลา,บันนังสตา,บาเจาะ,สำนักงานพัฒนาสังคมและความมั่นคงของมนุษย์จังหวัดยะลา
NCGPAY00049,NCG00049,6.30472E+12,อัครเดช,รุ่งเรือง,หญิง,8/11/2020,5.76156E+12,ธีรวัฒน์,ทองดี,มีชีวิตแต่ไม่ได้เลี้ยงดู,8.15539E+12,ภัทราภรณ์,ภูมิใจ,มีชีวิตและเลี้ยงดูเด็ก,8.15539E+12,ภัทราภรณ์,ภูมิใจ,มารดา,,,28/06/2021,14/07/2021,14/07/2021,11/08/2021,1,600,จ่ายสำเร็จ,พร้อมเพย์,4,67800,ระบบออนไลน์,สระบุรี,เมืองสระบุรี,โคกสว่าง,สำนักงานพัฒนาสังคมและความมั่นคงของมนุษย์จังหวัดสระบุรี
NCGPAY00298,NCG00095,7.09944E+12,ธนกฤต,ไชยวงศ์,หญิง,12/02/2021,1.53156E+12,ธนภัทร,มั่นคง,มีชีวิตและเลี้ยงดูเด็ก,5.85169E+12,ศิริพร,บุญส่ง,มีชีวิตและเลี้ยงดูเด็ก,5.85169E+12,ศิริพร,บุญส่ง,มารดา,,,16/06/2021,29/06/2021,29/06/2021,12/08/2021,2,600,จ่ายสำเร็จ,พร้อมเพย์,7,81200,ระบบออนไลน์,นราธิวาส,ตากใบ,เกาะสะท้อน,สำนักงานพัฒนาสังคมและความมั่นคงของมนุษย์จังหวัดนราธิวาส
NCGPAY00296,NCG00102,4.94836E+12,ชนิดา,อ่อนละมุน,หญิง,26/04/2021,7.04176E+12,กิตติภัทร,จันทร์หอม,มีชีวิตและเลี้ยงดูเด็ก,6.89216E+12,ชุติมา,รุ่งเรือง,มีชีวิตและเลี้ยงดูเด็ก,7.04176E+12,กิตติภัทร,จันทร์หอม,บิดา,,,24/06/2021,6/07/2021,6/07/2021,23/08/2021,2,600,จ่ายสำเร็จ,โอนเข้าบัญชีธนาคาร,6,77300,ระบบออนไลน์,ปทุมธานี,เมืองปทุมธานี,บางหลวง,สำนักงานพัฒนาสังคมและความมั่นคงของมนุษย์จังหวัดปทุมธานี
NCGPAY00169,NCG00169,6.64985E+12,ศุภกร,แสงทอง,ชาย,16/06/2021,1.32948E+12,เกรียงไกร,นาคทอง,มีชีวิตและเลี้ยงดูเด็ก,2.76752E+12,สุภาวดี,แสงจันทร์,มีชีวิตและเลี้ยงดูเด็ก,2.76752E+12,สุภาวดี,แสงจันทร์,มารดา,,,7/07/2021,23/07/2021,23/07/2021,26/08/2021,1,1800,จ่ายย้อนหลังรวมหลายงวด,โอนเข้าบัญชีธนาคาร,5,75100,หน่วยบริการเคลื่อนที่,นนทบุรี,เมืองนนทบุรี,สวนใหญ่,สำนักงานพัฒนาสังคมและความมั่นคงของมนุษย์จังหวัดนนทบุรี
NCGPAY00466,NCG00274,5.07178E+12,นิตยา,สุขเกษม,ชาย,27/11/2020,5.2763E+12,อาทิตย์,วิริยะกุล,มีชีวิตและเลี้ยงดูเด็ก,6.76827E+12,รัตนา,อ่อนละมุน,มีชีวิตและเลี้ยงดูเด็ก,6.76827E+12,รัตนา,อ่อนละมุน,มารดา,,,17/05/2021,27/05/2021,27/05/2021,28/08/2021,3,600,จ่ายสำเร็จ,โอนเข้าบัญชีธนาคาร,2,54000,ระบบออนไลน์,นนทบุรี,เมืองนนทบุรี,สวนใหญ่,สำนักงานพัฒนาสังคมและความมั่นคงของมนุษย์จังหวัดนนทบุรี
NCGPAY00459,NCG00187,6.40085E+12,กฤติน,จันทร์หอม,ชาย,13/10/2020,6.95618E+12,ธนภัทร,แก้วกาญจน์,มีชีวิตและเลี้ยงดูเด็ก,6.05466E+12,ศิรินภา,ทองมาก,มีชีวิตและเลี้ยงดูเด็ก,6.95618E+12,ธนภัทร,แก้วกาญจน์,บิดา,,,3/06/2021,3/07/2021,3/07/2021,3/09/2021,2,600,จ่ายสำเร็จ,โอนเข้าบัญชีธนาคาร,5,67500,เจ้าหน้าที่ช่วยลงทะเบียน,ขอนแก่น,น้ำพอง,สะอาด,สำนักงานพัฒนาสังคมและความมั่นคงของมนุษย์จังหวัดขอนแก่น
NCGPAY00041,NCG00041,4.07913E+12,พิชญาภา,เจริญสุข,ชาย,4/02/2021,8.47814E+12,ชยุต,เรืองฤทธิ์,มีชีวิตและเลี้ยงดูเด็ก,2.61741E+12,รัตนา,บัวแก้ว,มีชีวิตและเลี้ยงดูเด็ก,2.61741E+12,รัตนา,บัวแก้ว,มารดา,,,30/07/2021,18/08/2021,18/08/2021,16/09/2021,1,600,จ่ายสำเร็จ,พร้อมเพย์,2,46500,หน่วยบริการเคลื่อนที่,สุรินทร์,เมืองสุรินทร์,สำโรง,สำนักงานพัฒนาสังคมและความมั่นคงของมนุษย์จังหวัดสุรินทร์
NCGPAY00211,NCG00211,6.33204E+12,พิชญาภา,วิริยะกุล,หญิง,9/04/2021,1.70183E+12,วิทยา,แสนดี,มีชีวิตและเลี้ยงดูเด็ก,4.11629E+12,จุฑามาศ,สุนทรวงศ์,มีชีวิตและเลี้ยงดูเด็ก,4.11629E+12,จุฑามาศ,สุนทรวงศ์,มารดา,,,26/07/2021,22/08/2021,22/08/2021,16/09/2021,1,600,จ่ายสำเร็จ,โอนเข้าบัญชีธนาคาร,3,62400,ระบบออนไลน์,สมุทรปราการ,พระประแดง,บางน้ำผึ้ง,สำนักงานพัฒนาสังคมและความมั่นคงของมนุษย์จังหวัดสมุทรปราการ
NCGPAY00245,NCG00245,2.60916E+12,เพ็ญนภา,ตั้งมั่น,ชาย,20/08/2021,4.50162E+12,ปริญญา,พิทักษ์วงศ์,มีชีวิตและเลี้ยงดูเด็ก,8.32226E+12,ชุติมา,วงศ์คำ,มีชีวิตและเลี้ยงดูเด็ก,8.32226E+12,ชุติมา,วงศ์คำ,มารดา,,,6/09/2021,13/09/2021,13/09/2021,20/09/2021,1,600,จ่ายสำเร็จ,โอนเข้าบัญชีธนาคาร,2,57000,หน่วยบริการเคลื่อนที่,ตรัง,ปะเหลียน,เกาะค้างคาว,สำนักงานพัฒนาสังคมและความมั่นคงของมนุษย์จังหวัดตรัง
NCGPAY00300,NCG00102,4.94836E+12,ชนิดา,อ่อนละมุน,หญิง,26/04/2021,7.04176E+12,กิตติภัทร,จันทร์หอม,มีชีวิตและเลี้ยงดูเด็ก,6.89216E+12,ชุติมา,รุ่งเรือง,มีชีวิตและเลี้ยงดูเด็ก,7.04176E+12,กิตติภัทร,จันทร์หอม,บิดา,,,24/06/2021,6/07/2021,6/07/2021,20/09/2021,3,600,จ่ายสำเร็จ,พร้อมเพย์,6,77300,ระบบออนไลน์,ปทุมธานี,เมืองปทุมธานี,บางหลวง,สำนักงานพัฒนาสังคมและความมั่นคงของมนุษย์จังหวัดปทุมธานี
NCGPAY00117,NCG00117,3.02388E+12,ธีรภัทร,คำแสน,หญิง,25/01/2021,7.07475E+12,ภาคภูมิ,ตั้งมั่น,มีชีวิตและเลี้ยงดูเด็ก,5.32453E+12,รจนา,สิงห์ทอง,มีชีวิตและเลี้ยงดูเด็ก,5.32453E+12,รจนา,สิงห์ทอง,มารดา,,,8/09/2021,22/09/2021,22/09/2021,23/09/2021,1,600,จ่ายสำเร็จ,พร้อมเพย์,4,70300,ลงทะเบียน ณ หน่วยรับลงทะเบียน,บุรีรัมย์,ชำนิ,เมืองยาง,สำนักงานพัฒนาสังคมและความมั่นคงของมนุษย์จังหวัดบุรีรัมย์
NCGPAY00246,NCG00246,5.22482E+12,ชไมพร,จำปาแก้ว,หญิง,30/03/2021,6.96966E+12,ศุภชัย,ชูศรี,ไม่สามารถติดต่อได้,7.4785E+12,ณัฐธิดา,สุขใจ,ไม่สามารถติดต่อได้,1.5631E+12,พีรพัฒน์,มั่นคง,ผู้ปกครองโดยชอบด้วยกฎหมาย,ลุง,ไม่สามารถติดต่อบิดาและมารดาได้,26/08/2021,14/09/2021,14/09/2021,26/09/2021,1,1200,จ่ายย้อนหลังรวมหลายงวด,โอนเข้าบัญชีธนาคาร,5,74000,ระบบออนไลน์,ปราจีนบุรี,บ้านสร้าง,บางกระเบา,สำนักงานพัฒนาสังคมและความมั่นคงของมนุษย์จังหวัดปราจีนบุรี
NCGPAY00232,NCG00232,2.88906E+12,ธนดล,พูลเพิ่ม,ชาย,31/05/2021,2.86519E+12,กฤษฎา,ทวีทรัพย์,มีชีวิตและเลี้ยงดูเด็ก,6.9942E+12,มาลี,ศรีสุข,มีชีวิตและเลี้ยงดูเด็ก,6.9942E+12,มาลี,ศรีสุข,มารดา,,,13/09/2021,18/09/2021,18/09/2021,7/10/2021,1,1800,จ่ายย้อนหลังรวมหลายงวด,พร้อมเพย์,6,73500,หน่วยบริการเคลื่อนที่,นครสวรรค์,ไพศาลี,วังข่อย,สำนักงานพัฒนาสังคมและความมั่นคงของมนุษย์จังหวัดนครสวรรค์
NCGPAY00076,NCG00076,2.11041E+12,กมลชนก,บัวแก้ว,ชาย,8/03/2021,7.74508E+12,สมชาย,ศรีสง่า,มีชีวิตและเลี้ยงดูเด็ก,1.41797E+12,สุกัญญา,ศรีสุข,มีชีวิตและเลี้ยงดูเด็ก,1.41797E+12,สุกัญญา,ศรีสุข,มารดา,,,18/09/2021,7/10/2021,7/10/2021,8/10/2021,1,600,จ่ายสำเร็จ,โอนเข้าบัญชีธนาคาร,5,71200,หน่วยบริการเคลื่อนที่,ปทุมธานี,เมืองปทุมธานี,บางหลวง,สำนักงานพัฒนาสังคมและความมั่นคงของมนุษย์จังหวัดปทุมธานี
NCGPAY00460,NCG00187,6.40085E+12,กฤติน,จันทร์หอม,ชาย,13/10/2020,6.95618E+12,ธนภัทร,แก้วกาญจน์,มีชีวิตและเลี้ยงดูเด็ก,6.05466E+12,ศิรินภา,ทองมาก,มีชีวิตและเลี้ยงดูเด็ก,6.95618E+12,ธนภัทร,แก้วกาญจน์,บิดา,,,3/06/2021,3/07/2021,3/07/2021,8/10/2021,3,600,จ่ายสำเร็จ,โอนเข้าบัญชีธนาคาร,5,67500,เจ้าหน้าที่ช่วยลงทะเบียน,ขอนแก่น,น้ำพอง,สะอาด,สำนักงานพัฒนาสังคมและความมั่นคงของมนุษย์จังหวัดขอนแก่น
NCGPAY00032,NCG00032,5.90865E+12,ชยพล,ไชยวงศ์,หญิง,6/06/2021,2.26874E+12,ธีรภัทร,บัวแก้ว,ไม่สามารถติดต่อได้,5.51804E+12,รจนา,พรหมมา,มีชีวิตและเลี้ยงดูเด็ก,5.51804E+12,รจนา,พรหมมา,มารดา,,,22/08/2021,8/09/2021,8/09/2021,11/10/2021,1,600,จ่ายสำเร็จ,โอนเข้าบัญชีธนาคาร,7,84200,หน่วยบริการเคลื่อนที่,สุรินทร์,เมืองสุรินทร์,สำโรง,สำนักงานพัฒนาสังคมและความมั่นคงของมนุษย์จังหวัดสุรินทร์
NCGPAY00176,NCG00176,7.33968E+12,อภิญญา,ชูศรี,หญิง,24/06/2021,2.35418E+12,ธนวัฒน์,สุนทรวงศ์,มีชีวิตแต่ไม่ได้เลี้ยงดู,4.60946E+12,รัตนา,ยอดแก้ว,มีชีวิตและเลี้ยงดูเด็ก,4.60946E+12,รัตนา,ยอดแก้ว,มารดา,,,2/10/2021,11/10/2021,11/10/2021,12/10/2021,1,1200,จ่ายย้อนหลังรวมหลายงวด,โอนเข้าบัญชีธนาคาร,3,60400,ระบบออนไลน์,นครปฐม,สามพราน,อ้อมใหญ่,สำนักงานพัฒนาสังคมและความมั่นคงของมนุษย์จังหวัดนครปฐม
NCGPAY00223,NCG00223,6.80617E+12,ปาริชาติ,ทองมาก,ชาย,9/03/2021,5.98017E+12,กิตติพงศ์,ฤทธิไกร,มีชีวิตและเลี้ยงดูเด็ก,7.05434E+12,วรรณา,บุญส่ง,มีชีวิตและเลี้ยงดูเด็ก,5.98017E+12,กิตติพงศ์,ฤทธิไกร,บิดา,,,8/09/2021,26/09/2021,26/09/2021,20/10/2021,1,600,จ่ายสำเร็จ,โอนเข้าบัญชีธนาคาร,2,53500,ระบบออนไลน์,ลำปาง,ห้างฉัตร,เวียงตาล,สำนักงานพัฒนาสังคมและความมั่นคงของมนุษย์จังหวัดลำปาง
NCGPAY00318,NCG00041,4.07913E+12,พิชญาภา,เจริญสุข,ชาย,4/02/2021,8.47814E+12,ชยุต,เรืองฤทธิ์,มีชีวิตและเลี้ยงดูเด็ก,2.61741E+12,รัตนา,บัวแก้ว,มีชีวิตและเลี้ยงดูเด็ก,2.61741E+12,รัตนา,บัวแก้ว,มารดา,,,30/07/2021,18/08/2021,18/08/2021,21/10/2021,2,600,จ่ายสำเร็จ,พร้อมเพย์,2,46500,หน่วยบริการเคลื่อนที่,สุรินทร์,เมืองสุรินทร์,สำโรง,สำนักงานพัฒนาสังคมและความมั่นคงของมนุษย์จังหวัดสุรินทร์
NCGPAY00497,NCG00211,6.33204E+12,พิชญาภา,วิริยะกุล,หญิง,9/04/2021,1.70183E+12,วิทยา,แสนดี,มีชีวิตและเลี้ยงดูเด็ก,4.11629E+12,จุฑามาศ,สุนทรวงศ์,มีชีวิตและเลี้ยงดูเด็ก,4.11629E+12,จุฑามาศ,สุนทรวงศ์,มารดา,,,26/07/2021,22/08/2021,22/08/2021,21/10/2021,2,600,จ่ายสำเร็จ,โอนเข้าบัญชีธนาคาร,3,62400,ระบบออนไลน์,สมุทรปราการ,พระประแดง,บางน้ำผึ้ง,สำนักงานพัฒนาสังคมและความมั่นคงของมนุษย์จังหวัดสมุทรปราการ
NCGPAY00305,NCG00117,3.02388E+12,ธีรภัทร,คำแสน,หญิง,25/01/2021,7.07475E+12,ภาคภูมิ,ตั้งมั่น,มีชีวิตและเลี้ยงดูเด็ก,5.32453E+12,รจนา,สิงห์ทอง,มีชีวิตและเลี้ยงดูเด็ก,5.32453E+12,รจนา,สิงห์ทอง,มารดา,,,8/09/2021,22/09/2021,22/09/2021,24/10/2021,2,600,จ่ายสำเร็จ,พร้อมเพย์,4,70300,ลงทะเบียน ณ หน่วยรับลงทะเบียน,บุรีรัมย์,ชำนิ,เมืองยาง,สำนักงานพัฒนาสังคมและความมั่นคงของมนุษย์จังหวัดบุรีรัมย์
NCGPAY00365,NCG00245,2.60916E+12,เพ็ญนภา,ตั้งมั่น,ชาย,20/08/2021,4.50162E+12,ปริญญา,พิทักษ์วงศ์,มีชีวิตและเลี้ยงดูเด็ก,8.32226E+12,ชุติมา,วงศ์คำ,มีชีวิตและเลี้ยงดูเด็ก,8.32226E+12,ชุติมา,วงศ์คำ,มารดา,,,6/09/2021,13/09/2021,13/09/2021,25/10/2021,2,600,จ่ายสำเร็จ,โอนเข้าบัญชีธนาคาร,2,57000,หน่วยบริการเคลื่อนที่,ตรัง,ปะเหลียน,เกาะค้างคาว,สำนักงานพัฒนาสังคมและความมั่นคงของมนุษย์จังหวัดตรัง
NCGPAY00376,NCG00246,5.22482E+12,ชไมพร,จำปาแก้ว,หญิง,30/03/2021,6.96966E+12,ศุภชัย,ชูศรี,ไม่สามารถติดต่อได้,7.4785E+12,ณัฐธิดา,สุขใจ,ไม่สามารถติดต่อได้,1.5631E+12,พีรพัฒน์,มั่นคง,ผู้ปกครองโดยชอบด้วยกฎหมาย,ลุง,ไม่สามารถติดต่อบิดาและมารดาได้,26/08/2021,14/09/2021,14/09/2021,27/10/2021,2,600,จ่ายสำเร็จ,โอนเข้าบัญชีธนาคาร,5,74000,ระบบออนไลน์,ปราจีนบุรี,บ้านสร้าง,บางกระเบา,สำนักงานพัฒนาสังคมและความมั่นคงของมนุษย์จังหวัดปราจีนบุรี
NCGPAY00155,NCG00155,4.26825E+12,นภัสสร,ทองดี,หญิง,16/04/2021,7.41657E+12,ธนกฤต,วิริยะกุล,มีชีวิตและเลี้ยงดูเด็ก,1.04895E+12,ปวีณา,ศรีนวล,มีชีวิตแต่ไม่ได้เลี้ยงดู,7.41657E+12,ธนกฤต,วิริยะกุล,บิดา,,,6/10/2021,12/10/2021,12/10/2021,28/10/2021,1,600,จ่ายสำเร็จ,โอนเข้าบัญชีธนาคาร,3,60400,เจ้าหน้าที่ช่วยลงทะเบียน,พระนครศรีอยุธยา,บางบาล,ไทรน้อย,สำนักงานพัฒนาสังคมและความมั่นคงของมนุษย์จังหวัดพระนครศรีอยุธยา
NCGPAY00477,NCG00232,2.88906E+12,ธนดล,พูลเพิ่ม,ชาย,31/05/2021,2.86519E+12,กฤษฎา,ทวีทรัพย์,มีชีวิตและเลี้ยงดูเด็ก,6.9942E+12,มาลี,ศรีสุข,มีชีวิตและเลี้ยงดูเด็ก,6.9942E+12,มาลี,ศรีสุข,มารดา,,,13/09/2021,18/09/2021,18/09/2021,7/11/2021,2,600,จ่ายสำเร็จ,โอนเข้าบัญชีธนาคาร,6,73500,หน่วยบริการเคลื่อนที่,นครสวรรค์,ไพศาลี,วังข่อย,สำนักงานพัฒนาสังคมและความมั่นคงของมนุษย์จังหวัดนครสวรรค์
NCGPAY00313,NCG00032,5.90865E+12,ชยพล,ไชยวงศ์,หญิง,6/06/2021,2.26874E+12,ธีรภัทร,บัวแก้ว,ไม่สามารถติดต่อได้,5.51804E+12,รจนา,พรหมมา,มีชีวิตและเลี้ยงดูเด็ก,5.51804E+12,รจนา,พรหมมา,มารดา,,,22/08/2021,8/09/2021,8/09/2021,10/11/2021,2,600,จ่ายสำเร็จ,โอนเข้าบัญชีธนาคาร,7,84200,หน่วยบริการเคลื่อนที่,สุรินทร์,เมืองสุรินทร์,สำโรง,สำนักงานพัฒนาสังคมและความมั่นคงของมนุษย์จังหวัดสุรินทร์
NCGPAY00414,NCG00076,2.11041E+12,กมลชนก,บัวแก้ว,ชาย,8/03/2021,7.74508E+12,สมชาย,ศรีสง่า,มีชีวิตและเลี้ยงดูเด็ก,1.41797E+12,สุกัญญา,ศรีสุข,มีชีวิตและเลี้ยงดูเด็ก,1.41797E+12,สุกัญญา,ศรีสุข,มารดา,,,18/09/2021,7/10/2021,7/10/2021,12/11/2021,2,600,จ่ายสำเร็จ,โอนเข้าบัญชีธนาคาร,5,71200,หน่วยบริการเคลื่อนที่,ปทุมธานี,เมืองปทุมธานี,บางหลวง,สำนักงานพัฒนาสังคมและความมั่นคงของมนุษย์จังหวัดปทุมธานี
NCGPAY00008,NCG00008,8.13698E+12,เมธาวี,กุลวงศ์,หญิง,8/05/2021,5.15588E+12,ณัฐวุฒิ,เข็มทอง,มีชีวิตและเลี้ยงดูเด็ก,1.04943E+12,อัญชลี,ธนากุล,มีชีวิตและเลี้ยงดูเด็ก,5.15588E+12,ณัฐวุฒิ,เข็มทอง,บิดา,,,11/10/2021,31/10/2021,31/10/2021,22/11/2021,1,600,จ่ายสำเร็จ,โอนเข้าบัญชีธนาคาร,5,76000,เจ้าหน้าที่ช่วยลงทะเบียน,อุดรธานี,นายูง,โนนทอง,สำนักงานพัฒนาสังคมและความมั่นคงของมนุษย์จังหวัดอุดรธานี
NCGPAY00367,NCG00117,3.02388E+12,ธีรภัทร,คำแสน,หญิง,25/01/2021,7.07475E+12,ภาคภูมิ,ตั้งมั่น,มีชีวิตและเลี้ยงดูเด็ก,5.32453E+12,รจนา,สิงห์ทอง,มีชีวิตและเลี้ยงดูเด็ก,5.32453E+12,รจนา,สิงห์ทอง,มารดา,,,8/09/2021,22/09/2021,22/09/2021,24/11/2021,3,600,จ่ายสำเร็จ,โอนเข้าบัญชีธนาคาร,4,70300,ลงทะเบียน ณ หน่วยรับลงทะเบียน,บุรีรัมย์,ชำนิ,เมืองยาง,สำนักงานพัฒนาสังคมและความมั่นคงของมนุษย์จังหวัดบุรีรัมย์
NCGPAY00355,NCG00155,4.26825E+12,นภัสสร,ทองดี,หญิง,16/04/2021,7.41657E+12,ธนกฤต,วิริยะกุล,มีชีวิตและเลี้ยงดูเด็ก,1.04895E+12,ปวีณา,ศรีนวล,มีชีวิตแต่ไม่ได้เลี้ยงดู,7.41657E+12,ธนกฤต,วิริยะกุล,บิดา,,,6/10/2021,12/10/2021,12/10/2021,2/12/2021,2,600,จ่ายสำเร็จ,โอนเข้าบัญชีธนาคาร,3,60400,เจ้าหน้าที่ช่วยลงทะเบียน,พระนครศรีอยุธยา,บางบาล,ไทรน้อย,สำนักงานพัฒนาสังคมและความมั่นคงของมนุษย์จังหวัดพระนครศรีอยุธยา
NCGPAY00216,NCG00216,8.99964E+12,รวิชญ์,ทองอินทร์,หญิง,1/09/2021,6.13885E+12,ปกรณ์,แก้วกาญจน์,มีชีวิตและเลี้ยงดูเด็ก,4.5994E+12,ณิชา,ศรีสง่า,มีชีวิตแต่ไม่ได้เลี้ยงดู,6.13885E+12,ปกรณ์,แก้วกาญจน์,บิดา,,,10/11/2021,27/11/2021,27/11/2021,4/12/2021,1,1800,จ่ายย้อนหลังรวมหลายงวด,โอนเข้าบัญชีธนาคาร,4,70600,ระบบออนไลน์,บุรีรัมย์,ชำนิ,เมืองยาง,สำนักงานพัฒนาสังคมและความมั่นคงของมนุษย์จังหวัดบุรีรัมย์
NCGPAY00160,NCG00160,5.4491E+12,ปุณณภา,เข็มทอง,ชาย,17/09/2021,4.34474E+12,สุรชัย,รุ่งเรือง,มีชีวิตและเลี้ยงดูเด็ก,8.42744E+12,อัญชลี,ประดับศรี,มีชีวิตและเลี้ยงดูเด็ก,8.42744E+12,อัญชลี,ประดับศรี,มารดา,,,5/11/2021,5/12/2021,5/12/2021,11/12/2021,1,600,จ่ายสำเร็จ,พร้อมเพย์,3,58500,ระบบออนไลน์,นครปฐม,สามพราน,อ้อมใหญ่,สำนักงานพัฒนาสังคมและความมั่นคงของมนุษย์จังหวัดนครปฐม
NCGPAY00482,NCG00032,5.90865E+12,ชยพล,ไชยวงศ์,หญิง,6/06/2021,2.26874E+12,ธีรภัทร,บัวแก้ว,ไม่สามารถติดต่อได้,5.51804E+12,รจนา,พรหมมา,มีชีวิตและเลี้ยงดูเด็ก,5.51804E+12,รจนา,พรหมมา,มารดา,,,22/08/2021,8/09/2021,8/09/2021,12/12/2021,3,600,จ่ายสำเร็จ,พร้อมเพย์,7,84200,หน่วยบริการเคลื่อนที่,สุรินทร์,เมืองสุรินทร์,สำโรง,สำนักงานพัฒนาสังคมและความมั่นคงของมนุษย์จังหวัดสุรินทร์
NCGPAY00114,NCG00114,8.68727E+12,อภิญญา,พิทักษ์วงศ์,ชาย,18/06/2021,7.96463E+12,ปณชัย,ศรีจันทร์,มีชีวิตและเลี้ยงดูเด็ก,5.82768E+12,กัลยา,นิ่มนวล,มีชีวิตและเลี้ยงดูเด็ก,5.82768E+12,กัลยา,นิ่มนวล,มารดา,,,27/11/2021,9/12/2021,9/12/2021,15/12/2021,1,600,จ่ายสำเร็จ,พร้อมเพย์,6,76300,หน่วยบริการเคลื่อนที่,เชียงราย,เมืองเชียงราย,นางแล,สำนักงานพัฒนาสังคมและความมั่นคงของมนุษย์จังหวัดเชียงราย
NCGPAY00134,NCG00134,7.81406E+12,พรรณภา,ทวีทรัพย์,ชาย,10/06/2021,1.66555E+12,ธนกฤต,ทองมาก,มีชีวิตและเลี้ยงดูเด็ก,7.4441E+12,วรรณา,เพชรรัตน์,มีชีวิตและเลี้ยงดูเด็ก,7.4441E+12,วรรณา,เพชรรัตน์,มารดา,,,30/10/2021,21/11/2021,21/11/2021,22/12/2021,1,600,จ่ายสำเร็จ,โอนเข้าบัญชีธนาคาร,2,52200,ลงทะเบียน ณ หน่วยรับลงทะเบียน,อุตรดิตถ์,พิชัย,ไร่อ้อย,สำนักงานพัฒนาสังคมและความมั่นคงของมนุษย์จังหวัดอุตรดิตถ์
NCGPAY00144,NCG00144,1.27933E+12,ธนกฤต,จำปาแก้ว,หญิง,19/08/2021,8.89804E+12,พงศกร,สุนทรวงศ์,มีชีวิตและเลี้ยงดูเด็ก,8.88919E+12,จุฑามาศ,ศรีสุข,มีชีวิตและเลี้ยงดูเด็ก,8.88919E+12,จุฑามาศ,ศรีสุข,มารดา,,,17/11/2021,24/11/2021,24/11/2021,29/12/2021,1,1200,จ่ายย้อนหลังรวมหลายงวด,โอนเข้าบัญชีธนาคาร,6,80400,เจ้าหน้าที่ช่วยลงทะเบียน,พัทลุง,ศรีนครินทร์,ชุมพล,สำนักงานพัฒนาสังคมและความมั่นคงของมนุษย์จังหวัดพัทลุง
NCGPAY00045,NCG00045,3.9474E+12,อาทิตยา,คงมั่น,หญิง,26/08/2021,6.5663E+12,นพดล,บุญส่ง,มีชีวิตแต่ไม่ได้เลี้ยงดู,2.04192E+12,วรรณา,วัฒนกุล,มีชีวิตและเลี้ยงดูเด็ก,2.04192E+12,วรรณา,วัฒนกุล,มารดา,,,26/11/2021,17/12/2021,17/12/2021,3/01/2022,1,600,จ่ายสำเร็จ,โอนเข้าบัญชีธนาคาร,3,64500,เจ้าหน้าที่ช่วยลงทะเบียน,ลำพูน,แม่ทา,ทาสบเส้า,สำนักงานพัฒนาสังคมและความมั่นคงของมนุษย์จังหวัดลำพูน
NCGPAY00113,NCG00113,7.64809E+12,ชุติมา,ชูศรี,ชาย,30/09/2021,3.95239E+12,วิทยา,ศรีจันทร์,มีชีวิตแต่ไม่ได้เลี้ยงดู,8.19836E+12,กาญจนา,ประเสริฐศรี,มีชีวิตและเลี้ยงดูเด็ก,8.19836E+12,กาญจนา,ประเสริฐศรี,มารดา,,,8/12/2021,27/12/2021,27/12/2021,4/01/2022,1,1200,จ่ายย้อนหลังรวมหลายงวด,โอนเข้าบัญชีธนาคาร,6,82200,ระบบออนไลน์,มหาสารคาม,โกสุมพิสัย,หนองบอน,สำนักงานพัฒนาสังคมและความมั่นคงของมนุษย์จังหวัดมหาสารคาม
NCGPAY00292,NCG00216,8.99964E+12,รวิชญ์,ทองอินทร์,หญิง,1/09/2021,6.13885E+12,ปกรณ์,แก้วกาญจน์,มีชีวิตและเลี้ยงดูเด็ก,4.5994E+12,ณิชา,ศรีสง่า,มีชีวิตแต่ไม่ได้เลี้ยงดู,6.13885E+12,ปกรณ์,แก้วกาญจน์,บิดา,,,10/11/2021,27/11/2021,27/11/2021,8/01/2022,2,1800,จ่ายย้อนหลังรวมหลายงวด,โอนเข้าบัญชีธนาคาร,4,70600,ระบบออนไลน์,บุรีรัมย์,ชำนิ,เมืองยาง,สำนักงานพัฒนาสังคมและความมั่นคงของมนุษย์จังหวัดบุรีรัมย์
NCGPAY00378,NCG00114,8.68727E+12,อภิญญา,พิทักษ์วงศ์,ชาย,18/06/2021,7.96463E+12,ปณชัย,ศรีจันทร์,มีชีวิตและเลี้ยงดูเด็ก,5.82768E+12,กัลยา,นิ่มนวล,มีชีวิตและเลี้ยงดูเด็ก,5.82768E+12,กัลยา,นิ่มนวล,มารดา,,,27/11/2021,9/12/2021,9/12/2021,13/01/2022,2,600,จ่ายสำเร็จ,โอนเข้าบัญชีธนาคาร,6,76300,หน่วยบริการเคลื่อนที่,เชียงราย,เมืองเชียงราย,นางแล,สำนักงานพัฒนาสังคมและความมั่นคงของมนุษย์จังหวัดเชียงราย
NCGPAY00137,NCG00137,5.67772E+12,จิราภรณ์,พรมศรี,ชาย,3/11/2021,7.9968E+12,ณรงค์,บัวแก้ว,มีชีวิตแต่ไม่ได้เลี้ยงดู,6.95449E+12,กัลยา,สุขสวัสดิ์,มีชีวิตและเลี้ยงดูเด็ก,6.95449E+12,กัลยา,สุขสวัสดิ์,มารดา,,,23/12/2021,8/01/2022,8/01/2022,16/01/2022,1,600,จ่ายสำเร็จ,โอนเข้าบัญชีธนาคาร,6,74300,ระบบออนไลน์,สระบุรี,เมืองสระบุรี,โคกสว่าง,สำนักงานพัฒนาสังคมและความมั่นคงของมนุษย์จังหวัดสระบุรี
NCGPAY00440,NCG00134,7.81406E+12,พรรณภา,ทวีทรัพย์,ชาย,10/06/2021,1.66555E+12,ธนกฤต,ทองมาก,มีชีวิตและเลี้ยงดูเด็ก,7.4441E+12,วรรณา,เพชรรัตน์,มีชีวิตและเลี้ยงดูเด็ก,7.4441E+12,วรรณา,เพชรรัตน์,มารดา,,,30/10/2021,21/11/2021,21/11/2021,20/01/2022,2,600,จ่ายสำเร็จ,พร้อมเพย์,2,52200,ลงทะเบียน ณ หน่วยรับลงทะเบียน,อุตรดิตถ์,พิชัย,ไร่อ้อย,สำนักงานพัฒนาสังคมและความมั่นคงของมนุษย์จังหวัดอุตรดิตถ์
NCGPAY00184,NCG00184,7.91911E+12,เบญจพร,พรหมมา,ชาย,3/06/2021,2.45528E+12,ธนกฤต,เมืองแก้ว,มีชีวิตแต่ไม่ได้เลี้ยงดู,7.01349E+12,พัชรินทร์,ทองสุข,มีชีวิตและเลี้ยงดูเด็ก,7.01349E+12,พัชรินทร์,ทองสุข,มารดา,,,2/01/2022,20/01/2022,20/01/2022,22/01/2022,1,1800,จ่ายย้อนหลังรวมหลายงวด,โอนเข้าบัญชีธนาคาร,5,76500,หน่วยบริการเคลื่อนที่,ตราด,เกาะกูด,เกาะหมาก,สำนักงานพัฒนาสังคมและความมั่นคงของมนุษย์จังหวัดตราด
NCGPAY00276,NCG00276,3.0035E+12,นภัสสร,ศรีนวล,ชาย,7/11/2021,3.29453E+12,วรวิทย์,ทองมาก,มีชีวิตและเลี้ยงดูเด็ก,2.83534E+12,พรทิพย์,พรหมมา,มีชีวิตและเลี้ยงดูเด็ก,2.83534E+12,พรทิพย์,พรหมมา,มารดา,,,9/12/2021,26/12/2021,26/12/2021,22/01/2022,1,600,จ่ายสำเร็จ,โอนเข้าบัญชีธนาคาร,5,68200,หน่วยบริการเคลื่อนที่,บุรีรัมย์,ชำนิ,เมืองยาง,สำนักงานพัฒนาสังคมและความมั่นคงของมนุษย์จังหวัดบุรีรัมย์
NCGPAY00175,NCG00175,5.15684E+12,วรัญญา,ทองมาก,ชาย,24/06/2021,7.09585E+12,กฤษฎา,ศรีจันทร์,เสียชีวิต,3.65208E+12,เพ็ญศรี,วัฒนกุล,มีชีวิตและเลี้ยงดูเด็ก,3.65208E+12,เพ็ญศรี,วัฒนกุล,มารดา,,,1/01/2022,28/01/2022,28/01/2022,31/01/2022,1,600,จ่ายสำเร็จ,โอนเข้าบัญชีธนาคาร,7,79800,หน่วยบริการเคลื่อนที่,นครราชสีมา,ห้วยแถลง,เมืองพลับพลา,สำนักงานพัฒนาสังคมและความมั่นคงของมนุษย์จังหวัดนครราชสีมา
NCGPAY00220,NCG00220,8.54537E+12,นภัสสร,มั่นคง,ชาย,17/10/2021,5.5275E+12,วชิรวิทย์,จำปาแก้ว,มีชีวิตและเลี้ยงดูเด็ก,1.17247E+12,รจนา,สมบูรณ์ผล,มีชีวิตและเลี้ยงดูเด็ก,1.17247E+12,รจนา,สมบูรณ์ผล,มารดา,,,7/01/2022,18/01/2022,18/01/2022,1/02/2022,1,600,จ่ายสำเร็จ,โอนเข้าบัญชีธนาคาร,6,75700,ระบบออนไลน์,นนทบุรี,เมืองนนทบุรี,สวนใหญ่,สำนักงานพัฒนาสังคมและความมั่นคงของมนุษย์จังหวัดนนทบุรี
NCGPAY00328,NCG00113,7.64809E+12,ชุติมา,ชูศรี,ชาย,30/09/2021,3.95239E+12,วิทยา,ศรีจันทร์,มีชีวิตแต่ไม่ได้เลี้ยงดู,8.19836E+12,กาญจนา,ประเสริฐศรี,มีชีวิตและเลี้ยงดูเด็ก,8.19836E+12,กาญจนา,ประเสริฐศรี,มารดา,,,8/12/2021,27/12/2021,27/12/2021,6/02/2022,2,600,จ่ายสำเร็จ,โอนเข้าบัญชีธนาคาร,6,82200,ระบบออนไลน์,มหาสารคาม,โกสุมพิสัย,หนองบอน,สำนักงานพัฒนาสังคมและความมั่นคงของมนุษย์จังหวัดมหาสารคาม
NCGPAY00135,NCG00135,7.31927E+12,ธีรภัทร,พรมศรี,ชาย,19/10/2021,6.81126E+12,นพดล,สมบูรณ์ผล,มีชีวิตและเลี้ยงดูเด็ก,2.81421E+12,ศิริพร,ศรีสุข,มีชีวิตและเลี้ยงดูเด็ก,6.81126E+12,นพดล,สมบูรณ์ผล,บิดา,,,26/12/2021,15/01/2022,15/01/2022,10/02/2022,1,600,จ่ายสำเร็จ,โอนเข้าบัญชีธนาคาร,7,80200,เจ้าหน้าที่ช่วยลงทะเบียน,เชียงใหม่,สารภี,ไชยสถาน,สำนักงานพัฒนาสังคมและความมั่นคงของมนุษย์จังหวัดเชียงใหม่
NCGPAY00064,NCG00064,8.21886E+12,นิตยา,พรหมมา,หญิง,17/08/2021,7.23013E+12,อนุชา,จิตมั่น,มีชีวิตและเลี้ยงดูเด็ก,7.92106E+12,ขวัญฤดี,บุญเรือง,มีชีวิตแต่ไม่ได้เลี้ยงดู,7.23013E+12,อนุชา,จิตมั่น,บิดา,,,1/01/2022,18/01/2022,18/01/2022,19/02/2022,1,600,จ่ายสำเร็จ,โอนเข้าบัญชีธนาคาร,2,46800,หน่วยบริการเคลื่อนที่,ปัตตานี,โคกโพธิ์,บางโกระ,สำนักงานพัฒนาสังคมและความมั่นคงของมนุษย์จังหวัดปัตตานี
NCGPAY00409,NCG00276,3.0035E+12,นภัสสร,ศรีนวล,ชาย,7/11/2021,3.29453E+12,วรวิทย์,ทองมาก,มีชีวิตและเลี้ยงดูเด็ก,2.83534E+12,พรทิพย์,พรหมมา,มีชีวิตและเลี้ยงดูเด็ก,2.83534E+12,พรทิพย์,พรหมมา,มารดา,,,9/12/2021,26/12/2021,26/12/2021,21/02/2022,2,600,จ่ายสำเร็จ,พร้อมเพย์,5,68200,หน่วยบริการเคลื่อนที่,บุรีรัมย์,ชำนิ,เมืองยาง,สำนักงานพัฒนาสังคมและความมั่นคงของมนุษย์จังหวัดบุรีรัมย์
NCGPAY00004,NCG00004,1.90479E+12,ธนกฤต,ใจดี,หญิง,7/10/2021,5.39245E+12,ธีรภัทร,โชคชัย,เสียชีวิต,3.08369E+12,มณีรัตน์,กุลวงศ์,มีชีวิตและเลี้ยงดูเด็ก,3.08369E+12,มณีรัตน์,กุลวงศ์,มารดา,,,28/01/2022,6/02/2022,6/02/2022,23/02/2022,1,600,จ่ายสำเร็จ,โอนเข้าบัญชีธนาคาร,6,83300,ลงทะเบียน ณ หน่วยรับลงทะเบียน,อุบลราชธานี,พิบูลมังสาหาร,ดอนจิก,สำนักงานพัฒนาสังคมและความมั่นคงของมนุษย์จังหวัดอุบลราชธานี
NCGPAY00442,NCG00184,7.91911E+12,เบญจพร,พรหมมา,ชาย,3/06/2021,2.45528E+12,ธนกฤต,เมืองแก้ว,มีชีวิตแต่ไม่ได้เลี้ยงดู,7.01349E+12,พัชรินทร์,ทองสุข,มีชีวิตและเลี้ยงดูเด็ก,7.01349E+12,พัชรินทร์,ทองสุข,มารดา,,,2/01/2022,20/01/2022,20/01/2022,24/02/2022,2,600,จ่ายสำเร็จ,พร้อมเพย์,5,76500,หน่วยบริการเคลื่อนที่,ตราด,เกาะกูด,เกาะหมาก,สำนักงานพัฒนาสังคมและความมั่นคงของมนุษย์จังหวัดตราด
NCGPAY00215,NCG00215,6.66402E+12,วรัญญา,ศรีนวล,หญิง,13/07/2021,2.44638E+12,อาทิตย์,เรืองฤทธิ์,มีชีวิตแต่ไม่ได้เลี้ยงดู,7.88436E+12,วรรณา,เรืองฤทธิ์,มีชีวิตแต่ไม่ได้เลี้ยงดู,6.81208E+12,ธนกฤต,เรืองฤทธิ์,ผู้ปกครองโดยชอบด้วยกฎหมาย,อา,ได้รับแต่งตั้งเป็นผู้ปกครองตามคำสั่งศาล,15/01/2022,30/01/2022,30/01/2022,2/03/2022,1,600,จ่ายสำเร็จ,โอนเข้าบัญชีธนาคาร,6,78600,เจ้าหน้าที่ช่วยลงทะเบียน,ปราจีนบุรี,บ้านสร้าง,บางกระเบา,สำนักงานพัฒนาสังคมและความมั่นคงของมนุษย์จังหวัดปราจีนบุรี
NCGPAY00386,NCG00113,7.64809E+12,ชุติมา,ชูศรี,ชาย,30/09/2021,3.95239E+12,วิทยา,ศรีจันทร์,มีชีวิตแต่ไม่ได้เลี้ยงดู,8.19836E+12,กาญจนา,ประเสริฐศรี,มีชีวิตและเลี้ยงดูเด็ก,8.19836E+12,กาญจนา,ประเสริฐศรี,มารดา,,,8/12/2021,27/12/2021,27/12/2021,11/03/2022,3,600,จ่ายสำเร็จ,โอนเข้าบัญชีธนาคาร,6,82200,ระบบออนไลน์,มหาสารคาม,โกสุมพิสัย,หนองบอน,สำนักงานพัฒนาสังคมและความมั่นคงของมนุษย์จังหวัดมหาสารคาม
NCGPAY00194,NCG00194,8.79619E+12,ธีรดนย์,เกษมสุข,หญิง,7/09/2021,3.37482E+12,ภาคภูมิ,แสงทอง,มีชีวิตและเลี้ยงดูเด็ก,1.74358E+12,ชนิดา,ประดับศรี,มีชีวิตและเลี้ยงดูเด็ก,1.74358E+12,ชนิดา,ประดับศรี,มารดา,,,8/02/2022,17/02/2022,17/02/2022,14/03/2022,1,600,จ่ายสำเร็จ,โอนเข้าบัญชีธนาคาร,2,53400,หน่วยบริการเคลื่อนที่,ลพบุรี,โคกสำโรง,วังจั่น,สำนักงานพัฒนาสังคมและความมั่นคงของมนุษย์จังหวัดลพบุรี
NCGPAY00348,NCG00064,8.21886E+12,นิตยา,พรหมมา,หญิง,17/08/2021,7.23013E+12,อนุชา,จิตมั่น,มีชีวิตและเลี้ยงดูเด็ก,7.92106E+12,ขวัญฤดี,บุญเรือง,มีชีวิตแต่ไม่ได้เลี้ยงดู,7.23013E+12,อนุชา,จิตมั่น,บิดา,,,1/01/2022,18/01/2022,18/01/2022,21/03/2022,2,600,จ่ายสำเร็จ,พร้อมเพย์,2,46800,หน่วยบริการเคลื่อนที่,ปัตตานี,โคกโพธิ์,บางโกระ,สำนักงานพัฒนาสังคมและความมั่นคงของมนุษย์จังหวัดปัตตานี
NCGPAY00025,NCG00025,8.26817E+12,มนัสวี,คำแสน,หญิง,22/12/2021,7.94699E+12,ปกรณ์,ปัญญาดี,มีชีวิตและเลี้ยงดูเด็ก,8.20697E+12,ชนิดา,พิทักษ์วงศ์,มีชีวิตและเลี้ยงดูเด็ก,8.20697E+12,ชนิดา,พิทักษ์วงศ์,มารดา,,,13/02/2022,6/03/2022,6/03/2022,27/03/2022,1,600,จ่ายสำเร็จ,โอนเข้าบัญชีธนาคาร,7,87900,ระบบออนไลน์,นครปฐม,สามพราน,อ้อมใหญ่,สำนักงานพัฒนาสังคมและความมั่นคงของมนุษย์จังหวัดนครปฐม
NCGPAY00239,NCG00239,5.23183E+12,มนัสวี,สุนทรวงศ์,หญิง,23/11/2021,3.13386E+12,ภาคภูมิ,สุขเกษม,มีชีวิตและเลี้ยงดูเด็ก,2.90745E+12,กมลชนก,ศรีจันทร์,มีชีวิตและเลี้ยงดูเด็ก,2.90745E+12,กมลชนก,ศรีจันทร์,มารดา,,,24/01/2022,23/02/2022,23/02/2022,28/03/2022,1,600,จ่ายสำเร็จ,โอนเข้าบัญชีธนาคาร,5,75500,ระบบออนไลน์,อุดรธานี,นายูง,โนนทอง,สำนักงานพัฒนาสังคมและความมั่นคงของมนุษย์จังหวัดอุดรธานี
NCGPAY00172,NCG00172,3.49935E+12,พิมพ์ชนก,โชคชัย,ชาย,26/06/2021,6.26361E+12,เกรียงไกร,สมบูรณ์ผล,มีชีวิตและเลี้ยงดูเด็ก,1.28128E+12,พิมพ์ชนก,วงศ์คำ,ไม่สามารถติดต่อได้,6.26361E+12,เกรียงไกร,สมบูรณ์ผล,บิดา,,,17/02/2022,9/03/2022,9/03/2022,2/04/2022,1,600,จ่ายสำเร็จ,โอนเข้าบัญชีธนาคาร,6,82300,ลงทะเบียน ณ หน่วยรับลงทะเบียน,ยะลา,บันนังสตา,บาเจาะ,สำนักงานพัฒนาสังคมและความมั่นคงของมนุษย์จังหวัดยะลา
NCGPAY00396,NCG00064,8.21886E+12,นิตยา,พรหมมา,หญิง,17/08/2021,7.23013E+12,อนุชา,จิตมั่น,มีชีวิตและเลี้ยงดูเด็ก,7.92106E+12,ขวัญฤดี,บุญเรือง,มีชีวิตแต่ไม่ได้เลี้ยงดู,7.23013E+12,อนุชา,จิตมั่น,บิดา,,,1/01/2022,18/01/2022,18/01/2022,21/04/2022,3,600,จ่ายสำเร็จ,พร้อมเพย์,2,46800,หน่วยบริการเคลื่อนที่,ปัตตานี,โคกโพธิ์,บางโกระ,สำนักงานพัฒนาสังคมและความมั่นคงของมนุษย์จังหวัดปัตตานี
NCGPAY00212,NCG00212,8.92135E+12,นภัสสร,สุขใจ,ชาย,31/01/2022,3.57878E+12,ธีรวัฒน์,ใจดี,มีชีวิตและเลี้ยงดูเด็ก,5.81843E+12,เพ็ญศรี,อุดมศักดิ์,มีชีวิตและเลี้ยงดูเด็ก,3.57878E+12,ธีรวัฒน์,ใจดี,บิดา,,,15/03/2022,11/04/2022,11/04/2022,24/04/2022,1,600,จ่ายสำเร็จ,พร้อมเพย์,5,74400,หน่วยบริการเคลื่อนที่,นครราชสีมา,ห้วยแถลง,เมืองพลับพลา,สำนักงานพัฒนาสังคมและความมั่นคงของมนุษย์จังหวัดนครราชสีมา
NCGPAY00369,NCG00239,5.23183E+12,มนัสวี,สุนทรวงศ์,หญิง,23/11/2021,3.13386E+12,ภาคภูมิ,สุขเกษม,มีชีวิตและเลี้ยงดูเด็ก,2.90745E+12,กมลชนก,ศรีจันทร์,มีชีวิตและเลี้ยงดูเด็ก,2.90745E+12,กมลชนก,ศรีจันทร์,มารดา,,,24/01/2022,23/02/2022,23/02/2022,27/04/2022,2,600,จ่ายสำเร็จ,พร้อมเพย์,5,75500,ระบบออนไลน์,อุดรธานี,นายูง,โนนทอง,สำนักงานพัฒนาสังคมและความมั่นคงของมนุษย์จังหวัดอุดรธานี
NCGPAY00083,NCG00083,8.35475E+12,ชุติมา,สุขเกษม,ชาย,15/02/2022,7.69182E+12,วรพล,เมืองแก้ว,ไม่สามารถติดต่อได้,7.13353E+12,ขวัญฤดี,วงศ์สวัสดิ์,มีชีวิตและเลี้ยงดูเด็ก,7.13353E+12,ขวัญฤดี,วงศ์สวัสดิ์,มารดา,,,24/04/2022,29/04/2022,29/04/2022,2/05/2022,1,600,จ่ายสำเร็จ,โอนเข้าบัญชีธนาคาร,6,81100,ระบบออนไลน์,อุบลราชธานี,พิบูลมังสาหาร,ดอนจิก,สำนักงานพัฒนาสังคมและความมั่นคงของมนุษย์จังหวัดอุบลราชธานี
NCGPAY00098,NCG00098,5.15078E+12,กฤษฎา,พูลเพิ่ม,หญิง,31/12/2021,1.57066E+12,อนุชา,พูลเพิ่ม,มีชีวิตและเลี้ยงดูเด็ก,2.61713E+12,กัลยา,ยอดแก้ว,มีชีวิตและเลี้ยงดูเด็ก,2.61713E+12,กัลยา,ยอดแก้ว,มารดา,,,11/04/2022,29/04/2022,29/04/2022,22/05/2022,1,600,จ่ายสำเร็จ,โอนเข้าบัญชีธนาคาร,3,54300,ระบบออนไลน์,สมุทรปราการ,พระประแดง,บางน้ำผึ้ง,สำนักงานพัฒนาสังคมและความมั่นคงของมนุษย์จังหวัดสมุทรปราการ
NCGPAY00010,NCG00010,8.2714E+12,ขวัญฤดี,จันทร์ฉาย,ชาย,25/03/2022,8.42976E+12,สมชาย,ชูศรี,มีชีวิตและเลี้ยงดูเด็ก,4.92669E+12,นิตยา,อุดมศักดิ์,มีชีวิตและเลี้ยงดูเด็ก,4.92669E+12,นิตยา,อุดมศักดิ์,มารดา,,,25/04/2022,4/05/2022,4/05/2022,28/05/2022,1,600,จ่ายสำเร็จ,พร้อมเพย์,7,84200,เจ้าหน้าที่ช่วยลงทะเบียน,เชียงราย,เมืองเชียงราย,นางแล,สำนักงานพัฒนาสังคมและความมั่นคงของมนุษย์จังหวัดเชียงราย
NCGPAY00423,NCG00239,5.23183E+12,มนัสวี,สุนทรวงศ์,หญิง,23/11/2021,3.13386E+12,ภาคภูมิ,สุขเกษม,มีชีวิตและเลี้ยงดูเด็ก,2.90745E+12,กมลชนก,ศรีจันทร์,มีชีวิตและเลี้ยงดูเด็ก,2.90745E+12,กมลชนก,ศรีจันทร์,มารดา,,,24/01/2022,23/02/2022,23/02/2022,1/06/2022,3,600,จ่ายสำเร็จ,โอนเข้าบัญชีธนาคาร,5,75500,ระบบออนไลน์,อุดรธานี,นายูง,โนนทอง,สำนักงานพัฒนาสังคมและความมั่นคงของมนุษย์จังหวัดอุดรธานี
NCGPAY00024,NCG00024,1.14029E+12,ชลธิชา,สุวรรณศรี,หญิง,20/02/2022,1.10514E+12,ธีรวัฒน์,นาคทอง,มีชีวิตและเลี้ยงดูเด็ก,4.53483E+12,วิภาวี,เกียรติไพศาล,มีชีวิตแต่ไม่ได้เลี้ยงดู,1.10514E+12,ธีรวัฒน์,นาคทอง,บิดา,,,14/05/2022,22/05/2022,22/05/2022,8/06/2022,1,600,จ่ายสำเร็จ,โอนเข้าบัญชีธนาคาร,6,77100,หน่วยบริการเคลื่อนที่,เชียงใหม่,สารภี,ไชยสถาน,สำนักงานพัฒนาสังคมและความมั่นคงของมนุษย์จังหวัดเชียงใหม่
NCGPAY00136,NCG00136,5.05899E+12,กรรณิการ์,ศรีสง่า,หญิง,17/09/2021,7.43857E+12,ชยุต,ประดับศรี,มีชีวิตและเลี้ยงดูเด็ก,7.04822E+12,ชนิดา,คำดี,มีชีวิตและเลี้ยงดูเด็ก,7.04822E+12,ชนิดา,คำดี,มารดา,,,9/05/2022,17/05/2022,17/05/2022,12/06/2022,1,600,จ่ายสำเร็จ,พร้อมเพย์,3,58400,เจ้าหน้าที่ช่วยลงทะเบียน,พระนครศรีอยุธยา,บางบาล,ไทรน้อย,สำนักงานพัฒนาสังคมและความมั่นคงของมนุษย์จังหวัดพระนครศรีอยุธยา
NCGPAY00078,NCG00078,7.89227E+12,ธนภัทร,เรืองฤทธิ์,ชาย,2/04/2022,1.22046E+12,มนตรี,จันทร์หอม,มีชีวิตและเลี้ยงดูเด็ก,8.37552E+12,จุฑามาศ,บุญช่วย,มีชีวิตและเลี้ยงดูเด็ก,8.37552E+12,จุฑามาศ,บุญช่วย,มารดา,,,19/04/2022,18/05/2022,18/05/2022,18/06/2022,1,600,จ่ายสำเร็จ,โอนเข้าบัญชีธนาคาร,5,67800,หน่วยบริการเคลื่อนที่,สุรินทร์,เมืองสุรินทร์,สำโรง,สำนักงานพัฒนาสังคมและความมั่นคงของมนุษย์จังหวัดสุรินทร์
NCGPAY00371,NCG00098,5.15078E+12,กฤษฎา,พูลเพิ่ม,หญิง,31/12/2021,1.57066E+12,อนุชา,พูลเพิ่ม,มีชีวิตและเลี้ยงดูเด็ก,2.61713E+12,กัลยา,ยอดแก้ว,มีชีวิตและเลี้ยงดูเด็ก,2.61713E+12,กัลยา,ยอดแก้ว,มารดา,,,11/04/2022,29/04/2022,29/04/2022,24/06/2022,2,600,จ่ายสำเร็จ,โอนเข้าบัญชีธนาคาร,3,54300,ระบบออนไลน์,สมุทรปราการ,พระประแดง,บางน้ำผึ้ง,สำนักงานพัฒนาสังคมและความมั่นคงของมนุษย์จังหวัดสมุทรปราการ
NCGPAY00479,NCG00010,8.2714E+12,ขวัญฤดี,จันทร์ฉาย,ชาย,25/03/2022,8.42976E+12,สมชาย,ชูศรี,มีชีวิตและเลี้ยงดูเด็ก,4.92669E+12,นิตยา,อุดมศักดิ์,มีชีวิตและเลี้ยงดูเด็ก,4.92669E+12,นิตยา,อุดมศักดิ์,มารดา,,,25/04/2022,4/05/2022,4/05/2022,26/06/2022,2,600,จ่ายสำเร็จ,โอนเข้าบัญชีธนาคาร,7,84200,เจ้าหน้าที่ช่วยลงทะเบียน,เชียงราย,เมืองเชียงราย,นางแล,สำนักงานพัฒนาสังคมและความมั่นคงของมนุษย์จังหวัดเชียงราย
NCGPAY00028,NCG00028,1.17799E+12,จิราภรณ์,พิพัฒน์กุล,หญิง,20/03/2022,4.52556E+12,ชยพล,แก้วกาญจน์,มีชีวิตและเลี้ยงดูเด็ก,5.14644E+12,ชนิดา,บัวแก้ว,มีชีวิตและเลี้ยงดูเด็ก,4.52556E+12,ชยพล,แก้วกาญจน์,บิดา,,,16/06/2022,20/06/2022,20/06/2022,29/06/2022,1,600,จ่ายสำเร็จ,โอนเข้าบัญชีธนาคาร,7,85500,ระบบออนไลน์,ตราด,เกาะกูด,เกาะหมาก,สำนักงานพัฒนาสังคมและความมั่นคงของมนุษย์จังหวัดตราด
NCGPAY00050,NCG00050,4.36957E+12,ชนิดา,แสงจันทร์,ชาย,19/05/2022,6.74526E+12,ปริญญา,แก้วกาญจน์,ไม่สามารถเลี้ยงดูได้,7.72757E+12,รัตนา,พิพัฒน์กุล,เสียชีวิต,5.77279E+12,ธนกฤต,แก้วกาญจน์,ผู้ปกครองโดยชอบด้วยกฎหมาย,ย่า,มารดาเสียชีวิต และบิดาไม่สามารถเลี้ยงดูได้,10/06/2022,16/06/2022,16/06/2022,2/07/2022,1,600,จ่ายสำเร็จ,โอนเข้าบัญชีธนาคาร,4,62000,ระบบออนไลน์,ระยอง,บ้านค่าย,หนองละลอก,สำนักงานพัฒนาสังคมและความมั่นคงของมนุษย์จังหวัดระยอง
NCGPAY00066,NCG00066,3.01925E+12,ศุภกร,ธรรมรักษ์,ชาย,10/03/2022,6.26151E+12,ภูวดล,มงคลชัย,มีชีวิตและเลี้ยงดูเด็ก,7.04088E+12,จุฑามาศ,ประเสริฐศรี,มีชีวิตและเลี้ยงดูเด็ก,7.04088E+12,จุฑามาศ,ประเสริฐศรี,มารดา,,,12/06/2022,1/07/2022,1/07/2022,2/07/2022,1,600,จ่ายสำเร็จ,โอนเข้าบัญชีธนาคาร,5,72100,เจ้าหน้าที่ช่วยลงทะเบียน,สกลนคร,บ้านม่วง,ดงหม้อทอง,สำนักงานพัฒนาสังคมและความมั่นคงของมนุษย์จังหวัดสกลนคร
NCGPAY00272,NCG00272,7.60787E+12,ธีรดนย์,ประเสริฐศรี,ชาย,19/03/2022,7.36649E+12,วรวิทย์,แสนดี,มีชีวิตและเลี้ยงดูเด็ก,6.98681E+12,รัตนา,บุญเรือง,มีชีวิตและเลี้ยงดูเด็ก,7.36649E+12,วรวิทย์,แสนดี,บิดา,,,27/06/2022,30/06/2022,30/06/2022,2/07/2022,1,600,จ่ายสำเร็จ,โอนเข้าบัญชีธนาคาร,2,49400,หน่วยบริการเคลื่อนที่,นครสวรรค์,ไพศาลี,วังข่อย,สำนักงานพัฒนาสังคมและความมั่นคงของมนุษย์จังหวัดนครสวรรค์
NCGPAY00435,NCG00136,5.05899E+12,กรรณิการ์,ศรีสง่า,หญิง,17/09/2021,7.43857E+12,ชยุต,ประดับศรี,มีชีวิตและเลี้ยงดูเด็ก,7.04822E+12,ชนิดา,คำดี,มีชีวิตและเลี้ยงดูเด็ก,7.04822E+12,ชนิดา,คำดี,มารดา,,,9/05/2022,17/05/2022,17/05/2022,10/07/2022,2,600,จ่ายสำเร็จ,พร้อมเพย์,3,58400,เจ้าหน้าที่ช่วยลงทะเบียน,พระนครศรีอยุธยา,บางบาล,ไทรน้อย,สำนักงานพัฒนาสังคมและความมั่นคงของมนุษย์จังหวัดพระนครศรีอยุธยา
NCGPAY00073,NCG00073,6.7418E+12,ธีรดนย์,ศรีสง่า,ชาย,16/12/2021,8.76158E+12,ปกรณ์,อ่อนละมุน,มีชีวิตและเลี้ยงดูเด็ก,3.66853E+12,ธิดารัตน์,เข็มทอง,มีชีวิตและเลี้ยงดูเด็ก,3.66853E+12,ธิดารัตน์,เข็มทอง,มารดา,,,15/06/2022,12/07/2022,12/07/2022,13/07/2022,1,600,จ่ายสำเร็จ,โอนเข้าบัญชีธนาคาร,7,88800,เจ้าหน้าที่ช่วยลงทะเบียน,อุบลราชธานี,พิบูลมังสาหาร,ดอนจิก,สำนักงานพัฒนาสังคมและความมั่นคงของมนุษย์จังหวัดอุบลราชธานี
NCGPAY00108,NCG00108,8.62138E+12,สุภาวดี,ชัยมงคล,หญิง,1/02/2022,1.11434E+12,ชนน,เพชรรัตน์,มีชีวิตและเลี้ยงดูเด็ก,4.51304E+12,ธนพร,แก้วกาญจน์,มีชีวิตและเลี้ยงดูเด็ก,4.51304E+12,ธนพร,แก้วกาญจน์,มารดา,,,30/05/2022,20/06/2022,20/06/2022,13/07/2022,1,600,จ่ายสำเร็จ,พร้อมเพย์,2,47000,เจ้าหน้าที่ช่วยลงทะเบียน,สุพรรณบุรี,บางปลาม้า,ไผ่กองดิน,สำนักงานพัฒนาสังคมและความมั่นคงของมนุษย์จังหวัดสุพรรณบุรี
NCGPAY00243,NCG00243,8.5036E+12,จิราภรณ์,คำดี,หญิง,4/04/2022,3.85152E+12,จักรพันธ์,บุญมี,ไม่สามารถติดต่อได้,3.57415E+12,ภัทราภรณ์,มีทรัพย์,มีชีวิตและเลี้ยงดูเด็ก,3.57415E+12,ภัทราภรณ์,มีทรัพย์,มารดา,,,16/06/2022,24/06/2022,24/06/2022,17/07/2022,1,600,จ่ายสำเร็จ,พร้อมเพย์,6,80700,ลงทะเบียน ณ หน่วยรับลงทะเบียน,ภูเก็ต,เมืองภูเก็ต,ราไวย์,สำนักงานพัฒนาสังคมและความมั่นคงของมนุษย์จังหวัดภูเก็ต
NCGPAY00303,NCG00078,7.89227E+12,ธนภัทร,เรืองฤทธิ์,ชาย,2/04/2022,1.22046E+12,มนตรี,จันทร์หอม,มีชีวิตและเลี้ยงดูเด็ก,8.37552E+12,จุฑามาศ,บุญช่วย,มีชีวิตและเลี้ยงดูเด็ก,8.37552E+12,จุฑามาศ,บุญช่วย,มารดา,,,19/04/2022,18/05/2022,18/05/2022,22/07/2022,2,600,จ่ายสำเร็จ,พร้อมเพย์,5,67800,หน่วยบริการเคลื่อนที่,สุรินทร์,เมืองสุรินทร์,สำโรง,สำนักงานพัฒนาสังคมและความมั่นคงของมนุษย์จังหวัดสุรินทร์
NCGPAY00174,NCG00174,4.91236E+12,กมลชนก,ศรีจันทร์,หญิง,6/05/2022,2.47485E+12,จักรพันธ์,มั่นคง,มีชีวิตและเลี้ยงดูเด็ก,1.90748E+12,สุภาวดี,สมบูรณ์ผล,มีชีวิตและเลี้ยงดูเด็ก,1.90748E+12,สุภาวดี,สมบูรณ์ผล,มารดา,,,8/06/2022,7/07/2022,7/07/2022,31/07/2022,1,600,จ่ายสำเร็จ,โอนเข้าบัญชีธนาคาร,5,73100,หน่วยบริการเคลื่อนที่,ปัตตานี,โคกโพธิ์,บางโกระ,สำนักงานพัฒนาสังคมและความมั่นคงของมนุษย์จังหวัดปัตตานี
NCGPAY00401,NCG00050,4.36957E+12,ชนิดา,แสงจันทร์,ชาย,19/05/2022,6.74526E+12,ปริญญา,แก้วกาญจน์,ไม่สามารถเลี้ยงดูได้,7.72757E+12,รัตนา,พิพัฒน์กุล,เสียชีวิต,5.77279E+12,ธนกฤต,แก้วกาญจน์,ผู้ปกครองโดยชอบด้วยกฎหมาย,ย่า,มารดาเสียชีวิต และบิดาไม่สามารถเลี้ยงดูได้,10/06/2022,16/06/2022,16/06/2022,1/08/2022,2,600,จ่ายสำเร็จ,พร้อมเพย์,4,62000,ระบบออนไลน์,ระยอง,บ้านค่าย,หนองละลอก,สำนักงานพัฒนาสังคมและความมั่นคงของมนุษย์จังหวัดระยอง
NCGPAY00454,NCG00028,1.17799E+12,จิราภรณ์,พิพัฒน์กุล,หญิง,20/03/2022,4.52556E+12,ชยพล,แก้วกาญจน์,มีชีวิตและเลี้ยงดูเด็ก,5.14644E+12,ชนิดา,บัวแก้ว,มีชีวิตและเลี้ยงดูเด็ก,4.52556E+12,ชยพล,แก้วกาญจน์,บิดา,,,16/06/2022,20/06/2022,20/06/2022,1/08/2022,2,600,จ่ายสำเร็จ,โอนเข้าบัญชีธนาคาร,7,85500,ระบบออนไลน์,ตราด,เกาะกูด,เกาะหมาก,สำนักงานพัฒนาสังคมและความมั่นคงของมนุษย์จังหวัดตราด
NCGPAY00380,NCG00066,3.01925E+12,ศุภกร,ธรรมรักษ์,ชาย,10/03/2022,6.26151E+12,ภูวดล,มงคลชัย,มีชีวิตและเลี้ยงดูเด็ก,7.04088E+12,จุฑามาศ,ประเสริฐศรี,มีชีวิตและเลี้ยงดูเด็ก,7.04088E+12,จุฑามาศ,ประเสริฐศรี,มารดา,,,12/06/2022,1/07/2022,1/07/2022,2/08/2022,2,1200,จ่ายย้อนหลังรวมหลายงวด,โอนเข้าบัญชีธนาคาร,5,72100,เจ้าหน้าที่ช่วยลงทะเบียน,สกลนคร,บ้านม่วง,ดงหม้อทอง,สำนักงานพัฒนาสังคมและความมั่นคงของมนุษย์จังหวัดสกลนคร
NCGPAY00384,NCG00272,7.60787E+12,ธีรดนย์,ประเสริฐศรี,ชาย,19/03/2022,7.36649E+12,วรวิทย์,แสนดี,มีชีวิตและเลี้ยงดูเด็ก,6.98681E+12,รัตนา,บุญเรือง,มีชีวิตและเลี้ยงดูเด็ก,7.36649E+12,วรวิทย์,แสนดี,บิดา,,,27/06/2022,30/06/2022,30/06/2022,4/08/2022,2,600,จ่ายสำเร็จ,โอนเข้าบัญชีธนาคาร,2,49400,หน่วยบริการเคลื่อนที่,นครสวรรค์,ไพศาลี,วังข่อย,สำนักงานพัฒนาสังคมและความมั่นคงของมนุษย์จังหวัดนครสวรรค์
NCGPAY00186,NCG00186,5.07615E+12,อคิราห์,วัฒนกุล,หญิง,31/05/2022,2.24735E+12,พีรพัฒน์,สุทธิวงศ์,ไม่สามารถเลี้ยงดูได้,7.61453E+12,สุภาวดี,เข็มทอง,เสียชีวิต,1.15607E+12,นพดล,ศรีสมบัติ,ผู้ปกครองโดยชอบด้วยกฎหมาย,ย่า,มารดาเสียชีวิต และบิดาไม่สามารถเลี้ยงดูได้,30/06/2022,7/07/2022,7/07/2022,7/08/2022,1,600,จ่ายสำเร็จ,โอนเข้าบัญชีธนาคาร,6,73000,หน่วยบริการเคลื่อนที่,อุบลราชธานี,พิบูลมังสาหาร,ดอนจิก,สำนักงานพัฒนาสังคมและความมั่นคงของมนุษย์จังหวัดอุบลราชธานี
NCGPAY00448,NCG00108,8.62138E+12,สุภาวดี,ชัยมงคล,หญิง,1/02/2022,1.11434E+12,ชนน,เพชรรัตน์,มีชีวิตและเลี้ยงดูเด็ก,4.51304E+12,ธนพร,แก้วกาญจน์,มีชีวิตและเลี้ยงดูเด็ก,4.51304E+12,ธนพร,แก้วกาญจน์,มารดา,,,30/05/2022,20/06/2022,20/06/2022,13/08/2022,2,600,จ่ายสำเร็จ,โอนเข้าบัญชีธนาคาร,2,47000,เจ้าหน้าที่ช่วยลงทะเบียน,สุพรรณบุรี,บางปลาม้า,ไผ่กองดิน,สำนักงานพัฒนาสังคมและความมั่นคงของมนุษย์จังหวัดสุพรรณบุรี
NCGPAY00330,NCG00073,6.7418E+12,ธีรดนย์,ศรีสง่า,ชาย,16/12/2021,8.76158E+12,ปกรณ์,อ่อนละมุน,มีชีวิตและเลี้ยงดูเด็ก,3.66853E+12,ธิดารัตน์,เข็มทอง,มีชีวิตและเลี้ยงดูเด็ก,3.66853E+12,ธิดารัตน์,เข็มทอง,มารดา,,,15/06/2022,12/07/2022,12/07/2022,17/08/2022,2,600,จ่ายสำเร็จ,โอนเข้าบัญชีธนาคาร,7,88800,เจ้าหน้าที่ช่วยลงทะเบียน,อุบลราชธานี,พิบูลมังสาหาร,ดอนจิก,สำนักงานพัฒนาสังคมและความมั่นคงของมนุษย์จังหวัดอุบลราชธานี
NCGPAY00052,NCG00052,8.2404E+12,อชิระ,บุญช่วย,หญิง,18/07/2022,5.21923E+12,กิตติพงศ์,ใจดี,ไม่สามารถเลี้ยงดูได้,5.38967E+12,นิตยา,รุ่งเรือง,ไม่สามารถเลี้ยงดูได้,6.94617E+12,กาญจนา,รุ่งเรือง,ผู้ปกครองโดยชอบด้วยกฎหมาย,ป้า,บิดาและมารดาไม่สามารถเลี้ยงดูเด็กได้,7/08/2022,21/08/2022,21/08/2022,27/08/2022,1,600,จ่ายสำเร็จ,พร้อมเพย์,2,55300,เจ้าหน้าที่ช่วยลงทะเบียน,ระยอง,บ้านค่าย,หนองละลอก,สำนักงานพัฒนาสังคมและความมั่นคงของมนุษย์จังหวัดระยอง
NCGPAY00467,NCG00028,1.17799E+12,จิราภรณ์,พิพัฒน์กุล,หญิง,20/03/2022,4.52556E+12,ชยพล,แก้วกาญจน์,มีชีวิตและเลี้ยงดูเด็ก,5.14644E+12,ชนิดา,บัวแก้ว,มีชีวิตและเลี้ยงดูเด็ก,4.52556E+12,ชยพล,แก้วกาญจน์,บิดา,,,16/06/2022,20/06/2022,20/06/2022,29/08/2022,3,600,จ่ายสำเร็จ,โอนเข้าบัญชีธนาคาร,7,85500,ระบบออนไลน์,ตราด,เกาะกูด,เกาะหมาก,สำนักงานพัฒนาสังคมและความมั่นคงของมนุษย์จังหวัดตราด
NCGPAY00446,NCG00066,3.01925E+12,ศุภกร,ธรรมรักษ์,ชาย,10/03/2022,6.26151E+12,ภูวดล,มงคลชัย,มีชีวิตและเลี้ยงดูเด็ก,7.04088E+12,จุฑามาศ,ประเสริฐศรี,มีชีวิตและเลี้ยงดูเด็ก,7.04088E+12,จุฑามาศ,ประเสริฐศรี,มารดา,,,12/06/2022,1/07/2022,1/07/2022,30/08/2022,3,600,จ่ายสำเร็จ,โอนเข้าบัญชีธนาคาร,5,72100,เจ้าหน้าที่ช่วยลงทะเบียน,สกลนคร,บ้านม่วง,ดงหม้อทอง,สำนักงานพัฒนาสังคมและความมั่นคงของมนุษย์จังหวัดสกลนคร
NCGPAY00266,NCG00266,4.03066E+12,พีรวิชญ์,แสงจันทร์,ชาย,25/04/2022,4.88746E+12,มนตรี,รุ่งเรือง,มีชีวิตแต่ไม่ได้เลี้ยงดู,2.80052E+12,มาลี,รัตนวงศ์,มีชีวิตและเลี้ยงดูเด็ก,2.80052E+12,มาลี,รัตนวงศ์,มารดา,,,20/07/2022,15/08/2022,15/08/2022,10/09/2022,1,600,จ่ายสำเร็จ,พร้อมเพย์,3,56600,หน่วยบริการเคลื่อนที่,ปราจีนบุรี,บ้านสร้าง,บางกระเบา,สำนักงานพัฒนาสังคมและความมั่นคงของมนุษย์จังหวัดปราจีนบุรี
NCGPAY00071,NCG00071,5.48857E+12,ศิรินภา,กุลวงศ์,หญิง,31/01/2022,7.21762E+12,ปกรณ์,ชัยมงคล,ไม่สามารถติดต่อได้,4.58959E+12,ณัฐธิดา,ศรีสมบัติ,มีชีวิตและเลี้ยงดูเด็ก,4.58959E+12,ณัฐธิดา,ศรีสมบัติ,มารดา,,,24/08/2022,3/09/2022,3/09/2022,13/09/2022,1,600,จ่ายสำเร็จ,พร้อมเพย์,2,56800,เจ้าหน้าที่ช่วยลงทะเบียน,สมุทรสาคร,กระทุ่มแบน,ดอนไก่ดี,สำนักงานพัฒนาสังคมและความมั่นคงของมนุษย์จังหวัดสมุทรสาคร
NCGPAY00121,NCG00121,2.91675E+12,อภิญญา,ศรีจันทร์,ชาย,24/06/2022,4.95141E+12,ธีรวัฒน์,อ่อนละมุน,มีชีวิตและเลี้ยงดูเด็ก,5.12199E+12,เพ็ญศรี,ชัยมงคล,มีชีวิตและเลี้ยงดูเด็ก,5.12199E+12,เพ็ญศรี,ชัยมงคล,มารดา,,,28/08/2022,7/09/2022,7/09/2022,14/09/2022,1,600,จ่ายสำเร็จ,โอนเข้าบัญชีธนาคาร,3,56600,เจ้าหน้าที่ช่วยลงทะเบียน,น่าน,เมืองน่าน,บ่อ,สำนักงานพัฒนาสังคมและความมั่นคงของมนุษย์จังหวัดน่าน
NCGPAY00434,NCG00073,6.7418E+12,ธีรดนย์,ศรีสง่า,ชาย,16/12/2021,8.76158E+12,ปกรณ์,อ่อนละมุน,มีชีวิตและเลี้ยงดูเด็ก,3.66853E+12,ธิดารัตน์,เข็มทอง,มีชีวิตและเลี้ยงดูเด็ก,3.66853E+12,ธิดารัตน์,เข็มทอง,มารดา,,,15/06/2022,12/07/2022,12/07/2022,20/09/2022,3,600,จ่ายสำเร็จ,โอนเข้าบัญชีธนาคาร,7,88800,เจ้าหน้าที่ช่วยลงทะเบียน,อุบลราชธานี,พิบูลมังสาหาร,ดอนจิก,สำนักงานพัฒนาสังคมและความมั่นคงของมนุษย์จังหวัดอุบลราชธานี
NCGPAY00097,NCG00097,8.9067E+12,อชิระ,สุขสวัสดิ์,ชาย,11/02/2022,8.71453E+12,นพดล,วงศ์สวัสดิ์,มีชีวิตและเลี้ยงดูเด็ก,4.77008E+12,ศิริพร,วัฒนกุล,มีชีวิตและเลี้ยงดูเด็ก,8.71453E+12,นพดล,วงศ์สวัสดิ์,บิดา,,,26/08/2022,16/09/2022,16/09/2022,24/09/2022,1,600,จ่ายสำเร็จ,โอนเข้าบัญชีธนาคาร,3,58600,หน่วยบริการเคลื่อนที่,นครปฐม,สามพราน,อ้อมใหญ่,สำนักงานพัฒนาสังคมและความมั่นคงของมนุษย์จังหวัดนครปฐม
NCGPAY00399,NCG00052,8.2404E+12,อชิระ,บุญช่วย,หญิง,18/07/2022,5.21923E+12,กิตติพงศ์,ใจดี,ไม่สามารถเลี้ยงดูได้,5.38967E+12,นิตยา,รุ่งเรือง,ไม่สามารถเลี้ยงดูได้,6.94617E+12,กาญจนา,รุ่งเรือง,ผู้ปกครองโดยชอบด้วยกฎหมาย,ป้า,บิดาและมารดาไม่สามารถเลี้ยงดูเด็กได้,7/08/2022,21/08/2022,21/08/2022,29/09/2022,2,600,จ่ายสำเร็จ,โอนเข้าบัญชีธนาคาร,2,55300,เจ้าหน้าที่ช่วยลงทะเบียน,ระยอง,บ้านค่าย,หนองละลอก,สำนักงานพัฒนาสังคมและความมั่นคงของมนุษย์จังหวัดระยอง
NCGPAY00177,NCG00177,5.89576E+12,อัครเดช,แสนดี,หญิง,31/05/2022,3.70723E+12,กิตติพงศ์,สมบูรณ์ผล,มีชีวิตและเลี้ยงดูเด็ก,6.27417E+12,พิมพ์ชนก,คำดี,มีชีวิตและเลี้ยงดูเด็ก,6.27417E+12,พิมพ์ชนก,คำดี,มารดา,,,4/09/2022,16/09/2022,16/09/2022,9/10/2022,1,600,จ่ายสำเร็จ,โอนเข้าบัญชีธนาคาร,7,80400,หน่วยบริการเคลื่อนที่,จันทบุรี,แหลมสิงห์,บางกะไชย,สำนักงานพัฒนาสังคมและความมั่นคงของมนุษย์จังหวัดจันทบุรี
NCGPAY00456,NCG00266,4.03066E+12,พีรวิชญ์,แสงจันทร์,ชาย,25/04/2022,4.88746E+12,มนตรี,รุ่งเรือง,มีชีวิตแต่ไม่ได้เลี้ยงดู,2.80052E+12,มาลี,รัตนวงศ์,มีชีวิตและเลี้ยงดูเด็ก,2.80052E+12,มาลี,รัตนวงศ์,มารดา,,,20/07/2022,15/08/2022,15/08/2022,10/10/2022,2,600,จ่ายสำเร็จ,โอนเข้าบัญชีธนาคาร,3,56600,หน่วยบริการเคลื่อนที่,ปราจีนบุรี,บ้านสร้าง,บางกระเบา,สำนักงานพัฒนาสังคมและความมั่นคงของมนุษย์จังหวัดปราจีนบุรี
NCGPAY00421,NCG00121,2.91675E+12,อภิญญา,ศรีจันทร์,ชาย,24/06/2022,4.95141E+12,ธีรวัฒน์,อ่อนละมุน,มีชีวิตและเลี้ยงดูเด็ก,5.12199E+12,เพ็ญศรี,ชัยมงคล,มีชีวิตและเลี้ยงดูเด็ก,5.12199E+12,เพ็ญศรี,ชัยมงคล,มารดา,,,28/08/2022,7/09/2022,7/09/2022,12/10/2022,2,600,จ่ายสำเร็จ,พร้อมเพย์,3,56600,เจ้าหน้าที่ช่วยลงทะเบียน,น่าน,เมืองน่าน,บ่อ,สำนักงานพัฒนาสังคมและความมั่นคงของมนุษย์จังหวัดน่าน
NCGPAY00058,NCG00058,4.68549E+12,อริสรา,จิตมั่น,หญิง,12/07/2022,8.79206E+12,กฤษฎา,ประเสริฐศรี,มีชีวิตและเลี้ยงดูเด็ก,2.57752E+12,นภัสสร,วัฒนกุล,มีชีวิตและเลี้ยงดูเด็ก,2.57752E+12,นภัสสร,วัฒนกุล,มารดา,,,29/09/2022,7/10/2022,7/10/2022,13/10/2022,1,600,จ่ายสำเร็จ,โอนเข้าบัญชีธนาคาร,6,81100,หน่วยบริการเคลื่อนที่,บุรีรัมย์,ชำนิ,เมืองยาง,สำนักงานพัฒนาสังคมและความมั่นคงของมนุษย์จังหวัดบุรีรัมย์
NCGPAY00196,NCG00196,3.46035E+12,ณัฐธิดา,ทวีทรัพย์,ชาย,4/04/2022,4.54808E+12,นพดล,ศรีจันทร์,มีชีวิตและเลี้ยงดูเด็ก,3.71832E+12,วราภรณ์,แสงเพชร,มีชีวิตและเลี้ยงดูเด็ก,3.71832E+12,วราภรณ์,แสงเพชร,มารดา,,,13/08/2022,11/09/2022,11/09/2022,14/10/2022,1,600,จ่ายสำเร็จ,โอนเข้าบัญชีธนาคาร,2,51800,ลงทะเบียน ณ หน่วยรับลงทะเบียน,ปัตตานี,โคกโพธิ์,บางโกระ,สำนักงานพัฒนาสังคมและความมั่นคงของมนุษย์จังหวัดปัตตานี
NCGPAY00242,NCG00242,8.10712E+12,พิมพ์ชนก,พูลเพิ่ม,หญิง,26/02/2022,1.38408E+12,ธีรภัทร,พรมศรี,มีชีวิตและเลี้ยงดูเด็ก,6.43885E+12,วราภรณ์,ทองดี,มีชีวิตแต่ไม่ได้เลี้ยงดู,1.38408E+12,ธีรภัทร,พรมศรี,บิดา,,,18/10/2022,27/10/2022,27/10/2022,11/11/2022,1,600,จ่ายสำเร็จ,พร้อมเพย์,6,82200,ลงทะเบียน ณ หน่วยรับลงทะเบียน,ระยอง,บ้านค่าย,หนองละลอก,สำนักงานพัฒนาสังคมและความมั่นคงของมนุษย์จังหวัดระยอง
NCGPAY00473,NCG00058,4.68549E+12,อริสรา,จิตมั่น,หญิง,12/07/2022,8.79206E+12,กฤษฎา,ประเสริฐศรี,มีชีวิตและเลี้ยงดูเด็ก,2.57752E+12,นภัสสร,วัฒนกุล,มีชีวิตและเลี้ยงดูเด็ก,2.57752E+12,นภัสสร,วัฒนกุล,มารดา,,,29/09/2022,7/10/2022,7/10/2022,14/11/2022,2,600,จ่ายสำเร็จ,โอนเข้าบัญชีธนาคาร,6,81100,หน่วยบริการเคลื่อนที่,บุรีรัมย์,ชำนิ,เมืองยาง,สำนักงานพัฒนาสังคมและความมั่นคงของมนุษย์จังหวัดบุรีรัมย์
NCGPAY00472,NCG00121,2.91675E+12,อภิญญา,ศรีจันทร์,ชาย,24/06/2022,4.95141E+12,ธีรวัฒน์,อ่อนละมุน,มีชีวิตและเลี้ยงดูเด็ก,5.12199E+12,เพ็ญศรี,ชัยมงคล,มีชีวิตและเลี้ยงดูเด็ก,5.12199E+12,เพ็ญศรี,ชัยมงคล,มารดา,,,28/08/2022,7/09/2022,7/09/2022,15/11/2022,3,600,จ่ายสำเร็จ,โอนเข้าบัญชีธนาคาร,3,56600,เจ้าหน้าที่ช่วยลงทะเบียน,น่าน,เมืองน่าน,บ่อ,สำนักงานพัฒนาสังคมและความมั่นคงของมนุษย์จังหวัดน่าน
NCGPAY00441,NCG00196,3.46035E+12,ณัฐธิดา,ทวีทรัพย์,ชาย,4/04/2022,4.54808E+12,นพดล,ศรีจันทร์,มีชีวิตและเลี้ยงดูเด็ก,3.71832E+12,วราภรณ์,แสงเพชร,มีชีวิตและเลี้ยงดูเด็ก,3.71832E+12,วราภรณ์,แสงเพชร,มารดา,,,13/08/2022,11/09/2022,11/09/2022,18/11/2022,2,600,จ่ายสำเร็จ,พร้อมเพย์,2,51800,ลงทะเบียน ณ หน่วยรับลงทะเบียน,ปัตตานี,โคกโพธิ์,บางโกระ,สำนักงานพัฒนาสังคมและความมั่นคงของมนุษย์จังหวัดปัตตานี
NCGPAY00140,NCG00140,6.43429E+12,ธนภัทร,บุญมี,ชาย,22/09/2022,3.6203E+12,อภิชาติ,นาคทอง,มีชีวิตและเลี้ยงดูเด็ก,3.87733E+12,อัญชลี,อุดมศักดิ์,มีชีวิตและเลี้ยงดูเด็ก,3.87733E+12,อัญชลี,อุดมศักดิ์,มารดา,,,17/10/2022,4/11/2022,4/11/2022,28/11/2022,1,600,จ่ายสำเร็จ,พร้อมเพย์,6,75500,ระบบออนไลน์,ปทุมธานี,เมืองปทุมธานี,บางหลวง,สำนักงานพัฒนาสังคมและความมั่นคงของมนุษย์จังหวัดปทุมธานี
NCGPAY00164,NCG00164,2.12594E+12,ธีรภัทร,อุดมศักดิ์,ชาย,21/10/2022,6.52051E+12,สมชาย,บัวแก้ว,มีชีวิตและเลี้ยงดูเด็ก,7.28349E+12,อรทัย,ชูศรี,มีชีวิตและเลี้ยงดูเด็ก,7.28349E+12,อรทัย,ชูศรี,มารดา,,,10/11/2022,25/11/2022,25/11/2022,30/11/2022,1,1200,จ่ายย้อนหลังรวมหลายงวด,โอนเข้าบัญชีธนาคาร,6,82100,ระบบออนไลน์,แพร่,เมืองแพร่,ช่อแฮ,สำนักงานพัฒนาสังคมและความมั่นคงของมนุษย์จังหวัดแพร่
NCGPAY00317,NCG00242,8.10712E+12,พิมพ์ชนก,พูลเพิ่ม,หญิง,26/02/2022,1.38408E+12,ธีรภัทร,พรมศรี,มีชีวิตและเลี้ยงดูเด็ก,6.43885E+12,วราภรณ์,ทองดี,มีชีวิตแต่ไม่ได้เลี้ยงดู,1.38408E+12,ธีรภัทร,พรมศรี,บิดา,,,18/10/2022,27/10/2022,27/10/2022,10/12/2022,2,1800,จ่ายย้อนหลังรวมหลายงวด,โอนเข้าบัญชีธนาคาร,6,82200,ลงทะเบียน ณ หน่วยรับลงทะเบียน,ระยอง,บ้านค่าย,หนองละลอก,สำนักงานพัฒนาสังคมและความมั่นคงของมนุษย์จังหวัดระยอง
NCGPAY00007,NCG00007,5.84226E+12,ธิดารัตน์,พิทักษ์วงศ์,ชาย,11/04/2022,5.93767E+12,วิทยา,เกิดผล,มีชีวิตและเลี้ยงดูเด็ก,2.20724E+12,ธัญชนก,สุขใจ,มีชีวิตและเลี้ยงดูเด็ก,2.20724E+12,ธัญชนก,สุขใจ,มารดา,,,21/10/2022,16/11/2022,16/11/2022,14/12/2022,1,600,จ่ายสำเร็จ,โอนเข้าบัญชีธนาคาร,3,58800,ระบบออนไลน์,สระแก้ว,วังสมบูรณ์,วังใหม่,สำนักงานพัฒนาสังคมและความมั่นคงของมนุษย์จังหวัดสระแก้ว
NCGPAY00017,NCG00017,4.44792E+12,ธีรภัทร,จำปาแก้ว,หญิง,29/05/2022,1.23315E+12,พีรพัฒน์,นิลแก้ว,มีชีวิตและเลี้ยงดูเด็ก,2.39316E+12,อรวรรณ,ศรีจันทร์,มีชีวิตและเลี้ยงดูเด็ก,2.39316E+12,อรวรรณ,ศรีจันทร์,มารดา,,,6/11/2022,23/11/2022,23/11/2022,27/12/2022,1,600,จ่ายสำเร็จ,โอนเข้าบัญชีธนาคาร,6,74400,เจ้าหน้าที่ช่วยลงทะเบียน,ลำพูน,แม่ทา,ทาสบเส้า,สำนักงานพัฒนาสังคมและความมั่นคงของมนุษย์จังหวัดลำพูน
NCGPAY00091,NCG00091,3.63641E+12,กิตติภัทร,ทองอินทร์,หญิง,22/06/2022,2.11436E+12,กิตติภัทร,โชคชัย,มีชีวิตและเลี้ยงดูเด็ก,6.07262E+12,กัญญารัตน์,เกียรติไพศาล,เสียชีวิต,2.11436E+12,กิตติภัทร,โชคชัย,บิดา,,,15/12/2022,3/01/2023,3/01/2023,5/01/2023,1,600,จ่ายสำเร็จ,โอนเข้าบัญชีธนาคาร,3,61700,ลงทะเบียน ณ หน่วยรับลงทะเบียน,สระบุรี,เมืองสระบุรี,โคกสว่าง,สำนักงานพัฒนาสังคมและความมั่นคงของมนุษย์จังหวัดสระบุรี
NCGPAY00035,NCG00035,1.67996E+12,เพ็ญนภา,แสงจันทร์,หญิง,12/10/2022,5.5896E+12,ปริญญา,ธนากุล,ไม่สามารถติดต่อได้,8.88882E+12,สุพัตรา,มั่นคง,มีชีวิตและเลี้ยงดูเด็ก,8.88882E+12,สุพัตรา,มั่นคง,มารดา,,,7/11/2022,3/12/2022,3/12/2022,7/01/2023,1,1800,จ่ายย้อนหลังรวมหลายงวด,โอนเข้าบัญชีธนาคาร,3,64200,หน่วยบริการเคลื่อนที่,ปราจีนบุรี,บ้านสร้าง,บางกระเบา,สำนักงานพัฒนาสังคมและความมั่นคงของมนุษย์จังหวัดปราจีนบุรี
NCGPAY00465,NCG00007,5.84226E+12,ธิดารัตน์,พิทักษ์วงศ์,ชาย,11/04/2022,5.93767E+12,วิทยา,เกิดผล,มีชีวิตและเลี้ยงดูเด็ก,2.20724E+12,ธัญชนก,สุขใจ,มีชีวิตและเลี้ยงดูเด็ก,2.20724E+12,ธัญชนก,สุขใจ,มารดา,,,21/10/2022,16/11/2022,16/11/2022,11/01/2023,2,600,จ่ายสำเร็จ,โอนเข้าบัญชีธนาคาร,3,58800,ระบบออนไลน์,สระแก้ว,วังสมบูรณ์,วังใหม่,สำนักงานพัฒนาสังคมและความมั่นคงของมนุษย์จังหวัดสระแก้ว
NCGPAY00123,NCG00123,7.5845E+12,พชร,จิตมั่น,ชาย,20/08/2022,6.80066E+12,ธนภัทร,ประเสริฐศรี,มีชีวิตและเลี้ยงดูเด็ก,3.73979E+12,สุกัญญา,ศรีนวล,มีชีวิตและเลี้ยงดูเด็ก,3.73979E+12,สุกัญญา,ศรีนวล,มารดา,,,22/12/2022,10/01/2023,10/01/2023,19/01/2023,1,600,จ่ายสำเร็จ,พร้อมเพย์,5,75900,หน่วยบริการเคลื่อนที่,นราธิวาส,ตากใบ,เกาะสะท้อน,สำนักงานพัฒนาสังคมและความมั่นคงของมนุษย์จังหวัดนราธิวาส
NCGPAY00145,NCG00145,4.70376E+12,ธนดล,ฤทธิไกร,หญิง,19/10/2022,3.5925E+12,อาทิตย์,ฤทธิไกร,มีชีวิตและเลี้ยงดูเด็ก,2.29863E+12,จุฑามาศ,ทวีทรัพย์,มีชีวิตและเลี้ยงดูเด็ก,3.5925E+12,อาทิตย์,ฤทธิไกร,บิดา,,,4/01/2023,9/01/2023,9/01/2023,20/01/2023,1,600,จ่ายสำเร็จ,โอนเข้าบัญชีธนาคาร,2,48100,เจ้าหน้าที่ช่วยลงทะเบียน,นครศรีธรรมราช,ทุ่งสง,นาโพธิ์,สำนักงานพัฒนาสังคมและความมั่นคงของมนุษย์จังหวัดนครศรีธรรมราช
NCGPAY00081,NCG00081,1.20378E+12,วชิรวิทย์,เกิดผล,ชาย,21/04/2022,2.26036E+12,ณรงค์,สุทธิวงศ์,ไม่สามารถติดต่อได้,1.15803E+12,กมลชนก,แก้วกาญจน์,มีชีวิตและเลี้ยงดูเด็ก,1.15803E+12,กมลชนก,แก้วกาญจน์,มารดา,,,17/12/2022,1/01/2023,1/01/2023,21/01/2023,1,600,จ่ายสำเร็จ,โอนเข้าบัญชีธนาคาร,5,76100,เจ้าหน้าที่ช่วยลงทะเบียน,มหาสารคาม,โกสุมพิสัย,หนองบอน,สำนักงานพัฒนาสังคมและความมั่นคงของมนุษย์จังหวัดมหาสารคาม
NCGPAY00030,NCG00030,4.80626E+12,พัชราภา,สวัสดิผล,หญิง,25/05/2022,3.67148E+12,เอกชัย,ไชยวงศ์,ไม่สามารถติดต่อได้,8.71617E+12,สุพัตรา,คำดี,ไม่สามารถติดต่อได้,1.9162E+12,จิราภรณ์,แสงเพชร,ผู้ปกครองโดยชอบด้วยกฎหมาย,ลุง,ไม่สามารถติดต่อบิดาและมารดาได้,13/01/2023,22/01/2023,22/01/2023,4/02/2023,1,600,จ่ายสำเร็จ,โอนเข้าบัญชีธนาคาร,4,64200,ระบบออนไลน์,นครราชสีมา,ห้วยแถลง,เมืองพลับพลา,สำนักงานพัฒนาสังคมและความมั่นคงของมนุษย์จังหวัดนครราชสีมา
NCGPAY00428,NCG00035,1.67996E+12,เพ็ญนภา,แสงจันทร์,หญิง,12/10/2022,5.5896E+12,ปริญญา,ธนากุล,ไม่สามารถติดต่อได้,8.88882E+12,สุพัตรา,มั่นคง,มีชีวิตและเลี้ยงดูเด็ก,8.88882E+12,สุพัตรา,มั่นคง,มารดา,,,7/11/2022,3/12/2022,3/12/2022,11/02/2023,2,600,จ่ายสำเร็จ,โอนเข้าบัญชีธนาคาร,3,64200,หน่วยบริการเคลื่อนที่,ปราจีนบุรี,บ้านสร้าง,บางกระเบา,สำนักงานพัฒนาสังคมและความมั่นคงของมนุษย์จังหวัดปราจีนบุรี
NCGPAY00311,NCG00081,1.20378E+12,วชิรวิทย์,เกิดผล,ชาย,21/04/2022,2.26036E+12,ณรงค์,สุทธิวงศ์,ไม่สามารถติดต่อได้,1.15803E+12,กมลชนก,แก้วกาญจน์,มีชีวิตและเลี้ยงดูเด็ก,1.15803E+12,กมลชนก,แก้วกาญจน์,มารดา,,,17/12/2022,1/01/2023,1/01/2023,18/02/2023,2,600,จ่ายสำเร็จ,โอนเข้าบัญชีธนาคาร,5,76100,เจ้าหน้าที่ช่วยลงทะเบียน,มหาสารคาม,โกสุมพิสัย,หนองบอน,สำนักงานพัฒนาสังคมและความมั่นคงของมนุษย์จังหวัดมหาสารคาม
NCGPAY00410,NCG00123,7.5845E+12,พชร,จิตมั่น,ชาย,20/08/2022,6.80066E+12,ธนภัทร,ประเสริฐศรี,มีชีวิตและเลี้ยงดูเด็ก,3.73979E+12,สุกัญญา,ศรีนวล,มีชีวิตและเลี้ยงดูเด็ก,3.73979E+12,สุกัญญา,ศรีนวล,มารดา,,,22/12/2022,10/01/2023,10/01/2023,19/02/2023,2,600,จ่ายสำเร็จ,โอนเข้าบัญชีธนาคาร,5,75900,หน่วยบริการเคลื่อนที่,นราธิวาส,ตากใบ,เกาะสะท้อน,สำนักงานพัฒนาสังคมและความมั่นคงของมนุษย์จังหวัดนราธิวาส
NCGPAY00209,NCG00209,2.41639E+12,ขวัญฤดี,ปัญญาดี,หญิง,21/01/2023,7.00442E+12,พีรพัฒน์,บัวแก้ว,มีชีวิตและเลี้ยงดูเด็ก,8.58172E+12,สุภาวดี,ภูมิใจ,มีชีวิตและเลี้ยงดูเด็ก,8.58172E+12,สุภาวดี,ภูมิใจ,มารดา,,,16/02/2023,24/02/2023,24/02/2023,1/03/2023,1,600,จ่ายสำเร็จ,พร้อมเพย์,2,51900,เจ้าหน้าที่ช่วยลงทะเบียน,เชียงใหม่,สารภี,ไชยสถาน,สำนักงานพัฒนาสังคมและความมั่นคงของมนุษย์จังหวัดเชียงใหม่
NCGPAY00074,NCG00074,6.8226E+12,วรัญญา,ศรีจันทร์,ชาย,30/07/2022,4.17411E+12,ธนกฤต,ธรรมคุณ,เสียชีวิต,4.91305E+12,ขวัญฤดี,ศรีจันทร์,มีชีวิตและเลี้ยงดูเด็ก,4.91305E+12,ขวัญฤดี,ศรีจันทร์,มารดา,,,18/02/2023,28/02/2023,28/02/2023,5/03/2023,1,600,จ่ายสำเร็จ,พร้อมเพย์,3,56600,ระบบออนไลน์,ลำพูน,แม่ทา,ทาสบเส้า,สำนักงานพัฒนาสังคมและความมั่นคงของมนุษย์จังหวัดลำพูน
NCGPAY00115,NCG00115,4.01077E+12,ธิดารัตน์,ธนากุล,หญิง,1/12/2022,7.18265E+12,สิทธิชัย,เกษมสุข,มีชีวิตและเลี้ยงดูเด็ก,1.79405E+12,ธัญชนก,วิริยะกุล,มีชีวิตและเลี้ยงดูเด็ก,7.18265E+12,สิทธิชัย,เกษมสุข,บิดา,,,9/02/2023,14/02/2023,14/02/2023,18/03/2023,1,600,จ่ายสำเร็จ,โอนเข้าบัญชีธนาคาร,3,56800,ระบบออนไลน์,สุรินทร์,เมืองสุรินทร์,สำโรง,สำนักงานพัฒนาสังคมและความมั่นคงของมนุษย์จังหวัดสุรินทร์
NCGPAY00118,NCG00118,5.06698E+12,ปกรณ์,เมืองแก้ว,ชาย,31/01/2023,8.7417E+12,วรวิทย์,จันทร์หอม,มีชีวิตและเลี้ยงดูเด็ก,2.99913E+12,ชไมพร,ยอดแก้ว,มีชีวิตแต่ไม่ได้เลี้ยงดู,8.7417E+12,วรวิทย์,จันทร์หอม,บิดา,,,29/03/2023,9/04/2023,9/04/2023,11/04/2023,1,600,จ่ายสำเร็จ,โอนเข้าบัญชีธนาคาร,2,47800,เจ้าหน้าที่ช่วยลงทะเบียน,ชลบุรี,พนัสนิคม,วัดโบสถ์,สำนักงานพัฒนาสังคมและความมั่นคงของมนุษย์จังหวัดชลบุรี
NCGPAY00265,NCG00265,7.45907E+12,ปุณณภา,วงศ์สวัสดิ์,ชาย,11/12/2022,7.75436E+12,ศุภชัย,บุญมี,มีชีวิตและเลี้ยงดูเด็ก,8.44249E+12,มาลี,จันทร์หอม,มีชีวิตและเลี้ยงดูเด็ก,7.75436E+12,ศุภชัย,บุญมี,บิดา,,,5/03/2023,1/04/2023,1/04/2023,15/04/2023,1,600,จ่ายสำเร็จ,โอนเข้าบัญชีธนาคาร,6,82600,เจ้าหน้าที่ช่วยลงทะเบียน,ฉะเชิงเทรา,บางปะกง,เขาดิน,สำนักงานพัฒนาสังคมและความมั่นคงของมนุษย์จังหวัดฉะเชิงเทรา
NCGPAY00096,NCG00096,3.38309E+12,พัชรินทร์,บุญมี,หญิง,2/09/2022,6.26042E+12,ปกรณ์,พูลเพิ่ม,มีชีวิตและเลี้ยงดูเด็ก,2.21088E+12,ณิชา,วิริยะกุล,มีชีวิตและเลี้ยงดูเด็ก,2.21088E+12,ณิชา,วิริยะกุล,มารดา,,,22/03/2023,30/03/2023,30/03/2023,24/04/2023,1,600,จ่ายสำเร็จ,โอนเข้าบัญชีธนาคาร,6,82500,หน่วยบริการเคลื่อนที่,ระยอง,บ้านค่าย,หนองละลอก,สำนักงานพัฒนาสังคมและความมั่นคงของมนุษย์จังหวัดระยอง
NCGPAY00165,NCG00165,1.23847E+12,ธัญชนก,เพชรรัตน์,หญิง,22/08/2022,5.90011E+12,กฤษฎา,พรหมมา,มีชีวิตและเลี้ยงดูเด็ก,7.34412E+12,ศิริพร,มั่นคง,มีชีวิตและเลี้ยงดูเด็ก,7.34412E+12,ศิริพร,มั่นคง,มารดา,,,6/04/2023,21/04/2023,21/04/2023,8/05/2023,1,600,จ่ายสำเร็จ,พร้อมเพย์,4,66600,ระบบออนไลน์,พัทลุง,ศรีนครินทร์,ชุมพล,สำนักงานพัฒนาสังคมและความมั่นคงของมนุษย์จังหวัดพัทลุง
NCGPAY00352,NCG00118,5.06698E+12,ปกรณ์,เมืองแก้ว,ชาย,31/01/2023,8.7417E+12,วรวิทย์,จันทร์หอม,มีชีวิตและเลี้ยงดูเด็ก,2.99913E+12,ชไมพร,ยอดแก้ว,มีชีวิตแต่ไม่ได้เลี้ยงดู,8.7417E+12,วรวิทย์,จันทร์หอม,บิดา,,,29/03/2023,9/04/2023,9/04/2023,15/05/2023,2,600,จ่ายสำเร็จ,โอนเข้าบัญชีธนาคาร,2,47800,เจ้าหน้าที่ช่วยลงทะเบียน,ชลบุรี,พนัสนิคม,วัดโบสถ์,สำนักงานพัฒนาสังคมและความมั่นคงของมนุษย์จังหวัดชลบุรี
NCGPAY00148,NCG00148,3.13018E+12,สุชาดา,เกียรติไพศาล,หญิง,11/12/2022,5.63452E+12,ณัฐวุฒิ,ศรีนวล,มีชีวิตและเลี้ยงดูเด็ก,7.83174E+12,เพ็ญศรี,มีทรัพย์,ไม่สามารถติดต่อได้,5.63452E+12,ณัฐวุฒิ,ศรีนวล,บิดา,,,10/04/2023,17/04/2023,17/04/2023,17/05/2023,1,600,จ่ายสำเร็จ,โอนเข้าบัญชีธนาคาร,4,67900,ระบบออนไลน์,สงขลา,เทพา,วังใหญ่,สำนักงานพัฒนาสังคมและความมั่นคงของมนุษย์จังหวัดสงขลา
NCGPAY00353,NCG00096,3.38309E+12,พัชรินทร์,บุญมี,หญิง,2/09/2022,6.26042E+12,ปกรณ์,พูลเพิ่ม,มีชีวิตและเลี้ยงดูเด็ก,2.21088E+12,ณิชา,วิริยะกุล,มีชีวิตและเลี้ยงดูเด็ก,2.21088E+12,ณิชา,วิริยะกุล,มารดา,,,22/03/2023,30/03/2023,30/03/2023,28/05/2023,2,600,จ่ายสำเร็จ,พร้อมเพย์,6,82500,หน่วยบริการเคลื่อนที่,ระยอง,บ้านค่าย,หนองละลอก,สำนักงานพัฒนาสังคมและความมั่นคงของมนุษย์จังหวัดระยอง
NCGPAY00343,NCG00165,1.23847E+12,ธัญชนก,เพชรรัตน์,หญิง,22/08/2022,5.90011E+12,กฤษฎา,พรหมมา,มีชีวิตและเลี้ยงดูเด็ก,7.34412E+12,ศิริพร,มั่นคง,มีชีวิตและเลี้ยงดูเด็ก,7.34412E+12,ศิริพร,มั่นคง,มารดา,,,6/04/2023,21/04/2023,21/04/2023,6/06/2023,2,600,จ่ายสำเร็จ,พร้อมเพย์,4,66600,ระบบออนไลน์,พัทลุง,ศรีนครินทร์,ชุมพล,สำนักงานพัฒนาสังคมและความมั่นคงของมนุษย์จังหวัดพัทลุง
NCGPAY00146,NCG00146,7.84539E+12,เพ็ญนภา,ธรรมรักษ์,ชาย,7/11/2022,4.84999E+12,ศรัณย์,ศรีสมบัติ,เสียชีวิต,3.33458E+12,ศิรินภา,สวัสดิผล,มีชีวิตและเลี้ยงดูเด็ก,3.33458E+12,ศิรินภา,สวัสดิผล,มารดา,,,15/05/2023,29/05/2023,29/05/2023,11/06/2023,1,600,จ่ายสำเร็จ,พร้อมเพย์,5,74200,หน่วยบริการเคลื่อนที่,ร้อยเอ็ด,ธวัชบุรี,บึงนคร,สำนักงานพัฒนาสังคมและความมั่นคงของมนุษย์จังหวัดร้อยเอ็ด
NCGPAY00264,NCG00264,2.01614E+12,ธนภัทร,ศรีจันทร์,ชาย,21/09/2022,1.58495E+12,ปริญญา,ชัยมงคล,มีชีวิตและเลี้ยงดูเด็ก,1.79228E+12,พัชรินทร์,ไชยวงศ์,มีชีวิตแต่ไม่ได้เลี้ยงดู,1.58495E+12,ปริญญา,ชัยมงคล,บิดา,,,17/04/2023,15/05/2023,15/05/2023,16/06/2023,1,600,จ่ายสำเร็จ,โอนเข้าบัญชีธนาคาร,4,63100,ลงทะเบียน ณ หน่วยรับลงทะเบียน,ขอนแก่น,น้ำพอง,สะอาด,สำนักงานพัฒนาสังคมและความมั่นคงของมนุษย์จังหวัดขอนแก่น
NCGPAY00331,NCG00148,3.13018E+12,สุชาดา,เกียรติไพศาล,หญิง,11/12/2022,5.63452E+12,ณัฐวุฒิ,ศรีนวล,มีชีวิตและเลี้ยงดูเด็ก,7.83174E+12,เพ็ญศรี,มีทรัพย์,ไม่สามารถติดต่อได้,5.63452E+12,ณัฐวุฒิ,ศรีนวล,บิดา,,,10/04/2023,17/04/2023,17/04/2023,18/06/2023,2,600,จ่ายสำเร็จ,พร้อมเพย์,4,67900,ระบบออนไลน์,สงขลา,เทพา,วังใหญ่,สำนักงานพัฒนาสังคมและความมั่นคงของมนุษย์จังหวัดสงขลา
NCGPAY00206,NCG00206,6.8542E+12,วรัญญา,ตั้งมั่น,หญิง,30/11/2022,1.87702E+12,ธนกฤต,จำปาแก้ว,มีชีวิตและเลี้ยงดูเด็ก,2.39725E+12,รัตนา,บุญเกิด,มีชีวิตและเลี้ยงดูเด็ก,1.87702E+12,ธนกฤต,จำปาแก้ว,บิดา,,,20/04/2023,19/05/2023,19/05/2023,20/06/2023,1,600,จ่ายสำเร็จ,โอนเข้าบัญชีธนาคาร,6,76000,เจ้าหน้าที่ช่วยลงทะเบียน,นครปฐม,สามพราน,อ้อมใหญ่,สำนักงานพัฒนาสังคมและความมั่นคงของมนุษย์จังหวัดนครปฐม
NCGPAY00065,NCG00065,3.33753E+12,ธีธัช,เจริญสุข,หญิง,11/10/2022,2.05305E+12,ธนกฤต,สุขใจ,มีชีวิตแต่ไม่ได้เลี้ยงดู,6.59577E+12,พัชรินทร์,อินทร์แก้ว,มีชีวิตและเลี้ยงดูเด็ก,6.59577E+12,พัชรินทร์,อินทร์แก้ว,มารดา,,,14/05/2023,4/06/2023,4/06/2023,30/06/2023,1,600,จ่ายสำเร็จ,โอนเข้าบัญชีธนาคาร,2,53200,หน่วยบริการเคลื่อนที่,เชียงราย,เมืองเชียงราย,นางแล,สำนักงานพัฒนาสังคมและความมั่นคงของมนุษย์จังหวัดเชียงราย
NCGPAY00154,NCG00154,5.00234E+12,ภาคิน,ธรรมคุณ,หญิง,1/01/2023,4.29091E+12,อนุชา,แสงจันทร์,มีชีวิตและเลี้ยงดูเด็ก,2.18183E+12,นิตยา,มีทรัพย์,มีชีวิตและเลี้ยงดูเด็ก,4.29091E+12,อนุชา,แสงจันทร์,บิดา,,,18/06/2023,6/07/2023,6/07/2023,8/07/2023,1,600,จ่ายสำเร็จ,โอนเข้าบัญชีธนาคาร,5,73000,เจ้าหน้าที่ช่วยลงทะเบียน,ตรัง,ปะเหลียน,เกาะค้างคาว,สำนักงานพัฒนาสังคมและความมั่นคงของมนุษย์จังหวัดตรัง
NCGPAY00327,NCG00146,7.84539E+12,เพ็ญนภา,ธรรมรักษ์,ชาย,7/11/2022,4.84999E+12,ศรัณย์,ศรีสมบัติ,เสียชีวิต,3.33458E+12,ศิรินภา,สวัสดิผล,มีชีวิตและเลี้ยงดูเด็ก,3.33458E+12,ศิรินภา,สวัสดิผล,มารดา,,,15/05/2023,29/05/2023,29/05/2023,12/07/2023,2,600,จ่ายสำเร็จ,โอนเข้าบัญชีธนาคาร,5,74200,หน่วยบริการเคลื่อนที่,ร้อยเอ็ด,ธวัชบุรี,บึงนคร,สำนักงานพัฒนาสังคมและความมั่นคงของมนุษย์จังหวัดร้อยเอ็ด
NCGPAY00391,NCG00264,2.01614E+12,ธนภัทร,ศรีจันทร์,ชาย,21/09/2022,1.58495E+12,ปริญญา,ชัยมงคล,มีชีวิตและเลี้ยงดูเด็ก,1.79228E+12,พัชรินทร์,ไชยวงศ์,มีชีวิตแต่ไม่ได้เลี้ยงดู,1.58495E+12,ปริญญา,ชัยมงคล,บิดา,,,17/04/2023,15/05/2023,15/05/2023,14/07/2023,2,1200,จ่ายย้อนหลังรวมหลายงวด,พร้อมเพย์,4,63100,ลงทะเบียน ณ หน่วยรับลงทะเบียน,ขอนแก่น,น้ำพอง,สะอาด,สำนักงานพัฒนาสังคมและความมั่นคงของมนุษย์จังหวัดขอนแก่น
NCGPAY00500,NCG00148,3.13018E+12,สุชาดา,เกียรติไพศาล,หญิง,11/12/2022,5.63452E+12,ณัฐวุฒิ,ศรีนวล,มีชีวิตและเลี้ยงดูเด็ก,7.83174E+12,เพ็ญศรี,มีทรัพย์,ไม่สามารถติดต่อได้,5.63452E+12,ณัฐวุฒิ,ศรีนวล,บิดา,,,10/04/2023,17/04/2023,17/04/2023,18/07/2023,3,600,จ่ายสำเร็จ,โอนเข้าบัญชีธนาคาร,4,67900,ระบบออนไลน์,สงขลา,เทพา,วังใหญ่,สำนักงานพัฒนาสังคมและความมั่นคงของมนุษย์จังหวัดสงขลา
NCGPAY00111,NCG00111,4.80939E+12,ปาริชาติ,ธนากุล,หญิง,27/04/2023,2.78965E+12,ชยพล,มีทรัพย์,มีชีวิตและเลี้ยงดูเด็ก,4.98378E+12,เพ็ญศรี,สุทธิวงศ์,มีชีวิตและเลี้ยงดูเด็ก,4.98378E+12,เพ็ญศรี,สุทธิวงศ์,มารดา,,,7/06/2023,15/06/2023,15/06/2023,20/07/2023,1,600,จ่ายสำเร็จ,พร้อมเพย์,2,49200,หน่วยบริการเคลื่อนที่,อุดรธานี,นายูง,โนนทอง,สำนักงานพัฒนาสังคมและความมั่นคงของมนุษย์จังหวัดอุดรธานี
NCGPAY00119,NCG00119,4.93955E+12,ณัฐธิดา,คำดี,ชาย,25/12/2022,4.77383E+12,ธีรวัฒน์,บุญช่วย,มีชีวิตแต่ไม่ได้เลี้ยงดู,3.34054E+12,วราภรณ์,ศรีนวล,มีชีวิตและเลี้ยงดูเด็ก,3.34054E+12,วราภรณ์,ศรีนวล,มารดา,,,14/06/2023,11/07/2023,11/07/2023,20/07/2023,1,600,จ่ายสำเร็จ,โอนเข้าบัญชีธนาคาร,3,58300,หน่วยบริการเคลื่อนที่,สุราษฎร์ธานี,เกาะสมุย,อ่างทอง,สำนักงานพัฒนาสังคมและความมั่นคงของมนุษย์จังหวัดสุราษฎร์ธานี
NCGPAY00308,NCG00206,6.8542E+12,วรัญญา,ตั้งมั่น,หญิง,30/11/2022,1.87702E+12,ธนกฤต,จำปาแก้ว,มีชีวิตและเลี้ยงดูเด็ก,2.39725E+12,รัตนา,บุญเกิด,มีชีวิตและเลี้ยงดูเด็ก,1.87702E+12,ธนกฤต,จำปาแก้ว,บิดา,,,20/04/2023,19/05/2023,19/05/2023,21/07/2023,2,600,จ่ายสำเร็จ,พร้อมเพย์,6,76000,เจ้าหน้าที่ช่วยลงทะเบียน,นครปฐม,สามพราน,อ้อมใหญ่,สำนักงานพัฒนาสังคมและความมั่นคงของมนุษย์จังหวัดนครปฐม
NCGPAY00203,NCG00203,8.30762E+12,พัชราภา,เพชรรัตน์,หญิง,10/11/2022,6.36547E+12,ธีรภัทร,อินทร์แก้ว,มีชีวิตแต่ไม่ได้เลี้ยงดู,3.39261E+12,กมลชนก,วงศ์คำ,มีชีวิตและเลี้ยงดูเด็ก,3.39261E+12,กมลชนก,วงศ์คำ,มารดา,,,23/06/2023,9/07/2023,9/07/2023,1/08/2023,1,600,จ่ายสำเร็จ,โอนเข้าบัญชีธนาคาร,6,75800,เจ้าหน้าที่ช่วยลงทะเบียน,พิจิตร,เมืองพิจิตร,ท่าฬอ,สำนักงานพัฒนาสังคมและความมั่นคงของมนุษย์จังหวัดพิจิตร
NCGPAY00219,NCG00219,1.74222E+12,กาญจนา,พูนทรัพย์,หญิง,14/03/2023,8.119E+12,สุรชัย,พรมศรี,มีชีวิตแต่ไม่ได้เลี้ยงดู,2.07464E+12,พรทิพย์,ชัยมงคล,มีชีวิตและเลี้ยงดูเด็ก,2.07464E+12,พรทิพย์,ชัยมงคล,มารดา,,,29/07/2023,6/08/2023,6/08/2023,13/08/2023,1,600,จ่ายสำเร็จ,โอนเข้าบัญชีธนาคาร,3,62300,ลงทะเบียน ณ หน่วยรับลงทะเบียน,ปราจีนบุรี,บ้านสร้าง,บางกระเบา,สำนักงานพัฒนาสังคมและความมั่นคงของมนุษย์จังหวัดปราจีนบุรี
NCGPAY00461,NCG00264,2.01614E+12,ธนภัทร,ศรีจันทร์,ชาย,21/09/2022,1.58495E+12,ปริญญา,ชัยมงคล,มีชีวิตและเลี้ยงดูเด็ก,1.79228E+12,พัชรินทร์,ไชยวงศ์,มีชีวิตแต่ไม่ได้เลี้ยงดู,1.58495E+12,ปริญญา,ชัยมงคล,บิดา,,,17/04/2023,15/05/2023,15/05/2023,16/08/2023,3,1200,จ่ายย้อนหลังรวมหลายงวด,โอนเข้าบัญชีธนาคาร,4,63100,ลงทะเบียน ณ หน่วยรับลงทะเบียน,ขอนแก่น,น้ำพอง,สะอาด,สำนักงานพัฒนาสังคมและความมั่นคงของมนุษย์จังหวัดขอนแก่น
NCGPAY00393,NCG00119,4.93955E+12,ณัฐธิดา,คำดี,ชาย,25/12/2022,4.77383E+12,ธีรวัฒน์,บุญช่วย,มีชีวิตแต่ไม่ได้เลี้ยงดู,3.34054E+12,วราภรณ์,ศรีนวล,มีชีวิตและเลี้ยงดูเด็ก,3.34054E+12,วราภรณ์,ศรีนวล,มารดา,,,14/06/2023,11/07/2023,11/07/2023,24/08/2023,2,600,จ่ายสำเร็จ,โอนเข้าบัญชีธนาคาร,3,58300,หน่วยบริการเคลื่อนที่,สุราษฎร์ธานี,เกาะสมุย,อ่างทอง,สำนักงานพัฒนาสังคมและความมั่นคงของมนุษย์จังหวัดสุราษฎร์ธานี
NCGPAY00009,NCG00009,6.1127E+12,เบญจพร,วัฒนกุล,หญิง,25/02/2023,2.72781E+12,ปณชัย,แสงทอง,มีชีวิตและเลี้ยงดูเด็ก,5.13562E+12,ชไมพร,เรืองฤทธิ์,มีชีวิตและเลี้ยงดูเด็ก,5.13562E+12,ชไมพร,เรืองฤทธิ์,มารดา,,,21/07/2023,25/07/2023,25/07/2023,25/08/2023,1,600,จ่ายสำเร็จ,โอนเข้าบัญชีธนาคาร,5,70400,เจ้าหน้าที่ช่วยลงทะเบียน,ยะลา,บันนังสตา,บาเจาะ,สำนักงานพัฒนาสังคมและความมั่นคงของมนุษย์จังหวัดยะลา
NCGPAY00208,NCG00208,3.33039E+12,ชนน,เรืองฤทธิ์,ชาย,12/04/2023,7.65235E+12,ธีรวัฒน์,คุ้มภัย,มีชีวิตและเลี้ยงดูเด็ก,6.13203E+12,สุกัญญา,เจริญสุข,มีชีวิตและเลี้ยงดูเด็ก,7.65235E+12,ธีรวัฒน์,คุ้มภัย,บิดา,,,3/08/2023,21/08/2023,21/08/2023,4/09/2023,1,600,จ่ายสำเร็จ,โอนเข้าบัญชีธนาคาร,7,85800,ระบบออนไลน์,ชลบุรี,พนัสนิคม,วัดโบสถ์,สำนักงานพัฒนาสังคมและความมั่นคงของมนุษย์จังหวัดชลบุรี
NCGPAY00347,NCG00203,8.30762E+12,พัชราภา,เพชรรัตน์,หญิง,10/11/2022,6.36547E+12,ธีรภัทร,อินทร์แก้ว,มีชีวิตแต่ไม่ได้เลี้ยงดู,3.39261E+12,กมลชนก,วงศ์คำ,มีชีวิตและเลี้ยงดูเด็ก,3.39261E+12,กมลชนก,วงศ์คำ,มารดา,,,23/06/2023,9/07/2023,9/07/2023,4/09/2023,2,600,จ่ายสำเร็จ,โอนเข้าบัญชีธนาคาร,6,75800,เจ้าหน้าที่ช่วยลงทะเบียน,พิจิตร,เมืองพิจิตร,ท่าฬอ,สำนักงานพัฒนาสังคมและความมั่นคงของมนุษย์จังหวัดพิจิตร
NCGPAY00237,NCG00237,7.51347E+12,อคิราห์,ชูศรี,ชาย,10/06/2023,6.86864E+12,ศรัณย์,พรหมมา,มีชีวิตแต่ไม่ได้เลี้ยงดู,8.14979E+12,ธนพร,ใจดี,มีชีวิตแต่ไม่ได้เลี้ยงดู,5.86055E+12,ชนิดา,สุขใจ,ผู้ปกครองโดยชอบด้วยกฎหมาย,น้า,บิดาและมารดาไม่ได้เลี้ยงดูเด็ก,3/08/2023,6/08/2023,6/08/2023,5/09/2023,1,600,จ่ายสำเร็จ,โอนเข้าบัญชีธนาคาร,7,81300,เจ้าหน้าที่ช่วยลงทะเบียน,พิจิตร,เมืองพิจิตร,ท่าฬอ,สำนักงานพัฒนาสังคมและความมั่นคงของมนุษย์จังหวัดพิจิตร
NCGPAY00086,NCG00086,4.00428E+12,กฤติน,สมบูรณ์ผล,หญิง,30/05/2023,7.97364E+12,ศุภชัย,สุขเกษม,มีชีวิตและเลี้ยงดูเด็ก,6.45188E+12,ชุติมา,เกียรติไพศาล,มีชีวิตและเลี้ยงดูเด็ก,6.45188E+12,ชุติมา,เกียรติไพศาล,มารดา,,,21/07/2023,6/08/2023,6/08/2023,10/09/2023,1,1200,จ่ายย้อนหลังรวมหลายงวด,โอนเข้าบัญชีธนาคาร,5,72600,ลงทะเบียน ณ หน่วยรับลงทะเบียน,ระยอง,บ้านค่าย,หนองละลอก,สำนักงานพัฒนาสังคมและความมั่นคงของมนุษย์จังหวัดระยอง
NCGPAY00424,NCG00219,1.74222E+12,กาญจนา,พูนทรัพย์,หญิง,14/03/2023,8.119E+12,สุรชัย,พรมศรี,มีชีวิตแต่ไม่ได้เลี้ยงดู,2.07464E+12,พรทิพย์,ชัยมงคล,มีชีวิตและเลี้ยงดูเด็ก,2.07464E+12,พรทิพย์,ชัยมงคล,มารดา,,,29/07/2023,6/08/2023,6/08/2023,11/09/2023,2,600,จ่ายสำเร็จ,โอนเข้าบัญชีธนาคาร,3,62300,ลงทะเบียน ณ หน่วยรับลงทะเบียน,ปราจีนบุรี,บ้านสร้าง,บางกระเบา,สำนักงานพัฒนาสังคมและความมั่นคงของมนุษย์จังหวัดปราจีนบุรี
NCGPAY00079,NCG00079,2.37974E+12,ศิรินภา,สุขเกษม,หญิง,9/12/2022,8.63793E+12,สุรชัย,นิลแก้ว,เสียชีวิต,6.1701E+12,สุภาวดี,มีทรัพย์,มีชีวิตและเลี้ยงดูเด็ก,6.1701E+12,สุภาวดี,มีทรัพย์,มารดา,,,5/08/2023,27/08/2023,27/08/2023,21/09/2023,1,600,จ่ายสำเร็จ,โอนเข้าบัญชีธนาคาร,7,79700,หน่วยบริการเคลื่อนที่,สระบุรี,เมืองสระบุรี,โคกสว่าง,สำนักงานพัฒนาสังคมและความมั่นคงของมนุษย์จังหวัดสระบุรี
NCGPAY00462,NCG00119,4.93955E+12,ณัฐธิดา,คำดี,ชาย,25/12/2022,4.77383E+12,ธีรวัฒน์,บุญช่วย,มีชีวิตแต่ไม่ได้เลี้ยงดู,3.34054E+12,วราภรณ์,ศรีนวล,มีชีวิตและเลี้ยงดูเด็ก,3.34054E+12,วราภรณ์,ศรีนวล,มารดา,,,14/06/2023,11/07/2023,11/07/2023,21/09/2023,3,600,จ่ายสำเร็จ,โอนเข้าบัญชีธนาคาร,3,58300,หน่วยบริการเคลื่อนที่,สุราษฎร์ธานี,เกาะสมุย,อ่างทอง,สำนักงานพัฒนาสังคมและความมั่นคงของมนุษย์จังหวัดสุราษฎร์ธานี
NCGPAY00288,NCG00009,6.1127E+12,เบญจพร,วัฒนกุล,หญิง,25/02/2023,2.72781E+12,ปณชัย,แสงทอง,มีชีวิตและเลี้ยงดูเด็ก,5.13562E+12,ชไมพร,เรืองฤทธิ์,มีชีวิตและเลี้ยงดูเด็ก,5.13562E+12,ชไมพร,เรืองฤทธิ์,มารดา,,,21/07/2023,25/07/2023,25/07/2023,26/09/2023,2,600,จ่ายสำเร็จ,โอนเข้าบัญชีธนาคาร,5,70400,เจ้าหน้าที่ช่วยลงทะเบียน,ยะลา,บันนังสตา,บาเจาะ,สำนักงานพัฒนาสังคมและความมั่นคงของมนุษย์จังหวัดยะลา
NCGPAY00406,NCG00203,8.30762E+12,พัชราภา,เพชรรัตน์,หญิง,10/11/2022,6.36547E+12,ธีรภัทร,อินทร์แก้ว,มีชีวิตแต่ไม่ได้เลี้ยงดู,3.39261E+12,กมลชนก,วงศ์คำ,มีชีวิตและเลี้ยงดูเด็ก,3.39261E+12,กมลชนก,วงศ์คำ,มารดา,,,23/06/2023,9/07/2023,9/07/2023,2/10/2023,3,600,จ่ายสำเร็จ,โอนเข้าบัญชีธนาคาร,6,75800,เจ้าหน้าที่ช่วยลงทะเบียน,พิจิตร,เมืองพิจิตร,ท่าฬอ,สำนักงานพัฒนาสังคมและความมั่นคงของมนุษย์จังหวัดพิจิตร
NCGPAY00408,NCG00208,3.33039E+12,ชนน,เรืองฤทธิ์,ชาย,12/04/2023,7.65235E+12,ธีรวัฒน์,คุ้มภัย,มีชีวิตและเลี้ยงดูเด็ก,6.13203E+12,สุกัญญา,เจริญสุข,มีชีวิตและเลี้ยงดูเด็ก,7.65235E+12,ธีรวัฒน์,คุ้มภัย,บิดา,,,3/08/2023,21/08/2023,21/08/2023,2/10/2023,2,600,จ่ายสำเร็จ,พร้อมเพย์,7,85800,ระบบออนไลน์,ชลบุรี,พนัสนิคม,วัดโบสถ์,สำนักงานพัฒนาสังคมและความมั่นคงของมนุษย์จังหวัดชลบุรี
NCGPAY00445,NCG00237,7.51347E+12,อคิราห์,ชูศรี,ชาย,10/06/2023,6.86864E+12,ศรัณย์,พรหมมา,มีชีวิตแต่ไม่ได้เลี้ยงดู,8.14979E+12,ธนพร,ใจดี,มีชีวิตแต่ไม่ได้เลี้ยงดู,5.86055E+12,ชนิดา,สุขใจ,ผู้ปกครองโดยชอบด้วยกฎหมาย,น้า,บิดาและมารดาไม่ได้เลี้ยงดูเด็ก,3/08/2023,6/08/2023,6/08/2023,4/10/2023,2,600,จ่ายสำเร็จ,พร้อมเพย์,7,81300,เจ้าหน้าที่ช่วยลงทะเบียน,พิจิตร,เมืองพิจิตร,ท่าฬอ,สำนักงานพัฒนาสังคมและความมั่นคงของมนุษย์จังหวัดพิจิตร
NCGPAY00285,NCG00086,4.00428E+12,กฤติน,สมบูรณ์ผล,หญิง,30/05/2023,7.97364E+12,ศุภชัย,สุขเกษม,มีชีวิตและเลี้ยงดูเด็ก,6.45188E+12,ชุติมา,เกียรติไพศาล,มีชีวิตและเลี้ยงดูเด็ก,6.45188E+12,ชุติมา,เกียรติไพศาล,มารดา,,,21/07/2023,6/08/2023,6/08/2023,9/10/2023,2,600,จ่ายสำเร็จ,พร้อมเพย์,5,72600,ลงทะเบียน ณ หน่วยรับลงทะเบียน,ระยอง,บ้านค่าย,หนองละลอก,สำนักงานพัฒนาสังคมและความมั่นคงของมนุษย์จังหวัดระยอง
NCGPAY00019,NCG00019,8.05863E+12,ภูวดล,ทรัพย์เจริญ,หญิง,14/08/2023,7.82736E+12,เกรียงไกร,อุดมศักดิ์,มีชีวิตและเลี้ยงดูเด็ก,2.05403E+12,วราภรณ์,ธรรมคุณ,มีชีวิตและเลี้ยงดูเด็ก,2.05403E+12,วราภรณ์,ธรรมคุณ,มารดา,,,4/09/2023,4/10/2023,4/10/2023,14/10/2023,1,600,จ่ายสำเร็จ,พร้อมเพย์,7,84600,ลงทะเบียน ณ หน่วยรับลงทะเบียน,สุรินทร์,เมืองสุรินทร์,สำโรง,สำนักงานพัฒนาสังคมและความมั่นคงของมนุษย์จังหวัดสุรินทร์
NCGPAY00495,NCG00219,1.74222E+12,กาญจนา,พูนทรัพย์,หญิง,14/03/2023,8.119E+12,สุรชัย,พรมศรี,มีชีวิตแต่ไม่ได้เลี้ยงดู,2.07464E+12,พรทิพย์,ชัยมงคล,มีชีวิตและเลี้ยงดูเด็ก,2.07464E+12,พรทิพย์,ชัยมงคล,มารดา,,,29/07/2023,6/08/2023,6/08/2023,15/10/2023,3,600,จ่ายสำเร็จ,โอนเข้าบัญชีธนาคาร,3,62300,ลงทะเบียน ณ หน่วยรับลงทะเบียน,ปราจีนบุรี,บ้านสร้าง,บางกระเบา,สำนักงานพัฒนาสังคมและความมั่นคงของมนุษย์จังหวัดปราจีนบุรี
NCGPAY00042,NCG00042,7.97232E+12,ศุภลักษณ์,คำดี,หญิง,22/07/2023,2.95914E+12,จักรพันธ์,รุ่งเรือง,มีชีวิตแต่ไม่ได้เลี้ยงดู,3.02392E+12,เพ็ญศรี,บุญเรือง,มีชีวิตและเลี้ยงดูเด็ก,3.02392E+12,เพ็ญศรี,บุญเรือง,มารดา,,,21/08/2023,17/09/2023,17/09/2023,20/10/2023,1,600,จ่ายสำเร็จ,โอนเข้าบัญชีธนาคาร,6,79700,หน่วยบริการเคลื่อนที่,ตรัง,ปะเหลียน,เกาะค้างคาว,สำนักงานพัฒนาสังคมและความมั่นคงของมนุษย์จังหวัดตรัง
NCGPAY00301,NCG00079,2.37974E+12,ศิรินภา,สุขเกษม,หญิง,9/12/2022,8.63793E+12,สุรชัย,นิลแก้ว,เสียชีวิต,6.1701E+12,สุภาวดี,มีทรัพย์,มีชีวิตและเลี้ยงดูเด็ก,6.1701E+12,สุภาวดี,มีทรัพย์,มารดา,,,5/08/2023,27/08/2023,27/08/2023,26/10/2023,2,600,จ่ายสำเร็จ,พร้อมเพย์,7,79700,หน่วยบริการเคลื่อนที่,สระบุรี,เมืองสระบุรี,โคกสว่าง,สำนักงานพัฒนาสังคมและความมั่นคงของมนุษย์จังหวัดสระบุรี
NCGPAY00022,NCG00022,7.31193E+12,กฤษฎา,ทรัพย์เจริญ,หญิง,29/07/2023,5.17525E+12,มนตรี,บุญมี,เสียชีวิต,5.13921E+12,พิมพ์ชนก,คุ้มภัย,มีชีวิตและเลี้ยงดูเด็ก,5.13921E+12,พิมพ์ชนก,คุ้มภัย,มารดา,,,7/09/2023,7/10/2023,7/10/2023,28/10/2023,1,600,จ่ายสำเร็จ,โอนเข้าบัญชีธนาคาร,6,79800,ระบบออนไลน์,พระนครศรีอยุธยา,บางบาล,ไทรน้อย,สำนักงานพัฒนาสังคมและความมั่นคงของมนุษย์จังหวัดพระนครศรีอยุธยา
NCGPAY00470,NCG00237,7.51347E+12,อคิราห์,ชูศรี,ชาย,10/06/2023,6.86864E+12,ศรัณย์,พรหมมา,มีชีวิตแต่ไม่ได้เลี้ยงดู,8.14979E+12,ธนพร,ใจดี,มีชีวิตแต่ไม่ได้เลี้ยงดู,5.86055E+12,ชนิดา,สุขใจ,ผู้ปกครองโดยชอบด้วยกฎหมาย,น้า,บิดาและมารดาไม่ได้เลี้ยงดูเด็ก,3/08/2023,6/08/2023,6/08/2023,6/11/2023,3,600,จ่ายสำเร็จ,โอนเข้าบัญชีธนาคาร,7,81300,เจ้าหน้าที่ช่วยลงทะเบียน,พิจิตร,เมืองพิจิตร,ท่าฬอ,สำนักงานพัฒนาสังคมและความมั่นคงของมนุษย์จังหวัดพิจิตร
NCGPAY00191,NCG00191,3.07279E+12,ศุภกร,โชคชัย,หญิง,1/05/2023,2.00007E+12,ธนกฤต,เกิดผล,มีชีวิตแต่ไม่ได้เลี้ยงดู,3.47024E+12,พิมพ์ชนก,ทองอินทร์,มีชีวิตและเลี้ยงดูเด็ก,3.47024E+12,พิมพ์ชนก,ทองอินทร์,มารดา,,,19/10/2023,31/10/2023,31/10/2023,7/11/2023,1,600,จ่ายสำเร็จ,พร้อมเพย์,4,63400,ลงทะเบียน ณ หน่วยรับลงทะเบียน,อุตรดิตถ์,พิชัย,ไร่อ้อย,สำนักงานพัฒนาสังคมและความมั่นคงของมนุษย์จังหวัดอุตรดิตถ์
NCGPAY00214,NCG00214,7.72181E+12,วรรณวิสา,ทวีทรัพย์,หญิง,30/06/2023,4.91949E+12,ธนวัฒน์,เกิดผล,มีชีวิตและเลี้ยงดูเด็ก,1.60749E+12,กมลชนก,ชัยมงคล,มีชีวิตและเลี้ยงดูเด็ก,4.91949E+12,ธนวัฒน์,เกิดผล,บิดา,,,8/10/2023,28/10/2023,28/10/2023,16/11/2023,1,600,จ่ายสำเร็จ,โอนเข้าบัญชีธนาคาร,5,73700,หน่วยบริการเคลื่อนที่,ตรัง,ปะเหลียน,เกาะค้างคาว,สำนักงานพัฒนาสังคมและความมั่นคงของมนุษย์จังหวัดตรัง
NCGPAY00217,NCG00217,7.06937E+12,อคิราห์,ศรีสุข,ชาย,17/05/2023,7.24123E+12,ธนภัทร,ไชยวงศ์,มีชีวิตและเลี้ยงดูเด็ก,1.23968E+12,นภัสสร,กุลวงศ์,มีชีวิตและเลี้ยงดูเด็ก,7.24123E+12,ธนภัทร,ไชยวงศ์,บิดา,,,27/09/2023,19/10/2023,19/10/2023,17/11/2023,1,600,จ่ายสำเร็จ,โอนเข้าบัญชีธนาคาร,6,82800,เจ้าหน้าที่ช่วยลงทะเบียน,นครปฐม,สามพราน,อ้อมใหญ่,สำนักงานพัฒนาสังคมและความมั่นคงของมนุษย์จังหวัดนครปฐม
NCGPAY00150,NCG00150,1.28702E+12,อริสรา,แก้วกาญจน์,ชาย,26/03/2023,5.19533E+12,ธีรภัทร,สุทธิวงศ์,มีชีวิตและเลี้ยงดูเด็ก,3.52795E+12,ปวีณา,พิทักษ์วงศ์,มีชีวิตและเลี้ยงดูเด็ก,3.52795E+12,ปวีณา,พิทักษ์วงศ์,มารดา,,,9/10/2023,8/11/2023,8/11/2023,20/11/2023,1,600,จ่ายสำเร็จ,พร้อมเพย์,6,74900,ลงทะเบียน ณ หน่วยรับลงทะเบียน,ร้อยเอ็ด,ธวัชบุรี,บึงนคร,สำนักงานพัฒนาสังคมและความมั่นคงของมนุษย์จังหวัดร้อยเอ็ด
NCGPAY00345,NCG00042,7.97232E+12,ศุภลักษณ์,คำดี,หญิง,22/07/2023,2.95914E+12,จักรพันธ์,รุ่งเรือง,มีชีวิตแต่ไม่ได้เลี้ยงดู,3.02392E+12,เพ็ญศรี,บุญเรือง,มีชีวิตและเลี้ยงดูเด็ก,3.02392E+12,เพ็ญศรี,บุญเรือง,มารดา,,,21/08/2023,17/09/2023,17/09/2023,20/11/2023,2,600,จ่ายสำเร็จ,โอนเข้าบัญชีธนาคาร,6,79700,หน่วยบริการเคลื่อนที่,ตรัง,ปะเหลียน,เกาะค้างคาว,สำนักงานพัฒนาสังคมและความมั่นคงของมนุษย์จังหวัดตรัง
NCGPAY00261,NCG00261,3.01403E+12,นันทนา,มั่นคง,หญิง,14/09/2023,8.68669E+12,เกรียงไกร,วัฒนชัย,มีชีวิตและเลี้ยงดูเด็ก,4.4568E+12,กมลชนก,มั่นคง,มีชีวิตและเลี้ยงดูเด็ก,4.4568E+12,กมลชนก,มั่นคง,มารดา,,,29/10/2023,25/11/2023,25/11/2023,2/12/2023,1,600,จ่ายสำเร็จ,พร้อมเพย์,5,73400,ลงทะเบียน ณ หน่วยรับลงทะเบียน,ลำปาง,ห้างฉัตร,เวียงตาล,สำนักงานพัฒนาสังคมและความมั่นคงของมนุษย์จังหวัดลำปาง
NCGPAY00205,NCG00205,5.91198E+12,สุชาดา,บุญมี,ชาย,7/07/2023,4.14398E+12,ธนวัฒน์,ศรีสุข,มีชีวิตแต่ไม่ได้เลี้ยงดู,2.74753E+12,ขวัญฤดี,บัวแก้ว,มีชีวิตและเลี้ยงดูเด็ก,2.74753E+12,ขวัญฤดี,บัวแก้ว,มารดา,,,19/10/2023,13/11/2023,13/11/2023,7/12/2023,1,600,จ่ายสำเร็จ,พร้อมเพย์,2,54900,หน่วยบริการเคลื่อนที่,ขอนแก่น,น้ำพอง,สะอาด,สำนักงานพัฒนาสังคมและความมั่นคงของมนุษย์จังหวัดขอนแก่น
NCGPAY00014,NCG00014,7.41166E+12,ชนน,ทองดี,หญิง,5/05/2023,5.56774E+12,ธนภัทร,เจริญสุข,มีชีวิตและเลี้ยงดูเด็ก,7.36933E+12,นภัสสร,เรืองฤทธิ์,มีชีวิตและเลี้ยงดูเด็ก,5.56774E+12,ธนภัทร,เจริญสุข,บิดา,,,26/11/2023,1/12/2023,1/12/2023,9/12/2023,1,600,จ่ายสำเร็จ,โอนเข้าบัญชีธนาคาร,3,53600,ลงทะเบียน ณ หน่วยรับลงทะเบียน,นครปฐม,สามพราน,อ้อมใหญ่,สำนักงานพัฒนาสังคมและความมั่นคงของมนุษย์จังหวัดนครปฐม
NCGPAY00494,NCG00214,7.72181E+12,วรรณวิสา,ทวีทรัพย์,หญิง,30/06/2023,4.91949E+12,ธนวัฒน์,เกิดผล,มีชีวิตและเลี้ยงดูเด็ก,1.60749E+12,กมลชนก,ชัยมงคล,มีชีวิตและเลี้ยงดูเด็ก,4.91949E+12,ธนวัฒน์,เกิดผล,บิดา,,,8/10/2023,28/10/2023,28/10/2023,16/12/2023,2,600,จ่ายสำเร็จ,โอนเข้าบัญชีธนาคาร,5,73700,หน่วยบริการเคลื่อนที่,ตรัง,ปะเหลียน,เกาะค้างคาว,สำนักงานพัฒนาสังคมและความมั่นคงของมนุษย์จังหวัดตรัง
NCGPAY00385,NCG00217,7.06937E+12,อคิราห์,ศรีสุข,ชาย,17/05/2023,7.24123E+12,ธนภัทร,ไชยวงศ์,มีชีวิตและเลี้ยงดูเด็ก,1.23968E+12,นภัสสร,กุลวงศ์,มีชีวิตและเลี้ยงดูเด็ก,7.24123E+12,ธนภัทร,ไชยวงศ์,บิดา,,,27/09/2023,19/10/2023,19/10/2023,18/12/2023,2,600,จ่ายสำเร็จ,โอนเข้าบัญชีธนาคาร,6,82800,เจ้าหน้าที่ช่วยลงทะเบียน,นครปฐม,สามพราน,อ้อมใหญ่,สำนักงานพัฒนาสังคมและความมั่นคงของมนุษย์จังหวัดนครปฐม
NCGPAY00493,NCG00042,7.97232E+12,ศุภลักษณ์,คำดี,หญิง,22/07/2023,2.95914E+12,จักรพันธ์,รุ่งเรือง,มีชีวิตแต่ไม่ได้เลี้ยงดู,3.02392E+12,เพ็ญศรี,บุญเรือง,มีชีวิตและเลี้ยงดูเด็ก,3.02392E+12,เพ็ญศรี,บุญเรือง,มารดา,,,21/08/2023,17/09/2023,17/09/2023,20/12/2023,3,600,จ่ายสำเร็จ,โอนเข้าบัญชีธนาคาร,6,79700,หน่วยบริการเคลื่อนที่,ตรัง,ปะเหลียน,เกาะค้างคาว,สำนักงานพัฒนาสังคมและความมั่นคงของมนุษย์จังหวัดตรัง
NCGPAY00417,NCG00150,1.28702E+12,อริสรา,แก้วกาญจน์,ชาย,26/03/2023,5.19533E+12,ธีรภัทร,สุทธิวงศ์,มีชีวิตและเลี้ยงดูเด็ก,3.52795E+12,ปวีณา,พิทักษ์วงศ์,มีชีวิตและเลี้ยงดูเด็ก,3.52795E+12,ปวีณา,พิทักษ์วงศ์,มารดา,,,9/10/2023,8/11/2023,8/11/2023,21/12/2023,2,600,จ่ายสำเร็จ,โอนเข้าบัญชีธนาคาร,6,74900,ลงทะเบียน ณ หน่วยรับลงทะเบียน,ร้อยเอ็ด,ธวัชบุรี,บึงนคร,สำนักงานพัฒนาสังคมและความมั่นคงของมนุษย์จังหวัดร้อยเอ็ด
NCGPAY00116,NCG00116,4.99349E+12,ปิยธิดา,ศรีสุข,หญิง,30/09/2023,4.47226E+12,ธนกฤต,คงเจริญ,มีชีวิตและเลี้ยงดูเด็ก,5.57555E+12,พัชรินทร์,สุทธิวงศ์,มีชีวิตและเลี้ยงดูเด็ก,5.57555E+12,พัชรินทร์,สุทธิวงศ์,มารดา,,,12/11/2023,28/11/2023,28/11/2023,25/12/2023,1,600,จ่ายสำเร็จ,โอนเข้าบัญชีธนาคาร,3,55100,ลงทะเบียน ณ หน่วยรับลงทะเบียน,อุดรธานี,นายูง,โนนทอง,สำนักงานพัฒนาสังคมและความมั่นคงของมนุษย์จังหวัดอุดรธานี
NCGPAY00231,NCG00231,2.15499E+12,อัครเดช,ศรีนวล,หญิง,14/08/2023,4.02675E+12,ศรัณย์,ศรีจันทร์,มีชีวิตและเลี้ยงดูเด็ก,4.04074E+12,ธนพร,บุญส่ง,มีชีวิตและเลี้ยงดูเด็ก,4.04074E+12,ธนพร,บุญส่ง,มารดา,,,2/12/2023,13/12/2023,13/12/2023,31/12/2023,1,600,จ่ายสำเร็จ,โอนเข้าบัญชีธนาคาร,3,61500,ระบบออนไลน์,ลำปาง,ห้างฉัตร,เวียงตาล,สำนักงานพัฒนาสังคมและความมั่นคงของมนุษย์จังหวัดลำปาง
NCGPAY00023,NCG00023,1.71107E+12,กฤษฎา,จำปาแก้ว,ชาย,5/06/2023,4.12687E+12,นพดล,ทรัพย์เจริญ,มีชีวิตและเลี้ยงดูเด็ก,4.56957E+12,กมลชนก,วิริยะกุล,มีชีวิตและเลี้ยงดูเด็ก,4.56957E+12,กมลชนก,วิริยะกุล,มารดา,,,4/12/2023,13/12/2023,13/12/2023,9/01/2024,1,600,จ่ายสำเร็จ,พร้อมเพย์,3,54000,เจ้าหน้าที่ช่วยลงทะเบียน,ยะลา,บันนังสตา,บาเจาะ,สำนักงานพัฒนาสังคมและความมั่นคงของมนุษย์จังหวัดยะลา
NCGPAY00377,NCG00205,5.91198E+12,สุชาดา,บุญมี,ชาย,7/07/2023,4.14398E+12,ธนวัฒน์,ศรีสุข,มีชีวิตแต่ไม่ได้เลี้ยงดู,2.74753E+12,ขวัญฤดี,บัวแก้ว,มีชีวิตและเลี้ยงดูเด็ก,2.74753E+12,ขวัญฤดี,บัวแก้ว,มารดา,,,19/10/2023,13/11/2023,13/11/2023,10/01/2024,2,600,จ่ายสำเร็จ,โอนเข้าบัญชีธนาคาร,2,54900,หน่วยบริการเคลื่อนที่,ขอนแก่น,น้ำพอง,สะอาด,สำนักงานพัฒนาสังคมและความมั่นคงของมนุษย์จังหวัดขอนแก่น
NCGPAY00405,NCG00217,7.06937E+12,อคิราห์,ศรีสุข,ชาย,17/05/2023,7.24123E+12,ธนภัทร,ไชยวงศ์,มีชีวิตและเลี้ยงดูเด็ก,1.23968E+12,นภัสสร,กุลวงศ์,มีชีวิตและเลี้ยงดูเด็ก,7.24123E+12,ธนภัทร,ไชยวงศ์,บิดา,,,27/09/2023,19/10/2023,19/10/2023,20/01/2024,3,1800,จ่ายย้อนหลังรวมหลายงวด,พร้อมเพย์,6,82800,เจ้าหน้าที่ช่วยลงทะเบียน,นครปฐม,สามพราน,อ้อมใหญ่,สำนักงานพัฒนาสังคมและความมั่นคงของมนุษย์จังหวัดนครปฐม
NCGPAY00437,NCG00116,4.99349E+12,ปิยธิดา,ศรีสุข,หญิง,30/09/2023,4.47226E+12,ธนกฤต,คงเจริญ,มีชีวิตและเลี้ยงดูเด็ก,5.57555E+12,พัชรินทร์,สุทธิวงศ์,มีชีวิตและเลี้ยงดูเด็ก,5.57555E+12,พัชรินทร์,สุทธิวงศ์,มารดา,,,12/11/2023,28/11/2023,28/11/2023,24/01/2024,2,600,จ่ายสำเร็จ,โอนเข้าบัญชีธนาคาร,3,55100,ลงทะเบียน ณ หน่วยรับลงทะเบียน,อุดรธานี,นายูง,โนนทอง,สำนักงานพัฒนาสังคมและความมั่นคงของมนุษย์จังหวัดอุดรธานี
NCGPAY00236,NCG00236,2.11291E+12,วนิดา,เกียรติไพศาล,หญิง,22/06/2023,1.65335E+12,ภาคภูมิ,แสนดี,มีชีวิตและเลี้ยงดูเด็ก,4.81563E+12,ชลธิชา,เรืองฤทธิ์,มีชีวิตและเลี้ยงดูเด็ก,4.81563E+12,ชลธิชา,เรืองฤทธิ์,มารดา,,,27/12/2023,21/01/2024,21/01/2024,25/01/2024,1,600,จ่ายสำเร็จ,โอนเข้าบัญชีธนาคาร,4,70400,หน่วยบริการเคลื่อนที่,สมุทรสาคร,กระทุ่มแบน,ดอนไก่ดี,สำนักงานพัฒนาสังคมและความมั่นคงของมนุษย์จังหวัดสมุทรสาคร
NCGPAY00127,NCG00127,7.03412E+12,นภัสสร,บุญเรือง,หญิง,27/10/2023,8.71722E+12,ธนวัฒน์,บุญเกิด,มีชีวิตแต่ไม่ได้เลี้ยงดู,2.0675E+12,รจนา,ทองสุข,มีชีวิตและเลี้ยงดูเด็ก,2.0675E+12,รจนา,ทองสุข,มารดา,,,3/12/2023,23/12/2023,23/12/2023,26/01/2024,1,600,จ่ายสำเร็จ,โอนเข้าบัญชีธนาคาร,5,70500,หน่วยบริการเคลื่อนที่,พิจิตร,เมืองพิจิตร,ท่าฬอ,สำนักงานพัฒนาสังคมและความมั่นคงของมนุษย์จังหวัดพิจิตร
NCGPAY00222,NCG00222,2.69673E+12,วรรณวิสา,มีทรัพย์,หญิง,9/08/2023,2.33893E+12,กิตติภัทร,พิพัฒน์กุล,มีชีวิตและเลี้ยงดูเด็ก,7.54804E+12,มาลี,วงศ์สวัสดิ์,ไม่สามารถติดต่อได้,2.33893E+12,กิตติภัทร,พิพัฒน์กุล,บิดา,,,15/01/2024,26/01/2024,26/01/2024,7/02/2024,1,600,จ่ายสำเร็จ,โอนเข้าบัญชีธนาคาร,2,51600,เจ้าหน้าที่ช่วยลงทะเบียน,อุตรดิตถ์,พิชัย,ไร่อ้อย,สำนักงานพัฒนาสังคมและความมั่นคงของมนุษย์จังหวัดอุตรดิตถ์
NCGPAY00404,NCG00023,1.71107E+12,กฤษฎา,จำปาแก้ว,ชาย,5/06/2023,4.12687E+12,นพดล,ทรัพย์เจริญ,มีชีวิตและเลี้ยงดูเด็ก,4.56957E+12,กมลชนก,วิริยะกุล,มีชีวิตและเลี้ยงดูเด็ก,4.56957E+12,กมลชนก,วิริยะกุล,มารดา,,,4/12/2023,13/12/2023,13/12/2023,13/02/2024,2,600,จ่ายสำเร็จ,โอนเข้าบัญชีธนาคาร,3,54000,เจ้าหน้าที่ช่วยลงทะเบียน,ยะลา,บันนังสตา,บาเจาะ,สำนักงานพัฒนาสังคมและความมั่นคงของมนุษย์จังหวัดยะลา
NCGPAY00255,NCG00255,5.93126E+12,นภัสสร,บัวแก้ว,หญิง,12/06/2023,6.89576E+12,วิทยา,วัฒนชัย,มีชีวิตแต่ไม่ได้เลี้ยงดู,8.5852E+12,นภัสสร,มั่นคง,มีชีวิตและเลี้ยงดูเด็ก,8.5852E+12,นภัสสร,มั่นคง,มารดา,,,5/01/2024,20/01/2024,20/01/2024,19/02/2024,1,1800,จ่ายย้อนหลังรวมหลายงวด,โอนเข้าบัญชีธนาคาร,4,68800,ระบบออนไลน์,เชียงใหม่,สารภี,ไชยสถาน,สำนักงานพัฒนาสังคมและความมั่นคงของมนุษย์จังหวัดเชียงใหม่
NCGPAY00278,NCG00278,7.62213E+12,อคิราห์,พิทักษ์วงศ์,หญิง,6/08/2023,6.42454E+12,ชยพล,อุดมศักดิ์,มีชีวิตและเลี้ยงดูเด็ก,4.11107E+12,จิราภรณ์,ชัยมงคล,มีชีวิตและเลี้ยงดูเด็ก,4.11107E+12,จิราภรณ์,ชัยมงคล,มารดา,,,5/01/2024,22/01/2024,22/01/2024,19/02/2024,1,600,จ่ายสำเร็จ,โอนเข้าบัญชีธนาคาร,3,57000,ระบบออนไลน์,นครสวรรค์,ไพศาลี,วังข่อย,สำนักงานพัฒนาสังคมและความมั่นคงของมนุษย์จังหวัดนครสวรรค์
NCGPAY00040,NCG00040,2.54642E+12,อคิราห์,ชัยมงคล,ชาย,17/12/2023,2.29457E+12,ชยพล,สุนทรวงศ์,มีชีวิตและเลี้ยงดูเด็ก,6.46803E+12,ธนพร,คำแสน,มีชีวิตและเลี้ยงดูเด็ก,6.46803E+12,ธนพร,คำแสน,มารดา,,,3/01/2024,2/02/2024,2/02/2024,22/02/2024,1,600,จ่ายสำเร็จ,พร้อมเพย์,5,67000,ระบบออนไลน์,ปทุมธานี,เมืองปทุมธานี,บางหลวง,สำนักงานพัฒนาสังคมและความมั่นคงของมนุษย์จังหวัดปทุมธานี
NCGPAY00357,NCG00127,7.03412E+12,นภัสสร,บุญเรือง,หญิง,27/10/2023,8.71722E+12,ธนวัฒน์,บุญเกิด,มีชีวิตแต่ไม่ได้เลี้ยงดู,2.0675E+12,รจนา,ทองสุข,มีชีวิตและเลี้ยงดูเด็ก,2.0675E+12,รจนา,ทองสุข,มารดา,,,3/12/2023,23/12/2023,23/12/2023,24/02/2024,2,600,จ่ายสำเร็จ,โอนเข้าบัญชีธนาคาร,5,70500,หน่วยบริการเคลื่อนที่,พิจิตร,เมืองพิจิตร,ท่าฬอ,สำนักงานพัฒนาสังคมและความมั่นคงของมนุษย์จังหวัดพิจิตร
NCGPAY00072,NCG00072,3.24344E+12,พรรณภา,ใจดี,หญิง,19/11/2023,1.86636E+12,ภาคภูมิ,นิลแก้ว,มีชีวิตแต่ไม่ได้เลี้ยงดู,3.60651E+12,ขวัญฤดี,วงศ์คำ,มีชีวิตและเลี้ยงดูเด็ก,3.60651E+12,ขวัญฤดี,วงศ์คำ,มารดา,,,22/01/2024,10/02/2024,10/02/2024,29/02/2024,1,600,จ่ายสำเร็จ,พร้อมเพย์,6,81500,ลงทะเบียน ณ หน่วยรับลงทะเบียน,กระบี่,เกาะลันตา,คลองยาง,สำนักงานพัฒนาสังคมและความมั่นคงของมนุษย์จังหวัดกระบี่
NCGPAY00195,NCG00195,2.76308E+12,พชร,กุลวงศ์,ชาย,23/06/2023,4.76135E+12,เอกชัย,จำปาแก้ว,มีชีวิตและเลี้ยงดูเด็ก,8.44104E+12,ขวัญฤดี,พิพัฒน์กุล,ไม่สามารถติดต่อได้,4.76135E+12,เอกชัย,จำปาแก้ว,บิดา,,,13/02/2024,20/02/2024,20/02/2024,3/03/2024,1,600,จ่ายสำเร็จ,โอนเข้าบัญชีธนาคาร,7,89000,หน่วยบริการเคลื่อนที่,แพร่,เมืองแพร่,ช่อแฮ,สำนักงานพัฒนาสังคมและความมั่นคงของมนุษย์จังหวัดแพร่
NCGPAY00286,NCG00222,2.69673E+12,วรรณวิสา,มีทรัพย์,หญิง,9/08/2023,2.33893E+12,กิตติภัทร,พิพัฒน์กุล,มีชีวิตและเลี้ยงดูเด็ก,7.54804E+12,มาลี,วงศ์สวัสดิ์,ไม่สามารถติดต่อได้,2.33893E+12,กิตติภัทร,พิพัฒน์กุล,บิดา,,,15/01/2024,26/01/2024,26/01/2024,6/03/2024,2,600,จ่ายสำเร็จ,โอนเข้าบัญชีธนาคาร,2,51600,เจ้าหน้าที่ช่วยลงทะเบียน,อุตรดิตถ์,พิชัย,ไร่อ้อย,สำนักงานพัฒนาสังคมและความมั่นคงของมนุษย์จังหวัดอุตรดิตถ์
NCGPAY00411,NCG00023,1.71107E+12,กฤษฎา,จำปาแก้ว,ชาย,5/06/2023,4.12687E+12,นพดล,ทรัพย์เจริญ,มีชีวิตและเลี้ยงดูเด็ก,4.56957E+12,กมลชนก,วิริยะกุล,มีชีวิตและเลี้ยงดูเด็ก,4.56957E+12,กมลชนก,วิริยะกุล,มารดา,,,4/12/2023,13/12/2023,13/12/2023,15/03/2024,3,600,จ่ายสำเร็จ,พร้อมเพย์,3,54000,เจ้าหน้าที่ช่วยลงทะเบียน,ยะลา,บันนังสตา,บาเจาะ,สำนักงานพัฒนาสังคมและความมั่นคงของมนุษย์จังหวัดยะลา
NCGPAY00156,NCG00156,5.49931E+12,ขวัญฤดี,สุทธิวงศ์,หญิง,12/01/2024,6.95852E+12,วรพล,รุ่งเรือง,มีชีวิตและเลี้ยงดูเด็ก,8.60522E+12,ภัทราภรณ์,บัวทอง,เสียชีวิต,6.95852E+12,วรพล,รุ่งเรือง,บิดา,,,14/02/2024,8/03/2024,8/03/2024,19/03/2024,1,600,จ่ายสำเร็จ,พร้อมเพย์,6,78400,ลงทะเบียน ณ หน่วยรับลงทะเบียน,อุดรธานี,นายูง,โนนทอง,สำนักงานพัฒนาสังคมและความมั่นคงของมนุษย์จังหวัดอุดรธานี
NCGPAY00430,NCG00255,5.93126E+12,นภัสสร,บัวแก้ว,หญิง,12/06/2023,6.89576E+12,วิทยา,วัฒนชัย,มีชีวิตแต่ไม่ได้เลี้ยงดู,8.5852E+12,นภัสสร,มั่นคง,มีชีวิตและเลี้ยงดูเด็ก,8.5852E+12,นภัสสร,มั่นคง,มารดา,,,5/01/2024,20/01/2024,20/01/2024,20/03/2024,2,1800,จ่ายย้อนหลังรวมหลายงวด,พร้อมเพย์,4,68800,ระบบออนไลน์,เชียงใหม่,สารภี,ไชยสถาน,สำนักงานพัฒนาสังคมและความมั่นคงของมนุษย์จังหวัดเชียงใหม่
NCGPAY00315,NCG00040,2.54642E+12,อคิราห์,ชัยมงคล,ชาย,17/12/2023,2.29457E+12,ชยพล,สุนทรวงศ์,มีชีวิตและเลี้ยงดูเด็ก,6.46803E+12,ธนพร,คำแสน,มีชีวิตและเลี้ยงดูเด็ก,6.46803E+12,ธนพร,คำแสน,มารดา,,,3/01/2024,2/02/2024,2/02/2024,21/03/2024,2,600,จ่ายสำเร็จ,โอนเข้าบัญชีธนาคาร,5,67000,ระบบออนไลน์,ปทุมธานี,เมืองปทุมธานี,บางหลวง,สำนักงานพัฒนาสังคมและความมั่นคงของมนุษย์จังหวัดปทุมธานี
NCGPAY00233,NCG00233,4.68422E+12,ณัฐภัทร,ไชยวงศ์,หญิง,29/12/2023,5.68889E+12,รัชชานนท์,วงศ์สวัสดิ์,มีชีวิตและเลี้ยงดูเด็ก,8.19579E+12,ณิชา,สุนทรวงศ์,ไม่สามารถติดต่อได้,5.68889E+12,รัชชานนท์,วงศ์สวัสดิ์,บิดา,,,10/03/2024,21/03/2024,21/03/2024,25/03/2024,1,600,จ่ายสำเร็จ,โอนเข้าบัญชีธนาคาร,6,81000,หน่วยบริการเคลื่อนที่,สุพรรณบุรี,บางปลาม้า,ไผ่กองดิน,สำนักงานพัฒนาสังคมและความมั่นคงของมนุษย์จังหวัดสุพรรณบุรี
NCGPAY00387,NCG00278,7.62213E+12,อคิราห์,พิทักษ์วงศ์,หญิง,6/08/2023,6.42454E+12,ชยพล,อุดมศักดิ์,มีชีวิตและเลี้ยงดูเด็ก,4.11107E+12,จิราภรณ์,ชัยมงคล,มีชีวิตและเลี้ยงดูเด็ก,4.11107E+12,จิราภรณ์,ชัยมงคล,มารดา,,,5/01/2024,22/01/2024,22/01/2024,25/03/2024,2,600,จ่ายสำเร็จ,โอนเข้าบัญชีธนาคาร,3,57000,ระบบออนไลน์,นครสวรรค์,ไพศาลี,วังข่อย,สำนักงานพัฒนาสังคมและความมั่นคงของมนุษย์จังหวัดนครสวรรค์
NCGPAY00397,NCG00127,7.03412E+12,นภัสสร,บุญเรือง,หญิง,27/10/2023,8.71722E+12,ธนวัฒน์,บุญเกิด,มีชีวิตแต่ไม่ได้เลี้ยงดู,2.0675E+12,รจนา,ทองสุข,มีชีวิตและเลี้ยงดูเด็ก,2.0675E+12,รจนา,ทองสุข,มารดา,,,3/12/2023,23/12/2023,23/12/2023,25/03/2024,3,600,จ่ายสำเร็จ,พร้อมเพย์,5,70500,หน่วยบริการเคลื่อนที่,พิจิตร,เมืองพิจิตร,ท่าฬอ,สำนักงานพัฒนาสังคมและความมั่นคงของมนุษย์จังหวัดพิจิตร
NCGPAY00139,NCG00139,2.03493E+12,ณฐกร,พิพัฒน์กุล,ชาย,26/12/2023,1.40798E+12,สุรชัย,ไชยวงศ์,มีชีวิตและเลี้ยงดูเด็ก,3.18166E+12,วราภรณ์,ตั้งมั่น,มีชีวิตและเลี้ยงดูเด็ก,3.18166E+12,วราภรณ์,ตั้งมั่น,มารดา,,,12/03/2024,30/03/2024,30/03/2024,6/04/2024,1,600,จ่ายสำเร็จ,โอนเข้าบัญชีธนาคาร,5,74700,ลงทะเบียน ณ หน่วยรับลงทะเบียน,นนทบุรี,เมืองนนทบุรี,สวนใหญ่,สำนักงานพัฒนาสังคมและความมั่นคงของมนุษย์จังหวัดนนทบุรี
NCGPAY00207,NCG00207,1.50868E+12,มนัสวี,เกิดผล,ชาย,8/09/2023,1.56789E+12,พงศกร,สวัสดิผล,มีชีวิตและเลี้ยงดูเด็ก,8.48208E+12,มณีรัตน์,ยอดแก้ว,มีชีวิตและเลี้ยงดูเด็ก,8.48208E+12,มณีรัตน์,ยอดแก้ว,มารดา,,,7/03/2024,4/04/2024,4/04/2024,10/04/2024,1,600,จ่ายสำเร็จ,โอนเข้าบัญชีธนาคาร,7,80700,เจ้าหน้าที่ช่วยลงทะเบียน,ตรัง,ปะเหลียน,เกาะค้างคาว,สำนักงานพัฒนาสังคมและความมั่นคงของมนุษย์จังหวัดตรัง
NCGPAY00275,NCG00275,6.41223E+12,นราวิชญ์,สุขใจ,หญิง,17/08/2023,6.86479E+12,ณรงค์,สุขเกษม,มีชีวิตและเลี้ยงดูเด็ก,5.62733E+12,วรรณา,ศรีสมบัติ,มีชีวิตและเลี้ยงดูเด็ก,5.62733E+12,วรรณา,ศรีสมบัติ,มารดา,,,26/02/2024,20/03/2024,20/03/2024,10/04/2024,1,1200,จ่ายย้อนหลังรวมหลายงวด,โอนเข้าบัญชีธนาคาร,4,59900,ระบบออนไลน์,ระยอง,บ้านค่าย,หนองละลอก,สำนักงานพัฒนาสังคมและความมั่นคงของมนุษย์จังหวัดระยอง
NCGPAY00147,NCG00147,4.68132E+12,พัชรินทร์,โพธิ์ทอง,ชาย,25/09/2023,3.52133E+12,รัชชานนท์,สุขใจ,มีชีวิตแต่ไม่ได้เลี้ยงดู,2.46762E+12,อรทัย,มีทรัพย์,มีชีวิตและเลี้ยงดูเด็ก,2.46762E+12,อรทัย,มีทรัพย์,มารดา,,,24/03/2024,3/04/2024,3/04/2024,13/04/2024,1,1200,จ่ายย้อนหลังรวมหลายงวด,โอนเข้าบัญชีธนาคาร,7,88300,เจ้าหน้าที่ช่วยลงทะเบียน,สุราษฎร์ธานี,เกาะสมุย,อ่างทอง,สำนักงานพัฒนาสังคมและความมั่นคงของมนุษย์จังหวัดสุราษฎร์ธานี
NCGPAY00157,NCG00157,8.79422E+12,ธนดล,จำปาแก้ว,หญิง,22/10/2023,7.72035E+12,กฤษฎา,ศรีสุข,มีชีวิตแต่ไม่ได้เลี้ยงดู,2.75681E+12,วิภาวี,พูนทรัพย์,มีชีวิตและเลี้ยงดูเด็ก,2.75681E+12,วิภาวี,พูนทรัพย์,มารดา,,,27/03/2024,10/04/2024,10/04/2024,15/04/2024,1,600,จ่ายสำเร็จ,โอนเข้าบัญชีธนาคาร,6,72700,ระบบออนไลน์,ฉะเชิงเทรา,บางปะกง,เขาดิน,สำนักงานพัฒนาสังคมและความมั่นคงของมนุษย์จังหวัดฉะเชิงเทรา
NCGPAY00332,NCG00156,5.49931E+12,ขวัญฤดี,สุทธิวงศ์,หญิง,12/01/2024,6.95852E+12,วรพล,รุ่งเรือง,มีชีวิตและเลี้ยงดูเด็ก,8.60522E+12,ภัทราภรณ์,บัวทอง,เสียชีวิต,6.95852E+12,วรพล,รุ่งเรือง,บิดา,,,14/02/2024,8/03/2024,8/03/2024,16/04/2024,2,1200,จ่ายย้อนหลังรวมหลายงวด,โอนเข้าบัญชีธนาคาร,6,78400,ลงทะเบียน ณ หน่วยรับลงทะเบียน,อุดรธานี,นายูง,โนนทอง,สำนักงานพัฒนาสังคมและความมั่นคงของมนุษย์จังหวัดอุดรธานี
NCGPAY00249,NCG00249,6.84404E+12,วรัญญา,ชูศรี,หญิง,20/11/2023,5.78002E+12,อาทิตย์,สุขใจ,ไม่สามารถติดต่อได้,5.49649E+12,ชลธิชา,ไชยวงศ์,มีชีวิตและเลี้ยงดูเด็ก,5.49649E+12,ชลธิชา,ไชยวงศ์,มารดา,,,19/02/2024,18/03/2024,18/03/2024,19/04/2024,1,600,จ่ายสำเร็จ,โอนเข้าบัญชีธนาคาร,7,89400,หน่วยบริการเคลื่อนที่,สระแก้ว,วังสมบูรณ์,วังใหม่,สำนักงานพัฒนาสังคมและความมั่นคงของมนุษย์จังหวัดสระแก้ว
NCGPAY00400,NCG00139,2.03493E+12,ณฐกร,พิพัฒน์กุล,ชาย,26/12/2023,1.40798E+12,สุรชัย,ไชยวงศ์,มีชีวิตและเลี้ยงดูเด็ก,3.18166E+12,วราภรณ์,ตั้งมั่น,มีชีวิตและเลี้ยงดูเด็ก,3.18166E+12,วราภรณ์,ตั้งมั่น,มารดา,,,12/03/2024,30/03/2024,30/03/2024,5/05/2024,2,600,จ่ายสำเร็จ,โอนเข้าบัญชีธนาคาร,5,74700,ลงทะเบียน ณ หน่วยรับลงทะเบียน,นนทบุรี,เมืองนนทบุรี,สวนใหญ่,สำนักงานพัฒนาสังคมและความมั่นคงของมนุษย์จังหวัดนนทบุรี
NCGPAY00338,NCG00207,1.50868E+12,มนัสวี,เกิดผล,ชาย,8/09/2023,1.56789E+12,พงศกร,สวัสดิผล,มีชีวิตและเลี้ยงดูเด็ก,8.48208E+12,มณีรัตน์,ยอดแก้ว,มีชีวิตและเลี้ยงดูเด็ก,8.48208E+12,มณีรัตน์,ยอดแก้ว,มารดา,,,7/03/2024,4/04/2024,4/04/2024,13/05/2024,2,600,จ่ายสำเร็จ,พร้อมเพย์,7,80700,เจ้าหน้าที่ช่วยลงทะเบียน,ตรัง,ปะเหลียน,เกาะค้างคาว,สำนักงานพัฒนาสังคมและความมั่นคงของมนุษย์จังหวัดตรัง
NCGPAY00381,NCG00147,4.68132E+12,พัชรินทร์,โพธิ์ทอง,ชาย,25/09/2023,3.52133E+12,รัชชานนท์,สุขใจ,มีชีวิตแต่ไม่ได้เลี้ยงดู,2.46762E+12,อรทัย,มีทรัพย์,มีชีวิตและเลี้ยงดูเด็ก,2.46762E+12,อรทัย,มีทรัพย์,มารดา,,,24/03/2024,3/04/2024,3/04/2024,15/05/2024,2,600,จ่ายสำเร็จ,โอนเข้าบัญชีธนาคาร,7,88300,เจ้าหน้าที่ช่วยลงทะเบียน,สุราษฎร์ธานี,เกาะสมุย,อ่างทอง,สำนักงานพัฒนาสังคมและความมั่นคงของมนุษย์จังหวัดสุราษฎร์ธานี
NCGPAY00320,NCG00157,8.79422E+12,ธนดล,จำปาแก้ว,หญิง,22/10/2023,7.72035E+12,กฤษฎา,ศรีสุข,มีชีวิตแต่ไม่ได้เลี้ยงดู,2.75681E+12,วิภาวี,พูนทรัพย์,มีชีวิตและเลี้ยงดูเด็ก,2.75681E+12,วิภาวี,พูนทรัพย์,มารดา,,,27/03/2024,10/04/2024,10/04/2024,19/05/2024,2,600,จ่ายสำเร็จ,โอนเข้าบัญชีธนาคาร,6,72700,ระบบออนไลน์,ฉะเชิงเทรา,บางปะกง,เขาดิน,สำนักงานพัฒนาสังคมและความมั่นคงของมนุษย์จังหวัดฉะเชิงเทรา
NCGPAY00080,NCG00080,1.56796E+12,พีรวิชญ์,เมืองแก้ว,หญิง,13/09/2023,2.24757E+12,สุรชัย,ศรีจันทร์,มีชีวิตและเลี้ยงดูเด็ก,7.36117E+12,ชนิดา,วัฒนชัย,มีชีวิตและเลี้ยงดูเด็ก,7.36117E+12,ชนิดา,วัฒนชัย,มารดา,,,7/05/2024,26/05/2024,26/05/2024,11/06/2024,1,600,จ่ายสำเร็จ,โอนเข้าบัญชีธนาคาร,7,89200,หน่วยบริการเคลื่อนที่,นครศรีธรรมราช,ทุ่งสง,นาโพธิ์,สำนักงานพัฒนาสังคมและความมั่นคงของมนุษย์จังหวัดนครศรีธรรมราช
NCGPAY00325,NCG00157,8.79422E+12,ธนดล,จำปาแก้ว,หญิง,22/10/2023,7.72035E+12,กฤษฎา,ศรีสุข,มีชีวิตแต่ไม่ได้เลี้ยงดู,2.75681E+12,วิภาวี,พูนทรัพย์,มีชีวิตและเลี้ยงดูเด็ก,2.75681E+12,วิภาวี,พูนทรัพย์,มารดา,,,27/03/2024,10/04/2024,10/04/2024,23/06/2024,3,600,จ่ายสำเร็จ,โอนเข้าบัญชีธนาคาร,6,72700,ระบบออนไลน์,ฉะเชิงเทรา,บางปะกง,เขาดิน,สำนักงานพัฒนาสังคมและความมั่นคงของมนุษย์จังหวัดฉะเชิงเทรา
NCGPAY00087,NCG00087,2.44318E+12,พรรณภา,แสงจันทร์,ชาย,26/10/2023,1.58527E+12,จักรพันธ์,เกษมสุข,มีชีวิตและเลี้ยงดูเด็ก,2.19801E+12,มาลี,พรมศรี,มีชีวิตและเลี้ยงดูเด็ก,2.19801E+12,มาลี,พรมศรี,มารดา,,,18/06/2024,23/06/2024,23/06/2024,25/06/2024,1,1800,จ่ายย้อนหลังรวมหลายงวด,พร้อมเพย์,7,87600,ระบบออนไลน์,ระยอง,บ้านค่าย,หนองละลอก,สำนักงานพัฒนาสังคมและความมั่นคงของมนุษย์จังหวัดระยอง
NCGPAY00051,NCG00051,1.95581E+12,ธนภัทร,โพธิ์ทอง,หญิง,8/04/2024,8.8688E+12,ธีรภัทร,บุญมี,มีชีวิตและเลี้ยงดูเด็ก,1.20235E+12,ชุติมา,พูนทรัพย์,มีชีวิตและเลี้ยงดูเด็ก,1.20235E+12,ชุติมา,พูนทรัพย์,มารดา,,,3/06/2024,21/06/2024,21/06/2024,5/07/2024,1,600,จ่ายสำเร็จ,โอนเข้าบัญชีธนาคาร,6,82800,ระบบออนไลน์,ลำพูน,แม่ทา,ทาสบเส้า,สำนักงานพัฒนาสังคมและความมั่นคงของมนุษย์จังหวัดลำพูน
NCGPAY00031,NCG00031,6.06391E+12,กัญญารัตน์,วัฒนชัย,ชาย,29/03/2024,7.73773E+12,ปณชัย,วัฒนชัย,มีชีวิตและเลี้ยงดูเด็ก,5.9814E+12,มณีรัตน์,เกียรติไพศาล,มีชีวิตและเลี้ยงดูเด็ก,7.73773E+12,ปณชัย,วัฒนชัย,บิดา,,,29/05/2024,26/06/2024,26/06/2024,7/07/2024,1,600,จ่ายสำเร็จ,โอนเข้าบัญชีธนาคาร,5,69900,ระบบออนไลน์,กระบี่,เกาะลันตา,คลองยาง,สำนักงานพัฒนาสังคมและความมั่นคงของมนุษย์จังหวัดกระบี่
NCGPAY00334,NCG00080,1.56796E+12,พีรวิชญ์,เมืองแก้ว,หญิง,13/09/2023,2.24757E+12,สุรชัย,ศรีจันทร์,มีชีวิตและเลี้ยงดูเด็ก,7.36117E+12,ชนิดา,วัฒนชัย,มีชีวิตและเลี้ยงดูเด็ก,7.36117E+12,ชนิดา,วัฒนชัย,มารดา,,,7/05/2024,26/05/2024,26/05/2024,12/07/2024,2,600,จ่ายสำเร็จ,พร้อมเพย์,7,89200,หน่วยบริการเคลื่อนที่,นครศรีธรรมราช,ทุ่งสง,นาโพธิ์,สำนักงานพัฒนาสังคมและความมั่นคงของมนุษย์จังหวัดนครศรีธรรมราช
NCGPAY00293,NCG00087,2.44318E+12,พรรณภา,แสงจันทร์,ชาย,26/10/2023,1.58527E+12,จักรพันธ์,เกษมสุข,มีชีวิตและเลี้ยงดูเด็ก,2.19801E+12,มาลี,พรมศรี,มีชีวิตและเลี้ยงดูเด็ก,2.19801E+12,มาลี,พรมศรี,มารดา,,,18/06/2024,23/06/2024,23/06/2024,25/07/2024,2,600,จ่ายสำเร็จ,พร้อมเพย์,7,87600,ระบบออนไลน์,ระยอง,บ้านค่าย,หนองละลอก,สำนักงานพัฒนาสังคมและความมั่นคงของมนุษย์จังหวัดระยอง
NCGPAY00241,NCG00241,3.52477E+12,นราวิชญ์,ประเสริฐศรี,หญิง,29/04/2024,4.64752E+12,ณัฐวุฒิ,คงมั่น,มีชีวิตและเลี้ยงดูเด็ก,3.66212E+12,ชไมพร,ประเสริฐศรี,มีชีวิตและเลี้ยงดูเด็ก,4.64752E+12,ณัฐวุฒิ,คงมั่น,บิดา,,,13/07/2024,31/07/2024,31/07/2024,2/08/2024,1,600,จ่ายสำเร็จ,โอนเข้าบัญชีธนาคาร,7,82400,ระบบออนไลน์,สระบุรี,เมืองสระบุรี,โคกสว่าง,สำนักงานพัฒนาสังคมและความมั่นคงของมนุษย์จังหวัดสระบุรี
NCGPAY00224,NCG00224,6.94231E+12,ชลธิชา,ปัญญาดี,ชาย,5/11/2023,1.37091E+12,ธีรภัทร,สุขใจ,มีชีวิตแต่ไม่ได้เลี้ยงดู,5.61817E+12,กาญจนา,เรืองฤทธิ์,มีชีวิตและเลี้ยงดูเด็ก,5.61817E+12,กาญจนา,เรืองฤทธิ์,มารดา,,,20/06/2024,4/07/2024,4/07/2024,3/08/2024,1,600,จ่ายสำเร็จ,โอนเข้าบัญชีธนาคาร,4,59500,ลงทะเบียน ณ หน่วยรับลงทะเบียน,สุรินทร์,เมืองสุรินทร์,สำโรง,สำนักงานพัฒนาสังคมและความมั่นคงของมนุษย์จังหวัดสุรินทร์
NCGPAY00491,NCG00051,1.95581E+12,ธนภัทร,โพธิ์ทอง,หญิง,8/04/2024,8.8688E+12,ธีรภัทร,บุญมี,มีชีวิตและเลี้ยงดูเด็ก,1.20235E+12,ชุติมา,พูนทรัพย์,มีชีวิตและเลี้ยงดูเด็ก,1.20235E+12,ชุติมา,พูนทรัพย์,มารดา,,,3/06/2024,21/06/2024,21/06/2024,9/08/2024,2,1800,จ่ายย้อนหลังรวมหลายงวด,โอนเข้าบัญชีธนาคาร,6,82800,ระบบออนไลน์,ลำพูน,แม่ทา,ทาสบเส้า,สำนักงานพัฒนาสังคมและความมั่นคงของมนุษย์จังหวัดลำพูน
NCGPAY00021,NCG00021,8.91745E+12,อชิระ,ทองมาก,ชาย,11/12/2023,1.56335E+12,พงศกร,พิพัฒน์กุล,มีชีวิตและเลี้ยงดูเด็ก,1.57073E+12,นิตยา,จิตมั่น,มีชีวิตและเลี้ยงดูเด็ก,1.57073E+12,นิตยา,จิตมั่น,มารดา,,,1/07/2024,17/07/2024,17/07/2024,11/08/2024,1,600,จ่ายสำเร็จ,โอนเข้าบัญชีธนาคาร,7,80000,ลงทะเบียน ณ หน่วยรับลงทะเบียน,ร้อยเอ็ด,ธวัชบุรี,บึงนคร,สำนักงานพัฒนาสังคมและความมั่นคงของมนุษย์จังหวัดร้อยเอ็ด
NCGPAY00192,NCG00192,4.33668E+12,รวิชญ์,สวัสดิผล,หญิง,6/12/2023,2.87854E+12,ภาคภูมิ,เพชรรัตน์,มีชีวิตและเลี้ยงดูเด็ก,1.62578E+12,ชนิดา,เรืองฤทธิ์,มีชีวิตและเลี้ยงดูเด็ก,1.62578E+12,ชนิดา,เรืองฤทธิ์,มารดา,,,3/07/2024,25/07/2024,25/07/2024,23/08/2024,1,600,จ่ายสำเร็จ,โอนเข้าบัญชีธนาคาร,2,50000,ลงทะเบียน ณ หน่วยรับลงทะเบียน,สระแก้ว,วังสมบูรณ์,วังใหม่,สำนักงานพัฒนาสังคมและความมั่นคงของมนุษย์จังหวัดสระแก้ว
NCGPAY00398,NCG00087,2.44318E+12,พรรณภา,แสงจันทร์,ชาย,26/10/2023,1.58527E+12,จักรพันธ์,เกษมสุข,มีชีวิตและเลี้ยงดูเด็ก,2.19801E+12,มาลี,พรมศรี,มีชีวิตและเลี้ยงดูเด็ก,2.19801E+12,มาลี,พรมศรี,มารดา,,,18/06/2024,23/06/2024,23/06/2024,23/08/2024,3,600,จ่ายสำเร็จ,โอนเข้าบัญชีธนาคาร,7,87600,ระบบออนไลน์,ระยอง,บ้านค่าย,หนองละลอก,สำนักงานพัฒนาสังคมและความมั่นคงของมนุษย์จังหวัดระยอง
NCGPAY00094,NCG00094,8.22945E+12,อคิราห์,นิ่มนวล,หญิง,18/02/2024,8.5403E+12,อาทิตย์,เกิดผล,ไม่สามารถติดต่อได้,8.31634E+12,ณิชา,ศรีสมบัติ,ไม่สามารถติดต่อได้,8.04512E+12,กิตติภัทร,ศรีสมบัติ,ผู้ปกครองโดยชอบด้วยกฎหมาย,ลุง,ไม่สามารถติดต่อบิดาและมารดาได้,10/07/2024,28/07/2024,28/07/2024,25/08/2024,1,1200,จ่ายย้อนหลังรวมหลายงวด,พร้อมเพย์,7,85400,ลงทะเบียน ณ หน่วยรับลงทะเบียน,สุราษฎร์ธานี,เกาะสมุย,อ่างทอง,สำนักงานพัฒนาสังคมและความมั่นคงของมนุษย์จังหวัดสุราษฎร์ธานี
NCGPAY00161,NCG00161,7.08101E+12,เมธาวี,ศรีนวล,ชาย,21/05/2024,1.28077E+12,ศรัณย์,ศรีสง่า,มีชีวิตและเลี้ยงดูเด็ก,6.46128E+12,วิภาวี,บัวทอง,มีชีวิตและเลี้ยงดูเด็ก,6.46128E+12,วิภาวี,บัวทอง,มารดา,,,28/07/2024,26/08/2024,26/08/2024,26/08/2024,1,600,จ่ายสำเร็จ,โอนเข้าบัญชีธนาคาร,7,79100,เจ้าหน้าที่ช่วยลงทะเบียน,บุรีรัมย์,ชำนิ,เมืองยาง,สำนักงานพัฒนาสังคมและความมั่นคงของมนุษย์จังหวัดบุรีรัมย์
NCGPAY00342,NCG00224,6.94231E+12,ชลธิชา,ปัญญาดี,ชาย,5/11/2023,1.37091E+12,ธีรภัทร,สุขใจ,มีชีวิตแต่ไม่ได้เลี้ยงดู,5.61817E+12,กาญจนา,เรืองฤทธิ์,มีชีวิตและเลี้ยงดูเด็ก,5.61817E+12,กาญจนา,เรืองฤทธิ์,มารดา,,,20/06/2024,4/07/2024,4/07/2024,4/09/2024,2,600,จ่ายสำเร็จ,โอนเข้าบัญชีธนาคาร,4,59500,ลงทะเบียน ณ หน่วยรับลงทะเบียน,สุรินทร์,เมืองสุรินทร์,สำโรง,สำนักงานพัฒนาสังคมและความมั่นคงของมนุษย์จังหวัดสุรินทร์
NCGPAY00204,NCG00204,8.81271E+12,อัครเดช,พิทักษ์วงศ์,หญิง,21/07/2024,1.28353E+12,ชนน,ศรีจันทร์,ไม่สามารถติดต่อได้,6.57852E+12,สุพัตรา,จันทร์หอม,มีชีวิตและเลี้ยงดูเด็ก,6.57852E+12,สุพัตรา,จันทร์หอม,มารดา,,,15/08/2024,26/08/2024,26/08/2024,18/09/2024,1,600,จ่ายสำเร็จ,โอนเข้าบัญชีธนาคาร,7,80300,เจ้าหน้าที่ช่วยลงทะเบียน,นนทบุรี,เมืองนนทบุรี,สวนใหญ่,สำนักงานพัฒนาสังคมและความมั่นคงของมนุษย์จังหวัดนนทบุรี
NCGPAY00436,NCG00094,8.22945E+12,อคิราห์,นิ่มนวล,หญิง,18/02/2024,8.5403E+12,อาทิตย์,เกิดผล,ไม่สามารถติดต่อได้,8.31634E+12,ณิชา,ศรีสมบัติ,ไม่สามารถติดต่อได้,8.04512E+12,กิตติภัทร,ศรีสมบัติ,ผู้ปกครองโดยชอบด้วยกฎหมาย,ลุง,ไม่สามารถติดต่อบิดาและมารดาได้,10/07/2024,28/07/2024,28/07/2024,22/09/2024,2,600,จ่ายสำเร็จ,โอนเข้าบัญชีธนาคาร,7,85400,ลงทะเบียน ณ หน่วยรับลงทะเบียน,สุราษฎร์ธานี,เกาะสมุย,อ่างทอง,สำนักงานพัฒนาสังคมและความมั่นคงของมนุษย์จังหวัดสุราษฎร์ธานี
NCGPAY00339,NCG00192,4.33668E+12,รวิชญ์,สวัสดิผล,หญิง,6/12/2023,2.87854E+12,ภาคภูมิ,เพชรรัตน์,มีชีวิตและเลี้ยงดูเด็ก,1.62578E+12,ชนิดา,เรืองฤทธิ์,มีชีวิตและเลี้ยงดูเด็ก,1.62578E+12,ชนิดา,เรืองฤทธิ์,มารดา,,,3/07/2024,25/07/2024,25/07/2024,23/09/2024,2,600,จ่ายสำเร็จ,โอนเข้าบัญชีธนาคาร,2,50000,ลงทะเบียน ณ หน่วยรับลงทะเบียน,สระแก้ว,วังสมบูรณ์,วังใหม่,สำนักงานพัฒนาสังคมและความมั่นคงของมนุษย์จังหวัดสระแก้ว
NCGPAY00003,NCG00003,1.15324E+12,ณัฐธิดา,บัวทอง,หญิง,17/05/2024,7.99193E+12,ภาคภูมิ,เมืองแก้ว,ไม่สามารถติดต่อได้,7.1156E+12,สุกัญญา,คำดี,มีชีวิตและเลี้ยงดูเด็ก,7.1156E+12,สุกัญญา,คำดี,มารดา,,,22/08/2024,5/09/2024,5/09/2024,28/09/2024,1,600,จ่ายสำเร็จ,โอนเข้าบัญชีธนาคาร,5,75200,เจ้าหน้าที่ช่วยลงทะเบียน,นราธิวาส,ตากใบ,เกาะสะท้อน,สำนักงานพัฒนาสังคมและความมั่นคงของมนุษย์จังหวัดนราธิวาส
NCGPAY00133,NCG00133,6.34763E+12,นราวิชญ์,อุดมศักดิ์,หญิง,1/02/2024,1.34267E+12,ปริญญา,ธรรมคุณ,มีชีวิตและเลี้ยงดูเด็ก,7.06152E+12,ชไมพร,ใจดี,มีชีวิตและเลี้ยงดูเด็ก,1.34267E+12,ปริญญา,ธรรมคุณ,บิดา,,,2/09/2024,28/09/2024,28/09/2024,1/10/2024,1,600,จ่ายสำเร็จ,โอนเข้าบัญชีธนาคาร,2,49500,ลงทะเบียน ณ หน่วยรับลงทะเบียน,นนทบุรี,เมืองนนทบุรี,สวนใหญ่,สำนักงานพัฒนาสังคมและความมั่นคงของมนุษย์จังหวัดนนทบุรี
NCGPAY00201,NCG00201,4.13046E+12,นภัสสร,ศรีสุข,ชาย,12/04/2024,3.47328E+12,ชนน,จำปาแก้ว,มีชีวิตและเลี้ยงดูเด็ก,8.73901E+12,รัตนา,ศรีนวล,เสียชีวิต,3.47328E+12,ชนน,จำปาแก้ว,บิดา,,,27/08/2024,13/09/2024,13/09/2024,1/10/2024,1,600,จ่ายสำเร็จ,โอนเข้าบัญชีธนาคาร,2,51400,ลงทะเบียน ณ หน่วยรับลงทะเบียน,อุบลราชธานี,พิบูลมังสาหาร,ดอนจิก,สำนักงานพัฒนาสังคมและความมั่นคงของมนุษย์จังหวัดอุบลราชธานี
NCGPAY00012,NCG00012,2.00748E+12,ชยุต,สุทธิวงศ์,ชาย,15/01/2024,3.43772E+12,จักรพันธ์,อินทร์แก้ว,มีชีวิตและเลี้ยงดูเด็ก,4.33723E+12,ศิรินภา,นิ่มนวล,มีชีวิตและเลี้ยงดูเด็ก,4.33723E+12,ศิรินภา,นิ่มนวล,มารดา,,,19/08/2024,15/09/2024,15/09/2024,15/10/2024,1,600,จ่ายสำเร็จ,โอนเข้าบัญชีธนาคาร,7,84800,ระบบออนไลน์,ชลบุรี,พนัสนิคม,วัดโบสถ์,สำนักงานพัฒนาสังคมและความมั่นคงของมนุษย์จังหวัดชลบุรี
NCGPAY00402,NCG00133,6.34763E+12,นราวิชญ์,อุดมศักดิ์,หญิง,1/02/2024,1.34267E+12,ปริญญา,ธรรมคุณ,มีชีวิตและเลี้ยงดูเด็ก,7.06152E+12,ชไมพร,ใจดี,มีชีวิตและเลี้ยงดูเด็ก,1.34267E+12,ปริญญา,ธรรมคุณ,บิดา,,,2/09/2024,28/09/2024,28/09/2024,30/10/2024,2,600,จ่ายสำเร็จ,โอนเข้าบัญชีธนาคาร,2,49500,ลงทะเบียน ณ หน่วยรับลงทะเบียน,นนทบุรี,เมืองนนทบุรี,สวนใหญ่,สำนักงานพัฒนาสังคมและความมั่นคงของมนุษย์จังหวัดนนทบุรี
NCGPAY00193,NCG00193,7.32673E+12,วรัญญา,วัฒนกุล,หญิง,15/04/2024,2.59508E+12,สิทธิชัย,ทองสุข,มีชีวิตแต่ไม่ได้เลี้ยงดู,8.14653E+12,รัตนา,บุญช่วย,มีชีวิตและเลี้ยงดูเด็ก,8.14653E+12,รัตนา,บุญช่วย,มารดา,,,21/10/2024,26/10/2024,26/10/2024,4/11/2024,1,600,จ่ายสำเร็จ,โอนเข้าบัญชีธนาคาร,3,56000,ระบบออนไลน์,อุดรธานี,นายูง,โนนทอง,สำนักงานพัฒนาสังคมและความมั่นคงของมนุษย์จังหวัดอุดรธานี
NCGPAY00197,NCG00197,6.72011E+12,ณฐกร,วิริยะกุล,ชาย,15/05/2024,3.53595E+12,วชิรวิทย์,แก้วกาญจน์,มีชีวิตแต่ไม่ได้เลี้ยงดู,1.9073E+12,จุฑามาศ,บุญส่ง,มีชีวิตแต่ไม่ได้เลี้ยงดู,6.86207E+12,พรทิพย์,แก้วกาญจน์,ผู้ปกครองโดยชอบด้วยกฎหมาย,น้า,บิดาและมารดาไม่ได้เลี้ยงดูเด็ก,15/09/2024,11/10/2024,11/10/2024,5/11/2024,1,600,จ่ายสำเร็จ,โอนเข้าบัญชีธนาคาร,4,70000,ระบบออนไลน์,นราธิวาส,ตากใบ,เกาะสะท้อน,สำนักงานพัฒนาสังคมและความมั่นคงของมนุษย์จังหวัดนราธิวาส
NCGPAY00250,NCG00250,1.4596E+12,ปาริชาติ,ตั้งมั่น,ชาย,26/07/2024,3.60386E+12,ปกรณ์,คุ้มภัย,มีชีวิตและเลี้ยงดูเด็ก,1.77733E+12,ปวีณา,วัฒนชัย,มีชีวิตและเลี้ยงดูเด็ก,1.77733E+12,ปวีณา,วัฒนชัย,มารดา,,,11/10/2024,1/11/2024,1/11/2024,8/11/2024,1,600,จ่ายสำเร็จ,พร้อมเพย์,7,82600,เจ้าหน้าที่ช่วยลงทะเบียน,สุรินทร์,เมืองสุรินทร์,สำโรง,สำนักงานพัฒนาสังคมและความมั่นคงของมนุษย์จังหวัดสุรินทร์
NCGPAY00180,NCG00180,4.10485E+12,ชนน,พูนทรัพย์,ชาย,13/06/2024,3.65493E+12,พีรพัฒน์,จิตมั่น,ไม่สามารถติดต่อได้,6.92928E+12,ชุติมา,พิทักษ์วงศ์,มีชีวิตและเลี้ยงดูเด็ก,6.92928E+12,ชุติมา,พิทักษ์วงศ์,มารดา,,,4/10/2024,15/10/2024,15/10/2024,10/11/2024,1,600,จ่ายสำเร็จ,โอนเข้าบัญชีธนาคาร,4,61600,หน่วยบริการเคลื่อนที่,นนทบุรี,เมืองนนทบุรี,สวนใหญ่,สำนักงานพัฒนาสังคมและความมั่นคงของมนุษย์จังหวัดนนทบุรี
NCGPAY00092,NCG00092,6.26281E+12,ธนดล,แสนดี,ชาย,14/04/2024,1.92844E+12,ณัฐวุฒิ,เรืองฤทธิ์,มีชีวิตและเลี้ยงดูเด็ก,2.16257E+12,จิราภรณ์,ศรีสุข,มีชีวิตและเลี้ยงดูเด็ก,2.16257E+12,จิราภรณ์,ศรีสุข,มารดา,,,26/09/2024,8/10/2024,8/10/2024,11/11/2024,1,1800,จ่ายย้อนหลังรวมหลายงวด,พร้อมเพย์,3,53800,ลงทะเบียน ณ หน่วยรับลงทะเบียน,สระบุรี,เมืองสระบุรี,โคกสว่าง,สำนักงานพัฒนาสังคมและความมั่นคงของมนุษย์จังหวัดสระบุรี
NCGPAY00262,NCG00262,4.11737E+12,วชิรวิทย์,บุญเกิด,หญิง,22/07/2024,2.17145E+12,วรวิทย์,สุขใจ,เสียชีวิต,7.07962E+12,พิมพ์ชนก,สวัสดิผล,มีชีวิตและเลี้ยงดูเด็ก,7.07962E+12,พิมพ์ชนก,สวัสดิผล,มารดา,,,10/10/2024,2/11/2024,2/11/2024,11/11/2024,1,1200,จ่ายย้อนหลังรวมหลายงวด,พร้อมเพย์,6,75500,เจ้าหน้าที่ช่วยลงทะเบียน,ตรัง,ปะเหลียน,เกาะค้างคาว,สำนักงานพัฒนาสังคมและความมั่นคงของมนุษย์จังหวัดตรัง
NCGPAY00181,NCG00181,2.64822E+12,มนัสวี,ฤทธิไกร,หญิง,27/06/2024,2.90832E+12,ปณชัย,อุดมศักดิ์,มีชีวิตและเลี้ยงดูเด็ก,7.21412E+12,อรวรรณ,ศรีสง่า,มีชีวิตแต่ไม่ได้เลี้ยงดู,2.90832E+12,ปณชัย,อุดมศักดิ์,บิดา,,,20/09/2024,14/10/2024,14/10/2024,13/11/2024,1,600,จ่ายสำเร็จ,พร้อมเพย์,2,55500,ระบบออนไลน์,นครปฐม,สามพราน,อ้อมใหญ่,สำนักงานพัฒนาสังคมและความมั่นคงของมนุษย์จังหวัดนครปฐม
NCGPAY00100,NCG00100,8.46171E+12,เมธาวี,ทองอินทร์,ชาย,9/07/2024,6.75488E+12,วรพล,นิ่มนวล,มีชีวิตและเลี้ยงดูเด็ก,4.93104E+12,ขวัญฤดี,แสงเพชร,มีชีวิตและเลี้ยงดูเด็ก,4.93104E+12,ขวัญฤดี,แสงเพชร,มารดา,,,18/09/2024,16/10/2024,16/10/2024,14/11/2024,1,600,จ่ายสำเร็จ,โอนเข้าบัญชีธนาคาร,2,57400,ระบบออนไลน์,อุบลราชธานี,พิบูลมังสาหาร,ดอนจิก,สำนักงานพัฒนาสังคมและความมั่นคงของมนุษย์จังหวัดอุบลราชธานี
NCGPAY00333,NCG00012,2.00748E+12,ชยุต,สุทธิวงศ์,ชาย,15/01/2024,3.43772E+12,จักรพันธ์,อินทร์แก้ว,มีชีวิตและเลี้ยงดูเด็ก,4.33723E+12,ศิรินภา,นิ่มนวล,มีชีวิตและเลี้ยงดูเด็ก,4.33723E+12,ศิรินภา,นิ่มนวล,มารดา,,,19/08/2024,15/09/2024,15/09/2024,15/11/2024,2,600,จ่ายสำเร็จ,โอนเข้าบัญชีธนาคาร,7,84800,ระบบออนไลน์,ชลบุรี,พนัสนิคม,วัดโบสถ์,สำนักงานพัฒนาสังคมและความมั่นคงของมนุษย์จังหวัดชลบุรี
NCGPAY00407,NCG00197,6.72011E+12,ณฐกร,วิริยะกุล,ชาย,15/05/2024,3.53595E+12,วชิรวิทย์,แก้วกาญจน์,มีชีวิตแต่ไม่ได้เลี้ยงดู,1.9073E+12,จุฑามาศ,บุญส่ง,มีชีวิตแต่ไม่ได้เลี้ยงดู,6.86207E+12,พรทิพย์,แก้วกาญจน์,ผู้ปกครองโดยชอบด้วยกฎหมาย,น้า,บิดาและมารดาไม่ได้เลี้ยงดูเด็ก,15/09/2024,11/10/2024,11/10/2024,5/12/2024,2,1200,จ่ายย้อนหลังรวมหลายงวด,พร้อมเพย์,4,70000,ระบบออนไลน์,นราธิวาส,ตากใบ,เกาะสะท้อน,สำนักงานพัฒนาสังคมและความมั่นคงของมนุษย์จังหวัดนราธิวาส
NCGPAY00366,NCG00193,7.32673E+12,วรัญญา,วัฒนกุล,หญิง,15/04/2024,2.59508E+12,สิทธิชัย,ทองสุข,มีชีวิตแต่ไม่ได้เลี้ยงดู,8.14653E+12,รัตนา,บุญช่วย,มีชีวิตและเลี้ยงดูเด็ก,8.14653E+12,รัตนา,บุญช่วย,มารดา,,,21/10/2024,26/10/2024,26/10/2024,8/12/2024,2,600,จ่ายสำเร็จ,พร้อมเพย์,3,56000,ระบบออนไลน์,อุดรธานี,นายูง,โนนทอง,สำนักงานพัฒนาสังคมและความมั่นคงของมนุษย์จังหวัดอุดรธานี
NCGPAY00263,NCG00263,1.119E+12,วราภรณ์,พูลเพิ่ม,หญิง,25/07/2024,1.11654E+12,ธีรภัทร,มีทรัพย์,มีชีวิตและเลี้ยงดูเด็ก,8.63975E+12,พัชรินทร์,พรหมมา,มีชีวิตแต่ไม่ได้เลี้ยงดู,1.11654E+12,ธีรภัทร,มีทรัพย์,บิดา,,,22/11/2024,25/11/2024,25/11/2024,9/12/2024,1,600,จ่ายสำเร็จ,พร้อมเพย์,3,61600,เจ้าหน้าที่ช่วยลงทะเบียน,พระนครศรีอยุธยา,บางบาล,ไทรน้อย,สำนักงานพัฒนาสังคมและความมั่นคงของมนุษย์จังหวัดพระนครศรีอยุธยา
NCGPAY00314,NCG00250,1.4596E+12,ปาริชาติ,ตั้งมั่น,ชาย,26/07/2024,3.60386E+12,ปกรณ์,คุ้มภัย,มีชีวิตและเลี้ยงดูเด็ก,1.77733E+12,ปวีณา,วัฒนชัย,มีชีวิตและเลี้ยงดูเด็ก,1.77733E+12,ปวีณา,วัฒนชัย,มารดา,,,11/10/2024,1/11/2024,1/11/2024,10/12/2024,2,600,จ่ายสำเร็จ,โอนเข้าบัญชีธนาคาร,7,82600,เจ้าหน้าที่ช่วยลงทะเบียน,สุรินทร์,เมืองสุรินทร์,สำโรง,สำนักงานพัฒนาสังคมและความมั่นคงของมนุษย์จังหวัดสุรินทร์
NCGPAY00321,NCG00180,4.10485E+12,ชนน,พูนทรัพย์,ชาย,13/06/2024,3.65493E+12,พีรพัฒน์,จิตมั่น,ไม่สามารถติดต่อได้,6.92928E+12,ชุติมา,พิทักษ์วงศ์,มีชีวิตและเลี้ยงดูเด็ก,6.92928E+12,ชุติมา,พิทักษ์วงศ์,มารดา,,,4/10/2024,15/10/2024,15/10/2024,10/12/2024,2,600,จ่ายสำเร็จ,พร้อมเพย์,4,61600,หน่วยบริการเคลื่อนที่,นนทบุรี,เมืองนนทบุรี,สวนใหญ่,สำนักงานพัฒนาสังคมและความมั่นคงของมนุษย์จังหวัดนนทบุรี
NCGPAY00415,NCG00100,8.46171E+12,เมธาวี,ทองอินทร์,ชาย,9/07/2024,6.75488E+12,วรพล,นิ่มนวล,มีชีวิตและเลี้ยงดูเด็ก,4.93104E+12,ขวัญฤดี,แสงเพชร,มีชีวิตและเลี้ยงดูเด็ก,4.93104E+12,ขวัญฤดี,แสงเพชร,มารดา,,,18/09/2024,16/10/2024,16/10/2024,14/12/2024,2,600,จ่ายสำเร็จ,โอนเข้าบัญชีธนาคาร,2,57400,ระบบออนไลน์,อุบลราชธานี,พิบูลมังสาหาร,ดอนจิก,สำนักงานพัฒนาสังคมและความมั่นคงของมนุษย์จังหวัดอุบลราชธานี
NCGPAY00044,NCG00044,7.56977E+12,กฤษฎา,เกิดผล,หญิง,27/09/2024,8.99159E+12,วิทยา,บัวทอง,มีชีวิตและเลี้ยงดูเด็ก,8.50149E+12,กัลยา,มงคลชัย,มีชีวิตและเลี้ยงดูเด็ก,8.99159E+12,วิทยา,บัวทอง,บิดา,,,6/11/2024,5/12/2024,5/12/2024,15/12/2024,1,600,จ่ายสำเร็จ,โอนเข้าบัญชีธนาคาร,3,54600,ลงทะเบียน ณ หน่วยรับลงทะเบียน,อุบลราชธานี,พิบูลมังสาหาร,ดอนจิก,สำนักงานพัฒนาสังคมและความมั่นคงของมนุษย์จังหวัดอุบลราชธานี
NCGPAY00018,NCG00018,3.35715E+12,ชยุต,ธรรมคุณ,ชาย,9/08/2024,8.46104E+12,จักรพันธ์,พูนทรัพย์,มีชีวิตและเลี้ยงดูเด็ก,3.44001E+12,พัชรินทร์,สุขเกษม,มีชีวิตแต่ไม่ได้เลี้ยงดู,8.46104E+12,จักรพันธ์,พูนทรัพย์,บิดา,,,19/11/2024,26/11/2024,26/11/2024,22/12/2024,1,1800,จ่ายย้อนหลังรวมหลายงวด,พร้อมเพย์,7,90300,ระบบออนไลน์,นนทบุรี,เมืองนนทบุรี,สวนใหญ่,สำนักงานพัฒนาสังคมและความมั่นคงของมนุษย์จังหวัดนนทบุรี
NCGPAY00248,NCG00248,6.05846E+12,ธีรภัทร,สุนทรวงศ์,หญิง,15/08/2024,6.62825E+12,ธนวัฒน์,คุ้มภัย,ไม่สามารถติดต่อได้,6.38319E+12,วราภรณ์,ฤทธิไกร,มีชีวิตและเลี้ยงดูเด็ก,6.38319E+12,วราภรณ์,ฤทธิไกร,มารดา,,,7/12/2024,12/12/2024,12/12/2024,24/12/2024,1,600,จ่ายสำเร็จ,โอนเข้าบัญชีธนาคาร,6,82300,หน่วยบริการเคลื่อนที่,สุพรรณบุรี,บางปลาม้า,ไผ่กองดิน,สำนักงานพัฒนาสังคมและความมั่นคงของมนุษย์จังหวัดสุพรรณบุรี
NCGPAY00027,NCG00027,6.06421E+12,ศศิธร,ทองสุข,ชาย,21/06/2024,1.60387E+12,ปณชัย,แสงจันทร์,มีชีวิตและเลี้ยงดูเด็ก,7.25122E+12,เพ็ญศรี,วิริยะกุล,มีชีวิตแต่ไม่ได้เลี้ยงดู,1.60387E+12,ปณชัย,แสงจันทร์,บิดา,,,11/12/2024,17/12/2024,17/12/2024,30/12/2024,1,600,จ่ายสำเร็จ,พร้อมเพย์,5,77400,หน่วยบริการเคลื่อนที่,ยะลา,บันนังสตา,บาเจาะ,สำนักงานพัฒนาสังคมและความมั่นคงของมนุษย์จังหวัดยะลา
NCGPAY00005,NCG00005,3.03639E+12,กฤติน,เมืองแก้ว,หญิง,6/08/2024,6.79773E+12,กิตติพงศ์,รัตนวงศ์,มีชีวิตและเลี้ยงดูเด็ก,4.27665E+12,มาลี,แก้วกาญจน์,มีชีวิตและเลี้ยงดูเด็ก,4.27665E+12,มาลี,แก้วกาญจน์,มารดา,,,13/12/2024,23/12/2024,23/12/2024,3/01/2025,1,600,จ่ายสำเร็จ,พร้อมเพย์,3,55500,ระบบออนไลน์,สุราษฎร์ธานี,เกาะสมุย,อ่างทอง,สำนักงานพัฒนาสังคมและความมั่นคงของมนุษย์จังหวัดสุราษฎร์ธานี
NCGPAY00412,NCG00197,6.72011E+12,ณฐกร,วิริยะกุล,ชาย,15/05/2024,3.53595E+12,วชิรวิทย์,แก้วกาญจน์,มีชีวิตแต่ไม่ได้เลี้ยงดู,1.9073E+12,จุฑามาศ,บุญส่ง,มีชีวิตแต่ไม่ได้เลี้ยงดู,6.86207E+12,พรทิพย์,แก้วกาญจน์,ผู้ปกครองโดยชอบด้วยกฎหมาย,น้า,บิดาและมารดาไม่ได้เลี้ยงดูเด็ก,15/09/2024,11/10/2024,11/10/2024,3/01/2025,3,600,จ่ายสำเร็จ,โอนเข้าบัญชีธนาคาร,4,70000,ระบบออนไลน์,นราธิวาส,ตากใบ,เกาะสะท้อน,สำนักงานพัฒนาสังคมและความมั่นคงของมนุษย์จังหวัดนราธิวาส
NCGPAY00346,NCG00263,1.119E+12,วราภรณ์,พูลเพิ่ม,หญิง,25/07/2024,1.11654E+12,ธีรภัทร,มีทรัพย์,มีชีวิตและเลี้ยงดูเด็ก,8.63975E+12,พัชรินทร์,พรหมมา,มีชีวิตแต่ไม่ได้เลี้ยงดู,1.11654E+12,ธีรภัทร,มีทรัพย์,บิดา,,,22/11/2024,25/11/2024,25/11/2024,13/01/2025,2,1200,จ่ายย้อนหลังรวมหลายงวด,โอนเข้าบัญชีธนาคาร,3,61600,เจ้าหน้าที่ช่วยลงทะเบียน,พระนครศรีอยุธยา,บางบาล,ไทรน้อย,สำนักงานพัฒนาสังคมและความมั่นคงของมนุษย์จังหวัดพระนครศรีอยุธยา
NCGPAY00370,NCG00044,7.56977E+12,กฤษฎา,เกิดผล,หญิง,27/09/2024,8.99159E+12,วิทยา,บัวทอง,มีชีวิตและเลี้ยงดูเด็ก,8.50149E+12,กัลยา,มงคลชัย,มีชีวิตและเลี้ยงดูเด็ก,8.99159E+12,วิทยา,บัวทอง,บิดา,,,6/11/2024,5/12/2024,5/12/2024,13/01/2025,2,600,จ่ายสำเร็จ,พร้อมเพย์,3,54600,ลงทะเบียน ณ หน่วยรับลงทะเบียน,อุบลราชธานี,พิบูลมังสาหาร,ดอนจิก,สำนักงานพัฒนาสังคมและความมั่นคงของมนุษย์จังหวัดอุบลราชธานี
NCGPAY00105,NCG00105,4.87156E+12,เบญจพร,แสงเพชร,หญิง,11/11/2024,6.82902E+12,อาทิตย์,ทองดี,มีชีวิตแต่ไม่ได้เลี้ยงดู,1.48018E+12,จุฑามาศ,ธรรมรักษ์,มีชีวิตและเลี้ยงดูเด็ก,1.48018E+12,จุฑามาศ,ธรรมรักษ์,มารดา,,,8/12/2024,30/12/2024,30/12/2024,17/01/2025,1,600,จ่ายสำเร็จ,โอนเข้าบัญชีธนาคาร,3,59700,หน่วยบริการเคลื่อนที่,สุพรรณบุรี,บางปลาม้า,ไผ่กองดิน,สำนักงานพัฒนาสังคมและความมั่นคงของมนุษย์จังหวัดสุพรรณบุรี
NCGPAY00069,NCG00069,2.98782E+12,รวิชญ์,อินทร์แก้ว,หญิง,13/12/2024,5.55517E+12,ธนวัฒน์,สิงห์ทอง,มีชีวิตแต่ไม่ได้เลี้ยงดู,5.13846E+12,อัญชลี,พรหมมา,มีชีวิตแต่ไม่ได้เลี้ยงดู,5.14377E+12,สมชาย,ตั้งมั่น,ผู้ปกครองโดยชอบด้วยกฎหมาย,น้า,บิดาและมารดาไม่ได้เลี้ยงดูเด็ก,15/01/2025,18/01/2025,18/01/2025,18/01/2025,1,600,จ่ายสำเร็จ,โอนเข้าบัญชีธนาคาร,5,71200,เจ้าหน้าที่ช่วยลงทะเบียน,ภูเก็ต,เมืองภูเก็ต,ราไวย์,สำนักงานพัฒนาสังคมและความมั่นคงของมนุษย์จังหวัดภูเก็ต
NCGPAY00013,NCG00013,2.15675E+12,กรรณิการ์,มั่นคง,ชาย,16/09/2024,3.85948E+12,เกรียงไกร,คงเจริญ,มีชีวิตและเลี้ยงดูเด็ก,8.58962E+12,สุภาวดี,พรมศรี,มีชีวิตและเลี้ยงดูเด็ก,3.85948E+12,เกรียงไกร,คงเจริญ,บิดา,,,29/12/2024,16/01/2025,16/01/2025,21/01/2025,1,1200,จ่ายย้อนหลังรวมหลายงวด,โอนเข้าบัญชีธนาคาร,3,60600,เจ้าหน้าที่ช่วยลงทะเบียน,สกลนคร,บ้านม่วง,ดงหม้อทอง,สำนักงานพัฒนาสังคมและความมั่นคงของมนุษย์จังหวัดสกลนคร
NCGPAY00068,NCG00068,2.64317E+12,วรรณวิสา,แก้วกาญจน์,ชาย,1/05/2024,2.40282E+12,ณัฐวุฒิ,จันทร์หอม,ไม่สามารถติดต่อได้,8.41446E+12,กาญจนา,ธนากุล,มีชีวิตและเลี้ยงดูเด็ก,8.41446E+12,กาญจนา,ธนากุล,มารดา,,,1/12/2024,25/12/2024,25/12/2024,24/01/2025,1,600,จ่ายสำเร็จ,พร้อมเพย์,2,50900,เจ้าหน้าที่ช่วยลงทะเบียน,ขอนแก่น,น้ำพอง,สะอาด,สำนักงานพัฒนาสังคมและความมั่นคงของมนุษย์จังหวัดขอนแก่น
NCGPAY00062,NCG00062,2.31693E+12,ชุติมา,สุขสวัสดิ์,หญิง,3/12/2024,1.07574E+12,ศุภชัย,จิตมั่น,มีชีวิตและเลี้ยงดูเด็ก,8.26394E+12,ชนิดา,พูลเพิ่ม,มีชีวิตและเลี้ยงดูเด็ก,1.07574E+12,ศุภชัย,จิตมั่น,บิดา,,,28/12/2024,16/01/2025,16/01/2025,2/02/2025,1,600,จ่ายสำเร็จ,โอนเข้าบัญชีธนาคาร,3,58800,ลงทะเบียน ณ หน่วยรับลงทะเบียน,ตราด,เกาะกูด,เกาะหมาก,สำนักงานพัฒนาสังคมและความมั่นคงของมนุษย์จังหวัดตราด
NCGPAY00269,NCG00269,5.78247E+12,อชิระ,แสงจันทร์,หญิง,13/11/2024,3.84759E+12,ปริญญา,โพธิ์ทอง,มีชีวิตแต่ไม่ได้เลี้ยงดู,4.82273E+12,ธัญชนก,เมืองแก้ว,มีชีวิตและเลี้ยงดูเด็ก,4.82273E+12,ธัญชนก,เมืองแก้ว,มารดา,,,15/01/2025,31/01/2025,31/01/2025,10/02/2025,1,600,จ่ายสำเร็จ,โอนเข้าบัญชีธนาคาร,5,68000,ระบบออนไลน์,ขอนแก่น,น้ำพอง,สะอาด,สำนักงานพัฒนาสังคมและความมั่นคงของมนุษย์จังหวัดขอนแก่น
NCGPAY00103,NCG00103,8.81417E+12,พชรพล,วัฒนชัย,ชาย,13/10/2024,8.40847E+12,กิตติภัทร,พรมศรี,มีชีวิตแต่ไม่ได้เลี้ยงดู,4.78387E+12,นิตยา,จันทร์หอม,มีชีวิตและเลี้ยงดูเด็ก,4.78387E+12,นิตยา,จันทร์หอม,มารดา,,,25/12/2024,21/01/2025,21/01/2025,11/02/2025,1,600,จ่ายสำเร็จ,พร้อมเพย์,4,63000,หน่วยบริการเคลื่อนที่,เชียงใหม่,สารภี,ไชยสถาน,สำนักงานพัฒนาสังคมและความมั่นคงของมนุษย์จังหวัดเชียงใหม่
NCGPAY00291,NCG00069,2.98782E+12,รวิชญ์,อินทร์แก้ว,หญิง,13/12/2024,5.55517E+12,ธนวัฒน์,สิงห์ทอง,มีชีวิตแต่ไม่ได้เลี้ยงดู,5.13846E+12,อัญชลี,พรหมมา,มีชีวิตแต่ไม่ได้เลี้ยงดู,5.14377E+12,สมชาย,ตั้งมั่น,ผู้ปกครองโดยชอบด้วยกฎหมาย,น้า,บิดาและมารดาไม่ได้เลี้ยงดูเด็ก,15/01/2025,18/01/2025,18/01/2025,15/02/2025,2,600,จ่ายสำเร็จ,โอนเข้าบัญชีธนาคาร,5,71200,เจ้าหน้าที่ช่วยลงทะเบียน,ภูเก็ต,เมืองภูเก็ต,ราไวย์,สำนักงานพัฒนาสังคมและความมั่นคงของมนุษย์จังหวัดภูเก็ต
NCGPAY00039,NCG00039,4.51871E+12,กฤติน,พรหมมา,หญิง,29/10/2024,3.27972E+12,ธนกฤต,ตั้งมั่น,มีชีวิตและเลี้ยงดูเด็ก,1.76721E+12,อัญชลี,อินทร์แก้ว,ไม่สามารถติดต่อได้,3.27972E+12,ธนกฤต,ตั้งมั่น,บิดา,,,2/02/2025,19/02/2025,19/02/2025,19/02/2025,1,600,จ่ายสำเร็จ,โอนเข้าบัญชีธนาคาร,4,64000,เจ้าหน้าที่ช่วยลงทะเบียน,อุตรดิตถ์,พิชัย,ไร่อ้อย,สำนักงานพัฒนาสังคมและความมั่นคงของมนุษย์จังหวัดอุตรดิตถ์
NCGPAY00016,NCG00016,4.92013E+12,ธีรดนย์,ศรีจันทร์,ชาย,25/05/2024,3.67123E+12,พีรพัฒน์,บัวทอง,มีชีวิตและเลี้ยงดูเด็ก,1.9656E+12,รัตนา,สุขใจ,มีชีวิตและเลี้ยงดูเด็ก,3.67123E+12,พีรพัฒน์,บัวทอง,บิดา,,,15/01/2025,11/02/2025,11/02/2025,21/02/2025,1,1800,จ่ายย้อนหลังรวมหลายงวด,โอนเข้าบัญชีธนาคาร,3,57100,เจ้าหน้าที่ช่วยลงทะเบียน,ยะลา,บันนังสตา,บาเจาะ,สำนักงานพัฒนาสังคมและความมั่นคงของมนุษย์จังหวัดยะลา
NCGPAY00418,NCG00068,2.64317E+12,วรรณวิสา,แก้วกาญจน์,ชาย,1/05/2024,2.40282E+12,ณัฐวุฒิ,จันทร์หอม,ไม่สามารถติดต่อได้,8.41446E+12,กาญจนา,ธนากุล,มีชีวิตและเลี้ยงดูเด็ก,8.41446E+12,กาญจนา,ธนากุล,มารดา,,,1/12/2024,25/12/2024,25/12/2024,25/02/2025,2,600,จ่ายสำเร็จ,โอนเข้าบัญชีธนาคาร,2,50900,เจ้าหน้าที่ช่วยลงทะเบียน,ขอนแก่น,น้ำพอง,สะอาด,สำนักงานพัฒนาสังคมและความมั่นคงของมนุษย์จังหวัดขอนแก่น
NCGPAY00006,NCG00006,7.15934E+12,อาทิตยา,ทองสุข,ชาย,15/01/2025,7.1647E+12,กฤษฎา,วิริยะกุล,เสียชีวิต,1.45381E+12,ภัทราภรณ์,สวัสดิผล,มีชีวิตและเลี้ยงดูเด็ก,1.45381E+12,ภัทราภรณ์,สวัสดิผล,มารดา,,,16/02/2025,28/02/2025,28/02/2025,13/03/2025,1,600,จ่ายสำเร็จ,โอนเข้าบัญชีธนาคาร,7,85700,หน่วยบริการเคลื่อนที่,นครปฐม,สามพราน,อ้อมใหญ่,สำนักงานพัฒนาสังคมและความมั่นคงของมนุษย์จังหวัดนครปฐม
NCGPAY00413,NCG00103,8.81417E+12,พชรพล,วัฒนชัย,ชาย,13/10/2024,8.40847E+12,กิตติภัทร,พรมศรี,มีชีวิตแต่ไม่ได้เลี้ยงดู,4.78387E+12,นิตยา,จันทร์หอม,มีชีวิตและเลี้ยงดูเด็ก,4.78387E+12,นิตยา,จันทร์หอม,มารดา,,,25/12/2024,21/01/2025,21/01/2025,18/03/2025,2,600,จ่ายสำเร็จ,โอนเข้าบัญชีธนาคาร,4,63000,หน่วยบริการเคลื่อนที่,เชียงใหม่,สารภี,ไชยสถาน,สำนักงานพัฒนาสังคมและความมั่นคงของมนุษย์จังหวัดเชียงใหม่
NCGPAY00309,NCG00039,4.51871E+12,กฤติน,พรหมมา,หญิง,29/10/2024,3.27972E+12,ธนกฤต,ตั้งมั่น,มีชีวิตและเลี้ยงดูเด็ก,1.76721E+12,อัญชลี,อินทร์แก้ว,ไม่สามารถติดต่อได้,3.27972E+12,ธนกฤต,ตั้งมั่น,บิดา,,,2/02/2025,19/02/2025,19/02/2025,21/03/2025,2,600,จ่ายสำเร็จ,พร้อมเพย์,4,64000,เจ้าหน้าที่ช่วยลงทะเบียน,อุตรดิตถ์,พิชัย,ไร่อ้อย,สำนักงานพัฒนาสังคมและความมั่นคงของมนุษย์จังหวัดอุตรดิตถ์
NCGPAY00183,NCG00183,3.17941E+12,ณิชาภัทร,วัฒนชัย,ชาย,28/11/2024,1.46189E+12,จักรพันธ์,บุญเกิด,มีชีวิตแต่ไม่ได้เลี้ยงดู,3.16911E+12,พิมพ์ชนก,อุดมศักดิ์,มีชีวิตแต่ไม่ได้เลี้ยงดู,5.02982E+12,ธนพร,เกิดผล,ผู้ปกครองโดยชอบด้วยกฎหมาย,อา,ได้รับแต่งตั้งเป็นผู้ปกครองตามคำสั่งศาล,25/02/2025,12/03/2025,12/03/2025,24/03/2025,1,600,จ่ายสำเร็จ,โอนเข้าบัญชีธนาคาร,3,59300,หน่วยบริการเคลื่อนที่,ราชบุรี,โพธาราม,บ้านฆ้อง,สำนักงานพัฒนาสังคมและความมั่นคงของมนุษย์จังหวัดราชบุรี
NCGPAY00270,NCG00270,1.2879E+12,อชิระ,เจริญสุข,หญิง,13/01/2025,3.35039E+12,ธนวัฒน์,เมืองแก้ว,มีชีวิตและเลี้ยงดูเด็ก,4.048E+12,เพ็ญศรี,แสงทอง,มีชีวิตและเลี้ยงดูเด็ก,4.048E+12,เพ็ญศรี,แสงทอง,มารดา,,,1/03/2025,17/03/2025,17/03/2025,24/03/2025,1,600,จ่ายสำเร็จ,โอนเข้าบัญชีธนาคาร,3,57500,ลงทะเบียน ณ หน่วยรับลงทะเบียน,นครศรีธรรมราช,ทุ่งสง,นาโพธิ์,สำนักงานพัฒนาสังคมและความมั่นคงของมนุษย์จังหวัดนครศรีธรรมราช
NCGPAY00053,NCG00053,7.79182E+12,ชยุต,ทวีทรัพย์,หญิง,21/09/2024,4.43514E+12,วิทยา,นิลแก้ว,มีชีวิตและเลี้ยงดูเด็ก,6.98414E+12,กัลยา,ศรีสมบัติ,มีชีวิตและเลี้ยงดูเด็ก,4.43514E+12,วิทยา,นิลแก้ว,บิดา,,,27/02/2025,17/03/2025,17/03/2025,25/03/2025,1,600,จ่ายสำเร็จ,พร้อมเพย์,2,57100,ระบบออนไลน์,ขอนแก่น,น้ำพอง,สะอาด,สำนักงานพัฒนาสังคมและความมั่นคงของมนุษย์จังหวัดขอนแก่น
NCGPAY00060,NCG00060,7.36585E+12,ปิยธิดา,ยอดแก้ว,หญิง,20/07/2024,1.85469E+12,พงศกร,บุญช่วย,เสียชีวิต,3.44367E+12,จิราภรณ์,แสงทอง,มีชีวิตและเลี้ยงดูเด็ก,3.44367E+12,จิราภรณ์,แสงทอง,มารดา,,,4/03/2025,7/03/2025,7/03/2025,25/03/2025,1,600,จ่ายสำเร็จ,พร้อมเพย์,2,54400,ลงทะเบียน ณ หน่วยรับลงทะเบียน,ขอนแก่น,น้ำพอง,สะอาด,สำนักงานพัฒนาสังคมและความมั่นคงของมนุษย์จังหวัดขอนแก่น
NCGPAY00221,NCG00221,5.01688E+12,ชนิดา,ทองดี,ชาย,14/02/2025,3.35915E+12,ชนน,ทรัพย์เจริญ,มีชีวิตแต่ไม่ได้เลี้ยงดู,4.19317E+12,ชนิดา,จันทร์ฉาย,มีชีวิตและเลี้ยงดูเด็ก,4.19317E+12,ชนิดา,จันทร์ฉาย,มารดา,,,3/03/2025,12/03/2025,12/03/2025,26/03/2025,1,600,จ่ายสำเร็จ,โอนเข้าบัญชีธนาคาร,5,71900,ลงทะเบียน ณ หน่วยรับลงทะเบียน,ชลบุรี,พนัสนิคม,วัดโบสถ์,สำนักงานพัฒนาสังคมและความมั่นคงของมนุษย์จังหวัดชลบุรี
NCGPAY00484,NCG00068,2.64317E+12,วรรณวิสา,แก้วกาญจน์,ชาย,1/05/2024,2.40282E+12,ณัฐวุฒิ,จันทร์หอม,ไม่สามารถติดต่อได้,8.41446E+12,กาญจนา,ธนากุล,มีชีวิตและเลี้ยงดูเด็ก,8.41446E+12,กาญจนา,ธนากุล,มารดา,,,1/12/2024,25/12/2024,25/12/2024,27/03/2025,3,600,จ่ายสำเร็จ,โอนเข้าบัญชีธนาคาร,2,50900,เจ้าหน้าที่ช่วยลงทะเบียน,ขอนแก่น,น้ำพอง,สะอาด,สำนักงานพัฒนาสังคมและความมั่นคงของมนุษย์จังหวัดขอนแก่น
NCGPAY00002,NCG00002,3.19453E+12,ธิดารัตน์,สุวรรณศรี,หญิง,26/09/2024,5.6072E+12,พงษ์ศักดิ์,แสงจันทร์,ไม่สามารถเลี้ยงดูได้,1.13511E+12,ชไมพร,ธนากุล,เสียชีวิต,8.53718E+12,ธนพร,แสงจันทร์,ผู้ปกครองโดยชอบด้วยกฎหมาย,ย่า,มารดาเสียชีวิต และบิดาไม่สามารถเลี้ยงดูได้,14/03/2025,20/03/2025,20/03/2025,1/04/2025,1,600,จ่ายสำเร็จ,โอนเข้าบัญชีธนาคาร,3,54900,หน่วยบริการเคลื่อนที่,แพร่,เมืองแพร่,ช่อแฮ,สำนักงานพัฒนาสังคมและความมั่นคงของมนุษย์จังหวัดแพร่
NCGPAY00225,NCG00225,4.61343E+12,นิตยา,ธรรมคุณ,หญิง,3/02/2025,4.57291E+12,ปณชัย,ฤทธิไกร,มีชีวิตและเลี้ยงดูเด็ก,5.90112E+12,พรทิพย์,ประดับศรี,มีชีวิตและเลี้ยงดูเด็ก,5.90112E+12,พรทิพย์,ประดับศรี,มารดา,,,13/03/2025,31/03/2025,31/03/2025,12/04/2025,1,600,จ่ายสำเร็จ,โอนเข้าบัญชีธนาคาร,3,62800,ระบบออนไลน์,สุรินทร์,เมืองสุรินทร์,สำโรง,สำนักงานพัฒนาสังคมและความมั่นคงของมนุษย์จังหวัดสุรินทร์
NCGPAY00372,NCG00006,7.15934E+12,อาทิตยา,ทองสุข,ชาย,15/01/2025,7.1647E+12,กฤษฎา,วิริยะกุล,เสียชีวิต,1.45381E+12,ภัทราภรณ์,สวัสดิผล,มีชีวิตและเลี้ยงดูเด็ก,1.45381E+12,ภัทราภรณ์,สวัสดิผล,มารดา,,,16/02/2025,28/02/2025,28/02/2025,15/04/2025,2,600,จ่ายสำเร็จ,โอนเข้าบัญชีธนาคาร,7,85700,หน่วยบริการเคลื่อนที่,นครปฐม,สามพราน,อ้อมใหญ่,สำนักงานพัฒนาสังคมและความมั่นคงของมนุษย์จังหวัดนครปฐม
NCGPAY00126,NCG00126,6.48426E+12,รุจิรา,ชูศรี,ชาย,31/12/2024,6.42878E+12,วรพล,ตั้งมั่น,ไม่สามารถติดต่อได้,4.0273E+12,ธิดารัตน์,ปัญญาดี,มีชีวิตและเลี้ยงดูเด็ก,4.0273E+12,ธิดารัตน์,ปัญญาดี,มารดา,,,29/03/2025,13/04/2025,13/04/2025,20/04/2025,1,600,จ่ายสำเร็จ,โอนเข้าบัญชีธนาคาร,6,76300,เจ้าหน้าที่ช่วยลงทะเบียน,พิษณุโลก,เมืองพิษณุโลก,บ้านกร่าง,สำนักงานพัฒนาสังคมและความมั่นคงของมนุษย์จังหวัดพิษณุโลก
NCGPAY00443,NCG00183,3.17941E+12,ณิชาภัทร,วัฒนชัย,ชาย,28/11/2024,1.46189E+12,จักรพันธ์,บุญเกิด,มีชีวิตแต่ไม่ได้เลี้ยงดู,3.16911E+12,พิมพ์ชนก,อุดมศักดิ์,มีชีวิตแต่ไม่ได้เลี้ยงดู,5.02982E+12,ธนพร,เกิดผล,ผู้ปกครองโดยชอบด้วยกฎหมาย,อา,ได้รับแต่งตั้งเป็นผู้ปกครองตามคำสั่งศาล,25/02/2025,12/03/2025,12/03/2025,22/04/2025,2,600,จ่ายสำเร็จ,โอนเข้าบัญชีธนาคาร,3,59300,หน่วยบริการเคลื่อนที่,ราชบุรี,โพธาราม,บ้านฆ้อง,สำนักงานพัฒนาสังคมและความมั่นคงของมนุษย์จังหวัดราชบุรี
NCGPAY00360,NCG00221,5.01688E+12,ชนิดา,ทองดี,ชาย,14/02/2025,3.35915E+12,ชนน,ทรัพย์เจริญ,มีชีวิตแต่ไม่ได้เลี้ยงดู,4.19317E+12,ชนิดา,จันทร์ฉาย,มีชีวิตและเลี้ยงดูเด็ก,4.19317E+12,ชนิดา,จันทร์ฉาย,มารดา,,,3/03/2025,12/03/2025,12/03/2025,24/04/2025,2,1800,จ่ายย้อนหลังรวมหลายงวด,โอนเข้าบัญชีธนาคาร,5,71900,ลงทะเบียน ณ หน่วยรับลงทะเบียน,ชลบุรี,พนัสนิคม,วัดโบสถ์,สำนักงานพัฒนาสังคมและความมั่นคงของมนุษย์จังหวัดชลบุรี
NCGPAY00059,NCG00059,8.76638E+12,ชไมพร,บุญเกิด,หญิง,4/10/2024,2.16106E+12,เอกชัย,พิพัฒน์กุล,มีชีวิตและเลี้ยงดูเด็ก,6.08741E+12,พัชรินทร์,ฤทธิไกร,มีชีวิตและเลี้ยงดูเด็ก,2.16106E+12,เอกชัย,พิพัฒน์กุล,บิดา,,,10/03/2025,28/03/2025,28/03/2025,29/04/2025,1,1200,จ่ายย้อนหลังรวมหลายงวด,โอนเข้าบัญชีธนาคาร,3,54500,ระบบออนไลน์,พัทลุง,ศรีนครินทร์,ชุมพล,สำนักงานพัฒนาสังคมและความมั่นคงของมนุษย์จังหวัดพัทลุง
NCGPAY00124,NCG00124,6.305E+12,วนิดา,มั่นคง,หญิง,14/01/2025,5.1919E+12,ชยุต,มั่นคง,ไม่สามารถติดต่อได้,4.79832E+12,นภัสสร,ทองอินทร์,มีชีวิตและเลี้ยงดูเด็ก,4.79832E+12,นภัสสร,ทองอินทร์,มารดา,,,19/03/2025,16/04/2025,16/04/2025,29/04/2025,1,1200,จ่ายย้อนหลังรวมหลายงวด,โอนเข้าบัญชีธนาคาร,5,74100,เจ้าหน้าที่ช่วยลงทะเบียน,ภูเก็ต,เมืองภูเก็ต,ราไวย์,สำนักงานพัฒนาสังคมและความมั่นคงของมนุษย์จังหวัดภูเก็ต
NCGPAY00312,NCG00053,7.79182E+12,ชยุต,ทวีทรัพย์,หญิง,21/09/2024,4.43514E+12,วิทยา,นิลแก้ว,มีชีวิตและเลี้ยงดูเด็ก,6.98414E+12,กัลยา,ศรีสมบัติ,มีชีวิตและเลี้ยงดูเด็ก,4.43514E+12,วิทยา,นิลแก้ว,บิดา,,,27/02/2025,17/03/2025,17/03/2025,29/04/2025,2,600,จ่ายสำเร็จ,พร้อมเพย์,2,57100,ระบบออนไลน์,ขอนแก่น,น้ำพอง,สะอาด,สำนักงานพัฒนาสังคมและความมั่นคงของมนุษย์จังหวัดขอนแก่น
NCGPAY00178,NCG00178,5.46762E+12,สายฝน,จันทร์หอม,หญิง,24/08/2024,2.69084E+12,ธีรวัฒน์,ทวีทรัพย์,มีชีวิตและเลี้ยงดูเด็ก,8.32445E+12,นิตยา,ทองอินทร์,มีชีวิตและเลี้ยงดูเด็ก,2.69084E+12,ธีรวัฒน์,ทวีทรัพย์,บิดา,,,8/04/2025,2/05/2025,2/05/2025,3/05/2025,1,600,จ่ายสำเร็จ,โอนเข้าบัญชีธนาคาร,5,68600,ลงทะเบียน ณ หน่วยรับลงทะเบียน,พิษณุโลก,เมืองพิษณุโลก,บ้านกร่าง,สำนักงานพัฒนาสังคมและความมั่นคงของมนุษย์จังหวัดพิษณุโลก
NCGPAY00085,NCG00085,5.95502E+12,เบญจพร,แสงทอง,ชาย,23/10/2024,6.88716E+12,มนตรี,ทองดี,มีชีวิตและเลี้ยงดูเด็ก,2.52266E+12,นิตยา,ยอดแก้ว,มีชีวิตแต่ไม่ได้เลี้ยงดู,6.88716E+12,มนตรี,ทองดี,บิดา,,,3/04/2025,7/04/2025,7/04/2025,6/05/2025,1,600,จ่ายสำเร็จ,โอนเข้าบัญชีธนาคาร,3,60500,ลงทะเบียน ณ หน่วยรับลงทะเบียน,กระบี่,เกาะลันตา,คลองยาง,สำนักงานพัฒนาสังคมและความมั่นคงของมนุษย์จังหวัดกระบี่
NCGPAY00088,NCG00088,2.99062E+12,อัครเดช,จันทร์ฉาย,ชาย,24/09/2024,4.82237E+12,สมชาย,บัวทอง,มีชีวิตและเลี้ยงดูเด็ก,5.70132E+12,อรทัย,พูลเพิ่ม,มีชีวิตและเลี้ยงดูเด็ก,5.70132E+12,อรทัย,พูลเพิ่ม,มารดา,,,5/04/2025,25/04/2025,25/04/2025,13/05/2025,1,600,จ่ายสำเร็จ,โอนเข้าบัญชีธนาคาร,6,75900,หน่วยบริการเคลื่อนที่,สมุทรสาคร,กระทุ่มแบน,ดอนไก่ดี,สำนักงานพัฒนาสังคมและความมั่นคงของมนุษย์จังหวัดสมุทรสาคร
NCGPAY00452,NCG00225,4.61343E+12,นิตยา,ธรรมคุณ,หญิง,3/02/2025,4.57291E+12,ปณชัย,ฤทธิไกร,มีชีวิตและเลี้ยงดูเด็ก,5.90112E+12,พรทิพย์,ประดับศรี,มีชีวิตและเลี้ยงดูเด็ก,5.90112E+12,พรทิพย์,ประดับศรี,มารดา,,,13/03/2025,31/03/2025,31/03/2025,17/05/2025,2,600,จ่ายสำเร็จ,โอนเข้าบัญชีธนาคาร,3,62800,ระบบออนไลน์,สุรินทร์,เมืองสุรินทร์,สำโรง,สำนักงานพัฒนาสังคมและความมั่นคงของมนุษย์จังหวัดสุรินทร์
NCGPAY00379,NCG00126,6.48426E+12,รุจิรา,ชูศรี,ชาย,31/12/2024,6.42878E+12,วรพล,ตั้งมั่น,ไม่สามารถติดต่อได้,4.0273E+12,ธิดารัตน์,ปัญญาดี,มีชีวิตและเลี้ยงดูเด็ก,4.0273E+12,ธิดารัตน์,ปัญญาดี,มารดา,,,29/03/2025,13/04/2025,13/04/2025,18/05/2025,2,600,จ่ายสำเร็จ,โอนเข้าบัญชีธนาคาร,6,76300,เจ้าหน้าที่ช่วยลงทะเบียน,พิษณุโลก,เมืองพิษณุโลก,บ้านกร่าง,สำนักงานพัฒนาสังคมและความมั่นคงของมนุษย์จังหวัดพิษณุโลก
NCGPAY00382,NCG00053,7.79182E+12,ชยุต,ทวีทรัพย์,หญิง,21/09/2024,4.43514E+12,วิทยา,นิลแก้ว,มีชีวิตและเลี้ยงดูเด็ก,6.98414E+12,กัลยา,ศรีสมบัติ,มีชีวิตและเลี้ยงดูเด็ก,4.43514E+12,วิทยา,นิลแก้ว,บิดา,,,27/02/2025,17/03/2025,17/03/2025,28/05/2025,3,600,จ่ายสำเร็จ,โอนเข้าบัญชีธนาคาร,2,57100,ระบบออนไลน์,ขอนแก่น,น้ำพอง,สะอาด,สำนักงานพัฒนาสังคมและความมั่นคงของมนุษย์จังหวัดขอนแก่น
NCGPAY00449,NCG00221,5.01688E+12,ชนิดา,ทองดี,ชาย,14/02/2025,3.35915E+12,ชนน,ทรัพย์เจริญ,มีชีวิตแต่ไม่ได้เลี้ยงดู,4.19317E+12,ชนิดา,จันทร์ฉาย,มีชีวิตและเลี้ยงดูเด็ก,4.19317E+12,ชนิดา,จันทร์ฉาย,มารดา,,,3/03/2025,12/03/2025,12/03/2025,29/05/2025,3,600,จ่ายสำเร็จ,โอนเข้าบัญชีธนาคาร,5,71900,ลงทะเบียน ณ หน่วยรับลงทะเบียน,ชลบุรี,พนัสนิคม,วัดโบสถ์,สำนักงานพัฒนาสังคมและความมั่นคงของมนุษย์จังหวัดชลบุรี
NCGPAY00392,NCG00124,6.305E+12,วนิดา,มั่นคง,หญิง,14/01/2025,5.1919E+12,ชยุต,มั่นคง,ไม่สามารถติดต่อได้,4.79832E+12,นภัสสร,ทองอินทร์,มีชีวิตและเลี้ยงดูเด็ก,4.79832E+12,นภัสสร,ทองอินทร์,มารดา,,,19/03/2025,16/04/2025,16/04/2025,3/06/2025,2,600,จ่ายสำเร็จ,โอนเข้าบัญชีธนาคาร,5,74100,เจ้าหน้าที่ช่วยลงทะเบียน,ภูเก็ต,เมืองภูเก็ต,ราไวย์,สำนักงานพัฒนาสังคมและความมั่นคงของมนุษย์จังหวัดภูเก็ต
NCGPAY00142,NCG00142,6.38631E+12,วรเมธ,ทองดี,หญิง,7/11/2024,5.37957E+12,เกรียงไกร,สุขสวัสดิ์,มีชีวิตและเลี้ยงดูเด็ก,5.188E+12,อัญชลี,บุญเกิด,มีชีวิตและเลี้ยงดูเด็ก,5.188E+12,อัญชลี,บุญเกิด,มารดา,,,30/04/2025,22/05/2025,22/05/2025,5/06/2025,1,600,จ่ายสำเร็จ,พร้อมเพย์,4,63900,เจ้าหน้าที่ช่วยลงทะเบียน,สมุทรปราการ,พระประแดง,บางน้ำผึ้ง,สำนักงานพัฒนาสังคมและความมั่นคงของมนุษย์จังหวัดสมุทรปราการ
NCGPAY00056,NCG00056,6.12253E+12,พิชญาภา,เมืองแก้ว,หญิง,8/02/2025,1.6613E+12,เกรียงไกร,โชคชัย,มีชีวิตแต่ไม่ได้เลี้ยงดู,4.50497E+12,กาญจนา,โพธิ์ทอง,มีชีวิตและเลี้ยงดูเด็ก,4.50497E+12,กาญจนา,โพธิ์ทอง,มารดา,,,16/05/2025,25/05/2025,25/05/2025,6/06/2025,1,600,จ่ายสำเร็จ,พร้อมเพย์,5,74700,หน่วยบริการเคลื่อนที่,พระนครศรีอยุธยา,บางบาล,ไทรน้อย,สำนักงานพัฒนาสังคมและความมั่นคงของมนุษย์จังหวัดพระนครศรีอยุธยา
NCGPAY00329,NCG00085,5.95502E+12,เบญจพร,แสงทอง,ชาย,23/10/2024,6.88716E+12,มนตรี,ทองดี,มีชีวิตและเลี้ยงดูเด็ก,2.52266E+12,นิตยา,ยอดแก้ว,มีชีวิตแต่ไม่ได้เลี้ยงดู,6.88716E+12,มนตรี,ทองดี,บิดา,,,3/04/2025,7/04/2025,7/04/2025,8/06/2025,2,600,จ่ายสำเร็จ,โอนเข้าบัญชีธนาคาร,3,60500,ลงทะเบียน ณ หน่วยรับลงทะเบียน,กระบี่,เกาะลันตา,คลองยาง,สำนักงานพัฒนาสังคมและความมั่นคงของมนุษย์จังหวัดกระบี่
NCGPAY00469,NCG00088,2.99062E+12,อัครเดช,จันทร์ฉาย,ชาย,24/09/2024,4.82237E+12,สมชาย,บัวทอง,มีชีวิตและเลี้ยงดูเด็ก,5.70132E+12,อรทัย,พูลเพิ่ม,มีชีวิตและเลี้ยงดูเด็ก,5.70132E+12,อรทัย,พูลเพิ่ม,มารดา,,,5/04/2025,25/04/2025,25/04/2025,13/06/2025,2,600,จ่ายสำเร็จ,พร้อมเพย์,6,75900,หน่วยบริการเคลื่อนที่,สมุทรสาคร,กระทุ่มแบน,ดอนไก่ดี,สำนักงานพัฒนาสังคมและความมั่นคงของมนุษย์จังหวัดสมุทรสาคร
NCGPAY00390,NCG00126,6.48426E+12,รุจิรา,ชูศรี,ชาย,31/12/2024,6.42878E+12,วรพล,ตั้งมั่น,ไม่สามารถติดต่อได้,4.0273E+12,ธิดารัตน์,ปัญญาดี,มีชีวิตและเลี้ยงดูเด็ก,4.0273E+12,ธิดารัตน์,ปัญญาดี,มารดา,,,29/03/2025,13/04/2025,13/04/2025,20/06/2025,3,600,จ่ายสำเร็จ,โอนเข้าบัญชีธนาคาร,6,76300,เจ้าหน้าที่ช่วยลงทะเบียน,พิษณุโลก,เมืองพิษณุโลก,บ้านกร่าง,สำนักงานพัฒนาสังคมและความมั่นคงของมนุษย์จังหวัดพิษณุโลก
NCGPAY00247,NCG00247,8.8769E+12,พรรณภา,ชัยมงคล,หญิง,30/01/2025,2.08612E+12,วิทยา,ทองสุข,มีชีวิตและเลี้ยงดูเด็ก,2.24667E+12,อรวรรณ,จำปาแก้ว,มีชีวิตและเลี้ยงดูเด็ก,2.24667E+12,อรวรรณ,จำปาแก้ว,มารดา,,,1/05/2025,28/05/2025,28/05/2025,26/06/2025,1,1200,จ่ายย้อนหลังรวมหลายงวด,โอนเข้าบัญชีธนาคาร,3,60000,ระบบออนไลน์,บุรีรัมย์,ชำนิ,เมืองยาง,สำนักงานพัฒนาสังคมและความมั่นคงของมนุษย์จังหวัดบุรีรัมย์
NCGPAY00268,NCG00268,7.92735E+12,จุฑามาศ,คำแสน,ชาย,28/04/2025,6.25562E+12,กิตติภัทร,พูนทรัพย์,มีชีวิตและเลี้ยงดูเด็ก,4.66694E+12,ชลธิชา,มีทรัพย์,มีชีวิตและเลี้ยงดูเด็ก,4.66694E+12,ชลธิชา,มีทรัพย์,มารดา,,,25/05/2025,19/06/2025,19/06/2025,3/07/2025,1,600,จ่ายสำเร็จ,พร้อมเพย์,4,67800,ระบบออนไลน์,สุราษฎร์ธานี,เกาะสมุย,อ่างทอง,สำนักงานพัฒนาสังคมและความมั่นคงของมนุษย์จังหวัดสุราษฎร์ธานี
NCGPAY00033,NCG00033,7.79604E+12,ธีรดนย์,สุทธิวงศ์,หญิง,8/12/2024,2.02349E+12,ปกรณ์,พรหมมา,เสียชีวิต,3.2488E+12,วิภาวี,คำดี,มีชีวิตและเลี้ยงดูเด็ก,3.2488E+12,วิภาวี,คำดี,มารดา,,,8/06/2025,24/06/2025,24/06/2025,4/07/2025,1,1800,จ่ายย้อนหลังรวมหลายงวด,พร้อมเพย์,5,70200,เจ้าหน้าที่ช่วยลงทะเบียน,บุรีรัมย์,ชำนิ,เมืองยาง,สำนักงานพัฒนาสังคมและความมั่นคงของมนุษย์จังหวัดบุรีรัมย์
NCGPAY00431,NCG00124,6.305E+12,วนิดา,มั่นคง,หญิง,14/01/2025,5.1919E+12,ชยุต,มั่นคง,ไม่สามารถติดต่อได้,4.79832E+12,นภัสสร,ทองอินทร์,มีชีวิตและเลี้ยงดูเด็ก,4.79832E+12,นภัสสร,ทองอินทร์,มารดา,,,19/03/2025,16/04/2025,16/04/2025,5/07/2025,3,600,จ่ายสำเร็จ,โอนเข้าบัญชีธนาคาร,5,74100,เจ้าหน้าที่ช่วยลงทะเบียน,ภูเก็ต,เมืองภูเก็ต,ราไวย์,สำนักงานพัฒนาสังคมและความมั่นคงของมนุษย์จังหวัดภูเก็ต
NCGPAY00202,NCG00202,6.78069E+12,วรัญญา,วงศ์สวัสดิ์,หญิง,25/01/2025,5.19901E+12,ศรัณย์,เกษมสุข,ไม่สามารถเลี้ยงดูได้,4.31323E+12,ชไมพร,สุทธิวงศ์,เสียชีวิต,7.8195E+12,ณิชา,สุทธิวงศ์,ผู้ปกครองโดยชอบด้วยกฎหมาย,ย่า,มารดาเสียชีวิต และบิดาไม่สามารถเลี้ยงดูได้,18/06/2025,8/07/2025,8/07/2025,8/07/2025,1,600,จ่ายสำเร็จ,โอนเข้าบัญชีธนาคาร,2,57000,หน่วยบริการเคลื่อนที่,สุพรรณบุรี,บางปลาม้า,ไผ่กองดิน,สำนักงานพัฒนาสังคมและความมั่นคงของมนุษย์จังหวัดสุพรรณบุรี
NCGPAY00438,NCG00056,6.12253E+12,พิชญาภา,เมืองแก้ว,หญิง,8/02/2025,1.6613E+12,เกรียงไกร,โชคชัย,มีชีวิตแต่ไม่ได้เลี้ยงดู,4.50497E+12,กาญจนา,โพธิ์ทอง,มีชีวิตและเลี้ยงดูเด็ก,4.50497E+12,กาญจนา,โพธิ์ทอง,มารดา,,,16/05/2025,25/05/2025,25/05/2025,8/07/2025,2,1800,จ่ายย้อนหลังรวมหลายงวด,โอนเข้าบัญชีธนาคาร,5,74700,หน่วยบริการเคลื่อนที่,พระนครศรีอยุธยา,บางบาล,ไทรน้อย,สำนักงานพัฒนาสังคมและความมั่นคงของมนุษย์จังหวัดพระนครศรีอยุธยา
NCGPAY00468,NCG00085,5.95502E+12,เบญจพร,แสงทอง,ชาย,23/10/2024,6.88716E+12,มนตรี,ทองดี,มีชีวิตและเลี้ยงดูเด็ก,2.52266E+12,นิตยา,ยอดแก้ว,มีชีวิตแต่ไม่ได้เลี้ยงดู,6.88716E+12,มนตรี,ทองดี,บิดา,,,3/04/2025,7/04/2025,7/04/2025,8/07/2025,3,600,จ่ายสำเร็จ,พร้อมเพย์,3,60500,ลงทะเบียน ณ หน่วยรับลงทะเบียน,กระบี่,เกาะลันตา,คลองยาง,สำนักงานพัฒนาสังคมและความมั่นคงของมนุษย์จังหวัดกระบี่
NCGPAY00153,NCG00153,7.40344E+12,วรรณวิสา,คำดี,ชาย,28/12/2024,7.42303E+12,ธนภัทร,ธนากุล,เสียชีวิต,7.82761E+12,วิภาวี,วงศ์สวัสดิ์,มีชีวิตและเลี้ยงดูเด็ก,7.82761E+12,วิภาวี,วงศ์สวัสดิ์,มารดา,,,15/05/2025,6/06/2025,6/06/2025,10/07/2025,1,600,จ่ายสำเร็จ,โอนเข้าบัญชีธนาคาร,5,71400,หน่วยบริการเคลื่อนที่,ขอนแก่น,น้ำพอง,สะอาด,สำนักงานพัฒนาสังคมและความมั่นคงของมนุษย์จังหวัดขอนแก่น
NCGPAY00252,NCG00252,7.5713E+12,ณัฐภัทร,ยอดแก้ว,หญิง,28/12/2024,6.35936E+12,วชิรวิทย์,ธนากุล,มีชีวิตและเลี้ยงดูเด็ก,8.50221E+12,ธัญชนก,คำดี,มีชีวิตแต่ไม่ได้เลี้ยงดู,6.35936E+12,วชิรวิทย์,ธนากุล,บิดา,,,11/06/2025,16/06/2025,16/06/2025,15/07/2025,1,600,จ่ายสำเร็จ,พร้อมเพย์,3,60800,ลงทะเบียน ณ หน่วยรับลงทะเบียน,ฉะเชิงเทรา,บางปะกง,เขาดิน,สำนักงานพัฒนาสังคมและความมั่นคงของมนุษย์จังหวัดฉะเชิงเทรา
NCGPAY00054,NCG00054,6.61224E+12,ธนภัทร,เมืองแก้ว,หญิง,17/02/2025,5.02104E+12,สุเมธ,อุดมศักดิ์,มีชีวิตและเลี้ยงดูเด็ก,2.9679E+12,วราภรณ์,ปัญญาดี,มีชีวิตและเลี้ยงดูเด็ก,2.9679E+12,วราภรณ์,ปัญญาดี,มารดา,,,30/06/2025,27/07/2025,27/07/2025,31/07/2025,1,600,จ่ายสำเร็จ,โอนเข้าบัญชีธนาคาร,3,58000,หน่วยบริการเคลื่อนที่,ปัตตานี,โคกโพธิ์,บางโกระ,สำนักงานพัฒนาสังคมและความมั่นคงของมนุษย์จังหวัดปัตตานี
NCGPAY00179,NCG00179,6.8918E+12,ชยุต,โชคชัย,หญิง,20/05/2025,4.70205E+12,ชยพล,เข็มทอง,มีชีวิตและเลี้ยงดูเด็ก,4.51846E+12,จิราภรณ์,เรืองฤทธิ์,มีชีวิตและเลี้ยงดูเด็ก,4.51846E+12,จิราภรณ์,เรืองฤทธิ์,มารดา,,,4/06/2025,4/07/2025,4/07/2025,1/08/2025,1,1200,จ่ายย้อนหลังรวมหลายงวด,โอนเข้าบัญชีธนาคาร,4,67800,เจ้าหน้าที่ช่วยลงทะเบียน,พระนครศรีอยุธยา,บางบาล,ไทรน้อย,สำนักงานพัฒนาสังคมและความมั่นคงของมนุษย์จังหวัดพระนครศรีอยุธยา
NCGPAY00130,NCG00130,4.82876E+12,กิตติภัทร,กุลวงศ์,ชาย,21/01/2025,2.13283E+12,ชยพล,ธรรมคุณ,มีชีวิตและเลี้ยงดูเด็ก,2.77763E+12,ธัญชนก,นาคทอง,มีชีวิตแต่ไม่ได้เลี้ยงดู,2.13283E+12,ชยพล,ธรรมคุณ,บิดา,,,22/06/2025,9/07/2025,9/07/2025,11/08/2025,1,600,จ่ายสำเร็จ,โอนเข้าบัญชีธนาคาร,3,54200,หน่วยบริการเคลื่อนที่,อุบลราชธานี,พิบูลมังสาหาร,ดอนจิก,สำนักงานพัฒนาสังคมและความมั่นคงของมนุษย์จังหวัดอุบลราชธานี
NCGPAY00358,NCG00153,7.40344E+12,วรรณวิสา,คำดี,ชาย,28/12/2024,7.42303E+12,ธนภัทร,ธนากุล,เสียชีวิต,7.82761E+12,วิภาวี,วงศ์สวัสดิ์,มีชีวิตและเลี้ยงดูเด็ก,7.82761E+12,วิภาวี,วงศ์สวัสดิ์,มารดา,,,15/05/2025,6/06/2025,6/06/2025,11/08/2025,2,600,จ่ายสำเร็จ,โอนเข้าบัญชีธนาคาร,5,71400,หน่วยบริการเคลื่อนที่,ขอนแก่น,น้ำพอง,สะอาด,สำนักงานพัฒนาสังคมและความมั่นคงของมนุษย์จังหวัดขอนแก่น
NCGPAY00447,NCG00252,7.5713E+12,ณัฐภัทร,ยอดแก้ว,หญิง,28/12/2024,6.35936E+12,วชิรวิทย์,ธนากุล,มีชีวิตและเลี้ยงดูเด็ก,8.50221E+12,ธัญชนก,คำดี,มีชีวิตแต่ไม่ได้เลี้ยงดู,6.35936E+12,วชิรวิทย์,ธนากุล,บิดา,,,11/06/2025,16/06/2025,16/06/2025,13/08/2025,2,600,จ่ายสำเร็จ,พร้อมเพย์,3,60800,ลงทะเบียน ณ หน่วยรับลงทะเบียน,ฉะเชิงเทรา,บางปะกง,เขาดิน,สำนักงานพัฒนาสังคมและความมั่นคงของมนุษย์จังหวัดฉะเชิงเทรา
NCGPAY00190,NCG00190,6.57761E+12,อภิญญา,ธนากุล,หญิง,25/03/2025,3.44796E+12,สุรชัย,บุญส่ง,ไม่สามารถติดต่อได้,4.24805E+12,พัชรินทร์,นิ่มนวล,ไม่สามารถติดต่อได้,5.38939E+12,ศรัณย์,นิ่มนวล,ผู้ปกครองโดยชอบด้วยกฎหมาย,ลุง,ไม่สามารถติดต่อบิดาและมารดาได้,6/07/2025,5/08/2025,5/08/2025,28/08/2025,1,600,จ่ายสำเร็จ,โอนเข้าบัญชีธนาคาร,3,56300,หน่วยบริการเคลื่อนที่,สุราษฎร์ธานี,เกาะสมุย,อ่างทอง,สำนักงานพัฒนาสังคมและความมั่นคงของมนุษย์จังหวัดสุราษฎร์ธานี
NCGPAY00167,NCG00167,5.83425E+12,ชยุต,นิลแก้ว,ชาย,12/04/2025,5.36921E+12,อนุชา,อินทร์แก้ว,ไม่สามารถติดต่อได้,6.3059E+12,สุภาวดี,คำแสน,มีชีวิตและเลี้ยงดูเด็ก,6.3059E+12,สุภาวดี,คำแสน,มารดา,,,18/07/2025,1/08/2025,1/08/2025,31/08/2025,1,600,จ่ายสำเร็จ,โอนเข้าบัญชีธนาคาร,2,52300,หน่วยบริการเคลื่อนที่,ปัตตานี,โคกโพธิ์,บางโกระ,สำนักงานพัฒนาสังคมและความมั่นคงของมนุษย์จังหวัดปัตตานี
NCGPAY00373,NCG00153,7.40344E+12,วรรณวิสา,คำดี,ชาย,28/12/2024,7.42303E+12,ธนภัทร,ธนากุล,เสียชีวิต,7.82761E+12,วิภาวี,วงศ์สวัสดิ์,มีชีวิตและเลี้ยงดูเด็ก,7.82761E+12,วิภาวี,วงศ์สวัสดิ์,มารดา,,,15/05/2025,6/06/2025,6/06/2025,9/09/2025,3,600,จ่ายสำเร็จ,โอนเข้าบัญชีธนาคาร,5,71400,หน่วยบริการเคลื่อนที่,ขอนแก่น,น้ำพอง,สะอาด,สำนักงานพัฒนาสังคมและความมั่นคงของมนุษย์จังหวัดขอนแก่น
NCGPAY00001,NCG00001,2.97315E+12,ธนพร,สุขสวัสดิ์,หญิง,29/01/2025,6.11696E+12,กฤษฎา,กุลวงศ์,มีชีวิตและเลี้ยงดูเด็ก,1.74236E+12,อัญชลี,ทองสุข,มีชีวิตและเลี้ยงดูเด็ก,1.74236E+12,อัญชลี,ทองสุข,มารดา,,,17/07/2025,14/08/2025,14/08/2025,11/09/2025,1,600,จ่ายสำเร็จ,พร้อมเพย์,7,84300,ระบบออนไลน์,สกลนคร,บ้านม่วง,ดงหม้อทอง,สำนักงานพัฒนาสังคมและความมั่นคงของมนุษย์จังหวัดสกลนคร
NCGPAY00426,NCG00130,4.82876E+12,กิตติภัทร,กุลวงศ์,ชาย,21/01/2025,2.13283E+12,ชยพล,ธรรมคุณ,มีชีวิตและเลี้ยงดูเด็ก,2.77763E+12,ธัญชนก,นาคทอง,มีชีวิตแต่ไม่ได้เลี้ยงดู,2.13283E+12,ชยพล,ธรรมคุณ,บิดา,,,22/06/2025,9/07/2025,9/07/2025,14/09/2025,2,1800,จ่ายย้อนหลังรวมหลายงวด,พร้อมเพย์,3,54200,หน่วยบริการเคลื่อนที่,อุบลราชธานี,พิบูลมังสาหาร,ดอนจิก,สำนักงานพัฒนาสังคมและความมั่นคงของมนุษย์จังหวัดอุบลราชธานี
NCGPAY00067,NCG00067,5.06454E+12,ธิดารัตน์,คงมั่น,หญิง,7/04/2025,6.71291E+12,ศุภชัย,นิ่มนวล,มีชีวิตและเลี้ยงดูเด็ก,2.29005E+12,กัญญารัตน์,ทองอินทร์,มีชีวิตและเลี้ยงดูเด็ก,6.71291E+12,ศุภชัย,นิ่มนวล,บิดา,,,17/08/2025,22/08/2025,22/08/2025,22/09/2025,1,600,จ่ายสำเร็จ,โอนเข้าบัญชีธนาคาร,3,57700,เจ้าหน้าที่ช่วยลงทะเบียน,พัทลุง,ศรีนครินทร์,ชุมพล,สำนักงานพัฒนาสังคมและความมั่นคงของมนุษย์จังหวัดพัทลุง
NCGPAY00281,NCG00190,6.57761E+12,อภิญญา,ธนากุล,หญิง,25/03/2025,3.44796E+12,สุรชัย,บุญส่ง,ไม่สามารถติดต่อได้,4.24805E+12,พัชรินทร์,นิ่มนวล,ไม่สามารถติดต่อได้,5.38939E+12,ศรัณย์,นิ่มนวล,ผู้ปกครองโดยชอบด้วยกฎหมาย,ลุง,ไม่สามารถติดต่อบิดาและมารดาได้,6/07/2025,5/08/2025,5/08/2025,26/09/2025,2,1200,จ่ายย้อนหลังรวมหลายงวด,พร้อมเพย์,3,56300,หน่วยบริการเคลื่อนที่,สุราษฎร์ธานี,เกาะสมุย,อ่างทอง,สำนักงานพัฒนาสังคมและความมั่นคงของมนุษย์จังหวัดสุราษฎร์ธานี
NCGPAY00048,NCG00048,8.335E+12,ชยุต,สุขสวัสดิ์,ชาย,18/02/2025,3.48049E+12,พงศกร,สุขใจ,มีชีวิตและเลี้ยงดูเด็ก,2.65844E+12,สุพัตรา,ยอดแก้ว,เสียชีวิต,3.48049E+12,พงศกร,สุขใจ,บิดา,,,1/09/2025,20/09/2025,20/09/2025,1/10/2025,1,1800,จ่ายย้อนหลังรวมหลายงวด,โอนเข้าบัญชีธนาคาร,7,81000,ระบบออนไลน์,นครปฐม,สามพราน,อ้อมใหญ่,สำนักงานพัฒนาสังคมและความมั่นคงของมนุษย์จังหวัดนครปฐม
NCGPAY00284,NCG00167,5.83425E+12,ชยุต,นิลแก้ว,ชาย,12/04/2025,5.36921E+12,อนุชา,อินทร์แก้ว,ไม่สามารถติดต่อได้,6.3059E+12,สุภาวดี,คำแสน,มีชีวิตและเลี้ยงดูเด็ก,6.3059E+12,สุภาวดี,คำแสน,มารดา,,,18/07/2025,1/08/2025,1/08/2025,1/10/2025,2,600,จ่ายสำเร็จ,พร้อมเพย์,2,52300,หน่วยบริการเคลื่อนที่,ปัตตานี,โคกโพธิ์,บางโกระ,สำนักงานพัฒนาสังคมและความมั่นคงของมนุษย์จังหวัดปัตตานี
NCGPAY00273,NCG00273,5.74962E+12,ธนภัทร,นาคทอง,หญิง,17/02/2025,2.89049E+12,ชยุต,พรหมมา,มีชีวิตและเลี้ยงดูเด็ก,3.64745E+12,วรรณา,แสงจันทร์,มีชีวิตและเลี้ยงดูเด็ก,3.64745E+12,วรรณา,แสงจันทร์,มารดา,,,28/08/2025,9/09/2025,9/09/2025,8/10/2025,1,600,จ่ายสำเร็จ,พร้อมเพย์,5,72600,ลงทะเบียน ณ หน่วยรับลงทะเบียน,สุรินทร์,เมืองสุรินทร์,สำโรง,สำนักงานพัฒนาสังคมและความมั่นคงของมนุษย์จังหวัดสุรินทร์
NCGPAY00282,NCG00001,2.97315E+12,ธนพร,สุขสวัสดิ์,หญิง,29/01/2025,6.11696E+12,กฤษฎา,กุลวงศ์,มีชีวิตและเลี้ยงดูเด็ก,1.74236E+12,อัญชลี,ทองสุข,มีชีวิตและเลี้ยงดูเด็ก,1.74236E+12,อัญชลี,ทองสุข,มารดา,,,17/07/2025,14/08/2025,14/08/2025,13/10/2025,2,600,จ่ายสำเร็จ,โอนเข้าบัญชีธนาคาร,7,84300,ระบบออนไลน์,สกลนคร,บ้านม่วง,ดงหม้อทอง,สำนักงานพัฒนาสังคมและความมั่นคงของมนุษย์จังหวัดสกลนคร
NCGPAY00323,NCG00067,5.06454E+12,ธิดารัตน์,คงมั่น,หญิง,7/04/2025,6.71291E+12,ศุภชัย,นิ่มนวล,มีชีวิตและเลี้ยงดูเด็ก,2.29005E+12,กัญญารัตน์,ทองอินทร์,มีชีวิตและเลี้ยงดูเด็ก,6.71291E+12,ศุภชัย,นิ่มนวล,บิดา,,,17/08/2025,22/08/2025,22/08/2025,21/10/2025,2,600,จ่ายสำเร็จ,โอนเข้าบัญชีธนาคาร,3,57700,เจ้าหน้าที่ช่วยลงทะเบียน,พัทลุง,ศรีนครินทร์,ชุมพล,สำนักงานพัฒนาสังคมและความมั่นคงของมนุษย์จังหวัดพัทลุง
NCGPAY00280,NCG00280,2.47175E+12,อคิราห์,อุดมศักดิ์,หญิง,7/02/2025,6.91406E+12,วิทยา,จันทร์ฉาย,มีชีวิตและเลี้ยงดูเด็ก,5.02392E+12,ปวีณา,อ่อนละมุน,มีชีวิตและเลี้ยงดูเด็ก,5.02392E+12,ปวีณา,อ่อนละมุน,มารดา,,,30/09/2025,10/10/2025,10/10/2025,23/10/2025,1,600,จ่ายสำเร็จ,โอนเข้าบัญชีธนาคาร,6,75000,ลงทะเบียน ณ หน่วยรับลงทะเบียน,มหาสารคาม,โกสุมพิสัย,หนองบอน,สำนักงานพัฒนาสังคมและความมั่นคงของมนุษย์จังหวัดมหาสารคาม
NCGPAY00240,NCG00240,7.99658E+12,รวิชญ์,ศรีสุข,หญิง,3/04/2025,7.0855E+12,จักรพันธ์,ประดับศรี,มีชีวิตและเลี้ยงดูเด็ก,8.07952E+12,ศิริพร,เกษมสุข,มีชีวิตและเลี้ยงดูเด็ก,8.07952E+12,ศิริพร,เกษมสุข,มารดา,,,4/09/2025,25/09/2025,25/09/2025,26/10/2025,1,600,จ่ายสำเร็จ,โอนเข้าบัญชีธนาคาร,3,55700,หน่วยบริการเคลื่อนที่,ปทุมธานี,เมืองปทุมธานี,บางหลวง,สำนักงานพัฒนาสังคมและความมั่นคงของมนุษย์จังหวัดปทุมธานี
NCGPAY00227,NCG00227,7.20183E+12,พัชรินทร์,ทวีทรัพย์,ชาย,18/07/2025,7.93481E+12,ปกรณ์,ธรรมคุณ,มีชีวิตและเลี้ยงดูเด็ก,3.69569E+12,ศิริพร,วิริยะกุล,เสียชีวิต,7.93481E+12,ปกรณ์,ธรรมคุณ,บิดา,,,12/09/2025,5/10/2025,5/10/2025,27/10/2025,1,600,จ่ายสำเร็จ,โอนเข้าบัญชีธนาคาร,2,47200,ระบบออนไลน์,จันทบุรี,แหลมสิงห์,บางกะไชย,สำนักงานพัฒนาสังคมและความมั่นคงของมนุษย์จังหวัดจันทบุรี
NCGPAY00432,NCG00190,6.57761E+12,อภิญญา,ธนากุล,หญิง,25/03/2025,3.44796E+12,สุรชัย,บุญส่ง,ไม่สามารถติดต่อได้,4.24805E+12,พัชรินทร์,นิ่มนวล,ไม่สามารถติดต่อได้,5.38939E+12,ศรัณย์,นิ่มนวล,ผู้ปกครองโดยชอบด้วยกฎหมาย,ลุง,ไม่สามารถติดต่อบิดาและมารดาได้,6/07/2025,5/08/2025,5/08/2025,27/10/2025,3,600,จ่ายสำเร็จ,โอนเข้าบัญชีธนาคาร,3,56300,หน่วยบริการเคลื่อนที่,สุราษฎร์ธานี,เกาะสมุย,อ่างทอง,สำนักงานพัฒนาสังคมและความมั่นคงของมนุษย์จังหวัดสุราษฎร์ธานี
NCGPAY00361,NCG00167,5.83425E+12,ชยุต,นิลแก้ว,ชาย,12/04/2025,5.36921E+12,อนุชา,อินทร์แก้ว,ไม่สามารถติดต่อได้,6.3059E+12,สุภาวดี,คำแสน,มีชีวิตและเลี้ยงดูเด็ก,6.3059E+12,สุภาวดี,คำแสน,มารดา,,,18/07/2025,1/08/2025,1/08/2025,2/11/2025,3,600,จ่ายสำเร็จ,โอนเข้าบัญชีธนาคาร,2,52300,หน่วยบริการเคลื่อนที่,ปัตตานี,โคกโพธิ์,บางโกระ,สำนักงานพัฒนาสังคมและความมั่นคงของมนุษย์จังหวัดปัตตานี
NCGPAY00475,NCG00048,8.335E+12,ชยุต,สุขสวัสดิ์,ชาย,18/02/2025,3.48049E+12,พงศกร,สุขใจ,มีชีวิตและเลี้ยงดูเด็ก,2.65844E+12,สุพัตรา,ยอดแก้ว,เสียชีวิต,3.48049E+12,พงศกร,สุขใจ,บิดา,,,1/09/2025,20/09/2025,20/09/2025,4/11/2025,2,600,จ่ายสำเร็จ,โอนเข้าบัญชีธนาคาร,7,81000,ระบบออนไลน์,นครปฐม,สามพราน,อ้อมใหญ่,สำนักงานพัฒนาสังคมและความมั่นคงของมนุษย์จังหวัดนครปฐม
NCGPAY00478,NCG00067,5.06454E+12,ธิดารัตน์,คงมั่น,หญิง,7/04/2025,6.71291E+12,ศุภชัย,นิ่มนวล,มีชีวิตและเลี้ยงดูเด็ก,2.29005E+12,กัญญารัตน์,ทองอินทร์,มีชีวิตและเลี้ยงดูเด็ก,6.71291E+12,ศุภชัย,นิ่มนวล,บิดา,,,17/08/2025,22/08/2025,22/08/2025,23/11/2025,3,600,จ่ายสำเร็จ,พร้อมเพย์,3,57700,เจ้าหน้าที่ช่วยลงทะเบียน,พัทลุง,ศรีนครินทร์,ชุมพล,สำนักงานพัฒนาสังคมและความมั่นคงของมนุษย์จังหวัดพัทลุง
NCGPAY00388,NCG00240,7.99658E+12,รวิชญ์,ศรีสุข,หญิง,3/04/2025,7.0855E+12,จักรพันธ์,ประดับศรี,มีชีวิตและเลี้ยงดูเด็ก,8.07952E+12,ศิริพร,เกษมสุข,มีชีวิตและเลี้ยงดูเด็ก,8.07952E+12,ศิริพร,เกษมสุข,มารดา,,,4/09/2025,25/09/2025,25/09/2025,27/11/2025,2,1200,จ่ายย้อนหลังรวมหลายงวด,โอนเข้าบัญชีธนาคาร,3,55700,หน่วยบริการเคลื่อนที่,ปทุมธานี,เมืองปทุมธานี,บางหลวง,สำนักงานพัฒนาสังคมและความมั่นคงของมนุษย์จังหวัดปทุมธานี
NCGPAY00486,NCG00227,7.20183E+12,พัชรินทร์,ทวีทรัพย์,ชาย,18/07/2025,7.93481E+12,ปกรณ์,ธรรมคุณ,มีชีวิตและเลี้ยงดูเด็ก,3.69569E+12,ศิริพร,วิริยะกุล,เสียชีวิต,7.93481E+12,ปกรณ์,ธรรมคุณ,บิดา,,,12/09/2025,5/10/2025,5/10/2025,30/11/2025,2,1800,จ่ายย้อนหลังรวมหลายงวด,พร้อมเพย์,2,47200,ระบบออนไลน์,จันทบุรี,แหลมสิงห์,บางกะไชย,สำนักงานพัฒนาสังคมและความมั่นคงของมนุษย์จังหวัดจันทบุรี
NCGPAY00011,NCG00011,5.9437E+12,รวิชญ์,เรืองฤทธิ์,ชาย,10/05/2025,4.44584E+12,ธีรภัทร,พูลเพิ่ม,เสียชีวิต,1.90049E+12,อรวรรณ,เกียรติไพศาล,ไม่สามารถเลี้ยงดูได้,6.13366E+12,ศิรินภา,พูลเพิ่ม,ผู้ปกครองโดยชอบด้วยกฎหมาย,ตา,บิดาเสียชีวิต และมารดาไม่สามารถเลี้ยงดูได้,14/10/2025,30/10/2025,30/10/2025,1/12/2025,1,1800,จ่ายย้อนหลังรวมหลายงวด,โอนเข้าบัญชีธนาคาร,4,61000,ระบบออนไลน์,เชียงราย,เมืองเชียงราย,นางแล,สำนักงานพัฒนาสังคมและความมั่นคงของมนุษย์จังหวัดเชียงราย
NCGPAY00166,NCG00166,3.8993E+12,รวิชญ์,บุญเรือง,ชาย,1/08/2025,3.98067E+12,ธีรภัทร,ฤทธิไกร,ไม่สามารถติดต่อได้,7.21883E+12,อัญชลี,คำแสน,มีชีวิตและเลี้ยงดูเด็ก,7.21883E+12,อัญชลี,คำแสน,มารดา,,,18/10/2025,8/11/2025,8/11/2025,5/12/2025,1,600,จ่ายสำเร็จ,โอนเข้าบัญชีธนาคาร,7,87300,หน่วยบริการเคลื่อนที่,ลำปาง,ห้างฉัตร,เวียงตาล,สำนักงานพัฒนาสังคมและความมั่นคงของมนุษย์จังหวัดลำปาง
NCGPAY00188,NCG00188,1.00502E+12,นราวิชญ์,แสงทอง,ชาย,24/07/2025,6.1734E+12,ศุภชัย,นิลแก้ว,มีชีวิตและเลี้ยงดูเด็ก,8.66449E+12,ชุติมา,สุขเกษม,มีชีวิตและเลี้ยงดูเด็ก,8.66449E+12,ชุติมา,สุขเกษม,มารดา,,,10/11/2025,25/11/2025,25/11/2025,25/12/2025,1,600,จ่ายสำเร็จ,พร้อมเพย์,2,56500,ลงทะเบียน ณ หน่วยรับลงทะเบียน,นนทบุรี,เมืองนนทบุรี,สวนใหญ่,สำนักงานพัฒนาสังคมและความมั่นคงของมนุษย์จังหวัดนนทบุรี
NCGPAY00271,NCG00271,2.50252E+12,วราภรณ์,พรมศรี,หญิง,21/09/2025,3.72895E+12,วรวิทย์,ทองดี,มีชีวิตและเลี้ยงดูเด็ก,3.41696E+12,ปนัดดา,ทองอินทร์,มีชีวิตและเลี้ยงดูเด็ก,3.41696E+12,ปนัดดา,ทองอินทร์,มารดา,,,11/11/2025,23/11/2025,23/11/2025,28/12/2025,1,600,จ่ายสำเร็จ,โอนเข้าบัญชีธนาคาร,5,71200,เจ้าหน้าที่ช่วยลงทะเบียน,นราธิวาส,ตากใบ,เกาะสะท้อน,สำนักงานพัฒนาสังคมและความมั่นคงของมนุษย์จังหวัดนราธิวาส
NCGPAY00256,NCG00256,2.55247E+12,ภูริภัทร,จำปาแก้ว,ชาย,18/04/2025,5.57232E+12,อภิชาติ,นิลแก้ว,มีชีวิตและเลี้ยงดูเด็ก,2.53798E+12,กัลยา,พรหมมา,มีชีวิตและเลี้ยงดูเด็ก,2.53798E+12,กัลยา,พรหมมา,มารดา,,,29/11/2025,29/12/2025,29/12/2025,31/12/2025,1,1200,จ่ายย้อนหลังรวมหลายงวด,โอนเข้าบัญชีธนาคาร,5,75900,ลงทะเบียน ณ หน่วยรับลงทะเบียน,เชียงราย,เมืองเชียงราย,นางแล,สำนักงานพัฒนาสังคมและความมั่นคงของมนุษย์จังหวัดเชียงราย
NCGPAY00427,NCG00011,5.9437E+12,รวิชญ์,เรืองฤทธิ์,ชาย,10/05/2025,4.44584E+12,ธีรภัทร,พูลเพิ่ม,เสียชีวิต,1.90049E+12,อรวรรณ,เกียรติไพศาล,ไม่สามารถเลี้ยงดูได้,6.13366E+12,ศิรินภา,พูลเพิ่ม,ผู้ปกครองโดยชอบด้วยกฎหมาย,ตา,บิดาเสียชีวิต และมารดาไม่สามารถเลี้ยงดูได้,14/10/2025,30/10/2025,30/10/2025,4/01/2026,2,600,จ่ายสำเร็จ,โอนเข้าบัญชีธนาคาร,4,61000,ระบบออนไลน์,เชียงราย,เมืองเชียงราย,นางแล,สำนักงานพัฒนาสังคมและความมั่นคงของมนุษย์จังหวัดเชียงราย
NCGPAY00363,NCG00166,3.8993E+12,รวิชญ์,บุญเรือง,ชาย,1/08/2025,3.98067E+12,ธีรภัทร,ฤทธิไกร,ไม่สามารถติดต่อได้,7.21883E+12,อัญชลี,คำแสน,มีชีวิตและเลี้ยงดูเด็ก,7.21883E+12,อัญชลี,คำแสน,มารดา,,,18/10/2025,8/11/2025,8/11/2025,5/01/2026,2,600,จ่ายสำเร็จ,โอนเข้าบัญชีธนาคาร,7,87300,หน่วยบริการเคลื่อนที่,ลำปาง,ห้างฉัตร,เวียงตาล,สำนักงานพัฒนาสังคมและความมั่นคงของมนุษย์จังหวัดลำปาง
NCGPAY00171,NCG00171,1.77942E+12,มยุรี,นาคทอง,ชาย,13/09/2025,6.17744E+12,ชยุต,เกิดผล,เสียชีวิต,3.80935E+12,รจนา,วัฒนกุล,ไม่สามารถเลี้ยงดูได้,3.28537E+12,สมชาย,นิลแก้ว,ผู้ปกครองโดยชอบด้วยกฎหมาย,ตา,บิดาเสียชีวิต และมารดาไม่สามารถเลี้ยงดูได้,20/12/2025,7/01/2026,7/01/2026,13/01/2026,1,600,จ่ายสำเร็จ,โอนเข้าบัญชีธนาคาร,2,49300,ลงทะเบียน ณ หน่วยรับลงทะเบียน,แพร่,เมืองแพร่,ช่อแฮ,สำนักงานพัฒนาสังคมและความมั่นคงของมนุษย์จังหวัดแพร่
NCGPAY00488,NCG00188,1.00502E+12,นราวิชญ์,แสงทอง,ชาย,24/07/2025,6.1734E+12,ศุภชัย,นิลแก้ว,มีชีวิตและเลี้ยงดูเด็ก,8.66449E+12,ชุติมา,สุขเกษม,มีชีวิตและเลี้ยงดูเด็ก,8.66449E+12,ชุติมา,สุขเกษม,มารดา,,,10/11/2025,25/11/2025,25/11/2025,25/01/2026,2,600,จ่ายสำเร็จ,โอนเข้าบัญชีธนาคาร,2,56500,ลงทะเบียน ณ หน่วยรับลงทะเบียน,นนทบุรี,เมืองนนทบุรี,สวนใหญ่,สำนักงานพัฒนาสังคมและความมั่นคงของมนุษย์จังหวัดนนทบุรี
NCGPAY00487,NCG00256,2.55247E+12,ภูริภัทร,จำปาแก้ว,ชาย,18/04/2025,5.57232E+12,อภิชาติ,นิลแก้ว,มีชีวิตและเลี้ยงดูเด็ก,2.53798E+12,กัลยา,พรหมมา,มีชีวิตและเลี้ยงดูเด็ก,2.53798E+12,กัลยา,พรหมมา,มารดา,,,29/11/2025,29/12/2025,29/12/2025,28/01/2026,2,600,จ่ายสำเร็จ,โอนเข้าบัญชีธนาคาร,5,75900,ลงทะเบียน ณ หน่วยรับลงทะเบียน,เชียงราย,เมืองเชียงราย,นางแล,สำนักงานพัฒนาสังคมและความมั่นคงของมนุษย์จังหวัดเชียงราย
NCGPAY00349,NCG00271,2.50252E+12,วราภรณ์,พรมศรี,หญิง,21/09/2025,3.72895E+12,วรวิทย์,ทองดี,มีชีวิตและเลี้ยงดูเด็ก,3.41696E+12,ปนัดดา,ทองอินทร์,มีชีวิตและเลี้ยงดูเด็ก,3.41696E+12,ปนัดดา,ทองอินทร์,มารดา,,,11/11/2025,23/11/2025,23/11/2025,31/01/2026,2,600,จ่ายสำเร็จ,โอนเข้าบัญชีธนาคาร,5,71200,เจ้าหน้าที่ช่วยลงทะเบียน,นราธิวาส,ตากใบ,เกาะสะท้อน,สำนักงานพัฒนาสังคมและความมั่นคงของมนุษย์จังหวัดนราธิวาส
NCGPAY00433,NCG00011,5.9437E+12,รวิชญ์,เรืองฤทธิ์,ชาย,10/05/2025,4.44584E+12,ธีรภัทร,พูลเพิ่ม,เสียชีวิต,1.90049E+12,อรวรรณ,เกียรติไพศาล,ไม่สามารถเลี้ยงดูได้,6.13366E+12,ศิรินภา,พูลเพิ่ม,ผู้ปกครองโดยชอบด้วยกฎหมาย,ตา,บิดาเสียชีวิต และมารดาไม่สามารถเลี้ยงดูได้,14/10/2025,30/10/2025,30/10/2025,4/02/2026,3,600,จ่ายสำเร็จ,โอนเข้าบัญชีธนาคาร,4,61000,ระบบออนไลน์,เชียงราย,เมืองเชียงราย,นางแล,สำนักงานพัฒนาสังคมและความมั่นคงของมนุษย์จังหวัดเชียงราย
NCGPAY00253,NCG00253,5.63324E+12,มนัสวี,ทรัพย์เจริญ,ชาย,2/09/2025,1.23981E+12,นพดล,ศรีสุข,มีชีวิตและเลี้ยงดูเด็ก,3.17235E+12,ชลธิชา,เข็มทอง,ไม่สามารถติดต่อได้,1.23981E+12,นพดล,ศรีสุข,บิดา,,,15/01/2026,27/01/2026,27/01/2026,5/02/2026,1,600,จ่ายสำเร็จ,พร้อมเพย์,3,57600,ระบบออนไลน์,มหาสารคาม,โกสุมพิสัย,หนองบอน,สำนักงานพัฒนาสังคมและความมั่นคงของมนุษย์จังหวัดมหาสารคาม
NCGPAY00485,NCG00166,3.8993E+12,รวิชญ์,บุญเรือง,ชาย,1/08/2025,3.98067E+12,ธีรภัทร,ฤทธิไกร,ไม่สามารถติดต่อได้,7.21883E+12,อัญชลี,คำแสน,มีชีวิตและเลี้ยงดูเด็ก,7.21883E+12,อัญชลี,คำแสน,มารดา,,,18/10/2025,8/11/2025,8/11/2025,6/02/2026,3,600,จ่ายสำเร็จ,โอนเข้าบัญชีธนาคาร,7,87300,หน่วยบริการเคลื่อนที่,ลำปาง,ห้างฉัตร,เวียงตาล,สำนักงานพัฒนาสังคมและความมั่นคงของมนุษย์จังหวัดลำปาง
NCGPAY00364,NCG00171,1.77942E+12,มยุรี,นาคทอง,ชาย,13/09/2025,6.17744E+12,ชยุต,เกิดผล,เสียชีวิต,3.80935E+12,รจนา,วัฒนกุล,ไม่สามารถเลี้ยงดูได้,3.28537E+12,สมชาย,นิลแก้ว,ผู้ปกครองโดยชอบด้วยกฎหมาย,ตา,บิดาเสียชีวิต และมารดาไม่สามารถเลี้ยงดูได้,20/12/2025,7/01/2026,7/01/2026,16/02/2026,2,600,จ่ายสำเร็จ,โอนเข้าบัญชีธนาคาร,2,49300,ลงทะเบียน ณ หน่วยรับลงทะเบียน,แพร่,เมืองแพร่,ช่อแฮ,สำนักงานพัฒนาสังคมและความมั่นคงของมนุษย์จังหวัดแพร่
NCGPAY00228,NCG00228,3.08347E+12,พิชญาภา,พรมศรี,หญิง,1/08/2025,1.00695E+12,ศรัณย์,ธรรมคุณ,ไม่สามารถติดต่อได้,2.62867E+12,จิราภรณ์,พูนทรัพย์,มีชีวิตและเลี้ยงดูเด็ก,2.62867E+12,จิราภรณ์,พูนทรัพย์,มารดา,,,2/02/2026,19/02/2026,19/02/2026,21/02/2026,1,600,จ่ายสำเร็จ,โอนเข้าบัญชีธนาคาร,4,68900,ระบบออนไลน์,นครสวรรค์,ไพศาลี,วังข่อย,สำนักงานพัฒนาสังคมและความมั่นคงของมนุษย์จังหวัดนครสวรรค์
NCGPAY00101,NCG00101,8.65389E+12,พีรวิชญ์,วัฒนกุล,ชาย,10/12/2025,5.23558E+12,ชยพล,ศรีสุข,มีชีวิตแต่ไม่ได้เลี้ยงดู,7.47689E+12,อัญชลี,คงเจริญ,มีชีวิตแต่ไม่ได้เลี้ยงดู,6.2952E+12,ปณชัย,ศรีสุข,ผู้ปกครองโดยชอบด้วยกฎหมาย,น้า,บิดาและมารดาไม่ได้เลี้ยงดูเด็ก,30/01/2026,9/02/2026,9/02/2026,23/02/2026,1,600,จ่ายสำเร็จ,โอนเข้าบัญชีธนาคาร,4,65700,ระบบออนไลน์,จันทบุรี,แหลมสิงห์,บางกะไชย,สำนักงานพัฒนาสังคมและความมั่นคงของมนุษย์จังหวัดจันทบุรี
NCGPAY00104,NCG00104,7.74035E+12,ธนกฤต,ทรัพย์เจริญ,หญิง,24/09/2025,2.05065E+12,ณรงค์,ปัญญาดี,มีชีวิตและเลี้ยงดูเด็ก,3.98546E+12,ศิรินภา,บุญช่วย,มีชีวิตและเลี้ยงดูเด็ก,3.98546E+12,ศิรินภา,บุญช่วย,มารดา,,,6/02/2026,14/02/2026,14/02/2026,25/02/2026,1,600,จ่ายสำเร็จ,โอนเข้าบัญชีธนาคาร,4,64200,เจ้าหน้าที่ช่วยลงทะเบียน,อุตรดิตถ์,พิชัย,ไร่อ้อย,สำนักงานพัฒนาสังคมและความมั่นคงของมนุษย์จังหวัดอุตรดิตถ์
NCGPAY00198,NCG00198,5.37914E+12,กฤติน,ฤทธิไกร,ชาย,6/08/2025,2.1782E+12,ชยพล,เรืองฤทธิ์,มีชีวิตและเลี้ยงดูเด็ก,5.06362E+12,วิภาวี,ประเสริฐศรี,มีชีวิตและเลี้ยงดูเด็ก,5.06362E+12,วิภาวี,ประเสริฐศรี,มารดา,,,28/01/2026,11/02/2026,11/02/2026,26/02/2026,1,600,จ่ายสำเร็จ,โอนเข้าบัญชีธนาคาร,6,83300,ลงทะเบียน ณ หน่วยรับลงทะเบียน,นครสวรรค์,ไพศาลี,วังข่อย,สำนักงานพัฒนาสังคมและความมั่นคงของมนุษย์จังหวัดนครสวรรค์
NCGPAY00496,NCG00256,2.55247E+12,ภูริภัทร,จำปาแก้ว,ชาย,18/04/2025,5.57232E+12,อภิชาติ,นิลแก้ว,มีชีวิตและเลี้ยงดูเด็ก,2.53798E+12,กัลยา,พรหมมา,มีชีวิตและเลี้ยงดูเด็ก,2.53798E+12,กัลยา,พรหมมา,มารดา,,,29/11/2025,29/12/2025,29/12/2025,27/02/2026,3,600,จ่ายสำเร็จ,พร้อมเพย์,5,75900,ลงทะเบียน ณ หน่วยรับลงทะเบียน,เชียงราย,เมืองเชียงราย,นางแล,สำนักงานพัฒนาสังคมและความมั่นคงของมนุษย์จังหวัดเชียงราย
NCGPAY00182,NCG00182,4.56083E+12,ศิรินภา,สมบูรณ์ผล,ชาย,23/11/2025,1.6296E+12,ธีรภัทร,เพชรรัตน์,เสียชีวิต,3.28816E+12,อรทัย,จันทร์หอม,มีชีวิตและเลี้ยงดูเด็ก,3.28816E+12,อรทัย,จันทร์หอม,มารดา,,,12/01/2026,8/02/2026,8/02/2026,9/03/2026,1,600,จ่ายสำเร็จ,โอนเข้าบัญชีธนาคาร,4,62700,หน่วยบริการเคลื่อนที่,สระแก้ว,วังสมบูรณ์,วังใหม่,สำนักงานพัฒนาสังคมและความมั่นคงของมนุษย์จังหวัดสระแก้ว
NCGPAY00109,NCG00109,3.48383E+12,พชรพล,จำปาแก้ว,หญิง,28/09/2025,2.62391E+12,เกรียงไกร,แสนดี,มีชีวิตแต่ไม่ได้เลี้ยงดู,8.50771E+12,ชลธิชา,พรหมมา,มีชีวิตและเลี้ยงดูเด็ก,8.50771E+12,ชลธิชา,พรหมมา,มารดา,,,5/02/2026,25/02/2026,25/02/2026,22/03/2026,1,600,จ่ายสำเร็จ,โอนเข้าบัญชีธนาคาร,6,84000,ระบบออนไลน์,ชลบุรี,พนัสนิคม,วัดโบสถ์,สำนักงานพัฒนาสังคมและความมั่นคงของมนุษย์จังหวัดชลบุรี
NCGPAY00319,NCG00101,8.65389E+12,พีรวิชญ์,วัฒนกุล,ชาย,10/12/2025,5.23558E+12,ชยพล,ศรีสุข,มีชีวิตแต่ไม่ได้เลี้ยงดู,7.47689E+12,อัญชลี,คงเจริญ,มีชีวิตแต่ไม่ได้เลี้ยงดู,6.2952E+12,ปณชัย,ศรีสุข,ผู้ปกครองโดยชอบด้วยกฎหมาย,น้า,บิดาและมารดาไม่ได้เลี้ยงดูเด็ก,30/01/2026,9/02/2026,9/02/2026,23/03/2026,2,600,จ่ายสำเร็จ,โอนเข้าบัญชีธนาคาร,4,65700,ระบบออนไลน์,จันทบุรี,แหลมสิงห์,บางกะไชย,สำนักงานพัฒนาสังคมและความมั่นคงของมนุษย์จังหวัดจันทบุรี
NCGPAY00422,NCG00104,7.74035E+12,ธนกฤต,ทรัพย์เจริญ,หญิง,24/09/2025,2.05065E+12,ณรงค์,ปัญญาดี,มีชีวิตและเลี้ยงดูเด็ก,3.98546E+12,ศิรินภา,บุญช่วย,มีชีวิตและเลี้ยงดูเด็ก,3.98546E+12,ศิรินภา,บุญช่วย,มารดา,,,6/02/2026,14/02/2026,14/02/2026,27/03/2026,2,600,จ่ายสำเร็จ,โอนเข้าบัญชีธนาคาร,4,64200,เจ้าหน้าที่ช่วยลงทะเบียน,อุตรดิตถ์,พิชัย,ไร่อ้อย,สำนักงานพัฒนาสังคมและความมั่นคงของมนุษย์จังหวัดอุตรดิตถ์
NCGPAY00307,NCG00228,3.08347E+12,พิชญาภา,พรมศรี,หญิง,1/08/2025,1.00695E+12,ศรัณย์,ธรรมคุณ,ไม่สามารถติดต่อได้,2.62867E+12,จิราภรณ์,พูนทรัพย์,มีชีวิตและเลี้ยงดูเด็ก,2.62867E+12,จิราภรณ์,พูนทรัพย์,มารดา,,,2/02/2026,19/02/2026,19/02/2026,28/03/2026,2,600,จ่ายสำเร็จ,พร้อมเพย์,4,68900,ระบบออนไลน์,นครสวรรค์,ไพศาลี,วังข่อย,สำนักงานพัฒนาสังคมและความมั่นคงของมนุษย์จังหวัดนครสวรรค์
NCGPAY00457,NCG00198,5.37914E+12,กฤติน,ฤทธิไกร,ชาย,6/08/2025,2.1782E+12,ชยพล,เรืองฤทธิ์,มีชีวิตและเลี้ยงดูเด็ก,5.06362E+12,วิภาวี,ประเสริฐศรี,มีชีวิตและเลี้ยงดูเด็ก,5.06362E+12,วิภาวี,ประเสริฐศรี,มารดา,,,28/01/2026,11/02/2026,11/02/2026,29/03/2026,2,600,จ่ายสำเร็จ,โอนเข้าบัญชีธนาคาร,6,83300,ลงทะเบียน ณ หน่วยรับลงทะเบียน,นครสวรรค์,ไพศาลี,วังข่อย,สำนักงานพัฒนาสังคมและความมั่นคงของมนุษย์จังหวัดนครสวรรค์
NCGPAY00289,NCG00182,4.56083E+12,ศิรินภา,สมบูรณ์ผล,ชาย,23/11/2025,1.6296E+12,ธีรภัทร,เพชรรัตน์,เสียชีวิต,3.28816E+12,อรทัย,จันทร์หอม,มีชีวิตและเลี้ยงดูเด็ก,3.28816E+12,อรทัย,จันทร์หอม,มารดา,,,12/01/2026,8/02/2026,8/02/2026,12/04/2026,2,1200,จ่ายย้อนหลังรวมหลายงวด,โอนเข้าบัญชีธนาคาร,4,62700,หน่วยบริการเคลื่อนที่,สระแก้ว,วังสมบูรณ์,วังใหม่,สำนักงานพัฒนาสังคมและความมั่นคงของมนุษย์จังหวัดสระแก้ว
NCGPAY00199,NCG00199,6.23722E+12,นันทนา,ทวีทรัพย์,ชาย,27/11/2025,2.54728E+12,ชยพล,จำปาแก้ว,มีชีวิตและเลี้ยงดูเด็ก,6.00964E+12,ชนิดา,แก้วกาญจน์,มีชีวิตแต่ไม่ได้เลี้ยงดู,2.54728E+12,ชยพล,จำปาแก้ว,บิดา,,,16/03/2026,5/04/2026,5/04/2026,16/04/2026,1,600,จ่ายสำเร็จ,โอนเข้าบัญชีธนาคาร,2,53100,ลงทะเบียน ณ หน่วยรับลงทะเบียน,สมุทรสาคร,กระทุ่มแบน,ดอนไก่ดี,สำนักงานพัฒนาสังคมและความมั่นคงของมนุษย์จังหวัดสมุทรสาคร
NCGPAY00089,NCG00089,4.31796E+12,พัชรินทร์,กุลวงศ์,หญิง,26/07/2025,6.58476E+12,อาทิตย์,กุลวงศ์,มีชีวิตและเลี้ยงดูเด็ก,3.71952E+12,เพ็ญศรี,พูนทรัพย์,มีชีวิตและเลี้ยงดูเด็ก,3.71952E+12,เพ็ญศรี,พูนทรัพย์,มารดา,,,18/02/2026,19/03/2026,19/03/2026,17/04/2026,1,600,จ่ายสำเร็จ,โอนเข้าบัญชีธนาคาร,7,87800,ระบบออนไลน์,ระยอง,บ้านค่าย,หนองละลอก,สำนักงานพัฒนาสังคมและความมั่นคงของมนุษย์จังหวัดระยอง
NCGPAY00020,NCG00020,1.37821E+12,กฤติน,วงศ์คำ,ชาย,23/08/2025,4.18821E+12,ธนวัฒน์,ธรรมรักษ์,มีชีวิตและเลี้ยงดูเด็ก,7.62596E+12,สุพัตรา,วงศ์คำ,มีชีวิตและเลี้ยงดูเด็ก,4.18821E+12,ธนวัฒน์,ธรรมรักษ์,บิดา,,,14/03/2026,1/04/2026,1/04/2026,22/04/2026,1,600,จ่ายสำเร็จ,พร้อมเพย์,4,61400,เจ้าหน้าที่ช่วยลงทะเบียน,ลำพูน,แม่ทา,ทาสบเส้า,สำนักงานพัฒนาสังคมและความมั่นคงของมนุษย์จังหวัดลำพูน
NCGPAY00090,NCG00090,1.64664E+12,รวิชญ์,วัฒนกุล,หญิง,4/09/2025,4.82258E+12,เอกชัย,แสงทอง,ไม่สามารถติดต่อได้,4.37029E+12,ปวีณา,พรมศรี,มีชีวิตและเลี้ยงดูเด็ก,4.37029E+12,ปวีณา,พรมศรี,มารดา,,,5/04/2026,8/04/2026,8/04/2026,6/05/2026,1,600,จ่ายสำเร็จ,โอนเข้าบัญชีธนาคาร,3,59200,หน่วยบริการเคลื่อนที่,กระบี่,เกาะลันตา,คลองยาง,สำนักงานพัฒนาสังคมและความมั่นคงของมนุษย์จังหวัดกระบี่
NCGPAY00038,NCG00038,7.83169E+12,วราภรณ์,ภูมิใจ,ชาย,4/04/2026,1.29153E+12,ธนภัทร,สมบูรณ์ผล,มีชีวิตแต่ไม่ได้เลี้ยงดู,2.09866E+12,อรทัย,เมืองแก้ว,มีชีวิตและเลี้ยงดูเด็ก,2.09866E+12,อรทัย,เมืองแก้ว,มารดา,,,21/04/2026,27/04/2026,27/04/2026,8/05/2026,1,600,จ่ายสำเร็จ,โอนเข้าบัญชีธนาคาร,4,60000,ระบบออนไลน์,ตราด,เกาะกูด,เกาะหมาก,สำนักงานพัฒนาสังคมและความมั่นคงของมนุษย์จังหวัดตราด
NCGPAY00420,NCG00182,4.56083E+12,ศิรินภา,สมบูรณ์ผล,ชาย,23/11/2025,1.6296E+12,ธีรภัทร,เพชรรัตน์,เสียชีวิต,3.28816E+12,อรทัย,จันทร์หอม,มีชีวิตและเลี้ยงดูเด็ก,3.28816E+12,อรทัย,จันทร์หอม,มารดา,,,12/01/2026,8/02/2026,8/02/2026,14/05/2026,3,600,จ่ายสำเร็จ,โอนเข้าบัญชีธนาคาร,4,62700,หน่วยบริการเคลื่อนที่,สระแก้ว,วังสมบูรณ์,วังใหม่,สำนักงานพัฒนาสังคมและความมั่นคงของมนุษย์จังหวัดสระแก้ว
NCGPAY00336,NCG00199,6.23722E+12,นันทนา,ทวีทรัพย์,ชาย,27/11/2025,2.54728E+12,ชยพล,จำปาแก้ว,มีชีวิตและเลี้ยงดูเด็ก,6.00964E+12,ชนิดา,แก้วกาญจน์,มีชีวิตแต่ไม่ได้เลี้ยงดู,2.54728E+12,ชยพล,จำปาแก้ว,บิดา,,,16/03/2026,5/04/2026,5/04/2026,18/05/2026,2,600,จ่ายสำเร็จ,โอนเข้าบัญชีธนาคาร,2,53100,ลงทะเบียน ณ หน่วยรับลงทะเบียน,สมุทรสาคร,กระทุ่มแบน,ดอนไก่ดี,สำนักงานพัฒนาสังคมและความมั่นคงของมนุษย์จังหวัดสมุทรสาคร
NCGPAY00132,NCG00132,2.34744E+12,นันทนา,สิงห์ทอง,หญิง,4/03/2026,6.17656E+12,ชยพล,บุญช่วย,มีชีวิตและเลี้ยงดูเด็ก,4.65386E+12,วรรณา,แสนดี,มีชีวิตและเลี้ยงดูเด็ก,6.17656E+12,ชยพล,บุญช่วย,บิดา,,,11/04/2026,27/04/2026,27/04/2026,19/05/2026,1,600,จ่ายสำเร็จ,พร้อมเพย์,2,47400,ลงทะเบียน ณ หน่วยรับลงทะเบียน,นราธิวาส,ตากใบ,เกาะสะท้อน,สำนักงานพัฒนาสังคมและความมั่นคงของมนุษย์จังหวัดนราธิวาส
NCGPAY00299,NCG00090,1.64664E+12,รวิชญ์,วัฒนกุล,หญิง,4/09/2025,4.82258E+12,เอกชัย,แสงทอง,ไม่สามารถติดต่อได้,4.37029E+12,ปวีณา,พรมศรี,มีชีวิตและเลี้ยงดูเด็ก,4.37029E+12,ปวีณา,พรมศรี,มารดา,,,5/04/2026,8/04/2026,8/04/2026,3/06/2026,2,600,จ่ายสำเร็จ,โอนเข้าบัญชีธนาคาร,3,59200,หน่วยบริการเคลื่อนที่,กระบี่,เกาะลันตา,คลองยาง,สำนักงานพัฒนาสังคมและความมั่นคงของมนุษย์จังหวัดกระบี่
NCGPAY00084,NCG00084,7.82032E+12,ภาคิน,จำปาแก้ว,ชาย,6/10/2025,3.51342E+12,สิทธิชัย,สุวรรณศรี,มีชีวิตและเลี้ยงดูเด็ก,7.43443E+12,ณัฐธิดา,โพธิ์ทอง,มีชีวิตและเลี้ยงดูเด็ก,7.43443E+12,ณัฐธิดา,โพธิ์ทอง,มารดา,,,22/04/2026,3/05/2026,3/05/2026,6/06/2026,1,1800,จ่ายย้อนหลังรวมหลายงวด,โอนเข้าบัญชีธนาคาร,6,76400,เจ้าหน้าที่ช่วยลงทะเบียน,กระบี่,เกาะลันตา,คลองยาง,สำนักงานพัฒนาสังคมและความมั่นคงของมนุษย์จังหวัดกระบี่
NCGPAY00344,NCG00038,7.83169E+12,วราภรณ์,ภูมิใจ,ชาย,4/04/2026,1.29153E+12,ธนภัทร,สมบูรณ์ผล,มีชีวิตแต่ไม่ได้เลี้ยงดู,2.09866E+12,อรทัย,เมืองแก้ว,มีชีวิตและเลี้ยงดูเด็ก,2.09866E+12,อรทัย,เมืองแก้ว,มารดา,,,21/04/2026,27/04/2026,27/04/2026,7/06/2026,2,600,จ่ายสำเร็จ,โอนเข้าบัญชีธนาคาร,4,60000,ระบบออนไลน์,ตราด,เกาะกูด,เกาะหมาก,สำนักงานพัฒนาสังคมและความมั่นคงของมนุษย์จังหวัดตราด
NCGPAY00151,NCG00151,4.01991E+12,ณัฐธิดา,อุดมศักดิ์,ชาย,20/12/2025,1.83452E+12,ศุภชัย,เจริญสุข,มีชีวิตและเลี้ยงดูเด็ก,6.13189E+12,สุพัตรา,นิลแก้ว,มีชีวิตและเลี้ยงดูเด็ก,1.83452E+12,ศุภชัย,เจริญสุข,บิดา,,,15/04/2026,12/05/2026,12/05/2026,15/06/2026,1,600,จ่ายสำเร็จ,โอนเข้าบัญชีธนาคาร,4,70500,เจ้าหน้าที่ช่วยลงทะเบียน,ขอนแก่น,น้ำพอง,สะอาด,สำนักงานพัฒนาสังคมและความมั่นคงของมนุษย์จังหวัดขอนแก่น
NCGPAY00389,NCG00132,2.34744E+12,นันทนา,สิงห์ทอง,หญิง,4/03/2026,6.17656E+12,ชยพล,บุญช่วย,มีชีวิตและเลี้ยงดูเด็ก,4.65386E+12,วรรณา,แสนดี,มีชีวิตและเลี้ยงดูเด็ก,6.17656E+12,ชยพล,บุญช่วย,บิดา,,,11/04/2026,27/04/2026,27/04/2026,23/06/2026,2,600,จ่ายสำเร็จ,โอนเข้าบัญชีธนาคาร,2,47400,ลงทะเบียน ณ หน่วยรับลงทะเบียน,นราธิวาส,ตากใบ,เกาะสะท้อน,สำนักงานพัฒนาสังคมและความมั่นคงของมนุษย์จังหวัดนราธิวาส
NCGPAY00267,NCG00267,4.31123E+12,ปิยธิดา,โชคชัย,ชาย,28/01/2026,2.53361E+12,ธีรวัฒน์,แสงเพชร,มีชีวิตและเลี้ยงดูเด็ก,6.30983E+12,ขวัญฤดี,สุทธิวงศ์,มีชีวิตและเลี้ยงดูเด็ก,6.30983E+12,ขวัญฤดี,สุทธิวงศ์,มารดา,,,26/05/2026,5/06/2026,5/06/2026,30/06/2026,1,600,จ่ายสำเร็จ,โอนเข้าบัญชีธนาคาร,6,80800,ลงทะเบียน ณ หน่วยรับลงทะเบียน,ภูเก็ต,เมืองภูเก็ต,ราไวย์,สำนักงานพัฒนาสังคมและความมั่นคงของมนุษย์จังหวัดภูเก็ต
NCGPAY00335,NCG00084,7.82032E+12,ภาคิน,จำปาแก้ว,ชาย,6/10/2025,3.51342E+12,สิทธิชัย,สุวรรณศรี,มีชีวิตและเลี้ยงดูเด็ก,7.43443E+12,ณัฐธิดา,โพธิ์ทอง,มีชีวิตและเลี้ยงดูเด็ก,7.43443E+12,ณัฐธิดา,โพธิ์ทอง,มารดา,,,22/04/2026,3/05/2026,3/05/2026,6/07/2026,2,1200,จ่ายย้อนหลังรวมหลายงวด,โอนเข้าบัญชีธนาคาร,6,76400,เจ้าหน้าที่ช่วยลงทะเบียน,กระบี่,เกาะลันตา,คลองยาง,สำนักงานพัฒนาสังคมและความมั่นคงของมนุษย์จังหวัดกระบี่
NCGPAY00416,NCG00038,7.83169E+12,วราภรณ์,ภูมิใจ,ชาย,4/04/2026,1.29153E+12,ธนภัทร,สมบูรณ์ผล,มีชีวิตแต่ไม่ได้เลี้ยงดู,2.09866E+12,อรทัย,เมืองแก้ว,มีชีวิตและเลี้ยงดูเด็ก,2.09866E+12,อรทัย,เมืองแก้ว,มารดา,,,21/04/2026,27/04/2026,27/04/2026,10/07/2026,3,1800,จ่ายย้อนหลังรวมหลายงวด,โอนเข้าบัญชีธนาคาร,4,60000,ระบบออนไลน์,ตราด,เกาะกูด,เกาะหมาก,สำนักงานพัฒนาสังคมและความมั่นคงของมนุษย์จังหวัดตราด
NCGPAY00170,NCG00170,5.39698E+12,รุจิรา,พิทักษ์วงศ์,ชาย,19/11/2025,1.58615E+12,ณัฐวุฒิ,ศรีจันทร์,มีชีวิตและเลี้ยงดูเด็ก,1.53797E+12,มาลี,แสนดี,มีชีวิตและเลี้ยงดูเด็ก,1.53797E+12,มาลี,แสนดี,มารดา,,,12/06/2026,23/06/2026,23/06/2026,12/07/2026,1,600,จ่ายสำเร็จ,โอนเข้าบัญชีธนาคาร,3,60100,ลงทะเบียน ณ หน่วยรับลงทะเบียน,ปัตตานี,โคกโพธิ์,บางโกระ,สำนักงานพัฒนาสังคมและความมั่นคงของมนุษย์จังหวัดปัตตานี
NCGPAY00213,NCG00213,4.17886E+12,อชิระ,สุวรรณศรี,ชาย,25/10/2025,6.71388E+12,เกรียงไกร,บุญส่ง,เสียชีวิต,7.20897E+12,สุภาวดี,พิทักษ์วงศ์,มีชีวิตและเลี้ยงดูเด็ก,7.20897E+12,สุภาวดี,พิทักษ์วงศ์,มารดา,,,27/05/2026,21/06/2026,21/06/2026,18/07/2026,1,600,จ่ายสำเร็จ,พร้อมเพย์,5,76100,ลงทะเบียน ณ หน่วยรับลงทะเบียน,กระบี่,เกาะลันตา,คลองยาง,สำนักงานพัฒนาสังคมและความมั่นคงของมนุษย์จังหวัดกระบี่
NCGPAY00143,NCG00143,2.05654E+12,ภูริภัทร,ตั้งมั่น,ชาย,7/11/2025,1.69016E+12,ภูวดล,ประเสริฐศรี,มีชีวิตและเลี้ยงดูเด็ก,5.43007E+12,อรวรรณ,คุ้มภัย,มีชีวิตและเลี้ยงดูเด็ก,5.43007E+12,อรวรรณ,คุ้มภัย,มารดา,,,14/06/2026,12/07/2026,12/07/2026,20/07/2026,1,600,จ่ายสำเร็จ,โอนเข้าบัญชีธนาคาร,3,56800,หน่วยบริการเคลื่อนที่,สระแก้ว,วังสมบูรณ์,วังใหม่,สำนักงานพัฒนาสังคมและความมั่นคงของมนุษย์จังหวัดสระแก้ว
NCGPAY00152,NCG00152,4.82405E+12,พัชราภา,เกษมสุข,ชาย,24/11/2025,3.71851E+12,กิตติพงศ์,แสงเพชร,มีชีวิตแต่ไม่ได้เลี้ยงดู,2.04137E+12,ณัฐธิดา,สุขเกษม,มีชีวิตและเลี้ยงดูเด็ก,2.04137E+12,ณัฐธิดา,สุขเกษม,มารดา,,,26/06/2026,17/07/2026,17/07/2026,20/07/2026,1,1800,จ่ายย้อนหลังรวมหลายงวด,โอนเข้าบัญชีธนาคาร,4,63000,ระบบออนไลน์,ระยอง,บ้านค่าย,หนองละลอก,สำนักงานพัฒนาสังคมและความมั่นคงของมนุษย์จังหวัดระยอง
NCGPAY00489,NCG00132,2.34744E+12,นันทนา,สิงห์ทอง,หญิง,4/03/2026,6.17656E+12,ชยพล,บุญช่วย,มีชีวิตและเลี้ยงดูเด็ก,4.65386E+12,วรรณา,แสนดี,มีชีวิตและเลี้ยงดูเด็ก,6.17656E+12,ชยพล,บุญช่วย,บิดา,,,11/04/2026,27/04/2026,27/04/2026,26/07/2026,3,600,จ่ายสำเร็จ,พร้อมเพย์,2,47400,ลงทะเบียน ณ หน่วยรับลงทะเบียน,นราธิวาส,ตากใบ,เกาะสะท้อน,สำนักงานพัฒนาสังคมและความมั่นคงของมนุษย์จังหวัดนราธิวาส
NCGPAY00326,NCG00170,5.39698E+12,รุจิรา,พิทักษ์วงศ์,ชาย,19/11/2025,1.58615E+12,ณัฐวุฒิ,ศรีจันทร์,มีชีวิตและเลี้ยงดูเด็ก,1.53797E+12,มาลี,แสนดี,มีชีวิตและเลี้ยงดูเด็ก,1.53797E+12,มาลี,แสนดี,มารดา,,,12/06/2026,23/06/2026,23/06/2026,12/08/2026,2,600,จ่ายสำเร็จ,โอนเข้าบัญชีธนาคาร,3,60100,ลงทะเบียน ณ หน่วยรับลงทะเบียน,ปัตตานี,โคกโพธิ์,บางโกระ,สำนักงานพัฒนาสังคมและความมั่นคงของมนุษย์จังหวัดปัตตานี
NCGPAY00444,NCG00213,4.17886E+12,อชิระ,สุวรรณศรี,ชาย,25/10/2025,6.71388E+12,เกรียงไกร,บุญส่ง,เสียชีวิต,7.20897E+12,สุภาวดี,พิทักษ์วงศ์,มีชีวิตและเลี้ยงดูเด็ก,7.20897E+12,สุภาวดี,พิทักษ์วงศ์,มารดา,,,27/05/2026,21/06/2026,21/06/2026,18/08/2026,2,600,จ่ายสำเร็จ,โอนเข้าบัญชีธนาคาร,5,76100,ลงทะเบียน ณ หน่วยรับลงทะเบียน,กระบี่,เกาะลันตา,คลองยาง,สำนักงานพัฒนาสังคมและความมั่นคงของมนุษย์จังหวัดกระบี่
NCGPAY00458,NCG00143,2.05654E+12,ภูริภัทร,ตั้งมั่น,ชาย,7/11/2025,1.69016E+12,ภูวดล,ประเสริฐศรี,มีชีวิตและเลี้ยงดูเด็ก,5.43007E+12,อรวรรณ,คุ้มภัย,มีชีวิตและเลี้ยงดูเด็ก,5.43007E+12,อรวรรณ,คุ้มภัย,มารดา,,,14/06/2026,12/07/2026,12/07/2026,19/08/2026,2,1800,จ่ายย้อนหลังรวมหลายงวด,พร้อมเพย์,3,56800,หน่วยบริการเคลื่อนที่,สระแก้ว,วังสมบูรณ์,วังใหม่,สำนักงานพัฒนาสังคมและความมั่นคงของมนุษย์จังหวัดสระแก้ว
NCGPAY00036,NCG00036,7.24643E+12,ธีรภัทร,สุขสวัสดิ์,หญิง,15/07/2026,6.11536E+12,อภิชาติ,ทรัพย์เจริญ,มีชีวิตและเลี้ยงดูเด็ก,6.92707E+12,รัตนา,อุดมศักดิ์,มีชีวิตและเลี้ยงดูเด็ก,6.11536E+12,อภิชาติ,ทรัพย์เจริญ,บิดา,,,24/08/2026,24/08/2026,24/08/2026,24/08/2026,1,600,จ่ายสำเร็จ,โอนเข้าบัญชีธนาคาร,2,56300,ระบบออนไลน์,ชลบุรี,พนัสนิคม,วัดโบสถ์,สำนักงานพัฒนาสังคมและความมั่นคงของมนุษย์จังหวัดชลบุรี
NCGPAY00046,NCG00046,1.33747E+12,อชิระ,พูนทรัพย์,หญิง,4/05/2026,3.38069E+12,รัชชานนท์,คำแสน,มีชีวิตแต่ไม่ได้เลี้ยงดู,6.05172E+12,อรวรรณ,วงศ์สวัสดิ์,มีชีวิตและเลี้ยงดูเด็ก,6.05172E+12,อรวรรณ,วงศ์สวัสดิ์,มารดา,,,24/08/2026,24/08/2026,24/08/2026,24/08/2026,1,600,จ่ายสำเร็จ,พร้อมเพย์,6,73700,ระบบออนไลน์,นครศรีธรรมราช,ทุ่งสง,นาโพธิ์,สำนักงานพัฒนาสังคมและความมั่นคงของมนุษย์จังหวัดนครศรีธรรมราช
NCGPAY00070,NCG00070,3.58796E+12,มยุรี,จิตมั่น,ชาย,21/03/2026,7.85184E+12,นพดล,ปัญญาดี,มีชีวิตและเลี้ยงดูเด็ก,7.54206E+12,นิตยา,กุลวงศ์,มีชีวิตแต่ไม่ได้เลี้ยงดู,7.85184E+12,นพดล,ปัญญาดี,บิดา,,,24/08/2026,24/08/2026,24/08/2026,24/08/2026,1,600,จ่ายสำเร็จ,โอนเข้าบัญชีธนาคาร,2,49300,ลงทะเบียน ณ หน่วยรับลงทะเบียน,พิจิตร,เมืองพิจิตร,ท่าฬอ,สำนักงานพัฒนาสังคมและความมั่นคงของมนุษย์จังหวัดพิจิตร
NCGPAY00075,NCG00075,8.96187E+12,ณัฐธิดา,ศรีสมบัติ,หญิง,25/07/2026,1.25827E+12,อนุชา,พรมศรี,มีชีวิตและเลี้ยงดูเด็ก,1.48904E+12,ศิริพร,รัตนวงศ์,มีชีวิตและเลี้ยงดูเด็ก,1.48904E+12,ศิริพร,รัตนวงศ์,มารดา,,,24/08/2026,24/08/2026,24/08/2026,24/08/2026,1,600,จ่ายสำเร็จ,พร้อมเพย์,4,64400,เจ้าหน้าที่ช่วยลงทะเบียน,พิษณุโลก,เมืองพิษณุโลก,บ้านกร่าง,สำนักงานพัฒนาสังคมและความมั่นคงของมนุษย์จังหวัดพิษณุโลก
NCGPAY00082,NCG00082,7.93253E+12,วราภรณ์,คำแสน,ชาย,25/02/2026,5.17057E+12,พงศกร,แสงเพชร,ไม่สามารถเลี้ยงดูได้,5.01422E+12,ณัฐธิดา,รุ่งเรือง,เสียชีวิต,5.63719E+12,เพ็ญศรี,รุ่งเรือง,ผู้ปกครองโดยชอบด้วยกฎหมาย,ย่า,มารดาเสียชีวิต และบิดาไม่สามารถเลี้ยงดูได้,24/08/2026,24/08/2026,24/08/2026,24/08/2026,1,600,จ่ายสำเร็จ,พร้อมเพย์,2,53100,ระบบออนไลน์,ยะลา,บันนังสตา,บาเจาะ,สำนักงานพัฒนาสังคมและความมั่นคงของมนุษย์จังหวัดยะลา
NCGPAY00131,NCG00131,3.70642E+12,นิตยา,วัฒนกุล,หญิง,24/04/2026,8.17916E+12,ศุภชัย,กุลวงศ์,มีชีวิตแต่ไม่ได้เลี้ยงดู,5.56132E+12,สุภาวดี,พรหมมา,มีชีวิตและเลี้ยงดูเด็ก,5.56132E+12,สุภาวดี,พรหมมา,มารดา,,,24/08/2026,24/08/2026,24/08/2026,24/08/2026,1,1800,จ่ายย้อนหลังรวมหลายงวด,โอนเข้าบัญชีธนาคาร,6,73300,ลงทะเบียน ณ หน่วยรับลงทะเบียน,เชียงราย,เมืองเชียงราย,นางแล,สำนักงานพัฒนาสังคมและความมั่นคงของมนุษย์จังหวัดเชียงราย
NCGPAY00141,NCG00141,8.73696E+12,กิตติภัทร,วัฒนชัย,ชาย,4/02/2026,7.02143E+12,พีรพัฒน์,นิ่มนวล,มีชีวิตและเลี้ยงดูเด็ก,7.65204E+12,ชไมพร,วงศ์สวัสดิ์,มีชีวิตและเลี้ยงดูเด็ก,7.65204E+12,ชไมพร,วงศ์สวัสดิ์,มารดา,,,30/07/2026,13/08/2026,13/08/2026,24/08/2026,1,600,จ่ายสำเร็จ,พร้อมเพย์,3,60200,เจ้าหน้าที่ช่วยลงทะเบียน,เชียงราย,เมืองเชียงราย,นางแล,สำนักงานพัฒนาสังคมและความมั่นคงของมนุษย์จังหวัดเชียงราย
NCGPAY00200,NCG00200,4.47941E+12,ชนิดา,ยอดแก้ว,ชาย,12/05/2026,7.05174E+12,วชิรวิทย์,พิทักษ์วงศ์,มีชีวิตแต่ไม่ได้เลี้ยงดู,1.41058E+12,พรทิพย์,จันทร์หอม,มีชีวิตและเลี้ยงดูเด็ก,1.41058E+12,พรทิพย์,จันทร์หอม,มารดา,,,24/08/2026,24/08/2026,24/08/2026,24/08/2026,1,600,จ่ายสำเร็จ,พร้อมเพย์,5,75700,หน่วยบริการเคลื่อนที่,มหาสารคาม,โกสุมพิสัย,หนองบอน,สำนักงานพัฒนาสังคมและความมั่นคงของมนุษย์จังหวัดมหาสารคาม
NCGPAY00210,NCG00210,7.87199E+12,ชุติมา,ศรีสมบัติ,หญิง,24/02/2026,1.22747E+12,จักรพันธ์,อุดมศักดิ์,ไม่สามารถเลี้ยงดูได้,5.82707E+12,พรทิพย์,แสงทอง,เสียชีวิต,2.93338E+12,ภัทราภรณ์,สุขใจ,ผู้ปกครองโดยชอบด้วยกฎหมาย,ย่า,มารดาเสียชีวิต และบิดาไม่สามารถเลี้ยงดูได้,24/08/2026,24/08/2026,24/08/2026,24/08/2026,1,600,จ่ายสำเร็จ,โอนเข้าบัญชีธนาคาร,3,60400,ระบบออนไลน์,สุพรรณบุรี,บางปลาม้า,ไผ่กองดิน,สำนักงานพัฒนาสังคมและความมั่นคงของมนุษย์จังหวัดสุพรรณบุรี
NCGPAY00226,NCG00226,1.32628E+12,ภูริภัทร,แสงทอง,หญิง,28/07/2026,6.7306E+12,ศรัณย์,สุขใจ,มีชีวิตและเลี้ยงดูเด็ก,4.15732E+12,ชไมพร,วัฒนชัย,มีชีวิตและเลี้ยงดูเด็ก,6.7306E+12,ศรัณย์,สุขใจ,บิดา,,,24/08/2026,24/08/2026,24/08/2026,24/08/2026,1,600,จ่ายสำเร็จ,โอนเข้าบัญชีธนาคาร,4,70600,เจ้าหน้าที่ช่วยลงทะเบียน,มหาสารคาม,โกสุมพิสัย,หนองบอน,สำนักงานพัฒนาสังคมและความมั่นคงของมนุษย์จังหวัดมหาสารคาม
NCGPAY00230,NCG00230,1.26395E+12,ภาคิน,แสงทอง,ชาย,26/03/2026,4.80641E+12,ธนภัทร,ฤทธิไกร,มีชีวิตแต่ไม่ได้เลี้ยงดู,6.04609E+12,มณีรัตน์,พิพัฒน์กุล,มีชีวิตและเลี้ยงดูเด็ก,6.04609E+12,มณีรัตน์,พิพัฒน์กุล,มารดา,,,11/08/2026,24/08/2026,24/08/2026,24/08/2026,1,600,จ่ายสำเร็จ,โอนเข้าบัญชีธนาคาร,6,76600,ลงทะเบียน ณ หน่วยรับลงทะเบียน,ลำพูน,แม่ทา,ทาสบเส้า,สำนักงานพัฒนาสังคมและความมั่นคงของมนุษย์จังหวัดลำพูน
NCGPAY00235,NCG00235,5.78266E+12,ชยพล,เพชรรัตน์,ชาย,20/01/2026,8.88961E+12,ชนน,สุขสวัสดิ์,มีชีวิตและเลี้ยงดูเด็ก,8.6794E+12,ภัทราภรณ์,แก้วกาญจน์,มีชีวิตแต่ไม่ได้เลี้ยงดู,8.88961E+12,ชนน,สุขสวัสดิ์,บิดา,,,28/07/2026,1/08/2026,1/08/2026,24/08/2026,1,600,จ่ายสำเร็จ,พร้อมเพย์,4,62600,เจ้าหน้าที่ช่วยลงทะเบียน,สมุทรสาคร,กระทุ่มแบน,ดอนไก่ดี,สำนักงานพัฒนาสังคมและความมั่นคงของมนุษย์จังหวัดสมุทรสาคร
NCGPAY00238,NCG00238,2.52133E+12,พชรพล,นิลแก้ว,ชาย,23/02/2026,7.8067E+12,ปริญญา,คุ้มภัย,มีชีวิตและเลี้ยงดูเด็ก,8.9542E+12,ณัฐธิดา,เกษมสุข,มีชีวิตและเลี้ยงดูเด็ก,8.9542E+12,ณัฐธิดา,เกษมสุข,มารดา,,,24/08/2026,24/08/2026,24/08/2026,24/08/2026,1,600,จ่ายสำเร็จ,โอนเข้าบัญชีธนาคาร,4,64300,ลงทะเบียน ณ หน่วยรับลงทะเบียน,สระบุรี,เมืองสระบุรี,โคกสว่าง,สำนักงานพัฒนาสังคมและความมั่นคงของมนุษย์จังหวัดสระบุรี
NCGPAY00251,NCG00251,6.2026E+12,กฤษฎา,เกียรติไพศาล,ชาย,30/05/2026,1.56998E+12,ชนน,สวัสดิผล,มีชีวิตและเลี้ยงดูเด็ก,2.49817E+12,ศิริพร,ฤทธิไกร,มีชีวิตแต่ไม่ได้เลี้ยงดู,1.56998E+12,ชนน,สวัสดิผล,บิดา,,,24/08/2026,24/08/2026,24/08/2026,24/08/2026,1,600,จ่ายสำเร็จ,โอนเข้าบัญชีธนาคาร,3,56700,หน่วยบริการเคลื่อนที่,ชลบุรี,พนัสนิคม,วัดโบสถ์,สำนักงานพัฒนาสังคมและความมั่นคงของมนุษย์จังหวัดชลบุรี
NCGPAY00283,NCG00200,4.47941E+12,ชนิดา,ยอดแก้ว,ชาย,12/05/2026,7.05174E+12,วชิรวิทย์,พิทักษ์วงศ์,มีชีวิตแต่ไม่ได้เลี้ยงดู,1.41058E+12,พรทิพย์,จันทร์หอม,มีชีวิตและเลี้ยงดูเด็ก,1.41058E+12,พรทิพย์,จันทร์หอม,มารดา,,,24/08/2026,24/08/2026,24/08/2026,24/08/2026,2,1800,จ่ายย้อนหลังรวมหลายงวด,โอนเข้าบัญชีธนาคาร,5,75700,หน่วยบริการเคลื่อนที่,มหาสารคาม,โกสุมพิสัย,หนองบอน,สำนักงานพัฒนาสังคมและความมั่นคงของมนุษย์จังหวัดมหาสารคาม
NCGPAY00287,NCG00152,4.82405E+12,พัชราภา,เกษมสุข,ชาย,24/11/2025,3.71851E+12,กิตติพงศ์,แสงเพชร,มีชีวิตแต่ไม่ได้เลี้ยงดู,2.04137E+12,ณัฐธิดา,สุขเกษม,มีชีวิตและเลี้ยงดูเด็ก,2.04137E+12,ณัฐธิดา,สุขเกษม,มารดา,,,26/06/2026,17/07/2026,17/07/2026,24/08/2026,2,600,จ่ายสำเร็จ,โอนเข้าบัญชีธนาคาร,4,63000,ระบบออนไลน์,ระยอง,บ้านค่าย,หนองละลอก,สำนักงานพัฒนาสังคมและความมั่นคงของมนุษย์จังหวัดระยอง
NCGPAY00295,NCG00082,7.93253E+12,วราภรณ์,คำแสน,ชาย,25/02/2026,5.17057E+12,พงศกร,แสงเพชร,ไม่สามารถเลี้ยงดูได้,5.01422E+12,ณัฐธิดา,รุ่งเรือง,เสียชีวิต,5.63719E+12,เพ็ญศรี,รุ่งเรือง,ผู้ปกครองโดยชอบด้วยกฎหมาย,ย่า,มารดาเสียชีวิต และบิดาไม่สามารถเลี้ยงดูได้,24/08/2026,24/08/2026,24/08/2026,24/08/2026,2,600,จ่ายสำเร็จ,โอนเข้าบัญชีธนาคาร,2,53100,ระบบออนไลน์,ยะลา,บันนังสตา,บาเจาะ,สำนักงานพัฒนาสังคมและความมั่นคงของมนุษย์จังหวัดยะลา
NCGPAY00304,NCG00141,8.73696E+12,กิตติภัทร,วัฒนชัย,ชาย,4/02/2026,7.02143E+12,พีรพัฒน์,นิ่มนวล,มีชีวิตและเลี้ยงดูเด็ก,7.65204E+12,ชไมพร,วงศ์สวัสดิ์,มีชีวิตและเลี้ยงดูเด็ก,7.65204E+12,ชไมพร,วงศ์สวัสดิ์,มารดา,,,30/07/2026,13/08/2026,13/08/2026,24/08/2026,2,600,จ่ายสำเร็จ,โอนเข้าบัญชีธนาคาร,3,60200,เจ้าหน้าที่ช่วยลงทะเบียน,เชียงราย,เมืองเชียงราย,นางแล,สำนักงานพัฒนาสังคมและความมั่นคงของมนุษย์จังหวัดเชียงราย
NCGPAY00340,NCG00200,4.47941E+12,ชนิดา,ยอดแก้ว,ชาย,12/05/2026,7.05174E+12,วชิรวิทย์,พิทักษ์วงศ์,มีชีวิตแต่ไม่ได้เลี้ยงดู,1.41058E+12,พรทิพย์,จันทร์หอม,มีชีวิตและเลี้ยงดูเด็ก,1.41058E+12,พรทิพย์,จันทร์หอม,มารดา,,,24/08/2026,24/08/2026,24/08/2026,24/08/2026,3,600,จ่ายสำเร็จ,โอนเข้าบัญชีธนาคาร,5,75700,หน่วยบริการเคลื่อนที่,มหาสารคาม,โกสุมพิสัย,หนองบอน,สำนักงานพัฒนาสังคมและความมั่นคงของมนุษย์จังหวัดมหาสารคาม
NCGPAY00341,NCG00235,5.78266E+12,ชยพล,เพชรรัตน์,ชาย,20/01/2026,8.88961E+12,ชนน,สุขสวัสดิ์,มีชีวิตและเลี้ยงดูเด็ก,8.6794E+12,ภัทราภรณ์,แก้วกาญจน์,มีชีวิตแต่ไม่ได้เลี้ยงดู,8.88961E+12,ชนน,สุขสวัสดิ์,บิดา,,,28/07/2026,1/08/2026,1/08/2026,24/08/2026,2,600,จ่ายสำเร็จ,โอนเข้าบัญชีธนาคาร,4,62600,เจ้าหน้าที่ช่วยลงทะเบียน,สมุทรสาคร,กระทุ่มแบน,ดอนไก่ดี,สำนักงานพัฒนาสังคมและความมั่นคงของมนุษย์จังหวัดสมุทรสาคร
NCGPAY00351,NCG00070,3.58796E+12,มยุรี,จิตมั่น,ชาย,21/03/2026,7.85184E+12,นพดล,ปัญญาดี,มีชีวิตและเลี้ยงดูเด็ก,7.54206E+12,นิตยา,กุลวงศ์,มีชีวิตแต่ไม่ได้เลี้ยงดู,7.85184E+12,นพดล,ปัญญาดี,บิดา,,,24/08/2026,24/08/2026,24/08/2026,24/08/2026,2,600,จ่ายสำเร็จ,พร้อมเพย์,2,49300,ลงทะเบียน ณ หน่วยรับลงทะเบียน,พิจิตร,เมืองพิจิตร,ท่าฬอ,สำนักงานพัฒนาสังคมและความมั่นคงของมนุษย์จังหวัดพิจิตร
NCGPAY00362,NCG00075,8.96187E+12,ณัฐธิดา,ศรีสมบัติ,หญิง,25/07/2026,1.25827E+12,อนุชา,พรมศรี,มีชีวิตและเลี้ยงดูเด็ก,1.48904E+12,ศิริพร,รัตนวงศ์,มีชีวิตและเลี้ยงดูเด็ก,1.48904E+12,ศิริพร,รัตนวงศ์,มารดา,,,24/08/2026,24/08/2026,24/08/2026,24/08/2026,2,600,จ่ายสำเร็จ,โอนเข้าบัญชีธนาคาร,4,64400,เจ้าหน้าที่ช่วยลงทะเบียน,พิษณุโลก,เมืองพิษณุโลก,บ้านกร่าง,สำนักงานพัฒนาสังคมและความมั่นคงของมนุษย์จังหวัดพิษณุโลก
NCGPAY00368,NCG00046,1.33747E+12,อชิระ,พูนทรัพย์,หญิง,4/05/2026,3.38069E+12,รัชชานนท์,คำแสน,มีชีวิตแต่ไม่ได้เลี้ยงดู,6.05172E+12,อรวรรณ,วงศ์สวัสดิ์,มีชีวิตและเลี้ยงดูเด็ก,6.05172E+12,อรวรรณ,วงศ์สวัสดิ์,มารดา,,,24/08/2026,24/08/2026,24/08/2026,24/08/2026,2,1800,จ่ายย้อนหลังรวมหลายงวด,พร้อมเพย์,6,73700,ระบบออนไลน์,นครศรีธรรมราช,ทุ่งสง,นาโพธิ์,สำนักงานพัฒนาสังคมและความมั่นคงของมนุษย์จังหวัดนครศรีธรรมราช
NCGPAY00394,NCG00152,4.82405E+12,พัชราภา,เกษมสุข,ชาย,24/11/2025,3.71851E+12,กิตติพงศ์,แสงเพชร,มีชีวิตแต่ไม่ได้เลี้ยงดู,2.04137E+12,ณัฐธิดา,สุขเกษม,มีชีวิตและเลี้ยงดูเด็ก,2.04137E+12,ณัฐธิดา,สุขเกษม,มารดา,,,26/06/2026,17/07/2026,17/07/2026,24/08/2026,3,600,จ่ายสำเร็จ,โอนเข้าบัญชีธนาคาร,4,63000,ระบบออนไลน์,ระยอง,บ้านค่าย,หนองละลอก,สำนักงานพัฒนาสังคมและความมั่นคงของมนุษย์จังหวัดระยอง
NCGPAY00419,NCG00046,1.33747E+12,อชิระ,พูนทรัพย์,หญิง,4/05/2026,3.38069E+12,รัชชานนท์,คำแสน,มีชีวิตแต่ไม่ได้เลี้ยงดู,6.05172E+12,อรวรรณ,วงศ์สวัสดิ์,มีชีวิตและเลี้ยงดูเด็ก,6.05172E+12,อรวรรณ,วงศ์สวัสดิ์,มารดา,,,24/08/2026,24/08/2026,24/08/2026,24/08/2026,3,600,จ่ายสำเร็จ,โอนเข้าบัญชีธนาคาร,6,73700,ระบบออนไลน์,นครศรีธรรมราช,ทุ่งสง,นาโพธิ์,สำนักงานพัฒนาสังคมและความมั่นคงของมนุษย์จังหวัดนครศรีธรรมราช
NCGPAY00455,NCG00238,2.52133E+12,พชรพล,นิลแก้ว,ชาย,23/02/2026,7.8067E+12,ปริญญา,คุ้มภัย,มีชีวิตและเลี้ยงดูเด็ก,8.9542E+12,ณัฐธิดา,เกษมสุข,มีชีวิตและเลี้ยงดูเด็ก,8.9542E+12,ณัฐธิดา,เกษมสุข,มารดา,,,24/08/2026,24/08/2026,24/08/2026,24/08/2026,2,600,จ่ายสำเร็จ,โอนเข้าบัญชีธนาคาร,4,64300,ลงทะเบียน ณ หน่วยรับลงทะเบียน,สระบุรี,เมืองสระบุรี,โคกสว่าง,สำนักงานพัฒนาสังคมและความมั่นคงของมนุษย์จังหวัดสระบุรี
NCGPAY00480,NCG00235,5.78266E+12,ชยพล,เพชรรัตน์,ชาย,20/01/2026,8.88961E+12,ชนน,สุขสวัสดิ์,มีชีวิตและเลี้ยงดูเด็ก,8.6794E+12,ภัทราภรณ์,แก้วกาญจน์,มีชีวิตแต่ไม่ได้เลี้ยงดู,8.88961E+12,ชนน,สุขสวัสดิ์,บิดา,,,28/07/2026,1/08/2026,1/08/2026,24/08/2026,3,600,จ่ายสำเร็จ,โอนเข้าบัญชีธนาคาร,4,62600,เจ้าหน้าที่ช่วยลงทะเบียน,สมุทรสาคร,กระทุ่มแบน,ดอนไก่ดี,สำนักงานพัฒนาสังคมและความมั่นคงของมนุษย์จังหวัดสมุทรสาคร
NCGPAY00490,NCG00070,3.58796E+12,มยุรี,จิตมั่น,ชาย,21/03/2026,7.85184E+12,นพดล,ปัญญาดี,มีชีวิตและเลี้ยงดูเด็ก,7.54206E+12,นิตยา,กุลวงศ์,มีชีวิตแต่ไม่ได้เลี้ยงดู,7.85184E+12,นพดล,ปัญญาดี,บิดา,,,24/08/2026,24/08/2026,24/08/2026,24/08/2026,3,1800,จ่ายย้อนหลังรวมหลายงวด,โอนเข้าบัญชีธนาคาร,2,49300,ลงทะเบียน ณ หน่วยรับลงทะเบียน,พิจิตร,เมืองพิจิตร,ท่าฬอ,สำนักงานพัฒนาสังคมและความมั่นคงของมนุษย์จังหวัดพิจิตร
