ลำดับ (Item No.),รายละเอียดเครื่องมือ (Description),ช่วงการวัด (Range),ความสามารถการวัด (CMC / Uncertainty),ราคาค่าบริการ (Price),หมายเหตุ (Remark),รหัสบริการ (Code),ฝ่ายงานจริง (Actual Department),ราคาตัวเลข (Price Numeric),ฝ่ายงานที่ทำนาย (Predicted Department),รหัสกลุ่มคลัสเตอร์ (Cluster ID),คำสำคัญของกลุ่มคลัสเตอร์ (Cluster Keywords)
1.0,Iodine Stabilized He-Ne laser,633 nm,5.00E-11,"36,000/piece",Beat measurement mehod with Iodine stabilized He-Ne laser,08011 - 10101,Dimensional Metrology Department,36000.0,Dimensional Metrology Department,0,"gauge, calibration, testing, machine, laser"
2.0,Stabilized He-Ne laser,633 nm,1.00E-09,"22,530/piece",Beat measurement mehod with Iodine stabilized He-Ne laser,08011 - 10201,Dimensional Metrology Department,22530.0,Dimensional Metrology Department,0,"gauge, calibration, testing, machine, laser"
3.0,Stabilized He-Ne laser,500 - 1000 nm and 1560 nm,1.00E-12,"45,000/piece",Beat measurement mehod with optical comb,08011 - 10202,Dimensional Metrology Department,45000.0,Dimensional Metrology Department,0,"gauge, calibration, testing, machine, laser"
4.0,Stabilized He-Ne laser,532 nm,4.00E-08,"22,530/piece",Beat measurement mehod with Iodine stabilized Nd:YAG laser,08011 - 10203,Dimensional Metrology Department,22530.0,Dimensional Metrology Department,0,"gauge, calibration, testing, machine, laser"
5.0,Dual frequency stabilized He-Ne laser,633 nm,1.00E-09,"25,000",Beat measurement mehod with Iodine stabilized  He-Ne laser,08011 - 10204,Dimensional Metrology Department,25000.0,Dimensional Metrology Department,0,"gauge, calibration, testing, machine, laser"
6.0,Nonstabilized Laser,633 nm,1.00E-07,"22,530/piece",Beat measurement mehod with Iodine stabilized He-Ne laser,08011 - 10301,Dimensional Metrology Department,22530.0,Dimensional Metrology Department,0,"gauge, calibration, testing, machine, laser"
7.0,Nonstabilized Laser,350 - 1100 nm,1.70E-07,"21,280/piece",Direct measurment method by wavelength meter,08011 - 10401,Dimensional Metrology Department,21280.0,Dimensional Metrology Department,0,"gauge, calibration, testing, machine, laser"
8.0,Wavelength meter,532 - 1064 nm,4.00E-08,"25,000/piece",Direct measurment method by stabilized light source,08011 - 10503,Dimensional Metrology Department,25000.0,Electrical  Metrology Department,7,"meter, power, phase, ac, wattmeter"
12.0,"Rectangular Gauge Block,
Material : Chromium Carbide",0.5 mm to 125 mm,"Q[26 nm, 0.27E-6 L]","2,000/piece            ","Optical Interferometry method, 
Deviation from central length Measuring faces inspection without lapping. Both side wringing",08021 - 10101,Dimensional Metrology Department,2000.0,Dimensional Metrology Department,0,"gauge, calibration, testing, machine, laser"
11.0,"Rectangular Gauge Block,
Material : Tungsten Carbide",0.5 mm to 125 mm,"Q[26 nm, 0.18E-6 L]
","2,000/piece            ","Optical Interferometry method, 
Deviation from central length Measuring faces inspection without lapping. Both side wringing",08021 - 10101,Dimensional Metrology Department,2000.0,Dimensional Metrology Department,0,"gauge, calibration, testing, machine, laser"
9.0,"Rectangular Gauge Block, 
Material : Steel",0.5 mm to 125 mm,"Q[26 nm, 0.35E-6 L]","2,000/piece            ","Optical Interferometry method, 
Deviation from central length Measuring faces inspection without lapping. Both side wringing",08021 - 10101,Dimensional Metrology Department,2000.0,Dimensional Metrology Department,0,"gauge, calibration, testing, machine, laser"
10.0,"Rectangular Gauge Block,
Material : Ceramic",0.5 mm to 125 mm,"Q[26 nm, 0.29E-6 L]
","2,000/piece            ","Optical Interferometry method, 
Deviation from central length Measuring faces inspection without lapping. Both side wringing",08021 - 10101,Dimensional Metrology Department,2000.0,Dimensional Metrology Department,0,"gauge, calibration, testing, machine, laser"
16.0,"Rectangular Gauge Block,
Material : Chromium Carbide",< 0.5 mm,"Q[26 nm, 0.27E-6 L]","3,000/piece","Optical Interferometry method, 
Deviation from central length Measuring faces inspection without lapping. Both side wringing",08021 - 10102,Dimensional Metrology Department,3000.0,Dimensional Metrology Department,0,"gauge, calibration, testing, machine, laser"
13.0,"Rectangular Gauge Block,
Material : Steel",< 0.5 mm,"Q[26 nm, 0.35E-6 L]","3,000/piece","Optical Interferometry method, 
Deviation from central length Measuring faces inspection without lapping. Both side wringing",08021 - 10102,Dimensional Metrology Department,3000.0,Dimensional Metrology Department,0,"gauge, calibration, testing, machine, laser"
14.0,"Rectangular Gauge Block,
Material : Ceramic",< 0.5 mm,"Q[26 nm, 0.29E-6 L]
","3,000/piece","Optical Interferometry method, 
Deviation from central length Measuring faces inspection without lapping. Both side wringing",08021 - 10102,Dimensional Metrology Department,3000.0,Dimensional Metrology Department,0,"gauge, calibration, testing, machine, laser"
15.0,"Rectangular Gauge Block,
Material : Tungsten Carbide",< 0.5 mm,"Q[26 nm, 0.18E-6 L]
","3,000/piece","Optical Interferometry method, 
Deviation from central length Measuring faces inspection without lapping. Both side wringing",08021 - 10102,Dimensional Metrology Department,3000.0,Dimensional Metrology Department,0,"gauge, calibration, testing, machine, laser"
17.0,"Rectangular Gauge Block,          
Material : Steel, Ceramic, Tungsten Carbide, Chromium Carbide
- Variation in length",0.5 mm to 125 mm,0.020 um,"2,200/piece                   ","Optical Interferometry method, 
Variation (fo, fu) in length measurement. Measuring faces inspection without lapping. ",08021 - 10103,Dimensional Metrology Department,2200.0,Dimensional Metrology Department,0,"gauge, calibration, testing, machine, laser"
18.0,"Rectangular Gauge Block,          
Material : Steel, Ceramic, Tungsten Carbide, Chromium Carbide
- Flatness",0.5 mm to 125 mm,35 nm ,"2,200/piece                   ","Optical Interferometry method, 
Flatness measurement",08021 - 10104,Dimensional Metrology Department,2200.0,Dimensional Metrology Department,0,"gauge, calibration, testing, machine, laser"
19.0,"Rectangular Gauge Block, according to  
Euramet cg-2/v.02 (03/2011)",0.5 mm to 100 mm,26 nm,"2,500/piece         ","Optical Interferometry method, 
Deviation from central length Measuring faces inspection without lapping.  Both side wringing",08021 - 10201,Dimensional Metrology Department,2500.0,Dimensional Metrology Department,0,"gauge, calibration, testing, machine, laser"
20.0,"Rectangular and Square Gauge Block (Metric),               
Material : Steel, Tungsten Carbide, Chromium Carbide   
- Deviation from central length",0.5 mm to 100 mm,"Q[50 nm, 0.50E-06 L]",750/piece                   ,"Comparison method, Dlc, Deviation from central length , Variation (fo, fu) Measuring faces inspection without lapping ",08021 - 10301,Dimensional Metrology Department,750.0,Dimensional Metrology Department,0,"gauge, calibration, testing, machine, laser"
22.0,"Rectangular and Square Gauge Block (Metric),               
Material : Ceramic   
- Deviation from central length",0.5 mm to 100 mm,"Q[70 nm, 0.50E-06 L]",750/piece                   ,"Comparison method, Dlc, Deviation from central length , Variation (fo, fu) Measuring faces inspection without lapping ",08021 - 10301,Dimensional Metrology Department,750.0,Dimensional Metrology Department,0,"gauge, calibration, testing, machine, laser"
21.0,"Rectangular and Square Gauge Block (Metric),               
Material : Steel, Tungsten Carbide, Chromium Carbide   
- Deviation from central length",>100 mm to 125 mm,"Q[50 nm, 0.50E-06 L]","3,030/piece","Comparison method, Dlc, Deviation from central length , Variation (fo, fu) Measuring faces inspection without lapping ",08021 - 10302,Dimensional Metrology Department,3030.0,Dimensional Metrology Department,0,"gauge, calibration, testing, machine, laser"
23.0,"Rectangular and Square Gauge Block (Metric),               
Material : Ceramic   
- Deviation from central length",>100 mm to 125 mm,"Q[70 nm, 0.50E-06 L]","3,030/piece","Comparison method, Dlc, Deviation from central length , Variation (fo, fu) Measuring faces inspection without lapping ",08021 - 10302,Dimensional Metrology Department,3030.0,Dimensional Metrology Department,0,"gauge, calibration, testing, machine, laser"
24.0,"Rectangular and Square Gauge Block (Metric),               
Material : Steel, Ceramic, Tungsten Carbide, Chromium Carbide   
- Difference in central length",0.01 - 25 mm,47 nm,"1,905/pair","Direct Measurement by gauge block comparator, Difference in central length, variation in length and measuring face inspection without lapping.",08021 - 10303,Dimensional Metrology Department,1905.0,Dimensional Metrology Department,0,"gauge, calibration, testing, machine, laser"
26.0,"Rectangular and Square Gauge Block (inch),  
- Deviation from central length 
Material : Ceramic",0.005  inch to 4 inch,"Q[70 nm, 0.50E-06 L]",750/piece                   ,"Comparison method, Dlc,  Deviation from central length , Variation (fo, fu) Measuring faces inspection without lapping    ",08021 - 10501,Dimensional Metrology Department,750.0,Dimensional Metrology Department,0,"gauge, calibration, testing, machine, laser"
25.0,"Rectangular and Square Gauge Block (inch),  
- Deviation from central length        
Material : Steel, Tungsten Carbide, Chromium Carbide",0.005  inch to 4 inch,"Q[50 nm, 0.50E-06 L]",750/piece                   ,"Comparison method, Dlc,  Deviation from central length , Variation (fo, fu) Measuring faces inspection without lapping    ",08021 - 10501,Dimensional Metrology Department,750.0,Dimensional Metrology Department,0,"gauge, calibration, testing, machine, laser"
27.0,"Long Gauge Block (Metric Rectangular, Square)
Material : Steel",125 mm to 500 mm,"Q[50 nm, 0.80E-6 L]","3,380/piece","Comparison Method, Dlc, Deviation from central length, Variation (fo, fu) Measuring faces inspection without lapping.",08021 - 10601,Dimensional Metrology Department,3380.0,Dimensional Metrology Department,0,"gauge, calibration, testing, machine, laser"
28.0,"Long Gauge Block (Metric Rectangular, Square)
Material : Steel",600 mm to 1000 mm,"Q[50 nm, 0.80E-6 L]","6,750/piece","Comparison Method, Dlc, Deviation from central length, Variation (fo, fu) Measuring faces inspection without lapping.",08021 - 10603,Dimensional Metrology Department,6750.0,Dimensional Metrology Department,0,"gauge, calibration, testing, machine, laser"
29.0,Length Bar,Up to 800 mm,"Q[50 nm, 0.80E-6 L]","3,380/piece","Comparison Method, Dlc, Deviation from central length, Variation (fo, fu) Measuring faces inspection.",08021 - 10701,Dimensional Metrology Department,3380.0,Dimensional Metrology Department,0,"gauge, calibration, testing, machine, laser"
30.0,Ball Bar / Nest Bar,up to 800 mm,1.2 ?m,"3,780/piece",Direct measurement by ULM and laser interferometer,08021 - 10703,Dimensional Metrology Department,3780.0,Dimensional Metrology Department,0,"gauge, calibration, testing, machine, laser"
31.0,"Long Gauge Block (Metric Rectangular)
Material : Steel",>150 mm to 500 mm,"Q[20 nm, 0.44E-6 L]","10,000/piece","Optical Interferometry method, Deviation from central length Measuring faces inspection and lapping. Both side wringing",08021 - 10801,Dimensional Metrology Department,10000.0,Dimensional Metrology Department,0,"gauge, calibration, testing, machine, laser"
32.0,"Long Gauge Block (Metric Rectangular)
Material : Steel",600 mm to 1000 mm,"Q[20 nm, 0.44E-6 L]","15,000/piece","Optical Interferometry method, Deviation from central length Measuring faces inspection and lapping.  Both side wringing",08021 - 10802,Dimensional Metrology Department,15000.0,Dimensional Metrology Department,0,"gauge, calibration, testing, machine, laser"
33.0,"Square Gauge Block
Material : Steel",0.5 mm to 125 mm,"Q[28 nm, 0.35E-6 L]","1,730/piece","Optical Interferometry method, 
Deviation from central length Measuring faces inspection without lapping. Both side wringing",08021 - 11001,Dimensional Metrology Department,1730.0,Dimensional Metrology Department,0,"gauge, calibration, testing, machine, laser"
34.0,Step Master ; Material : Steel,Up to 300 mm,0.028 mm,12500,"Optical Interferometry method, Length difference",08021 - 11101,Dimensional Metrology Department,12500.0,Dimensional Metrology Department,0,"gauge, calibration, testing, machine, laser"
35.0,Step Master ; Material : Ceramic,Up to 300 mm,0.030 mm,12500,"Optical Interferometry method, Length difference",08021 - 11102,Dimensional Metrology Department,12500.0,Dimensional Metrology Department,0,"gauge, calibration, testing, machine, laser"
194.0,Gauge Block Comparator,0.5 mm to 100 mm,37 nm,"25,000/piece","Cal. by 11 Gauge Blocks 0.5 to 100 mm
Euramet cg-2/v.02 (03/2011)                                       ",08021 - 30801,Dimensional Metrology Department,25000.0,Dimensional Metrology Department,0,"gauge, calibration, testing, machine, laser"
184.0,Universal Length Measuring Machine (ULM),Up to 500 mm,"Q[0.050 um, 0.80E-6 L]","30,000/piece (10 points) + 1,000/point",Direct measurement with gauge block ,08021 - 30901,Dimensional Metrology Department,30000.0,Dimensional Metrology Department,0,"gauge, calibration, testing, machine, laser"
185.0,Universal Length Measuring Machine (ULM),>500 mm to 1000 mm,"Q[0.060 um, 0.80E-6 L]","30,000/piece (10 points) + 1,000/point",Direct measurement with gauge block ,08021 - 30901,Dimensional Metrology Department,30000.0,Dimensional Metrology Department,0,"gauge, calibration, testing, machine, laser"
186.0,Universal Length Measuring Machine (ULM),Up to 2000 mm,"Q[0.040 um, 0.40E-6 L]","40,000/piece (10 points) + 1,000/point",Direct measurement with Laser Interferometer ,08021 - 30902,Dimensional Metrology Department,40000.0,Dimensional Metrology Department,0,"gauge, calibration, testing, machine, laser"
36.0,"Autocollimator (Analog, Digital)","± 1000""","0.2""","25,000/piece",Calibration by standard autocollimator,08031 - 10101,Dimensional Metrology Department,25000.0,Dimensional Metrology Department,5,"digital, dna, analog, plasmid, dial"
37.0,"Autocollimator (Analog, Digital)","± 1500""","0.15""","25,000/piece",Calibration by Self calibration angle system,08031 - 10103,Dimensional Metrology Department,25000.0,Dimensional Metrology Department,5,"digital, dna, analog, plasmid, dial"
38.0,Rotary Encoder,0 - 360 degree,"0.06""","25,000/piece",Calibration by self calibration angle system (SCMS-127),08031 - 10201,Dimensional Metrology Department,25000.0,Dimensional Metrology Department,0,"gauge, calibration, testing, machine, laser"
39.0,Rotary Encoder,0 - 360 degree,"0.11""","25,000/piece",Calibration by self calibration angle system (SCMS-107),08031 - 10202,Dimensional Metrology Department,25000.0,Dimensional Metrology Department,0,"gauge, calibration, testing, machine, laser"
40.0,Rotary Encoder,0 - 360 degree,"7""","25,000/piece",Calibration by self calibration angle system,08031 - 10203,Dimensional Metrology Department,25000.0,Dimensional Metrology Department,0,"gauge, calibration, testing, machine, laser"
41.0,Polygon,3 to 72 faces,"0.2""","1,000/face",Calibration by one autocollimator ,08031 - 10301,Dimensional Metrology Department,1000.0,Mechanical  Metrology Department,0,"gauge, calibration, testing, machine, laser"
42.0,Polygon,3 to 72 faces,"0.25""",750/face,Calibration by  two autocollimator ,08031 - 10305,Dimensional Metrology Department,750.0,Mechanical  Metrology Department,0,"gauge, calibration, testing, machine, laser"
43.0,Polygon,3 to 72 faces,"0.2""","1,000/face",Calibration by self calibration rotray encoder system,08031 - 10309,Dimensional Metrology Department,1000.0,Mechanical  Metrology Department,0,"gauge, calibration, testing, machine, laser"
44.0,Angle Gauge Block,up to 90o,"0.33""","1,500/piece",Calibration by autocalimator,08031 - 10401,Dimensional Metrology Department,1500.0,Dimensional Metrology Department,0,"gauge, calibration, testing, machine, laser"
45.0,Indexing Table,0o to 360o,"0.2""","1,000/position",Calibration by  one autocollimator ,08031 - 10501,Dimensional Metrology Department,1000.0,Mechanical  Metrology Department,0,"gauge, calibration, testing, machine, laser"
46.0,Electronic Inclinometer,"±1000"" ","0.35""","15,000/range",Calibration by autocollimator,08031 - 10901,Dimensional Metrology Department,15000.0,Dimensional Metrology Department,0,"gauge, calibration, testing, machine, laser"
47.0,Electronic Level,±60o,0.002o,"5,000",Calibration by rotary encorder,08031 - 10902,Dimensional Metrology Department,5000.0,Dimensional Metrology Department,0,"gauge, calibration, testing, machine, laser"
195.0,Precision Level,Full range,5.4 mm/m,"5,630/piece",Calibration by autocollimator,08031 - 11001,Dimensional Metrology Department,5630.0,Dimensional Metrology Department,0,"gauge, calibration, testing, machine, laser"
48.0,Cylindrical Square,Up to 400 mm,2.3 ?m,"5,000/side",Calibration by Master Square,08031 - 11101,Dimensional Metrology Department,5000.0,Dimensional Metrology Department,0,"gauge, calibration, testing, machine, laser"
49.0,Standard Square,Up to 400 mm,2.3 µm,"5,000/side",Calibration by Master Square and Measuring Probe,08031 - 11201,Dimensional Metrology Department,5000.0,Dimensional Metrology Department,4,"standard, solution, mass, set, ph"
50.0,Squareness Tester,Up to 400 mm,2.0 µm,"5,000",Calibration by Master Square,08031 - 11301,Dimensional Metrology Department,5000.0,Dimensional Metrology Department,0,"gauge, calibration, testing, machine, laser"
51.0,Precision Square,Up to 400 mm,2.5 ?m,"5,000",Calibration by Master Square & Gauge Blocks,08031 - 11401,Dimensional Metrology Department,5000.0,Dimensional Metrology Department,0,"gauge, calibration, testing, machine, laser"
196.0,Bevel protractor,0° to 360°,1.3',5000,Cal. By angle gauge block,08031 - 11501,Dimensional Metrology Department,5000.0,Mechanical  Metrology Department,0,"gauge, calibration, testing, machine, laser"
52.0,Square and Squareness Tester,Up to 1000 mm,0.4 µm,"10,000 (For up to 10 points) + 1,000/point",Calibration by using reversal method,08031 - 11501,Dimensional Metrology Department,10000.0,Dimensional Metrology Department,0,"gauge, calibration, testing, machine, laser"
53.0,Small Angle Generator,"?5,000 ?m/m",2 ?m/m,15000,Calibration by autocollimator,08031 - 11901,Dimensional Metrology Department,15000.0,Dimensional Metrology Department,0,"gauge, calibration, testing, machine, laser"
54.0,Sine Bar,up to 45o,0.0021o,5000,Calibration by Gauge Blocks and Angle Gauge Blocks,08031 - 12001,Dimensional Metrology Department,5000.0,Dimensional Metrology Department,0,"gauge, calibration, testing, machine, laser"
55.0,Straightedge,up to 1000 mm,1.0 ?m,"5,000",Calibration straighness measuring machine,08031 - 12201,Dimensional Metrology Department,5000.0,Mechanical  Metrology Department,0,"gauge, calibration, testing, machine, laser"
56.0,Straightness Measuring Machine,"up to 2,500 mm",(1.6E-3 L) ?m,"5,000",Calibration by standard autocollimator,08031 - 12202,Dimensional Metrology Department,5000.0,Dimensional Metrology Department,0,"gauge, calibration, testing, machine, laser"
57.0,Straightness Measuring Machine and Straightedge,up to 3000 mm,0.7 ?m,"10,000/m",Calibration by using reversal method,08031 - 12203,Dimensional Metrology Department,10000.0,Dimensional Metrology Department,0,"gauge, calibration, testing, machine, laser"
197.0,Surface plate,"250x160 mm to 2,500x1,600 mm",0.5 to 5.5 um,"15,000",Cal by Inclinometer,08031 - 12301,Dimensional Metrology Department,15000.0,Dimensional Metrology Department,0,"gauge, calibration, testing, machine, laser"
187.0,Rotary encoder,0-360 degree,"5""","30,000",Comparative measurement using reference encoder,08031 - 30201,Dimensional Metrology Department,30000.0,Dimensional Metrology Department,0,"gauge, calibration, testing, machine, laser"
58.0,Plain Ring Gauge,0.1 to 100 mm,"Q[0.37 µm, 1.3E-06 D]","2,410/piece",Calibration by Small Internal Diameter Measurement (IDM),08041 - 10101,Dimensional Metrology Department,2410.0,Dimensional Metrology Department,0,"gauge, calibration, testing, machine, laser"
59.0,Plain Ring Gauge,0.5 mm to 300 mm,"Q[0.25 µm, 1.8E-06 D]","4,410/piece",Compare measurement method with setting plain ring gauge,08041 - 10102,Dimensional Metrology Department,4410.0,Dimensional Metrology Department,0,"gauge, calibration, testing, machine, laser"
60.0,Plain Ring Gauge (Hole),2.5 mm - 160 mm,1.5 ?m,"5,000/piece",Contact scanning with measuring probe ,08041 - 10103,Dimensional Metrology Department,5000.0,Dimensional Metrology Department,0,"gauge, calibration, testing, machine, laser"
61.0,Go - No Go Plain Ring Gauge,0.1 to 100 mm,"Q[0.37 µm, 1.3E-06 D]","2,410/side",Calibration by Small Internal Diameter Measurement (IDM),08041 - 10201,Dimensional Metrology Department,2410.0,Dimensional Metrology Department,0,"gauge, calibration, testing, machine, laser"
62.0,Taper Plain Ring Gauge,Pitch 0.45 mm to 8 mm,2.0 µm,"2,410/piece",Cal. by Universal length measuring Machine,08041 - 10301,Dimensional Metrology Department,2410.0,Dimensional Metrology Department,0,"gauge, calibration, testing, machine, laser"
63.0,Go - No Go Taper Plain Ring Gauge,Pitch 0.45 mm to 8 mm,2.0 µm,"2,410/side",Cal. by Universal length measuring Machine,08041 - 10401,Dimensional Metrology Department,2410.0,Dimensional Metrology Department,0,"gauge, calibration, testing, machine, laser"
64.0,Plain Plug Gauge,0.1 to 300 mm,"Q[0.20 µm, 1.0E-06 D] ","2,410/piece",Cal. by Universal length measuring Machine ,08041 - 10501,Dimensional Metrology Department,2410.0,Dimensional Metrology Department,0,"gauge, calibration, testing, machine, laser"
65.0,Plain Plug Gauge (Shaft),1 mm - 150 mm,1.5 ?m,"5,000/piece",Contact scanning with measuring probe ,08041 - 10502,Dimensional Metrology Department,5000.0,Dimensional Metrology Department,0,"gauge, calibration, testing, machine, laser"
66.0,Go-No Go Plain Plug Gauge,0.1 to 300 mm,"Q[0.20 µm, 1.0E-06 D] ","2,410/side",Cal. by Universal length measuring Machine ,08041 - 10601,Dimensional Metrology Department,2410.0,Dimensional Metrology Department,0,"gauge, calibration, testing, machine, laser"
198.0,Pin Gauge,0.1 to 1 mm,"Q[0.20 µm, 1.0E-06 D] ","2,410/piece",Cal. by Universal length measuring Machine ,08041 - 10701,Dimensional Metrology Department,2410.0,Dimensional Metrology Department,0,"gauge, calibration, testing, machine, laser"
199.0,Pin Gauge,1 to 100 mm,"Q[0.20 µm, 1.0E-06 D] ","2,410/piece",Cal. by Universal length measuring Machine ,08041 - 10702,Dimensional Metrology Department,2410.0,Dimensional Metrology Department,0,"gauge, calibration, testing, machine, laser"
200.0,Pin Gauge,100 to 300 mm,"Q[0.20 µm, 1.0E-06 D] ","2,410/piece",Cal. by Universal length measuring Machine ,08041 - 10703,Dimensional Metrology Department,2410.0,Dimensional Metrology Department,0,"gauge, calibration, testing, machine, laser"
67.0,Sphere,dia. Up to 300 mm,"Q[0.20 µm, 1.0E-06 D]","2,410/piece",Cal. by Universal length measuring Machine,08041 - 10801,Dimensional Metrology Department,2410.0,Mechanical  Metrology Department,0,"gauge, calibration, testing, machine, laser"
68.0,3-Wire Unit,All sizes,"Q[0.20 µm, 1.0E-06 D] ","2,820/set",Cal. by Universal length measuring Machine,08041 - 10901,Dimensional Metrology Department,2820.0,Dimensional Metrology Department,0,"gauge, calibration, testing, machine, laser"
69.0,Taper Plain Plug Gauge,from pitch 0.45 - 8 mm,2.0 µm,"3,500/piece",Cal. by Universal length measuring Machine and T-Ball Sttylus,08041 - 11501,Dimensional Metrology Department,3500.0,Dimensional Metrology Department,0,"gauge, calibration, testing, machine, laser"
70.0,Parallel Thread Ring Gauge,from pitch 0.45 - 8 mm,1.5 µm,"3,500/piece",Cal. by Universal length measuring Machine and T-Ball Sttylus,08041 - 11701,Dimensional Metrology Department,3500.0,Dimensional Metrology Department,0,"gauge, calibration, testing, machine, laser"
71.0,Parallel Thread Ring Gauge,2.5 mm - 160 mm,2.5 ?m,"5,000/piece",Contact scanning with measuring probe ,08041 - 11702,Dimensional Metrology Department,5000.0,Dimensional Metrology Department,0,"gauge, calibration, testing, machine, laser"
72.0,Go - No Go Parallel Thread Ring Gague,from pitch 0.45 - 8 mm,1.5 µm,"3,500/piece",Cal. by Universal length measuring Machine and T-Ball Sttylus,08041 - 11801,Dimensional Metrology Department,3500.0,Dimensional Metrology Department,0,"gauge, calibration, testing, machine, laser"
73.0,Taper Thread Ring Gauge,from pitch 0.45 - 8 mm,2.0 µm,"3,500/piece",Cal. by Universal length measuring Machine and T-Ball Sttylus,08041 - 11901,Dimensional Metrology Department,3500.0,Dimensional Metrology Department,0,"gauge, calibration, testing, machine, laser"
74.0,Parallel Thread Plug Gauge,from pitch 0.2 - 6 mm,1.5 µm,"3,500/piece",Cal. by Universal length measuring Machine and 3-Wires,08041 - 12101,Dimensional Metrology Department,3500.0,Dimensional Metrology Department,0,"gauge, calibration, testing, machine, laser"
75.0,Parallel Thread Plug Gauge,1 mm - 150 mm,2.5 ?m,"5,000/piece",Contact scanning with measuring probe ,08041 - 12102,Dimensional Metrology Department,5000.0,Dimensional Metrology Department,0,"gauge, calibration, testing, machine, laser"
76.0,Go - No Go Parallel Thread Plug Gauge,from pitch 0.2 - 6 mm,1.5 µm,"3,500/piece",Cal. by Universal length measuring Machine and 3-Wires,08041 - 12201,Dimensional Metrology Department,3500.0,Dimensional Metrology Department,0,"gauge, calibration, testing, machine, laser"
77.0,Taper Thread Plug Gauge,from pitch 0.45 - 8 mm,2.0 µm,"3,500/piece",Cal. by Universal length measuring Machine and T-Ball Sttylus,08041 - 12301,Dimensional Metrology Department,3500.0,Dimensional Metrology Department,0,"gauge, calibration, testing, machine, laser"
78.0,Taper Thread Plug Gauge,1 mm - 150 mm,2.5 ?m,"5,000/piece",Contact scanning with measuring probe ,08041 - 12302,Dimensional Metrology Department,5000.0,Dimensional Metrology Department,0,"gauge, calibration, testing, machine, laser"
79.0,Taper Thread Ring Gauge,2.5 mm - 160 mm,2.5 µm,"5,000/piece",Contact scanning with measuring probe ,08041 - 12303,Dimensional Metrology Department,5000.0,Dimensional Metrology Department,0,"gauge, calibration, testing, machine, laser"
80.0,Pitch,0.1 mm - 20 mm,1 µm,"5,000/piece",Contact scanning with measuring probe ,08041 - 12304,Dimensional Metrology Department,5000.0,Dimensional Metrology Department,0,"gauge, calibration, testing, machine, laser"
81.0,Thread Angle,7° - 180°,0.12°,"5,000/piece",Contact scanning with measuring probe ,08041 - 12305,Dimensional Metrology Department,5000.0,Dimensional Metrology Department,0,"gauge, calibration, testing, machine, laser"
82.0,Taper,0 - 0.5,0.0024,"5,000/piece",Contact scanning with measuring probe ,08041 - 12306,Dimensional Metrology Department,5000.0,Dimensional Metrology Department,0,"gauge, calibration, testing, machine, laser"
83.0,Pitch of thread gauge,0 mm to 120 mm,2.3 µm,"2,030/piece",Cal. By Contour Measuring Machine,08041 - 12501,Dimensional Metrology Department,2030.0,Dimensional Metrology Department,0,"gauge, calibration, testing, machine, laser"
84.0,X-Axis Contour Measuring Machine,0 mm to 120 mm,1.3 µm,"10,030/piece",Compare with standard glass scale,08041 - 12502,Dimensional Metrology Department,10030.0,Dimensional Metrology Department,0,"gauge, calibration, testing, machine, laser"
85.0,Included angle of thread gauge,0-90 degree,0.06 degree,"2,030/piece",Cal. By Contour Measuring Machine,08041 - 12601,Dimensional Metrology Department,2030.0,Dimensional Metrology Department,0,"gauge, calibration, testing, machine, laser"
86.0,"Contour specimen
- x-axis (pitch)",up to 200 mm,2.3 µm,"5,000/5 points + 1,000/point",Direct measurement by using Contour Measuring Machine,08041 - 12701,Dimensional Metrology Department,5000.0,Dimensional Metrology Department,0,"gauge, calibration, testing, machine, laser"
87.0,"Contour specimen
- z-axis (step, height)",up to 20 mm,1.6 µm,"5,000/5 points + 1,000/point",Direct measurement by using Contour Measuring Machine,08041 - 12702,Dimensional Metrology Department,5000.0,Dimensional Metrology Department,0,"gauge, calibration, testing, machine, laser"
201.0,Height Master (analog/digital),0 to 300 mm,0.3 mm + 3E-6 L,"13,500/piece",Cal. by Gauge block or Length Bar,08051 - 10101,Dimensional Metrology Department,13500.0,Dimensional Metrology Department,5,"digital, dna, analog, plasmid, dial"
202.0,Height Master (analog/digital),0 to 600 mm,0.3 mm + 3E-6 L,"22,500/piece",Cal. by Gauge block or Length Bar,08051 - 10102,Dimensional Metrology Department,22500.0,Dimensional Metrology Department,5,"digital, dna, analog, plasmid, dial"
88.0,Check Master/ Step Gauge,0 to 300 mm,"Q[0.20 µm, 7.7E-06 L]","10,660/piece",Cal. By Laser Interferometer,08051 - 10201,Dimensional Metrology Department,10660.0,Dimensional Metrology Department,0,"gauge, calibration, testing, machine, laser"
89.0,Check Master/ Step Gauge,0 to 600 mm,"Q[0.20 µm, 7.7E-06 L]","13,160/piece",Cal. By Laser Interferometer,08051 - 10202,Dimensional Metrology Department,13160.0,Dimensional Metrology Department,0,"gauge, calibration, testing, machine, laser"
90.0,Check Master/ Step Gauge,0 to 1020 mm,"Q[0.20 µm, 7.7E-06 L]","15,660/piece",Cal. By Laser Interferometer,08051 - 10203,Dimensional Metrology Department,15660.0,Dimensional Metrology Department,0,"gauge, calibration, testing, machine, laser"
91.0,Gear standard  Spur gear  :  Profile slope deviation,25 to 400 mm,1.0 to 3.0 µm,"7,880/piece",Cal. by Coordinate Measuring Machine,08051 - 10301,Dimensional Metrology Department,7880.0,Dimensional Metrology Department,0,"gauge, calibration, testing, machine, laser"
92.0,Gear standard  Spur gear  :   Profile slope deviation,up to 45o,1.0 to 2.0 µm,"7,880/piece",Cal. by Coordinate Measuring Machine,08051 - 10401,Dimensional Metrology Department,7880.0,Dimensional Metrology Department,0,"gauge, calibration, testing, machine, laser"
93.0,Spur gear : Pitch,up to 400 mm,2.0 µm,"7,880/piece",Cal. by Coordinate Measuring Machine,08051 - 10501,Dimensional Metrology Department,7880.0,Dimensional Metrology Department,0,"gauge, calibration, testing, machine, laser"
94.0,Bevel Gear : form deviation,up to 300 mm,2.0 µm,"7,880/piece",Cal. by Coordinate Measuring Machine,08051 - 10601,Dimensional Metrology Department,7880.0,Dimensional Metrology Department,0,"gauge, calibration, testing, machine, laser"
95.0,Ball Plate,up to 1000 mm,"Q[0.26 µm, 1.9E-06 L]","36,000/piece",Cal. by Coordinate Measuring Machine with Laser Interferometer,08051 - 10701,Dimensional Metrology Department,36000.0,Dimensional Metrology Department,0,"gauge, calibration, testing, machine, laser"
96.0,2-D Coordinate (Hole Plate),Up to 1000 mm,"Q[0.25 µm, 0.42E-6L]","106,250/piece",Swing-round method and laser interferometer integrated with CMM,08051 - 10702,Dimensional Metrology Department,106250.0,Dimensional Metrology Department,0,"gauge, calibration, testing, machine, laser"
97.0,Depth Micro-Checker,0 to 150 mm,"Q[0.68 µm, 1.1E-06 L]","9,000/piece",Cal. by Coordinate Measuring Machine,08051 - 10801,Dimensional Metrology Department,9000.0,Dimensional Metrology Department,0,"gauge, calibration, testing, machine, laser"
98.0,Depth Micro-Checker,0 to 300 mm,"Q[0.68 µm, 1.1E-06 L]","11,250/piece",Cal. by Coordinate Measuring Machine,08051 - 10802,Dimensional Metrology Department,11250.0,Dimensional Metrology Department,0,"gauge, calibration, testing, machine, laser"
99.0,Depth Micro-Checker,0 to 150 mm,"Q[0.48 µm, 0.67E-06 L]","10,625/piece",Cal. by substitution method using CMM,08051 - 10803,Dimensional Metrology Department,10625.0,Dimensional Metrology Department,0,"gauge, calibration, testing, machine, laser"
100.0,Inside Micro-Checker,0 to 300 mm,"Q[0.20 µm, 7.7E-07 L]","10,660/piece",Cal. by Laser Interferometer,08051 - 10901,Dimensional Metrology Department,10660.0,Dimensional Metrology Department,0,"gauge, calibration, testing, machine, laser"
101.0,Inside Micro-Checker,0 to 600 mm,"Q[0.20 µm, 7.7E-07 L]","13,160/piece",Cal. by Laser Interferometer,08051 - 10902,Dimensional Metrology Department,13160.0,Dimensional Metrology Department,0,"gauge, calibration, testing, machine, laser"
102.0,Inside Micro-Checker,0 to 1020 mm,"Q[0.20 µm, 7.7E-07 L]","15,660/piece",Cal. by Laser Interferometer,08051 - 10903,Dimensional Metrology Department,15660.0,Dimensional Metrology Department,0,"gauge, calibration, testing, machine, laser"
103.0,Caliper Checker/ Vernier Checker,0 to 300 mm,"Q[0.20 µm, 7.7E-06 L]","10,660/piece",Cal. by Laser Interferometer,08051 - 11001,Dimensional Metrology Department,10660.0,Dimensional Metrology Department,0,"gauge, calibration, testing, machine, laser"
104.0,Caliper Checker/ Vernier Checker,0 to 600 mm,"Q[0.20 µm, 7.7E-06 L]","13,160/piece",Cal. by Laser Interferometer,08051 - 11002,Dimensional Metrology Department,13160.0,Dimensional Metrology Department,0,"gauge, calibration, testing, machine, laser"
105.0,Caliper Checker/ Vernier Checker,0 to 1020 mm,"Q[0.20 µm, 7.7E-06 L]","15,660/piece",Cal. by Laser Interferometer,08051 - 11003,Dimensional Metrology Department,15660.0,Dimensional Metrology Department,0,"gauge, calibration, testing, machine, laser"
106.0,3-D Artifacts,"Up to X×Y×Z
(1200×1000×700) mm","Q[0.70 µm, 2.30E-6 L]","2,500 + 900/parameter or depend on drawing",Direct measurement by CMM,08051 - 11011,Dimensional Metrology Department,2500.0,Mechanical  Metrology Department,0,"gauge, calibration, testing, machine, laser"
231.0,NIMT Reference Wall,Up to 8.5 m,"Q[3.52 um, 0.22E-6 L] ","112,550/Set",Interferometer,08051 - 11021,Dimensional Metrology Department,112550.0,Mechanical  Metrology Department,0,"gauge, calibration, testing, machine, laser"
232.0,"Calibration of Standard of Arm CMM
(Sphere Ball Beam)",Up to 2.0 m,"Q[0.98 um, 2.01E-06L]","27,550/piece",Re-position measurement by CMM,08051 - 11031,Dimensional Metrology Department,27550.0,Dimensional Metrology Department,4,"standard, solution, mass, set, ph"
233.0,"Articulated Arm Coordinate Measuring Machines,
(AACMM) using tactile probes verification",Up to 2.5 m,"0.06 um, for probing test

Q[1.00 um, 2.32E-06L]
for length measurement
erro","75,050/piece",ISO10360-12,08051 - 11041,Dimensional Metrology Department,75050.0,Dimensional Metrology Department,0,"gauge, calibration, testing, machine, laser"
2501.0,Laser Tracker,Up to 30 m,"Q[3.9 ?m, 1.0E-06L]","87,500",ISO 10360-10: 2021,08051-11051,Dimensional Metrology Department,87500.0,Dimensional Metrology Department,0,"gauge, calibration, testing, machine, laser"
203.0,Optical Parallel : Flatness,max. dia. 60 mm,0.02 um,"1,600/piece","Cal. by Flatness Interferometer, 
Universal Length Measuring Machine (ULM) and/or  
Gauge Block Comparator (GBC)",08061 - 10101,Dimensional Metrology Department,1600.0,Dimensional Metrology Department,0,"gauge, calibration, testing, machine, laser"
204.0,Optical Parallel : Parallelism,max. dia. 60 mm,"ULM : Q[0.060 um, 6.48E-06 P]

GBC : 0.080 um","1,600/piece","Cal. by Flatness Interferometer, 
Universal Length Measuring Machine (ULM) and/or  
Gauge Block Comparator (GBC)
where P representing measured parallelism of the optical parallel",08061 - 10101,Dimensional Metrology Department,1600.0,Dimensional Metrology Department,0,"gauge, calibration, testing, machine, laser"
205.0,Optical Parallel : Thickness,max. dia. 60 mm,0.15 um,"1,600/piece","Cal. by Flatness Interferometer, 
Universal Length Measuring Machine (ULM) and/or  
Gauge Block Comparator (GBC)
where L representing nominal thickness of the optical parallel",08061 - 10101,Dimensional Metrology Department,1600.0,Dimensional Metrology Department,0,"gauge, calibration, testing, machine, laser"
107.0,Optical Flat,max. dia. 60 mm,20 nm,"2,500/piece",Cal. by Flatness Interferometer,08061 - 10201,Dimensional Metrology Department,2500.0,Dimensional Metrology Department,0,"gauge, calibration, testing, machine, laser"
108.0,Optical Flat,max. dia. 300 mm,"Q[37 nm, 2E-09 F]","7,500/piece",Cal. by Non-contact measurement using Flatness Interferometer,08061 - 10202,Dimensional Metrology Department,7500.0,Dimensional Metrology Department,0,"gauge, calibration, testing, machine, laser"
109.0,Transmission Flat/Reference Flat,max. dia. 300 mm,"Q[25 nm, 2.0E-06 F]","11,500/piece",Absolute Flatness calibration by 3-Flat Test method,08061 - 10203,Dimensional Metrology Department,11500.0,Dimensional Metrology Department,0,"gauge, calibration, testing, machine, laser"
110.0,"Glass Hemisphere
Roundness specimen (High precision)",dia. Up to 355 mm,"Q[8.0 nm, 8.0E-03 R]","11,500/piece","Error seperation technique by multistep method (Stylus-on-spindle)
where R representing roundness value
Soft file of measurement result charge +2500 baht/file",08061 - 10301,Dimensional Metrology Department,11500.0,Dimensional Metrology Department,0,"gauge, calibration, testing, machine, laser"
111.0,Roundness of specimen/workpiece,dia. Up to 355 mm,"Q[11.1 nm, 1.1E-02 R]","7,530/piece","Soft file of measurement result charge +2500 baht/file
where R representing measured value of roundness",08061 - 10401,Dimensional Metrology Department,7530.0,Dimensional Metrology Department,0,"gauge, calibration, testing, machine, laser"
112.0,"Cylinder/Cylindrical standard
- Cylindricity","Height up to 500 mm 
Diameter up to 300 mm 
Maximum runout: 2.06 mm","Q[0.16 µm, 1.17E-06 H]","7,530","Direct measurement by Roundness Measuring Instrument
where H representing measured height of the cylinder",08061 - 10402,Dimensional Metrology Department,7530.0,Dimensional Metrology Department,4,"standard, solution, mass, set, ph"
113.0,"Cylinder/Cylindrical standard
- Straightness","Height up to 500 mm 
Diameter up to 300 mm 
Maximum runout: 2.06 mm","Q[77 nm, 0.10E-06 L]","7,530","Direct measurement by Roundness Measuring Instrument based on Reversal method
where L representing travel length",08061 - 10403,Dimensional Metrology Department,7530.0,Dimensional Metrology Department,4,"standard, solution, mass, set, ph"
114.0,"Cylinder/Cylindrical standard
- Parallelism","Height up to 500 mm 
Diameter up to 300 mm 
Maximum runout: 2.06 mm","Q[0.16 µm, 1.2E-06 H]","7,530","Direct measurement by Roundness Measuring Instrument
where H representing measured height of the cylinder",08061 - 10404,Dimensional Metrology Department,7530.0,Dimensional Metrology Department,4,"standard, solution, mass, set, ph"
115.0,"Cylinder/Cylindrical standard
- Squareness","Height up to 500 mm 
Diameter up to 300 mm 
Maximum runout: 2.06 mm","Q[0.40 µm, 1.2E-06 H]","7,530","Direct measurement by Roundness Measuring Instrument
where H representing measured height of the cylindrical square",08061 - 10405,Dimensional Metrology Department,7530.0,Dimensional Metrology Department,4,"standard, solution, mass, set, ph"
116.0,Harmonic Standard,"Up to 80 mm
(Diameter up to 300 mm, Height up to 500 mm)","Q[53 nm, 8.0E-3 R]","7,530/range",Direct measurement by roundness measuring instrument (TR595H machine),08061 - 10406,Dimensional Metrology Department,7530.0,Electrical  Metrology Department,4,"standard, solution, mass, set, ph"
117.0,"Roughness Specimen (Type A), Step Height",25 nm to 32 um,"Q[6.7 nm, 5.6E-03 Zm]","5,030/step","Contact measurement by Roughness (stylus) Measuring Instrument
where d representing depth",08061 - 10501,Dimensional Metrology Department,5030.0,Dimensional Metrology Department,0,"gauge, calibration, testing, machine, laser"
118.0,"Roughness Specimen (Type A), Step Height",10 nm  to 0.1 um,"Q[6.0 nm, 0.20 Zm]","6,280/step","Non-contact measurement using Interference Microscope
where d representing depth ",08061 - 10502,Dimensional Metrology Department,6280.0,Dimensional Metrology Department,0,"gauge, calibration, testing, machine, laser"
119.0,"Roughness Specimen (Type C or Type D), Roughness Specimen",25 nm to 32 um,"Ra: Q[9 nm, 5.6E-03 Zm]","7,530/range","Contact measurement by Roughness (stylus) Measuring Instrument
where Ra, Rz and Sm representing roughness value",08061 - 10601,Dimensional Metrology Department,7530.0,Dimensional Metrology Department,0,"gauge, calibration, testing, machine, laser"
120.0,"Roughness Specimen (Type C or Type D), Roughness Specimen",25 nm to 32 um,"Rz: Q[21 nm, 8.8 E-03 Zm]","7,530/range","Contact measurement by Roughness (stylus) Measuring Instrument
where Ra, Rz and Sm representing roughness value",08061 - 10602,Dimensional Metrology Department,7530.0,Dimensional Metrology Department,0,"gauge, calibration, testing, machine, laser"
121.0,"Roughness Specimen (Type C or Type D), Roughness Specimen",25 nm to 32 um,"Rsm: Q[0.58 um, 20E-03 Sm]","7,530/range","Contact measurement by Roughness (stylus) Measuring Instrument
where Ra, Rz and Sm representing roughness value",08061 - 10603,Dimensional Metrology Department,7530.0,Dimensional Metrology Department,0,"gauge, calibration, testing, machine, laser"
123.0,Roughness specimen (Areal parameter),0.01 um to 3 um,"Sa: Q[30 nm, 7.3E-03 Zm]","7,530/range","Non-contact measurement using Interference Microscope
where Zm representing measured value",08061 - 10611,Dimensional Metrology Department,7530.0,Dimensional Metrology Department,0,"gauge, calibration, testing, machine, laser"
124.0,Roughness specimen (Areal parameter),0.01 um to 3 um,"Sq: Q[31 nm, 7.3E-03 Zm]","7,530/range","Non-contact measurement using Interference Microscope
where Zm representing measured value",08061 - 10612,Dimensional Metrology Department,7530.0,Dimensional Metrology Department,0,"gauge, calibration, testing, machine, laser"
125.0,Roughness specimen (Areal parameter),0.01 um to 7 um,"Sa: Q[52 nm, 7.3E-3 Zm]","7,530/range","Non-contact and Direct measurement using 3D Measuring Laser Microscope
where Zm representing measured value",08061 - 10621,Dimensional Metrology Department,7530.0,Dimensional Metrology Department,0,"gauge, calibration, testing, machine, laser"
126.0,Roughness specimen (Areal parameter),0.01 um to 7 um,"Sz: Q[166 nm, 1.1E-2 Zm]","7,530/range","Non-contact measurement using 3D Measuring Laser Microscope
where Zm representing measured value",08061 - 10622,Dimensional Metrology Department,7530.0,Dimensional Metrology Department,0,"gauge, calibration, testing, machine, laser"
236.0,Flatness Tester,,³ 40 nm,"200,000/ea.","The flatness tester system, reference flat, software, including training",08061 - 10701,Dimensional Metrology Department,200000.0,Dimensional Metrology Department,0,"gauge, calibration, testing, machine, laser"
127.0,Step height / depth standard,1 nm to 100 nm,"Q[0.73 nm, 1.8E-06 Zm]","11,500/piece",Measurement by Metrological Nanomeasuring and Nanopositioning Machine ,08061 - 10901,Dimensional Metrology Department,11500.0,Dimensional Metrology Department,4,"standard, solution, mass, set, ph"
128.0,Pitch standard,0.1 um to 100 um,"Q[3.4 nm, 2.9E-3 Pm]","11,500/piece",Measurement by Metrological Nanomeasuring and Nanopositioning Machine ,08061 - 11001,Dimensional Metrology Department,11500.0,Dimensional Metrology Department,4,"standard, solution, mass, set, ph"
129.0,Radius of curvature,up to 600 mm,"Q[0.75 um, 2.2E-05 L]","2,530","Non-contact measurement using Fizeau interferometer
where L representing measured radius of curvature",08061 - 11101,Dimensional Metrology Department,2530.0,Mechanical  Metrology Department,0,"gauge, calibration, testing, machine, laser"
130.0,Sphericity and form error of spherical part,F/#: 10.7,23 nm,"7,530/piece",Non-contact measurement using Fizeau interferometer,08061 - 11102,Dimensional Metrology Department,7530.0,Dimensional Metrology Department,0,"gauge, calibration, testing, machine, laser"
131.0,Lens : Sag,Aperture: 100 mm,1 um,"2,530/piece",Non-contact measurement using Fizeau interferometer,08061 - 11103,Dimensional Metrology Department,2530.0,Dimensional Metrology Department,0,"gauge, calibration, testing, machine, laser"
132.0,Lens : Focal length,"Concave radius: up to 600 mm
Convex radius: up to 600 mm",(7.87 + 0.47E-03 F) um,"3,780/piece","Non-contact measurement using Fizeau Interferometer
where F representing calculated focal length
Reflective Index (n) of a lens is required",08061 - 11201,Dimensional Metrology Department,3780.0,Dimensional Metrology Department,0,"gauge, calibration, testing, machine, laser"
133.0,Lens : Opthalmic power,"Concave radius: up to 600 mm
Convex radius: up to 600 mm",(0.0006 + 0.0005 D) m-1,"3,780/piece","Non-contact measurement using Fizeau Interferometer
where D representing calculated ophthalmic power
Reflective Index (n) of a lens is required",08061 - 11202,Dimensional Metrology Department,3780.0,Dimensional Metrology Department,7,"meter, power, phase, ac, wattmeter"
134.0,Lens : Prism Diopter,up to 0.3,"Q[0.008, 6.6E-04 ?]","5,000/piece","Prism diopter calibration using Mechanical-Bearing Rotary Stage
Reflective Index (n) of a lens is required",08061 - 11203,Dimensional Metrology Department,5000.0,Dimensional Metrology Department,0,"gauge, calibration, testing, machine, laser"
135.0,Lens |Back focal length|,"33 mm to 250 mm
(Diameter up to 100mm)","Q[0.032 mm, 2.5E-6 F2]","2,530/piece",Non contact method by Fizeau inteferometer with a sliding ,08061 - 11204,Dimensional Metrology Department,2530.0,Dimensional Metrology Department,0,"gauge, calibration, testing, machine, laser"
136.0,Lens |Lens power|,"4 m-1 to 30 m-1
(Diameter up to 100mm)","Q[0.003 m-1, 2.7E-5 P2]","2,530/piece",Non contact method by Fizeau inteferometer with a sliding ,08061 - 11205,Dimensional Metrology Department,2530.0,Dimensional Metrology Department,0,"gauge, calibration, testing, machine, laser"
137.0,Angular deviation of a centerline of cylindrical lens,Up to 30¢,1.8¢,"2,530/piece",Direct measurement with a calibrated CCD camera using a standard glass scale,08061 - 11206,Dimensional Metrology Department,2530.0,Dimensional Metrology Department,0,"gauge, calibration, testing, machine, laser"
,Refractive Index of Spherical Lens,"1.524 to
1.526",0.00033,"7,500",,08061 - 11207,Dimensional Metrology Department,7500.0,Dimensional Metrology Department,0,"gauge, calibration, testing, machine, laser"
122.0,"Roughness Specimen (Type C or Type D), Roughness Specimen",25 nm to 32 um,"Rq: Q[11 nm, 4.2E-03 Zm]","7,530/range","Contact measurement by Roughness (stylus) Measuring Instrument
where Zm representing measured value",08061-10604,Dimensional Metrology Department,7530.0,Dimensional Metrology Department,0,"gauge, calibration, testing, machine, laser"
2506.0,Non-contact probe,Length up to 20 um for Dynamic mode,0.2 um + 1.2E-05 L,"1,500/piece","Direct measurement using Dynamic mode, and camparing its reading with laser interferometer",08061-11301,Dimensional Metrology Department,1500.0,Dimensional Metrology Department,0,"gauge, calibration, testing, machine, laser"
2507.0,Non-contact probe,Length up to 4 mm for Static mode,0.5 um + 4.6E-05 L,"7,530/piece","Direct measurement using Static mode, and camparing its reading with laser interferometer",08061-11302,Dimensional Metrology Department,7530.0,Dimensional Metrology Department,0,"gauge, calibration, testing, machine, laser"
207.0,"Vernier Caliper:
Partial surface contact error and Shift error",up to 600 mm,"Partial surface contact error: 
Q[13 um, 1.33E-5 L] 
Shift error (Internal measuring faces): 
Q[13 um, 1.33E-5 L] 
Shift error (Depth and Step measuring faces): 
Q[13 um, 1.33E-5 L] ","3,380/piece",Cal. by Gauge block and Ring gauge,08071 - 10201,Dimensional Metrology Department,3380.0,Dimensional Metrology Department,0,"gauge, calibration, testing, machine, laser"
208.0,"Vernier Caliper:
Partial surface contact error and Shift error",600 mm to 1000 mm,"Partial surface contact error: 
Q[14 um, 1.33E-5 L] 
Shift error (Internal measuring faces): 
Q[13 um, 1.33E-5 L] 
Shift error (Depth and Step measuring faces): 
Q[13 um, 1.33E-5 L] ","3,380/piece",Cal. by Gauge block and Ring gauge,08071 - 10202,Dimensional Metrology Department,3380.0,Dimensional Metrology Department,0,"gauge, calibration, testing, machine, laser"
209.0,Height Measuring Station,0 mm to 300 mm,"Q[0.70 µm, 1.0E-06 D]","11,250/piece",Cal. by Gauge Block,08071 - 10301,Dimensional Metrology Department,11250.0,Dimensional Metrology Department,0,"gauge, calibration, testing, machine, laser"
210.0,Height Measuring Station,0 mm to 600 mm,"Q[0.70 µm, 1.0E-06 D]","12,600/piece",Cal. by Gauge Block,08071 - 10302,Dimensional Metrology Department,12600.0,Dimensional Metrology Department,0,"gauge, calibration, testing, machine, laser"
211.0,Height Gauge,0 mm to 600 mm,"Q[13 um, 1.3E-5L] ","9,000/piece",Cal. by Gauge block and Electronic comparator,08071 - 10401,Dimensional Metrology Department,9000.0,Dimensional Metrology Department,0,"gauge, calibration, testing, machine, laser"
212.0,Height Gauge,0 mm to 1000 mm,"Q[14 um, 1.3E-5L] ","12,600/piece",Cal. by Gauge block and Electronic comparator,08071 - 10402,Dimensional Metrology Department,12600.0,Dimensional Metrology Department,0,"gauge, calibration, testing, machine, laser"
213.0,External Micrometer,>25 mm to 225 mm,"Q[0.6 um, 1.36E-5L] ","2,820/piece",Cal. by Gauge Block ,08071 - 10501,Dimensional Metrology Department,2820.0,Dimensional Metrology Department,0,"gauge, calibration, testing, machine, laser"
214.0,External Micrometer,>225 mm to 300 mm,"Q[0.7 um, 1.42E-5L] ","3,380/piece",Cal. by Gauge Block ,08071 - 10502,Dimensional Metrology Department,3380.0,Dimensional Metrology Department,0,"gauge, calibration, testing, machine, laser"
215.0,External Micrometer (Resolution : < 0.001 mm),0 mm to 25 mm,"Q[0.1 um, 1.35E-5 L] ","3,380/piece",Cal. by Gauge Block ,08071 - 10504,Dimensional Metrology Department,3380.0,Dimensional Metrology Department,0,"gauge, calibration, testing, machine, laser"
138.0,Setting Zero Rod,Up to 1000 mm,(0.22 + 2.3 L2 ) um,"2,030/piece",Cal. by ULM,08071 - 10601,Dimensional Metrology Department,2030.0,Mechanical  Metrology Department,0,"gauge, calibration, testing, machine, laser"
216.0,Dial gauge (analog/digital),0-10 mm,"Q[2.6 um, 1.8E-4 L]","2,820/piece",Cal. by dial gauge tester,08071 - 10602,Dimensional Metrology Department,2820.0,Dimensional Metrology Department,5,"digital, dna, analog, plasmid, dial"
217.0,Dial gauge (analog/digital),0-25 mm,"Q[2.6 um, 1.8E-4 L]","3,380/piece",Cal. by dial gauge tester,08071 - 10603,Dimensional Metrology Department,3380.0,Dimensional Metrology Department,5,"digital, dna, analog, plasmid, dial"
218.0,Dial gauge (analog/digital),0-50 mm,"Q[2.6 um, 1.8E-4 L]","5,660/piece",Cal. by dial gauge tester,08071 - 10604,Dimensional Metrology Department,5660.0,Dimensional Metrology Department,5,"digital, dna, analog, plasmid, dial"
219.0,Dial gauge (analog/digital),0-10 mm,"Q[0.34 um, 4.5E-5  L]","2,820/piece",Cal. by ULM,08071 - 10605,Dimensional Metrology Department,2820.0,Dimensional Metrology Department,5,"digital, dna, analog, plasmid, dial"
220.0,Dial gauge (analog/digital),0-25 mm,"Q[0.34 um, 4.5E-5  L]","3,380/piece",Cal. by ULM,08071 - 10606,Dimensional Metrology Department,3380.0,Dimensional Metrology Department,5,"digital, dna, analog, plasmid, dial"
221.0,Dial gauge (analog/digital),0-50 mm,"Q[0.34 um, 4.5E-5  L]","5,660/piece",Cal. by ULM,08071 - 10607,Dimensional Metrology Department,5660.0,Dimensional Metrology Department,5,"digital, dna, analog, plasmid, dial"
222.0,Dial test indicator,up to 1.6 mm,0.8 µm,"2,820/piece",Cal. by calibration tester,08071 - 10608,Dimensional Metrology Department,2820.0,Dimensional Metrology Department,0,"gauge, calibration, testing, machine, laser"
223.0,Laser displacement sensor,0-50 mm,"Q[12 um, 1.7E-4 L]","3,380/piece",Cal. by dial gauge tester,08071 - 10609,Dimensional Metrology Department,3380.0,Acoustic and Vibration,0,"gauge, calibration, testing, machine, laser"
224.0,Laser displacement sensor,0-100 mm,"Q[1.2 um, 4E-4 L]","5,660/piece",Cal. by gauge block,08071 - 10610,Dimensional Metrology Department,5660.0,Acoustic and Vibration,0,"gauge, calibration, testing, machine, laser"
225.0,Dial gauge (analog/digital),up to 10 mm,"Q[0.34 um, 1.8E-4 L]","2,820/piece",Direct measurement by I-checker,08071 - 10611,Dimensional Metrology Department,2820.0,Dimensional Metrology Department,5,"digital, dna, analog, plasmid, dial"
226.0,Dial gauge (analog/digital),up to 25 mm,"Q[0.34 um, 1.8E-4 L]","3,380/piece",Direct measurement by I-checker,08071 - 10612,Dimensional Metrology Department,3380.0,Dimensional Metrology Department,5,"digital, dna, analog, plasmid, dial"
227.0,Dial gauge (analog/digital),up to 50 mm,"Q[0.34 um, 1.8E-4 L]","5,660/piece",Direct measurement by I-checker,08071 - 10613,Dimensional Metrology Department,5660.0,Dimensional Metrology Department,5,"digital, dna, analog, plasmid, dial"
228.0,Dial test indicator,up to 1 mm,"Q[0.60 ?m, 1.8E-4 L] ","2,820/piece",Direct measurement by I-checker,08071 - 10614,Dimensional Metrology Department,2820.0,Dimensional Metrology Department,0,"gauge, calibration, testing, machine, laser"
229.0,Micrometer Head,0 mm to 25 mm,"Q[0.8 um, 8E-6 L] ","3,380/piece",Direct measurement by length gauge,08071 - 10701,Dimensional Metrology Department,3380.0,Dimensional Metrology Department,0,"gauge, calibration, testing, machine, laser"
230.0,Micrometer Head,0 mm to 50 mm,"Q[0.8 um, 8E-6 L] ","4,500/piece",Direct measurement by length gauge,08071 - 10702,Dimensional Metrology Department,4500.0,Dimensional Metrology Department,0,"gauge, calibration, testing, machine, laser"
142.0,Calibration Tester,Up to 5 mm,"Q[0.13 um, 4.8E-6 L] ","7,880/piece",Cal. by Laser interferometer,08071 - 10801,Dimensional Metrology Department,7880.0,Dimensional Metrology Department,0,"gauge, calibration, testing, machine, laser"
143.0,Indicator Checker,up to 100 mm,"Q[0.050 ?m, 1.7E-6 L] ","15,000/piece",Cal. by Laser interferometer,08071 - 10802,Dimensional Metrology Department,15000.0,Dimensional Metrology Department,0,"gauge, calibration, testing, machine, laser"
139.0,"Dial  Gauge Tester (Scale, Digital)",0 mm to 25 mm,"Q[0.13 um, 8.0E-6 L] ","6,750/piece",Cal. by Standard linear gauge,08071 - 10901,Dimensional Metrology Department,6750.0,Dimensional Metrology Department,5,"digital, dna, analog, plasmid, dial"
140.0,"Dial  Gauge Tester (Scale, Digital)",0 mm to 60 mm,"Q[0.13 um, 8.0E-6 L] ","8,780/piece",Cal. by Standard linear gauge,08071 - 10902,Dimensional Metrology Department,8780.0,Dimensional Metrology Department,5,"digital, dna, analog, plasmid, dial"
141.0,"Dial  Gauge Tester (Scale, Digital)",0 mm to 100 mm,"Q[0.20 um, 8.0E-6 L] ","10,030/piece",Cal. by Standard linear gauge,08071 - 10903,Dimensional Metrology Department,10030.0,Dimensional Metrology Department,5,"digital, dna, analog, plasmid, dial"
144.0,"Electronic Comparator (Mu-Checker / Millitron)
(Include: Probe and display unit) Analog M-Checker",0 mm to 5 mm ,0.2 um,"4,500/piece",Comparison with Laser Hologauge,08071 - 11201,Dimensional Metrology Department,4500.0,Dimensional Metrology Department,0,"gauge, calibration, testing, machine, laser"
145.0,Electronic comparator: Error of indication,up to 1 mm,"Q[0.17 ?m, 1.8E-4 L] ","4,500/piece",Direct measurement by I-checker,08071 - 11202,Dimensional Metrology Department,4500.0,Dimensional Metrology Department,0,"gauge, calibration, testing, machine, laser"
146.0,Calibration Gauge for Seam Metal,0 to 5 mm,0.30 um ,"2,530/piece",Cal. By NIMT Line scale interferometer system,08071 - 11301,Dimensional Metrology Department,2530.0,Dimensional Metrology Department,0,"gauge, calibration, testing, machine, laser"
147.0,Laser Hologauge / Linear gauge,0 to 10 mm,"Q[0.05 um, 1.7E-6L] ","11,250/piece",Cal. by Gauge Block,08071 - 11401,Dimensional Metrology Department,11250.0,Dimensional Metrology Department,0,"gauge, calibration, testing, machine, laser"
148.0,Laser Hologauge / Linear gauge,0 to 50 mm,"Q[0.05 um, 1.7E-6L] ","15,750/piece",Cal. by Gauge Block,08071 - 11402,Dimensional Metrology Department,15750.0,Dimensional Metrology Department,0,"gauge, calibration, testing, machine, laser"
149.0,Linear Gauge: Error of indication,up to 100 mm,"Q[0.20 ?m, 8.0E-6 L] ","5,625/piece",Direct measurement by I-checker,08071 - 11403,Dimensional Metrology Department,5625.0,Dimensional Metrology Department,0,"gauge, calibration, testing, machine, laser"
150.0,Thickness of specimen/ feeler gauge,up to 10 mm,"Q[0.5 um, 9.1E-6 L]",750/point,Cal. by length gauge,08071 - 11801,Dimensional Metrology Department,750.0,Dimensional Metrology Department,0,"gauge, calibration, testing, machine, laser"
151.0,"Laser Scan Micrometer
(Display Unit, Measuring Unit)",Up to 100 mm,0.5 mm,"11,250/piece",Cal. by Standard plug gauge,08071 - 11901,Dimensional Metrology Department,11250.0,Dimensional Metrology Department,0,"gauge, calibration, testing, machine, laser"
206.0,Holtest / 3- point internal micrometer,up to 100 mm,1.5 mm + 1.5E-6 d,"2,250/piece",Cal. by Ring gauge,08071 - 12001,Dimensional Metrology Department,2250.0,Dimensional Metrology Department,0,"gauge, calibration, testing, machine, laser"
152.0,Magnification calibrator / Magnification Checker,0 mm to 0.4 mm,0.2 um,"5,630/piece",Direct measurement by linear gauge,08071 - 12401,Dimensional Metrology Department,5630.0,Dimensional Metrology Department,0,"gauge, calibration, testing, machine, laser"
153.0,Calibration block,V1,0.01 mm,"4,500/piece","Cal. by QV
*Depend on the quality of artifact",08071 - 12601,Dimensional Metrology Department,4500.0,Dimensional Metrology Department,0,"gauge, calibration, testing, machine, laser"
154.0,Calibration block,V2,0.01 mm,"3,380/piece","Cal. by QV
*Depend on the quality of artifact",08071 - 12602,Dimensional Metrology Department,3380.0,Dimensional Metrology Department,0,"gauge, calibration, testing, machine, laser"
155.0,Calibration block,LSW,0.01 mm,"3,380/piece","Cal. by QV
*Depend on the quality of artifact",08071 - 12603,Dimensional Metrology Department,3380.0,Dimensional Metrology Department,0,"gauge, calibration, testing, machine, laser"
156.0,Scale lupe : Line spacing,0 - 30 mm,"Q[0.0003 mm, 1.7E-6 L]","2,820/piece + 500 / nex function",Cal. by NIMT Line Scale interferometer system,08071 - 12701,Dimensional Metrology Department,2820.0,Dimensional Metrology Department,0,"gauge, calibration, testing, machine, laser"
157.0,Scale lupe : Diameter/Ellipse,upto 20 mm,"Q[0.0005 mm, 3.21E-6 L]","2,820/piece + 500 / nex function",Cal. By QV,08071 - 12702,Dimensional Metrology Department,2820.0,Dimensional Metrology Department,0,"gauge, calibration, testing, machine, laser"
158.0,Scale lupe : Angle,0 to 360 degree,1 minute,"2,820/piece + 500 / nex function",Cal. By QV,08071 - 12703,Dimensional Metrology Department,2820.0,Dimensional Metrology Department,0,"gauge, calibration, testing, machine, laser"
159.0,Objective/Stage micrometer : Line spacing,0 - 10 mm,"Q[0.0003 mm, 1.7E-6 L]","2,820/piece + 500 / nex function",Cal. by NIMT Line Scale interferometer system,08071 - 12711,Dimensional Metrology Department,2820.0,Dimensional Metrology Department,0,"gauge, calibration, testing, machine, laser"
160.0,Objective/Stage micrometer : Angle,0 to 360 degree,1 minute,"2,820/piece + 500 / nex function",Cal. By QV,08071 - 12712,Dimensional Metrology Department,2820.0,Dimensional Metrology Department,0,"gauge, calibration, testing, machine, laser"
161.0,Objective/Stage micrometer : Diameter/Ellipse,upto 5 mm,"Q[0.0005 mm, 3.21E-6 L]","2,820/piece + 500 / nex function",Cal. By QV,08071 - 12713,Dimensional Metrology Department,2820.0,Dimensional Metrology Department,0,"gauge, calibration, testing, machine, laser"
162.0,Specimens : Line spacing,0 - 300 mm,"Q[0.0003 mm, 1.7E-6 L]","3,000 /piece + 500 / nex function",Cal. by NIMT Line Scale interferometer system,08071 - 12721,Dimensional Metrology Department,3000.0,Dimensional Metrology Department,0,"gauge, calibration, testing, machine, laser"
163.0,Specimens : Angle,0 to 360 degree,1 minute,"3,000 /piece + 500 / nex function",Cal. By QV,08071 - 12722,Dimensional Metrology Department,3000.0,Dimensional Metrology Department,0,"gauge, calibration, testing, machine, laser"
164.0,Specimens : Diameter/Ellipse,upto 300 mm,"Q[0.0005 mm, 3.21E-6 L]","3,000 /piece + 500 / nex function",Cal. By QV,08071 - 12723,Dimensional Metrology Department,3000.0,Dimensional Metrology Department,0,"gauge, calibration, testing, machine, laser"
165.0,Test sieve,0.020 - 125 mm,0.012 - 0.025 mm,"5,000/piece",Cal. By QV,08071 - 12901,Dimensional Metrology Department,5000.0,Dimensional Metrology Department,0,"gauge, calibration, testing, machine, laser"
188.0,Profile projector,Up to 500 mm,"Q[0.0015 mm, 0.15E-3 L]","12,530/piece","Cal by Glass Scale, Angle Gauge Block.",08071 - 30601,Dimensional Metrology Department,12530.0,Dimensional Metrology Department,0,"gauge, calibration, testing, machine, laser"
2509.0,2D Scanning Thread Measuring Machine (2D-STMM),"X-axis = 90 mm
Z-axis = 180 mm","Q[0.13 ?m, 2.2E-06 L]","40,000/piece",Direct measurement using Laser Interferometer,08071-10303,Dimensional Metrology Department,40000.0,Dimensional Metrology Department,0,"gauge, calibration, testing, machine, laser"
166.0,Standard Glass Scale,0 mm to 300 mm,"Q[41 nm, 0.1E-6 L] ","15,750/piece",Cal. by Line Scale Interferometer,08081 - 10103,Dimensional Metrology Department,15750.0,Dimensional Metrology Department,4,"standard, solution, mass, set, ph"
167.0,Standard Glass Scale,>300 mm to 500 mm,"Q[41 nm, 0.1E-6 L] ","18,000/piece",Cal. by Line Scale Interferometer,08081 - 10104,Dimensional Metrology Department,18000.0,Dimensional Metrology Department,4,"standard, solution, mass, set, ph"
168.0,Standard Metal Scale,0 mm to 1000 mm,8 mm + 2.3E-6L,"4,500/piece",Cal. By NIMT QV,08081 - 10201,Dimensional Metrology Department,4500.0,Dimensional Metrology Department,4,"standard, solution, mass, set, ph"
169.0,Glass scale,0 mm to 200 mm,Q[0.0006 mm + 1.7E-6 L],"3,380/piece","Cal. By NIMT Line scale interferometer (Price per 10 measuring points)
*Depend on the quality of glass scale",08081 - 10301,Dimensional Metrology Department,3380.0,Dimensional Metrology Department,0,"gauge, calibration, testing, machine, laser"
170.0,Glass scale,0 mm to 400 mm,Q[0.0006 mm + 1.7E-6 L],"5,630/piece","Cal. By NIMT Line scale interferometer (Price per 10 measuring points)
*Depend on the quality of glass scale",08081 - 10302,Dimensional Metrology Department,5630.0,Dimensional Metrology Department,0,"gauge, calibration, testing, machine, laser"
171.0,Glass scale,0 mm to 500 mm,"Q[0.0003 mm, 1.0E-6 L]","6,750/piece",Cal. By QV,08081 - 10303,Dimensional Metrology Department,6750.0,Dimensional Metrology Department,0,"gauge, calibration, testing, machine, laser"
172.0,Glass scale,0 mm to 1000 mm,"Q[0.0005 mm, 1.0E-6 L]","7,880/piece             ",Cal. By QV,08081 - 10304,Dimensional Metrology Department,7880.0,Dimensional Metrology Department,0,"gauge, calibration, testing, machine, laser"
173.0,Standard Glass Scale/ Working Standard Scale/Glass scale,0 mm to 200 mm,"Q[0.11 um, 2.9E-6 L] ","6,650/piece","Cal. by Line Scale Interferometer
",08081 - 10305,Dimensional Metrology Department,6650.0,Dimensional Metrology Department,4,"standard, solution, mass, set, ph"
174.0,Standard Glass Scale/ Working Standard Scale/Glass scale,>200 mm to 500 mm,"Q[0.11 um, 2.9E-6 L] ","10,140/piece             ","Cal. by Line Scale Interferometer
",08081 - 10306,Dimensional Metrology Department,10140.0,Dimensional Metrology Department,4,"standard, solution, mass, set, ph"
175.0,Calibration Grid,100x100 mm,0.0003 mm,"4,500/piece","Cal. by QV
*Depend on the quality of artifact",08081 - 10501,Dimensional Metrology Department,4500.0,Innovation and Measuring Devices Development Group,0,"gauge, calibration, testing, machine, laser"
176.0,Calibration Grid,200x200 mm,0.0003 mm,"5,400/piece","Cal. by QV
*Depend on the quality of artifact",08081 - 10502,Dimensional Metrology Department,5400.0,Innovation and Measuring Devices Development Group,0,"gauge, calibration, testing, machine, laser"
177.0,Calibration Grid,300x300 mm,0.0005 mm,"6,300/piece","Cal. by QV
*Depend on the quality of artifact",08081 - 10503,Dimensional Metrology Department,6300.0,Innovation and Measuring Devices Development Group,0,"gauge, calibration, testing, machine, laser"
178.0,Calibration Grid,> 300 mm,0.0007 mm,"10,800/piece","Cal. by QV
*Depend on the quality of artifact",08081 - 10504,Dimensional Metrology Department,10800.0,Innovation and Measuring Devices Development Group,0,"gauge, calibration, testing, machine, laser"
179.0,Linear Scale,Up to 1000 mm,7 mm ,"5,630/piece",Cal. by laser interferometer,08081 - 10801,Dimensional Metrology Department,5630.0,Dimensional Metrology Department,0,"gauge, calibration, testing, machine, laser"
182.0,Measuring Microscope,Up to 500 mm,1 um ,"6,750/piece",Cal. by standard glass scale,08081 - 10901,Dimensional Metrology Department,6750.0,Dimensional Metrology Department,2,"pressure, measuring, instruments, gas, pe"
190.0,3D non-contact,"z-axis 
up to 100 mm","Q[0.0012 mm, 4.5E-6 L]
","14,500/piece","Cal by glass scale, angle gauge, standard square and gauge blocks",08081 - 30803,Dimensional Metrology Department,14500.0,Dimensional Metrology Department,0,"gauge, calibration, testing, machine, laser"
189.0,3D non-contact,"x- and y-axis 
up to 500 mm","Q[0.00015 mm, 0.16E-6 L]
","14,500/piece","Cal by glass scale, angle gauge, standard square and gauge blocks",08081 - 30803,Dimensional Metrology Department,14500.0,Dimensional Metrology Department,0,"gauge, calibration, testing, machine, laser"
181.0,3D non-contact,"z-axis 
up to 100 mm","Q[0.0012 mm, 4.5E-6 L]
","14,500/piece","Cal by glass scale, angle gauge, standard square and gauge blocks",08081 - 30803,Dimensional Metrology Department,14500.0,Dimensional Metrology Department,0,"gauge, calibration, testing, machine, laser"
180.0,3D non-contact,"x- and y-axis 
up to 500 mm","Q[0.00015 mm, 0.16E-6 L]
","14,500/piece","Cal by glass scale, angle gauge, standard square and gauge blocks",08081 - 30803,Dimensional Metrology Department,14500.0,Dimensional Metrology Department,0,"gauge, calibration, testing, machine, laser"
191.0,Measuring Microscope,Up to 500 mm,1 um ,"6,750/piece",Cal by standard glass scale,08081 - 30901,Dimensional Metrology Department,6750.0,Dimensional Metrology Department,2,"pressure, measuring, instruments, gas, pe"
192.0,Scale Calibrator,Up to 1000 mm ,"Q[0.006 mm, 15E-06 L]","5,630/piece","Cal by glass scale
*Depend on the quality of artifact",08081 - 30911,Dimensional Metrology Department,5630.0,Dimensional Metrology Department,0,"gauge, calibration, testing, machine, laser"
193.0,Scale Calibrator,>1000 to 2000 mm ,"Q[0.0085 mm, 21E-06 L]","8,445/piece","Cal by glass scale
*Depend on the quality of artifact",08081 - 30912,Dimensional Metrology Department,8445.0,Dimensional Metrology Department,0,"gauge, calibration, testing, machine, laser"
234.0,Scale Calibrator,Up to 1000 mm ,"Q[0.006 mm, 15E-06 L]","5,630/piece","Cal by glass scale
*Depend on the quality of artifact",08081 - 30913,Dimensional Metrology Department,5630.0,Dimensional Metrology Department,0,"gauge, calibration, testing, machine, laser"
235.0,Scale Calibrator,>1000 to 2000 mm ,"Q[0.0085 mm, 21E-06 L]","8,445/piece","Cal by glass scale
*Depend on the quality of artifact",08081 - 30914,Dimensional Metrology Department,8445.0,Dimensional Metrology Department,0,"gauge, calibration, testing, machine, laser"
2510.0,Steel Tape,up to 1800 mm,"Class 1: Q[0.033 mm, 4.4E-06 L]","3,000/piece",Cal by scale calibrator,08081-30915,Dimensional Metrology Department,3000.0,Dimensional Metrology Department,0,"gauge, calibration, testing, machine, laser"
237.0,Monodisperse Polystyrene Particle,Diameter 150 nm,10 mL,"5,000/ea.",TRM-M-9001,08091 - 10101,Dimensional Metrology Department,5000.0,Dimensional Metrology Department,0,"gauge, calibration, testing, machine, laser"
238.0,Monodisperse Polystyrene Particle,Diameter 100 nm,10 mL,"5,000/ea.",TRM-M-9002,08091 - 10102,Dimensional Metrology Department,5000.0,Dimensional Metrology Department,0,"gauge, calibration, testing, machine, laser"
239.0,Monodisperse Polystyrene Particle,Diameter 1.5 um,10 mL,"5,000/ea.",TRM-M-9003,08091 - 10103,Dimensional Metrology Department,5000.0,Dimensional Metrology Department,0,"gauge, calibration, testing, machine, laser"
240.0,Monodisperse Polystyrene Particle,Diameter 300 nm,10 mL,"5,000/ea.",TRM-M-9004,08091 - 10104,Dimensional Metrology Department,5000.0,Dimensional Metrology Department,0,"gauge, calibration, testing, machine, laser"
241.0,Monodisperse Polystyrene Particle,Diameter 500 nm,10 mL,"5,000/ea.",TRM-M-9005,08091 - 10105,Dimensional Metrology Department,5000.0,Dimensional Metrology Department,0,"gauge, calibration, testing, machine, laser"
242.0,Monodisperse Polystyrene Particle,Diameter 1.0 um,10 mL,"5,000/ea.",TRM-M-9006,08091 - 10106,Dimensional Metrology Department,5000.0,Dimensional Metrology Department,0,"gauge, calibration, testing, machine, laser"
2502.0,Contour Specimen,"X-axis = 13.5 mm, 40.0 mm, 65.0 mm and 82.5 mm",0.003 mm,20000,Contact method,08091-10107,Dimensional Metrology Department,20000.0,Dimensional Metrology Department,0,"gauge, calibration, testing, machine, laser"
2503.0,Contour Specimen,Y-axis = 2.2 mm and 3.7 mm,0.002 mm,20000,,08091-10108,Dimensional Metrology Department,20000.0,Dimensional Metrology Department,0,"gauge, calibration, testing, machine, laser"
2504.0,Contour Specimen,Radius = 6.0 mm and 10 mm,0.002 mm,20000,,08091-10109,Dimensional Metrology Department,20000.0,Dimensional Metrology Department,0,"gauge, calibration, testing, machine, laser"
2505.0,Contour Specimen,Angle = 90? and 270?,0.02?,20000,,08091-10110,Dimensional Metrology Department,20000.0,Dimensional Metrology Department,0,"gauge, calibration, testing, machine, laser"
183.0,Laser Distance Meter,"Up to 20,000 mm",1 mm ,"1,800/piece",Cal by laser interferomter,08101 - 10001,Dimensional Metrology Department,1800.0,Dimensional Metrology Department,7,"meter, power, phase, ac, wattmeter"
2508.0,Laser Distance Meter,"Up to 20,000 mm",1 mm,"5,000/piece",Compare to the laser interferometer with the standard 40-m Rail System,08101-10001,Dimensional Metrology Department,5000.0,Dimensional Metrology Department,7,"meter, power, phase, ac, wattmeter"
6.0,Distance,40 m,5 ppm,"35,000/distance 
(for up to 10 points) 
 + 1,000/additional point",Comparison with the readings from the standard 40-m Rail System,08101-10002,Dimensional Metrology Department,35000.0,Dimensional Metrology Department,0,"gauge, calibration, testing, machine, laser"
7.0,Electronic Distance Meter (EDM),"4 Distances: 
10m., 20m., 30m. and 40m.",-,"40,000/piece",Verification of EDM using 40-m Rail System,08101-10003,Dimensional Metrology Department,40000.0,Dimensional Metrology Department,7,"meter, power, phase, ac, wattmeter"
,Electronic Distance Meter (EDM): Distance,"4 Distances: 
10m., 20m., 30m. and 40m.",-,"5,000/piece",,08101-10004,Dimensional Metrology Department,5000.0,Dimensional Metrology Department,7,"meter, power, phase, ac, wattmeter"
6.0,DC Current Source,"10 µA, 100 µA",5.0 µA/A,"9,000 THB first point + 2,500 THB next point ",Volt Ampere method,09010-03111,Electrical  Metrology Department,9000.0,Electrical  Metrology Department,0,"gauge, calibration, testing, machine, laser"
7.0,DC Current Source,"1 mA, 10 mA, 100 mA, 1 A, 10 A, 20 A",5.0 µA/A to 14 µA/A,"9,000 THB first point + 2,500 THB next point ",Volt Ampere method,09010-03121,Electrical  Metrology Department,9000.0,Electrical  Metrology Department,0,"gauge, calibration, testing, machine, laser"
8.0,DC Current Source,"30 A, 100 A, 200 A",14 µA/A to 20 µA/A,"9,000 THB first point + 2,500 THB next point ",Volt Ampere method,09010-03131,Electrical  Metrology Department,9000.0,Electrical  Metrology Department,0,"gauge, calibration, testing, machine, laser"
9.0,DC Current Meter,"10 µA, 100 µA",5.0 µA/A,"9,000 THB first point + 2,500 THB next point ",Volt Ampere method,09010-03211,Electrical  Metrology Department,9000.0,Electrical  Metrology Department,7,"meter, power, phase, ac, wattmeter"
10.0,DC Current Meter,"1 mA, 10 mA, 100 mA, 1 A, 10 A, 20 A",5.0 µA/A to 14 µA/A,"9,000 THB first point + 2,500 THB next point ",Volt Ampere method,09010-03221,Electrical  Metrology Department,9000.0,Electrical  Metrology Department,7,"meter, power, phase, ac, wattmeter"
11.0,DC Current Meter,30 A,14 µA/A,"9,000 THB first point + 2,500 THB next point ",Volt Ampere method,09010-03231,Electrical  Metrology Department,9000.0,Electrical  Metrology Department,7,"meter, power, phase, ac, wattmeter"
1.0,DC Voltage Standard,1.018 V  / 10 V,0.9 mV/V /0.4 mV/V,"12,500/piece  + 6,750/next point",,09010-10110,Electrical  Metrology Department,12500.0,Electrical  Metrology Department,4,"standard, solution, mass, set, ph"
2.0,Standard Cell,1 V / 1.018 V,0.9 mV/V,"12,500/piece",,09010-10111,Electrical  Metrology Department,12500.0,Electrical  Metrology Department,4,"standard, solution, mass, set, ph"
3.0,DC Voltage Standard,1 V / 1.018 V   / 10 V,0.03 mV/V/ 0.01 mV/V,"36,000/piece",Compared against JJVS maintained by NIMT (Uncertainty depends on noise of Unit Under Calibration),09010-10112,Electrical  Metrology Department,36000.0,Electrical  Metrology Department,4,"standard, solution, mass, set, ph"
2581.0,DC Voltmeter,"-10 mV to 10 mV
-100 mV to 100 mV
-1 V to 1 V
-10 V to 10 V","to 174 ?V/V
1.8 ?V/V to 18 ?V/V
0.18 ?V/V to 1.8 ?V/V
0.02 ?V/V to 0.20 ?V/V","15,000/range
+ 7}500/next range",Direct comparison with conventional Josephson voltage standard (Uncertainty depends on noise of Unit Under Calibration),09010-10113,Electrical  Metrology Department,15000.0,Electrical  Metrology Department,0,"gauge, calibration, testing, machine, laser"
2582.0,DC Voltage Standard,"0.1 V
1 V / 1.018 V
10 V","0.6 ?V/V 
0.03 ?V/V 
0.01 ?V/V ","40,000/2 points
+8,000/next point",Compared against programmable Josephson voltage standard (Uncertainty depends on noise of Unit Under Calibration),09010-10114,Electrical  Metrology Department,40000.0,Electrical  Metrology Department,4,"standard, solution, mass, set, ph"
4.0,Picoampmeter,2 pA to 200 mA,0.1 mA/A to 0.01 mA/A,"6,750 to 11,250/piece",Used volt-ampere method.,09010-10320,Electrical  Metrology Department,6750.0,Mechanical  Metrology Department,0,"gauge, calibration, testing, machine, laser"
5.0,Electrometer,2 nC to 200 µC,0.1 mC/C,"6,750 to 11,250/ piece",,09010-10321,Electrical  Metrology Department,6750.0,Mechanical  Metrology Department,0,"gauge, calibration, testing, machine, laser"
12.0,AC/DC Transfer Standard,"AC-DC Transfer Difference 2 mV to 20 V  Frequency: 10 Hz to 1 MHz
AC-DC Transfer Difference > 20 V to 1000 V
Frequency: 10 Hz to 100 kHz",8 mV/V to 0.22 mV/V,"90,000/item",,09020-10510,Electrical  Metrology Department,90000.0,Electrical  Metrology Department,4,"standard, solution, mass, set, ph"
13.0,Thermal Transfer Standard,"AC-DC Transfer Difference 0.5 V to 20 V Frequency: 10 Hz to 1 MHz 
AC-DC Transfer Difference > 20 V to 1000 V
Frequency: 10 Hz to 100 kHz",8 mV/V to 0.22 mV/V,"67,500/item",,09020-10511,Electrical  Metrology Department,67500.0,Electrical  Metrology Department,4,"standard, solution, mass, set, ph"
14.0,Thermal Voltage Converter Standard,"AC-DC Transfer Difference 0.5 V to 20 V 
Frequency: 10 Hz to 1 MHz
AC-DC Transfer Difference > 20 V to 1000 V
Frequency: 10 Hz to 100 kHz",8 mV/V to 0.22 mV/V,"9,000/item",,09020-10512,Electrical  Metrology Department,9000.0,Electrical  Metrology Department,4,"standard, solution, mass, set, ph"
15.0,AC Measurement Standard,"AC-DC Transfer Difference 10 mV to 20 V
Frequency: 10 Hz to 1 MHz
AC-DC Transfer Difference > 20 V to 1000 V
Frequency: 10 Hz to 100 kHz",8 mV/V to 0.12 mV/V,"67,500 to 78,750 /item",Excluded WB option.,09020-10520,Electrical  Metrology Department,67500.0,Electrical  Metrology Department,6,"measurement, detector, additional, frequency, irradance"
16.0,AC Measurement Standard,"AC Voltage 10 mV to 20 V
Frequency: 10 Hz to 1 MHz
AC Voltage > 20 V to 1000 V
Frequency: 10 Hz to 100 kHz",11 mV/V to 0.18 mV/V,"78,750 to 85,500 /item",Included WB option.,09020-10521,Electrical  Metrology Department,78750.0,Electrical  Metrology Department,6,"measurement, detector, additional, frequency, irradance"
17.0,Alternating Voltage Measurement Standard,"AC Voltage  100 mV to 20 V 
Frequency: 10 Hz to 1 MHz
AC Voltage  > 20 V to 1000 V
Frequency: 10 Hz to 100 kHz",11 mV/V to 0.18 mV/V,67500/item,,09020-10522,Electrical  Metrology Department,67500.0,Electrical  Metrology Department,6,"measurement, detector, additional, frequency, irradance"
18.0,AC Voltage Current Standard,"AC Voltage 100 mV to 1000V
Frequency 60 Hz and 400 Hz
AC Current 100 mA to 30 A
Frequency 60 Hz and 400 Hz","18 mV/V to 0.58 mV/V
50 mA/A to 0.12 mA/A","18,130 to 21,700/item",,09020-10560,Electrical  Metrology Department,18130.0,Electrical  Metrology Department,4,"standard, solution, mass, set, ph"
19.0,Multifunction Transfer Standard,"AC Voltage  100 mV to 20 V
Frequency: 10 Hz to 1 MHz
AC Voltage  > 20 V to 1000 V
Frequency: 10 Hz to 100 kHz
AC Current  100 mV to 10 A
Frequency: 10 Hz to 10 kHz","11 mV/V to 0.18 mV/V
50 mA/A to 0.12 mA/A",78750/item,,09020-10561,Electrical  Metrology Department,78750.0,Electrical  Metrology Department,4,"standard, solution, mass, set, ph"
20.0,AC Current Shunt,"AC-DC Transfer Difference 5 mA to 100 A
Frequency: 10 Hz to 100 kHz","18 mA/A to 0.20 mA/A
","6,750 to 11,250/item",,09020-10610,Electrical  Metrology Department,6750.0,Electrical  Metrology Department,7,"meter, power, phase, ac, wattmeter"
21.0,AC-DC current transfer standard,30 A to 100 A,? 23 mA/A,"11,250 / range",AC-DC current transfer ,09020-10611,Electrical  Metrology Department,11250.0,Electrical  Metrology Department,4,"standard, solution, mass, set, ph"
22.0,Low level ac-dc voltage transfer by micro potentiometer,2 mV to 200 mV,? 44 mV/V,"66,250 /item",AC-DC voltage transfer ,09020-10612,Electrical  Metrology Department,66250.0,Electrical  Metrology Department,0,"gauge, calibration, testing, machine, laser"
23.0,Wideband calibration source characterize,Wideband output 3.2 V Frequency 10 Hz to 30 MHz,0.058 mV/V to 2.0 mV/V,"11,250 / item",For Calibrator,09020-10613,Electrical  Metrology Department,11250.0,Thermometry Metrology Department,0,"gauge, calibration, testing, machine, laser"
24.0,Wideband function of AC measurement standard,"Flatness error 1 mV to 3.2 V
Wideband gain @ 1 kHz
Wideband gain error
Frequency 10 Hz to 30 MHz","0.084 mV/V to 2.0 mV/V
0.12 mV/V to 2.8 mV/V
0.15 mV/V to 2.8 mV/V","11,250/piece",For AC measurement standard,09020-10614,Electrical  Metrology Department,11250.0,Electrical  Metrology Department,6,"measurement, detector, additional, frequency, irradance"
25.0,AC/DC transconductance amplifier,"DC current: 0 A to 100 A
AC current: 500 mA to 100 A  
Frequency 10 Hz to 100 kHz",27 mA/A to 87 mA/A,"91,250 / item",For AC and DC output,09020-10615,Electrical  Metrology Department,91250.0,Electrical  Metrology Department,0,"gauge, calibration, testing, machine, laser"
26.0,DC Standard Resistor,1 kW,0.04 mW/W,"42,500/item","Compared against QHR standard 
maintain by NIMT using automatic  resistance bridge.",09030-10210,Electrical  Metrology Department,42500.0,Electrical  Metrology Department,4,"standard, solution, mass, set, ph"
27.0,Standard Resistor 1 W,1 W at 50 mA,? 0.21 mW/W,"8,625/piece",Used a group of 1 W standard.,09030-10211,Electrical  Metrology Department,8625.0,Electrical  Metrology Department,4,"standard, solution, mass, set, ph"
28.0,Standard Resistor 10 kW,10 kW at 0.3 mA ,? 1.4 mW/W,"8,625/piece",Used a group of 10 kW standard.,09030-10212,Electrical  Metrology Department,8625.0,Electrical  Metrology Department,4,"standard, solution, mass, set, ph"
29.0,Standard Resistor 100 mW,100 ?? at 200 A,As Specification,"10,000/piece",Used DCC bridge and 400 Amp range extender.,09030-10213,Electrical  Metrology Department,10000.0,Electrical  Metrology Department,4,"standard, solution, mass, set, ph"
30.0,"Standard Resistor 
(Calibrate in oil or in air)",1 mW to 10 kW,As specification,"6,750/item","Used DCC bridge and 100 Amp 
range extender.",09030-10214,Electrical  Metrology Department,6750.0,Electrical  Metrology Department,4,"standard, solution, mass, set, ph"
34.0,"Standard Resistor 
(Calibrate in oil or in air)",1 TW to 100 TW,>1.25 mW/W to 24.4 mW/W,"7,880/item","Using Dual Source High Resistance 
Ratio Bridge",09030-10215,Electrical  Metrology Department,7880.0,Electrical  Metrology Department,4,"standard, solution, mass, set, ph"
32.0,"Standard Resistor 
(Calibrate in oil or in air)",>10 kW to 1GW,£ 500 mW/W,"7,880/item",Using Automatic High Resistance Bridge,09030-10215,Electrical  Metrology Department,7880.0,Electrical  Metrology Department,4,"standard, solution, mass, set, ph"
33.0,"Standard Resistor 
(Calibrate in oil or in air)",1 GW to 1 TW,37 µW/W to 1.25 mW/W,"7,880/item","Using Dual Source High Resistance 
Ratio Bridge",09030-10215,Electrical  Metrology Department,7880.0,Electrical  Metrology Department,4,"standard, solution, mass, set, ph"
35.0,"Standard Resistor 
(Calibrate in oil or in air)",0 W to 1 TW,As specification,"2,250/point test",,09030-10216,Electrical  Metrology Department,2250.0,Electrical  Metrology Department,4,"standard, solution, mass, set, ph"
36.0,"Standard Resistor 
(Calibrate in oil or in air)","10 TW at 100 V, 200 V
500 V and 1000 V",3 mW/W,"2,250/point test",,09030-10217,Electrical  Metrology Department,2250.0,Electrical  Metrology Department,4,"standard, solution, mass, set, ph"
39.0,High Resistance Meter,Upto  100 TW,As specification,"2,250 / point",Direct,09030-10220,Electrical  Metrology Department,2250.0,Electrical  Metrology Department,7,"meter, power, phase, ac, wattmeter"
40.0,Digital Thermometer (indicator),up to 10 MW /DCI 0 - 100 mA ,£ 5 mW/W  /£ 60 mW/W ,"(22,500 to 29,250)/item",,09030-10221,Electrical  Metrology Department,22500.0,Electrical  Metrology Department,5,"digital, dna, analog, plasmid, dial"
41.0,Digital Thermometer (indicator),up to 10 MW / DCV 0 -100 mV,³ 5 mW/W  / ³ 20 mW/W,"(9,000 to 18,000)/item",,09030-10222,Electrical  Metrology Department,9000.0,Electrical  Metrology Department,5,"digital, dna, analog, plasmid, dial"
42.0,Low Resistance meter,"Range 1 kW 
maximum Current 0.5 A
Range 100 W
maximum Current 1 A
Range 10 W
maximum Current 5 A
Range 1 W
maximum Current 10 A
Range 0.1 W
maximum Current 20 A
Range 0.01 W
maximum Current 30 A
Range 1 mW
maximum Current 100 A",As Specification,"2,250 / point",Direct measurement,09030-10223,Electrical  Metrology Department,2250.0,Electrical  Metrology Department,7,"meter, power, phase, ac, wattmeter"
43.0,High Resistance Meter,"Test Voltage: maximum  5000 V
Range 10 MW, 20 MW and 50 MW
Range 100 MW, 200 MW and 500 MW
Range 1 GW, 2 GW and 5 GW
Range 10 GW, 20 GW and 50 GW
Range 100 GW, 200 GW and 500 GW",As Specification,"2,250 / point",,09030-10224,Electrical  Metrology Department,2250.0,Electrical  Metrology Department,7,"meter, power, phase, ac, wattmeter"
44.0,"Low Resistance meter
(High Current)",":100 mW, 200 mW, 400 nW, 600 mW and
 800 mW@ Max.120 A
: 1 mW, 2 mW, 4 mW, 6 mW and 8 mW
@ Max 100 A
: 10 mW, 20 mW, 40 mW, 60 mW and 80 mW
@ Max 60 A
: 0.1 W, 0.2 W, 0.4 W , 0.6 W and 0.8 W
@ Max 10 A
: 1 W, 2 W, 4 W, 6 W, 8 W and 16 W
@ Max 1 A 
: 40 W, 80 W
@ Max 1 A",As Specification,"2,250 / point",,09030-10225,Electrical  Metrology Department,2250.0,Electrical  Metrology Department,7,"meter, power, phase, ac, wattmeter"
45.0,Low Resistance Meter,Range 1 m? to 10 M?,As Specification,"2,250 / point",,09030-10226,Electrical  Metrology Department,2250.0,Electrical  Metrology Department,7,"meter, power, phase, ac, wattmeter"
46.0,High Resistance meter,"Range 10 M? to 10 T?
Maximum test Voltage: 5 kV",As Specification,"2,250 / point",,09030-10227,Electrical  Metrology Department,2250.0,Electrical  Metrology Department,7,"meter, power, phase, ac, wattmeter"
47.0,Decade Resistance 0.001 W to <1 W,0.001 W to <1 W,As Specification,"7,000/knob",Direct measurement ,09030-10228,Electrical  Metrology Department,7000.0,Electrical  Metrology Department,0,"gauge, calibration, testing, machine, laser"
48.0,Decade Resistance 1 W to <1 MW,1 W to <1 MW,As Specification,"10,000/knob",Direct measurement ,09030-10229,Electrical  Metrology Department,10000.0,Electrical  Metrology Department,0,"gauge, calibration, testing, machine, laser"
49.0,Decade Resistance 1 MW to <10 TW,1 MW to <10 TW,As Specification,"10,000/knob",Direct measurement ,09030-10230,Electrical  Metrology Department,10000.0,Electrical  Metrology Department,0,"gauge, calibration, testing, machine, laser"
31.0,"Standard Resistor 
(Calibrate in oil or in air)",0.1 mW to  100 mW,As Specification,"7,880/item",Voltage-Ratio Method,09030-10231,Electrical  Metrology Department,7880.0,Electrical  Metrology Department,4,"standard, solution, mass, set, ph"
37.0,Resistance Calibrator,0 W to 100 MW,As specification,"20,000/piece",,09031-10210,Electrical  Metrology Department,20000.0,Electrical  Metrology Department,0,"gauge, calibration, testing, machine, laser"
38.0,Standard Resistor,Test Voltage: maximum 2500 V / Range 100 MW to 1 TW,As Specification,"2,250 / point",Used Volt Amp Method,09031-10211,Electrical  Metrology Department,2250.0,Electrical  Metrology Department,4,"standard, solution, mass, set, ph"
163.0,AC Resistance,"1 W, 25 W, 100 W, 400 W at 60 Hz or 75 Hz 1 kW, 10 kW, 12.9 kW 
(100 Hz to 10 kHz)",As Specification 2 mW/W - 60 mW/W,"9,000/price/frequecy + 1,250 next frequecy",Direct substitution measurement,09040-10410,Electrical  Metrology Department,9000.0,Electrical  Metrology Department,0,"gauge, calibration, testing, machine, laser"
164.0,AC Resistor,1 W to 100 kW @ 1000 Hz,> 0.20 mW/W,"5,000/piece","Measured by RLC digibridge and/or precision LCR meter, direct measurment, at desired frequencies.",09040-10411,Electrical  Metrology Department,5000.0,Electrical  Metrology Department,0,"gauge, calibration, testing, machine, laser"
165.0,Additional Measurement at another Frequency,1 W to 100 kW @ 100 Hz to 100 kHz,> 0.20 mW/W,"1,250 per frequency",,09040-10412,Electrical  Metrology Department,1250.0,Electrical  Metrology Department,6,"measurement, detector, additional, frequency, irradance"
166.0,Decade AC Resistor Additional Measurement at another Frequency,1 W to 100 kW @ 1000 Hz,> 0.20 mW/W,"5,000 first decade + 1,250 next step","Measured by RLC digibridge and/or precision LCR meter, direct measurment, at desired frequencies.",09040-10413,Electrical  Metrology Department,5000.0,Electrical  Metrology Department,6,"measurement, detector, additional, frequency, irradance"
167.0,Decade AC Resistor Additional Measurement at another Frequency,1 W to 100 kW @ 100 Hz to 100 kHz,> 0.20 mW/W,"(4,500 first decade + 1,250 next step) per one frequency",,09040-10414,Electrical  Metrology Department,4500.0,Electrical  Metrology Department,6,"measurement, detector, additional, frequency, irradance"
168.0,"Fixed, Fused Silica Dielectric Standard Capacitors",10 pF @ 1000 Hz,0.087 mF/F,"20,000/piece/frequency",Comparing with a group of 10 pF standards,09040-10420,Electrical  Metrology Department,20000.0,Electrical  Metrology Department,4,"standard, solution, mass, set, ph"
169.0,"Fixed, Fused Silica Dielectric Standard Capacitors",1 pF @ 1000 Hz,0.71 mF/F,"17,500/piece/
frequency",Applied direct substitution method with the reference standard capacitors.,09040-10421,Electrical  Metrology Department,17500.0,Electrical  Metrology Department,4,"standard, solution, mass, set, ph"
170.0,"Fixed, Fused Silica Dielectric Standard Capacitors",10 pF @ 1000 Hz,0.70 mF/F,"17,500/piece/
frequency",Applied direct substitution method with the reference standard capacitors.,09040-10421,Electrical  Metrology Department,17500.0,Electrical  Metrology Department,4,"standard, solution, mass, set, ph"
171.0,"Fixed, Fused Silica Dielectric Standard Capacitors",100 pF@ 1000 Hz,0.70 mF/F,"17,500/piece/
frequency",Applied direct substitution method with the reference standard capacitors.,09040-10421,Electrical  Metrology Department,17500.0,Electrical  Metrology Department,4,"standard, solution, mass, set, ph"
175.0,"Fixed Three Terminal, Nitrogen Dielectric Standard Capacitors","10000 pF 
@ 1000 Hz
",5.3 mF/F,"20,000/piece/frequency",Comparing with a group of 10 nF standards,09040-10422,Electrical  Metrology Department,20000.0,Electrical  Metrology Department,4,"standard, solution, mass, set, ph"
174.0,"Fixed Three Terminal, Nitrogen Dielectric Standard Capacitors","10000 pF 
@ 1000 Hz and 1592 Hz
",7.0 mF/F,"12,500/piece/
frequency",,09040-10422,Electrical  Metrology Department,12500.0,Electrical  Metrology Department,4,"standard, solution, mass, set, ph"
173.0,"Fixed Three Terminal, Nitrogen Dielectric Standard Capacitors","1000 pF 
@ 1000 Hz and 1592 Hz
",3.5 mF/F,"12,500/piece/
frequency",,09040-10422,Electrical  Metrology Department,12500.0,Electrical  Metrology Department,4,"standard, solution, mass, set, ph"
172.0,"Fixed Three Terminal, Nitrogen Dielectric Standard Capacitors","10 pF 100 pF 
@ 1000 Hz and 1592 Hz
                             ",1.2 mF/F,"12,500/piece/
frequency",Applied a null method using the basic ratio bridge.,09040-10422,Electrical  Metrology Department,12500.0,Electrical  Metrology Department,4,"standard, solution, mass, set, ph"
176.0,Two or Three Terminal Mica Dielectric Standard Capacitors,"0.001 mF, 0.01 mF, 0.1 mF and 1 mF 
@ 1000 Hz",> 0.12 mF/F,"5,630/piece",Applied a null method using the basic ratio bridge.,09040-10423,Electrical  Metrology Department,5630.0,Electrical  Metrology Department,4,"standard, solution, mass, set, ph"
177.0,Additional Measurement at another Frequency,"0.001 mF, 0.01 mF, 0.1 mF and 1 mF 
@ 100, 120, 200, 400, 500 Hz, 2 kHz, 
5 kHz, 10 kHz",> 0.12 mF/F,"1,250/frequency",Applied a null method using the basic ratio bridge.,09040-10424,Electrical  Metrology Department,1250.0,Electrical  Metrology Department,6,"measurement, detector, additional, frequency, irradance"
180.0,Four-Terminal Pair Capacitance Standard,"1 pF, 10 pF, 100 pF, 1000 pF, 0.01 mF,        
 0.1 mF and 1 mF @ 1000 Hz",> 0.12 mF/F,"5,630/piece","Measured by precision capacitance bridge, direct measurement, at desired frequency.",09040-10425,Electrical  Metrology Department,5630.0,Electrical  Metrology Department,4,"standard, solution, mass, set, ph"
181.0,Additional Measurement at another Frequency,"1 pF, 10 pF, 100 pF, 1000 pF, 0.01 mF,      
0.1 mF and 1 mF @ 100 Hz to 100 kHz",> 0.20 mF/F,"1,250/frequency","Measured by RLC Digibridge and/or Precision LCR Meter, direct measurement, at desired frequency.",09040-10426,Electrical  Metrology Department,1250.0,Electrical  Metrology Department,6,"measurement, detector, additional, frequency, irradance"
182.0,Fixed Standard Capacitors,1 pF to 1 F @ 1000 Hz,> 0.20 mF/F,"4,500/piece","Measured by RLC Digibridge and/or Precision LCR Meter, direct measurement, at desired frequency.",09040-10427,Electrical  Metrology Department,4500.0,Electrical  Metrology Department,4,"standard, solution, mass, set, ph"
183.0,Additional Measurement at another Frequency,1 pF to 1 F @ 12 Hz to 1 MHz,> 0.20 mF/F,"1,250/frequency",,09040-10428,Electrical  Metrology Department,1250.0,Electrical  Metrology Department,6,"measurement, detector, additional, frequency, irradance"
184.0,Decade capacitor,1 pF to 10 mF @ 1000 Hz,> 0.12 mF/F,"5,000 first decade + 1,250 next step",Applied a null method using the basic ratio bridge.,09040-10429,Electrical  Metrology Department,5000.0,Electrical  Metrology Department,0,"gauge, calibration, testing, machine, laser"
189.0,Fixed Standard Inductors,"100 mH, 1 mH, 10 mH, 100 mH, 1 H and 10 H @ 100 Hz",> 0.16 mH/H,"12,500/piece",Measured by the direct substitution method with the reference standard inductors.,09040-10430,Electrical  Metrology Department,12500.0,Electrical  Metrology Department,4,"standard, solution, mass, set, ph"
190.0,Additional Measurement at another Frequency,"100 mH, 1 mH, 10 mH, 100 mH, 1 H and 10 H @ 12 Hz to 1 MHz",> 0.20 mH/H,"1,250/frequency","Measured by RLC digibridge and/or precision LCR meter, direct measurement, at desired frequencies.",09040-10431,Electrical  Metrology Department,1250.0,Electrical  Metrology Department,6,"measurement, detector, additional, frequency, irradance"
191.0,Fixed standard Inductor,1 mH to 10 H @ 1 kHz,> 0.20 mH/H,"5,630/piece","Measured by RLC digibridge and/or precision LCR meter, direct measurment, at desired frequencies.",09040-10432,Electrical  Metrology Department,5630.0,Electrical  Metrology Department,4,"standard, solution, mass, set, ph"
192.0,Additional Measurement at another Frequency,1 mH to 10 H @ 12 Hz to 1 MHz,> 0.20 mH/H,"1,250/frequency",,09040-10433,Electrical  Metrology Department,1250.0,Electrical  Metrology Department,6,"measurement, detector, additional, frequency, irradance"
193.0,Decade Inductors,1 mH to 10 H @ 1000 Hz,> 0.20 mH/H,"4,500 first decade + 1,250 next step","Measured by RLC digibridge and/or precision LCR meter, direct measurement, at desired frequencies.",09040-10434,Electrical  Metrology Department,4500.0,Electrical  Metrology Department,0,"gauge, calibration, testing, machine, laser"
194.0,Additional Measurement at another Frequency,1 mH to 10 H @ 12Hz to 1 MHz,> 0.20 mH/H,"(4,500 first decade  + 1,250 next step) per one frequency",,09040-10435,Electrical  Metrology Department,4500.0,Electrical  Metrology Department,6,"measurement, detector, additional, frequency, irradance"
195.0,LCR Meter with 4 terminal pair configuration/without 4 terminal pair configuration,"0.001 mF, 0.01 mF, 0.1 mF and 1 mF @ 100, 120, 200, 400, 500 Hz, 1 kHz, 2 kHz,  
5 kHz, 10 kHz 1 pF, 10 pF, 100 pF, 1000 pF @ 1000 Hz* 100 mH, 1 mH, 10 mH, 100 mH, 1 H and
10 H @ 100 Hz and 1000 Hz 1 W, 10 W, 100 W, 1000 W @ 1 kHz 1 kW, 10 kW, 12.9 kW 
(100 Hz to 10 kHz)","> 0.12 mF/F
> 0.12 mF/F
> 0.16 mH/H
> 0.20 mW/W
0.14 mW/W",To be determined,"Calibrated by comparing its reading
against the standard capacitors, standard inductors and 4TP standard resistors. 
The correction functions are
used to correct additional error due to
the test fixture and test leads before
measurement.* For 4 terminal pair configuration",09040-10436,Electrical  Metrology Department,7880.0,Electrical  Metrology Department,0,"gauge, calibration, testing, machine, laser"
178.0,2 Terminal Pair Capacitance Standard,"1 pF, 10 pF, 100 pF, 1000 pF at 1000 Hz to 10 MHz",> 100 µF/F,"10,000/Item",S-parameter with resonance frequency,09040-10437,Electrical  Metrology Department,10000.0,Electrical  Metrology Department,4,"standard, solution, mass, set, ph"
179.0,4 Terminal Pair Capacitance Standard,"1 pF, 10 pF, 100 pF, 1000 pF at 1000 Hz to 30 MHz",> 63 µF/F,"12,500/Item",S-parameter with resonance frequency,09040-10438,Electrical  Metrology Department,12500.0,Electrical  Metrology Department,4,"standard, solution, mass, set, ph"
196.0,Fixed Standard Inductors,10 mH @ 1 kHz,> 75 mH/H,"20,000/piece",Comparison with a group of inductance standards using a LCR meter,09040-10439,Electrical  Metrology Department,20000.0,Electrical  Metrology Department,4,"standard, solution, mass, set, ph"
185.0,Decade capacitor,1 pF to 1 F @ 1000 Hz,> 0.20 mF/F,"4,500 first decade ","Measured by RLC digibridge and/or precision LCR meter, direct measurment, at desired frequencies.",09041-10420,Electrical  Metrology Department,4500.0,Electrical  Metrology Department,0,"gauge, calibration, testing, machine, laser"
186.0,Additional Measurement at another,1 pF to 1 F @ 12 Hz to 1 MHz,> 0.20 mF/F,"(4,500 first decade",,09041-10421,Electrical  Metrology Department,4500.0,Electrical  Metrology Department,6,"measurement, detector, additional, frequency, irradance"
187.0,Frequency,,,"+ 1,250 next step)
per one frequency",,09041-10422,Electrical  Metrology Department,1250.0,Electrical  Metrology Department,0,"gauge, calibration, testing, machine, laser"
188.0,Precision Capacitance Bridge,"1 pF, 10 pF, 100 pF 
@ 1000 Hz or 1592 Hz",³ 0.40 mF/F,"27,500/item","Calibrated by comparing its reading
against the reference standard capacitors.
The correction functions are used to correct additional error due to the test fixture and test leads before measurement.",09041-10423,Electrical  Metrology Department,27500.0,Electrical  Metrology Department,0,"gauge, calibration, testing, machine, laser"
50.0,Standard Watt Converter,"Volt : 600 V
Current : 100 A
AC Power : 60 kW
Frequency : 50 Hz, 60 Hz
Power Factor : + 0 to 1",> 60 mW/VA,"18,000 to 39,500/item",,09050-10710,Electrical  Metrology Department,18000.0,Electrical  Metrology Department,4,"standard, solution, mass, set, ph"
51.0,"AC Wattmeter, Digital Power Meter","Volt : 1000 V
Current : 80 A
AC Power : 80 kW
Frequency : 15 Hz to 450 Hz
Power Factor : + 0 to 1",> 100 mW/VA,"6,750 to 13,500/Channel",,09050-10711,Electrical  Metrology Department,6750.0,Electrical  Metrology Department,7,"meter, power, phase, ac, wattmeter"
52.0,Energy Meter single phase/ three phase with pulse,"Active eneregy per phase  0.06525 Ws to 4,800,000 Ws
Voltage 15 V to 1000 V
Current 0.01 A to 80 A
Power Factor 1 to 0.087
(Inductive or Capacitive)
Frequency 45 Hz to 65 Hz
Measurement time 5s to 60 s  
",³ 60 mWs/ Vas to   ³ 665 mWs/ Vas,"single phase  5,000 to 35,000 / channel three phase  6,250 THB to 51,250 THB ",,09050-10712,Electrical  Metrology Department,5000.0,Electrical  Metrology Department,7,"meter, power, phase, ac, wattmeter"
53.0,Electrical Power Source,"Power 1.5 W to 60 kW 
Frequency 50 Hz to 60 Hz
Power Factor 1 to 0
(Inductive or Capacitive)
Voltage 3 V to 1000 V
Current 0.05 A to 100 A
Frequency 15 Hz to 6 kHz","Power ³ 70 mW/VA
Voltage ³ 30 mV/V
Current ³ 30 mA/A
Phase ³ 0.005o","9,000 to 45,000/item",,09050-10713,Electrical  Metrology Department,9000.0,Electrical  Metrology Department,7,"meter, power, phase, ac, wattmeter"
54.0,DC Power Meter,"Power: 1mW to 20 kW
Voltage : 100 mV to 1000 V
Current : 10 mA to 20 A",³ 40 mW/ W,"6,750 to 13,500/Channel",,09050-10714,Electrical  Metrology Department,6750.0,Electrical  Metrology Department,7,"meter, power, phase, ac, wattmeter"
55.0,Energy Source,"Eneregy 41.67 mWh  to 3.333 kWh
Power: 0.5 W to 20 kW
Voltage: 10 V to 1000 V
Current: 0.05 A to 20 A
Power Factor: 1
Frequency: 50 Hz to 60 Hz
Time : 5 minute to 10 minute",> 0.12 %,"5,000 to 15,000 / item",,09050-10715,Electrical  Metrology Department,5000.0,Electrical  Metrology Department,0,"gauge, calibration, testing, machine, laser"
56.0,"Three Phase Watt Meter,
Three Phase AC Power Meter,
Three Phase Comparator","Power : 4.5 W to 240 kW
Voltage : 15 V to 1000 V
Current : 0.1 A to 80 A
Power Factor : 1 to 0 (Inductive, Capacitive)
Frequency : 50 Hz to 60 Hz","100 µW/VA to 370 µW/VA

","5,000 to 55,500 /Channel",,09050-10716,Electrical  Metrology Department,5000.0,Electrical  Metrology Department,7,"meter, power, phase, ac, wattmeter"
57.0,Single phase / Three phase energy meter,"Energy : (0.0625 Wh to 5000 kWh) / phase
Power : (0.75 W to 50 kW) / phase
Voltage : 15 V to 1000 V
Current : 0.1 A to 50 A
Power Factor : 1 to 0.5 (Inductive ,Capacitive)
Frequency : 50 Hz to 60 Hz
Time : 300 sec to 100 hours","Single phase @ 300 s
515 µWh/Wh 
to 565 µWh/Wh
Three phase @ 300 s
570 µWh/Wh 
to 665 µWh/Wh","5,000 to 30,000 /Channel",,09050-10717,Electrical  Metrology Department,5000.0,Electrical  Metrology Department,7,"meter, power, phase, ac, wattmeter"
58.0,Single Phase / Three Phase Watt Meter,AC Power : 0 W to 172.8 kW (three phase),"0.12 % for single phase
0.20 % for three phase","5,000 to 25,000 / channel","High burden  
Direct measurement",09050-10718,Electrical  Metrology Department,5000.0,Electrical  Metrology Department,7,"meter, power, phase, ac, wattmeter"
68.0,DC Power Meter (20 A to 200 A),Power: 200 W to 200 kW Voltage : 10 V to 1000 V Current : 20 A to 200 A,160 µW/W to 325 µW/W,"7,500 THB (2 points) / channel","7,500 THB for 2 points
2,500 THB/point for additional point",09050-10719,Electrical  Metrology Department,7500.0,Electrical  Metrology Department,7,"meter, power, phase, ac, wattmeter"
69.0,Wattmeter,Power : 0 W to 12 kW,"50 µW/VA to 65 µW/VA
","5,000 THB to 25,000 THB / channel",Comparison measurement,09050-10720,Electrical  Metrology Department,5000.0,Electrical  Metrology Department,0,"gauge, calibration, testing, machine, laser"
70.0,"Energy Meter with Pulse 
(Single phase or Three phase)",Energy: 1.05 mWh to 833.3 Wh per phase,"90 µWh/Wh  
to 160 µWh/Wh","5,000 THB to 30,000 THB/ channel",Pulse comparison,09050-10721,Electrical  Metrology Department,5000.0,Electrical  Metrology Department,7,"meter, power, phase, ac, wattmeter"
71.0,"Wattmeter AC Power Meter
Wattmeter with AC Curent Clamp
AC Power Meter with AC Current Clamp
(80 A to 120 A)(1 phase or 3 phase)",Power : 0 W to 120 kW per phase Voltage: 15 V to 1000 V Current : 80 A to 120 A PF: 1 to 0 (inductive or Capacitive) Frequency : 50 Hz to 60 Hz,"135 µW/VA  
to 205 µW/VA
5.6 mW/W
to 6.8 mW/W  
","5,000 THB to 25,000 THB/ channel",,09050-10722,Electrical  Metrology Department,5000.0,Electrical  Metrology Department,7,"meter, power, phase, ac, wattmeter"
72.0,"Wattmeter with AC Curent Clamp
AC Power Meter with AC Current Clamp
(500 A to 6000 A)(1 phase or 3 phase)",Power : 3.75 kW to 6000 kW per phase,"
","7,500 THB for 1st point 3,750 THB/point 
for additional point / channel",Current coil used,09050-10723,Electrical  Metrology Department,7500.0,Electrical  Metrology Department,7,"meter, power, phase, ac, wattmeter"
73.0,Single Phase AC Wattmeter Single Phase AC Power Meter,Reactive Power : 0 var to 50 kvar,"60 µvar/VA  to 125 µvar/VA
","5,000 THB to 25,000 THB / channel",Direct measurement,09050-10724,Electrical  Metrology Department,5000.0,Electrical  Metrology Department,7,"meter, power, phase, ac, wattmeter"
74.0,"Three Phase AC Wattmeter 
Three Phase AC Power Meter
Three Phase Power Comparator",Reactive Power : 0 var to 150 kvar,"60 µvar/VA  
to 125 µvar/VA
","5,000 THB to 25,000 THB",Direct measurement,09050-10725,Electrical  Metrology Department,5000.0,Electrical  Metrology Department,7,"meter, power, phase, ac, wattmeter"
75.0,Single Phase Energy Meter with Pulse Output,"Reactive Energy: 0.06525 vars to 4800000 vars varh





 Voltage: 15 V to 1000 V Current : 0.01 A to 80 A QF: 1 to 0.087 (inductive or capacitive) Frequency : 45 Hz to 65 Hz Time : 5 s to 60 s",³ 60 mvars/ Vas to,"5,000 to 35,000 THB/ channel",Pulse comparison,09050-10726,Electrical  Metrology Department,5000.0,Electrical  Metrology Department,7,"meter, power, phase, ac, wattmeter"
76.0,Three Phase Energy Meter with Pulse Output,"Reactive Energy: 0.19575 vars to 14,400,000 vars varh





 Voltage: 15 V to 1000 V Current : 0.01 A to 80 A QF: 1 to 0.087 (inductive or capacitive) Frequency : 45 Hz to 65 Hz Time : 5 s to 60 s",³ 60 mvars/ Vas to  ³ 665 mvars/ Vas,"6,250 THB to 51,250 THB ",Pulse comparison,09050-10727,Electrical  Metrology Department,6250.0,Electrical  Metrology Department,7,"meter, power, phase, ac, wattmeter"
77.0,Single Phase Energy Meter (No Pulse),Reactive Energy: 0.0625 varh to 16.667 kvarh Power: 0.75 var to 50 kvar Voltage: 15 V to 1000 V Current : 0.1 A to 50 A QF: 1 to 0.5 (inductive or capacitive) Frequency : 50 Hz to 60 Hz Time : 300 s to 1200 s,"200 µvarh/varh   to 600 µvarh/varh
","5,000 THB to 15,000 THB / channel",Energy Packet,09050-10728,Electrical  Metrology Department,5000.0,Electrical  Metrology Department,7,"meter, power, phase, ac, wattmeter"
78.0,Three Phase Energy Meter (No Pulse),Reactive Energy: 0.1875 varh to 50 kvarh Power: 0.75 var to 50 kvar Voltage: 15 V to 1000 V Current : 0.1 A to 50 A QF: 1 to 0.5 (inductive or capacitive) Frequency : 50 Hz to 60 Hz,"200 µvarh/varh  to 600 µvarh/varh
","5,000 THB to 15,000 THB",Energy Packet,09050-10729,Electrical  Metrology Department,5000.0,Electrical  Metrology Department,7,"meter, power, phase, ac, wattmeter"
79.0,AC  Voltage  of Electrical Power Source,"AC Voltage  0.1 V to 1000 V 
Frequency 10 Hz to 1 kHz
","30 µV/V  
","5,000 THB to 50,000 THB/ channel","Digital Sampling Watt Meter, DSWM Method",09050-10730,Electrical  Metrology Department,5000.0,Electrical  Metrology Department,7,"meter, power, phase, ac, wattmeter"
80.0,AC Current  of Electrical Power Source,"AC Current  0.01A to 100 A  Frequency 10 Hz to 1 kHz

","40 µA/A  
","5,000 THB to 50,000 THB / channel","Digital Sampling Watt Meter, DSWM Method",09050-10731,Electrical  Metrology Department,5000.0,Electrical  Metrology Department,7,"meter, power, phase, ac, wattmeter"
81.0,"AC Voltage of AC power meter, or
AC wattmeter",Voltage: 5 V to 1000 V Frequency: 16 Hz to 850 Hz,"0.049 mV/V  to 0.31 mV/V
","2,500 THB to 25,000 THB / channel",Direct measurement Method,09050-10732,Electrical  Metrology Department,2500.0,Electrical  Metrology Department,7,"meter, power, phase, ac, wattmeter"
82.0,"AC Current of AC power meter, or
AC wattmeter",Current: 0.01 A to 20 A Frequency: 16 Hz to 850 Hz  Current: > 20 A  to  80 A Frequency: 40 Hz to 850 Hz,"0.061 mA/A  to 0.177 mA/A
","2,500 THB to 25,000 THB / channel",Direct measurement Method,09050-10733,Electrical  Metrology Department,2500.0,Electrical  Metrology Department,7,"meter, power, phase, ac, wattmeter"
83.0,DC Power of Wattmeter,Power : 0.01 mW to 20 kW Voltage: 0.01 V to 1000 V Current : 0.001 mA to 20 A,"0.15 mW/W   to 1.2 mW/W
","2,500 THB to 25,000 THB / channel",Direct measurement Method,09050-10734,Electrical  Metrology Department,2500.0,Electrical  Metrology Department,7,"meter, power, phase, ac, wattmeter"
84.0,DC Voltage of Wattmeter,Voltage: 0.01 V to 1000 V,0.02 mV/V  to 0.16 mV/V,"2,500 THB to 25,000 THB / channel",Direct measurement Method,09050-10735,Electrical  Metrology Department,2500.0,Electrical  Metrology Department,0,"gauge, calibration, testing, machine, laser"
85.0,DC Current of Wattmeter,Current: 0.01 A to 20 A,0.15 mA/A to 1.2 mA/A,"2,500 THB to 25,000 THB/ channel",Direct measurement Method,09050-10736,Electrical  Metrology Department,2500.0,Electrical  Metrology Department,7,"meter, power, phase, ac, wattmeter"
86.0,AC Voltage for VT with Wattmeter,AC Voltage  5 V to 1000 V,0.051 mV/Vto 0.086 mV/V,"5,000 THB to 15,000 THB / channel",Direct measurement ,09050-10737,Electrical  Metrology Department,5000.0,Electrical  Metrology Department,7,"meter, power, phase, ac, wattmeter"
91.0,AC Current for CT with Wattmeter,AC Current	: 0.01 A to 120 A Frequency	: 16 Hz to 850 Hz,0.011 % to 0.028 %,"5,000 THB to 15,000 THB / channel",Direct measurement ,09050-10738,Electrical  Metrology Department,5000.0,Electrical  Metrology Department,7,"meter, power, phase, ac, wattmeter"
93.0,DC energy meter,"DC energy : 0.000833 Wh to 50 kWh Voltage : 1 V to 500 V
Current : 0.01 A to 10 A  Time : 300 s to 10 hours",0.42 mWh/Wh to 4.3 mWh/Wh,"5,000 THB to 15,000 THB / channel",Energy Packet,09050-10739,Electrical  Metrology Department,5000.0,Electrical  Metrology Department,7,"meter, power, phase, ac, wattmeter"
94.0,"Three phase wattmeter, 
Three phase power meter,Three Phase Comparator  Wattmeter AC power meter Wattmeter","Three phase active power : 0 W to 115.2 kW Voltage : 60 V to 480 V Current :0.005 A to 160 A Frequency: 45 Hz to 65 Hz PF:1, 0.5 (inductiv,capactivie), 0 (inductiv,capactivie),"," 54 µW/VA 
to 204 µW/VA","5,000 THB to 20,000 THB",Comparison measurement,09050-10740,Electrical  Metrology Department,5000.0,Electrical  Metrology Department,7,"meter, power, phase, ac, wattmeter"
95.0,Single phase wattmeter with frequency output AC power meter Wattmeter,"Single phase active power :0.1305 W to 80 kW Voltage : 15 V to 1000 V Current : 0.1 A to 80 A Frequency: 45 Hz to 65 Hz PF:1 to 0.087, (inductive or capacitive)",48 mW/VA to 183 mW/VA,"5,000 THB to 17,500 THB/ channel",Direct with frequency measurement  ,09050-10741,Electrical  Metrology Department,5000.0,Electrical  Metrology Department,7,"meter, power, phase, ac, wattmeter"
96.0,Three phase wattmeter with frequency output AC power meter Wattmeter,"Three phase active power: 0.3915 W to 240 kW Voltage : 15 V to 1000 V Current : 0.1 A to 80 A Frequency: 45 Hz to 65 Hz PF:1 to 0.087, (inductive or capacitive)",48 mW/VA to 183 mW/VA,"5,000 THB to 17,500 THB",Direct with frequency measurement  ,09050-10742,Electrical  Metrology Department,5000.0,Electrical  Metrology Department,7,"meter, power, phase, ac, wattmeter"
97.0,Single phase wattmeter with frequency output AC power meter Wattmeter Wattmeter,"Single phase reactive power :0.1305 var to 80 kvar Voltage : 15 V to 1000 V Current : 0.1 A to 80 A Frequency: 45 Hz to 65 Hz QF:1 to 0.087, (inductive or capacitive)",48 mvar/VA to 183 mvar/VA,"5,000 THB to 17,500 THB",Direct with frequency measurement  ,09050-10743,Electrical  Metrology Department,5000.0,Electrical  Metrology Department,7,"meter, power, phase, ac, wattmeter"
98.0,Three phase wattmeter with frequency output AC power meter Wattmeter  Wattmeter,"Three phase reactive power: 0.3915 var to 240 kvar Voltage : 15 V to 1000 V Current : 0.1 A to 80 A Frequency: 45 Hz to 65 Hz QF:1 to 0.087, (inductive or capacitive)",48 mvar/VA to 183 mvar/VA,"5,000 THB to 17,500 THB",Direct with frequency measurement  ,09050-10744,Electrical  Metrology Department,5000.0,Electrical  Metrology Department,7,"meter, power, phase, ac, wattmeter"
99.0,"Ac current clamp meter,Ac clamp meter Clamp meter",AC current Ac current : 10 A to 1500 A Frequency: 16 Hz to 300 Hz,5.045 mA/A,"5,000 THB to 10,000 THB / channel",Indirect measurement,09050-10745,Electrical  Metrology Department,5000.0,Electrical  Metrology Department,7,"meter, power, phase, ac, wattmeter"
100.0,"AC power meter, Wattmeter","Power factor (PF, cos j) : 1 to 0 Reactive power factor (QF, sin j) : 1 to 0 Voltage: 15 V to 1000 V

 Current: 0.1 A to 80 A  Frequency: 45 Hz to 65 Hz",6×10-6 to 61×10-6,"5,000 THB to 7,500 THB / channel",Direct measurement,09050-10746,Electrical  Metrology Department,5000.0,Electrical  Metrology Department,7,"meter, power, phase, ac, wattmeter"
101.0,"AC power meter,Wattmeter","Frequency:  16 Hz to 850 Hz Voltage: 1 V to 1000 V

 Current: 0.01 A to 80 A ",0.0011 Hz to 0.050 Hz ,"5,000 THB to 7,500 THB / channel",Direct measurement,09050-10747,Electrical  Metrology Department,5000.0,Electrical  Metrology Department,7,"meter, power, phase, ac, wattmeter"
102.0,"Single phase wattmeter, Single phase power meter,Single phase power comparator AC power meter Wattmeter","Reactive power	: 0 var to 100 kvar Voltage : 15 V to 1000 V Current : 80 A to 100 A Frequency: 45 Hz to 65 Hz QF:1 to 0, (inductive or capacitive)","134 µvar/VA to 213 µvar/VA
","5,000 THB to 12,500 THB / channel",Direct measurement,09050-10748,Electrical  Metrology Department,5000.0,Electrical  Metrology Department,7,"meter, power, phase, ac, wattmeter"
103.0,"Three phase wattmeter, Three phase power meter, Three phase power comparator Wattmeter","Reactive power	: 0 var to 300 kvar Voltage : 15 V to 1000 V Current : 80 A to 100 A Frequency: 45 Hz to 65 Hz QF:1 to 0, (inductive or capacitive)","134 µvar/VA  to 213 µvar/VA
","5,000 THB to 12,500 THB",Direct measurement,09050-10749,Electrical  Metrology Department,5000.0,Electrical  Metrology Department,7,"meter, power, phase, ac, wattmeter"
104.0,"Single phase  wattmeter, Single phase power meter,Single Phase Power comparator,Watt converter","Active power : 0 W to 80 kW Voltage : 15 V to 1000 V Current : 0.1 A to 80 A Frequency: 16 Hz to 400 Hz PF:1 to 0, (inductive or capacitive)",60 µW/VA  to 540 µW/VA,"5,000 THB to 27,500 THB/ channel",Direct measurement,09050-10750,Electrical  Metrology Department,5000.0,Electrical  Metrology Department,7,"meter, power, phase, ac, wattmeter"
105.0,"Three phase  wattmeter, Three phase power meter,Three Phase Power comparator,","Active power : 0 W to 240 kW Voltage : 15 V to 1000 V Current : 0.1 A to 80 A Frequency: 16 Hz to 400 Hz PF:1 to 0, (inductive or capacitive)",60 µW/VA  to 540 µW/VA,"5,000 THB to 27,500 THB",Direct measurement,09050-10751,Electrical  Metrology Department,5000.0,Electrical  Metrology Department,7,"meter, power, phase, ac, wattmeter"
106.0,"Single phase  wattmeter, Single phase power meter,Single Phase Power comparator,Watt converter","Reactive power : 0 var to 80 kvar Voltage : 15 V to 1000 V Current : 0.1 A to 80 A Frequency: 16 Hz to 400 Hz QF:1 to 0, (inductive or capacitive)",60 µvar/VA  to 540 µvar/VA,"5,000 THB to 27,500 THB / channel",Direct measurement,09050-10752,Electrical  Metrology Department,5000.0,Electrical  Metrology Department,7,"meter, power, phase, ac, wattmeter"
107.0,"Three phase  wattmeter, Three phase power meter,Three Phase Power comparator,","Reactive power : 0 var to 240 kvar Voltage : 15 V to 1000 V Current : 0.1 A to 80 A Frequency: 16 Hz to 400 Hz PF:1 to 0, (inductive or capacitive)",60 µvar/VA  to 540 µvar/VA,"5,000 THB to 27,500 THB",Direct measurement,09050-10753,Electrical  Metrology Department,5000.0,Electrical  Metrology Department,7,"meter, power, phase, ac, wattmeter"
108.0,Transformer bridge ratio,Phase displacement error -180 deg to 180 deg or -10800 arcmin to 10800 arcmin Voltage: 10 V to 1000 V Frequency: 45 Hz to 65 Hz,0.35 minute of arc,"10,000 THB to  47,500 THB / item",Direct comparison,09050-10754,Electrical  Metrology Department,10000.0,Electrical  Metrology Department,0,"gauge, calibration, testing, machine, laser"
109.0,Transformer bridge ratio(Phase displacement error for current),Phase displacement error,0.42 minute of arc,"11,250 THB to  36,250 THB  / item",Direct comparison,09050-10755,Electrical  Metrology Department,11250.0,Electrical  Metrology Department,0,"gauge, calibration, testing, machine, laser"
110.0,Transformer bridge ratio(Voltage Ratio Error),Ratio error : -0.2 to 0.2 Voltage: 10 V to 1000 V -180 deg to 180 deg Frequency: 45 Hz to 65 Hz,0.018×10-2 ,"10,000 THB to  47,500 THB / item",Direct comparison,09050-10756,Electrical  Metrology Department,10000.0,Electrical  Metrology Department,0,"gauge, calibration, testing, machine, laser"
111.0,Transformer bridge ratio(Current Ratio Error),Ratio error : -0.2 to 0.2 Current: 0.1 A to 20 A -180 deg to 180 deg Frequency: 45 Hz to 65 Hz,0.018×10-2 ,"11,250 THB to  36,250 THB / item",Direct comparison,09050-10757,Electrical  Metrology Department,11250.0,Electrical  Metrology Department,0,"gauge, calibration, testing, machine, laser"
2583.0,Single phase energy meter with pulse output,"Active Energy: 15 Ws to 2,880,000 Ws
Voltage: 60 V to 480 V
Current : 0.05 A to 100 A
PF: 1 to 0.5 (inductive) and 1 to 0.8 (capacitive)
Frequency : 45 Hz to 65 Hz
Time : 10 s to 60 s",52 ?Ws/Ws,"7,500 THB 
to 32,500 THB / Channel",Comparison measurement,09050-10758,Electrical  Metrology Department,7500.0,Electrical  Metrology Department,7,"meter, power, phase, ac, wattmeter"
2584.0,Single phase energy meter with pulse output,"Voltage: 60 V to 480 V
Current : 0.05 A to 100 A
QF: 1(inductive) to 0.5 (inductive) and 1(inductive) to 0.8 (capacitive)
Frequency : 45 Hz to 65 Hz
Time : 10 s to 60 s",52 ?vars/vars,"7,500 THB 
to 32,500 THB/Channel",Comparison measurement,09050-10759,Electrical  Metrology Department,7500.0,Electrical  Metrology Department,7,"meter, power, phase, ac, wattmeter"
2585.0,Three phase energy meter with pulse output,"Active Energy:  45 Ws to 8,640,000  Ws
Voltage: 60 V to 480 V
Current : 0.05 A to 100 A
PF: 1 to 0.5 (inductive) and 1 to 0.8 (capacitive)
Frequency : 45 Hz to 65 Hz
Time : 10 s to 60 s",52 ?Ws/Ws,"20,000 THB  
to 86,750 THB ",Comparison measurement,09050-10760,Electrical  Metrology Department,20000.0,Electrical  Metrology Department,7,"meter, power, phase, ac, wattmeter"
2586.0,Three phase energy meter with pulse output,"Reactive Energy: 45 vars to 8,640,000 vars
Voltage: 60 V to 480 V
Current : 0.05 A to 100 A
QF: 1(inductive) to 0.5 (inductive) and 1 (inductive) to 0.8 (capacitive)
Frequency : 45 Hz to 65 Hz
Time : 10 s to 60 s",52 ?vars/vars,"20,000 THB  
to 86,750 THB ",Comparison measurement,09050-10761,Electrical  Metrology Department,20000.0,Electrical  Metrology Department,7,"meter, power, phase, ac, wattmeter"
61.0,Phase Meter,Phase Meter Frequency : 15 Hz to 100 kHz Amplitde (rms) : 50 mV  to 120 V,> 0.01o ,"9,000 to 27,000/item",,09050-10920,Electrical  Metrology Department,9000.0,Electrical  Metrology Department,7,"meter, power, phase, ac, wattmeter"
62.0,Phase Source,Phase Angle : 0.000o to 999.999o Frequency : 10 Hz to 100 kHz Amplitde (rms) : 50 mV  to 120 V,> 0.005 o ,"18,000 to 45,000/item",,09050-10921,Electrical  Metrology Department,18000.0,Electrical  Metrology Department,7,"meter, power, phase, ac, wattmeter"
63.0,Phase Meter Current Shunt,Range : 0.1 A to 50 A Phase Angle : 0.000° to ± 180° Frequency : 16 Hz to 850 Hz,? 0.002 o ,"5,000 (5 pts)'+ 800 / point",,09050-10922,Electrical  Metrology Department,5000.0,Electrical  Metrology Department,7,"meter, power, phase, ac, wattmeter"
64.0,"Power Analyzer, Harmonics and Flicker","Output Voltage : 1020 V Output Current : 80 A Frequency : 20 Hz and  up to 1 kHz Harmonics : 100th, up to 6 kHz Flicker : 16 Hz to 9 kHz",Voltage > 100 mV/V Current > 150 mA/A Power > 200 mW/VA Frequency > 50 mHz/Hz,"6,750 to 13,500/channel",,09050-10930,Electrical  Metrology Department,6750.0,Electrical  Metrology Department,7,"meter, power, phase, ac, wattmeter"
65.0,"Power Ananlyzer, Dips/ Swells",Voltage: 10 V to 1000 V Current Current : 0.05 A to 20A  Dip/Swell amplitude : 10 % to 140 % of nominal amplitude  Time : 1 ms to 1 minute Frequency : 16 Hz to 850 Hz,³ 0.07 %,"2,250 to 9,000/ channel",,09050-10931,Electrical  Metrology Department,2250.0,Electrical  Metrology Department,7,"meter, power, phase, ac, wattmeter"
66.0,Harmonic Current Meter,"Current : 1 A to 120 A Fund. Frequency : 50 Hz and 60 Hz Harmonic current : 0.1 % to 10 % of fundamental Harmonics : 1st to 40th,  Har. Frequency : 50 Hz to 2.4 kHz","Harmonic < 1 % of Fundamental 
0.07 %
Harmonic ? 1 % of Fundamental 
5.80 % 

","5,000 to 27,500/ channel",High burden  Direct measurement,09050-10932,Electrical  Metrology Department,5000.0,Electrical  Metrology Department,7,"meter, power, phase, ac, wattmeter"
67.0,Harmonics Power Source,"Harmonics Power (0.0025 to 10) % 
of Fundamental Power  Power Factor of Harmonics
1 to 0.5, Inductive or Capacitive
 Harmonics order : 2nd to 100th Total Power : 20 W to 50 kW Total Voltage : 50 V to 1000 V Total Current : 0.8 A to 50 A Power Factor of Fundamental
1 to 0.5, Inductive or Capacitive Fundamental Frequency : 50 Hz to 60 Hz",0.32 mW/W to 8.2 mW/W,"10,000 THB/channel
(10 points)","1) Additional fee:
750 THB/ additional point
2) Digital sampling technique",09050-10933,Electrical  Metrology Department,10000.0,Electrical  Metrology Department,7,"meter, power, phase, ac, wattmeter"
87.0,Harmonic Voltage for Power Source,"Voltage 1 V to 1000 V Fund. Freq. 45 Hz to 65 Hz Harmonic Amplitude (0.1 % to 25 %) of Fundamental Harmonic order 0, 2nd to 100th Harmonic Frequency DC to 6 kHz",45 mV/V,"5,000 THB to 50,000 THB/ item",Digital Sampling Technique,09050-10934,Electrical  Metrology Department,5000.0,Electrical  Metrology Department,7,"meter, power, phase, ac, wattmeter"
88.0,Harmonic Current for Power Source,"Current 0.01 A to 100 A Fund. Freq. 45 Hz to 65 Hz Harmonic Amplitude (0.1 % to 25 %) of Fundamental Harmonic order 0, 2nd to 100th Harmonic Frequency DC to 6 kHz",50 mA/A,"5,000 THB to 50,000 THB / channel",Digital Sampling Technique,09050-10935,Electrical  Metrology Department,5000.0,Electrical  Metrology Department,7,"meter, power, phase, ac, wattmeter"
92.0,Flicker impedance of power quality measurement system,"Nominal impedance @ 50 Hz 
(0.24 +j0.15) W for line impedance 
 (016 + j0.10) W for neutral impedance",0.03%,"5,000 THB to 15,000 THB / channel",Volt-Ampere method,09050-10936,Electrical  Metrology Department,5000.0,Electrical  Metrology Department,6,"measurement, detector, additional, frequency, irradance"
89.0,Harmonic source (Voltage harmonic),Voltage (harmonic) : 0.01 V to 200 V Total rms voltage  : 10 V to 1000 V Fundamental frequency : 50 Hz to 60 Hz Harmonic amplitude  : 0.1 % to 20 % of fundamental Phase shift of harmonic : 0 degree Harmonic order : o to 100th Harmonic frequency : 0 Hz to 6 kHz,0.0045 V/V  to 3.5 V/V,"6,250 THB to  11,250 THB / channel",Direct measurement,09050-10937,Electrical  Metrology Department,6250.0,Electrical  Metrology Department,0,"gauge, calibration, testing, machine, laser"
90.0,Harmonic source (Current harmonic),Current (harmonic) : 0.1 mA to 4 A conditions Total rms current: 0.1 A to 20 A Harmonic amplitude  : 0.1 % to 20 % of fundamental Phase shift of harmonic : 0 degree Harmonic order : o to 100th Harmonic frequency : 0 Hz to 6 kHz,0.0037 A/A to 8.8 A/A,"7,500 THB to  14,250 THB  / channel",Direct measurement,09050-10938,Electrical  Metrology Department,7500.0,Electrical  Metrology Department,0,"gauge, calibration, testing, machine, laser"
59.0,AC Power Source (On-site),AC Power : 0.15 W to 76.8 kW,100 µW/W  to 215 µW/W ,"5,000 to 28,000 /Channel",Direct measurement,09050-30710,Electrical  Metrology Department,5000.0,Electrical  Metrology Department,7,"meter, power, phase, ac, wattmeter"
60.0,"Single phase energy meter,Single phase power meter,Three phase energy meter,Three phase power meter(On-site)",Energy : (0.01875 Wh to 76.8 kWh)/phase,Single/Three phase (? 5 A),"2,500 to10,000 /Channel","Comparison measurement
1. ? 5 A : single and three phases
2. > 5 A to 160 A : single phase",09050-30711,Electrical  Metrology Department,2500.0,Electrical  Metrology Department,7,"meter, power, phase, ac, wattmeter"
255.0,Energy meter (Three phase),"Active Energy: 11.25 Ws to 259,200,000 Ws  Voltage: 25 V to 600 V Current: 0.005 A to 120 A PF:1 to 0.5, (inductive or capacitive) Frequency: 45 Hz to 65 Hz Time : 60 s to 1200 s Temperature 0°C to +46°C Relative humidity 15 % to 85 %",0.11×10-2 Ws/Ws  to  0.50×10-2 Ws/Ws ,5000 (2 points) / item,Pulse  comparison during onsite and onload conditions  ,09050-30712,Electrical  Metrology Department,5000.0,Electrical  Metrology Department,7,"meter, power, phase, ac, wattmeter"
126.0,DC High Voltage Divider,-10 kV to 10 kV,30 x 10-6 (Ratio),"< 10 kV 4,500 first point '+ 2,250 next point",Compared against DC high voltage  reference system.,09060-10810,Electrical  Metrology Department,10.0,Electrical  Metrology Department,0,"gauge, calibration, testing, machine, laser"
127.0,DC High Voltage Divider,>10 kV to 100 kV,30 x 10-6 (Ratio),"> 10 kV 5,630 first point '+ 2,250 next point",,09060-10811,Electrical  Metrology Department,10.0,Electrical  Metrology Department,0,"gauge, calibration, testing, machine, laser"
129.0,DC High Voltage Source,-10 kV to 100 kV,30 mV/V,"9,000 to 18,000/item","Compared against DC high voltage
reference system.",09060-10812,Electrical  Metrology Department,9000.0,Electrical  Metrology Department,0,"gauge, calibration, testing, machine, laser"
131.0,DC High Voltage Meter,-10 kV to 100 kV,As specification,"6,750 to 18,000/item","Compared against DC high voltage 
reference system.
",09060-10813,Electrical  Metrology Department,6750.0,Electrical  Metrology Department,7,"meter, power, phase, ac, wattmeter"
133.0,High Voltage Capacitance & Dissipation Factor,Capacitance 10 pF to 1000 pF Voltage:10 kV to 100 kV Frequency : 50 Hz Dissipation Factor: 50 x 10-6 to 1 x 10-3,³ 80 mF/F for Capacitance ³ 50 x 10-6 for Dissipation Factor,"12,500/item","Compared against standard
capacitor using AC high voltage
capacitance and inductance bridge.",09060-10820,Electrical  Metrology Department,12500.0,Electrical  Metrology Department,0,"gauge, calibration, testing, machine, laser"
134.0,High Voltage Capacitance & Dissipation Factor,Capacitance 10 pF to 1000 pF Voltage:10 kV to 200 kV Frequency : 50 Hz Dissipation Factor: 50 x 10-6 to 1 x 10-3,,"17,500/item",,09060-10821,Electrical  Metrology Department,17500.0,Electrical  Metrology Department,0,"gauge, calibration, testing, machine, laser"
135.0,AC High Voltage Divider,1 kV to 200 kV @ 50 Hz,³ 0.3 % (Scale Factor),"11,500 to 27,500/item",Compared against AC high voltage reference system ,09060-10830,Electrical  Metrology Department,11500.0,Electrical  Metrology Department,0,"gauge, calibration, testing, machine, laser"
136.0,AC High Voltage Meter,1 kV to 200 kV @ 50 Hz,As specification,"9,000 to 27,000/item",Compared against AC high voltage  reference system.,09060-10831,Electrical  Metrology Department,9000.0,Electrical  Metrology Department,7,"meter, power, phase, ac, wattmeter"
139.0,AC High Voltage Source,1 kV to 200 kV @ 50 Hz,³ 0.3 %,"11,500 to 23,000/item",,09060-10832,Electrical  Metrology Department,11500.0,Electrical  Metrology Department,0,"gauge, calibration, testing, machine, laser"
140.0,Voltage Transformer,3.3 kV to 33 kV @ 50Hz/60 Hz,Ratio error ³ 0.01 %  Phase displacement ³ 0.3 min ,"7,500 first tap '+ 1,900 next tap per frequency, burden and power factor",Compared against voltage transformer reference system. 850 THB for additional point,09060-10833,Electrical  Metrology Department,7500.0,Electrical  Metrology Department,0,"gauge, calibration, testing, machine, laser"
142.0,Lightning Impulse Voltage Measuring System 1.2/50 µs,100 kV,Scale factor ³ 1.1 %,"23,750/ item",Additional fee for time to chopping,09060-10840,Electrical  Metrology Department,23750.0,Electrical  Metrology Department,2,"pressure, measuring, instruments, gas, pe"
143.0,Lightning Impulse Voltage Measuring System 1.2/50 µs,200 kV,Time parameter ³ 1.7 %,"26,250/ Item","(2.0 to 6.0) ms: 5,000 THB/point for",09060-10840,Electrical  Metrology Department,26250.0,Electrical  Metrology Department,2,"pressure, measuring, instruments, gas, pe"
144.0,Lightning Impulse Voltage Measuring System 1.2/50 µs,300 kV,,"31,250/ item","MS rated < 200 kV, and 10,000 THB/",09060-10840,Electrical  Metrology Department,31250.0,Electrical  Metrology Department,2,"pressure, measuring, instruments, gas, pe"
145.0,Lightning Impulse Voltage Measuring System 1.2/50 µs,400 kV,,"33,750/ item",point for MS rated < 500 kV.,09060-10840,Electrical  Metrology Department,33750.0,Electrical  Metrology Department,2,"pressure, measuring, instruments, gas, pe"
146.0,Lightning Impulse Voltage Measuring System 1.2/50 µs,500 kV,,"36,250/ item",,09060-10840,Electrical  Metrology Department,36250.0,Electrical  Metrology Department,2,"pressure, measuring, instruments, gas, pe"
155.0,Switching Impulse Voltage Measuring System 250/2500 µs,400 kV,,"33,750/ item",,09060-10841,Electrical  Metrology Department,33750.0,Electrical  Metrology Department,2,"pressure, measuring, instruments, gas, pe"
154.0,Switching Impulse Voltage Measuring System 250/2500 µs,300 kV,,"31,250/ item",,09060-10841,Electrical  Metrology Department,31250.0,Electrical  Metrology Department,2,"pressure, measuring, instruments, gas, pe"
153.0,Switching Impulse Voltage Measuring System 250/2500 µs,200 kV,Time parameter ³ 1.7 %,"26,250/ Item",,09060-10841,Electrical  Metrology Department,26250.0,Electrical  Metrology Department,2,"pressure, measuring, instruments, gas, pe"
152.0,Switching Impulse Voltage Measuring System 250/2500 µs,100 kV,Scale factor ³ 0.8 %,"23,750/ item",,09060-10841,Electrical  Metrology Department,23750.0,Electrical  Metrology Department,2,"pressure, measuring, instruments, gas, pe"
160.0,Partial Discharge Calibrator,1 pC-1000 pC,³ 1.7 %,"15,000/ item (7 points x 2 polarities)","Additional fee: 1,500 /item for additional (1 point x 2 polarities)",09060-10850,Electrical  Metrology Department,15000.0,Electrical  Metrology Department,0,"gauge, calibration, testing, machine, laser"
161.0,Current Transformer,5 A to 1500 A @ 50 Hz/60 Hz,Ratio error ³ 0.01 %  Phase displacement ³ 0.3 min ,"7,500 first tap '+ 1,900 next tap 'per frequency, burden 'and power factor",Compared against current transformer reference system. 850 THB for additional point,09060-10860,Electrical  Metrology Department,7500.0,Electrical  Metrology Department,0,"gauge, calibration, testing, machine, laser"
162.0,"Rogowski Coil (current transducer),Rogowski Current Transducer",10 A to 1500 A @ 50 Hz/60 Hz,³ 0.5 %,7500/item '(5 current levels) 'frequency 50 Hz or 60 Hz,Compared against current transformer reference system. Additional fee: 7500/additional 5 current levels,09060-10861,Electrical  Metrology Department,7500.0,Electrical  Metrology Department,0,"gauge, calibration, testing, machine, laser"
128.0,"DC High Voltage Divider (On-site),DC High Voltage Measuring System (On-site)",200 kV,? 30 x 10-6(Ratio),"60,000/item '(5 voltage levels)","Additional fee: 
(1) 7,500/additional voltage level
(2) Linearity Test: 10,000 /for 5 voltage levels",09060-30810,Electrical  Metrology Department,60000.0,Electrical  Metrology Department,0,"gauge, calibration, testing, machine, laser"
130.0,DC High Voltage Source (On-site),200 kV,? 170 mV/V,"60,000/item '(5 voltage levels)","Additional fee: (1) 7,500/additional voltage level
(2) Linearity Test: 10,000 /for 5 voltage levels",09060-30811,Electrical  Metrology Department,60000.0,Electrical  Metrology Department,0,"gauge, calibration, testing, machine, laser"
132.0,DC High Voltage Meter (On-site),200 kV,? 30 ?V/V,"60,000/item '(5 voltage levels)","Additional fee: (1) 7,500/additional voltage level
(2) Linearity Test: 10,000 /for 5 voltage levels",09060-30812,Electrical  Metrology Department,60000.0,Electrical  Metrology Department,7,"meter, power, phase, ac, wattmeter"
137.0,"AC High Voltage Meter, AC High Voltage Measuring System",100 kV,³ 0.3 %,"67,500/item ( 5 voltage levels)","Additional fee: (1) 7,500/additional voltage level",09060-30830,Electrical  Metrology Department,67500.0,Electrical  Metrology Department,7,"meter, power, phase, ac, wattmeter"
138.0,"(Vrms, Vpeak, Vpeak/Ö2 @ 50 Hz) (On-site)",200 kV,³ 0.3 %,"82,500/item ( 5 voltage levels)","(2) Linearity Test: 10,000 /for 5 voltage levels",09060-30831,Electrical  Metrology Department,82500.0,Electrical  Metrology Department,0,"gauge, calibration, testing, machine, laser"
141.0,Transformer Loss Measuring System (On-site),"up to 200 kV, up to 5 kA, 50/60 Hz",0.03 % @ p.f. = 1.0,"56,250 
for 3 power factors 
(4 points/power factor)

 +2,500 
for each additional point



","On-site calibration of voltage transducers, and current transducers of the transformer loss measuring system are a prerequisite for this service.",09060-30834,Electrical  Metrology Department,56250.0,Electrical  Metrology Department,0,"gauge, calibration, testing, machine, laser"
147.0,Lightning Impulse Voltage Measuring System 1.2/50 µs,100 kV,Scale factor ³ 1.1 %,"71,250/ item
(5 voltage levels)",Additional fee: ,09060-30840,Electrical  Metrology Department,71250.0,Electrical  Metrology Department,2,"pressure, measuring, instruments, gas, pe"
148.0,Lightning Impulse Voltage Measuring System 1.2/50 µs,200 kV,Time parameter ³ 2.2 %,"78,750/ Item
(5 voltage levels)","(1) 15,000/additional voltage level",09060-30841,Electrical  Metrology Department,78750.0,Electrical  Metrology Department,2,"pressure, measuring, instruments, gas, pe"
149.0,Lightning Impulse Voltage Measuring System 1.2/50 µs,300 kV,,"93,750/ item
(5 voltage levels)","(2) Linearity Test: 20,000/for 5 voltage levels",09060-30842,Electrical  Metrology Department,93750.0,Electrical  Metrology Department,2,"pressure, measuring, instruments, gas, pe"
150.0,Lightning Impulse Voltage Measuring System 1.2/50 µs,400 kV,,"101,250/ item
(5 voltage levels)",,09060-30843,Electrical  Metrology Department,101250.0,Electrical  Metrology Department,2,"pressure, measuring, instruments, gas, pe"
151.0,Lightning Impulse Voltage Measuring System 1.2/50 µs,500 kV,,"108,750/ item
(5 voltage levels)",,09060-30844,Electrical  Metrology Department,108750.0,Electrical  Metrology Department,2,"pressure, measuring, instruments, gas, pe"
156.0,Switching Impulse Voltage Measuring System 250/2500 µs,100 kV,Scale factor ³ 1.1 %,"71,250/ item
(5 voltage levels)",Additional fee: ,09060-30845,Electrical  Metrology Department,71250.0,Electrical  Metrology Department,2,"pressure, measuring, instruments, gas, pe"
157.0,Switching Impulse Voltage Measuring System 250/2500 µs,200 kV,Time parameter ³ 2.2 %,"78,750/ Item
(5 voltage levels)","(1) 15,000/additional voltage levels",09060-30846,Electrical  Metrology Department,78750.0,Electrical  Metrology Department,2,"pressure, measuring, instruments, gas, pe"
158.0,Switching Impulse Voltage Measuring System 250/2500 µs,300 kV,,"93,750/ item
(5 voltage levels)","(2) Linearity Test: 20,000/for 5 voltage levels",09060-30847,Electrical  Metrology Department,93750.0,Electrical  Metrology Department,2,"pressure, measuring, instruments, gas, pe"
159.0,Switching Impulse Voltage Measuring System 250/2500 µs,400 kV,,"101,250/ item
(5 voltage levels)",,09060-30848,Electrical  Metrology Department,101250.0,Electrical  Metrology Department,2,"pressure, measuring, instruments, gas, pe"
245.0,DC magnetic flux density /,0.1 mT < B £ 5 mT,8 mT/T,"9,000/item",Compared with the standard,09070-11020,Electrical  Metrology Department,9000.0,Electrical  Metrology Department,0,"gauge, calibration, testing, machine, laser"
246.0,DC magnetic flux density /,0.1 mT/A < B £ 5 mT/A,5 mT/T,"9,000 first point + next point 630",Compared with the standard,09070-11021,Electrical  Metrology Department,9000.0,Electrical  Metrology Department,0,"gauge, calibration, testing, machine, laser"
247.0,DC magnetic flux density /,0.1 mT < B £ 5 mT,8 mT/T,"9,000 first point +next point 630",Compared with the standard,09070-11022,Electrical  Metrology Department,9000.0,Electrical  Metrology Department,0,"gauge, calibration, testing, machine, laser"
248.0,#NAME?,"1 MHz, 5 MHz,  ",£ 1 x 10-13,"21,600/item",Phase Comparison,09080-10221,Electrical  Metrology Department,21600.0,Mechanical  Metrology Department,0,"gauge, calibration, testing, machine, laser"
249.0,"Frequency Counter, Timer Counter",Up to 1 GHz,1 x 10-12 to 1 x 10-9,"7,200/item",Direct measurement ,09080-10231,Electrical  Metrology Department,7200.0,Electrical  Metrology Department,0,"gauge, calibration, testing, machine, laser"
250.0,Frequency Meter,10 kHz to 225 MHz,3 x 10-13 to 5 x 10-10,"7,200/item",Direct measurement ,09080-10232,Electrical  Metrology Department,7200.0,Electrical  Metrology Department,7,"meter, power, phase, ac, wattmeter"
251.0,Digital Tachometer,As specification,As specification,"7,000/item",Direct measurement method by the light in LED,09080-10322,Electrical  Metrology Department,7000.0,Electrical  Metrology Department,5,"digital, dna, analog, plasmid, dial"
252.0,Stopwatch,As specification,As specification,"2,250/item",,09080-10331,Electrical  Metrology Department,2250.0,Mechanical  Metrology Department,0,"gauge, calibration, testing, machine, laser"
254.0,"Standard Frequency Source for  Remote 
Frequncy Standard","1 MHz, 5 MHz, 10 MHz",£ 1 x 10-13,"21,600/item",GPS Common view,09080-30212,Electrical  Metrology Department,21600.0,Electrical  Metrology Department,4,"standard, solution, mass, set, ph"
227.0,Audio Power Amplifer,As specification,As Specification,"3,500/Freq.Point",Voltage Ratio method,09090-05131,Electrical  Metrology Department,3500.0,Electrical  Metrology Department,7,"meter, power, phase, ac, wattmeter"
219.0,Audio Analyzer,As specification,As specification,"17,500 to 27,500 /item",direct measurement,09090-09321,Electrical  Metrology Department,17500.0,Electrical  Metrology Department,0,"gauge, calibration, testing, machine, laser"
220.0,Measuring Receiver,As specification,As specification,"30,000 to 40000 /Item",direct measurement,09090-09322,Electrical  Metrology Department,30000.0,Dimensional Metrology Department,2,"pressure, measuring, instruments, gas, pe"
221.0,Audio Filter,As specification,As specification,"2,500/Freq.point",direct measurement,09090-09323,Electrical  Metrology Department,2500.0,Thermometry Metrology Department,0,"gauge, calibration, testing, machine, laser"
222.0,Eddy current crack detector,As specification,As specification,"15,000 /item",direct measurement,09090-09324,Electrical  Metrology Department,15000.0,Electrical  Metrology Department,6,"measurement, detector, additional, frequency, irradance"
231.0,"Onsite- 
Normalized Site Attenuation (NSA)/ Anechoic Chamber",30 MHz to 1 GHz,?1.2 dB,"71,600/item",ref. CISPR 16-1-4 or equivalent,09090-10311,Electrical  Metrology Department,71600.0,Electrical  Metrology Department,0,"gauge, calibration, testing, machine, laser"
232.0,"Onsite-
Site VSWR/ Anechoic Chamber",1 GHz to 18 GHz,?2.6 dB,"71,600/item",ref. CISPR 16-1-4 or equivalent,09090-10312,Electrical  Metrology Department,71600.0,Electrical  Metrology Department,0,"gauge, calibration, testing, machine, laser"
233.0,"Onsite-
Shielding effectivenesss (SE)/ Commercial Chamber",10 kHz to 18 GHz,?2.9 dB,"35,800/item",ref. IEEE std 299-2006,09090-10313,Electrical  Metrology Department,35800.0,Electrical  Metrology Department,0,"gauge, calibration, testing, machine, laser"
206.0,RF-electric field probe,"100 MHz to 1 GHz
1 GHz to 6 GHz","0.7 dB
1.4 dB","45,000/item",Reference standard field/ substitution with standard field probe,09090-10314,Electrical  Metrology Department,45000.0,Electrical  Metrology Department,0,"gauge, calibration, testing, machine, laser"
207.0,Field Uniformity (Onsite- chamber),"80 MHz to 1 GHz
1 GHz to 6 GHz","2.4 dB
2.1 dB","40,000/item",Onsite,09090-10315,Electrical  Metrology Department,40000.0,Electrical  Metrology Department,0,"gauge, calibration, testing, machine, laser"
200.0,Power meter,As specification,As specification,"11,250/item",,09090-11111,Electrical  Metrology Department,11250.0,Electrical  Metrology Department,7,"meter, power, phase, ac, wattmeter"
203.0,RF Attenuator- Fix Attenuator/Step Attenuator,"10 MHz to 18 GHz, 10 dB to 80 dB",0.013 dB to 0.22 dB upto frequency range,"3,200/Freq. Point",IF substituition Method (1),09090-11120,Electrical  Metrology Department,3200.0,Electrical  Metrology Department,0,"gauge, calibration, testing, machine, laser"
204.0,RF Attenuator- Attenuation in Coaxial line/Passive device,"100 kHz to 18 GHz, 10 dB to 80 dB",0.027 dB to 0.20 dB upto frequency range,"3,000/Freq. Point",IF substituition Method (2),09090-11121,Electrical  Metrology Department,3000.0,Electrical  Metrology Department,0,"gauge, calibration, testing, machine, laser"
205.0,Audio Attenuator,31.5 Hz to 100 kHz,As Specification,"3,500/Freq.Point",,09090-11122,Electrical  Metrology Department,3500.0,Electrical  Metrology Department,0,"gauge, calibration, testing, machine, laser"
201.0,Feedthrough Mount,"100 kHz to 18 GHz, 1 mW",0.5 % to 1.3 %,"21,000/item",Using DC substitution Method,09090-11130,Electrical  Metrology Department,21000.0,Electrical  Metrology Department,0,"gauge, calibration, testing, machine, laser"
202.0,Feedthrough Mount,"9 kHz to 26.5 GHz, 1 mW",As Specification,"23,000/item",,09090-11131,Electrical  Metrology Department,23000.0,Electrical  Metrology Department,0,"gauge, calibration, testing, machine, laser"
197.0,Power Sensor with reflection coefficient,9 kHz to 18 GHz,1.0 % to 2.0 %,"20,000/item",Using DC substitution Method,09090-11150,Electrical  Metrology Department,20000.0,Electrical  Metrology Department,7,"meter, power, phase, ac, wattmeter"
198.0,Power Sensor with reflection coefficient,9 kHz to 26.5 GHz,As Specification,"25,000/item",Using Direct Method,09090-11151,Electrical  Metrology Department,25000.0,Electrical  Metrology Department,7,"meter, power, phase, ac, wattmeter"
199.0,EPROM power sensor (correction C.F.),As specification,As Specification,"3,000/item",,09090-11152,Electrical  Metrology Department,3000.0,Electrical  Metrology Department,7,"meter, power, phase, ac, wattmeter"
208.0,Oscilloscope,As specification,As specification,"15,000/item",,09090-11160,Electrical  Metrology Department,15000.0,Electrical  Metrology Department,0,"gauge, calibration, testing, machine, laser"
209.0,Spectrum Analyzer,As specification,As specification,"50,000/item",,09090-11161,Electrical  Metrology Department,50000.0,Electrical  Metrology Department,0,"gauge, calibration, testing, machine, laser"
210.0,Network Analyzer,As specification,As specification,"67,500/item",,09090-11162,Electrical  Metrology Department,67500.0,Electrical  Metrology Department,0,"gauge, calibration, testing, machine, laser"
211.0,Synthesizer Signal Generator /Synthesized Sweeper,Up to 18 GHz,As specification,"8,000 to 22,500/item",,09090-11163,Electrical  Metrology Department,8000.0,Electrical  Metrology Department,0,"gauge, calibration, testing, machine, laser"
212.0,Function Generator,As specification up to 200 MHz,As specification,"10,000/item",,09090-11164,Electrical  Metrology Department,10000.0,Electrical  Metrology Department,0,"gauge, calibration, testing, machine, laser"
213.0,RF Signal Generator,As specification,As specification,"22,500/item
33,750/item","Excluded AM, FM and phase modulation.
Included AM and FM modulation",09090-11170,Electrical  Metrology Department,22500.0,Electrical  Metrology Department,0,"gauge, calibration, testing, machine, laser"
224.0,Other of RF Microwave Equipment,As specification,As specification,As Cost,,09090-11171,Electrical  Metrology Department,7880.0,Electrical  Metrology Department,0,"gauge, calibration, testing, machine, laser"
215.0,RF Voltmeter,10 MHz to 1 GHz,0.004,"11,250/item",Comparison with TVC standard,09090-11172,Electrical  Metrology Department,11250.0,Electrical  Metrology Department,0,"gauge, calibration, testing, machine, laser"
216.0,RF Voltage Source,As specification,As specification,"13,500/item",,09090-11173,Electrical  Metrology Department,13500.0,Electrical  Metrology Department,0,"gauge, calibration, testing, machine, laser"
225.0,THD Meter,As specification,As specification,"12,500/Item",,09090-11175,Electrical  Metrology Department,12500.0,Electrical  Metrology Department,7,"meter, power, phase, ac, wattmeter"
226.0,Range Calibrator,As specification,As specification,"10,000/Item",,09090-11176,Electrical  Metrology Department,10000.0,Electrical  Metrology Department,0,"gauge, calibration, testing, machine, laser"
214.0,Scalar Reflection Coefficient,40 kHz to 18 GHz,As specification,"15,000/ item",Magnitude,09090-11210,Electrical  Metrology Department,15000.0,Electrical  Metrology Department,0,"gauge, calibration, testing, machine, laser"
217.0,Directional Coupler/ power splitter,100 kHz to 18 GHz,As Specification,"15,000/ item",Magnitude,09090-11250,Electrical  Metrology Department,15000.0,Electrical  Metrology Department,7,"meter, power, phase, ac, wattmeter"
2578.0,S-parameter / passive device,9 kHz to 18 GHz,0.01-0.03,"5,000-20,000 / item",Direct method by VNA,09090-11311,Electrical  Metrology Department,5000.0,Electrical  Metrology Department,0,"gauge, calibration, testing, machine, laser"
218.0,Directional Coupler/ power splitter,10 MHz to 18 GHz,As Specification,"18,000/item",Vectors,09090-11350,Electrical  Metrology Department,18000.0,Electrical  Metrology Department,7,"meter, power, phase, ac, wattmeter"
230.0,Amplifier/ Noise figure,10MHz to 18GHz,0.21  dB to 0.44 dB,"22,000/Item",Direct measurement ,09090-11431,Electrical  Metrology Department,22000.0,Acoustic and Vibration,0,"gauge, calibration, testing, machine, laser"
229.0,Antenna Factor (AF)/ Horn antenna,1 GHz to 18 GHz,?1.6 dB,"45,000/item",Standard Site Method (SSM),09090-11511,Electrical  Metrology Department,45000.0,Electrical  Metrology Department,0,"gauge, calibration, testing, machine, laser"
2579.0,Antenna Factor / Biconical or Log-periodic Antenna,30 MHz to 1 GHz,1.6 dB,"45,000 / item",RAM,09090-11512,Electrical  Metrology Department,45000.0,Electrical  Metrology Department,0,"gauge, calibration, testing, machine, laser"
2580.0,Antenna Factor / Passive Loop Antenna,9 kHz to 30 MHz,1.1 dB,"45,000 / item",Magnetic Field Method,09090-11513,Electrical  Metrology Department,45000.0,Electrical  Metrology Department,0,"gauge, calibration, testing, machine, laser"
228.0,Total Radiated Power (TRP)/ mmWAVE antenna,24 GHz to 40 GHz,?1.4 dB,"20,000/item",Indect Far-field (IFF),09090-11531,Electrical  Metrology Department,20000.0,Electrical  Metrology Department,0,"gauge, calibration, testing, machine, laser"
223.0,Pulse and sine wave generator,"Frequency Range : 9 kHz
to 1 GHz",As specification,"50,000/item","Direct measurement
method with sampling
method",09090-11611,Electrical  Metrology Department,50000.0,Electrical  Metrology Department,0,"gauge, calibration, testing, machine, laser"
234.0,Standard Optical Power Meter,"1 mW to 20 mW @ 488 nm,515 nm 50 uW to 20 mW @ 633 nm. 10 uW to 3 mW @ 1310 nm Band 10 uW to 10 mW @ 1550 nm Band",> 0.5 %,"9,380 first point +  3,500 next point","Applied direct comparison method with 
standard calorimeter.",09100-12400,Electrical  Metrology Department,9380.0,Electrical  Metrology Department,7,"meter, power, phase, ac, wattmeter"
235.0,Optical Power Meter,"1 mW to 20 mW @ 488nm,515nm 50 uW to 20 mW @ 633 nm 10 uW to 3 mW @ 1310 nm Band 10 uW to 10 mW @ 1550 nm Band 50 uW to 20 mW @ 633 nm 10 uW to 3 mW @ 1310 nm Band 10 uW to 10 mW @ 1550 nm Band",> 0.7 %,"5,500 first point + 1,750 next point","Applied direct comparison method with 
standard power meter.",09100-12401,Electrical  Metrology Department,5500.0,Electrical  Metrology Department,7,"meter, power, phase, ac, wattmeter"
236.0,Optical Power Meter,100 mW to 10 W @10600 nm,? 2 %,"7,500 first point+2,500 next point",Substitutional Method monitor or beam splitter method,09100-12402,Electrical  Metrology Department,7500.0,Electrical  Metrology Department,7,"meter, power, phase, ac, wattmeter"
237.0,Laser Energy Meter,"1mJ to 100 mJ @ 532 nm, 1064 nm",? 2.4 %,"7,500 first point+2,500 next point",Substitutional Method monitor or beam splitter method,09100-12403,Electrical  Metrology Department,7500.0,Electrical  Metrology Department,7,"meter, power, phase, ac, wattmeter"
238.0,Average pulse power for laser energy meter,"10 mW to 1 W @ 532 nm, 1064 nm",? 2.4 %,"7,500 first point+2,500 next point",Substitutional Method monitor or beam splitter method,09100-12404,Electrical  Metrology Department,7500.0,Electrical  Metrology Department,7,"meter, power, phase, ac, wattmeter"
239.0,Variable Optical Attenuator,"0 dB to 24 dB @ 1310 nm Band
0 dB to 24 dB @ 1550 nm Band
0 dB to 24 dB @ 1625 nm Band",0.05 dB,"10,000/item",Follow the standard procedure in IEC 61300-3-14:2014-Error and repeatability of the attenuation setting of a variable optical attenuator,09100-12408,Electrical  Metrology Department,10000.0,Electrical  Metrology Department,0,"gauge, calibration, testing, machine, laser"
240.0,High Power Laser Meter,"Power range: 150 W to 1 kW
Wavelength: 1080 nm",0.02,"12,500 first point + next point 5,000",Substitutional Method monitor or beam splitter method,09100-12409,Electrical  Metrology Department,12500.0,Electrical  Metrology Department,7,"meter, power, phase, ac, wattmeter"
2587.0,Single-Mode Fiber Length,"200 m to ? 2000 m @ 1310 nm, 1550 nm",? 0.062 m,"18,000 first point 
+ 5,000 next point",Follow the standard procedure in IEC 61746-1:2009 Annex A,09100-12410,Electrical  Metrology Department,18000.0,Electrical  Metrology Department,0,"gauge, calibration, testing, machine, laser"
2588.0,Single-Mode Fiber Spectral Attenuation,30 dB @ 1200 nm to 1700 nm,? 0.012 dB,"18,000 first point 
+ 5,000 next point",Follow the standard procedure in IEC 60793-1-40 Annex A:Cut-back technique,09100-12411,Electrical  Metrology Department,18000.0,Electrical  Metrology Department,0,"gauge, calibration, testing, machine, laser"
2589.0,Single-Mode Fiber Attenuation Coefficient Uniformity,"0 dB/km to 10 dB/km @ 1310 nm, 1550 nm",? 0.002 dB/km,"19,750 first point 
+ 7,500 next point","Follow the standard procedure in IEC 60793-1-40 Annex C:Backscattering technique, IEC TR 62316:Bi-Directional trace, Attenuation uniformity",09100-12412,Electrical  Metrology Department,19750.0,Electrical  Metrology Department,0,"gauge, calibration, testing, machine, laser"
2590.0,Single-Mode Fiber Reflectance,"-20 dB to -35 dB @ 1310 nm, 1550 nm",? 0.42 dB,"18,500 first point 
+ 6,250 next point",Follow the standard procedure in IEC 61746-1:Annex G.3,09100-12413,Electrical  Metrology Department,18500.0,Electrical  Metrology Department,0,"gauge, calibration, testing, machine, laser"
241.0,CO2 Medical Laser,10 mW to 30 W @10600 nm,? 2.4 %,"5,000 first point+2,500 next point",Direct Measurement Method with Reference laser power meter,09100-32405,Electrical  Metrology Department,5000.0,Electrical  Metrology Department,0,"gauge, calibration, testing, machine, laser"
242.0,Nd-YAG Medical Laser,"1 mJ to 100 mJ @532, 1064 nm",? 2.4 %,"5,000 first point+2,500 next point",Direct Measurement Method with Reference laser energy meter,09100-32406,Electrical  Metrology Department,5000.0,Electrical  Metrology Department,0,"gauge, calibration, testing, machine, laser"
243.0,Nd-YAG Medical Laser,"10 mW to 1 W @532, 1064 nm",? 2.4 %,"5,000 first point+2,500 next point",Direct Measurement Method with Reference laser energy meter,09100-32407,Electrical  Metrology Department,5000.0,Electrical  Metrology Department,0,"gauge, calibration, testing, machine, laser"
244.0,Fiber Optic Power Meter,"100 ?W to 1 mW @1310 nm Band
100 ?W to 1 mW @1490 nm Band
100 ?W to 1 mW @1550 nm Band
100 ?W to 1 mW @1625 nm Band",? 0.6 %,"5,000 first point+2,500 next point","Comparison method 
(Compared with reference standard)",09100-32408,Electrical  Metrology Department,5000.0,Electrical  Metrology Department,7,"meter, power, phase, ac, wattmeter"
125.0,Nano Voltmeter,DC Voltage: 1 mV to 100 mV,As specification,"11,250 to 13,500/item","2,500 THB for additional adjustment.",09110-10120,Electrical  Metrology Department,11250.0,Electrical  Metrology Department,0,"gauge, calibration, testing, machine, laser"
112.0,Calibrator,DC Voltage : 0 V to 1 kV  AC Voltage :                 10 mV to 1 kV @ 10 Hz to 1 MHz AC Voltage :                        30 V to 1 kV @ 10 Hz to 100 kHz DC Current : 0 A to 20 A AC Current :                    100 mA to 20 A @ 10 Hz to 100 kHz Resistance : 0 W to 1 GW,40 mV/V to 0.6 mV/V 3.03 mV/V to 20 mV/V,"13,500 to 33,750/item","2,000 to 9,000 THB/item for additional  adjustment.",09110-11310,Electrical  Metrology Department,13500.0,Electrical  Metrology Department,0,"gauge, calibration, testing, machine, laser"
113.0,Wideband Option,Up to 30 MHz,As specification,"11,250/option","3,000 THB/option for additional  adjustment.",09110-11311,Electrical  Metrology Department,11250.0,Electrical  Metrology Department,0,"gauge, calibration, testing, machine, laser"
114.0,Power Option,As specification,As specification,"6,750/option","2,500 THB/option for additional  adjustment.",09110-11312,Electrical  Metrology Department,6750.0,Electrical  Metrology Department,7,"meter, power, phase, ac, wattmeter"
115.0,Scope Option,300 MHz,As specification,"13,500/option","2,000 to 6,500 THB/option for additional ",09110-11313,Electrical  Metrology Department,13500.0,Electrical  Metrology Department,0,"gauge, calibration, testing, machine, laser"
116.0,Scope Option,600 MHz to 1 GHz,As specification,"18,000/option",adjustment.,09110-11314,Electrical  Metrology Department,18000.0,Electrical  Metrology Department,0,"gauge, calibration, testing, machine, laser"
117.0,High Current,DC Current : 30 A AC Current :  30 A @ 10 Hz to 10 kHz,22  mA/A 85 mA/A to 114 mA/A,"11,250/piece",,09110-11315,Electrical  Metrology Department,11250.0,Electrical  Metrology Department,0,"gauge, calibration, testing, machine, laser"
118.0,Power Quality,"AC Voltage  -Delta Amplitude Verification, Static Condition 30 V, 300 V @ 50 Hz, 60 Hz -Delta Amplitude Verification, Flicker Condition 230 V@ 50 Hz Composite Harmonic Verification - Voltage 0.12 V to 450 V @ 50 Hz, 60 Hz Type Wave : I, II, III, IV, Square and NRC 7030 - Current 0.11 A to 9.5 A @ 50 Hz, 60 Hz Type Wave : VI, VII, IECA, IECD and NRC 7030",3.20 × 10-5 to 4.10 × 10-5 4.13 × 10-5 ,"18,000/option",,09110-11316,Electrical  Metrology Department,18000.0,Electrical  Metrology Department,7,"meter, power, phase, ac, wattmeter"
119.0,Oscilloscope Calibrator,Up to 600 MHz Up to 2.1 GHz,As specification,"40,000/item ","2,000 to 13,500 THB/item for additional  adjustment.",09110-11317,Electrical  Metrology Department,40000.0,Electrical  Metrology Department,0,"gauge, calibration, testing, machine, laser"
120.0,Oscilloscope Calibrator,Up to 2.1 GHz,As specification,"45,000/item",,09110-11318,Electrical  Metrology Department,45000.0,Electrical  Metrology Department,0,"gauge, calibration, testing, machine, laser"
121.0,Amplifier /        Precision Power Amplifier,Up to 1kV       10 Hz up to 100 kHz,As specification,"9,000/item","2,500 THB/function for additional  adjustment.",09110-11319,Electrical  Metrology Department,9000.0,Electrical  Metrology Department,0,"gauge, calibration, testing, machine, laser"
122.0,Digital Multimeter,6 1/2 digit,As specification,"9,000 to 13,500/item","5,400 THB for additional adjustment.",09110-11320,Electrical  Metrology Department,9000.0,Electrical  Metrology Department,5,"digital, dna, analog, plasmid, dial"
123.0,Digital Multimeter,7 1/2 digit,As specification,"13,500 to 22,500/item","6,750 THB for aditional calibrate with AC/DC Shunt using direct measurement method",09110-11321,Electrical  Metrology Department,13500.0,Electrical  Metrology Department,5,"digital, dna, analog, plasmid, dial"
124.0,Digital Multimeter,8 1/2 digit,As specification,"22,500 to 27,000/item",,09110-11322,Electrical  Metrology Department,22500.0,Electrical  Metrology Department,5,"digital, dna, analog, plasmid, dial"
253.0,Lidar Speed Meter (Lidar Gun),"60 km/h,80 km/h, 100 km/h and 120 km/h",0.58 km/h,"15,000/item",Compare with Reference Speed Generator,09120-00001,Electrical  Metrology Department,15000.0,Electrical  Metrology Department,7,"meter, power, phase, ac, wattmeter"
,Mass Standard,1 kg,"0.038 mg 
(Class E0)","18,750/piece","
Comparison in air",10011 - 10001,Mechanical  Metrology Department,18750.0,Mechanical  Metrology Department,4,"standard, solution, mass, set, ph"
,Mass Standard set,1 mg to 10 mg,,"22,500/set",,10011 - 10101,Mechanical  Metrology Department,22500.0,Mechanical  Metrology Department,4,"standard, solution, mass, set, ph"
,Mass Standard,1 mg to 1 kg,Class E1,"4,500/piece",Mass and Conventional mass,10011 - 10101,Mechanical  Metrology Department,4500.0,Mechanical  Metrology Department,4,"standard, solution, mass, set, ph"
,Mass Standard set,20 mg to 100 mg,,"18,000/set",,10011 - 10101,Mechanical  Metrology Department,18000.0,Mechanical  Metrology Department,4,"standard, solution, mass, set, ph"
,Mass Standard set,200 mg to 1 g,,"18,000/set",,10011 - 10101,Mechanical  Metrology Department,18000.0,Mechanical  Metrology Department,4,"standard, solution, mass, set, ph"
,Mass Standard set,200 g to 1 kg,,"18,000/set",,10011 - 10101,Mechanical  Metrology Department,18000.0,Mechanical  Metrology Department,4,"standard, solution, mass, set, ph"
,Mass Standard set,2 g to 10 g,,"18,000/set",,10011 - 10101,Mechanical  Metrology Department,18000.0,Mechanical  Metrology Department,4,"standard, solution, mass, set, ph"
,Mass Standard set,20 g to 100 g,,"18,000/set",,10011 - 10101,Mechanical  Metrology Department,18000.0,Mechanical  Metrology Department,4,"standard, solution, mass, set, ph"
,Mass Standard,2 kg,Class E1,"5,070/piece",Mass and Conventional mass,10011 - 10102,Mechanical  Metrology Department,5070.0,Mechanical  Metrology Department,4,"standard, solution, mass, set, ph"
,Mass Standard,5 kg,Class E1,"5,630/piece",Mass and Conventional mass,10011 - 10103,Mechanical  Metrology Department,5630.0,Mechanical  Metrology Department,4,"standard, solution, mass, set, ph"
,Mass Standard set,2 kg to 10 kg,,"21,710/set",,10011 - 10104,Mechanical  Metrology Department,21710.0,Mechanical  Metrology Department,4,"standard, solution, mass, set, ph"
,Mass Standard,10 kg,Class E1,"5,940/piece",Mass and Conventional mass,10011 - 10104,Mechanical  Metrology Department,5940.0,Mechanical  Metrology Department,4,"standard, solution, mass, set, ph"
,Mass Standard,20 kg,Class E1,"6,250/piece",Mass and Conventional mass,10011 - 10105,Mechanical  Metrology Department,6250.0,Mechanical  Metrology Department,4,"standard, solution, mass, set, ph"
,Mass Standard or Mass Standard set,1 mg to 1 kg,Class E2 ,"2,050/piece",Conventional mass,10011 - 10201,Mechanical  Metrology Department,2050.0,Mechanical  Metrology Department,4,"standard, solution, mass, set, ph"
,Mass Standard or Mass Standard set,2 kg,Class E2 ,"2,750/piece",Conventional mass,10011 - 10202,Mechanical  Metrology Department,2750.0,Mechanical  Metrology Department,4,"standard, solution, mass, set, ph"
,Mass Standard or Mass Standard set,5 kg,Class E2 ,"2,750/piece",Conventional mass,10011 - 10203,Mechanical  Metrology Department,2750.0,Mechanical  Metrology Department,4,"standard, solution, mass, set, ph"
,Mass Standard or Mass Standard set,10 kg,Class E2 ,"3,130/piece",Conventional mass,10011 - 10204,Mechanical  Metrology Department,3130.0,Mechanical  Metrology Department,4,"standard, solution, mass, set, ph"
,Mass Standard or Mass Standard set,20 kg,Class E2 ,"3,940/piece",Conventional mass,10011 - 10205,Mechanical  Metrology Department,3940.0,Mechanical  Metrology Department,4,"standard, solution, mass, set, ph"
,Mass Standard or Mass Standard set,50 kg,Class E2 ,"8,000/piece",Conventional mass,10011 - 10206,Mechanical  Metrology Department,8000.0,Mechanical  Metrology Department,4,"standard, solution, mass, set, ph"
,Mass Standard or Mass Standard set,1 mg to 1 kg,Class F1 and lower,"1,690/piece",Conventional mass,10011 - 10301,Mechanical  Metrology Department,1690.0,Mechanical  Metrology Department,4,"standard, solution, mass, set, ph"
,Mass Standard or Mass Standard set,2 kg,Class F1 and lower,"2,250/piece",Conventional mass,10011 - 10302,Mechanical  Metrology Department,2250.0,Mechanical  Metrology Department,4,"standard, solution, mass, set, ph"
,Mass Standard or Mass Standard set,5 kg,Class F1 and lower,"2,750/piece",Conventional mass,10011 - 10303,Mechanical  Metrology Department,2750.0,Mechanical  Metrology Department,4,"standard, solution, mass, set, ph"
,Mass Standard or Mass Standard set,10 kg,Class F1 and lower,"2,750/piece",Conventional mass,10011 - 10304,Mechanical  Metrology Department,2750.0,Mechanical  Metrology Department,4,"standard, solution, mass, set, ph"
,Mass Standard or Mass Standard set,20 kg,Class F1 and lower,"3,130/piece",Conventional mass,10011 - 10305,Mechanical  Metrology Department,3130.0,Mechanical  Metrology Department,4,"standard, solution, mass, set, ph"
,Mass Standard or Mass Standard set,50 kg,Class F1 and lower,"6,250/piece",Conventional mass,10011 - 10306,Mechanical  Metrology Department,6250.0,Mechanical  Metrology Department,4,"standard, solution, mass, set, ph"
,Mass Standard or Mass Standard set,100 kg,Class F1 and lower,"10,170/piece",Conventional mass,10011 - 10307,Mechanical  Metrology Department,10170.0,Mechanical  Metrology Department,4,"standard, solution, mass, set, ph"
,Mass Standard or Mass Standard set,200 kg,Class F1 and lower,"15,000/piece",Conventional mass,10011 - 10308,Mechanical  Metrology Department,15000.0,Mechanical  Metrology Department,4,"standard, solution, mass, set, ph"
,Mass Standard or Mass Standard set,500 kg,Class F1 and lower,"15,000/piece",Conventional mass,10011 - 10401,Mechanical  Metrology Department,15000.0,Mechanical  Metrology Department,4,"standard, solution, mass, set, ph"
,Mass Standard or Mass Standard set,1000 kg,Class F2 and lower,"16,250/piece",Conventional mass,10011 - 10402,Mechanical  Metrology Department,16250.0,Mechanical  Metrology Department,4,"standard, solution, mass, set, ph"
,Mass Standard or Mass Standard set,2000 kg,Class M1 and lower,"20,000/piece",Conventional mass,10011 - 10501,Mechanical  Metrology Department,20000.0,Mechanical  Metrology Department,4,"standard, solution, mass, set, ph"
,Volume magnetic susceptibility of weight,1 g to 20 kg,In the range of 10% to 20% of magnetic polarization,"2,820/piece",By the susceptometer method,10012 - 10101,Mechanical  Metrology Department,2820.0,Mechanical  Metrology Department,0,"gauge, calibration, testing, machine, laser"
,"Permanent magnetization of weight 
(including magnetic susceptibility)",0.005 µT - 2.5 µT  /2.5 µT - 120 µT,0.5 µT  / In the range of 10% to 20% of magnetic polarization,"5,000/piece","By the susceptometer method
(Nominal weight range 1 g to 20 kg)",10012 - 10102,Mechanical  Metrology Department,5000.0,Mechanical  Metrology Department,0,"gauge, calibration, testing, machine, laser"
,Permanent magnetization of weight,0  µT - 250 µT,"10  µT + 0.03 µ0M
µ0M = Permanent magnetization µT","1,250/piece","By gaussmeter
(Nominal weight range 1 g to 20 kg)",10012 - 10103,Mechanical  Metrology Department,1250.0,Mechanical  Metrology Department,0,"gauge, calibration, testing, machine, laser"
,"Surface roughness (Ra,Rz) of weight",Up to 50  mm,where Zm (unit nm) being measured value of weight,"7,500/piece",Nominal weight range 1 g to 1 kg,10013 - 10101,Mechanical  Metrology Department,7500.0,Mechanical  Metrology Department,0,"gauge, calibration, testing, machine, laser"
,"Inter-laboratory comparison on mass measurement;
'- Non Automatic Weighing Instruments (NAWI), Electonic balance""","Single range, Resolution 0.001 mg,
Maximum capacity 21 g,
Number of scale interval 21,000,000",NIMT.M.M-09,"5,000",,10014-10101,Mechanical  Metrology Department,5000.0,Mechanical  Metrology Department,6,"measurement, detector, additional, frequency, irradance"
,Inter-laboratory comparison on mass measurement;,1000 kg,NIMT.M.M-12,"20,250",Conventional mass,10014-10102,Mechanical  Metrology Department,20250.0,Mechanical  Metrology Department,6,"measurement, detector, additional, frequency, irradance"
,#NAME?,"200 g , 1 kg  and  20 kg ",NIMT.M.M-13,"9,830","Conventional mass
(200 g ,1 kg- F2 Class
and 20 kg-M1 Class)",10014-10103,Mechanical  Metrology Department,9830.0,Mechanical  Metrology Department,0,"gauge, calibration, testing, machine, laser"
,#NAME?,"100 mg, 100 g, and 1 kg ",NIMT.M.M-F1.01/2020,"5,000"," Conventional mass
(100 mg, 100 g, and 1 kg- F1 Class)",10014-10104,Mechanical  Metrology Department,5000.0,Mechanical  Metrology Department,0,"gauge, calibration, testing, machine, laser"
,"Non Automatic Weighing Instruments (NAWI), Electonic balance",> 10 kg to 20 kg,0.64 mg + (1.59 X 10-7) X W,5200,Based on the EURAMET calibration guide No.18 version 4.0 (11/2015),10015-30101,Mechanical  Metrology Department,5200.0,Mechanical  Metrology Department,0,"gauge, calibration, testing, machine, laser"
,"Non Automatic Weighing Instruments (NAWI), Electonic balance",>  5g to 100 g,0.04 mg + (4.62 X 10-7) X W,5200,Based on the EURAMET calibration guide No.18 version 4.0 (11/2015),10015-30101,Mechanical  Metrology Department,5200.0,Mechanical  Metrology Department,0,"gauge, calibration, testing, machine, laser"
,"Non Automatic Weighing Instruments (NAWI), Electonic balance",> 100 g to 500 g,0.04 mg + (4.87 X 10-7) X W,5200,Based on the EURAMET calibration guide No.18 version 4.0 (11/2015),10015-30101,Mechanical  Metrology Department,5200.0,Mechanical  Metrology Department,0,"gauge, calibration, testing, machine, laser"
,"Non Automatic Weighing Instruments (NAWI), Electonic balance",>  500 g to 10 kg,0.45 mg + (2.49 X 10-7) X W,5200,Based on the EURAMET calibration guide No.18 version 4.0 (11/2015),10015-30101,Mechanical  Metrology Department,5200.0,Mechanical  Metrology Department,0,"gauge, calibration, testing, machine, laser"
,"Non Automatic Weighing Instruments (NAWI), Electonic balance",> 20 kg to 65 kg,0.86 mg + (1.32 X 10-7) X W,5200,Based on the EURAMET calibration guide No.18 version 4.0 (11/2015),10015-30101,Mechanical  Metrology Department,5200.0,Mechanical  Metrology Department,0,"gauge, calibration, testing, machine, laser"
,"Non Automatic Weighing Instruments (NAWI), Electonic balance",Up to 5 g,0.03 mg + (7.22 X 10-10) X W,5200,Based on the EURAMET calibration guide No.18 version 4.0 (11/2015),10015-30101,Mechanical  Metrology Department,5200.0,Mechanical  Metrology Department,0,"gauge, calibration, testing, machine, laser"
,Automatic Catchweighing Instruments (ACI),> 100.0 g   to 1000.0   g ,1.05  g,"5,200/3 test loads
 + 1,250 next test load","1. Test loads shall be provided by client 
2. In-house method based on the EURAMET - Publishable Summary for 14RPT02 AWICal",10015-30102,Mechanical  Metrology Department,5200.0,Mechanical  Metrology Department,0,"gauge, calibration, testing, machine, laser"
,Automatic Catchweighing Instruments (ACI),(0.2  to 100.0)   g  ,0.78  g,"5,200/3 test loads
 + 1,250 next test load","1. Test loads shall be provided by client 
2. In-house method based on the EURAMET - Publishable Summary for 14RPT02 AWICal",10015-30102,Mechanical  Metrology Department,5200.0,Mechanical  Metrology Department,0,"gauge, calibration, testing, machine, laser"
,Automatic Catchweighing Instruments (ACI),> 1000.0 g to 1500.0   g ,1.12  g,"5,200/3 test loads
 + 1,250 next test load","1. Test loads shall be provided by client 
2. In-house method based on the EURAMET - Publishable Summary for 14RPT02 AWICal",10015-30102,Mechanical  Metrology Department,5200.0,Mechanical  Metrology Department,0,"gauge, calibration, testing, machine, laser"
,Density and volume of weight ( 1 g to 20 kg),1 g/2 g/5 g/10 g/20 g/50 g/100 g /200 g /500 g / 1 kg /2 kg /5 kg /10 kg /20 kg,"120 kg m-3, 0.002 cm3  /60 kg m-3, 0.002 cm3 /  20 kg m-3, 0.002 cm3 / 15 kg m-3, 0.002 cm3 / 10 kg m-3, 0.004 cm3 /5.6 kg m-3, 0.004 cm3/ 4.4 kg m-3, 0.004 cm3 /3.8 kg m-3, 0.007 cm3 /2.7 kg m-3, 0.018 cm3/ 2.6 kg m-3, 0.036 cm3 /6.8  kg m-3, 0.21 cm3 /3.3  kg m-3, 0.25 cm3/2.4  kg m-3, 0.4 cm3/2  kg m-3, 0.7 cm3","3,920/piece",Any class which no cavity by hydrostatic weighing method,10021 - 10101,Mechanical  Metrology Department,3920.0,Mechanical  Metrology Department,0,"gauge, calibration, testing, machine, laser"
,Density and volume of solid artifact,"2700 kg m-3 to 9000 kg m-3
 1.25 cm3 to 110 cm3","6/V0.8 kg m-3
(0.04123V+0.4592) mm3
V = volume cm3","8,750/piece","Hydrostatic weighing method
(Traceable to a solid density standard)",10021 - 10102,Mechanical  Metrology Department,8750.0,Mechanical  Metrology Department,0,"gauge, calibration, testing, machine, laser"
,"Hydrometer
'- Density
'- Specific Gravity
'- API
'- Brix
'- Brumé
'- Alcoholometer",600 to 2000 kg m-3,"3.22x10-5 d + 0.0207  kg m-3 
ËÃ×Íà·ÕÂºà·èÒã¹Ë¹èÇÂÍ×è¹
d = density kg m-3","7,040/3 points 
 + 1250 next point","Hydrostatic weighing method
(Cuckow method)",10021 - 10301,Mechanical  Metrology Department,7040.0,Mechanical  Metrology Department,0,"gauge, calibration, testing, machine, laser"
,"Hydrometer
'- Density
'- Specific Gravity
'- API
'- Brix
'- Brumé
'- Alcoholometer",,"0.25 kg m-3
0.00010 sp/gr
0.030 °API
0.30 °Brix
0.030 Bé
0.10 %vol","4,230/3 points
 + 1250 next point",,10021 - 10302,Mechanical  Metrology Department,4230.0,Mechanical  Metrology Department,0,"gauge, calibration, testing, machine, laser"
,Density of liquid,600 to 1500 kg m-3,0.1 to 2.0 kg m-3,"6,750/piece",By hydrostatic weighing method,10021 - 10401,Mechanical  Metrology Department,6750.0,Mechanical  Metrology Department,0,"gauge, calibration, testing, machine, laser"
,Density of liquid,700 to 1600 kg m-3,0.10 kg m-3,"1,250/piece",By oscillation-type density meter ,10021 - 10402,Mechanical  Metrology Department,1250.0,Mechanical  Metrology Department,0,"gauge, calibration, testing, machine, laser"
,"Density Meter, 
Benchtop & Portable Oscillation Type",1000 to 1600 kg m-3,0.030 kg m-3,"22,000/piece",By direct comparison with reference fluids in accordance with ISO 15212,10021 - 10501,Mechanical  Metrology Department,22000.0,Mechanical  Metrology Department,7,"meter, power, phase, ac, wattmeter"
,"Density Meter, 
Benchtop & Portable Oscillation Type",650 to 1000 kg m-3,0.020 kg m-3,"22,000/piece",By direct comparison with reference fluids in accordance with ISO 15212,10021 - 10501,Mechanical  Metrology Department,22000.0,Mechanical  Metrology Department,7,"meter, power, phase, ac, wattmeter"
,"Inter-laboratory comparison on density measurement
'- Artifact: Hydrometer","9 - 81 ?API  
640 – 1320 kg m-3 ",NIMT.M.D-01/2018,"5,000",,10021 - 10601,Mechanical  Metrology Department,5000.0,Mechanical  Metrology Department,6,"measurement, detector, additional, frequency, irradance"
,"CRM - Density of Water : 20 Litres
@ 20°C",998.20 kg m-3,1.00 kg m-3,500/piece,,10021 - 10701,Mechanical  Metrology Department,500.0,Mechanical  Metrology Department,0,"gauge, calibration, testing, machine, laser"
,"CRM - Density of Water : 20 ml
@ 20°C",998.20 kg m-3,1.00 kg m-3,300/piece,,10021 - 10702,Mechanical  Metrology Department,300.0,Mechanical  Metrology Department,0,"gauge, calibration, testing, machine, laser"
,Dynamic viscosity of liquid,100 to 15000 mPa·s,0.1,750/sample,By rotational viscometer method,10022 - 10101,Mechanical  Metrology Department,750.0,Mechanical  Metrology Department,0,"gauge, calibration, testing, machine, laser"
,Force-proving instrument,1 kN to 110* kN,"ISO 376:2011, 
0.0020 %","16,250/direction",Calibrated by deadweight force ,10030 - 10101,Mechanical  Metrology Department,16250.0,Mechanical  Metrology Department,0,"gauge, calibration, testing, machine, laser"
,Force-proving instrument,0.1 kN to 1.5 kN,"ISO 376:2011, 
0.0050 %","13,500/direction",standard machine.,10030 - 10102,Mechanical  Metrology Department,13500.0,Mechanical  Metrology Department,0,"gauge, calibration, testing, machine, laser"
,Force-proving instrument,0.2 kN to 5 kN,"ISO 376:2011, 
0.0050 %","13,500/direction",Digital indicator shall be provided by,10030 - 10103,Mechanical  Metrology Department,13500.0,Mechanical  Metrology Department,0,"gauge, calibration, testing, machine, laser"
,Force-proving instrument,16 kN to 500 kN,"ISO 376:2011, 
0.0080 %","23,000/direction",customer.,10030 - 10104,Mechanical  Metrology Department,23000.0,Mechanical  Metrology Department,0,"gauge, calibration, testing, machine, laser"
,Force-proving instrument,50 N to 500 N,"ISO 376:2011, 
0.0040 %","8,500/direction",,10030 - 10105,Mechanical  Metrology Department,8500.0,Mechanical  Metrology Department,0,"gauge, calibration, testing, machine, laser"
,Force-proving instrument,10 N to 200 N,"ISO 376:2011, 
0.0040%","8,500/direction",,10030 - 10106,Mechanical  Metrology Department,8500.0,Mechanical  Metrology Department,0,"gauge, calibration, testing, machine, laser"
,Force-proving instrument,1 N to 50 N,"ISO 376:2011, 
0.010%","8,500/direction",,10030 - 10107,Mechanical  Metrology Department,8500.0,Mechanical  Metrology Department,0,"gauge, calibration, testing, machine, laser"
,Force-proving instrument,20 kN to 100 kN,"Accroding to ISO 376:2011 
Class 0.5 to 2","11,000/direction",Calibrated by force-comparator,10030 - 10201,Mechanical  Metrology Department,11000.0,Mechanical  Metrology Department,0,"gauge, calibration, testing, machine, laser"
,Force-proving instrument,> 100 kN to 500 kN,,"15,000/direction",Digital indicator shall be provided by ,10030 - 10202,Mechanical  Metrology Department,15000.0,Mechanical  Metrology Department,0,"gauge, calibration, testing, machine, laser"
,Strain Amplifier(Digital Measurement Amplifier),"± 2.0 mV/V
± 5.0 mV/V","2.5 x 10-5 mV/V
3.0 x 10-4 mV/V","4,200/range",Calibrated by Bridge Calibration Unit,10030 - 10401,Mechanical  Metrology Department,4200.0,Electrical  Metrology Department,6,"measurement, detector, additional, frequency, irradance"
,Bridge Calibration Unit,± 2.5 mV/N,0.000070 nV/N,"5,000/range",,10030 - 10402,Mechanical  Metrology Department,5000.0,Mechanical  Metrology Department,0,"gauge, calibration, testing, machine, laser"
,Universal Testing Machine,"5 N to 2 MN
(Compression with increasing and decreasing force)","ISO 7500-1 : 2018, 
0.35 %",,,10030 - 30201,Mechanical  Metrology Department,7880.0,Mechanical  Metrology Department,0,"gauge, calibration, testing, machine, laser"
,Universal Testing Machine,"5 N to 500 kN 
(Tension with increasing force only)","ISO 7500-1 : 2018, 
0.17 %","11,000/force scale",Calibrated by force-measuring,10030 - 30201,Mechanical  Metrology Department,11000.0,Mechanical  Metrology Department,0,"gauge, calibration, testing, machine, laser"
,Universal Testing Machine,"5 N to 500 kN 
(Tension with increasing and decreasing force)","ISO 7500-1 : 2018, 
0.24%",/mode,device and ascessories shall be ,10030 - 30201,Mechanical  Metrology Department,7880.0,Mechanical  Metrology Department,0,"gauge, calibration, testing, machine, laser"
,Universal Testing Machine,"5 N to 2 MN
(Compression with increasing force only)","ISO 7500-1 : 2018, 
0.047 %",,provided by customer,10030 - 30201,Mechanical  Metrology Department,7880.0,Mechanical  Metrology Department,0,"gauge, calibration, testing, machine, laser"
,Static Torque Measuring Devices(Torque Transducer),"0.1 N·m to 1 N·m
1 N·m to 10 N·m
10 N·m to 1,000 N·m
100 N·m to 5,000 N·m","DIN 51309, 0.015%
DIN 51309, 0.01%, 0.03%
DIN 51309, 0.01%
","13,100/range",,10040 - 10101,Mechanical  Metrology Department,13100.0,Mechanical  Metrology Department,1,"torque, devices, wrench, calibration, static"
,Static Torque Measuring Devices(Torque Transducer),,,"26,250/range",,10040 - 10102,Mechanical  Metrology Department,26250.0,Mechanical  Metrology Department,1,"torque, devices, wrench, calibration, static"
,Static Torque Transfer Wrenches,"1 N·m to 10 N·m
10 N·m to 2,000 N·m","DAkkS-DKD-R 3-7, 0.04%
DAkkS-DKD-R 3-7, 0.03%","13,100/range",,10040 - 10202,Mechanical  Metrology Department,13100.0,Mechanical  Metrology Department,1,"torque, devices, wrench, calibration, static"
,#NAME?,1 N·m to 10 N·m,"Based on DAkkS-DKD-R 3-8, 0.2%","6,550/range",,10040 - 10302,Mechanical  Metrology Department,6550.0,Mechanical  Metrology Department,0,"gauge, calibration, testing, machine, laser"
,"Static Torque Calibration Devices
'- Torque Wrench Calibration Devices","1 N·m to 2,000 N·m","DAkkS-DKD-R 3-8, 0.2%","6,550/range",,10040 - 10303,Mechanical  Metrology Department,6550.0,Mechanical  Metrology Department,1,"torque, devices, wrench, calibration, static"
,"Static Torque Calibration Devices
'- Torque Wrench Calibration Devices",,¡ÁÇ. 1 - 2560 0.2%,"5,250/range",,10040 - 10304,Mechanical  Metrology Department,5250.0,Mechanical  Metrology Department,1,"torque, devices, wrench, calibration, static"
,#NAME?,0.1 N·m to 1 N·m,"Based on DAkkS-DKD-R 3-8, 0.3%","6,550/range",,10040 - 10305,Mechanical  Metrology Department,6550.0,Mechanical  Metrology Department,0,"gauge, calibration, testing, machine, laser"
,"Hand Torque Tools (Type I and Type II)
'-  Wrench
'- Screwdriver","1 N·m to 1,000 N·m","ISO 6789, 1%","4,350/range",,10040 - 10401,Mechanical  Metrology Department,4350.0,Mechanical  Metrology Department,1,"torque, devices, wrench, calibration, static"
,"Hand Torque Tools (Type I and Type II)
'-  Wrench
'- Screwdriver","0.1 N·m to 1 N·m 
1 N·m to 10 N·m","ISO 6789, 1.5%
ISO 6789, 1%","4,350/range",,10040 - 10402,Mechanical  Metrology Department,4350.0,Mechanical  Metrology Department,1,"torque, devices, wrench, calibration, static"
,Torque multiplier,"340 N·m to 2,700 N·m","Based on ISO 6789 : 2003(E),
1.5%","9,350/range",,10040 - 10501,Mechanical  Metrology Department,9350.0,Mechanical  Metrology Department,1,"torque, devices, wrench, calibration, static"
,Recalibration of Reference Block,20 HRA to 95 HRA,0.40 HRA,"6,550/piece",Reference Block shall be provided,10040 - 10601,Mechanical  Metrology Department,6550.0,Dimensional Metrology Department,0,"gauge, calibration, testing, machine, laser"
,Standard Torque Transducer,"? 2,000 N?m","DIN 51309
Class 0.2, 0.1, 0.05","233,500/piece",,10040 - 20501,Mechanical  Metrology Department,233500.0,Mechanical  Metrology Department,1,"torque, devices, wrench, calibration, static"
,Standard Torque Transducer,? 50 N?m,"DIN 51309
Class 0.2, 0.1, 0.05","163,000/piece",,10040 - 20502,Mechanical  Metrology Department,163000.0,Mechanical  Metrology Department,1,"torque, devices, wrench, calibration, static"
,Standard Torque Transducer,? 500 N?m,"DIN 51309
Class 0.2, 0.1, 0.05","186,400/piece",,10040 - 20502,Mechanical  Metrology Department,186400.0,Mechanical  Metrology Department,1,"torque, devices, wrench, calibration, static"
,Standard Torque Transducer,? 200 N?m,"DIN 51309
Class 0.2, 0.1, 0.05","174,250/piece",,10040 - 20502,Mechanical  Metrology Department,174250.0,Mechanical  Metrology Department,1,"torque, devices, wrench, calibration, static"
,Standard Torque Transducer,"? 1,000 N?m","DIN 51309
Class 0.2, 0.1, 0.05","196,150/piece",,10040 - 20502,Mechanical  Metrology Department,196150.0,Mechanical  Metrology Department,1,"torque, devices, wrench, calibration, static"
,Standard Torque Transducer,? 20 N?m,"DIN 51309
Class 0.2, 0.1, 0.05","158,650/piece",,10040 - 20503,Mechanical  Metrology Department,158650.0,Mechanical  Metrology Department,1,"torque, devices, wrench, calibration, static"
,Standard Torque Transfer Wrench,"? 2,000 N?m","DAkkS-DKD-R 3-7
Class 0.2","249,450/piece",,10040 - 20601,Mechanical  Metrology Department,249450.0,Mechanical  Metrology Department,1,"torque, devices, wrench, calibration, static"
,Standard Torque Transfer Wrench,? 500 N?m,"DAkkS-DKD-R 3-7
Class 0.2","195,600/piece",,10040 - 20602,Mechanical  Metrology Department,195600.0,Mechanical  Metrology Department,1,"torque, devices, wrench, calibration, static"
,Standard Torque Transfer Wrench,? 50 N?m,"DAkkS-DKD-R 3-7
Class 0.2","168,850/piece",,10040 - 20602,Mechanical  Metrology Department,168850.0,Mechanical  Metrology Department,1,"torque, devices, wrench, calibration, static"
,Standard Torque Transfer Wrench,"? 1,000 N?m","DAkkS-DKD-R 3-7
Class 0.2","206,750/piece",,10040 - 20602,Mechanical  Metrology Department,206750.0,Mechanical  Metrology Department,1,"torque, devices, wrench, calibration, static"
,Standard Torque Transfer Wrench,? 200 N?m,"DAkkS-DKD-R 3-7
Class 0.2","181,750/piece",,10040 - 20602,Mechanical  Metrology Department,181750.0,Mechanical  Metrology Department,1,"torque, devices, wrench, calibration, static"
,Standard Torque Transfer Wrench,? 20 N?m,"DAkkS-DKD-R 3-7
Class 0.2","163,900/piece",,10040 - 20603,Mechanical  Metrology Department,163900.0,Mechanical  Metrology Department,1,"torque, devices, wrench, calibration, static"
,#NAME?,1 N·m to 10 N·m,"Based on DAkkS-DKD-R 3-8, 0.2%","6,550/range",,10040 - 30302,Mechanical  Metrology Department,6550.0,Mechanical  Metrology Department,0,"gauge, calibration, testing, machine, laser"
,"Static Torque Calibration devices
'- Torque Wrench Calibration Devices","1 N·m to 2,000 N·m","DAkkS-DKD-R 3-8, 0.2%","6,550/range",,10040 - 30303,Mechanical  Metrology Department,6550.0,Mechanical  Metrology Department,1,"torque, devices, wrench, calibration, static"
,"Static Torque Calibration devices
'- Torque Wrench Calibration Devices",,¡ÁÇ. 1 - 2560 0.2%,"5,250/range",,10040 - 30304,Mechanical  Metrology Department,5250.0,Mechanical  Metrology Department,1,"torque, devices, wrench, calibration, static"
,#NAME?,0.1 N·m to 1 N·m,"Based on DAkkS-DKD-R 3-8, 0.3%","6,550/range",,10040 - 30305,Mechanical  Metrology Department,6550.0,Mechanical  Metrology Department,0,"gauge, calibration, testing, machine, laser"
,#NAME?,1 N·m to 10 N·m,"Based on DAkkS-DKD-R 3-8, 
1.1%","6,550/range",,10040 - 30306,Mechanical  Metrology Department,6550.0,Mechanical  Metrology Department,0,"gauge, calibration, testing, machine, laser"
,#NAME?,10 N·m to 100 N·m,"Based on DAkkS-DKD-R 3-8, 
0.75%","6,550/range",,10040 - 30307,Mechanical  Metrology Department,6550.0,Mechanical  Metrology Department,0,"gauge, calibration, testing, machine, laser"
,#NAME?,0 degree to 360 degree,0.55 degree,"6,550/range",,10040 - 30308,Mechanical  Metrology Department,6550.0,Mechanical  Metrology Department,0,"gauge, calibration, testing, machine, laser"
,#NAME?,500 N·m to 5000 N·m,"Based on DIN 51309, 
1.8 %","8,000/range",,10040 - 30309,Mechanical  Metrology Department,8000.0,Mechanical  Metrology Department,0,"gauge, calibration, testing, machine, laser"
,#NAME?,40 N·m to 400 N·m,MT 01/2550,"12,150",,10040 - 30501,Mechanical  Metrology Department,12150.0,Mechanical  Metrology Department,0,"gauge, calibration, testing, machine, laser"
,#NAME?,8 N·m to 40 N·m,MT 01.1/2551,"12,150",,10040 - 30502,Mechanical  Metrology Department,12150.0,Mechanical  Metrology Department,0,"gauge, calibration, testing, machine, laser"
,#NAME?,10 N·m to 200 N·m,MT 02/2551,"12,150",,10040 - 30503,Mechanical  Metrology Department,12150.0,Mechanical  Metrology Department,0,"gauge, calibration, testing, machine, laser"
,#NAME?,20 N·m to 330 N·m,MT 03/2553,"9,750",,10040 - 30504,Mechanical  Metrology Department,9750.0,Mechanical  Metrology Department,0,"gauge, calibration, testing, machine, laser"
,#NAME?,400 N·m to 1000 N·m,MT 01.2/2563,"9,750",,10040 - 30505,Mechanical  Metrology Department,9750.0,Mechanical  Metrology Department,0,"gauge, calibration, testing, machine, laser"
,#NAME?,200 N·m to 1000 N·m,MT 02.1/2564,"12,150",,10040 - 30506,Mechanical  Metrology Department,12150.0,Mechanical  Metrology Department,0,"gauge, calibration, testing, machine, laser"
,#NAME?,0.1 N·m to 1 N·m,MT 04/2565,"9,750",,10040 - 30507,Mechanical  Metrology Department,9750.0,Mechanical  Metrology Department,0,"gauge, calibration, testing, machine, laser"
,#NAME?,1 N·m to 10 N·m,MT 04.1/2565,"9,750",,10040 - 30508,Mechanical  Metrology Department,9750.0,Mechanical  Metrology Department,0,"gauge, calibration, testing, machine, laser"
,#NAME?,1 N·m to 50 N·m,MT 05/2566,"12,150",,10040 - 30509,Mechanical  Metrology Department,12150.0,Mechanical  Metrology Department,0,"gauge, calibration, testing, machine, laser"
,#NAME?,50 N·m to 200 N·m,MT 05.1/2566,"12,150",,10040 - 30510,Mechanical  Metrology Department,12150.0,Mechanical  Metrology Department,0,"gauge, calibration, testing, machine, laser"
,#NAME?,200 N·m to 1000 N·m,MT 05.2/2566,"12,150",,10040 - 30511,Mechanical  Metrology Department,12150.0,Mechanical  Metrology Department,0,"gauge, calibration, testing, machine, laser"
,#NAME?,10 N·m to 200 N·m,MT 06/2566,"12,150",,10040 - 30512,Mechanical  Metrology Department,12150.0,Mechanical  Metrology Department,0,"gauge, calibration, testing, machine, laser"
,#NAME?,200 N·m to 1000 N·m,MT 06.1/2566,"12,150",,10040 - 30513,Mechanical  Metrology Department,12150.0,Mechanical  Metrology Department,0,"gauge, calibration, testing, machine, laser"
,#NAME?,20 N·m to 330 N·m,MT 07/2566,"9,750",,10040 - 30514,Mechanical  Metrology Department,9750.0,Mechanical  Metrology Department,0,"gauge, calibration, testing, machine, laser"
,Adjustment charge of torque device for on-site calibration,,,100% of the calibration cost of each item and each range,,10040 - 30601,Mechanical  Metrology Department,100.0,Mechanical  Metrology Department,0,"gauge, calibration, testing, machine, laser"
,Rolling resistance testing machine (Force method) - Run-out (Radial run-out and Lateral run-out),"Nominal section width, RN from 95 mm to 315 mm",Radial run-out = 0.02 mm ,5000,UN Regulation No. 117 and ÁÍ¡. 2721-2560,10040 - 30701,Mechanical  Metrology Department,5000.0,Mechanical  Metrology Department,0,"gauge, calibration, testing, machine, laser"
,Rolling resistance testing machine (Force method) - Run-out (Radial run-out and Lateral run-out),,Lateral run-out = 0.02 mm ,5000,UN Regulation No. 117 and ÁÍ¡. 2721-2560,10040 - 30702,Mechanical  Metrology Department,5000.0,Mechanical  Metrology Department,0,"gauge, calibration, testing, machine, laser"
,Rolling resistance testing machine (Force method) - Load application (Deviation angular from wheel center),"At Load index, LI = 0 to 121 (TLCC = 46 kgf to 1,450 kgf) 
and 
At Load index, LI = 122 to 279 (TLCC = 1,500 kgf to 136,000 kgf)",0.002° ,7500,UN Regulation No. 117 and ÁÍ¡. 2721-2560,10040 - 30703,Mechanical  Metrology Department,7500.0,Mechanical  Metrology Department,0,"gauge, calibration, testing, machine, laser"
,Rolling resistance testing machine (Force method)- Tyre alignment (Camber angle and Slip angle),"At Load index, LI = 0 to 121 (TLCC = 46 kgf to 1,450 kgf) 
and 
At Load index, LI = 122 to 279 (TLCC = 1,500 kgf to 136,000 kgf)",Camber angle = 0.035°,7500,UN Regulation No. 117 and ÁÍ¡. 2721-2560,10040 - 30704,Mechanical  Metrology Department,7500.0,Mechanical  Metrology Department,0,"gauge, calibration, testing, machine, laser"
,Rolling resistance testing machine (Force method)- Tyre alignment (Camber angle and Slip angle),"At Load index, LI = 0 to 121 (TLCC = 46 kgf to 1,450 kgf) 
and 
At Load index, LI = 122 to 279 (TLCC = 1,500 kgf to 136,000 kgf)",Slip angle = 0.030°,7500,UN Regulation No. 117 and ÁÍ¡. 2721-2560,10040 - 30705,Mechanical  Metrology Department,7500.0,Mechanical  Metrology Department,0,"gauge, calibration, testing, machine, laser"
,Rolling resistance testing machine (Force method) - Tyre load,"At Load index, LI = 0 to 121 (TLCC = 46 kgf to 1,450 kgf) 
and 
At Load index, LI = 122 to 279 (TLCC = 1,500 kgf to 136,000 kgf)","0.037% for increasing only
0.11% for increasing and decreasing",10000,UN Regulation No. 117 and ÁÍ¡. 2721-2560,10040 - 30706,Mechanical  Metrology Department,10000.0,Mechanical  Metrology Department,0,"gauge, calibration, testing, machine, laser"
,Rolling resistance testing machine (Force method) - Spindle force,"At Load index, LI = 0 to 121 (TLCC = 46 kgf to 1,450 kgf) 
and 
At Load index, LI = 122 to 279 (TLCC = 1,500 kgf to 136,000 kgf)","0.037% for increasing only
0.11% for increasing and decreasing","10,000.00 / Direction",UN Regulation No. 117 and ÁÍ¡. 2721-2560,10040 - 30707,Mechanical  Metrology Department,10000.0,Mechanical  Metrology Department,0,"gauge, calibration, testing, machine, laser"
,Rolling resistance testing machine (Force method)- Surface speed,0 km/h to 300 km/h,0.20 km/h,"5,000.00 / Direction",UN Regulation No. 117 and ÁÍ¡. 2721-2560,10040 - 30708,Mechanical  Metrology Department,5000.0,Mechanical  Metrology Department,0,"gauge, calibration, testing, machine, laser"
,Rolling resistance testing machine (Force method) - Drum diameter,"1,700 mm and 2,000 mm",0.15 mm,7500,UN Regulation No. 117 and ÁÍ¡. 2721-2560,10040 - 30709,Mechanical  Metrology Department,7500.0,Mechanical  Metrology Department,0,"gauge, calibration, testing, machine, laser"
,Rolling resistance testing machine (Torque method) - Run-out (Radial run-out and Lateral run-out),"Nominal section width, RN from 95 mm to 315 mm",Radial run-out = 0.02 mm ,5000,UN Regulation No. 117 and ÁÍ¡. 2721-2560,10040 - 30801,Mechanical  Metrology Department,5000.0,Mechanical  Metrology Department,0,"gauge, calibration, testing, machine, laser"
,Rolling resistance testing machine (Torque method) - Run-out (Radial run-out and Lateral run-out),,Lateral run-out = 0.02 mm ,5000,UN Regulation No. 117 and ÁÍ¡. 2721-2560,10040 - 30802,Mechanical  Metrology Department,5000.0,Mechanical  Metrology Department,0,"gauge, calibration, testing, machine, laser"
,Rolling resistance testing machine (Torque method)  - Load application (Deviation angular from wheel center),"At Load index, LI = 0 to 121 (TLCC = 46 kgf to 1,450 kgf) 
and 
At Load index, LI = 122 to 279 (TLCC = 1,500 kgf to 136,000 kgf)",0.001° ,7500,UN Regulation No. 117 and ÁÍ¡. 2721-2560,10040 - 30803,Mechanical  Metrology Department,7500.0,Mechanical  Metrology Department,0,"gauge, calibration, testing, machine, laser"
,Rolling resistance testing machine (Torque method)- Tyre alignment (Camber angle and Slip angle),,Camber angle = 0.035°,7500,UN Regulation No. 117 and ÁÍ¡. 2721-2560,10040 - 30804,Mechanical  Metrology Department,7500.0,Mechanical  Metrology Department,0,"gauge, calibration, testing, machine, laser"
,Rolling resistance testing machine (Torque method)- Tyre alignment (Camber angle and Slip angle),,Slip angle = 0.030°,7500,UN Regulation No. 117 and ÁÍ¡. 2721-2560,10040 - 30805,Mechanical  Metrology Department,7500.0,Mechanical  Metrology Department,0,"gauge, calibration, testing, machine, laser"
,Rolling resistance testing machine (Torque method)   - Tyre load,,"0.037% for increasing only
0.11% for increasing and decreasing",10000,UN Regulation No. 117 and ÁÍ¡. 2721-2560,10040 - 30806,Mechanical  Metrology Department,10000.0,Mechanical  Metrology Department,0,"gauge, calibration, testing, machine, laser"
,Rolling resistance testing machine (Torque method) - Torque input,0.1 Nžm to 5 kNžm,0.015% (0.1 Nžm to 1 Nžm) 0.010% (1 Nžm to 5 kNžm),"20,000.00 / Range",UN Regulation No. 117 and ÁÍ¡. 2721-2560,10040 - 30807,Mechanical  Metrology Department,20000.0,Mechanical  Metrology Department,1,"torque, devices, wrench, calibration, static"
,Rolling resistance testing machine (Torque method) - Surface speed,0 km/h to 300 km/h,0.20 km/h,"5,000.00 / Direction",UN Regulation No. 117 and ÁÍ¡. 2721-2560,10040 - 30808,Mechanical  Metrology Department,5000.0,Mechanical  Metrology Department,0,"gauge, calibration, testing, machine, laser"
,Rolling resistance testing machine (Torque method) - Drum diameter,"1,700 mm and 2,000 mm",0.15 mm,7500,UN Regulation No. 117 and ÁÍ¡. 2721-2560,10040 - 30809,Mechanical  Metrology Department,7500.0,Mechanical  Metrology Department,0,"gauge, calibration, testing, machine, laser"
,Dynamic growth of tyre testing machine  - Run-out (Radial run-out and Lateral run-out),"Nominal rim diameter, d from 102 mm to 584 mm",Radial run-out = 0.02 mm ,6250,UN Regulation No. 117 and ÁÍ¡. 2721-2560,10040 - 30901,Mechanical  Metrology Department,6250.0,Mechanical  Metrology Department,0,"gauge, calibration, testing, machine, laser"
,Dynamic growth of tyre testing machine  - Tyre speed,0 km/h to 300 km/h,0.20 km/h,"6,250 / Direction",UN Regulation No. 117 and ÁÍ¡. 2721-2560,10040 - 30903,Mechanical  Metrology Department,6250.0,Mechanical  Metrology Department,0,"gauge, calibration, testing, machine, laser"
,Dynamic growth of tyre testing machine - Centrifugal radius,127 mm to 434 mm (254 mm to 868 mm diameter),0.11 mm,9350,UN Regulation No. 117 and ÁÍ¡. 2721-2560,10040 - 30904,Mechanical  Metrology Department,9350.0,Mechanical  Metrology Department,0,"gauge, calibration, testing, machine, laser"
,"Static Torque Calibration Devices
'- Torque Wrench Calibration Devices","1 N·m to 1,000 N·m,
Sensor and Connection profile rotatable, target uncertainty <0.5%","DKD-R 10-8, 0.2%","18,750/range",,10040-10310,Mechanical  Metrology Department,18750.0,Mechanical  Metrology Department,1,"torque, devices, wrench, calibration, static"
,"Static Torque Calibration Devices
'- Torque Wrench Calibration Devices","1 N?m to 1,000 N?m,
Sensor and Connection profile rotatable, target uncertainty ?0.5%","DKD-R 10-8, 0.2%","12,650/range",,10040-10311,Mechanical  Metrology Department,12650.0,Mechanical  Metrology Department,1,"torque, devices, wrench, calibration, static"
,"Static Torque Calibration Devices
'- Torque Wrench Calibration Devices","1 N·m to 1,000 N·m,
Sensor rotatable and Connection profile fixed, target uncertainty <0.5%","DKD-R 10-8, 0.2%","12,650/range",,10040-10312,Mechanical  Metrology Department,12650.0,Mechanical  Metrology Department,1,"torque, devices, wrench, calibration, static"
,"Static Torque Calibration Devices
'- Torque Wrench Calibration Devices","1 N?m to 1,000 N?m,
Sensor rotatable and Connection profile fixed, target uncertainty ?0.5%","DKD-R 10-8, 0.2%","6,550/range",,10040-10313,Mechanical  Metrology Department,6550.0,Mechanical  Metrology Department,1,"torque, devices, wrench, calibration, static"
,"Static Torque Calibration Devices
'- Torque Wrench Calibration Devices","1 N·m to 1,000 N·m,
Sensor fixed and Connection profile rotatable, target uncertainty <0.5%","DKD-R 10-8, 0.2%","18,750/range",,10040-10314,Mechanical  Metrology Department,18750.0,Mechanical  Metrology Department,1,"torque, devices, wrench, calibration, static"
,"Static Torque Calibration Devices
'- Torque Wrench Calibration Devices","1 N?m to 1,000 N?m,
Sensor fixed and Connection profile rotatable, target uncertainty ?0.5%","DKD-R 10-8, 0.2%","12,650/range",,10040-10315,Mechanical  Metrology Department,12650.0,Mechanical  Metrology Department,1,"torque, devices, wrench, calibration, static"
,"Static Torque Calibration Devices
'- Torque Wrench Calibration Devices","1 N·m to 1,000 N·m,
Sensor and Connection profile fixed, target uncertainty <0.5%","DKD-R 10-8, 0.2%","12,650/range",,10040-10316,Mechanical  Metrology Department,12650.0,Mechanical  Metrology Department,1,"torque, devices, wrench, calibration, static"
,"Static Torque Calibration Devices
'- Torque Wrench Calibration Devices","1 N?m to 1,000 N?m,
Sensor and Connection profile fixed, target uncertainty ?0.5%","DKD-R 10-8, 0.2%","6,550/range",,10040-10317,Mechanical  Metrology Department,6550.0,Mechanical  Metrology Department,1,"torque, devices, wrench, calibration, static"
,#NAME?,"1 N·m to 1,000 N·m,
Sensor and Connection profile rotatable, target uncertainty < 0.5 %,
For torque with cross force application","DKD-R 10-8, 0.40 %","18,750/range",,10040-10318,Mechanical  Metrology Department,18750.0,Mechanical  Metrology Department,0,"gauge, calibration, testing, machine, laser"
,#NAME?,"1 N?m to 1,000 N?m,
Sensor and Connection profile rotatable, target uncertainty ? 0.5 %,
For torque with cross force application","DKD-R 10-8, 0.40 %","12,650/range",,10040-10319,Mechanical  Metrology Department,12650.0,Mechanical  Metrology Department,0,"gauge, calibration, testing, machine, laser"
,#NAME?,"1 N·m to 1,000 N·m,
Sensor rotatable and Connection profile fixed, target uncertainty < 0.5 %,
For torque with cross force application","DKD-R 10-8, 0.40 %","12,650/range",,10040-10320,Mechanical  Metrology Department,12650.0,Mechanical  Metrology Department,0,"gauge, calibration, testing, machine, laser"
,#NAME?,"1 N?m to 1,000 N?m,
Sensor rotatable and Connection profile fixed, target uncertainty ? 0.5 %,
For torque with cross force application","DKD-R 10-8, 0.40 %","6,550/range",,10040-10321,Mechanical  Metrology Department,6550.0,Mechanical  Metrology Department,0,"gauge, calibration, testing, machine, laser"
,#NAME?,"1 N·m to 10 N·m,
For pure torque application","Base on DIN 51309, 1.0 %","6,550/range",,10040-10322,Mechanical  Metrology Department,6550.0,Mechanical  Metrology Department,0,"gauge, calibration, testing, machine, laser"
,#NAME?,"(0-360) degree,
For angle ",0.40 degree,"6,550/range",,10040-10323,Mechanical  Metrology Department,6550.0,Mechanical  Metrology Department,0,"gauge, calibration, testing, machine, laser"
,Standard Torque Transfer Wrench Model: TW-MCS01,? 20 N?m,"DAkkS-DKD-R 3-7
Class 0.2","174,400/piece","1. Temperature compensation on zero signal
2. Temperature compensation on span signal
3. Zero balance
4. Measurement and check signals",10040-20604,Mechanical  Metrology Department,174400.0,Mechanical  Metrology Department,1,"torque, devices, wrench, calibration, static"
,Standard Torque Transfer Wrench Model: TW-MCS01,? 50 N?m,"DAkkS-DKD-R 3-7
Class 0.2","180,600/piece","1. Temperature compensation on zero signal
2. Temperature compensation on span signal
3. Zero balance
4. Measurement and check signals",10040-20604,Mechanical  Metrology Department,180600.0,Mechanical  Metrology Department,1,"torque, devices, wrench, calibration, static"
,Standard Torque Transfer Wrench Model: TW-MCS01,? 200 N?m,"DAkkS-DKD-R 3-7
Class 0.2","196,750/piece","1. Temperature compensation on zero signal
2. Temperature compensation on span signal
3. Zero balance
4. Measurement and check signals",10040-20604,Mechanical  Metrology Department,196750.0,Mechanical  Metrology Department,1,"torque, devices, wrench, calibration, static"
,Standard Torque Transfer Wrench Model: TW-MCS01,? 500 N?m,"DAkkS-DKD-R 3-7
Class 0.2","214,050/piece","1. Temperature compensation on zero signal
2. Temperature compensation on span signal
3. Zero balance
4. Measurement and check signals",10040-20604,Mechanical  Metrology Department,214050.0,Mechanical  Metrology Department,1,"torque, devices, wrench, calibration, static"
,Standard Torque Transfer Wrench Model: TW-MCS01,"? 2,000 N?m","DAkkS-DKD-R 3-7
Class 0.2","281,350/piece",Standard Option,10040-20604,Mechanical  Metrology Department,281350.0,Mechanical  Metrology Department,1,"torque, devices, wrench, calibration, static"
,Standard Torque Transfer Wrench Model: TW-MCS01,"? 1,000 N?m","DAkkS-DKD-R 3-7
Class 0.2","228,000/piece","1. Temperature compensation on zero signal
2. Temperature compensation on span signal
3. Zero balance
4. Measurement and check signals",10040-20604,Mechanical  Metrology Department,228000.0,Mechanical  Metrology Department,1,"torque, devices, wrench, calibration, static"
,"Static Torque Calibration devices
'- Torque Wrench Calibration Devices","1 N·m to 1,000 N·m,
Sensor and Connection profile rotatable, target uncertainty <0.5%","DKD-R 10-8, 0.2%","18,750/range",,10040-30310,Mechanical  Metrology Department,18750.0,Mechanical  Metrology Department,1,"torque, devices, wrench, calibration, static"
,"Static Torque Calibration devices
'- Torque Wrench Calibration Devices","1 N?m to 1,000 N?m,
Sensor and Connection profile rotatable, target uncertainty ?0.5%","DKD-R 10-8, 0.2%","12,650/range",,10040-30311,Mechanical  Metrology Department,12650.0,Mechanical  Metrology Department,1,"torque, devices, wrench, calibration, static"
,"Static Torque Calibration devices
'- Torque Wrench Calibration Devices","1 N·m to 1,000 N·m,
Sensor rotatable and Connection profile fixed, target uncertainty <0.5%","DKD-R 10-8, 0.2%","12,650/range",,10040-30312,Mechanical  Metrology Department,12650.0,Mechanical  Metrology Department,1,"torque, devices, wrench, calibration, static"
,"Static Torque Calibration devices
'- Torque Wrench Calibration Devices","1 N?m to 1,000 N?m,
Sensor rotatable and Connection profile fixed, target uncertainty ?0.5%","DKD-R 10-8, 0.2%","6,550/range",,10040-30313,Mechanical  Metrology Department,6550.0,Mechanical  Metrology Department,1,"torque, devices, wrench, calibration, static"
,"Static Torque Calibration devices
'- Torque Wrench Calibration Devices","1 N·m to 1,000 N·m,
Sensor fixed and Connection profile rotatable, target uncertainty <0.5%","DKD-R 10-8, 0.2%","18,750/range",,10040-30314,Mechanical  Metrology Department,18750.0,Mechanical  Metrology Department,1,"torque, devices, wrench, calibration, static"
,"Static Torque Calibration devices
'- Torque Wrench Calibration Devices","1 N?m to 1,000 N?m,
Sensor fixed and Connection profile rotatable, target uncertainty ?0.5%","DKD-R 10-8, 0.2%","12,650/range",,10040-30315,Mechanical  Metrology Department,12650.0,Mechanical  Metrology Department,1,"torque, devices, wrench, calibration, static"
,"Static Torque Calibration devices
'- Torque Wrench Calibration Devices","1 N·m to 1,000 N·m,
Sensor and Connection profile fixed, target uncertainty <0.5%","DKD-R 10-8, 0.2%","12,650/range",,10040-30316,Mechanical  Metrology Department,12650.0,Mechanical  Metrology Department,1,"torque, devices, wrench, calibration, static"
,"Static Torque Calibration devices
'- Torque Wrench Calibration Devices","1 N?m to 1,000 N?m,
Sensor and Connection profile fixed, target uncertainty ?0.5%","DKD-R 10-8, 0.2%","6,550/range",,10040-30317,Mechanical  Metrology Department,6550.0,Mechanical  Metrology Department,1,"torque, devices, wrench, calibration, static"
,Endurance testing mchaine - Tyre load,"At Load index, LI = 0 to 121 (TLCC = 46 kgf to 1,450 kgf) and At Load index, LI = 122 to 279 (TLCC = 1,500 kgf to 136,000 kgf)","0.047 % for increasing force only
0.35 % for increasing and decreasing force","

12,500/range/direction","UN Regulation No. 30,
UN Regulation No. 54, 
UN Regulation No. 75 
and 
ÁÍ¡. 2718-2560, 
ÁÍ¡. 2719-2560, 
ÁÍ¡. 2720-2560",10040-30905,Mechanical  Metrology Department,12500.0,Mechanical  Metrology Department,0,"gauge, calibration, testing, machine, laser"
,Endurance testing mchaine  - Surface speed,0 km/h to 300 km/h,0.20 km/h,"6,250 / Direction","UN Regulation No. 30,
UN Regulation No. 54, 
UN Regulation No. 75 
and 
ÁÍ¡. 2718-2560, 
ÁÍ¡. 2719-2560, 
ÁÍ¡. 2720-2560",10040-30906,Mechanical  Metrology Department,6250.0,Mechanical  Metrology Department,0,"gauge, calibration, testing, machine, laser"
,Endurance testing mchaine  - Drum diameter,"1,700 mm and 2,000 mm",0.15 mm,9350,"UN Regulation No. 30,
UN Regulation No. 54, 
UN Regulation No. 75 
and 
ÁÍ¡. 2718-2560, 
ÁÍ¡. 2719-2560, 
ÁÍ¡. 2720-2560",10040-30907,Mechanical  Metrology Department,9350.0,Mechanical  Metrology Department,0,"gauge, calibration, testing, machine, laser"
,Wheel deviation measurement system  - Run-out (vertical run-out and horizontal run-out),0 mm to ± 2.5 mm,"Vertical run-out = 0.50 mm 
Horizontal run-out = 0.50 mm ",5000,ÁÍ¡. 2207-2562,10040-31001,Mechanical  Metrology Department,5000.0,Mechanical  Metrology Department,0,"gauge, calibration, testing, machine, laser"
,"Rockwell Scale : HRA, HRB, HRC","10 HRBW  to 100 HRBW
20 HRC to 70 HRC","0.40 HRBW
0.40 HRC",,by client.,10050 - 10101,Mechanical  Metrology Department,7880.0,Mechanical  Metrology Department,0,"gauge, calibration, testing, machine, laser"
,Rockwell Scale : HR30TW,29 HR30TW to 82 HR30TW,0.40 HR30TW,"9,350/piece",,10050 - 10101,Mechanical  Metrology Department,9350.0,Mechanical  Metrology Department,0,"gauge, calibration, testing, machine, laser"
,Vickers : HV according to ISO 6508-3,"HV 5, HV 10, HV 20, HV 30, HV 50, HV 100",,"7,250/piece",,10050 - 10201,Mechanical  Metrology Department,7250.0,Mechanical  Metrology Department,0,"gauge, calibration, testing, machine, laser"
,Elastomer Hardness Testing Machine,Durometer Type C,ASTM D2240,"8,550/machine",,10050 - 10302,Mechanical  Metrology Department,8550.0,Mechanical  Metrology Department,0,"gauge, calibration, testing, machine, laser"
,Elastomer Hardness Testing Machine,Durometer Type AO,"According to ISO48-9, ASTM D2240, JIS K6253, JIS K7215, JIS K6301, DIN 53505","8,550/machine",,10050 - 10302,Mechanical  Metrology Department,8550.0,Mechanical  Metrology Department,0,"gauge, calibration, testing, machine, laser"
,Elastomer Hardness Testing Machine,Durometer Type D,"According to ISO48-9, ASTM D2240, JIS K6253, JIS K7215, JIS K6301, DIN 53505","8,550/machine",,10050 - 10302,Mechanical  Metrology Department,8550.0,Mechanical  Metrology Department,0,"gauge, calibration, testing, machine, laser"
,Elastomer Hardness Testing Machine,Durometer Type A,"According to ISO48-9, ASTM D2240, JIS K6253, JIS K7215, JIS K6301, DIN 53505","8,550/machine",,10050 - 10302,Mechanical  Metrology Department,8550.0,Mechanical  Metrology Department,0,"gauge, calibration, testing, machine, laser"
,Elastomer Hardness Testing Machine,IRHD-M,"According to ISO48-9, ASTM D2240, JIS K6253, JIS K7215, JIS K6301, DIN 53505","8,550/machine",,10050 - 10302,Mechanical  Metrology Department,8550.0,Mechanical  Metrology Department,0,"gauge, calibration, testing, machine, laser"
,Elastomer Hardness Testing Machine,IRHD Pocket,"According to ISO48-9, ASTM D2240, JIS K6253, JIS K7215, JIS K6301, DIN 53505","8,550/machine",,10050 - 10302,Mechanical  Metrology Department,8550.0,Mechanical  Metrology Department,0,"gauge, calibration, testing, machine, laser"
,Elastomer Hardness Testing Machine,IRHD-N,"According to ISO48-9, ASTM D2240, JIS K6253, JIS K7215, JIS K6301, DIN 53505","8,550/machine",,10050 - 10302,Mechanical  Metrology Department,8550.0,Mechanical  Metrology Department,0,"gauge, calibration, testing, machine, laser"
,Brinell Scale: HB,HBW 5/750,"1.2% of HBW 
for Force 7.355 kN (750 kgf)","6,250/piece",,10050 - 10401,Mechanical  Metrology Department,6250.0,Mechanical  Metrology Department,0,"gauge, calibration, testing, machine, laser"
,Brinell Scale: HB,HBW 10/500,"1.2% of HBW 
for Force 4.903 kN (500 kgf)","7,800/piece",,10050 - 10401,Mechanical  Metrology Department,7800.0,Mechanical  Metrology Department,0,"gauge, calibration, testing, machine, laser"
,Brinell Scale: HB,HBW 10/3000,"0.6% of HBW 
for Force 29.42 kN (3,000 kgf)","7,800/piece",,10050 - 10401,Mechanical  Metrology Department,7800.0,Mechanical  Metrology Department,0,"gauge, calibration, testing, machine, laser"
,Vickers : HV according to ISO 6508-3,HV 0.1,,"7,250/piece",,10050 - 10501,Mechanical  Metrology Department,7250.0,Mechanical  Metrology Department,0,"gauge, calibration, testing, machine, laser"
,"Certified Reference Block Rockwell Scale : HRA, HRB, HRC",20 HRA to 95 HRA,0.40 HRA,"13,670/piece",,10050 - 20101,Mechanical  Metrology Department,13670.0,Mechanical  Metrology Department,0,"gauge, calibration, testing, machine, laser"
,"Certified Reference Block Rockwell Scale : HRA, HRB, HRC",20 HRC to 65 HRC,0.40 HRC,"13,670/piece",,10050 - 20101,Mechanical  Metrology Department,13670.0,Mechanical  Metrology Department,0,"gauge, calibration, testing, machine, laser"
,Rockwell Scale : HR30TW,29 HR30TW to 82 HR30TW,0.40 HR30TW,"17,500/piece",,10050 - 20101,Mechanical  Metrology Department,17500.0,Mechanical  Metrology Department,0,"gauge, calibration, testing, machine, laser"
,"Certified Reference Block Rockwell Scale : HRA, HRB, HRC",10 HRBW  to 100 HRBW,0.40 HRBW,"13,670/piece",,10050 - 20101,Mechanical  Metrology Department,13670.0,Mechanical  Metrology Department,0,"gauge, calibration, testing, machine, laser"
,Vickers : HV,"HV 5, HV 10, HV 20, HV 30, HV 50, HV 100",,"25,400/piece",,10050 - 20201,Mechanical  Metrology Department,25400.0,Mechanical  Metrology Department,0,"gauge, calibration, testing, machine, laser"
,V-notch Charpy Impact CRM,30 J ± 10 J,According to ISO148-3,"18,530/set",,10050 - 20301,Mechanical  Metrology Department,18530.0,Innovation and Measuring Devices Development Group,0,"gauge, calibration, testing, machine, laser"
,V-notch Charpy Impact CRM,100 J ± 10 J,According to ISO148-3,"18,530/set",,10050 - 20302,Mechanical  Metrology Department,18530.0,Innovation and Measuring Devices Development Group,0,"gauge, calibration, testing, machine, laser"
,Callibration of metellic -charpy pendulum Testing Machine,Low(<40J) and high (?40J)energy ,According to ISO148-2,81250,,10050 - 20303,Mechanical  Metrology Department,81250.0,Mechanical  Metrology Department,0,"gauge, calibration, testing, machine, laser"
,Brinell Scale: HB,HBW 10/3000,"0.6% of HBW 
for Force 29.42 kN (3,000 kgf)","21,100/piece",,10050 - 20401,Mechanical  Metrology Department,21100.0,Mechanical  Metrology Department,0,"gauge, calibration, testing, machine, laser"
,Brinell Scale: HB,HBW 10/500,"1.2% of HBW 
for Force 4.903 kN (500 kgf)","21,100/piece",,10050 - 20401,Mechanical  Metrology Department,21100.0,Mechanical  Metrology Department,0,"gauge, calibration, testing, machine, laser"
,Brinell Scale: HB,HBW 5/750,"1.2% of HBW 
for Force 7.355 kN (750 kgf)","18,750/piece",,10050 - 20401,Mechanical  Metrology Department,18750.0,Mechanical  Metrology Department,0,"gauge, calibration, testing, machine, laser"
,Vickers : HV,HV 0.1,,"32,800/piece",,10050 - 20501,Mechanical  Metrology Department,32800.0,Mechanical  Metrology Department,0,"gauge, calibration, testing, machine, laser"
,Extensometer,Gauge length up to 200 mm,According to  ISO 9513,"3,910",/scale  ,10050 - 30001,Mechanical  Metrology Department,3910.0,Innovation and Measuring Devices Development Group,0,"gauge, calibration, testing, machine, laser"
,"Callibration of Testing Machine
Rockwell Hardness Testing Machine
 - direct and indirect verification
 - indirect verification
 - diamond indenter verification
 -  ball indenter verification",70 HR15N to 94 HR15N,According to ISO 6508-2,6100,/machine/scale /scale,10050 - 30102,Mechanical  Metrology Department,6100.0,Mechanical  Metrology Department,0,"gauge, calibration, testing, machine, laser"
,"Callibration of Testing Machine
Rockwell Hardness Testing Machine
 - direct and indirect verification
 - indirect verification
 - diamond indenter verification
 -  ball indenter verification",42 HR30N to 86 HR30N,According to ISO 6508-2,1250,/machine/scale /scale,10050 - 30102,Mechanical  Metrology Department,1250.0,Mechanical  Metrology Department,0,"gauge, calibration, testing, machine, laser"
,"Callibration of Testing Machine
Rockwell Hardness Testing Machine
 - direct and indirect verification
 - indirect verification
 - diamond indenter verification
 -  ball indenter verification",67 HR15TW to 93 HR15TW,According to ISO 6508-2,1250,/machine/scale /scale,10050 - 30102,Mechanical  Metrology Department,1250.0,Mechanical  Metrology Department,0,"gauge, calibration, testing, machine, laser"
,"Callibration of Testing Machine
Rockwell Hardness Testing Machine
 - direct and indirect verification
 - indirect verification
 - diamond indenter verification
 -  ball indenter verification",29 HR30TW to 82 HR30TW,According to ISO 6508-2,1250,/machine/scale /scale,10050 - 30102,Mechanical  Metrology Department,1250.0,Mechanical  Metrology Department,0,"gauge, calibration, testing, machine, laser"
,"Callibration of Testing Machine
Rockwell Hardness Testing Machine
 - direct and indirect verification
 - indirect verification
 - diamond indenter verification
 -  ball indenter verification",70 HREW to 100 HREW,According to ISO 6508-2,1250,/machine/scale /scale,10050 - 30102,Mechanical  Metrology Department,1250.0,Mechanical  Metrology Department,0,"gauge, calibration, testing, machine, laser"
,"Callibration of Testing Machine
Rockwell Hardness Testing Machine
 - direct and indirect verification
 - indirect verification
 - diamond indenter verification
 -  ball indenter verification",20 HRA to 95 HRA,According to ISO 6508-2,10550,/machine/scale /scale,10050 - 30102,Mechanical  Metrology Department,10550.0,Mechanical  Metrology Department,0,"gauge, calibration, testing, machine, laser"
,"Callibration of Testing Machine
Rockwell Hardness Testing Machine
 - direct and indirect verification
 - indirect verification
 - diamond indenter verification
 -  ball indenter verification",10 HRBW to 100 HRBW,According to ISO 6508-2,10550,/machine/scale /scale,10050 - 30102,Mechanical  Metrology Department,10550.0,Mechanical  Metrology Department,0,"gauge, calibration, testing, machine, laser"
,"Callibration of Testing Machine
Rockwell Hardness Testing Machine
 - direct and indirect verification
 - indirect verification
 - diamond indenter verification
 -  ball indenter verification",20 HRC to 70 HRC,According to ISO 6508-2,4370,/machine/scale /scale,10050 - 30102,Mechanical  Metrology Department,4370.0,Mechanical  Metrology Department,0,"gauge, calibration, testing, machine, laser"
,#NAME?,Scale B,MH01.1,"12,150",,10050 - 30103,Mechanical  Metrology Department,12150.0,Mechanical  Metrology Department,0,"gauge, calibration, testing, machine, laser"
,#NAME?,"Tip angle 0°,90°, 136°
Line of conjunction 0 to 5 µm","± 0.15°
  ± 0.2 µm",12500,,10050 - 30202,Mechanical  Metrology Department,12500.0,Mechanical  Metrology Department,0,"gauge, calibration, testing, machine, laser"
,"Calibration of Testing Machine
Vickers Hardness Testing Machine","
HV 0.2, HV 0.3, HV 0.5, HV 1, HV 5, HV 10, HV 20, HV 30, HV 50","
According to ISO 6507-2",10550,,10050 - 30202,Mechanical  Metrology Department,10550.0,Mechanical  Metrology Department,0,"gauge, calibration, testing, machine, laser"
,#NAME?,"
HV 0.2, HV 0.3, HV 0.5, HV 1, HV 5, HV 10, HV 20, HV 30, HV 50","
According to ISO 6507-2",10550,/machine/scale /scale,10050 - 30202,Mechanical  Metrology Department,10550.0,Mechanical  Metrology Department,0,"gauge, calibration, testing, machine, laser"
,#NAME?,"
HV 0.2, HV 0.3, HV 0.5, HV 1, HV 5, HV 10, HV 20, HV 30, HV 50","
According to ISO 6507-2",4370,,10050 - 30202,Mechanical  Metrology Department,4370.0,Mechanical  Metrology Department,0,"gauge, calibration, testing, machine, laser"
,#NAME?,Scale C,MH01.2,"12,150",,10050 - 30203,Mechanical  Metrology Department,12150.0,Mechanical  Metrology Department,0,"gauge, calibration, testing, machine, laser"
,#NAME?,"Rockwell Scale A, B and C",MH03,"12,150",,10050 - 30303,Mechanical  Metrology Department,12150.0,Mechanical  Metrology Department,0,"gauge, calibration, testing, machine, laser"
,#NAME?,"HBW 2.5/62.5, HBW 2.5/31.25, HBW 2.5/15.625",According to ISO 6506-2,4370,/machine/scale /scale,10050 - 30402,Mechanical  Metrology Department,4370.0,Mechanical  Metrology Department,0,"gauge, calibration, testing, machine, laser"
,#NAME?,"HBW 5/750, HBW 5/125, HBW 5/62.5",According to ISO 6506-2,10550,/machine/scale /scale,10050 - 30402,Mechanical  Metrology Department,10550.0,Mechanical  Metrology Department,0,"gauge, calibration, testing, machine, laser"
,"Callibration of Testing Machine
Brinell Hardness testing machine","HBW 10/3000, HBW 10/500, HBW 10/100",According to ISO 6506-2,10550,/machine/scale /scale,10050 - 30402,Mechanical  Metrology Department,10550.0,Mechanical  Metrology Department,0,"gauge, calibration, testing, machine, laser"
,#NAME?,HBW 1/30,According to ISO 6506-2,1250,/machine/scale /scale,10050 - 30402,Mechanical  Metrology Department,1250.0,Mechanical  Metrology Department,0,"gauge, calibration, testing, machine, laser"
,#NAME?,HV 5,MH02.1,"10,300",,10050 - 30403,Mechanical  Metrology Department,10300.0,Mechanical  Metrology Department,0,"gauge, calibration, testing, machine, laser"
,Mooney Viscometer,All range,According to  ISO 289,"25,000",/machine,10050 - 30602,Mechanical  Metrology Department,25000.0,Mechanical  Metrology Department,0,"gauge, calibration, testing, machine, laser"
,#NAME?,Scale R,MH01.3,"12,250",Plastic artifacts shall be provided by client,10050 - 30803,Mechanical  Metrology Department,12250.0,Mechanical  Metrology Department,0,"gauge, calibration, testing, machine, laser"
,Speed for material testing machines,"Speed 0.05 mm/Min to 2,500 mm/Min.",According to ,"6,250",/speed,10050 - 30902,Mechanical  Metrology Department,6250.0,Mechanical  Metrology Department,0,"gauge, calibration, testing, machine, laser"
,#NAME?,Brinell HBW 10/3000,MH05.1,"6,850",,10050 - 30903,Mechanical  Metrology Department,6850.0,Mechanical  Metrology Department,0,"gauge, calibration, testing, machine, laser"
,#NAME?,Vickers HV 10,MH04.4,"6,850",,10050 - 31103,Mechanical  Metrology Department,6850.0,Mechanical  Metrology Department,0,"gauge, calibration, testing, machine, laser"
,#NAME?,Vickers HV 0.3,MH04.1,"6,850",,10050 - 31203,Mechanical  Metrology Department,6850.0,Mechanical  Metrology Department,0,"gauge, calibration, testing, machine, laser"
,#NAME?,HV 10,MH02.2,"10,300",,10050 - 31403,Mechanical  Metrology Department,10300.0,Mechanical  Metrology Department,0,"gauge, calibration, testing, machine, laser"
,#NAME?,HV 30,MH02.3,"10,300",,10050 - 31503,Mechanical  Metrology Department,10300.0,Mechanical  Metrology Department,0,"gauge, calibration, testing, machine, laser"
,#NAME?,Vickers HV 1,MH04.2,"6,850",,10050 - 31603,Mechanical  Metrology Department,6850.0,Mechanical  Metrology Department,0,"gauge, calibration, testing, machine, laser"
,#NAME?,Vickers HV 5,MH04.3,"6,850",,10050 - 31703,Mechanical  Metrology Department,6850.0,Mechanical  Metrology Department,0,"gauge, calibration, testing, machine, laser"
,#NAME?,Scale A,MH01.4,"34,000",,10050 - 31803,Mechanical  Metrology Department,34000.0,Mechanical  Metrology Department,0,"gauge, calibration, testing, machine, laser"
,#NAME?,Scale 30N,MH01.5,"34,000",,10050 - 31903,Mechanical  Metrology Department,34000.0,Mechanical  Metrology Department,0,"gauge, calibration, testing, machine, laser"
,#NAME?,Scale 30TW,MH01.6,"34,000",,10050 - 32003,Mechanical  Metrology Department,34000.0,Mechanical  Metrology Department,0,"gauge, calibration, testing, machine, laser"
,#NAME?,Rockwell Scale 15N,MH03.4,"10,950",,10050 - 32103,Mechanical  Metrology Department,10950.0,Mechanical  Metrology Department,0,"gauge, calibration, testing, machine, laser"
,#NAME?,Rockwell Scale 30N,MH03.5,"10,950",,10050 - 32203,Mechanical  Metrology Department,10950.0,Mechanical  Metrology Department,0,"gauge, calibration, testing, machine, laser"
,#NAME?,Rockwell Scale A,MH03.1,"6,850",,10050 - 32303,Mechanical  Metrology Department,6850.0,Mechanical  Metrology Department,0,"gauge, calibration, testing, machine, laser"
,#NAME?,Rockwell Scale B,MH03.2,"6,850",,10050 - 32403,Mechanical  Metrology Department,6850.0,Mechanical  Metrology Department,0,"gauge, calibration, testing, machine, laser"
,#NAME?,Rockwell Scale C,MH03.3,"6,850",,10050 - 32503,Mechanical  Metrology Department,6850.0,Mechanical  Metrology Department,0,"gauge, calibration, testing, machine, laser"
,#NAME?,Rockwell Scale 15TW,MH03.6,"10,950",,10050 - 32603,Mechanical  Metrology Department,10950.0,Mechanical  Metrology Department,0,"gauge, calibration, testing, machine, laser"
,#NAME?,Rockwell Scale 30TW,MH03.7,"10,950",,10050 - 32703,Mechanical  Metrology Department,10950.0,Mechanical  Metrology Department,0,"gauge, calibration, testing, machine, laser"
,#NAME?,Vickers HV 0.1,MH04.5,"16,700",,10050 - 32803,Mechanical  Metrology Department,16700.0,Mechanical  Metrology Department,0,"gauge, calibration, testing, machine, laser"
,#NAME?,Vickers HV 0.2,MH04.6,"16,700",,10050 - 32903,Mechanical  Metrology Department,16700.0,Mechanical  Metrology Department,0,"gauge, calibration, testing, machine, laser"
,#NAME?,Vickers HV 0.5,MH04.7,"16,700",,10050 - 33003,Mechanical  Metrology Department,16700.0,Mechanical  Metrology Department,0,"gauge, calibration, testing, machine, laser"
2524.0,Recalibration of Reference Block Rockwell : HR According to ISO6508-3 : 2023,HR15N,0.50 HR15N,"9,350/piece",According to ISO6508-3 : 2023,10050-10101,Mechanical  Metrology Department,9350.0,Mechanical  Metrology Department,0,"gauge, calibration, testing, machine, laser"
,Vickers : HV **According to ASTM E92,"HV10, HV 20",,"17,500/piece",,10050-10206,Mechanical  Metrology Department,17500.0,Mechanical  Metrology Department,0,"gauge, calibration, testing, machine, laser"
2525.0,Testing the nanoindentation hardness of materials,"Test force : 0.1 to 480 mN
Depth (Dz) : 0 to 7.2 ?m
Loading rate : 0.1 mN/min to 10 N/min
Testing cycle : 1 to 70 s","4.0 GPa of Indentation
modulus; EIT","8,500/piece",Based on the ISO 14577-1:2015,10050-10601,Mechanical  Metrology Department,8500.0,Mechanical  Metrology Department,0,"gauge, calibration, testing, machine, laser"
2523.0,Certified Reference Block Rockwell : HR According to ISO6508-3 : 2023,HR15N,0.50 HR15N,"17,500/piece",According to ISO6508-3 : 2023,10050-20101,Mechanical  Metrology Department,17500.0,Mechanical  Metrology Department,0,"gauge, calibration, testing, machine, laser"
2521.0,Vickers : HV  According to ISO6507-3,"HV 5, HV 10, HV 20, HV 30, HV 50, HV 100
Range 100 HV to 950 HV",(2.1 + 2600/d2)% of HV,"25,400/piece",,10050-20201,Mechanical  Metrology Department,25400.0,Mechanical  Metrology Department,0,"gauge, calibration, testing, machine, laser"
,Vickers : HV  According to ASTM E92,"HV10, HV 20",,"26,250/piece",,10050-20206,Mechanical  Metrology Department,26250.0,Mechanical  Metrology Department,0,"gauge, calibration, testing, machine, laser"
,Calibration of Rockwell standard machine.,"Scale A, B, C, E, 30N, 30T, 15N, 15T",According to  ISO6508-3,"32,000",/machine/scale,10050-30105,Mechanical  Metrology Department,32000.0,Mechanical  Metrology Department,4,"standard, solution, mass, set, ph"
,Calibration of Rockwell standard machine.,"Scale A, B, C, E, 30N, 30T, 15N, 15T",,"5,620",/additional scale,10050-30105,Mechanical  Metrology Department,5620.0,Mechanical  Metrology Department,4,"standard, solution, mass, set, ph"
,Calibration of Vickers standard machine.,"scale HV 5, HV 10, HV 20, HV 30 and HV 50","According to ISO6507-3
0.08 % for test force
0.1 s for testing cycle 
0.4 ?m for measuring system","32,000",/machine/scale,10050-30205,Mechanical  Metrology Department,32000.0,Mechanical  Metrology Department,4,"standard, solution, mass, set, ph"
,Calibration of Vickers standard machine.,,,"6,250",/additional scale,10050-30205,Mechanical  Metrology Department,6250.0,Mechanical  Metrology Department,4,"standard, solution, mass, set, ph"
,Calibration of Brinell standard machine.,,,"5,750",/additional scale,10050-30305,Mechanical  Metrology Department,5750.0,Mechanical  Metrology Department,4,"standard, solution, mass, set, ph"
,Calibration of Brinell standard machine.,"HBW 10/3000, HBW 10/1500, HBW 10/1000, HBW 10/500, HBW 10/250, HBW 10/100, HBW 5/750, HBW 5/250, HBW 5/125, HBW 5/62.5, HBW 5/25, HBW 2.5/187.5, HBW 2.5/62.5, HBW 2.5/31.25, HBW 2.5/15.625, HBW 2.5/6.25, HBW 1/30, HBW 1/10, HBW1/5, HBW 1/2.5, HBW 1/1","According to 
ISO6506-3","33,000",/machine/scale,10050-30305,Mechanical  Metrology Department,33000.0,Mechanical  Metrology Department,4,"standard, solution, mass, set, ph"
,Calibration of Vickers standard machine.,"scale HV 0.2, HV 0.3,  HV 0.5 and HV 1","According to ISO6507-3
0.08 % for test force
0.1 s for testing cycle 
0.4 ?m for measuring system","32,000",/machine/scale,10050-30505,Mechanical  Metrology Department,32000.0,Mechanical  Metrology Department,4,"standard, solution, mass, set, ph"
,Calibration of Vickers standard machine.,,,"7,100",/additional scale,10050-30505,Mechanical  Metrology Department,7100.0,Mechanical  Metrology Department,4,"standard, solution, mass, set, ph"
,Melt flow index tester (Extrusion plastometer),All range,According to ASTM D1238,"15,000",/machine,10050-30702,Mechanical  Metrology Department,15000.0,Mechanical  Metrology Department,0,"gauge, calibration, testing, machine, laser"
,"Displacement Measuring Systems and
Devices Used in Material Testing Machines","Displacement length up to 2,000 mm.",According to  ASTM E2309/E2309M-16,"6,250",/machine,10050-30802,Mechanical  Metrology Department,6250.0,Mechanical  Metrology Department,0,"gauge, calibration, testing, machine, laser"
,Gas Pressure Balances,Up to 7 MPa,> 5x10-4 x Pe to 1x10-4 x Pe,50000,1. Price per 1 piston & ,10060 - 10101,Mechanical  Metrology Department,50000.0,Mechanical  Metrology Department,2,"pressure, measuring, instruments, gas, pe"
,Gas Pressure Balances,Up to 7 MPa,< 1x10-4 x Pe,50000,cylinder assembly,10060 - 10102,Mechanical  Metrology Department,50000.0,Mechanical  Metrology Department,2,"pressure, measuring, instruments, gas, pe"
,Gas Pressure Balances,>7 MPa to 40 MPa,> 5x10-4 x Pe,55000,2. Calibration of weight ,10060 - 10103,Mechanical  Metrology Department,55000.0,Mechanical  Metrology Department,2,"pressure, measuring, instruments, gas, pe"
,Gas Pressure Balances,,5x10-4 x Pe to 1x10-4 x Pe,55000,set is included.   ,10060 - 10104,Mechanical  Metrology Department,55000.0,Mechanical  Metrology Department,2,"pressure, measuring, instruments, gas, pe"
,Gas Pressure Balances,,< 1x10-4 x Pe,55000,,10060 - 10105,Mechanical  Metrology Department,55000.0,Mechanical  Metrology Department,2,"pressure, measuring, instruments, gas, pe"
,Hydraulic Pressure Balances,Up to 200 MPa ,> 5x10-4 x Pe to 1x10-4 x Pe,50000,1. Price per 1 piston & ,10060 - 10201,Mechanical  Metrology Department,50000.0,Mechanical  Metrology Department,2,"pressure, measuring, instruments, gas, pe"
,Hydraulic Pressure Balances,,< 1x10-4 x Pe,50000,cylinder assembly,10060 - 10202,Mechanical  Metrology Department,50000.0,Mechanical  Metrology Department,2,"pressure, measuring, instruments, gas, pe"
,Hydraulic Pressure Balances,> 200 MPa to 500 MPa,> 5x10-4 x Pe to 2x10-4 x Pe,60000,2. Calibration of weight ,10060 - 10203,Mechanical  Metrology Department,60000.0,Mechanical  Metrology Department,2,"pressure, measuring, instruments, gas, pe"
,Hydraulic Pressure Balances,,< 2x10-4 x Pe,60000,set is included.   ,10060 - 10204,Mechanical  Metrology Department,60000.0,Mechanical  Metrology Department,2,"pressure, measuring, instruments, gas, pe"
,"Gas Pressure Measuring Instruments (gauge pressure, Pe)",- 1 kPa to 0 kPa,> 6 x 10-3 x Pe,"3,750/range",,10060 - 10301,Mechanical  Metrology Department,3750.0,Mechanical  Metrology Department,2,"pressure, measuring, instruments, gas, pe"
,"Gas Pressure Measuring Instruments (gauge pressure, Pe)",,6x10-3 x Pe to 1x10-3 x Pe,"5,000/range",,10060 - 10302,Mechanical  Metrology Department,5000.0,Mechanical  Metrology Department,2,"pressure, measuring, instruments, gas, pe"
,"Gas Pressure Measuring Instruments (gauge pressure, Pe)",,"< 1x10-3 x Pe, but not smaller than 0,003 mbar ","6,250/range",,10060 - 10303,Mechanical  Metrology Department,6250.0,Mechanical  Metrology Department,2,"pressure, measuring, instruments, gas, pe"
,"Gas Pressure Measuring Instruments (gauge pressure, Pe)",0 kPa to 3 kPa,> 6x10-3 x Pe,"3,750/range",,10060 - 10304,Mechanical  Metrology Department,3750.0,Mechanical  Metrology Department,2,"pressure, measuring, instruments, gas, pe"
,"Gas Pressure Measuring Instruments (gauge pressure, Pe)",,6x10-3 x Pe to 1x10-3 x Pe,"5,000/range",,10060 - 10305,Mechanical  Metrology Department,5000.0,Mechanical  Metrology Department,2,"pressure, measuring, instruments, gas, pe"
,"Gas Pressure Measuring Instruments (gauge pressure, Pe)",,"< 1x10-3 x Pe, but not smaller than 0.003 mbar","6,300/range",,10060 - 10306,Mechanical  Metrology Department,6300.0,Mechanical  Metrology Department,2,"pressure, measuring, instruments, gas, pe"
,"Gas Pressure Measuring Instruments (gauge pressure, Pe)",10 kPa to 7 MPa,> 6x10-3 x Pe,"4,070/range",,10060 - 10307,Mechanical  Metrology Department,4070.0,Mechanical  Metrology Department,2,"pressure, measuring, instruments, gas, pe"
,"Gas Pressure Measuring Instruments (gauge pressure, Pe)","1,5 kPa to 7 MPa",6x10-3 x Pe to 1x10-3 x Pe,"6,250/range",,10060 - 10308,Mechanical  Metrology Department,6250.0,Mechanical  Metrology Department,2,"pressure, measuring, instruments, gas, pe"
,"Gas Pressure Measuring Instruments (gauge pressure, Pe)",,< 1x10-3 x Pe,"7,500/range",,10060 - 10309,Mechanical  Metrology Department,7500.0,Mechanical  Metrology Department,2,"pressure, measuring, instruments, gas, pe"
,"Gas Pressure Measuring Instruments (gauge pressure, Pe)",> 7 MPa to 100 MPa,> 6x10-3 x Pe,"7,040/range",,10060 - 10310,Mechanical  Metrology Department,7040.0,Mechanical  Metrology Department,2,"pressure, measuring, instruments, gas, pe"
,"Gas Pressure Measuring Instruments (gauge pressure, Pe)",,6x10-3 x Pe to 1x10-3 x Pe,"9,850/range",,10060 - 10311,Mechanical  Metrology Department,9850.0,Mechanical  Metrology Department,2,"pressure, measuring, instruments, gas, pe"
,"Gas Pressure Measuring Instruments (gauge pressure, Pe)",,< 1x10-3 x Pe,"12,670/range",,10060 - 10312,Mechanical  Metrology Department,12670.0,Mechanical  Metrology Department,2,"pressure, measuring, instruments, gas, pe"
,"Gas Pressure Measuring Instruments (gauge pressure, Pe)",0 kPa to –100 kPa,Not smaller than 0.2 mbar,"8,750/range",,10060 - 10313,Mechanical  Metrology Department,8750.0,Mechanical  Metrology Department,2,"pressure, measuring, instruments, gas, pe"
,"Gas Pressure Measuring Instruments (gauge pressure, Pe)",,Not smaller than 1 mbar,"4,070/range",,10060 - 10314,Mechanical  Metrology Department,4070.0,Mechanical  Metrology Department,2,"pressure, measuring, instruments, gas, pe"
,"Gas Pressure Measuring Instruments (gauge pressure, Pe)",0 kPa to -15 kPa,> 1x10-3 x Pe,"8,750/range",,10060 - 10315,Mechanical  Metrology Department,8750.0,Mechanical  Metrology Department,2,"pressure, measuring, instruments, gas, pe"
,"Gas Pressure Measuring Instruments (gauge pressure, Pe)",,< 1x10-3 x Pe,"11,250/range",,10060 - 10316,Mechanical  Metrology Department,11250.0,Mechanical  Metrology Department,2,"pressure, measuring, instruments, gas, pe"
,"Gas Pressure Measuring Instruments (gauge pressure, Pe)",0 kPa to 15 kPa,> 1x10-3 x Pe,"8,750/range",,10060 - 10317,Mechanical  Metrology Department,8750.0,Mechanical  Metrology Department,2,"pressure, measuring, instruments, gas, pe"
,"Gas Pressure Measuring Instruments (gauge pressure, Pe)",,< 1x10-3 x Pe,"11,250/range",,10060 - 10318,Mechanical  Metrology Department,11250.0,Mechanical  Metrology Department,2,"pressure, measuring, instruments, gas, pe"
,"Gas Pressure Measuring Instruments (gauge pressure, Pe)",- 4 kPa to 4 kPa,> 6x10-3 x Pe,"3,750/range",,10060 - 10323,Mechanical  Metrology Department,3750.0,Mechanical  Metrology Department,2,"pressure, measuring, instruments, gas, pe"
,"Gas Pressure Measuring Instruments (gauge pressure, Pe)",,6x10-3 x Pe to 1x10-3 x Pe,"5,000/range",,10060 - 10324,Mechanical  Metrology Department,5000.0,Mechanical  Metrology Department,2,"pressure, measuring, instruments, gas, pe"
,"Gas Pressure Measuring Instruments (gauge pressure, Pe)",,"< 1x10-3 x Pe, but not smaller than 0.003 mbar","6,300/range",,10060 - 10325,Mechanical  Metrology Department,6300.0,Mechanical  Metrology Department,2,"pressure, measuring, instruments, gas, pe"
,"Gas Pressure Measuring Instruments (absolute pressure, Pabs)",80 kPa to 115 kPa,< 1x10-3 x Pabs,"8,750/range",,10060 - 10401,Mechanical  Metrology Department,8750.0,Mechanical  Metrology Department,2,"pressure, measuring, instruments, gas, pe"
,"Gas Pressure Measuring Instruments (absolute pressure, Pabs)",,Not smaller than 0.35 mbar,"4,230/range",,10060 - 10402,Mechanical  Metrology Department,4230.0,Mechanical  Metrology Department,2,"pressure, measuring, instruments, gas, pe"
,"Gas Pressure Measuring Instruments (absolute pressure, Pabs)",2 kPa to 7 MPa,Not smaller than 0.35 mbar,"4,230/range",,10060 - 10403,Mechanical  Metrology Department,4230.0,Mechanical  Metrology Department,2,"pressure, measuring, instruments, gas, pe"
,"Gas Pressure Measuring Instruments (absolute pressure, Pabs)","1,5 kPa to 40 MPa",> 1x10-4 x Pabs,"8,750/range",,10060 - 10404,Mechanical  Metrology Department,8750.0,Mechanical  Metrology Department,2,"pressure, measuring, instruments, gas, pe"
,"Gas Pressure Measuring Instruments (absolute pressure, Pabs)",0 kPa to 15 kPa,> 1x10-3 x Pabs,"10,000/range",,10060 - 10405,Mechanical  Metrology Department,10000.0,Mechanical  Metrology Department,2,"pressure, measuring, instruments, gas, pe"
,"Gas Pressure Measuring Instruments (absolute pressure, Pabs)",,< 1x10-3 x Pabs,"12,500/range",,10060 - 10406,Mechanical  Metrology Department,12500.0,Mechanical  Metrology Department,2,"pressure, measuring, instruments, gas, pe"
,Mercury Barometers,85 kPa to 105 kPa,Not smaller than 0.35 mbar,"6,250/range",Cistern type,10060 - 10501,Mechanical  Metrology Department,6250.0,Mechanical  Metrology Department,0,"gauge, calibration, testing, machine, laser"
,Mercury Barometers,85 kPa to 105 kPa,Not smaller than 0.35 mbar,"7,500/range",Fortin type,10060 - 10502,Mechanical  Metrology Department,7500.0,Mechanical  Metrology Department,0,"gauge, calibration, testing, machine, laser"
,"Hydraulic Pressure Measuring Instruments (gauge pressure, Pe)",up to 200 MPa,> 6x10-3 x Pe,"5,000/range",,10060 - 10601,Mechanical  Metrology Department,5000.0,Mechanical  Metrology Department,2,"pressure, measuring, instruments, gas, pe"
,"Hydraulic Pressure Measuring Instruments (gauge pressure, Pe)",,6x10-3 x Pe to 1x10-3 x Pe,"7,500/range",,10060 - 10602,Mechanical  Metrology Department,7500.0,Mechanical  Metrology Department,2,"pressure, measuring, instruments, gas, pe"
,"Hydraulic Pressure Measuring Instruments (gauge pressure, Pe)",,< 1 x 10-3 x Pe,"10,000/range",,10060 - 10603,Mechanical  Metrology Department,10000.0,Mechanical  Metrology Department,2,"pressure, measuring, instruments, gas, pe"
,"Hydraulic Pressure Measuring Instruments (gauge pressure, Pe)",> 200 MPa to 500 MPa,> 1 x 10-3 x Pe,"8,750/range",,10060 - 10604,Mechanical  Metrology Department,8750.0,Mechanical  Metrology Department,2,"pressure, measuring, instruments, gas, pe"
,"Hydraulic Pressure Measuring Instruments (gauge pressure, Pe)",,< 1 x 10-3 x Pe,"11,250/range",,10060 - 10605,Mechanical  Metrology Department,11250.0,Mechanical  Metrology Department,2,"pressure, measuring, instruments, gas, pe"
,"Gas Differential Pressure at High Static Line ressure 
(not higher than 40 MPa), DP",350 kPa maximum differential pressure,"3.5 x 10-5 x DP, but not less than 2.9 Pa","16,250/sensor head",Price per 1 range of differential pressure and  1 range of high static line pressure,10060 - 10701,Mechanical  Metrology Department,16250.0,Mechanical  Metrology Department,0,"gauge, calibration, testing, machine, laser"
,"Hydraulic Pressure Measuring Instruments (absolute pressure, Pabs)","0,1 MPa to 200 MPa",> 6x10-3 x Pabs,"6,250/range",,10060 - 10801,Mechanical  Metrology Department,6250.0,Mechanical  Metrology Department,2,"pressure, measuring, instruments, gas, pe"
,"Hydraulic Pressure Measuring Instruments (absolute pressure, Pabs)",,6x10-3 x Pabs to 1x10-3 x Pabs,"8,750/range",,10060 - 10802,Mechanical  Metrology Department,8750.0,Mechanical  Metrology Department,2,"pressure, measuring, instruments, gas, pe"
,"Hydraulic Pressure Measuring Instruments (absolute pressure, Pabs)",,< 1 x 10-3 x Pabs,"11,250/range",,10060 - 10803,Mechanical  Metrology Department,11250.0,Mechanical  Metrology Department,2,"pressure, measuring, instruments, gas, pe"
,"Hydraulic Pressure Measuring Instruments (absolute pressure, Pabs)",> 200 MPa to 500 MPa,> 1 x 10-3 x Pabs,"10,000/range",,10060 - 10804,Mechanical  Metrology Department,10000.0,Mechanical  Metrology Department,2,"pressure, measuring, instruments, gas, pe"
,"Hydraulic Pressure Measuring Instruments (absolute pressure, Pabs)",,< 1x10-3 x Pabs,"12,500/range",,10060 - 10805,Mechanical  Metrology Department,12500.0,Mechanical  Metrology Department,2,"pressure, measuring, instruments, gas, pe"
,"Blood Pressure (Static Mode)(gauge pressure, Pe)",(0 kPa to 40 kPa)(0 mm Hg to 300 mm Hg),Not smaller than 0.13 kPa  ( 1 mm Hg)   ,"1,875/range",To include leak check,10060 - 10902,Mechanical  Metrology Department,1875.0,Mechanical  Metrology Department,2,"pressure, measuring, instruments, gas, pe"
,Absolute Gravity,,,120000,for each additional location,10060 - 30101,Mechanical  Metrology Department,120000.0,Mechanical  Metrology Department,0,"gauge, calibration, testing, machine, laser"
,Absolute Gravity,9.75 m/s2 to 9.85 m/s2 ,"Not smaller than 10 µGal
(0.01 ppm)",240000,for the first measurement location,10060 - 30101,Mechanical  Metrology Department,240000.0,Mechanical  Metrology Department,0,"gauge, calibration, testing, machine, laser"
,Local Gravity,9.75 m/s2 to 9.85 m/s2 ,"Not smaller than 180 µGal
(0.18 ppm)",40000,Using relative method,10060 - 30102,Mechanical  Metrology Department,40000.0,Mechanical  Metrology Department,0,"gauge, calibration, testing, machine, laser"
,"Gas Pressure Measuring Instruments (on-site)        -  (differential gauge pressure,Pe)",0.1 kPa to 130 kPa ,2.6E-4Pe but  not less than 0.03 kPa,"6,250 baht/range",Differential against ambient pressure,10060 - 30103,Mechanical  Metrology Department,6250.0,Mechanical  Metrology Department,2,"pressure, measuring, instruments, gas, pe"
,"Gas Pressure Measuring Instruments (on-site)       -  (absolute pressure, Pabs)",10 kPa to 700 kPa ,2.0E-4Pabs but  not less than 0.03 kPa,"6,250 baht/range",,10060 - 30103,Mechanical  Metrology Department,6250.0,Mechanical  Metrology Department,2,"pressure, measuring, instruments, gas, pe"
,Pressure Measuring Device,0 to 3500 kPa," 0.01%rdg but  not less than 0.1 kPa
","6,500/range

",Media: Water,"10060-10901

",Mechanical  Metrology Department,6500.0,Mechanical  Metrology Department,2,"pressure, measuring, instruments, gas, pe"
,"Gas Pressure Measuring Instruments (gauge pressure, Pe)",,Smaller than 0.2 mbar,"11,250/range",,10061 - 10319,Mechanical  Metrology Department,11250.0,Mechanical  Metrology Department,2,"pressure, measuring, instruments, gas, pe"
,"Vacuum Gauges (absolute pressure : pirani gauge, thermal conductivity gauge)",105 Pa to 10-1 Pa,0.3% rdg to 1% rdg,"7,040/sensor head",Calibration 10 points minimum,10070 - 10101,Mechanical  Metrology Department,7040.0,Mechanical  Metrology Department,0,"gauge, calibration, testing, machine, laser"
,Vacuum Gauges (absolute pressure : capacitance diaphragm gauge),105 Pa to 10-1 Pa,0.2% rdg to 0.45% rdg,"12,670/sensor head","Calibration 3 decades for the head range (1000, 100,10, 1) torr Calibration 2 decades for the head range 0.1 torr",10070 - 10201,Mechanical  Metrology Department,12670.0,Mechanical  Metrology Department,0,"gauge, calibration, testing, machine, laser"
,"Vacuum Gauges (absolute pressure : hot cathode ion gauge, cold cathode ion gauge)",10-1 Pa to 10-5 Pa,0.5% rdg to 6% rdg,"11,090/for first decade 
+2,250 for next decade",,10070 - 10301,Mechanical  Metrology Department,11090.0,Mechanical  Metrology Department,0,"gauge, calibration, testing, machine, laser"
,Vacuum Gauge (absolute pressure : spinning rotor gauge),10 Pa to 10-3 Pa,0.6% rdg to 4.5% rdg,to be determined,,10070 - 10401,Mechanical  Metrology Department,7880.0,Mechanical  Metrology Department,2,"pressure, measuring, instruments, gas, pe"
,Additional cost for electrical calibration (which the accuracy is not better than +/-0.01% rdg),,,"2,250/item",,10070 - 10501,Mechanical  Metrology Department,2250.0,Electrical  Metrology Department,0,"gauge, calibration, testing, machine, laser"
,Adjustment charge of pressure and vacuum devices for permanent laboratory calibration,,,50% of the calibration cost of each range,,10070 - 10502,Mechanical  Metrology Department,50.0,Mechanical  Metrology Department,0,"gauge, calibration, testing, machine, laser"
,Measurement audit report,,,"1,000 Baht/report
+ 1,000 Bath/only for artifact provided
+ Calibration fee",,10070 - 10503,Mechanical  Metrology Department,1000.0,Electrical  Metrology Department,6,"measurement, detector, additional, frequency, irradance"
,"Vacuum Gauges by Static Expansion Method (absolute pressure : capacitance diaphragm gauge, spinning rotor gauge)",0.13 Pa to 1.3 kPa,0.50% rdg to 0.25% rdg,"26,400/sensor head",,10070 - 10601,Mechanical  Metrology Department,26400.0,Mechanical  Metrology Department,0,"gauge, calibration, testing, machine, laser"
,Liquid Flowmeter (Turbine Flowmeter),0.19 L/min to 150* L/min,0.075%**,"13,750/ 5 points",Calibration Fluid : Water,10080 - 10101,Mechanical  Metrology Department,13750.0,Mechanical  Metrology Department,0,"gauge, calibration, testing, machine, laser"
,Liquid Flowmeter  (with indicator),0.19 L/min to 150* L/min,0.02,"7,880/ 5 points",Calibration Fluid : Water,10080 - 10102,Mechanical  Metrology Department,7880.0,Mechanical  Metrology Department,0,"gauge, calibration, testing, machine, laser"
,Coriolis Flowmeter (Volumetric method),0.2 L/min to 150 L/min,0.00075,"13,750/5 points",Calibration Fluid : Water,10080 - 10103,Mechanical  Metrology Department,13750.0,Mechanical  Metrology Department,0,"gauge, calibration, testing, machine, laser"
,"Inter-laboratory comparison on liquid volume flow rate measurement;
Artifact : Coriolis flow meter",25 L/min to 120 L/min,NIMT.MW-L1/2017,"20,333/range 
(N = 3)",Calibration Fluid : Water,10080 - 10105,Mechanical  Metrology Department,20333.0,Mechanical  Metrology Department,6,"measurement, detector, additional, frequency, irradance"
,"Inter-laboratory comparison on liquid volume flow rate measurement;
Artifact : Coriolis flow meter",25 L/min to 120 L/min,NIMT.MW-L1/2019,"15,750/range
(N = 2)",Calibration Fluid : Water,10080 - 10106,Mechanical  Metrology Department,15750.0,Mechanical  Metrology Department,6,"measurement, detector, additional, frequency, irradance"
,Inter-laboratory comparison on water flow meter and pressure of infusion pump analyzer,"(20 - 200) mL/h
((0 - 1200) mmHg","0.35%
0.35 mbar","12,552.50/range",Infusion device analyzer,10080 - 10107,Mechanical  Metrology Department,12552.5,Mechanical  Metrology Department,0,"gauge, calibration, testing, machine, laser"
,Liquid Flowmeter (Turbine Flowmeter),20 L/min to 1300 L/min,0.00075,"13,750",Calibration Fluid : Water,10080 - 10108,Mechanical  Metrology Department,13750.0,Mechanical  Metrology Department,0,"gauge, calibration, testing, machine, laser"
,Ultrasonic flow meter (Clamp-on),20 L/min to 1300 L/min,0.01,"8,750",Calibration Fluid : Water,10080 - 10109,Mechanical  Metrology Department,8750.0,Mechanical  Metrology Department,7,"meter, power, phase, ac, wattmeter"
,Gas Flowmeter,0.043 (mg/s) to 500 (mg/s),0.0023,"17,250/range",Calibration Fluid :  Nitrogen,10080 - 10201,Mechanical  Metrology Department,17250.0,Mechanical  Metrology Department,0,"gauge, calibration, testing, machine, laser"
,Gas Flowmeter with display in standard flow (molbloc-L),100 cm3/min to 24000 cm3/min,0.0025,"30,000/range","Calibration Gas: Dry Air 
Reference Conditions @ 0°C, 101.325 kPa",10080 - 10202,Mechanical  Metrology Department,30000.0,Mechanical  Metrology Department,4,"standard, solution, mass, set, ph"
,(Mass gas flow rate),0.043 (mg/s) to 21545 (mg/s),0.0023,"17,250/range",Calibration Fluid : Dry Air,10080 - 10202,Mechanical  Metrology Department,17250.0,Mechanical  Metrology Department,0,"gauge, calibration, testing, machine, laser"
,"Gas Flow rate 
(Gas meter with impluse output)",1 m3/h to 100 m3/h,0.002,"30,000/piece 
(5 points)",Comparison Method,10080 - 10203,Mechanical  Metrology Department,30000.0,Mechanical  Metrology Department,7,"meter, power, phase, ac, wattmeter"
,Gas Flowmeter with display in standard flow (molbloc-S),1 m3/h to 65 m3/h,0.0023,"30,000/range","Calibration Gas: Dry Air 
Reference Conditions @ 0°C, 101.325 kPa",10080 - 10204,Mechanical  Metrology Department,30000.0,Mechanical  Metrology Department,4,"standard, solution, mass, set, ph"
,Sonic Nozzle at ambient pressure,1 m3/h to 100 m3/h,0.0022,"25,000/range",Calibration Gas: Ambient Air ,10080 - 10205,Mechanical  Metrology Department,25000.0,Mechanical  Metrology Department,2,"pressure, measuring, instruments, gas, pe"
,"Orifice flow device
(Volumetric method)",(1 to 100) m3/h,0.01,"7,500/piece
(5-7 points)
",Comparison Method,10080 - 10208,Mechanical  Metrology Department,7500.0,Mechanical  Metrology Department,0,"gauge, calibration, testing, machine, laser"
,Small Water Flow Meter (Mass Mode),"10 g/h to 50 g/h
 50 g/h to 1000 g/h","0.35%
0.24%","16,875/range","Calibration Fluid : Water
Gravimetric Method",10080 - 10301,Mechanical  Metrology Department,16875.0,Mechanical  Metrology Department,0,"gauge, calibration, testing, machine, laser"
,Medium Liquid Flow Meter (Gravimetric Method),0.036 kg/min to 0.32 kg/min,0.003,"12,500/5 points","Calibration Fluid : Water
Gravimetric Method",10080 - 10302,Mechanical  Metrology Department,12500.0,Mechanical  Metrology Department,7,"meter, power, phase, ac, wattmeter"
,"Gas Flow rate 
(Gas meter with flow rate output)",1.2 kg/h to 117 kg/h,0.002,"30,000/piece 
(5 points)",Comparison Method,10080 - 10403,Mechanical  Metrology Department,30000.0,Mechanical  Metrology Department,0,"gauge, calibration, testing, machine, laser"
,"Liquid Volume 
(Proving tank: Neck scale type, Weir neck type)",1 L to 10 L,0.02% to 0.03%,"6,250/piece",Gravimetric Method,10080 - 10501,Mechanical  Metrology Department,6250.0,Mechanical  Metrology Department,0,"gauge, calibration, testing, machine, laser"
,"Liquid Volume 
(Proving tank: Neck scale type, Weir neck type)",<10 L to 20 L,0.02% to 0.03%,"10,000/piece",Gravimetric Method,10080 - 10502,Mechanical  Metrology Department,10000.0,Mechanical  Metrology Department,0,"gauge, calibration, testing, machine, laser"
,"Liquid Volume 
(Proving tank: Neck scale type, Weir neck type)",> 2 L to 50 L,0.0009,"8,750 / piece",Gravimetric Method,10080 - 10503,Mechanical  Metrology Department,8750.0,Mechanical  Metrology Department,0,"gauge, calibration, testing, machine, laser"
,"Liquid Volume 
(Proving tank: Neck scale type, Weir neck type)",> 50 L to 200 L,0.0009,"13,750/piece",Gravimetric Method,10080 - 10504,Mechanical  Metrology Department,13750.0,Mechanical  Metrology Department,0,"gauge, calibration, testing, machine, laser"
,Flow speed device,(0.1-40) m/s,0.005,"12,500/5 points+2,500/next point","Wind tunnel 
Calibration Fluid : Air",10080 - 10701,Mechanical  Metrology Department,12500.0,Mechanical  Metrology Department,0,"gauge, calibration, testing, machine, laser"
,Small Water Flow Meter (Volumetric Mode),"10 mL/h to 50 mL/h
 50 mL/h to 1000 mL/h","0.35%
0.24%","16,875/range","Calibration Fluid : Water
Gravimetric Method",10080-10104,Mechanical  Metrology Department,16875.0,Mechanical  Metrology Department,0,"gauge, calibration, testing, machine, laser"
,Volume of Liquid,(1 to 20) L,0.15%,"6,250",/ piece / range,10080-10505,Mechanical  Metrology Department,6250.0,Mechanical  Metrology Department,0,"gauge, calibration, testing, machine, laser"
,Volume of Liquid,(>20 to 50) L,0.15%,"10,000",/ piece / range,10080-10506,Mechanical  Metrology Department,10000.0,Mechanical  Metrology Department,0,"gauge, calibration, testing, machine, laser"
,Volume of Liquid,(>50 to 100) L,0.15%,"5,000",/ piece / range,10080-10507,Mechanical  Metrology Department,5000.0,Mechanical  Metrology Department,0,"gauge, calibration, testing, machine, laser"
,Volume of Liquid,(>100 to 500) L,0.15%,"6,875",/ piece / range,10080-10508,Mechanical  Metrology Department,6875.0,Mechanical  Metrology Department,0,"gauge, calibration, testing, machine, laser"
,Volume of Liquid,(>500 to 1000) L,0.15%,"10,000",/ piece / range,10080-10509,Mechanical  Metrology Department,10000.0,Mechanical  Metrology Department,0,"gauge, calibration, testing, machine, laser"
,Volume of Liquid,(>1000 to 2000) L,0.15%,"13,750",/ piece / range,10080-10510,Mechanical  Metrology Department,13750.0,Mechanical  Metrology Department,0,"gauge, calibration, testing, machine, laser"
,Volume of Liquid,(>2000 to 3000) L,0.15%,"16,250",/ piece / range,10080-10511,Mechanical  Metrology Department,16250.0,Mechanical  Metrology Department,0,"gauge, calibration, testing, machine, laser"
,Volume of Liquid,(>3000 to 4000) L,0.15%,21250,/ piece / range,10080-10512,Mechanical  Metrology Department,21250.0,Mechanical  Metrology Department,0,"gauge, calibration, testing, machine, laser"
,"Ultrasonic Thickness Measurement 
(Thickness calibration block)",(2.54 - 12.70) mm and 100 mm,0.3% of reading,"2,500/5 points
+500/next point",Direct measurement by ultrasonic thickness system,10080-10601,Mechanical  Metrology Department,2500.0,Mechanical  Metrology Department,6,"measurement, detector, additional, frequency, irradance"
2520.0,Flaw Detector,"X-axis (25.25 to 170) mm
Y-axis (10 to 100) %dB",0.5% of reading,"10,000/5 points/1 probe+1500/next probe",Direct measurement by ultrasonic system,10080-10603,Mechanical  Metrology Department,10000.0,Chemical Metrology  Department,6,"measurement, detector, additional, frequency, irradance"
,Laser Doppler Anemometer,2 m/s to 20 m/s,0.004,"30,000/piece","Wind tunnel 
Calibration Fluid : Air",10080-10702,Mechanical  Metrology Department,30000.0,Dimensional Metrology Department,0,"gauge, calibration, testing, machine, laser"
,Wind direction,0° to 360°,0.9°,"12,500/5 points
+2,500/next point","Wind tunnel 
Calibration Fluid : Air",10080-10703,Mechanical  Metrology Department,12500.0,Mechanical  Metrology Department,0,"gauge, calibration, testing, machine, laser"
,"Air speed anemometers
(Cup and Vane anemometer)",(1-30) m/s,1% of reading,"12,500/15 points
+2,500/next point","Wind tunnel 
Calibration Fluid : Air",10080-10704,Mechanical  Metrology Department,12500.0,Mechanical  Metrology Department,0,"gauge, calibration, testing, machine, laser"
,Air speed anemometers,(0.1-40) m/s,0.008,"10,000/5 points","Wind tunnel 
Calibration Fluid : Air",10080-10705,Mechanical  Metrology Department,10000.0,Mechanical  Metrology Department,0,"gauge, calibration, testing, machine, laser"
2522.0,Rain Gauge,(10 - 480) mm/h,0.01,"12,500/5 points
+2,500/next point",Calibration Fluid : WaterGravimetric Method,10080-10802,Mechanical  Metrology Department,12500.0,Dimensional Metrology Department,0,"gauge, calibration, testing, machine, laser"
,Gas Flowmeter(Volume gas flow rate),2 (cm3/min) to 24000 (cm3/min),0.0023,"17,250/range","0 degree C, 101.325 kPa",10081 - 10101,Mechanical  Metrology Department,17250.0,Mechanical  Metrology Department,0,"gauge, calibration, testing, machine, laser"
,Gas Flowmeter(Volume gas flow rate),2 (cm3/min) to 24000 (cm3/min),0.0023,"17,250/range",Reference Conditions @,10081 - 10101,Mechanical  Metrology Department,17250.0,Mechanical  Metrology Department,0,"gauge, calibration, testing, machine, laser"
,Gas Flowmeter(Volume gas flow rate),2 (cm3/min) to 24000 (cm3/min),0.0023,"17,250/range",Calibration Fluid :  Nitrogen,10081 - 10101,Mechanical  Metrology Department,17250.0,Mechanical  Metrology Department,0,"gauge, calibration, testing, machine, laser"
,Gas Flowmeter(Volume gas flow rate),2 (cm3/min) to 1 (m3/min),0.0023,"17,250/range","0 degree C, 101.325 kPa",10081 - 10102,Mechanical  Metrology Department,17250.0,Mechanical  Metrology Department,0,"gauge, calibration, testing, machine, laser"
,Gas Flowmeter(Volume gas flow rate),2 (cm3/min) to 1 (m3/min),0.0023,"17,250/range",Reference Conditions @,10081 - 10102,Mechanical  Metrology Department,17250.0,Mechanical  Metrology Department,0,"gauge, calibration, testing, machine, laser"
,Gas Flowmeter(Volume gas flow rate),2 (cm3/min) to 1 (m3/min),0.0023,"17,250/range",Calibration Fluid : Dry Air,10081 - 10102,Mechanical  Metrology Department,17250.0,Mechanical  Metrology Department,0,"gauge, calibration, testing, machine, laser"
2519.0,Diaphragm Gas Meter,(0.06 to 10) m3/h,0.01,"5,000 / 3 points (0.06, 2, 10) m3/h / 1 meter +1250/next point",Comparison Method,10081-10103,Mechanical  Metrology Department,5000.0,Mechanical  Metrology Department,7,"meter, power, phase, ac, wattmeter"
76.0,Fixed point cells,0.01 °C,0.12 mK,"25,000/point 
",Direct realization,11010 - 11111,Thermometry Metrology Department,25000.0,Thermometry Metrology Department,0,"gauge, calibration, testing, machine, laser"
77.0,Standard Platinum Resistance Thermometer (SPRT),-189.3442 oC ,1 mK,"10,000 / point","By ITS-90 Fixed Point Cells, Sheath for temperature above Zn. Minimum sheath length 450 mm",11010 - 11321,Thermometry Metrology Department,10000.0,Thermometry Metrology Department,4,"standard, solution, mass, set, ph"
78.0,Semi-Standard Platinum Resistance Thermometer or Platinum Resistance Thermometer,-189.3442 oC ,1 mK,"10,000 / point","By ITS-90 Fixed Point Cells, Sheath for temperature above Zn. Minimum sheath length 450 mm",11010 - 11322,Thermometry Metrology Department,10000.0,Thermometry Metrology Department,0,"gauge, calibration, testing, machine, laser"
79.0,Standard Platinum Resistance Thermometer (SPRT),-189.3442 oC to 0.01 oC,1.0 mK,"10,000 / point","By ITS-90 Fixed Point Cells, Sheath for temperature above Zn. Minimum sheath length 450 mm",11010 - 11323,Thermometry Metrology Department,10000.0,Thermometry Metrology Department,4,"standard, solution, mass, set, ph"
80.0,Semi-Standard Platinum Resistance Thermometer or Platinum Resistance Thermometer,-189.3442 oC to 0.01 oC,1.0 mK,"10,000 / point","By ITS-90 Fixed Point Cells, Sheath for temperature above Zn. Minimum sheath length 450 mm",11010 - 11324,Thermometry Metrology Department,10000.0,Thermometry Metrology Department,0,"gauge, calibration, testing, machine, laser"
2517.0,Fixed point cells,419.527 oC,0.6 mK,"25,000/point",Direct realization,11010-1111,Thermometry Metrology Department,25000.0,Thermometry Metrology Department,0,"gauge, calibration, testing, machine, laser"
124.0,Calibration of Gallium cell:  model A,29.7646 °C,5 mK,"12,500 /point",Direct measurement with SPRT,11020 - 12111,Thermometry Metrology Department,12500.0,Thermometry Metrology Department,0,"gauge, calibration, testing, machine, laser"
125.0,Calibration of Gallium cell:  model B,29.76 °C,20 mK,"6,500 /point",Direct measurement with PRT,11020 - 12112,Thermometry Metrology Department,6500.0,Thermometry Metrology Department,0,"gauge, calibration, testing, machine, laser"
159.0,Standard Platinum Resistance Thermometer (SPRTs),-196oC,25 mK,"5,000 first point
 +  1,500/next point
At least 6 points",By Comparison with SPRTs in stirred liquid bath Minimum sheath length 300 mm,11020 - 12221,Thermometry Metrology Department,5000.0,Thermometry Metrology Department,4,"standard, solution, mass, set, ph"
109.0,Standard Platinum Resistance Thermometer (SPRTs),-196oC,16 mK,"6,500 first point
 +  1,500/next point
At least 6 points",By Comparison with SPRTs in stirred liquid bath Minimum sheath length 300 mm,11020 - 12221,Thermometry Metrology Department,6500.0,Thermometry Metrology Department,4,"standard, solution, mass, set, ph"
110.0,Industrial Platinum Resistance Thermometers (IPRTs),-196oC,16 mK,"6,500 first point
 +  1,500/next point
At least 6 points",By Comparison with SPRTs in stirred liquid bath Minimum sheath length 300 mm,11020 - 12222,Thermometry Metrology Department,6500.0,Thermometry Metrology Department,0,"gauge, calibration, testing, machine, laser"
160.0,Industrial Platinum Resistance Thermometers (IPRTs),-196oC,25 mK,"5,000 first point
 +  1,500/next point
At least 6 points",By Comparison with SPRTs in stirred liquid bath Minimum sheath length 300 mm,11020 - 12222,Thermometry Metrology Department,5000.0,Thermometry Metrology Department,0,"gauge, calibration, testing, machine, laser"
112.0,"Noble-metal Thermocouples
(Type S, Type R, Type B)",231.928 °C,0.1 K,7500 bath/point,"By ITS-90 Fixed Point Cells
",11020 - 12311,Thermometry Metrology Department,7500.0,Thermometry Metrology Department,0,"gauge, calibration, testing, machine, laser"
114.0,"Noble-metal Thermocouples
(Type S, Type R, Type B, Au/Pt)",-40 °C to 0 °C,0.2 K,"4,000 first point  +  1,200/next point",By comparison with standard TC  or SPRT in comparison furnace  Minimum sheath length 450 mm,11020 - 12312,Thermometry Metrology Department,4000.0,Thermometry Metrology Department,0,"gauge, calibration, testing, machine, laser"
115.0,Base-metal Thermocouples,-196  °C,0.3 K,"4,000 first point",By comparison with standard TC,11020 - 12321,Thermometry Metrology Department,4000.0,Thermometry Metrology Department,0,"gauge, calibration, testing, machine, laser"
113.0,Pure-metal thermocouples,231.928 °C,0.05 K,"8,000 bath/point  for Sn, Zn, Al  and
10,000 bath for
Ag, Cu, Co-C",By ITS-90 Fixed Point Cells / Co-C fixed point cell  (At least 3 points),11020 - 12331,Thermometry Metrology Department,8000.0,Chemical Metrology  Department,0,"gauge, calibration, testing, machine, laser"
117.0,Liquid-in-glass Thermometer,-40 °C to 90 °C,15 mK,"4,000 first point+ 1,000/next point",By Comparison with  SPRTs in stirred liquid bath,11020 - 12411,Thermometry Metrology Department,4000.0,Thermometry Metrology Department,0,"gauge, calibration, testing, machine, laser"
118.0,Digital Thermometer with resistance probe,- 196 oC,15 mK,"5,000 first point","By Comparison with  SPRTs 
in stirred liquid bath/ Furnace/ LN2 comparator",11020 - 12711,Thermometry Metrology Department,5000.0,Thermometry Metrology Department,5,"digital, dna, analog, plasmid, dial"
161.0,Digital Thermometer (with resistance probe),- 196 oC,40 mK,"4,000 first point
+ 1,500 / next point","By Comparison with  SPRTs 
in stirred liquid bath/ Furnace/ LN2 comparator",11020 - 12712,Thermometry Metrology Department,4000.0,Thermometry Metrology Department,5,"digital, dna, analog, plasmid, dial"
122.0,Surface Thermomter,35 º C to 200  º C,0.5 K,"5,000 first point + 1,500/next point",Comparison with its reading with the temperature of reference surface heat source.,11020 - 12713,Thermometry Metrology Department,5000.0,Mechanical  Metrology Department,0,"gauge, calibration, testing, machine, laser"
162.0,Digital Thermometer with thermocouple probe,- 196 °C,0.6 K,"4,000 first point+ 1,500/next point","By Comparison with  SPRTs /TC 
in stirred liquid bath /Furnace",11020 - 12714,Thermometry Metrology Department,4000.0,Thermometry Metrology Department,5,"digital, dna, analog, plasmid, dial"
119.0,Digital Thermometer with thermocouple probe,- 196 oC,0.4 K,"5,000 first point+ 1,500/next point","By Comparison with  SPRTs /TC 
in stirred liquid bath /Furnace",11020 - 12714,Thermometry Metrology Department,5000.0,Thermometry Metrology Department,5,"digital, dna, analog, plasmid, dial"
120.0,Temperature Bath,-80oC to 25oC ,20 mK,"4,000 first point +
1,000/next point",By Comparison with SPRTs ,11020 - 12861,Thermometry Metrology Department,4000.0,Thermometry Metrology Department,0,"gauge, calibration, testing, machine, laser"
121.0,Temperature block calibrator and Furnace,-40 °C to 660 °C,0.1 K,"5,000 first point + 3,500/next point",By Comparison with two SPRTs/TCs in measurement zone of temperature block calibrator,11020 - 12862,Thermometry Metrology Department,5000.0,Thermometry Metrology Department,0,"gauge, calibration, testing, machine, laser"
123.0,Surface calibrator,35 º C to 200  º C,0.4 K,"5,000 first point + 2,000/next point",Comparison with reference  standard temperature ,11020 - 12863,Thermometry Metrology Department,5000.0,Electrical  Metrology Department,0,"gauge, calibration, testing, machine, laser"
116.0,"Fabrication of Standard Thermocouples Type R, Type S, Type B  with fixed point calibration  (wires not included)",0 °C to 1100 °C,0.3 K,"36,500",Electrical Annealing and re-fabrication thermocouple with calibration certificate by ITS-90 Fixed Point Cells.,11020 - 22314,Thermometry Metrology Department,36500.0,Thermometry Metrology Department,0,"gauge, calibration, testing, machine, laser"
111.0,Thermistors,-80 º C to 100  º C,10 mK,"3,000 first point + 1,500/next point",Comparison with SPRTs in stirred liquid baths,11020-12231 ,Thermometry Metrology Department,3000.0,Mechanical  Metrology Department,0,"gauge, calibration, testing, machine, laser"
2515.0,Temperature transmitter,-50 oC to 200 oC,1.5 K,"5,000 first point
+ 1,500/next point",y Comparison with SPRTs in stirred liquid bath,11020-12621,Thermometry Metrology Department,5000.0,Thermometry Metrology Department,0,"gauge, calibration, testing, machine, laser"
152.0,Supply of Gallium Cell model A with Calibration,29.7646 °C,5 mK,"32,000","Ga cell suitable for IPRT, DTM calibration & verification",11020-22111,Thermometry Metrology Department,32000.0,Thermometry Metrology Department,0,"gauge, calibration, testing, machine, laser"
153.0,Supply of Gallium Cell model B with Calibration,29.76 °C,20 mK,"12,000","Ga cell suitable for DTM, IOT sensors calibration & verification",11020-22112,Thermometry Metrology Department,12000.0,Thermometry Metrology Department,0,"gauge, calibration, testing, machine, laser"
149.0,Supply of Thermocouple Type S  with fixed point calibration,0 °C to 1100 °C,0.3 K,"99,000",Supply of thermocouple with calibration certificate by ITS-90 Fixed Point Cells.,11020-22311,Thermometry Metrology Department,99000.0,Thermometry Metrology Department,0,"gauge, calibration, testing, machine, laser"
150.0,Supply of Thermocouple Type S  with fixed point calibration,0 °C to 1100 °C,0.3 K,"102,500",Supply of thermocouple with calibration certificate by ITS-90 Fixed Point Cells.,11020-22311,Thermometry Metrology Department,102500.0,Thermometry Metrology Department,0,"gauge, calibration, testing, machine, laser"
151.0,Supply of Thermocouple Type B  with fixed point calibration,0 °C to 1100 °C,0.3 K,"102,500",Supply of thermocouple with calibration certificate by ITS-90 Fixed Point Cells.,11020-22313,Thermometry Metrology Department,102500.0,Thermometry Metrology Department,0,"gauge, calibration, testing, machine, laser"
81.0,"Fixed-point Blackbody
(Primary and Secondary Fixed-point Black body)",1084.62 oC (ITS-90),0.14 K,"24,000 / point",Comparison to Standard Fixed-point Blackbody using 0.65 µm standard radiation thermometer (ITS-90 or thermodynamic temperature),11030 - 11121,Thermometry Metrology Department,24000.0,Thermometry Metrology Department,0,"gauge, calibration, testing, machine, laser"
82.0,"Fixed-point Blackbody
(Primary and Secondary Fixed-point Black body)",1 084.62 oC (ITS-90),0.14 K,"24,000 / point",Comparison to Standard Fixed-point Blackbody using 0.9 µm standard radiation thermometer (ITS-90 or thermodynamic temperature),11030 - 11122,Thermometry Metrology Department,24000.0,Thermometry Metrology Department,0,"gauge, calibration, testing, machine, laser"
83.0,"Fixed-point Blackbody
(Primary and Secondary Fixed-point Black body)",1 084.62 oC,0.19 K,"24,000 / point",Comparison to Standard Fixed-point Blackbody using 1.6 µm standard radiation thermometer,11030 - 11123,Thermometry Metrology Department,24000.0,Thermometry Metrology Department,0,"gauge, calibration, testing, machine, laser"
84.0,Optical Pyrometer/Standard radiation thermometer,156.5985 °C to 1084.60 °C,0.14 K to 0.40 K,"12,000/point",By Comparison with fixed pont blackbodies (ITS-90),11030 - 11411,Thermometry Metrology Department,12000.0,Thermometry Metrology Department,4,"standard, solution, mass, set, ph"
85.0,0.9  µm radiation thermometer,960 °C to 2000 °C,0.2 K to 1.1 K,"48,000/point",Direct realisation by measurement of,11030 - 11412,Thermometry Metrology Department,48000.0,Thermometry Metrology Department,0,"gauge, calibration, testing, machine, laser"
86.0,0.65  µm radiation thermometer,960 °C to 2500 °C,0.2 K to 1.4 K,"48,000/point",Direct realisation by measurement of,11030 - 11413,Thermometry Metrology Department,48000.0,Thermometry Metrology Department,0,"gauge, calibration, testing, machine, laser"
98.0,Variable temperature blackbody sources for infrared ear/forehead thermometers,22 º C to 42 ºC,44 mK,"7,500 first point + 2,500/next point",Comparison with standard liquid bath blackbodies through infrared ear thermometers,11030 - 12524,Thermometry Metrology Department,7500.0,Thermometry Metrology Department,0,"gauge, calibration, testing, machine, laser"
100.0,Radiation Thermometer/Infrared Thermometer/Thermal imaging Camera,-40 °C to 15 °C,0.15 K to 0.30 K,"5,000 /point*",By Comparison with PRT or Transfer Standard Radiation Thermometer,11030 - 12541,Thermometry Metrology Department,5000.0,Thermometry Metrology Department,0,"gauge, calibration, testing, machine, laser"
101.0,Radiation Thermometer/Infrared Thermometer/Thermal imaging Camera,>15 °C to < 1100 °C,0.15 K to 3.0 K,"7,500 first point+2,000/next point",By Comparison with Transfer Standard Radiation Thermometer or PRT,11030 - 12542,Thermometry Metrology Department,7500.0,Thermometry Metrology Department,0,"gauge, calibration, testing, machine, laser"
103.0,Radiation Thermometer/Infrared Thermometer/Thermal imaging Camera,1100 °C to 2500 °C,2 K to 5 K,"8,500 first point+ 3,000/next point",By Comparison with Transfer Standard Radiation Thermometer,11030 - 12543,Thermometry Metrology Department,8500.0,Thermometry Metrology Department,0,"gauge, calibration, testing, machine, laser"
104.0,"Infrared ear thermometers 
(Resolution ³ 0.1 K)",35 ºC to 42 ºC,0.2 K,"3,750 first point + 1,000/next point",Comparison with PRT in liquid bath blackbody ,11030 - 12544,Thermometry Metrology Department,3750.0,Thermometry Metrology Department,0,"gauge, calibration, testing, machine, laser"
105.0,"Infrared ear thermometer 
(Resolution < 0.1 K)",35 ºC to 42 ºC,0.10 K,"3,750 first point + 1,000/next point",Comparison with PRT in liquid bath blackbody ,11030 - 12545,Thermometry Metrology Department,3750.0,Thermometry Metrology Department,0,"gauge, calibration, testing, machine, laser"
102.0,Radiation Thermometer/Infrared Thermometer/Thermal imaging Camera,300 °C to 600 °C,0.45 K to 0.80 K,"7,500 first point+4,500/next point",By Comparison with PRT or Transfer Standard Radiation Thermometer,11030 - 12546,Thermometry Metrology Department,7500.0,Thermometry Metrology Department,0,"gauge, calibration, testing, machine, laser"
99.0,Effective emissivity for variable temperature blackbody cavity (temperature range 22 °C to 42 °C),0 to 1,0.037 to 0.0025,"2,500",Comparison with standard blackbody cavity by measurement of temperature difference ,11030 - 16311,Thermometry Metrology Department,2500.0,Thermometry Metrology Department,0,"gauge, calibration, testing, machine, laser"
87.0,650 nm / 900 nm Standard radiation thermometer,1084.6721 °C,0.16 K to 0.22 K,"12,000",By Comparison with Cu fixed point blackbody (Thermodynamic temperature),11030 - 17121,Thermometry Metrology Department,12000.0,Thermometry Metrology Department,0,"gauge, calibration, testing, machine, laser"
88.0,650 nm radiation thermometer,960 °C to 2500 °C,0.20 K to 1.45 K,"48,000",Direct realisation by measurement of spectral responsivity (Thermodynamic temperature),11030 - 17122,Thermometry Metrology Department,48000.0,Thermometry Metrology Department,0,"gauge, calibration, testing, machine, laser"
93.0,Variable Temperature Blackbody Radiation Sources,300 ºC to 600 ºC,0.46 K to 0.80 K,"8,500 first point + 6,250/next point",Comparison with reference blackbodies through infrared thermometer spectral wavelength 8 mm to 14 mm,11030-12520,Thermometry Metrology Department,8500.0,Thermometry Metrology Department,0,"gauge, calibration, testing, machine, laser"
89.0,Variable Temperature Blackbody Radiation Sources,0 ºC to < 15 ºC,0.4 K,"7,500 /point",Comparison with reference blackbodies through infrared thermometer spectral wavelength 8 mm to 13 mm,11030-12521 ,Thermometry Metrology Department,7500.0,Thermometry Metrology Department,0,"gauge, calibration, testing, machine, laser"
94.0,Variable Temperature Blackbody Radiation Sources,150 ºC to 1 100 ºC,0.7 K to 1.6 K,"8,500 first point + 3,750/next point",Comparison with 1.6 mm standard radiation thermometer ,11030-12522,Thermometry Metrology Department,8500.0,Thermometry Metrology Department,0,"gauge, calibration, testing, machine, laser"
95.0,Variable Temperature Blackbody Radiation Sources,1 000 ºC to 2 500 ºC,1.6 K to 2.8 K,"8,500 first point + 3,750/next point",Comparison with 650 nm standard radiation thermometer ,11030-12523,Thermometry Metrology Department,8500.0,Thermometry Metrology Department,0,"gauge, calibration, testing, machine, laser"
90.0,Variable Temperature Blackbody Radiation Sources,15 ºC to 500 ºC,0.4 K to 2.1 K,"8,500 first point + 3,750/next point",,11030-12525,Thermometry Metrology Department,8500.0,Thermometry Metrology Department,0,"gauge, calibration, testing, machine, laser"
91.0,Variable Temperature Blackbody Radiation Sources,-40 ºC to < 15 ºC,0.5 K to 0.2 K,"7,500 /point",Comparison with reference blackbodies through infrared thermometer spectral wavelength 8 mm to 14 mm,11030-12526,Thermometry Metrology Department,7500.0,Thermometry Metrology Department,0,"gauge, calibration, testing, machine, laser"
92.0,Variable Temperature Blackbody Radiation Sources,15 ºC to 300 ºC,0.2 K to 0.46 K,"8,500 first point + 3,750/next point",Comparison with reference blackbodies through infrared thermometer spectral wavelength 8 mm to 14 mm,11030-12527,Thermometry Metrology Department,8500.0,Thermometry Metrology Department,0,"gauge, calibration, testing, machine, laser"
96.0,Variable Temperature Blackbody Radiation Sources,420 ºC to 1 600 ºC,0.8 K to 2.0 K,"8,500 first point + 3,750/next point",Comparison with 900 nm standard radiation thermometer ,11030-12528,Thermometry Metrology Department,8500.0,Thermometry Metrology Department,0,"gauge, calibration, testing, machine, laser"
97.0,Variable Temperature Blackbody Radiation Sources,400 ºC to 1 000 ºC,1.2 K to 2.0 K,"8,500 first point + 3,750/next point",Comparison with  8 mm to 14 mm standard radiation thermometer ,11030-12529,Thermometry Metrology Department,8500.0,Thermometry Metrology Department,0,"gauge, calibration, testing, machine, laser"
2516.0,"Fixed-point Blackbody
(thermodynamic temperature)",Zn (419.5408 oC),0.14 K,"24,000 / point",Comparison to Standard Fixed-point Blackbody using 0.9 ?m standard radiation thermometer (thermodynamic temperature),11030-17112,Thermometry Metrology Department,24000.0,Thermometry Metrology Department,0,"gauge, calibration, testing, machine, laser"
2518.0,"Metal-Carbon Fixed point cells
(thermodynamic temperature)",Re-C (2474 oC),1.6 K,"60,000/point",Comparison with Ag/Cu fixed point using a 650-nm radiation thermometers (thermodynamic temperature),11030-17113,Thermometry Metrology Department,60000.0,Thermometry Metrology Department,0,"gauge, calibration, testing, machine, laser"
2514.0,650 nm standard radiation thermometer (thermodynamic temperature),2474 ?C,1.7 K,"48,000/point",By Comparison with Metal-Carbon fixed point blackbody cells (Thermodynamic temperature),11030-17123,Thermometry Metrology Department,48000.0,Thermometry Metrology Department,0,"gauge, calibration, testing, machine, laser"
145.0,Blackbody cavity (En-type),35.0 °C to 42.0 °C,Emissivity : 0.9995 ± 0.0005,26000,Model: NIMT-TM-BC-01En,11030-32521,Thermometry Metrology Department,26000.0,Thermometry Metrology Department,0,"gauge, calibration, testing, machine, laser"
146.0,Blackbody cavity,30.0 °C to 40.0 °C,Emissivity : 0.999 ± 0.001,45000,"Model: NIMT-TM-BC-02FHT
(aperture 50 mm suitable for infrared/forehead thermometers) ",11030-32522,Thermometry Metrology Department,45000.0,Thermometry Metrology Department,0,"gauge, calibration, testing, machine, laser"
147.0,Reference thermometer (1 probe),-50 °C to 70 °C,20 mK,10300,Model: NIMT-TM-DTM-01,11030-32711,Thermometry Metrology Department,10300.0,Thermometry Metrology Department,0,"gauge, calibration, testing, machine, laser"
148.0,Reference thermometer (2 probes),-50 °C to 70 °C,20 mK,12700,Model: NIMT-TM-DTM-02,11030-32712,Thermometry Metrology Department,12700.0,Thermometry Metrology Department,0,"gauge, calibration, testing, machine, laser"
142.0,Reference temperature source for testing / calibration of clinical thermometers,"35.0 °C to 42.0 °C
(up to 150 °C)","40 mK
(uniformity and stability)",81400,Model: NIMT-TM-B-01 ,11030-32861,Thermometry Metrology Department,81400.0,Thermometry Metrology Department,0,"gauge, calibration, testing, machine, laser"
143.0,Reference temperature source for testing / calibration of clinical thermometers,"35.0 °C to 42.0 °C
(up to 150 °C)","40 mK
(uniformity and stability)",55700,Model: NIMT-TM-B-02 ,11030-32862,Thermometry Metrology Department,55700.0,Thermometry Metrology Department,0,"gauge, calibration, testing, machine, laser"
144.0,Reference temperature source for testing / calibration of clinical thermometers,"30.0 °C to 40.0 °C
(up to 150 °C)","30 mK
(uniformity and stability)",105000,"Model: NIMT-TM-B43L-03 
(volume 43 Liters)",11030-32863,Thermometry Metrology Department,105000.0,Thermometry Metrology Department,0,"gauge, calibration, testing, machine, laser"
138.0,Air temperature sensor and Relative Humidity Sensor,-70 oC to 60 oC,0.1 oC,"5,000/First point 
+2,500 Next point",Comparison to a reference thermometer in an air circulated chamber immersed in liquid bath,11040 - 12611,Thermometry Metrology Department,5000.0,Thermometry Metrology Department,0,"gauge, calibration, testing, machine, laser"
127.0,Dew Point Hygrometer,- 75 °C to -25 °C,0.3 K,"8,000/point",Comparison with two ,11040 - 13111,Thermometry Metrology Department,8000.0,Thermometry Metrology Department,0,"gauge, calibration, testing, machine, laser"
128.0,Dew Point Hygrometer,- 25 °C to -10 °C,0.2 K,"8,000/point",Comparison with two ,11040 - 13112,Thermometry Metrology Department,8000.0,Thermometry Metrology Department,0,"gauge, calibration, testing, machine, laser"
129.0,Dew Point Hygrometer,-10 °C to 1 °C,0.07 K,"7,000/point",Comparison with two pressure ,11040 - 13113,Thermometry Metrology Department,7000.0,Thermometry Metrology Department,0,"gauge, calibration, testing, machine, laser"
130.0,Dew Point Hygrometer,1 °C to 30 °C,0.06 K,"7,000/point",Comparison with two pressure ,11040 - 13114,Thermometry Metrology Department,7000.0,Thermometry Metrology Department,0,"gauge, calibration, testing, machine, laser"
131.0,Dew Point Hygrometer,30 oC to 60 oC,0.07 K,"8,000/point",Comparison with two pressure humidity generator,11040 - 13115,Thermometry Metrology Department,8000.0,Thermometry Metrology Department,0,"gauge, calibration, testing, machine, laser"
126.0,Dew Point Hygrometer,-90 oC to  -75 oC,0.4 K,"8,000/point",Comparison with two ,11040 - 13116,Thermometry Metrology Department,8000.0,Thermometry Metrology Department,0,"gauge, calibration, testing, machine, laser"
132.0,Dew Point Hygrometer,10 °C to 95 °C,0.03 K,"10,000/point",Comparison with NIMT single temperature humidity generator,11040 - 13116,Thermometry Metrology Department,10000.0,Thermometry Metrology Department,0,"gauge, calibration, testing, machine, laser"
133.0,"Relative Hygrometer(At chamber temperature : 
15 oC to 60 oC )",15 % to 50 %,0.40%,"8,000/point",Comparison with two temperature two pressure Humidity Generator ,11040 - 13311,Thermometry Metrology Department,8000.0,Thermometry Metrology Department,0,"gauge, calibration, testing, machine, laser"
166.0,"Relative Hygrometer(At chamber temperature : 
15 oC to 60 oC )",15 % to 50 %,0.60%,"6,300/point",Comparison with two temperature two pressure Humidity Generator ,11040 - 13311,Thermometry Metrology Department,6300.0,Thermometry Metrology Department,0,"gauge, calibration, testing, machine, laser"
167.0,"Relative Hygrometer(At chamber temperature : 
15 oC to 60 oC )",50 % to 80 %,1.00%,"5,630/point",Comparison with two temperature two pressure Humidity Generator ,11040 - 13312,Thermometry Metrology Department,5630.0,Thermometry Metrology Department,0,"gauge, calibration, testing, machine, laser"
134.0,"Relative Hygrometer(At chamber temperature : 
15 oC to 60 oC )",50 % to 80 %,0.70%,"7,000/point",Comparison with two temperature two pressure Humidity Generator ,11040 - 13312,Thermometry Metrology Department,7000.0,Thermometry Metrology Department,0,"gauge, calibration, testing, machine, laser"
135.0,"Relative Hygrometer(At chamber temperature : 
15 oC to 60 oC )",80 % to 98 %,0.90%,"7,000/point",Comparison with two temperature two pressure Humidity Generator ,11040 - 13313,Thermometry Metrology Department,7000.0,Thermometry Metrology Department,0,"gauge, calibration, testing, machine, laser"
168.0,"Relative Hygrometer(At chamber temperature : 
15 oC to 60 oC )",80 % to 98 %,1.20%,"5,630/point",Comparison with two temperature two pressure Humidity Generator ,11040 - 13313,Thermometry Metrology Department,5630.0,Thermometry Metrology Department,0,"gauge, calibration, testing, machine, laser"
136.0,Thermo-Hygrometer,Humidity (35 to 95)%RH,(1.5 to 3) %RH,"3,130 first point
+ 500/next point",Comparison with PRT and Chilled Mirror Hygrometer in Controlled Chamber,11040 - 13411,Thermometry Metrology Department,3130.0,Thermometry Metrology Department,0,"gauge, calibration, testing, machine, laser"
137.0,Data Logger (Air Type),Temperature 15 °C to 50 °C,(0.5  to 1) °C,"3,130 first point+ 500/next point",Comparison with PRT and Chilled Mirror Hygrometer in Controlled Chamber,11040 - 13412,Thermometry Metrology Department,3130.0,Thermometry Metrology Department,0,"gauge, calibration, testing, machine, laser"
139.0,Dew-Point Generator,(-10 oC to 50 oC) dew-point,0.07 oC to 0.1 oC ,"17,500/First point 
+4,000 Next point",Comparison with dew-point hygrometer ,11040 - 14411,Thermometry Metrology Department,17500.0,Thermometry Metrology Department,0,"gauge, calibration, testing, machine, laser"
154.0,CRM for Moisture Content in Rice or Paddy,10 %MC to 20 %MC,0.15 %MC to 0.2 %MC,"2,500 Bath/100 g/ %MC",The assigned value was obtained from  loss on drying method.,11040 - 25111,Thermometry Metrology Department,2500.0,Chemical Metrology  Department,0,"gauge, calibration, testing, machine, laser"
155.0,CRM for Moisture Content in Rice Powder,5% %MC to 20 %MC,0.15 %MC to 0.3 %MC,"2,500 Bath/100 g/ %MC",The assigned value was obtained from  loss on drying method.,11040 - 25112,Thermometry Metrology Department,2500.0,Chemical Metrology  Department,0,"gauge, calibration, testing, machine, laser"
156.0,CRM for Saturated Salt Solution for relative Humidity Unit,"Humidity (33 to 75)%RH at 
Air Temperature (15 °C to 25 °C)",(2.0 to 3.0) %RH,"2,500 Bath/1 Bottle/ %RH",The assigned value was obtained from  a thermo-hygrometer in the relative humidity (RH) fixed points method.,11040 - 25113,Thermometry Metrology Department,2500.0,Thermometry Metrology Department,0,"gauge, calibration, testing, machine, laser"
157.0,Temperature Measurement Platform,-30 oC to 100 oC,30 mK,"2,500 Bath/Hr.",Comparison with temperature sensor standard in liquid calibration bath.,11040 - 25114,Thermometry Metrology Department,2500.0,Thermometry Metrology Department,6,"measurement, detector, additional, frequency, irradance"
158.0,Humidity Measurement Platform,33%RH to 75%RH,(1.5 to 2.5)%RH,"2,500 Bath/Hr.",Comparison with Humidity sensor Standard and humidity ambient by Saturated salt solutions,11040 - 25115,Thermometry Metrology Department,2500.0,Thermometry Metrology Department,6,"measurement, detector, additional, frequency, irradance"
140.0,Relative humidity generator,"12 % to 92 % 
(at the air temperature 
from 10 °C to 40 °C)",0.1 % to 0.6 %,"17,500/First point 
+4,000 Next point",Comparison to dew-point hygrometer and reference thermometer,11040-14421,Thermometry Metrology Department,17500.0,Thermometry Metrology Department,0,"gauge, calibration, testing, machine, laser"
141.0,"Moisture meter in rice and paddy (Capacitance, Resistance and NIR type)",10 %MC to 30 %MC,0.5 %MC,"1,500/point ",Comparison with CRM moisture Content in paddy,11040-15111,Thermometry Metrology Department,1500.0,Thermometry Metrology Department,0,"gauge, calibration, testing, machine, laser"
163.0,Dew Point Hygrometer,-10 °C to 1 °C,0.1 K,"5,630/point",Comparison with two pressure ,11041 - 13113,Thermometry Metrology Department,5630.0,Thermometry Metrology Department,0,"gauge, calibration, testing, machine, laser"
164.0,Dew Point Hygrometer,1 °C to 30 °C,0.1 K,"5,630/point",Comparison with two pressure ,11041 - 13114,Thermometry Metrology Department,5630.0,Thermometry Metrology Department,0,"gauge, calibration, testing, machine, laser"
165.0,Dew Point Hygrometer,30 oC to 60 oC,0.1 K,"6,300/point",Comparison with two pressure humidity generator,11041 - 13115,Thermometry Metrology Department,6300.0,Thermometry Metrology Department,0,"gauge, calibration, testing, machine, laser"
108.0,Thermal conductivity of solid insulation materials,"(0 to 2) W/m·K 
temperature 25 °C",2%,"35,000 /point",Measurement by Guarded Hot Plate (GHP) Method,11050-16111,Thermometry Metrology Department,35000.0,Thermometry Metrology Department,0,"gauge, calibration, testing, machine, laser"
106.0,"Spectral emittance (emissivity)
(non-IR transparent material)","0 < E < 1
 1 500 nm to 2 500 nm ",6 % to 9.5 %,"3,750 /sample",Comparison with gold-coated reference standard,11050-16311,Thermometry Metrology Department,3750.0,Thermometry Metrology Department,0,"gauge, calibration, testing, machine, laser"
107.0,"Spectral emittance (emissivity)
(non-IR transparent material)","0.9 ? E < 1
 5 mm to 20 mm",6%,"5,000 /sample",Comparison with gold-coated reference standard,11050-16312,Thermometry Metrology Department,5000.0,Thermometry Metrology Department,0,"gauge, calibration, testing, machine, laser"
132.0,Sucrose Standard for Optical Measurements,"Purity  997.4 mg/g

Cell length 100 mm
Polarization at 546 nm: 99.96 (°Z)  
Optical rotation at 546 nm: 20.38 (degrees)
Specific rotation at 546 nm: 78.34
Polarization at 589 nm: 99.95 (°Z)
Optical rotation at 589 nm:17.31 (degrees)
Specific rotation at 589 nm: 66.52

Cell length 200 mm   
Polarization at 546 nm: 99.94 (°Z)
Optical rotation at 546: 40.75 (degrees)
Specific rotation at 546: 99.94
Polarization at 589 nm: 99.89 (°Z)
Optical rotation at 589 nm: 34.59 (degrees)
Specific rotation at 589 nm: 66.47","1.1 mg/g

0.62 (ºZ)
0.13 (degrees)
0.49


0.62 (ºZ)
0.13 (degrees)
0.49
0.60 (ºZ)
0.11 (degrees)
0.43


0.62 (ºZ)
0.25 (degrees)
0.49
0.61 (ºZ)
0.21 (degrees)
0.42","6,000/bag",,12011-20101,Chemical Metrology  Department,6000.0,Chemical Metrology  Department,4,"standard, solution, mass, set, ph"
103.0,10% Brix Sucrose Standard Solution,"10.00 % Brix, 1.34782 nD","0.01 % Brix, 0.00007 nD","3,600/15 mL",,12011-20202,Chemical Metrology  Department,3600.0,Chemical Metrology  Department,4,"standard, solution, mass, set, ph"
104.0,20% Brix Sucrose Standard Solution,"20.00 % Brix, 1.36384 nD","0.01 % Brix, 0.00007 nD","3,600/15 mL",,12011-20203,Chemical Metrology  Department,3600.0,Chemical Metrology  Department,4,"standard, solution, mass, set, ph"
105.0,30% Brix Sucrose Standard Solution,"30.00 % Brix, 1.38115 nD","0.01 % Brix, 0.00007 nD","3,600/15 mL",,12011-20204,Chemical Metrology  Department,3600.0,Chemical Metrology  Department,4,"standard, solution, mass, set, ph"
106.0,50% Brix Sucrose Standard Solution,"50.00 % Brix, 1.42006 nD","0.01 % Brix, 0.00008 nD","3,600/15 mL",,12011-20205,Chemical Metrology  Department,3600.0,Chemical Metrology  Department,4,"standard, solution, mass, set, ph"
107.0,60% Brix Sucrose Standard Solution,"60.00 % Brix, 1.44190 nD","0.01 % Brix, 0.00007 nD","3,600/15 mL",,12011-20206,Chemical Metrology  Department,3600.0,Chemical Metrology  Department,4,"standard, solution, mass, set, ph"
108.0,Benzene in methanol,"1,000 mg/L",1.4 % relative,"4,750/8 mL",,12011-20207,Chemical Metrology  Department,4750.0,Chemical Metrology  Department,0,"gauge, calibration, testing, machine, laser"
109.0,Ethylbenzene in methanol,"1,000 mg/L",1.1 % relative,"4,750/8 mL",,12011-20208,Chemical Metrology  Department,4750.0,Chemical Metrology  Department,0,"gauge, calibration, testing, machine, laser"
110.0,Toluene in methanol,"1,000 mg/L",1.4 % relative,"4,750/8 mL",,12011-20209,Chemical Metrology  Department,4750.0,Chemical Metrology  Department,0,"gauge, calibration, testing, machine, laser"
111.0,o-xylene in methanol,"1,000 mg/L",2.2 % relative,"4,750/8 mL",,12011-20210,Chemical Metrology  Department,4750.0,Chemical Metrology  Department,0,"gauge, calibration, testing, machine, laser"
112.0,m-xylene in methanol,"1,000 mg/L",1.0 % relative,"4,750/8 mL",,12011-20211,Chemical Metrology  Department,4750.0,Chemical Metrology  Department,0,"gauge, calibration, testing, machine, laser"
113.0,p-xylene in methanol,"1,000 mg/L",1.3% relative,"4,750/8 mL",,12011-20212,Chemical Metrology  Department,4750.0,Chemical Metrology  Department,0,"gauge, calibration, testing, machine, laser"
114.0,Organochlorine Pesticide Mix set 1,100 mg/kg,3% relative,"11,600/1.1 mL",,12011-20213,Chemical Metrology  Department,11600.0,Chemical Metrology  Department,0,"gauge, calibration, testing, machine, laser"
115.0,Organophosphate Pesticide Mix set 1,100 mg/kg,5% relative,"7,700/1.1 mL",,12011-20214,Chemical Metrology  Department,7700.0,Chemical Metrology  Department,0,"gauge, calibration, testing, machine, laser"
116.0,Organophosphate Pesticide Mix set 2,100 mg/kg,3% relative,"13,300/1.1 mL",,12011-20215,Chemical Metrology  Department,13300.0,Chemical Metrology  Department,0,"gauge, calibration, testing, machine, laser"
117.0,Acaricide Pesticide Mix set 1,100 mg/kg,3% relative,"7,000/1.1 mL",,12011-20216,Chemical Metrology  Department,7000.0,Chemical Metrology  Department,0,"gauge, calibration, testing, machine, laser"
118.0,Carbamate Pesticide Mix set 1,100 mg/kg,3% relative,"8,100/1.1 mL",,12011-20217,Chemical Metrology  Department,8100.0,Chemical Metrology  Department,0,"gauge, calibration, testing, machine, laser"
119.0,Pyrethroid Pesticide Mix set 1,100 mg/kg,2 % relative ,"11,000/1.1 mL",,12011-20218,Chemical Metrology  Department,11000.0,Chemical Metrology  Department,0,"gauge, calibration, testing, machine, laser"
120.0,Organophosphate Pesticide Mix set 3,100 mg/kg,4% relative,"14,500/1.1 mL",,12011-20219,Chemical Metrology  Department,14500.0,Chemical Metrology  Department,0,"gauge, calibration, testing, machine, laser"
121.0,Organophosphate Pesticide Mix set 4,100 mg/kg,4% relative,"11,000/1.1 mL",,12011-20220,Chemical Metrology  Department,11000.0,Chemical Metrology  Department,0,"gauge, calibration, testing, machine, laser"
122.0,Organochlorine Pesticide Mix set 2,100 mg/kg,2% relative,"16,000/1.1 mL",,12011-20221,Chemical Metrology  Department,16000.0,Chemical Metrology  Department,0,"gauge, calibration, testing, machine, laser"
123.0,Pyrethroid Pesticide Mix set 2,100 mg/kg,3 % relative ,"10,000/1.1 mL",,12011-20222,Chemical Metrology  Department,10000.0,Chemical Metrology  Department,0,"gauge, calibration, testing, machine, laser"
124.0,Organophosphate Pesticide Mix set 5,100 mg/kg,3% relative,"12,100/1.1 mL",,12011-20223,Chemical Metrology  Department,12100.0,Chemical Metrology  Department,0,"gauge, calibration, testing, machine, laser"
125.0,Acaricide Pesticide Mix set 2,100 mg/kg,2 % relative ,"14,000/1.1 mL",,12011-20224,Chemical Metrology  Department,14000.0,Chemical Metrology  Department,0,"gauge, calibration, testing, machine, laser"
126.0,0.01% Brix Sucrose Standard Solution,0.01%,2.0% relative,"3,700/ 15mL",,12011-20226,Chemical Metrology  Department,3700.0,Chemical Metrology  Department,4,"standard, solution, mass, set, ph"
127.0,0.02% Brix Sucrose Standard Solution,0.02%,1.4% relative,"3,700/ 15mL",,12011-20227,Chemical Metrology  Department,3700.0,Chemical Metrology  Department,4,"standard, solution, mass, set, ph"
128.0,0.03% Brix Sucrose Standard Solution,0.03%,0.5% relative,"3,700/ 15mL",,12011-20228,Chemical Metrology  Department,3700.0,Chemical Metrology  Department,4,"standard, solution, mass, set, ph"
129.0,0.04% Brix Sucrose Standard Solution,0.04%,0.6% relative,"3,700/ 15mL",,12011-20229,Chemical Metrology  Department,3700.0,Chemical Metrology  Department,4,"standard, solution, mass, set, ph"
130.0,0.05% Brix Sucrose Standard Solution,0.05%,0.8% relative,"3,700/ 15mL",,12011-20230,Chemical Metrology  Department,3700.0,Chemical Metrology  Department,4,"standard, solution, mass, set, ph"
131.0,40% Brix Sucrose Standard Solution,"40.00% Brix, 1.39986 nD","0.01 %Brix, 0.00007 nD","3,600/ 15mL",,12011-20231,Chemical Metrology  Department,3600.0,Chemical Metrology  Department,4,"standard, solution, mass, set, ph"
133.0,Ethanol-Water Standard Solution (0.45 mg/g),0.45 mg/g,1% Relative,"1,000/bottle",,12011-20233,Chemical Metrology  Department,1000.0,Chemical Metrology  Department,4,"standard, solution, mass, set, ph"
134.0,Ethanol-Water Standard Solution (0.55 mg/g),0.55 mg/g,1% Relative,"1,000/bottle",,12011-20234,Chemical Metrology  Department,1000.0,Chemical Metrology  Department,4,"standard, solution, mass, set, ph"
135.0,Ethanol-Water Standard Solution (1.0 mg/g),1.00 mg/g,1% Relative,"1,000/bottle",,12011-20235,Chemical Metrology  Department,1000.0,Chemical Metrology  Department,4,"standard, solution, mass, set, ph"
136.0,Aflatoxin B1 Standard Solution,2.74 µg/g,4% relative,"3,000/bottle",,12011-20236,Chemical Metrology  Department,3000.0,Chemical Metrology  Department,4,"standard, solution, mass, set, ph"
137.0,Aflatoxin B2 Standard Solution,2.72 µg/g,8% relative,"3,000/bottle",,12011-20237,Chemical Metrology  Department,3000.0,Chemical Metrology  Department,4,"standard, solution, mass, set, ph"
138.0,Aflatoxin G1 Standard Solution,2.87 ?g/g,6 % relative,"3,000/bottle",,12011-20238,Chemical Metrology  Department,3000.0,Chemical Metrology  Department,4,"standard, solution, mass, set, ph"
139.0,Aflatoxin G2 Standard Solution,2.69 ?g/g,7 % relative,"3,000/bottle",,12011-20239,Chemical Metrology  Department,3000.0,Chemical Metrology  Department,4,"standard, solution, mass, set, ph"
140.0,Sodium Chloride Standard Solution,"0.30  g/100g, 
5.84 g/100 g,
12.50 g/100 g",2% relative,"1,500/bottle",,12011-20240,Chemical Metrology  Department,1500.0,Chemical Metrology  Department,4,"standard, solution, mass, set, ph"
141.0,High purity pinostrobin standard,999.5 mg/g ,1% relative,"10,000/bottle ",50 mg,12011-20241,Chemical Metrology  Department,10000.0,Chemical Metrology  Department,4,"standard, solution, mass, set, ph"
142.0,Pesticide Standard Solution (Custom-made),100mg/kg,2.5% relative,"10,000-60,000/5 ampoules x1mL",,12011-20242,Chemical Metrology  Department,10000.0,Chemical Metrology  Department,4,"standard, solution, mass, set, ph"
143.0,Sucrose Standard Solution (Custom-made),5-60% brix,0.01% brix,"3,700/15 mL",,12011-20243,Chemical Metrology  Department,3700.0,Chemical Metrology  Department,4,"standard, solution, mass, set, ph"
144.0,Ethanol standard,939.9 mg/g,0.6 % relative,"1,000/ampoule",15 mL,12011-20244,Chemical Metrology  Department,1000.0,Chemical Metrology  Department,4,"standard, solution, mass, set, ph"
145.0,Impurities in ethanol,"water content: 59.81 mg/g
","1% relative

",800/bottle,150 mL,12011-20245,Chemical Metrology  Department,800.0,Chemical Metrology  Department,0,"gauge, calibration, testing, machine, laser"
146.0,BTEX mixture in Methanol,Benzene: 977 ug/g,6% relative,"8,000/ ampoule",,12011-20246,Chemical Metrology  Department,8000.0,Chemical Metrology  Department,0,"gauge, calibration, testing, machine, laser"
147.0,High purity andrographolide standard,994.0 mg/g,0.5% relative,"5,000/bottle ",50 mg,12011-20247,Chemical Metrology  Department,5000.0,Chemical Metrology  Department,4,"standard, solution, mass, set, ph"
148.0,High purity panduratin A standard,991.8 mg/g,0.6% relative,"20,000/bottle ",10 mg,12011-20248,Chemical Metrology  Department,20000.0,Chemical Metrology  Department,4,"standard, solution, mass, set, ph"
2570.0,Ethanol standard solution (95%ABV) (TRM-S-5049a),"Density (in air) at 20 oC (kg/m3) = 809.01, Alcoholic Strength (% ABV)  = 95.60","0.25 (0.03% relative),           0.07 (0.07% relative)","2,000/bottle ",15 mL,12011-20249,Chemical Metrology  Department,2000.0,Chemical Metrology  Department,4,"standard, solution, mass, set, ph"
2571.0,Ethanol standard solution (70%ABV) (TRM-S-5049b),"Density (in air) at 20 oC (kg/m3) = 885.32, Alcoholic Strength (% ABV)  = 70.08","0.29 (0.03% relative),           0.05 (0.07% relative)","2,000/bottle ",15 mL,12011-20250,Chemical Metrology  Department,2000.0,Chemical Metrology  Department,4,"standard, solution, mass, set, ph"
2572.0,Ethanol standard solution (40%ABV) (TRM-S-5049c),"Density (in air) at 20 oC (kg/m3) = 948.01, Alcoholic Strength (% ABV)  = 40.04","0.33 (0.03% relative),           0.16 (0.4% relative)","2,000/bottle ",15 mL,12011-20251,Chemical Metrology  Department,2000.0,Chemical Metrology  Department,4,"standard, solution, mass, set, ph"
2573.0,Ethanol standard solution (15%ABV) (TRM-S-5049d),"Density (in air) at 20 oC (kg/m3) = 978.94, Alcoholic Strength (% ABV)  = 15.03","0.28 (0.03% relative),           0.02 (0.13% relative)","2,000/bottle ",15 mL,12011-20252,Chemical Metrology  Department,2000.0,Chemical Metrology  Department,4,"standard, solution, mass, set, ph"
149.0,High purity alpha-mangostin standard,920.7 mg/g,0.8 %relative,"15,000/bottle",50 mg,12011-20254,Chemical Metrology  Department,15000.0,Chemical Metrology  Department,4,"standard, solution, mass, set, ph"
150.0,High purity mitragynine standard,980.4 mg/g,0.4 %relative,"10,000/bottle",10 mg,12011-20255,Chemical Metrology  Department,10000.0,Chemical Metrology  Department,4,"standard, solution, mass, set, ph"
151.0,High purity [6]-gingerol standard,972.8 mg/g,0.9 %relative,"5,000/bottle",25 mg,12011-20256,Chemical Metrology  Department,5000.0,Chemical Metrology  Department,4,"standard, solution, mass, set, ph"
2549.0,Caffeine standard solution for other customer/ made to order,TRM-S-5054,0.5 mg/mL-200 mg/mL,"5,000/set (1 set = 8 ampoule)",1 mL/ampoule,12011-20258,Chemical Metrology  Department,5000.0,Chemical Metrology  Department,4,"standard, solution, mass, set, ph"
2567.0,High purity terpinen-4-ol standard (TRM-S-5055),98.70%,7.6%relative,"5,000 baht/bottle",50 mg,12011-20259,Chemical Metrology  Department,5000.0,Chemical Metrology  Department,4,"standard, solution, mass, set, ph"
2574.0,High purity curcumin standard (TRM-S-5056),993.1 mg/g,3.5% relative,"5,000 baht/bottle",50 mg,12011-20260,Chemical Metrology  Department,5000.0,Chemical Metrology  Department,4,"standard, solution, mass, set, ph"
2575.0,High purity demethoxycurcumin standard (TRM-S-5057),982.8 mg/g,3.5% relative,"5,000 baht/bottle",20 mg,12011-20261,Chemical Metrology  Department,5000.0,Chemical Metrology  Department,4,"standard, solution, mass, set, ph"
2568.0,Sodium Bromide Standard Solution(Density) (TRM-S-5059),600 to 1700 mg/g,0.01-1.0%,"2,000 baht/ampoule",15 mL,12011-20263,Chemical Metrology  Department,2000.0,Chemical Metrology  Department,4,"standard, solution, mass, set, ph"
238.0,Glucose in frozen human serum,see certificate â»Ã´´ÙÃÒÂÅÐàÍÕÂ´ã¹µÑÇÍÂèÒ§ãº Certificate,,"5,000/set","3 levels, 1mL/vial",12011-20502,Chemical Metrology  Department,5000.0,Chemical Metrology  Department,0,"gauge, calibration, testing, machine, laser"
181.0,Total malachite green in shrimp,18.35 µg/kg,4.00 % relative,"5,000/ bottle",,12011-20601,Chemical Metrology  Department,5000.0,Chemical Metrology  Department,0,"gauge, calibration, testing, machine, laser"
182.0,Aflatoxins in peanut butter,2-10 ng/g ,"8-10% relative
","4,500 /bottle",30 g/bottle,12011-20602,Chemical Metrology  Department,4500.0,Chemical Metrology  Department,0,"gauge, calibration, testing, machine, laser"
183.0,Melamine in cracker,1.56 mg/kg,9% relative,"3,000/bottle",,12011-20603,Chemical Metrology  Department,3000.0,Mechanical  Metrology Department,0,"gauge, calibration, testing, machine, laser"
186.0,Melamine in Milk Powder,1.03 mg/kg,16% relative,"3,000/20g bottle",,12011-20604,Chemical Metrology  Department,3000.0,Chemical Metrology  Department,0,"gauge, calibration, testing, machine, laser"
187.0,Fatty Acid in Cooking Oil,"Palmitic acid 106 mg/g,11.4%   Stearic acid 33 mg/g, 4.1%       Oleic acid 231 mg/g, 25.7%      Linoleic acid 493 mg/g, 53.4%   Linolenic acid 46 mg/g, 5.3% ",7-10% relative,6000/bottle,,12011-20605,Chemical Metrology  Department,6000.0,Chemical Metrology  Department,0,"gauge, calibration, testing, machine, laser"
189.0,Aflatoxin in rice flour,"AFB1: 11.5 ng/g
AFB2: 8.7ng/g
AFG1: 7.5 ng/g
AFG2: 3.0 ng/g","AFB1: 1.5 ng/g
AFB2: 0.8 ng/g
AFG1: 1.0 ng/g
AFG2: 0.4 ng/g","4,500baht/pouch",80g/pouch,12011-20609,Chemical Metrology  Department,4500.0,Chemical Metrology  Department,0,"gauge, calibration, testing, machine, laser"
191.0,Andrographolide in green chiretta,18.7 mg/g,7% relative,"4,000 baht/bottle",,12011-20611,Chemical Metrology  Department,4000.0,Mechanical  Metrology Department,0,"gauge, calibration, testing, machine, laser"
192.0,THC and CBD in hemp oil standard (CRM),"THC: 1.47 mg/g
CBD: 53 mg/g","THC:30 %relative
CBD: 17 %relative","8,000/bottle",5 ml,12011-20614,Chemical Metrology  Department,8000.0,Chemical Metrology  Department,4,"standard, solution, mass, set, ph"
225.0,Organochlorine Pesticides in Soil,"Endosulfan II 0.43 mg/kg 
Endosulfan sulfat 0.56 mg/kg
","14% Relative
15% Relative


","3,000/bottle",,12011-20801,Chemical Metrology  Department,3000.0,Mechanical  Metrology Department,0,"gauge, calibration, testing, machine, laser"
2566.0,"% Fiber from sugar cane 
(TRM-M-5001)",11.62% MC,0.6% MC,5000 baht/bag,50 g/bag,12011-20901,Chemical Metrology  Department,5000.0,Chemical Metrology  Department,0,"gauge, calibration, testing, machine, laser"
184.0,Clenbuterol in feed,71.9 µg/kg,5.43 % relative,"2,850/bottle",,12011-20901,Chemical Metrology  Department,2850.0,Chemical Metrology  Department,0,"gauge, calibration, testing, machine, laser"
185.0,Salbutamol in feed,79.5 µg/kg,14.21 % relative,"2,850/bottle ",,12011-20902,Chemical Metrology  Department,2850.0,Chemical Metrology  Department,0,"gauge, calibration, testing, machine, laser"
252.0,Determination of organic componds in environment,ng/g - mg/g,3-15% relative,"10,000-20,000/sample",1. Determination of BTEX in water,12011-60210,Chemical Metrology  Department,10000.0,Chemical Metrology  Department,0,"gauge, calibration, testing, machine, laser"
188.0,Organophosphates pesticides in rice flour,"Diazinon 15 ng/g
Chlopyrifos  18 ng/g",6-8% relative,4000/bottle,30g/bottle,12011-60606,Chemical Metrology  Department,4000.0,Chemical Metrology  Department,0,"gauge, calibration, testing, machine, laser"
102.0,5% Brix Sucrose Standard Solution,"5.00 % Brix, 1.34026 nD","0.01 % Brix, 0.00007 nD","3,600/15 mL",,12012-20201,Chemical Metrology  Department,3600.0,Chemical Metrology  Department,4,"standard, solution, mass, set, ph"
245.0,Determination of purity of organic compounds (Mass balance method),as specification,as specification,"10,000-19,000.00/sample"," 1. Purity assessment of ethanol
2. Purity assessment of mitragynine
3. Purity assessment of 6-gingerol
4. Purity assessment of mangostin  
5. Purity assessment of curcumin
6. Purity assessment of demethoxycurcumin",12012-60101,Chemical Metrology  Department,10000.0,Chemical Metrology  Department,0,"gauge, calibration, testing, machine, laser"
2540.0,Determination of purity of organic compounds (Mass balance method),as specification,as specification,"10,000-19,000.00/sample","1. Purity assessment of ethanol
2. Purity assessment of mitragynine
3. Purity assessment of 6-gingerol
4. Purity assessment of mangostin  
5. Purity assessment of curcumin
6. Purity assessment of demethoxycurcumin
7. Purity assessment of bisdemethoxycurcumin   ",12012-60101,Chemical Metrology  Department,10000.0,Chemical Metrology  Department,0,"gauge, calibration, testing, machine, laser"
246.0,Determination of purity of organic compounds (specified technique),as specicication,as specification,"2,000-10,000.00/sample",1. Thermo-physical properties by DSC,12012-60102,Chemical Metrology  Department,2000.0,Chemical Metrology  Department,0,"gauge, calibration, testing, machine, laser"
248.0,Determination of Brix and refractive indices in food and beverages by refractometer,"5 - 60 %Brix
1.34026 - 1.44193 nD","0.04 %Brix
0.00008 nD
","1,500/sample",,12012-60201,Chemical Metrology  Department,1500.0,Chemical Metrology  Department,0,"gauge, calibration, testing, machine, laser"
249.0,Determination of polarization in food and beverages by polarimeter,"0 - 100 oZ
 0 - 40 OR
","0.3 - 0.6 oZ
 1 - 3 OR
","11,000/sample",,12012-60202,Chemical Metrology  Department,11000.0,Chemical Metrology  Department,0,"gauge, calibration, testing, machine, laser"
250.0,Determination of Aflatoxins in solution by LC,ng/g - mg/g,3 - 10 %relative,"6,000/analyte +3,000 for next analyte",,12012-60203,Chemical Metrology  Department,6000.0,Chemical Metrology  Department,0,"gauge, calibration, testing, machine, laser"
251.0,Determination of sodium chloride by refractometry,0-25 g/100g,1.72 % relative,"6,000/sample",calibration curve,12012-60204,Chemical Metrology  Department,6000.0,Chemical Metrology  Department,0,"gauge, calibration, testing, machine, laser"
253.0,Determination of amylose in rice by size exclusion chromatography (SEC) technique,0-30%,as specification,"6,000/sample",,12012-60302,Chemical Metrology  Department,6000.0,Chemical Metrology  Department,0,"gauge, calibration, testing, machine, laser"
254.0,Determination of amylose in rice by Iodine binding assay using a plate reader,0-30%,as specification,"6,000/sample",,12012-60303,Chemical Metrology  Department,6000.0,Chemical Metrology  Department,0,"gauge, calibration, testing, machine, laser"
255.0,Determination of dietary suppliment adulteration in food,100-1000 ng/g,7-8 % relative,"18,000/sample",Exact-matching IDMS,12012-60304,Chemical Metrology  Department,18000.0,Chemical Metrology  Department,0,"gauge, calibration, testing, machine, laser"
242.0,Determination of organic compounds in biological fluid by IDMS,ug/g - mg/g,3-20% relative,"10,000 - 15,000/sample","1. Determination of glucose by IFCC reference method
2. Determination of peptide by amino acid hydrolysis
3. lipoprotein",12012-60501,Chemical Metrology  Department,10000.0,Chemical Metrology  Department,0,"gauge, calibration, testing, machine, laser"
243.0,Determination of organic compounds in food and feed by IDMS,ng/g - mg/g,0.1 - 15 %relative,"10,000-20,000/sample","1. Determination of Ametryn, Atrazine, and Pendimethalin in fruit and vegetable
2.Determination of Metalaxyl, Thiabendazole, Prochloraz, Tebuconazole, Difenoconazole and Azoxystrobin in fruit and vegetable
3. metronidazole 
4. dimetridazole
5. amino acids ",12012-60601,Chemical Metrology  Department,10000.0,Chemical Metrology  Department,0,"gauge, calibration, testing, machine, laser"
244.0,Determination of organic compounds in food and feed by calibration curve,ng/g - mg/g,,"10,000 /analyte + 5,000 for next analyte","1. Determination of nitrosamines in food
2. Determination of B vitamins in food
3. Determination of Ametryn, Atrazine, and Pendimethalin in fruit and vegetable
4. Determination of Metalaxyl, Thiabendazole, Prochloraz, Tebuconazole, Difenoconazole and Azoxystrobin in fruit and vegetable
",12012-60602,Chemical Metrology  Department,10000.0,Chemical Metrology  Department,0,"gauge, calibration, testing, machine, laser"
2541.0,Determination of organic compounds in food and feed by calibration curve,ng/g - mg/g,,"10,000 /analyte + 
5,000 for next analyte","1. Determination of nitrosamines in food
2. Determination of B vitamins in food
3. Determination of Ametryn, Atrazine, and Pendimethalin in fruit and vegetable
4. Determination of Metalaxyl, Thiabendazole, Prochloraz, Tebuconazole, Difenoconazole and Azoxystrobin in fruit and vegetable",12012-60602,Chemical Metrology  Department,10000.0,Chemical Metrology  Department,0,"gauge, calibration, testing, machine, laser"
2545.0,Determination of organic compounds in botanical products,ng/g-mg/g,5-20% relative,"5,000-15,000/sample","This service includes; 
1. Determination of Gamma-oryzanol in rice
2.Determination of anthocyanins in color rice
3. Determination of active ingredient in herb
4. ochratoxin 
5. ochratoxin
6. pesticides
7. mitragynine",12012-60901,Chemical Metrology  Department,5000.0,Chemical Metrology  Department,0,"gauge, calibration, testing, machine, laser"
247.0,Determination of organic compounds in botanical products,ng/g-mg/g,5-20% relative,"10,000-15,000/sample","This service includes; 
1. Determination of Gamma-oryzanol in rice
2.Determination of anthocyanins in color rice
3. Determination of active ingredient in herb
4. ochratoxin 
5. ochratoxin
6. pesticides
7. mitragynine",12012-60901,Chemical Metrology  Department,10000.0,Chemical Metrology  Department,0,"gauge, calibration, testing, machine, laser"
174.0,Trace and Essential Elements in Prawn »ÃÔÁÒ³¸ÒµØã¹¡Øé§,see certificate â»Ã´´ÙÃÒÂÅÐàÍÕÂ´ã¹µÑÇÍÂèÒ§ãº Certificate,,"2,000/ bottle",5 g/bottle,12022-20002,Chemical Metrology  Department,2000.0,Chemical Metrology  Department,0,"gauge, calibration, testing, machine, laser"
226.0,"Elements in Acrylonitrile Butadiene Styrene (ABS) Plastic, Low Levels »ÃÔÁÒ³¸ÒµØÃÐ´ÑºµèÓã¹¾ÅÒÊµÔ¡ª¹Ô´ ABS",see certificate â»Ã´´ÙÃÒÂÅÐàÍÕ´Âã¹µÑÇÍÂèÒ§ãº Certificate,,"5,000/ bottle",30 g/bottle,12022-20003,Chemical Metrology  Department,5000.0,Chemical Metrology  Department,0,"gauge, calibration, testing, machine, laser"
229.0,Elements in Human Serum »ÃÔÁÒ³¸ÒµØã¹«ÕÃÑèÁ,see certificate â»Ã´´ÙÃÒÂÅÐàÍÕ´Âã¹µÑÇÍÂèÒ§ãº Certificate,,"1,000/bottle",4 mL/bottle,12022-20006,Chemical Metrology  Department,1000.0,Chemical Metrology  Department,0,"gauge, calibration, testing, machine, laser"
193.0,Trace Elements in Water »ÃÔÁÒ³¸ÒµØã¹¹éÓ,see certificate â»Ã´´ÙÃÒÂÅÐàÍÕ´Âã¹µÑÇÍÂèÒ§ãº Certificate,,"2,000/bottle",100 mL/bottle,12022-20008,Chemical Metrology  Department,2000.0,Chemical Metrology  Department,0,"gauge, calibration, testing, machine, laser"
194.0,Mercury in Water »ÃÔÁÒ³»ÃÍ·ã¹¹éÓ,see certificate â»Ã´´ÙÃÒÂÅÐàÍÕ´Âã¹µÑÇÍÂèÒ§ãº Certificate,,"1,700/bottle",10 mL/bottle,12022-20009,Chemical Metrology  Department,1700.0,Chemical Metrology  Department,0,"gauge, calibration, testing, machine, laser"
176.0,"Elements, AB and MeHg in Tuna Tissue",see certificate â»Ã´´ÙÃÒÂÅÐàÍÕÂ´ã¹µÑÇÍÂèÒ§ãº Certificate,,"5,000/bottle",20 g/bottle,12022-20010,Chemical Metrology  Department,5000.0,Chemical Metrology  Department,0,"gauge, calibration, testing, machine, laser"
177.0,Elements in Drinking Water,see certificate â»Ã´´ÙÃÒÂÅÐàÍÕÂ´ã¹µÑÇÍÂèÒ§ãº Certificate,,"5,500/bottle",100 ml/bottle,12022-20011,Chemical Metrology  Department,5500.0,Chemical Metrology  Department,0,"gauge, calibration, testing, machine, laser"
178.0,Elements in Green Chiretta (Andrographis Paniculata) Powder,see certificate â»Ã´´ÙÃÒÂÅÐàÍÕÂ´ã¹µÑÇÍÂèÒ§ãº Certificate,,"6,000/bottle",25 g/bottle,12022-20012,Chemical Metrology  Department,6000.0,Chemical Metrology  Department,0,"gauge, calibration, testing, machine, laser"
227.0,Elements in 10-mL Digesting Solution from Cotton Swab,see certificate â»Ã´´ÙÃÒÂÅÐàÍÕ´Âã¹µÑÇÍÂèÒ§ãº Certificate,,"4,000/package",10 cotton swabs/ package,12022-20013,Chemical Metrology  Department,4000.0,Chemical Metrology  Department,0,"gauge, calibration, testing, machine, laser"
179.0,Elements in Turmeric powder,see certificate â»Ã´´ÙÃÒÂÅÐàÍÕÂ´ã¹µÑÇÍÂèÒ§ãº Certificate,see certificate â»Ã´´ÙÃÒÂÅÐàÍÕÂ´ã¹µÑÇÍÂèÒ§ãº Certificate,"6,000/bottle",30 g/bottle,12022-20014,Chemical Metrology  Department,6000.0,Chemical Metrology  Department,0,"gauge, calibration, testing, machine, laser"
228.0,Toxic Elements in Lipstick,see certificate â»Ã´´ÙÃÒÂÅÐàÍÕ´Âã¹µÑÇÍÂèÒ§ãº Certificate,,"3,500/bottle",10 g/bottle,12022-20015,Chemical Metrology  Department,3500.0,Chemical Metrology  Department,0,"gauge, calibration, testing, machine, laser"
180.0,Elements in Animal Feed,see certificate â»Ã´´ÙÃÒÂÅÐàÍÕÂ´ã¹µÑÇÍÂèÒ§ãº Certificate,see certificate â»Ã´´ÙÃÒÂÅÐàÍÕÂ´ã¹µÑÇÍÂèÒ§ãº Certificate,"3,000/bottle",10 g/bottle,12022-20016,Chemical Metrology  Department,3000.0,Chemical Metrology  Department,0,"gauge, calibration, testing, machine, laser"
230.0,Electrolytes in human serum,"Na: 3,197.99 mg/kg 
K: 151.97 mg/kg
Ca: 89.21 mg/kg
Cl: 3,718.96 mg/kg",(2 - 3)% relative,"2,800/4 mL",,12022-20017,Chemical Metrology  Department,2800.0,Chemical Metrology  Department,0,"gauge, calibration, testing, machine, laser"
2548.0,Toxic Elements in Cosmetic cream containing hemp-derived ingredients,TRM-M-2005,,"2,500/bottle",5 g/bottle,12022-20018,Chemical Metrology  Department,2500.0,Chemical Metrology  Department,0,"gauge, calibration, testing, machine, laser"
175.0,Elements and Arsenic Species in White Rice Flour,see certificate â»Ã´´ÙÃÒÂÅÐàÍÕÂ´ã¹µÑÇÍÂèÒ§ãº Certificate,,"4,000/bottle",25 g/bottle,12023-20007,Chemical Metrology  Department,4000.0,Chemical Metrology  Department,0,"gauge, calibration, testing, machine, laser"
264.0,Determination of Elements in sample by ID-ICP/MS,0.0001-30000 mg/kg,0.7-7.5%relative,"20,000 for first element + 3000 for next element",,12023-60101,Chemical Metrology  Department,20000.0,Chemical Metrology  Department,0,"gauge, calibration, testing, machine, laser"
2537.0,Determination of Elements in sample by ID-ICP/MS,0.0001-30000 mg/kg,0.3-7.5%relative,"20,000 for first element + 3000 for next element",,12023-60101,Chemical Metrology  Department,20000.0,Chemical Metrology  Department,0,"gauge, calibration, testing, machine, laser"
265.0,Determination of Elements in sample by gravimetric standard addition,0.0004-300000 mg/kg,1.5-18 %relative,"17,500 for first element + 3000 for next element",,12023-60102,Chemical Metrology  Department,17500.0,Chemical Metrology  Department,4,"standard, solution, mass, set, ph"
2538.0,Determination of Elements in sample by gravimetric standard addition,0.0004-300000 mg/kg,1.5-18 %relative,"17,500 for first element + 3000 for next element",,12023-60102,Chemical Metrology  Department,17500.0,Chemical Metrology  Department,4,"standard, solution, mass, set, ph"
266.0,Determination of Elements in sample by external calibration,0.000002 - 300000 mg/kg,1.0-16%relative,"10,000 for first element + 3000 for next element",,12023-60103,Chemical Metrology  Department,10000.0,Chemical Metrology  Department,0,"gauge, calibration, testing, machine, laser"
2536.0,Determination of Elements in sample by external calibration,0.000002 - 300000 mg/kg,1.0-16%relative,"10,000 for first element + 3000 for next element",,12023-60103,Chemical Metrology  Department,10000.0,Chemical Metrology  Department,0,"gauge, calibration, testing, machine, laser"
267.0,Determination of Elemental speciation in sample,0.02 - 3200 mg/kg,3.5-10%relative,"17,500 for first specy + 3000 for next species",,12023-60104,Chemical Metrology  Department,17500.0,Chemical Metrology  Department,0,"gauge, calibration, testing, machine, laser"
2547.0,Determination of Particle number concentration in sample by spICP-MS,(0.5-2.0)*E11 particles/g,13.2 -18%relative,"15,000 /sample",,12023-60105,Chemical Metrology  Department,15000.0,Chemical Metrology  Department,0,"gauge, calibration, testing, machine, laser"
2539.0,Determination of lead isotope ratio in fresh water by single collector ICP-MS,2.5-50 ng/g,0.03 - 0.5% relative,"20,000 / sample",,12023-60106,Chemical Metrology  Department,20000.0,Chemical Metrology  Department,0,"gauge, calibration, testing, machine, laser"
5.0,pH meter with associated electrode,1 - 12 pH,0.01 pH ,"4,000/set (3 point + 500 next point)",,12031-10101,Chemical Metrology  Department,4000.0,Chemical Metrology  Department,7,"meter, power, phase, ac, wattmeter"
54.0,Primary Phthalate buffer solution,3.990 - 4.020 pH,0.005 pH,"15,000/500 mL",,12031-20109,Chemical Metrology  Department,15000.0,Chemical Metrology  Department,0,"gauge, calibration, testing, machine, laser"
55.0,Primary Phosphate buffer solution,6.85 - 6.88 pH,0.005 pH,"15,000/500 mL",,12031-20110,Chemical Metrology  Department,15000.0,Chemical Metrology  Department,0,"gauge, calibration, testing, machine, laser"
56.0,Primary Borate buffer solution,9.16 - 9.20 pH,0.005 pH,"15,000/500 mL",,12031-20111,Chemical Metrology  Department,15000.0,Chemical Metrology  Department,0,"gauge, calibration, testing, machine, laser"
60.0,Primary Carbonate buffer solution,9.990 - 10.020 pH,0.006 pH,"15,000/500 mL",,12031-20120,Chemical Metrology  Department,15000.0,Chemical Metrology  Department,0,"gauge, calibration, testing, machine, laser"
57.0,Working pH standard (Phthalate),3.99 - 4.02 pH,0.01 pH,"1,000/500 mL",,12031-20121,Chemical Metrology  Department,1000.0,Chemical Metrology  Department,4,"standard, solution, mass, set, ph"
58.0,Working pH standard (Equipmolal phosphate),6.85 - 6.88 pH,0.01 pH,"1,000/500 mL",,12031-20122,Chemical Metrology  Department,1000.0,Chemical Metrology  Department,4,"standard, solution, mass, set, ph"
59.0,Working pH standard (Tetraborate),9.17 - 9.20 pH,0.01 pH,"1,000/500 mL",,12031-20123,Chemical Metrology  Department,1000.0,Chemical Metrology  Department,4,"standard, solution, mass, set, ph"
61.0,Working pH standard (Carbonate),9.99 - 10.02 pH,0.01 pH,"1,000/500 mL",,12031-20124,Chemical Metrology  Department,1000.0,Chemical Metrology  Department,4,"standard, solution, mass, set, ph"
64.0,Working pH standard (phosphate),6.99 - 7.03 pH,0.01 pH,"1,000/500 mL",,12031-20125,Chemical Metrology  Department,1000.0,Chemical Metrology  Department,4,"standard, solution, mass, set, ph"
62.0,Working pH standard (0.01 N Hydrochloric acid),1.08 - 1.12 pH,0.02 pH,"1,000/500 mL",,12031-20126,Chemical Metrology  Department,1000.0,Chemical Metrology  Department,4,"standard, solution, mass, set, ph"
63.0,Working pH standard (Tetroxalate),1.66 - 1.70 pH,0.01 pH,"1,000/500 mL",,12031-20127,Chemical Metrology  Department,1000.0,Chemical Metrology  Department,4,"standard, solution, mass, set, ph"
65.0,Working pH standard (alkaline phosphate),11.70 - 11.74 pH,0.01 pH,"1,000/500 mL",,12031-20128,Chemical Metrology  Department,1000.0,Chemical Metrology  Department,4,"standard, solution, mass, set, ph"
2565.0,pH in wastewater (TRM-E-2005),pH 6.50-7.50,0.04pH,300/ bottle,100 mL/bottle,12031-20129,Chemical Metrology  Department,300.0,Chemical Metrology  Department,0,"gauge, calibration, testing, machine, laser"
70.0,Potassium Dichromate Solution 5 concentration,"20, 40, 60, 80 and 100 mg/kg (each set choose from the concentrations above)",0.01 A,"43,000/set",,12031-20201,Chemical Metrology  Department,43000.0,Chemical Metrology  Department,0,"gauge, calibration, testing, machine, laser"
69.0,Potassium Dichromate Solution 4 concentrations,"20, 40, 60, 80 and 100 mg/kg (each set choose from the concentrations above)",0.01 A,"38,000/set",,12031-20202,Chemical Metrology  Department,38000.0,Chemical Metrology  Department,0,"gauge, calibration, testing, machine, laser"
68.0,Potassium Dichromate Solution 3 concentrations,"20, 40, 60, 80 and 100 mg/kg (each set choose from the concentrations above)",0.01 A,"32,800/set",,12031-20203,Chemical Metrology  Department,32800.0,Chemical Metrology  Department,0,"gauge, calibration, testing, machine, laser"
67.0,Potassium Dichromate Solution  2 concentrations,"20, 40, 60, 80 and 100 mg/kg (each set choose from the concentrations above)",0.01 A,"27,700/set",,12031-20204,Chemical Metrology  Department,27700.0,Chemical Metrology  Department,0,"gauge, calibration, testing, machine, laser"
66.0,Potassium Dichromate Solution 1 concentration,"20, 40, 60, 80 and 100 mg/kg (each set choose from the concentrations above)",0.01 A,"22,600/set",,12031-20205,Chemical Metrology  Department,22600.0,Chemical Metrology  Department,0,"gauge, calibration, testing, machine, laser"
71.0,Potassium Iodide Standard Solution,10 g/L,0.5 nm ,"20,000/set",,12031-20206,Chemical Metrology  Department,20000.0,Chemical Metrology  Department,4,"standard, solution, mass, set, ph"
72.0,Zinc standard solution,"10,000 ppm",1% relative,"1,250/100 ml",,12031-20301,Chemical Metrology  Department,1250.0,Chemical Metrology  Department,4,"standard, solution, mass, set, ph"
73.0,Cadmium standard solution,"10,000 ppm",1% relative,"1,250/100 ml",,12031-20302,Chemical Metrology  Department,1250.0,Chemical Metrology  Department,4,"standard, solution, mass, set, ph"
76.0,Arsenic standard solution,1000 ppm,0.2% rlative,"2,000/100 ml",,12031-20303,Chemical Metrology  Department,2000.0,Chemical Metrology  Department,4,"standard, solution, mass, set, ph"
74.0,Chloride standard solution,100 ppm,1% relative,"1,250/100 ml",,12031-20401,Chemical Metrology  Department,1250.0,Chemical Metrology  Department,4,"standard, solution, mass, set, ph"
97.0,Nitrate standard solution,100 mg/kg,1% relative,"1,500 / bottle",,12031-20402,Chemical Metrology  Department,1500.0,Chemical Metrology  Department,4,"standard, solution, mass, set, ph"
98.0,Fluoride standard solution,1000 mg/kg,1% relative,"1,500 / bottle",,12031-20403,Chemical Metrology  Department,1500.0,Chemical Metrology  Department,4,"standard, solution, mass, set, ph"
99.0,sulfate standard solution,1000 mg/kg,3%relative,"1,250/100 mL",,12031-20404,Chemical Metrology  Department,1250.0,Chemical Metrology  Department,4,"standard, solution, mass, set, ph"
100.0,Bromide standard solution,"900-1,200 mg/kg",5% relative,"1,250/125 mL",,12031-20405,Chemical Metrology  Department,1250.0,Chemical Metrology  Department,4,"standard, solution, mass, set, ph"
75.0,Sodium standard solution,100 ppm,1% relative,"1,250/100 ml",,12031-20501,Chemical Metrology  Department,1250.0,Chemical Metrology  Department,4,"standard, solution, mass, set, ph"
101.0,Magnesium standard solution,"900-1,200 mg/kg",3% relative,"1,250/125 mL",,12031-20502,Chemical Metrology  Department,1250.0,Chemical Metrology  Department,4,"standard, solution, mass, set, ph"
2577.0,Calcium standard solution (TRM-S-2057),"900-1,200 mg/kg",4%relative,"1,250/ bottle",100 mL/bottle,12031-20503,Chemical Metrology  Department,1250.0,Chemical Metrology  Department,4,"standard, solution, mass, set, ph"
80.0,Secondary electrolytic conductivity solution (0.1 mol/l KCl),12.88 mS/cm,0.5% relative,"5,000/250 ml",,12031-20601,Chemical Metrology  Department,5000.0,Chemical Metrology  Department,4,"standard, solution, mass, set, ph"
81.0,Secondary electrolytic conductivity solution (0.01mol/l KCl),1413 mS/cm,0.5% relative,"5,000/250 ml",,12031-20602,Chemical Metrology  Department,5000.0,Chemical Metrology  Department,4,"standard, solution, mass, set, ph"
84.0,Secondary electrolytic conductivity standard solution (nominall 50 mS/cm),50 mS/cm,1% relative,"5,000/250 ml",,12031-20605,Chemical Metrology  Department,5000.0,Chemical Metrology  Department,4,"standard, solution, mass, set, ph"
89.0,Working electrolytic conductivity solution (0.1 mol/l KCl),12.88 mS/cm,1.5 %relative,"3,000/250 ml",,12031-20606,Chemical Metrology  Department,3000.0,Chemical Metrology  Department,4,"standard, solution, mass, set, ph"
90.0,Working electrolytic conductivity solution (0.01 mol/l KCl),1413 mS/cm,1.5 %relative,"3,000/250 ml",,12031-20607,Chemical Metrology  Department,3000.0,Chemical Metrology  Department,4,"standard, solution, mass, set, ph"
85.0,Secondary electrolytic conductivity solution (nominal 25 µS/cm),25 µS/cm,1% relative,"5,000 /250 ml",,12031-20608,Chemical Metrology  Department,5000.0,Chemical Metrology  Department,4,"standard, solution, mass, set, ph"
91.0,working electrolytic conductivity standard solution (0.001 mol/l KCl),147 µS/cm,1.5% relative,"2,500/ 250 ml",,12031-20609,Chemical Metrology  Department,2500.0,Chemical Metrology  Department,4,"standard, solution, mass, set, ph"
92.0,working electrolytic conductivity standard solution (Nominal 84 µS/cm),84 µS/cm,2% relative,"2,500/ 250 ml",,12031-20610,Chemical Metrology  Department,2500.0,Chemical Metrology  Department,4,"standard, solution, mass, set, ph"
93.0,Working electrolytic conductivity standard solution (Nominal 50 µS/cm),50 µS/cm,2% relative,"2,500/ 250 ml",,12031-20611,Chemical Metrology  Department,2500.0,Chemical Metrology  Department,4,"standard, solution, mass, set, ph"
86.0,Secondary electrolytic conductivity solution (nominal 10 mS/cm),10 mS/cm,2.2 % relative,"2,500/125 ml",,12031-20612,Chemical Metrology  Department,2500.0,Chemical Metrology  Department,4,"standard, solution, mass, set, ph"
87.0,Secondary electrolytic conductivity solution  (1 mol/L KCl),111.3 mS/cm,0.5 %relative,"5,000/250 ml",,12031-20613,Chemical Metrology  Department,5000.0,Chemical Metrology  Department,4,"standard, solution, mass, set, ph"
94.0,Working electrolytic conductivity standard solution (nominal 25 µS/cm),25 mS/cm,2% relative,"2,500/250 ml",,12031-20614,Chemical Metrology  Department,2500.0,Chemical Metrology  Department,4,"standard, solution, mass, set, ph"
95.0,Secondary electrolytic conductivity solution (Nominal 5 µS/cm),5 µS/cm,2.5% relative ,"2,500/250 ml",,12031-20615,Chemical Metrology  Department,2500.0,Chemical Metrology  Department,4,"standard, solution, mass, set, ph"
88.0,Working electrolytic conductivity standard solution (1 mol/L KCl),111.3 mS/cm,0.7% relative,"3,000/250 mL",,12031-20616,Chemical Metrology  Department,3000.0,Chemical Metrology  Department,4,"standard, solution, mass, set, ph"
2550.0,Working electrolytic conductivity standard solution (1 mol/L KCl),TRM-S-2053,0.7% relative,"3,000/250 mL",,12031-20616,Chemical Metrology  Department,3000.0,Chemical Metrology  Department,4,"standard, solution, mass, set, ph"
96.0,Working electrolytic conductivity standard solution (Nominal 10 uS/cm ),10  mS/cm,5% relative,"1,300/125 mL",,12031-20617,Chemical Metrology  Department,1300.0,Chemical Metrology  Department,4,"standard, solution, mass, set, ph"
2569.0,Working electrolytic conductivity standard solution (Nominal 10 uS/cm) (TRM-S-2054),10  mS/cm,5% relative,"1,300/125 mL",,12031-20617,Chemical Metrology  Department,1300.0,Chemical Metrology  Department,4,"standard, solution, mass, set, ph"
77.0,pH of ethanol,6.0 - 8.0 pH,0.5 pH,"2,500 / bottle",,12031-20701,Chemical Metrology  Department,2500.0,Chemical Metrology  Department,0,"gauge, calibration, testing, machine, laser"
78.0,electrolytic conductivity of ethanol,0.1-1 uS/cm,5%relative,"2,500/bottle",capacity 50 ml,12031-20702,Chemical Metrology  Department,2500.0,Chemical Metrology  Department,0,"gauge, calibration, testing, machine, laser"
79.0,Water content in Ethanol,0.1 - 1.0 mg/g,5% relative,"3,000/5 ampoule",,12031-20703,Chemical Metrology  Department,3000.0,Chemical Metrology  Department,0,"gauge, calibration, testing, machine, laser"
195.0,Chloride in Ethanol,1.51 mg/kg,6% relative,"1,800/250 mL",250 mL,12031-20704,Chemical Metrology  Department,1800.0,Chemical Metrology  Department,0,"gauge, calibration, testing, machine, laser"
152.0,Platinum electrode for pH measurement,,,,For differential cell and Harned cell method,12031-20801,Chemical Metrology  Department,7880.0,Chemical Metrology  Department,6,"measurement, detector, additional, frequency, irradance"
239.0,"65% Nitric acid, suprapure grade, 500 ml",-,-,"3,500/ bottle",500 ml / bottle,12031-20803,Chemical Metrology  Department,3500.0,Chemical Metrology  Department,0,"gauge, calibration, testing, machine, laser"
240.0,"65% Nitric acid, suprapure grade, 1000 ml",-,-,"6,000/bottle","1,000 ml / bottle",12031-20804,Chemical Metrology  Department,6000.0,Chemical Metrology  Department,0,"gauge, calibration, testing, machine, laser"
241.0,Tune solution for iCAP,1 ng/g,-,"5,000/bottle ",500 ml / bottle,12031-20805,Chemical Metrology  Department,5000.0,Chemical Metrology  Department,4,"standard, solution, mass, set, ph"
262.0,Determination of substances in sample (Electrochemical method (cyclic voltammetry),(5 - 100 )mg/kg,3 % relative,"3,000 / sample","1. nitrite
2. NaCl",12031-60103,Chemical Metrology  Department,3000.0,Chemical Metrology  Department,0,"gauge, calibration, testing, machine, laser"
263.0,Measurement of acidity in ethanol,(5 - 100 )mg/kg,3 % relative,"3,000 / sample",,12031-60401,Chemical Metrology  Department,3000.0,Chemical Metrology  Department,6,"measurement, detector, additional, frequency, irradance"
82.0,Secondary electrolytic conductivity solution (0.001mol/l KCl),147 mS/cm,0.8% relative,"5,000/250 ml",,12031–20603,Chemical Metrology  Department,5000.0,Chemical Metrology  Department,4,"standard, solution, mass, set, ph"
83.0,Secondary electrolytic conductivity solutionn (Nominal 84 µS/cm),84 mS/cm,1% relative,"5,000/250 ml",,12031–20604,Chemical Metrology  Department,5000.0,Chemical Metrology  Department,0,"gauge, calibration, testing, machine, laser"
1.0,Piston pipette,20 mL to 10 mL,0.04 mL ,"4,000 three point + 500 next point",,12032-10201,Chemical Metrology  Department,4000.0,Mechanical  Metrology Department,0,"gauge, calibration, testing, machine, laser"
2.0,Volumetric apparatus,1 mL to 2000 mL,Class A,"2,500 two point + 500 next point","volumetric flask, pipette, burette, pycnometer",12032-10203,Chemical Metrology  Department,2500.0,Chemical Metrology  Department,0,"gauge, calibration, testing, machine, laser"
3.0,recalibrate of referene material for calibration UV/VIS spectrophotometer (Photometric accuracy),20 to 100 mg/kg,0.003 A,"7,500/set",potassium dichromate solution,12032-10301,Chemical Metrology  Department,7500.0,Chemical Metrology  Department,0,"gauge, calibration, testing, machine, laser"
4.0,recalibrate of referene material for calibration UV/VIS spectrophotometer (stray light),190 - 280 nm,0.12 nm ,"6,500/set",,12032-10306,Chemical Metrology  Department,6500.0,Chemical Metrology  Department,0,"gauge, calibration, testing, machine, laser"
46.0,Secondary pH standard (Phthalate),3.990 - 4.020 pH,0.006 pH,"8,000/set  (5 x 100 mL)",Differential cell method,12032-20101,Chemical Metrology  Department,8000.0,Chemical Metrology  Department,4,"standard, solution, mass, set, ph"
48.0,Secondary pH standard  (Equipmolal phosphate),6.850 - 6.880 pH,0.006 pH,"8,000/set  (5 x 100 mL)",Differential cell method,12032-20102,Chemical Metrology  Department,8000.0,Chemical Metrology  Department,4,"standard, solution, mass, set, ph"
50.0,Secondary pH standard (Tetraborate),9.17 - 9.20 pH,0.007 pH,"8,000/set  (5 x 100 mL)",Differential cell method,12032-20103,Chemical Metrology  Department,8000.0,Chemical Metrology  Department,4,"standard, solution, mass, set, ph"
52.0,Secondary pH standard (Carbonate),9.99 - 10.02 pH,0.006 pH,"8,000/set  (5 x 100 mL)",Differential cell method,12032-20104,Chemical Metrology  Department,8000.0,Chemical Metrology  Department,4,"standard, solution, mass, set, ph"
47.0,Secondary pH standard (Phthalate),3.990 - 4.020 pH,0.006 pH,"1,700/100 mL",Differential cell method,12032-20105,Chemical Metrology  Department,1700.0,Chemical Metrology  Department,4,"standard, solution, mass, set, ph"
49.0,Secondary pH standard  (Equipmolal phosphate),6.850 - 6.880 pH,0.006 pH,"1,700/100 mL",Differential cell method,12032-20106,Chemical Metrology  Department,1700.0,Chemical Metrology  Department,4,"standard, solution, mass, set, ph"
51.0,Secondary pH standard (Tetraborate),9.17 - 9.20 pH,0.007 pH,"1,700/100 mL",Differential cell method,12032-20107,Chemical Metrology  Department,1700.0,Chemical Metrology  Department,4,"standard, solution, mass, set, ph"
53.0,Secondary pH standard (Carbonate),9.99 - 10.02 pH,0.006 pH,"1,700/100 mL",Differential cell method,12032-20108,Chemical Metrology  Department,1700.0,Chemical Metrology  Department,4,"standard, solution, mass, set, ph"
44.0,Secondary pH standard (tetroxalate),1.66-1.70 pH,0.006 pH,"8,000/set  (5 x 100 mL)",Differential cell method,12032-20109,Chemical Metrology  Department,8000.0,Chemical Metrology  Department,4,"standard, solution, mass, set, ph"
45.0,Secondary pH standard (tetroxalate),1.66-1.70 pH,0.006 pH,"1,700/100 mL",Differential cell method,12032-20110,Chemical Metrology  Department,1700.0,Chemical Metrology  Department,4,"standard, solution, mass, set, ph"
257.0,Assigned pH value for sample (secondary method),1 - 12 pH,0.004 pH,"13,000/sample",,12033 - 60109,Chemical Metrology  Department,13000.0,Chemical Metrology  Department,0,"gauge, calibration, testing, machine, laser"
261.0,Determination of cation and anion in sample (ion chromtography),as specification,%1 - 2%relative,"7,000/sample",,12033-60103,Chemical Metrology  Department,7000.0,Chemical Metrology  Department,0,"gauge, calibration, testing, machine, laser"
258.0,Assigned pH value for sample  (working method),1 - 12 pH,0.01 pH,"2,500/sample",,12033-60106,Chemical Metrology  Department,2500.0,Chemical Metrology  Department,0,"gauge, calibration, testing, machine, laser"
256.0,Assigned pH value for sample (primary method),1 - 12 pH,0.003 pH,"13,750/sample",,12033-60107,Chemical Metrology  Department,13750.0,Chemical Metrology  Department,0,"gauge, calibration, testing, machine, laser"
259.0,Assigned electrolytic conductivity value for sample (secondary method),5 mS/cm - 12.88 mS/cm,0.3% - 1% relative,"11,000 /sample",,12033-60404,Chemical Metrology  Department,11000.0,Chemical Metrology  Department,0,"gauge, calibration, testing, machine, laser"
260.0,Assigned electrolytic conductivity value for sample (commercial cell),84 - 12880 mS/cm,0.8% - 1.3% relative,"2,500/sample",,12033-60406,Chemical Metrology  Department,2500.0,Chemical Metrology  Department,0,"gauge, calibration, testing, machine, laser"
24.0,MON810 plasmid DNA,1.04 copy number ratio,0.061 copy number ratio,12500,,12042-20101,Chemical Metrology  Department,12500.0,Chemical Metrology  Department,5,"digital, dna, analog, plasmid, dial"
153.0,Pure pork meat,1000 g/kg,,3500,,12042-20102,Chemical Metrology  Department,3500.0,Chemical Metrology  Department,0,"gauge, calibration, testing, machine, laser"
154.0,Pure beef meat,>998.8 g/kg,,3500,,12042-20103,Chemical Metrology  Department,3500.0,Chemical Metrology  Department,0,"gauge, calibration, testing, machine, laser"
23.0,Pork DNA solution,1.2 x 105 copies/µL,1.3 x 104 copies/µL,5000,,12042-20104,Chemical Metrology  Department,5000.0,Chemical Metrology  Department,5,"digital, dna, analog, plasmid, dial"
25.0,TRM-enzyme a-amylase,382.8-457.2 U/L,37.2 U/L,12500,,12042-20105,Chemical Metrology  Department,12500.0,Chemical Metrology  Department,0,"gauge, calibration, testing, machine, laser"
155.0,Blank soybean GTS 40-3-2 matrix,<0.2 g/kg,,3500,,12042-20106,Chemical Metrology  Department,3500.0,Chemical Metrology  Department,0,"gauge, calibration, testing, machine, laser"
26.0,Beef DNA solution,1.0 x 105 copies/µL,1.3 x 104 copies/µL,5000,,12042-20107,Chemical Metrology  Department,5000.0,Chemical Metrology  Department,5,"digital, dna, analog, plasmid, dial"
156.0,1% Pork in beef matrix,10 g/kg,2.20 g/kg,3500,,12042-20108,Chemical Metrology  Department,3500.0,Chemical Metrology  Department,0,"gauge, calibration, testing, machine, laser"
157.0,10% Pork in beef matrix,100 g/kg,11 g/kg,3500,,12042-20109,Chemical Metrology  Department,3500.0,Chemical Metrology  Department,0,"gauge, calibration, testing, machine, laser"
27.0,Blank papaya DNA solution,1.8 x 104 copies/µL,2.3 x 103 copies/µL,5000,,12042-20110,Chemical Metrology  Department,5000.0,Chemical Metrology  Department,5,"digital, dna, analog, plasmid, dial"
158.0,Blank meatball matrix,1 000g/kg,,3500,,12042-20111,Chemical Metrology  Department,3500.0,Chemical Metrology  Department,0,"gauge, calibration, testing, machine, laser"
159.0,0.1% Pork in beef matrix,1 g/kg,0.33 g/kg,3500,,12042-20112,Chemical Metrology  Department,3500.0,Chemical Metrology  Department,0,"gauge, calibration, testing, machine, laser"
160.0,1% beef in feed matrix,10 g/kg,0.1 g/kg,3500,,12042-20113,Chemical Metrology  Department,3500.0,Chemical Metrology  Department,0,"gauge, calibration, testing, machine, laser"
28.0,Roundup ready plasmid DNA,1.09 copy number ratio,0.18 copy number ratio,"12,500",,12042-20114,Chemical Metrology  Department,12500.0,Chemical Metrology  Department,5,"digital, dna, analog, plasmid, dial"
29.0,Bt63-Rice plasmid DNA,2.3 x 104 copies/µL,4.7 x 103 copies/µL,"12,500",,12042-20115,Chemical Metrology  Department,12500.0,Chemical Metrology  Department,5,"digital, dna, analog, plasmid, dial"
30.0,Papaya line 55-1 plasmid DNA,8.8 x 10^5 copies/µL,1.8 x10^5 copies/µL,12500,,12042-20116,Chemical Metrology  Department,12500.0,Chemical Metrology  Department,5,"digital, dna, analog, plasmid, dial"
162.0,0.1% (w/w) beef in feed,1 g/kg,0.15 g/kg,3500,,12042-20117,Chemical Metrology  Department,3500.0,Chemical Metrology  Department,0,"gauge, calibration, testing, machine, laser"
161.0,1 % Pork in meatball matrix,10.1 g/kg,1.1  g/kg,3500,,12042-20118,Chemical Metrology  Department,3500.0,Chemical Metrology  Department,0,"gauge, calibration, testing, machine, laser"
31.0,Beef DNA Solution (Processed food),1.3 x 105 copies/µL,1.4 x 104 copies/µL,5000,,12042-20119,Chemical Metrology  Department,5000.0,Chemical Metrology  Department,5,"digital, dna, analog, plasmid, dial"
32.0,%Pork in beef DNA solution (Processed food),1.37%  cp/cp,0.19% cp/cp,"5,000",,12042-20120,Chemical Metrology  Department,5000.0,Chemical Metrology  Department,5,"digital, dna, analog, plasmid, dial"
163.0,Pure pork meat (processed food),"1,000 g/kg",,"3,500/sample",,12042-20121,Chemical Metrology  Department,3500.0,Chemical Metrology  Department,0,"gauge, calibration, testing, machine, laser"
164.0,Pure Beef meat (processed food),"1,000 g/kg",,"3,500/sample",,12042-20122,Chemical Metrology  Department,3500.0,Chemical Metrology  Department,0,"gauge, calibration, testing, machine, laser"
165.0,1% (w/w) pork in beef matrix (process food),10g/kg,2g/kg,"3,500/sample",,12042-20123,Chemical Metrology  Department,3500.0,Chemical Metrology  Department,0,"gauge, calibration, testing, machine, laser"
166.0,7% (w/w) pork in beef matrix (process food),70g/kg,5g/kg,"3,500/sample",,12042-20124,Chemical Metrology  Department,3500.0,Chemical Metrology  Department,0,"gauge, calibration, testing, machine, laser"
33.0,LLrice62 Rice-Plasmid DNA,1.2x 105 copies/µL,2.8 x 104 copies/µL,12500,,12042-20124,Chemical Metrology  Department,12500.0,Chemical Metrology  Department,5,"digital, dna, analog, plasmid, dial"
34.0,Pork DNA solution (processed food),1x105 copies/µL,1x104 copies/µL,5000,,12042-20125,Chemical Metrology  Department,5000.0,Chemical Metrology  Department,5,"digital, dna, analog, plasmid, dial"
35.0,ASFV in tissue homogenate,358 copies/µL,128 copies/µL,12500,,12042-20126,Chemical Metrology  Department,12500.0,Mechanical  Metrology Department,0,"gauge, calibration, testing, machine, laser"
36.0,Set of ASFV in tissue homogenate,5-1500 copies/µL,,"12,500/set",,12042-20127,Chemical Metrology  Department,12500.0,Mechanical  Metrology Department,0,"gauge, calibration, testing, machine, laser"
37.0,MON89788 plasmid DNA,2.5 x 105 copies/µL,4.7 x 104 copies/µL,12500,,12042-20128,Chemical Metrology  Department,12500.0,Chemical Metrology  Department,5,"digital, dna, analog, plasmid, dial"
38.0,Goat DNA Solution,8.8 ×104 copies/µL,1.4 ×104 copies/µL,"5,000",,12042-20129,Chemical Metrology  Department,5000.0,Chemical Metrology  Department,5,"digital, dna, analog, plasmid, dial"
39.0,LLrice601 Rice-Plasmid DNA,1.2x 105 copies/µL,2.6 x 104 copies/µL,12500,,12042-20130,Chemical Metrology  Department,12500.0,Chemical Metrology  Department,5,"digital, dna, analog, plasmid, dial"
167.0,Pure chicken meat,"1,000 g/kg",,3500,,12042-20131,Chemical Metrology  Department,3500.0,Chemical Metrology  Department,0,"gauge, calibration, testing, machine, laser"
168.0,Pure Goat meat,"1,000 g/kg",,3500,,12042-20132,Chemical Metrology  Department,3500.0,Chemical Metrology  Department,0,"gauge, calibration, testing, machine, laser"
169.0,"Curcuminoids in turmeric powder:
Curcumin
DMC
BDMC","30.2 mg/g
11.8 mg/g
11.6 mg/g","6.4 mg/g
0.6 mg/g
2.0 mg/g",4000,,12042-20133,Chemical Metrology  Department,4000.0,Chemical Metrology  Department,0,"gauge, calibration, testing, machine, laser"
40.0,Chicken DNA Solution,2.5 × 105 copies/µL,3.1 × 104 copies/µL,"5,000",,12042-20134,Chemical Metrology  Department,5000.0,Chemical Metrology  Department,5,"digital, dna, analog, plasmid, dial"
41.0,Papaya Huanong1 Plasmid DNA,1.9 × 105 copies/µL,2.0 ×104 copies/µL,"12,500",,12042-20135,Chemical Metrology  Department,12500.0,Chemical Metrology  Department,5,"digital, dna, analog, plasmid, dial"
42.0,CaMV35S Plasmid DNA,1.2 × 104  copies/µL,1.8 × 103  copies/µL,"12,500",,12042-20136,Chemical Metrology  Department,12500.0,Chemical Metrology  Department,5,"digital, dna, analog, plasmid, dial"
170.0,Pure sheep meat,"1,000 g/kg",,3500,,12042-20137,Chemical Metrology  Department,3500.0,Chemical Metrology  Department,0,"gauge, calibration, testing, machine, laser"
171.0,0.1% (w/w) Pork in plant based,1 g/kg,0.05 g/kg,3500,,12042-20138,Chemical Metrology  Department,3500.0,Chemical Metrology  Department,0,"gauge, calibration, testing, machine, laser"
172.0,0.1% (w/w) Beef in plant based,1 g/kg,0.06 g/kg,3500,,12042-20139,Chemical Metrology  Department,3500.0,Chemical Metrology  Department,0,"gauge, calibration, testing, machine, laser"
173.0,0.1% (w/w) Chicken in plant based,1 g/kg,0.06 g/kg,3500,,12042-20140,Chemical Metrology  Department,3500.0,Chemical Metrology  Department,0,"gauge, calibration, testing, machine, laser"
43.0,Sheep DNA solution,1.1 × 105  copies/µL,1.7 × 104  copies/µL,"5,000",,12042-20141,Chemical Metrology  Department,5000.0,Chemical Metrology  Department,5,"digital, dna, analog, plasmid, dial"
2560.0,Fish DNA Solution (TRM S-1021),1.9 x 105 ?L-1,3.3 x 104 ?L-1,5000,,12042-20143,Chemical Metrology  Department,5000.0,Chemical Metrology  Department,5,"digital, dna, analog, plasmid, dial"
2561.0,Pure crocodile meat,"1,000 g/kg",,"3,500",,12042-20144,Chemical Metrology  Department,3500.0,Chemical Metrology  Department,0,"gauge, calibration, testing, machine, laser"
2562.0,Crocodile DNA solution,1.2 x 105 ?L-1,2.1 x 104 ?L-1,"5,000",,12042-20145,Chemical Metrology  Department,5000.0,Chemical Metrology  Department,5,"digital, dna, analog, plasmid, dial"
2563.0,Pure fish meat,"1,000 g/kg",,"3,500",,12042-20146,Chemical Metrology  Department,3500.0,Chemical Metrology  Department,0,"gauge, calibration, testing, machine, laser"
2576.0,0.1% (w/w) Goat in plant based (TRM F-1025),1 g/kg,0.07 g/kg,"3,500",,12042-20147,Chemical Metrology  Department,3500.0,Chemical Metrology  Department,0,"gauge, calibration, testing, machine, laser"
2564.0,p72-ASFV plasmid DNA,1.6 ? 105  ?L-1,3.9 ? 104  ?L-1,"12,500",,12042-20148,Chemical Metrology  Department,12500.0,Chemical Metrology  Department,5,"digital, dna, analog, plasmid, dial"
268.0,Catalytic activity concentration of enzyme by microplate reader,U/L,U/L,"6,000/sample",,12043-60101,Chemical Metrology  Department,6000.0,Chemical Metrology  Department,0,"gauge, calibration, testing, machine, laser"
269.0,Qualification/quantification of DNA concentration in Foodstuffs/Feed/Biomarkers by droplet digital Polymerase Chain Reaction (ddPCR),detection or not detection/ copy number or ratio,,"12,500/sample"," Quantification of LLrice62 by duplex ddPCR
LOQ
- LLrice 62: 8.41±1.11 copies/µL 
- SPS: 8.49± 1.30copies/µL
Quantification of LLrice601 by duplex ddPCR
LOQ
- LLrice601: 7.77±1.21 copies/µL
- SPS: 7.51± 0.99copies/µL            HIV-1 RNA copy number quantification                                   - 145-757 copies/µL
Detection of chicken DNA by ddPCR
LOD:  4.49 ± 0.96 cp/µL
Detection of ASFV by ddPCR
LOD:  1.89 ± 0.55 cp/µL",12043-60102,Chemical Metrology  Department,12500.0,Chemical Metrology  Department,5,"digital, dna, analog, plasmid, dial"
2543.0,Qualification/quantification of DNA concentration in Foodstuffs/ Feed/ Biomarkers by droplet digital Polymerase Chain Reaction (ddPCR),detection or not detection/ copy number or ratio,,"12,500/sample","Quantification of LLrice62 by duplex ddPCR
LOQ
- LLrice 62: 8.41?1.11 copies/?L 
- SPS: 8.49? 1.30copies/?L
Quantification of LLrice601 by duplex ddPCR
LOQ
- LLrice601: 7.77?1.21 copies/?L
- SPS: 7.51? 0.99copies/?L            HIV-1 RNA copy number quantification                                   - 145-757 copies/?L
Detection of chicken DNA by ddPCR
LOD:  4.49 ? 0.96 cp/?L
Detection of ASFV by ddPCR
LOD:  1.89 ? 0.55 cp/?L",12043-60102,Chemical Metrology  Department,12500.0,Chemical Metrology  Department,5,"digital, dna, analog, plasmid, dial"
270.0,DNA Quantification in Foodstuffs and  feed by quantitative real-time PCR (qPCR),copy number or ratio,,"8,500/sample",,12043-60103,Chemical Metrology  Department,8500.0,Chemical Metrology  Department,5,"digital, dna, analog, plasmid, dial"
271.0,DNA Qualification in Foodstuffs/Feed/Biomarkers quantitative by real-time PCR (qPCR),detection or not detection,,"5,000/sample"," - The detection of Mycoplasma arginini DNA using Real-Time PCR   
 - The detection of Mycoplasma fermentans DNA using Real-Time PCR   
- Detection of chicken DNA  by qPCR",12043-60104,Chemical Metrology  Department,5000.0,Chemical Metrology  Department,5,"digital, dna, analog, plasmid, dial"
2546.0,Detection of pork DNA using Real-Time PCR,Quality measurement,Quality measurement,5000,,12043-60104,Chemical Metrology  Department,5000.0,Chemical Metrology  Department,5,"digital, dna, analog, plasmid, dial"
272.0,Identification of biomolecules by MALDI-TOF MS,Quality measurement,Quality measurement,"2,000/sample",,12043-60105,Chemical Metrology  Department,2000.0,Chemical Metrology  Department,0,"gauge, calibration, testing, machine, laser"
2544.0,Identification of biomolecules by MALDI-TOF MS,Quality measurement,Quality measurement,"2,000/sample",,12043-60105,Chemical Metrology  Department,2000.0,Chemical Metrology  Department,0,"gauge, calibration, testing, machine, laser"
273.0,qualification of protein in Foodstuffs and feed by LC Q-TOF MS,detection or not detection,,"3,500/sample",,12043-60106,Chemical Metrology  Department,3500.0,Chemical Metrology  Department,0,"gauge, calibration, testing, machine, laser"
274.0,Confocal Laser Scanning Microscopes ZEISS LSM880,Cell imaging,Cell imaging,"2,500/hr",,12043-60107,Chemical Metrology  Department,2500.0,Dimensional Metrology Department,0,"gauge, calibration, testing, machine, laser"
275.0,Nanoparticle size measurement in solution,10 - 1000 nm,,"2,000/sample",,12043-60108,Chemical Metrology  Department,2000.0,Chemical Metrology  Department,6,"measurement, detector, additional, frequency, irradance"
276.0,Identification and quantification of organic compounds in herb by GC-MS and HPLC,Quality measurement / Quantity measurement,Quality measurement / Quantity measurement,"2,000/sample","Quantification of terpinen-4-ol in Plai extract using GC/MS
- range 5-100 ug/g
- uncertainty 7-8% relative
Quantification of curcumin MS in turmeric extract using HPLC-DAD
- range 4-300 ug/g
- uncertainty 7-8% relative",12043-60109,Chemical Metrology  Department,2000.0,Chemical Metrology  Department,0,"gauge, calibration, testing, machine, laser"
277.0,Detection of Foodstuffs/Feed/Biomarkers using loop-mediated isothermal amplification,detection or not detection,,"2,750/sample",,12043-60110,Chemical Metrology  Department,2750.0,Chemical Metrology  Department,0,"gauge, calibration, testing, machine, laser"
17.0,Nitrogen Dioxide Analyzer,"30 - 3,000 umol/mol",? 1.5%,"14,500/Item",3-point calibration,12050-11701,Chemical Metrology  Department,14500.0,Chemical Metrology  Department,3,"nitrogen, oxygen, carbon, dioxide, monoxide"
21.0,Ozone Analyzer,0 - 1000 nmol/mol,As specification,"10,500/item ",4-point calibration including zero point,12050-15201,Chemical Metrology  Department,10500.0,Electrical  Metrology Department,0,"gauge, calibration, testing, machine, laser"
22.0,Ozone Transfer Standard,"0 - 1,000  nmol/mol",2.3% relative,"55,000/Item",EPA: multipoint calibration (min 7-point),12050-15202,Chemical Metrology  Department,55000.0,Electrical  Metrology Department,4,"standard, solution, mass, set, ph"
303.0,Aluminium cylinder - CGA 660,"Cylinder Volume:   10 Liters
Strainless Valve: CGA 660",,"15,000/cyl",Lot 2563,12050-20002,Chemical Metrology  Department,15000.0,Chemical Metrology  Department,0,"gauge, calibration, testing, machine, laser"
198.0,Oxygen in Nitrogen,100 µmol/mol -5 cmol/mol,1.0 %relative,"25,400/refill per 1 cylinder ","Cylinder volume: 10 Liters,
Filling Pressure :100-120 bar
CGA Valve: 580",12050-20109,Chemical Metrology  Department,25400.0,Chemical Metrology  Department,3,"nitrogen, oxygen, carbon, dioxide, monoxide"
200.0,Carbon Dioxide in Nitrogen,0.005-20 cmol/mol,0.5 %relative,"30,000 refill per 1 cylinder","Cylinder volume: 10 Liters,
Filling Pressure :100-120 bar
CGA Valve: 580",12050-20201,Chemical Metrology  Department,30000.0,Chemical Metrology  Department,3,"nitrogen, oxygen, carbon, dioxide, monoxide"
219.0,Carbon Dioxide in Argon,"100 - 500,000 µmol/mol",1.0 %relative,"20,000/ cylinder","Cylinder volume: 10 Liters,
Filling Pressure :100 bar
CGA Valve: 580",12050-20205,Chemical Metrology  Department,20000.0,Chemical Metrology  Department,0,"gauge, calibration, testing, machine, laser"
204.0,Methane in Air,0.05-2.5 cmol/mol,1.0 %relative,"24,100/refill per 1 cylinder ","Cylinder volume: 10 Liters,
Filling Pressure :100-120 bar
CGA Valve: 580",12050-20305,Chemical Metrology  Department,24100.0,Chemical Metrology  Department,0,"gauge, calibration, testing, machine, laser"
205.0,Carbon Monoxide in Air,50 - 65000 µmol/mol,1.0 %relative,"24,100/refill per 1 cylinder ","Cylinder volume: 10 Liters,
Filling Pressure :100-120 bar
CGA Valve: 580",12050-20401,Chemical Metrology  Department,24100.0,Chemical Metrology  Department,0,"gauge, calibration, testing, machine, laser"
206.0,Carbon Monoxide in Nitrogen,5 - 200 000 µmol/mol,1.0 - 2.0 %relative,"20,000/refill per 1 cylinder ","Cylinder Volume:  approx. 10 Liters
Filling Pressure: 100-120 bar 
CGA Valve: 580",12050-20403,Chemical Metrology  Department,20000.0,Chemical Metrology  Department,3,"nitrogen, oxygen, carbon, dioxide, monoxide"
210.0,Propane in Air,0.5-1 cmol/mol ,1.0 %relative,"24,100/refill per 1 cylinder ","Cylinder volume: 10 Liters,
Filling Pressure :100-120 bar
CGA Valve: 580",12050-20605,Chemical Metrology  Department,24100.0,Chemical Metrology  Department,0,"gauge, calibration, testing, machine, laser"
2555.0,Nitrogen monoxide in Nitrogen,TRM-E-3071,2% relative,"31,000/refill per 1 cylinder ","Cylinder volume : 10 Liters     
Filling Pressure : 100 bar 
CGA Valve: 660",12050-20702,Chemical Metrology  Department,31000.0,Chemical Metrology  Department,3,"nitrogen, oxygen, carbon, dioxide, monoxide"
2556.0,Nitrous oxide in Nitrogen,TRM-E-3081,5% relative,"31,000/refill per 1 cylinder ","Cylinder volume : 10 Liters     
Filling Pressure : 100 bar 
CGA Valve: 580 ",12050-20801,Chemical Metrology  Department,31000.0,Chemical Metrology  Department,3,"nitrogen, oxygen, carbon, dioxide, monoxide"
231.0,Ethanol in Air,50 - 200 µmol/mol,1.0 %relative,"35,000/refill per 1 cylinder ","Cylinder volume: 10 Liters,
Filling Pressure :100-110 bar
CGA Valve: 580",12050-20901,Chemical Metrology  Department,35000.0,Chemical Metrology  Department,0,"gauge, calibration, testing, machine, laser"
212.0,"Oxygen, Carbon monoxide, Methane and Hydrogen sulfide in Nitrogen","O2 :   18 cmol/mol
CH4:   2.2 cmol/mol
CO:     100 µmol/mol
H2S:   25 µmol/mol"," 1.0 %relative for O2, CH4, CO
 5.0 %relative for H2S","35,000/refill per 1 cylinder ","Cylinder Volume:  approx. 10 Liters
Filling Pressure: 100-120 bar
CGA Valve: 660 ",12050-21000,Chemical Metrology  Department,35000.0,Chemical Metrology  Department,3,"nitrogen, oxygen, carbon, dioxide, monoxide"
213.0,"Oxygen, Carbon monoxide and Methane in Nitrogen","O2 :   18 cmol/mol
CH4:   2.2-2.5 cmol/mol
CO:     100 µmol/mol",1.0 %relative,"30,000/refill per 1 cylinder ","Cylinder volume: 10 Liters,
Filling Pressure :100-120 bar
CGA Valve: 580",12050-21001,Chemical Metrology  Department,30000.0,Chemical Metrology  Department,3,"nitrogen, oxygen, carbon, dioxide, monoxide"
215.0,Iso-butane in Air,0.1- 1 cmol/mol,1% relative,"24,500/refill per 1 cylinder ","Cylinder volume: 10 Liters,
Filling Pressure :100-120 bar
CGA Valve: 580",12050-21201,Chemical Metrology  Department,24500.0,Chemical Metrology  Department,0,"gauge, calibration, testing, machine, laser"
2557.0,Carbon dioxide and Methane in Nitrogen,TRM-E-3134,"?2 %relative
?4%relative","29,000/refill per 1 cylinder ","Cylinder volume : 10 Liters     
Filling Pressure : 100 bar 
CGA Valve: 580 ",12050-21301,Chemical Metrology  Department,29000.0,Chemical Metrology  Department,3,"nitrogen, oxygen, carbon, dioxide, monoxide"
217.0,Hydrogen in Nitrogen,100 - 20 000 µmol/mol,1.0 %relative,"20,000/refill per 1 cylinder ","Cylinder Volume:  approx. 10 Liters
Filling Pressure: 100-120 bar
CGA Valve: 580 ",12050-21501,Chemical Metrology  Department,20000.0,Chemical Metrology  Department,3,"nitrogen, oxygen, carbon, dioxide, monoxide"
2553.0,Hydrogen in Nitrogen,TRM-E-3150,?1 %relative,"20,000/refill per 1 cylinder ","Cylinder volume : 10 Liters     
Filling Pressure : 100 bar 
CGA Valve: 580 ",12050-21501,Chemical Metrology  Department,20000.0,Chemical Metrology  Department,3,"nitrogen, oxygen, carbon, dioxide, monoxide"
220.0,Hydrogen in Helium,"100 - 20,000 µmol/mol",1.0% relative,"25,000/ cylinder","Cylinder volume: 10 Liters,
Filling Pressure :100 bar
CGA Valve: 580",12050-21502,Chemical Metrology  Department,25000.0,Chemical Metrology  Department,0,"gauge, calibration, testing, machine, laser"
2554.0,Hydrogen in Nitrogen,TRM-E-3151,?1 %relative,"25,000/refill per 1 cylinder ","Cylinder volume : 10 Liters     
Filling Pressure : 100 bar 
CGA Valve: 580 ",12050-21502,Chemical Metrology  Department,25000.0,Chemical Metrology  Department,3,"nitrogen, oxygen, carbon, dioxide, monoxide"
222.0,Isobutylene in Air,100 µmol/mol,1.0 %relative,"24,500/refill per 1 cylinder ","Cylinder Volume:  approx. 10 Liters
Filling Pressure: 100-120 bar
CGA Valve: 580 ",12050-21801,Chemical Metrology  Department,24500.0,Chemical Metrology  Department,0,"gauge, calibration, testing, machine, laser"
223.0,"Carbon Dioxide, Oxygen in Nitrogen",1 - 50 cmol/mol,1.0 %relative,"28,000/refill per 1 cylinder ","Cylinder Volume:  approx. 10 Liters
Filling Pressure: Depend on composition
CGA Valve: 580 ",12050-21901,Chemical Metrology  Department,28000.0,Chemical Metrology  Department,3,"nitrogen, oxygen, carbon, dioxide, monoxide"
233.0,"Carbon dioxide, Nitrous oxide and Oxygen in Nitrogen","CO2:  5 cmol/mol
N2O:  30 cmol/mol
O2:  40 cmol/mol","1.0 %relative
1.0 %relative
1.0 %relative","25,500/refill per 1 cylinder ","Cylinder Volume:  approx. 10 Liters
Filling Pressure: approx 50 bar
CGA Valve: 580",12050-22001,Chemical Metrology  Department,25500.0,Chemical Metrology  Department,3,"nitrogen, oxygen, carbon, dioxide, monoxide"
234.0,"Isoflurane, Carbon dioxide, Nitrous oxide and Oxygen in Nitrogen","Isoflurane:  0.5 - 2 cmol/mol
CO2:  5 cmol/mol
N2O:  30 cmol/mol
O2:  40 cmol/mol","1.0% relative
1.0% relative
1.0% relative
1.0% relative","25,500/refill per 1 cylinder ","Cylinder Volume:  approx. 10 Liters
Filling Pressure: Depend on composition (6-25 bar), CGA Valve: 580 ",12050-22002,Chemical Metrology  Department,25500.0,Chemical Metrology  Department,3,"nitrogen, oxygen, carbon, dioxide, monoxide"
235.0,"Sevoflurane, Carbon dioxide, Nitrous oxide and Oxygen in Nitrogen","Sevoflurane : 0.5-2 cmol/mol
CO2 : 5 cmol/mol
N2O : 30 cmol/mol
O2 : 40 cmol/mol","1.0% relative
1.0% relative
1.0% relative
1.0% relative","25,500/refill per 1 cylinder ","Cylinder Volume:  approx. 10 Liters
Filling Pressure: Depend on composition (6-20 bar), CGA Valve: 580 ",12050-22003,Chemical Metrology  Department,25500.0,Chemical Metrology  Department,3,"nitrogen, oxygen, carbon, dioxide, monoxide"
236.0,Isoflurane in Nitrogen,0.5 - 2 cmol/mol,1.0 %relative,"13,400/refill per 1 cylinder ","Cylinder Volume:  approx. 10 Liters
Filling Pressure: Depend on composition (6-25 bar), CGA Valve: 580 ",12050-22101,Chemical Metrology  Department,13400.0,Chemical Metrology  Department,3,"nitrogen, oxygen, carbon, dioxide, monoxide"
237.0,Sevoflurane in Nitrogen,Sevoflurane : 0.5-2 cmol/mol,1.0% relative,"15,000/refill per 1 cylinder ","Cylinder Volume:  approx. 10 Liters
Filling Pressure: Depend on composition (6-20 bar), CGA Valve: 580 ",12050-22201,Chemical Metrology  Department,15000.0,Chemical Metrology  Department,3,"nitrogen, oxygen, carbon, dioxide, monoxide"
221.0,"Methane, Nitrogen in Hydrogen","500 - 500,000 µmol/mol",1.0% relative,"27,000/ cylinder","Cylinder volume: 10 Liters,
Filling Pressure :100 bar
CGA Valve: 580",12050-22301,Chemical Metrology  Department,27000.0,Chemical Metrology  Department,3,"nitrogen, oxygen, carbon, dioxide, monoxide"
224.0,Water in Nitrogen,10 µmol/mol,10% relative,"36,000/refill per 1 cylinder ","Cylinder volume : 30 Liters     
Filling Pressure : 100 bar 
CGA Valve: 580 ",12050-22401,Chemical Metrology  Department,36000.0,Chemical Metrology  Department,3,"nitrogen, oxygen, carbon, dioxide, monoxide"
2552.0,Helium in Argon,TRM-E-3250,?1 %relative,"25,400/refill per 1 cylinder ","Cylinder volume : 10 Liters     
Filling Pressure : 100 bar 
CGA Valve: 580 ",12050-22501,Chemical Metrology  Department,25400.0,Chemical Metrology  Department,0,"gauge, calibration, testing, machine, laser"
2558.0,Carbon monoxide Carbon dioxide and Methane in Argon,TRM-E-3251,"5 %relative
","56,500/refill per 1 cylinder ","Cylinder volume : 30 Liters     
Filling Pressure : 100 bar 
CGA Valve: 580 ",12050-22502,Chemical Metrology  Department,56500.0,Chemical Metrology  Department,3,"nitrogen, oxygen, carbon, dioxide, monoxide"
2551.0,"Hydrogen, Nitrogen and Methane in Helium",TRM-E-3270,?1 %relative,"33,000/refill per 1 cylinder ","Cylinder volume : 10 Liters     
Filling Pressure : 100 bar 
CGA Valve: 580 ",12050-22701,Chemical Metrology  Department,33000.0,Chemical Metrology  Department,3,"nitrogen, oxygen, carbon, dioxide, monoxide"
2559.0,"Benzene / Chloroform / Dichloromethane / Trichloroethylene / Tetrachloroethylene / 1, 2-Dichloroethane / 1, 2-Dichloropropane / 1, 3-Butadiene / Vinyl chloride / Balance : Nitrogen",TRM-E-3280,"? 5 %relative 
? 7 %relative for Vinyl chloride,
1,3-Butadiene,","140,000/refill per 1 cylinder ","Cylinder volume : 10 Liters     
Filling Pressure : 100 bar 
CGA Valve: 580 ",12050-22801,Chemical Metrology  Department,140000.0,Chemical Metrology  Department,3,"nitrogen, oxygen, carbon, dioxide, monoxide"
279.0,Oxygen in Nitrogen,0.01 -5 cmol/mol,"0.7%relative
","30,500/cylinder",Cylinder Volume:  approx. 10 Liters ,12050-60102,Chemical Metrology  Department,30500.0,Chemical Metrology  Department,3,"nitrogen, oxygen, carbon, dioxide, monoxide"
280.0,Oxygen in Nitrogen,10-100 µmol/mol,1.2%relative,"30,500/cylinder",Cylinder Volume:  approx. 10 Liters ,12050-60103,Chemical Metrology  Department,30500.0,Chemical Metrology  Department,3,"nitrogen, oxygen, carbon, dioxide, monoxide"
292.0,"Carbon monoxide, Methane, Carbon dioxide in Nitrogen","10 - 1,000 µmol/mol",?0.5 %relative,"34,000/cylinder",Cylinder Volume:  approx. 10 Liters. In the same concentration,12050-61301,Chemical Metrology  Department,34000.0,Chemical Metrology  Department,3,"nitrogen, oxygen, carbon, dioxide, monoxide"
293.0,Ammonia in Nitrogen,20-100 µmol/mol,?2.5 %relative,"30,600/ cylinder",Cylinder Volume:  approx. 10 Liters,12050-61401,Chemical Metrology  Department,30600.0,Chemical Metrology  Department,3,"nitrogen, oxygen, carbon, dioxide, monoxide"
294.0,Hydrogen in Nitrogen,100 - 20 000 µmol/mol,?0.5 %relative,"30,500/cylinder",Cylinder Volume:  approx. 10 Liters ,12050-61501,Chemical Metrology  Department,30500.0,Chemical Metrology  Department,3,"nitrogen, oxygen, carbon, dioxide, monoxide"
295.0,Nitrogen Dioxide in Nitrogen,30 - 3 000 umol/mol,?2.0 %relative,"27,600/cylinder",Cylinder Volume: approx. 10 Liters,12050-61701,Chemical Metrology  Department,27600.0,Chemical Metrology  Department,3,"nitrogen, oxygen, carbon, dioxide, monoxide"
298.0,"Purity assessment of high purity nitrogen 
Measurand: O2, CO, CO2, CH4, Ar, H2O",0.1-100 µmol/mol,"2-30%relative
","16,000/cylinder",,12050-66001,Chemical Metrology  Department,16000.0,Chemical Metrology  Department,0,"gauge, calibration, testing, machine, laser"
299.0,"Purity assessment of high purity oxygen
Measurand: N2, CO, CO2, CH4, Ar, H2O",0.1-100 µmol/mol,"2-30%relative
","18,000/cylinder",,12050-66101,Chemical Metrology  Department,18000.0,Chemical Metrology  Department,0,"gauge, calibration, testing, machine, laser"
300.0,"Purity assessment of high purity carbon monoxide
Measurand: O2, N2, CO2, CH4, H2O",0.1-100 µmol/mol,"2-30%relative
","13,000/cylinder",,12050-66201,Chemical Metrology  Department,13000.0,Chemical Metrology  Department,0,"gauge, calibration, testing, machine, laser"
301.0,"Purity assessment of high purity methane 
Measurand: O2, CO, CO2, THC, H2O",0.1-100 µmol/mol,"2-30%relative
","13,000/cylinder",,12050-66301,Chemical Metrology  Department,13000.0,Chemical Metrology  Department,0,"gauge, calibration, testing, machine, laser"
14.0,Sulfur Dioxide Analyzer,"30 - 5,000 umol/mol",? 1.0%,"14,500/Item",3-point calibration,12051-10501,Chemical Metrology  Department,14500.0,Chemical Metrology  Department,0,"gauge, calibration, testing, machine, laser"
15.0,Propane Detector,0.85 cmol/mol,? 1.0%,"3,000/item ",1-point calibration,12051-10601,Chemical Metrology  Department,3000.0,Chemical Metrology  Department,6,"measurement, detector, additional, frequency, irradance"
16.0,Nitrogen Monoxide Analyzer,"30 - 5,000 umol/mol",? 1.0%,"14,500/Item",3-point calibration,12051-10701,Chemical Metrology  Department,14500.0,Chemical Metrology  Department,3,"nitrogen, oxygen, carbon, dioxide, monoxide"
18.0,Iso-butane Detector,"0.75 cmol/mol 
",? 1.0%,"3,000/item ",1-point calibration,12051-11201,Chemical Metrology  Department,3000.0,Chemical Metrology  Department,6,"measurement, detector, additional, frequency, irradance"
19.0,"Multi Gas Detectors for Carbon Monoxide, Methane, Oxygen and Hydrogen Sulfide","CO:     100 µmol/mol 
CH4:   2.2 cmol/mol
O2 :   18 cmol/mol
H2S:   25 µmol/mol",? 1.0%,"6,000/item ",1-point calibration,12051-11301,Chemical Metrology  Department,6000.0,Chemical Metrology  Department,3,"nitrogen, oxygen, carbon, dioxide, monoxide"
20.0,Ammonia Detector,50 µmol/mol,? 1.0%,"3,000/item ",1-point calibration,12051-11401,Chemical Metrology  Department,3000.0,Chemical Metrology  Department,6,"measurement, detector, additional, frequency, irradance"
302.0,Aluminium cylinder 10L- CGA 580,"Cylinder Volume:   10 Liters
Brass Valve: CGA 580",,"13,000/cyl",Lot 2565,12051-20001,Chemical Metrology  Department,13000.0,Chemical Metrology  Department,0,"gauge, calibration, testing, machine, laser"
,Aluminium cylinder 10L- CGA 660,,,"15,000/cyl",,12051-20002,Chemical Metrology  Department,15000.0,Chemical Metrology  Department,0,"gauge, calibration, testing, machine, laser"
,Aluminium cylinder 30L- CGA 580,,,"20,000/cyl",,12051-20003,Chemical Metrology  Department,20000.0,Chemical Metrology  Department,0,"gauge, calibration, testing, machine, laser"
,Aluminium cylinder 30L- CGA 660,,,"20,000/cyl",,12051-20004,Chemical Metrology  Department,20000.0,Chemical Metrology  Department,0,"gauge, calibration, testing, machine, laser"
,Aluminium cylinder 2.9L- CGA 580,,,"6,000/cyl",,12051-20005,Chemical Metrology  Department,6000.0,Chemical Metrology  Department,0,"gauge, calibration, testing, machine, laser"
196.0,Oxygen in Nitrogen,5-30 cmol/mol,0.25 %relative,"29,000/refill per 1 cylinder","Cylinder volume: 10 Liters,
Filling Pressure :100-120 bar
CGA Valve: 580",12051-20101,Chemical Metrology  Department,29000.0,Chemical Metrology  Department,3,"nitrogen, oxygen, carbon, dioxide, monoxide"
197.0,Oxygen in Nitrogen,5-30 cmol/mol,0.5 %relative,"18,000/refill per 1 cylinder","Cylinder volume: 10 Liters,
Filling Pressure :100-120 bar
CGA Valve: 580",12051-20103,Chemical Metrology  Department,18000.0,Chemical Metrology  Department,3,"nitrogen, oxygen, carbon, dioxide, monoxide"
232.0,Oxygen in Nitrogen,30 - 100 cmol/mol,0.5 %relative,"23,000/refill per 1 cylinder ","Cylinder Volume:  approx. 10 Liters
Filling Pressure: 100-120 bar
CGA Valve: 580 ",12051-20104,Chemical Metrology  Department,23000.0,Chemical Metrology  Department,3,"nitrogen, oxygen, carbon, dioxide, monoxide"
199.0,Oxygen in Nitrogen,10 - 100 µmol/mol,2.0 %relative,"25,400/refill per 1 cylinder ","Cylinder volume: 10 Liters,
Filling Pressure :100-120 bar
CGA Valve: 580",12051-20111,Chemical Metrology  Department,25400.0,Chemical Metrology  Department,3,"nitrogen, oxygen, carbon, dioxide, monoxide"
207.0,Sulfur Dioxide in Nitrogen,30 -5 000 µmol/mol,1.0% relative,"31,000/refill per cylinder","Cylinder volume: 10 Liters,
Filling Pressure :100-120 bar
CGA Valve: 660",12051-20501,Chemical Metrology  Department,31000.0,Chemical Metrology  Department,3,"nitrogen, oxygen, carbon, dioxide, monoxide"
208.0,Propane in Nitrogen,0.001- 1 cmol/mol,0.7% relative,"31,000/refill per 1 cylinder","Cylinder volume: 10 Liters,
Filling Pressure :100-120 bar
CGA Valve: 580",12051-20601,Chemical Metrology  Department,31000.0,Chemical Metrology  Department,3,"nitrogen, oxygen, carbon, dioxide, monoxide"
209.0,Propane in Nitrogen,0.001- 1 cmol/mol,1.0 %relative,"20,500 refill per 1 cylinder","Cylinder volume: 10 Liters,
Filling Pressure :100-120 bar
CGA Valve: 580",12051-20603,Chemical Metrology  Department,20500.0,Chemical Metrology  Department,3,"nitrogen, oxygen, carbon, dioxide, monoxide"
211.0,Nitrogen Monoxide in Nitrogen,30 - 5 000 µmol/mol,1.0% relative,"31,000/refill per cylinder","Cylinder volume: 10 Liters,
Filling Pressure :100-120 bar
CGA Valve: 660",12051-20701,Chemical Metrology  Department,31000.0,Chemical Metrology  Department,3,"nitrogen, oxygen, carbon, dioxide, monoxide"
214.0,Hydrogen Sulfide in Nitrogen,20 - 100 µmol/mol,4% relative,"27,400/refill per 1 cylinder ","Cylinder volume: 10 Liters,
Filling Pressure :100-120 bar
CGA Valve: 660",12051-21101,Chemical Metrology  Department,27400.0,Chemical Metrology  Department,3,"nitrogen, oxygen, carbon, dioxide, monoxide"
216.0,Ammonia in Nitrogen,"20-100 µmol/mol
"," 4.0 %relative
","27,400/refill per 1 cylinder ","Cylinder Volume:  approx. 10 Liters
Filling Pressure: 100-120 bar
CGA Valve: 660 ",12051-21401,Chemical Metrology  Department,27400.0,Chemical Metrology  Department,3,"nitrogen, oxygen, carbon, dioxide, monoxide"
218.0,Nitrogen Dioxide in Nitrogen,"30 - 3,000 umol/mol",2.0% relative,"31,000/refill per cylinder","Cylinder Volumer: approx. 10 Liters
Filling Pressure: 100-120 bar
CGA Valve: 660",12051-21701,Chemical Metrology  Department,31000.0,Chemical Metrology  Department,3,"nitrogen, oxygen, carbon, dioxide, monoxide"
278.0,Oxygen in Nitrogen,5-30 cmol/mol,"0.25%relative
","23,000/cylinder",Cylinder Volume:  approx. 10 Liters ,12051-60101,Chemical Metrology  Department,23000.0,Chemical Metrology  Department,3,"nitrogen, oxygen, carbon, dioxide, monoxide"
284.0,Carbon Monoxide in Nitrogen,0.005 - 20 cmol/mol,"0.5%relative
","24,000/cylinder",Cylinder Volume:  approx. 10 Liters ,12051-60402,Chemical Metrology  Department,24000.0,Chemical Metrology  Department,3,"nitrogen, oxygen, carbon, dioxide, monoxide"
285.0,Sulfur Dioxide in Nitrogen,100 -5 000 µmol/mol,"0.7%relative
","27,600/cylinder",Cylinder Volume:  approx. 10 Liters ,12051-60501,Chemical Metrology  Department,27600.0,Chemical Metrology  Department,3,"nitrogen, oxygen, carbon, dioxide, monoxide"
286.0,Sulfur Dioxide in Nitrogen,30 - 100 µmol/mol,1.2% relative,"27,600/cylinder",Cylinder Volume:  approx. 10 Liters ,12051-60502,Chemical Metrology  Department,27600.0,Chemical Metrology  Department,3,"nitrogen, oxygen, carbon, dioxide, monoxide"
287.0,Propane in Nitrogen,0.001- 1 cmol/mol,"0.7%relative
","24,000/cylinder",Cylinder Volume:  approx. 10 Liters ,12051-60601,Chemical Metrology  Department,24000.0,Chemical Metrology  Department,3,"nitrogen, oxygen, carbon, dioxide, monoxide"
288.0,Nitrogen Monoxide in Nitrogen,50 - 5 000 µmol/mol,"0.7%relative
","27,600/cylinder",Cylinder Volume:  approx. 10 Liters ,12051-60701,Chemical Metrology  Department,27600.0,Chemical Metrology  Department,3,"nitrogen, oxygen, carbon, dioxide, monoxide"
2542.0,Nitrogen monoxide in Nitrogen,"10 -5,000 ?mol/mol",(0.5-0.7)% relative,"27,600/cylinder",Cylinder Volume: approx. 10 Liters,12051-60701,Chemical Metrology  Department,27600.0,Chemical Metrology  Department,3,"nitrogen, oxygen, carbon, dioxide, monoxide"
289.0,Nitrous Oxide in Nitrogen,0.05-10 cmol/mol,"0.7%relative
","27,600/cylinder",Cylinder Volume:  approx. 10 Liters ,12051-60801,Chemical Metrology  Department,27600.0,Chemical Metrology  Department,3,"nitrogen, oxygen, carbon, dioxide, monoxide"
290.0,"Carbon monoxide, Carbon dioxide in Nitrogen",1-15 cmol/mol,"0.5%relative
","28,800/cylinder",Cylinder Volume:  approx. 10 Liters ,12051-61001,Chemical Metrology  Department,28800.0,Chemical Metrology  Department,3,"nitrogen, oxygen, carbon, dioxide, monoxide"
291.0,Hydrogen Sulfide in Nitrogen,25 - 100 µmol/mol,2.5% relative,"30,600/cylinder",Cylinder Volume:  approx. 10 Liters ,12051-61101,Chemical Metrology  Department,30600.0,Chemical Metrology  Department,3,"nitrogen, oxygen, carbon, dioxide, monoxide"
296.0,"Particulate Matter as PM2.5, PM10  (Analysis)",0 - 500  µg/m3,As air volume specification (³2.0 %relative),"2,700/3 filter samples-47mm",By gravimetric analyis of filter sample ,12051-65001,Chemical Metrology  Department,2700.0,Mechanical  Metrology Department,0,"gauge, calibration, testing, machine, laser"
297.0,Organic and Elemental Carbon (OC/EC) in Particulate Matter,0 - 200  µg C/m3,As air volume specification (³2.0 %relative),"2,100/3 filter samples",By thermal-optical analyis of filter sample ,12051-65101,Chemical Metrology  Department,2100.0,Chemical Metrology  Department,0,"gauge, calibration, testing, machine, laser"
7.0,Oxygen Detector,18 - 23 cmol/mol,? 1.0%,"3,000/item ",1-point calibration,12052-10102,Chemical Metrology  Department,3000.0,Chemical Metrology  Department,6,"measurement, detector, additional, frequency, irradance"
9.0,Carbon Dioxide Detector,0.005-20 cmol/mol,? 1.0%,"3,000/item ",1-point calibration,12052-10202,Chemical Metrology  Department,3000.0,Chemical Metrology  Department,6,"measurement, detector, additional, frequency, irradance"
11.0,Methane Detector,"2.2 -2.5 cmol/mol 
",? 1.0%,"3,000/item ",1-point calibration,12052-10302,Chemical Metrology  Department,3000.0,Chemical Metrology  Department,6,"measurement, detector, additional, frequency, irradance"
13.0,Carbon Monoxide Detector,50 - 65000 µmol/mol,? 1.0%,"3,000/item ",1-point calibration,12052-10402,Chemical Metrology  Department,3000.0,Chemical Metrology  Department,6,"measurement, detector, additional, frequency, irradance"
201.0,Carbon Dioxide in Nitrogen,0.005-20 cmol/mol,1.0 %relative,"20,000 refill per 1 cylinder","Cylinder volume: 10 Liters,
Filling Pressure :100-120 bar
CGA Valve: 580",12052-20203,Chemical Metrology  Department,20000.0,Chemical Metrology  Department,3,"nitrogen, oxygen, carbon, dioxide, monoxide"
202.0,Methane in Nitrogen,0.005-50 cmol/mol,0.5%relative,"30,000 refill per 1 cylinder","Cylinder volume: 10 Liters,
Filling Pressure :100-120 bar
CGA Valve: 580",12052-20301,Chemical Metrology  Department,30000.0,Chemical Metrology  Department,3,"nitrogen, oxygen, carbon, dioxide, monoxide"
203.0,Methane in Nitrogen,0.005-50 cmol/mol,1.0%relative,"20,000 refill per 1 cylinder","Cylinder volume: 10 Liters,
Filling Pressure :100-120 bar
CGA Valve: 580",12052-20303,Chemical Metrology  Department,20000.0,Chemical Metrology  Department,3,"nitrogen, oxygen, carbon, dioxide, monoxide"
283.0,Carbon Monoxide in Nitrogen,5-100 µmol/mol,"1.0%relative
","24,000/cylinder",Cylinder Volume:  approx. 10 Liters ,12052-60401,Chemical Metrology  Department,24000.0,Chemical Metrology  Department,3,"nitrogen, oxygen, carbon, dioxide, monoxide"
6.0,Oxygen  Analyzer,0.001 -30 cmol/mol,? 1.0%,"11,500/item",3-point calibration,12053-10101,Chemical Metrology  Department,11500.0,Chemical Metrology  Department,0,"gauge, calibration, testing, machine, laser"
8.0,Carbon Dioxide Analyzer,0.005-20 cmol/mol,? 1.0%,"11,500/item",3-point calibration,12053-10201,Chemical Metrology  Department,11500.0,Chemical Metrology  Department,0,"gauge, calibration, testing, machine, laser"
10.0,Methane  Analyzer,0.005-20 cmol/mol,? 1.0%,"11,500/item",3-point calibration,12053-10301,Chemical Metrology  Department,11500.0,Chemical Metrology  Department,0,"gauge, calibration, testing, machine, laser"
12.0,Carbon Monoxide  Analyzer,50 - 65000 µmol/mol,? 1.0%,"11,750/item",3-point calibration,12053-10401,Chemical Metrology  Department,11750.0,Chemical Metrology  Department,0,"gauge, calibration, testing, machine, laser"
282.0,Methane in Nitrogen,0.05-50 cmol/mol,"0.5%relative
","
24,000/cylinder",Cylinder Volume:  approx. 10 Liters ,12053-60301,Chemical Metrology  Department,24000.0,Chemical Metrology  Department,3,"nitrogen, oxygen, carbon, dioxide, monoxide"
281.0,Carbon Dioxide in Nitrogen,0.05-20 cmol/mol,"0.5%relative
","24,000/cylinder",Cylinder Volume:  approx. 10 Liters ,12054-60201,Chemical Metrology  Department,24000.0,Chemical Metrology  Department,3,"nitrogen, oxygen, carbon, dioxide, monoxide"
190.0,Chloramphenicol in freeze dried prawn,0.74 ng/g,12% relative,"4,000 baht/bottle",,1211-20610,Chemical Metrology  Department,4000.0,Mechanical  Metrology Department,0,"gauge, calibration, testing, machine, laser"
7.0,Luminous flux of a tungsten lamp,5 lm to 9 000 lm,0.0089,18000,"Gonio-photometer
(CCT: 2 000 K to 3 400 K)",13010-11031,Thermometry Metrology Department,18000.0,Thermometry Metrology Department,0,"gauge, calibration, testing, machine, laser"
8.0,Luminous flux of an LED,5 lm to 9 000 lm,0.012,18000,"Gonio-photometer
(Geometric measurement conditions: full, peak wavelength: white)",13010-11032,Thermometry Metrology Department,18000.0,Thermometry Metrology Department,0,"gauge, calibration, testing, machine, laser"
55.0,Spectral radiant flux of a tungsten lamp,0.001 W/nm to 0.07 W/nm,"3.4% to 2.8%
(360 nm to 395 nm)
2.8% to 3.6%
(395 nm to 830 nm)","20,000
(+ 500 for total radiant flux)","Gonio-spectroradiometer and integrating sphere
(Geometric measurement conditions: full)",13010-13051,Thermometry Metrology Department,20000.0,Thermometry Metrology Department,0,"gauge, calibration, testing, machine, laser"
56.0,Total radiant flux of a tungsten lamp,5 W to 20 W,0.016,20000,"Gonio-spectroradiometer and integrating sphere
(Geometric measurement conditions: full, wavelength range: 360 nm to 830 nm)",13010-15080,Thermometry Metrology Department,20000.0,Thermometry Metrology Department,0,"gauge, calibration, testing, machine, laser"
1.0,Luminous intensity of a tungsten lamp,"10 cd ? I? ? 3 000 cd
2 000 K ? CCT ? 3 400 K",0.98%,15000,Detector-based method against a set of reference photometer ,13011-11011,Thermometry Metrology Department,15000.0,Thermometry Metrology Department,0,"gauge, calibration, testing, machine, laser"
6.0,Illuminance responsivity of an illuminance meter or a lux meter,"2  lx ? E? ? 70 lx  (range 1)
70  lx ? E? ? 1 400 lx  (range 2)
1 200  lx ? E? ? 10 000 lx  (range 3)
10 000  lx < E? ? 30 000 lx  (range 4)

2 000 K ? CCT ? 3 400 K","0.91% (range 1, 2, 3)
1.2% (range 4, 5)
 varied with illuminance level","5,000 for the first range + 2,500 for any additional range 2, 3, 4
(5 calibration points per range)",Detector-based comparison against reference photometers,13011-11021,Thermometry Metrology Department,5000.0,Thermometry Metrology Department,7,"meter, power, phase, ac, wattmeter"
2513.0,Illuminance responsivity of an illuminance meter or a lux meter (LED source),1 000 lx < Eu <120 000 lx5 780 K < CCT < 5 930 K,1.2% (1000 lx ? Eu? 10000 lx)1.6% (10000 lx < Eu ? 120000 lx)varied with illuminance level,"15,000 (15 calibration points)",Detector-based comparison against reference photometers using LED source,13011-11022,Thermometry Metrology Department,15000.0,Thermometry Metrology Department,7,"meter, power, phase, ac, wattmeter"
14.0,Luminance responsivity of a luminance meter,"0.100 0 cd/m2 ? L? ? 43 000 cd/m2
2 000 K ? CCT ? 3 400 K",0.0091,"30,000 for a set of 30 calibration points covering 5 decades",Detector-based comparison against a set of two reference photometers with precision aperture,13011-11060,Thermometry Metrology Department,30000.0,Thermometry Metrology Department,0,"gauge, calibration, testing, machine, laser"
13.0,Luminance of a luminance source,"0.100 0 cd/m2 ? L? ? 199 900 cd/m2
2 000 K ? CCT ? 6 500 K",0.011,"10,000 for the first calibration point + 8,000 for any additional point","Direct measurement by NIMT’s reference
luminance meter",13012-11051,Thermometry Metrology Department,10000.0,Thermometry Metrology Department,0,"gauge, calibration, testing, machine, laser"
15.0,Luminance responsivity of a luminance meter,"1 cd/m2 ? L? ? 49 000 cd/m2
3 000 K ? CCT ? 6 000 K",0.017,"4,000 for the first calibration point + 1,500 for any additional point within the same range and approximately same CCT (± 50 K)",Comparison method against the reference luminance meter under the solar spectrum uniform source system,13012-11060,Thermometry Metrology Department,4000.0,Thermometry Metrology Department,0,"gauge, calibration, testing, machine, laser"
2.0,Luminous intensity of an incandescent lamp,"10 cd ? I? ? 3 000 cd
2 000 K ? CCT ? 3 400 K",0.66%,"18,750 for the first lamp + 
8,500 for any additional lamp of the same type ",Substitution method against two national reference standard lamps,13015-11011,Thermometry Metrology Department,18750.0,Thermometry Metrology Department,0,"gauge, calibration, testing, machine, laser"
4.0,Illuminance responsivity of a photo-detector head,"12 lx ? E? ? 300 lx
2 000 K ? CCT ? 3 400 K",0.70%,6250,Source-based measurements using national reference standard lamps applying the inverse-square law.,13015-11021,Thermometry Metrology Department,6250.0,Thermometry Metrology Department,6,"measurement, detector, additional, frequency, irradance"
9.0,Luminous flux of a tungsten lamp,5 lm to 9 000 lm,1.10%,"13,000 for the first lamp +
7,000 for any additional lamp of the same type","Integrating sphere
(CCT: 2 000 K to 3 400 K)",13015-11031,Thermometry Metrology Department,13000.0,Thermometry Metrology Department,0,"gauge, calibration, testing, machine, laser"
10.0,Luminous flux of an LED,5 lm to 9 000 lm,1.30%,"13,000 for the first lamp +
7,000 for any additional lamp of the same type","Integrating sphere
(Geometric measurement conditions: full, peak wavelength: white)",13015-11032,Thermometry Metrology Department,13000.0,Thermometry Metrology Department,0,"gauge, calibration, testing, machine, laser"
12.0,Luminous flux of a linear fluorescent lamp,800 lm to 4 000 lm,1.20%,"13,000 for the first lamp +
7,000 for any additional lamp of the same type","Integrating sphere
(CCT: 2 600 K to 6 200 K)",13015-11033,Thermometry Metrology Department,13000.0,Thermometry Metrology Department,0,"gauge, calibration, testing, machine, laser"
17.0,Correlated color temperature of a general source,"2 600 K to 3 200 K (tungsten lamp)
2 600 K to 7 500 K (discharge lamp, LED)","19 K (tungsten lamp)
23 K to 79 K (discharge lamp, LED)",6500,Spectroradiometer and integrating sphere,13015-15021,Thermometry Metrology Department,6500.0,Thermometry Metrology Department,0,"gauge, calibration, testing, machine, laser"
66.0,Spectral diffuse/hemispherical reflectance of a spectrally-neutral material,30 % to 100 %,"2.2 % to 1.4 %
(diffuse: 400 nm to 470 nm
hemispherical: 400 nm to 430 nm)

1.4 % to 1.3 %
(diffuse: 470 nm to 700 nm
hemispherical: 430 nm to 700 nm)","10,000",Spectrophotometer,13015-34051,Thermometry Metrology Department,10000.0,Thermometry Metrology Department,0,"gauge, calibration, testing, machine, laser"
3.0,Luminous intensity of an incandescent lamp,"10 cd ? I? ? 3 000 cd
2 000 K ? CCT ? 3 400 K",0.83%,"12,500 for the first lamp + 
6,250 for any additional lamp of the same type",Substitution method against two working standard lamps,13016-11011,Thermometry Metrology Department,12500.0,Thermometry Metrology Department,0,"gauge, calibration, testing, machine, laser"
5.0,Illuminance responsivity of a photo-detector head,"12 lx ? E? ? 300 lx
2 000 K ? CCT ? 3 400 K",0.80%,3130,Source-based measurements using working standard lamps applying the inverse-square law.,13016-11021,Thermometry Metrology Department,3130.0,Thermometry Metrology Department,6,"measurement, detector, additional, frequency, irradance"
18.0,"Regular spectral transmittance of a transmitting filter or film.  
Measured transmittance values will be reported at 10 nm interval from 200 nm to 900 nm and 50 nm interval from 900 nm to 2 500 nm.","31.6% < %T ? 97.7% 
(0.01 ? OD < 0.5)",200 nm to 2000 nm: Greater than or equal to 0.48% ,"6,250/sample for full range 
(UV-VIS-NIR)
3,750/sample for half range
(UV-VIS or VIS-NIR)
3,750/sample","By comparison against a reference  ND filters using the reference spectrophotometer.
Measurement uncertainties shown are percent relative of transmittance values and they are varied by wavelengths and dependent of UCC.",13025-14011,Thermometry Metrology Department,6250.0,Thermometry Metrology Department,0,"gauge, calibration, testing, machine, laser"
19.0,Diffuse spectral transmittance of a diffusely transmitting material,380 nm to 780 nm,"For 20% haze plate, typical uncertainties in diffuse spectral transmittance are 0.13% to 0.18% throughout the spectrum ","4,000/sample",Direct measurement by single-beam reference spectrophtometer ,13025-14021,Thermometry Metrology Department,4000.0,Thermometry Metrology Department,0,"gauge, calibration, testing, machine, laser"
20.0,"Specular excluded spectral diffuse reflectance of a glossy color sample (8o:de)  
Measured diffused reflectance values will be reported at 5 nm interval from 380 nm to 780 nm.",0% < %R ? 10%,0.0003,"6,250 for the first piece
+ 3,750 for any additional piece
Fee will be scaled down for selected partial wavelength range.","By comparison against a reference glossy ceramic color standard using the reference spectrophotometer with integrating sphere accessory.
Measurement uncertainties shown are percent relative of reflectance values and they are varied by wavelengths and dependent of UCC.",13025-14051,Thermometry Metrology Department,6250.0,Thermometry Metrology Department,0,"gauge, calibration, testing, machine, laser"
24.0,Regular spectral reflectance,"5 ? %R ? 100% 
200 nm ? l ? 2 500 nm at 5 nm interval","0.32% to 0.42% for the wavelength range from 200 nm to 885 nm
1.0% to 1.4% for the wavelength range from 890 nm to 2 500 nm
*Typical values for a high reflective aluminum mirror.  Uncertainties for other materials are likely higher.","11,250 for full-range.
Price for partial-range will be scaled down accordingly.",Absolute method by a double-subtractive double-beam spectrophotometer (Perkin-Elmer Lambda 1050) equipped with a variable-angle reflectance accessory (URA),13025-14061,Thermometry Metrology Department,11250.0,Thermometry Metrology Department,0,"gauge, calibration, testing, machine, laser"
22.0,"Specular included spectral diffuse reflectance of a glossy color sample (8o:di) 
Measured diffused reflectance values will be reported at 5 nm interval from 380 nm to 780 nm.",0% < %R ? 10%,0.0030 to 0.0022,"6,250 for the first piece
+ 3,750 for any additional piece
Fee will be scaled down for selected partial wavelength range.","By comparison against a reference glossy ceramic color standard using the reference spectrophotometer with integrating sphere accessory.
Measurement uncertainties shown are percent relative of reflectance values and they are varied by wavelengths and dependent of UCC.",13025-14071,Thermometry Metrology Department,6250.0,Thermometry Metrology Department,0,"gauge, calibration, testing, machine, laser"
25.0,"Wavelength calibration of a transmitted wavelength standard (holmium oxide solution, holmium oxide filter, dydimium oxide filter etc.)",200 nm to 2 500 nm,200 nm to 700 nm: 0.19 nm,"2,500 for first peak identification + 1,250 for any additional peak ",Measurement by reference spectrometer,13025-14150,Thermometry Metrology Department,2500.0,Thermometry Metrology Department,0,"gauge, calibration, testing, machine, laser"
26.0,Wavelength calibration of a reflectance wavelength standard (holmium oxide doped ceramic tile etc.),200 nm to 2 500 nm,200 nm to 700 nm: 0.19 nm,"3,750 for first peak identification + 1,250 for any additional peak ",Measurement by reference spectrometer with integrating sphere accessory,13025-14151,Thermometry Metrology Department,3750.0,Thermometry Metrology Department,0,"gauge, calibration, testing, machine, laser"
57.0,"Surface color of general reflecting material, x, y, Y, u', v', L*, a*, b*",-,"Varied by parameter of interest  and color of UUC, please contact a laboratory staff for full details.","For general material: 7,500 THB for the first piece and 4,000 THB for an additional piece. 
For a set of color standards:
7,500 THB for the first piece and 2,000 THB for an additional piece.",Spectral diffuse reflectance measurement by single-beam substitution method against a reference color standard,13025-16010,Thermometry Metrology Department,7500.0,Thermometry Metrology Department,0,"gauge, calibration, testing, machine, laser"
59.0,Transmitted color of a transmitting material,360 nm to 860 nm,Values and uncertainties vary depending on sample's color. ,"3,500/sample",Direct measurement by single-beam reference spectrophtometer ,13025-16030,Thermometry Metrology Department,3500.0,Thermometry Metrology Department,0,"gauge, calibration, testing, machine, laser"
60.0,Haze and luminous transmittance of a diffusely transmitting material,380 nm to 780 nm,"For 20% haze plate, typical uncertainty in transmission haze is 0.16%.","5,000/sample",Based on ASTM D1003 standard method,13025-16070,Thermometry Metrology Department,5000.0,Thermometry Metrology Department,0,"gauge, calibration, testing, machine, laser"
61.0,Whiteness and Tint,"380 nm to 780 nm
W greater than 40 and less than 5Y-280",1.5,"6,500/sample",Spectral diffuse reflectance measurement by single-beam substitution method against a reference white diffuse reflectance standard,13025-16120,Thermometry Metrology Department,6500.0,Mechanical  Metrology Department,0,"gauge, calibration, testing, machine, laser"
74.0,"ND Filter (OD0.1, OD0.4, OD1.0)",380 nm to 780 nm,"Spectral regular transmittance
0.74% to 0.86% for OD0.1
0.86% to 1.2% for OD0.4
T<10%, Uabs = 0.29% and T³10%, Urel = 3.1% for OD1.0","10,000/sample",Comparison using the reference spectrophotometer.,13025-34011,Thermometry Metrology Department,10000.0,Thermometry Metrology Department,0,"gauge, calibration, testing, machine, laser"
75.0,Holmium oxide glass filter,240 nm to 640 nm,Uabs = 0.20 nm,"17,500 for 4 peaks  identification + 1,250 for any additional peak",Comparison using the reference spectrophotometer.,13025-34150,Thermometry Metrology Department,17500.0,Thermometry Metrology Department,0,"gauge, calibration, testing, machine, laser"
27.0,Regular transmittance responsivity of transmission meter and tint meter,0% < %T ? 100% ,2%,6250,"By comparison against working standard ND filters at the nominal optical density values of 0.1, 0.3, 0.5 and 1.0.",13026-14011,Thermometry Metrology Department,6250.0,Thermometry Metrology Department,7,"meter, power, phase, ac, wattmeter"
21.0,"Specular excluded spectral diffuse reflectance of a matte color sample (8o:de)
Measured diffused reflectance values will be reported at 5 nm interval from 380 nm to 780 nm.",0% < %R ? 10%,0.0003,"6,250 for the first piece
+ 3,750 for any additional piece
Fee will be scaled down for selected partial wavelength range.","By comparison against a reference matte ceramic color standard using the reference spectrophotometer with integrating sphere accessory.
Measurement uncertainties shown are percent relative of reflectance values and they are varied by wavelengths and dependent of UCC.",13026-14051,Thermometry Metrology Department,6250.0,Thermometry Metrology Department,0,"gauge, calibration, testing, machine, laser"
23.0,"Specular included spectral diffuse reflectance of a matte color sample (8o:di)
Measured diffused reflectance values will be reported at 5 nm interval from 380 nm to 780 nm.",0% < %R ? 10%,0.0030 to 0.0022,"6,250 for the first piece
+ 3,750 for any additional piece
Fee will be scaled down for selected partial wavelength range.","By comparison against a reference matte ceramic color standard using the reference spectrophotometer with integrating sphere accessory.
Measurement uncertainties shown are percent relative of reflectance values and they are varied by wavelengths and dependent of UCC.",13026-14071,Thermometry Metrology Department,6250.0,Thermometry Metrology Department,0,"gauge, calibration, testing, machine, laser"
58.0,"Surface Color Responsivity of Colorimeter, x, y, Y, u', v', L*, a*, b*",380 nm to 780 nm,Varied by parameter of interest  and color of standard.,6250,Direct measurement by using the basic color checked standard,13026-16010,Thermometry Metrology Department,6250.0,Thermometry Metrology Department,0,"gauge, calibration, testing, machine, laser"
31.0,Power responsivity of a trap detector,Power level: < 1 mW,"0.026% (power responsivity)
0.087% (spectral responsivity)","35,000 per wavelength point
+ 10,000 for spectral responsivity","- The power responsivity is calibrated against a cryogenic radiometer at laser wavelengths (406.7 nm, 413.1 nm, 476.2 nm, 530.9 nm, 568.2 nm, 632.8 nm, 647.1 nm, 799.3 nm)
- Spectral responsivity scale is  interpolated between the laser wavelengths based ",13030-12040,Thermometry Metrology Department,35000.0,Thermometry Metrology Department,6,"measurement, detector, additional, frequency, irradance"
2512.0,Spectral responsivity of a broadband detector,Wavelength: 400 nm ? l ? 800 nmPower level: 4.8 nW to 2.6 mW,0.25% to 0.22%,"20,000 for 10 nm step, 
30,000 for 5 nm step",Comparison agianst two reference trap-detectors under monochromatic radiation,13031-12011,Thermometry Metrology Department,20000.0,Thermometry Metrology Department,6,"measurement, detector, additional, frequency, irradance"
46.0,Measurement of linearity response of a photo-detector," At discrete wavelengths from 200 nm to 2 500 nm
Beam size ranges from 25 micron to 5 mm","200 nm to 400 nm: 
± 0.1%
400 nm to 2 500 nm: ± 0.05% ","4,375 for one combination of wavelength and beam size of one photo-detector",Flux superposition method,13032-12900,Thermometry Metrology Department,4375.0,Thermometry Metrology Department,6,"measurement, detector, additional, frequency, irradance"
47.0,Measurement of uniformity of response of a photo-detector," At discrete wavelengths from 200 nm to 2 500 nm
Beam size ranges from 25 micron to 5 mm","200 nm to 400 nm: 
± 0.2%
400 nm to 2 500 nm: ± 0.1% ","6,250 for  one combination of wavelength and beam size of one photo-detector",x-y linear scan,13032-12910,Thermometry Metrology Department,6250.0,Thermometry Metrology Department,6,"measurement, detector, additional, frequency, irradance"
34.0,Intregrated irradiance responsivity of broadband radiometer,"315 nm to 400 nm
(UVA )",4.40%,"6,250 per probe for the first irradiance level point
+ 3,130 for any additional irradiance level point",Source based calibration against a reference spectroradiometer using filtered 500 W Hg(Xe) as light source,13034-12090,Thermometry Metrology Department,6250.0,Thermometry Metrology Department,0,"gauge, calibration, testing, machine, laser"
35.0,Intregrated irradiance responsivity of broadband radiometer,"280 nm to 315 nm
(UVB)",6.30%,"6,250 per probe for the first irradiance level point
+ 3,130 for any additional irradiance level point",Source based calibration against a reference spectroradiometer using filtered 500 W Hg(Xe) as light source,13034-12091,Thermometry Metrology Department,6250.0,Thermometry Metrology Department,0,"gauge, calibration, testing, machine, laser"
36.0,Intregrated irradiance responsivity of broadband radiometer,"280 nm to 400 nm
(UVA+UVB)",6.00%,"6,250 per probe for the first irradiance level point
+ 3,130 for any additional irradiance level point",Source based calibration against a reference spectroradiometer using filtered 500 W Hg(Xe) as light source,13034-12092,Thermometry Metrology Department,6250.0,Thermometry Metrology Department,0,"gauge, calibration, testing, machine, laser"
41.0,UVC irradiance responsivity of an UVC radiometers,"Wavelength: 240 nm to 270 nm
Irradiance level: 2 mW?cm-2 to 20 W?m-2
(Standard points: 2, 40, 160, 225, 350, 450, and 500 mW?cm-2)","3.1%, varied by DUT and irradiance level","8,750 THB / fisrt point + 2,500 THB / for additional standard point(s) + 4,375 THB / for additional point(s)","Source based calibration against a
reference spectroradiometer using low
pressure Hg lamps as calibration source with ND filters",13034-12093,Thermometry Metrology Department,8750.0,Thermometry Metrology Department,0,"gauge, calibration, testing, machine, laser"
42.0,Erythemally Weighted Effective Global Solar UV Irradiance Responsivity of a UVE Radiometer/UV Index Meter,"0.012 W?m-2 ? Eer ? 0.500 W?m-2
250 nm ? l ? 400 nm","8.8 % to 9.3 %
 varied with effective irradiance level and DUT","6,250 for the first point + 3,750 for any additional point
",Source based comparison against working standard spectroradiometer by using a properly filtered Xe discharge lamp as the calibration light source,13034-12095,Thermometry Metrology Department,6250.0,Thermometry Metrology Department,0,"gauge, calibration, testing, machine, laser"
,Integrated Irradiance Responsivity of a Bilirubin Phototherapy Radiometer,"""1.0 mW?cm-2?nm-2 ? Eb (l) ? 20.0 
mW?cm-2?nm-2
425 nm ? l ? 475 nm
(Based on AAP CPG)""
","""2.2 %
 varied with mean spectral irradiance level and DUT""
","6,250 for the first level 
point + 3,750 for any additional 
level poin","""Source based calibration against a working standard spectroradiometer 
by using a 445 nm blue LED panel 
light source as the calibration light source""


",13034-12096,Thermometry Metrology Department,6250.0,Thermometry Metrology Department,0,"gauge, calibration, testing, machine, laser"
,Integrated Irradiance Responsivity of a Bilirubin Phototherapy Radiometer,"""50.0 mW?cm-2 ? Eb ? 750.0 mW?cm-2
400 nm ? l ? 500 nm
(Other CPGs)""
","""2.1 %
 varied with irradiance level and DUT""
","6,250 for the first level 
point + 3,750 for any additional 
level poin","""Source based calibration against a working standard spectroradiometer 
by using a 445 nm blue LED panel 
light source as the calibration light source""


",13034-12096,Thermometry Metrology Department,6250.0,Thermometry Metrology Department,0,"gauge, calibration, testing, machine, laser"
,Integrated Irradiance Responsivity of a Bilirubin Phototherapy Radiometer,"""50.0 mW?cm-2 ? Eb ? 1 000.0 mW?cm-2
400 nm ? l ? 550 nm
(Based on IEC 60601-2-50)""
","""2.2 %
 varied with irradiance level and DUT""
","6,250 for the first level 
point + 3,750 for any additional 
level poin","""Source based calibration against a working standard spectroradiometer 
by using a 445 nm blue LED panel 
light source as the calibration light source""


",13034-12096,Thermometry Metrology Department,6250.0,Thermometry Metrology Department,0,"gauge, calibration, testing, machine, laser"
37.0,Intregrated irradiance responsivity of broadband radiometer,Arbitary range within 280 nm to 1 020 nm,Varied by selected range,"6,250 per probe for the first irradiance level point
+ 3,130 for any additional irradiance level point",Source based calibration against a reference spectroradiometer using filtered 500 W Hg(Xe) as light source,13034-12099,Thermometry Metrology Department,6250.0,Thermometry Metrology Department,0,"gauge, calibration, testing, machine, laser"
43.0,Integrated Radiant Exposure Responsivity of a UV Radiometer,"315 nm ? ? ? 400 nm
2 W?m-2 ? Ee ? 40 W?m-2
30 s ? t ? 120 s","5.0 % to 6.3 %
 varied with exposure time, irradiance level and DUT","8,500 for the first point + 4,200 for any additional point",Comparison agiants a working standard spectroradiometer with a calibrated stopwatch applying the filtered 500W Hg(Xe) arc lamp,13034-12100,Thermometry Metrology Department,8500.0,Thermometry Metrology Department,0,"gauge, calibration, testing, machine, laser"
44.0,Integrated Radiant Exposure Responsivity of a UV Radiometer,"280 nm ? ? ? 400 nm
5 W?m-2 ? Ee ? 40 W?m-2
30 s ? t ? 180 s","5.5 % to 6.8 %
 varied with exposure time, irradiance level and DUT","8,125 for the first point + 3,750 for any additional point",Comparison agiants a working standard spectroradiometer with a calibrated stopwatch applying the 300W Ultra-Vitalux® UV lamp,13034-12101,Thermometry Metrology Department,8125.0,Thermometry Metrology Department,0,"gauge, calibration, testing, machine, laser"
38.0,Intregrated irradiance responsivity of narrowband radiometer,365 nm ± 10 nm,0.044,"6,250 per probe for the first irradiance level point
+ 3,130 for any additional irradiance level point",Source based calibration against a reference spectroradiometer using filtered 500 W Hg(Xe) as light source,13034-12110,Thermometry Metrology Department,6250.0,Thermometry Metrology Department,0,"gauge, calibration, testing, machine, laser"
39.0,Intregrated irradiance responsivity of narrowband radiometer,254 nm ± 10 nm,10%,,,13034-12113,Thermometry Metrology Department,7880.0,Thermometry Metrology Department,0,"gauge, calibration, testing, machine, laser"
40.0,Intregrated irradiance responsivity of narrowband radiometer,Arbitary range within 280 nm to 1 020 nm,Varied by selected range,,,13034-12119,Thermometry Metrology Department,7880.0,Thermometry Metrology Department,0,"gauge, calibration, testing, machine, laser"
32.0,Solar irradiance responsivity of a Si-pyranometer,"Wavelength: 400 nm to 1 100 nm
Power Level: 50 W.m-2 to 380 W.m-2
",0.02,6250,Comparison against a working standard spectroradiometer applying 300 W Xe arc lamp with 1.5 global  airmassfilter,13034-12716,Thermometry Metrology Department,6250.0,Thermometry Metrology Department,0,"gauge, calibration, testing, machine, laser"
33.0,Solar irradiance responsivity of a thermopile-detector pyranometer,"280 nm to 2 500 nm
(160 W.m2 to 520 W.m2)",2.1% to 3.4%,9000,Soruce based calibration against a working standard spectroradiometer applying a solar simulator system,13034-12717,Thermometry Metrology Department,9000.0,Thermometry Metrology Department,6,"measurement, detector, additional, frequency, irradance"
50.0,Measurement of absolute / relative spectral irradance of a light source,250 nm to 1 020 nm," Greater than or equal to  
2.4%","6,250 for the first lamp
+ 3,130 for any additional lamp of the same type",Measurement by a working standard diode array spectroradiometer ,13034-13013,Thermometry Metrology Department,6250.0,Thermometry Metrology Department,6,"measurement, detector, additional, frequency, irradance"
67.0,Measurement of absolute / relative spectral irradance of a light source,250 nm to 1020 nm,3.4% to 9.8%,"6,250",Measurement by a working standard diode array spectroradiometer,13034-33013,Thermometry Metrology Department,6250.0,Thermometry Metrology Department,6,"measurement, detector, additional, frequency, irradance"
,Solar simulator performance testing according to IEC 60904-9,"Data sampling time of DUT ? 100 ms for instability evaluation
","0.05%
","7,500 for LTI and STI 3,500 for LTI only ",,13034-33014,Thermometry Metrology Department,7500.0,Thermometry Metrology Department,0,"gauge, calibration, testing, machine, laser"
,Solar simulator performance testing according to IEC 60904-9,"80% of active area for non-uniformity evaluation
","0.01%
","12,000 for 98 test positions + 500/additional test position",,13034-33014,Thermometry Metrology Department,12000.0,Thermometry Metrology Department,0,"gauge, calibration, testing, machine, laser"
71.0,Solar simulator performance testing according to IEC 60904-9,"400 nm to 1,100 nm (300 nm to 1 200 nm) for spectral match evaluation",0.001,"For 400 nm to 1 100 nm, 7,500/irradiance level For 300 nm to 1 200 nm, 9,000/irradiance level","Measurements based on IEC 60904-9
Edition 3.0 2020-09",13034-33014,Thermometry Metrology Department,400.0,Thermometry Metrology Department,0,"gauge, calibration, testing, machine, laser"
51.0,Measurement of integrated absolute irradance of a light source,"320 nm to 400 nm
(UVA)",0.042,"6,250 for the first lamp 
(per range)
+ 3,130 for any additional lamp of the same type
(per range)",Measurement by a working standard radiometer,13035-15090,Thermometry Metrology Department,6250.0,Thermometry Metrology Department,6,"measurement, detector, additional, frequency, irradance"
52.0,Measurement of integrated absolute irradance of a light source,"260 nm to 320 nm
(UVB)",0.064,"6,250 for the first lamp 
(per range)
+ 3,130 for any additional lamp of the same type
(per range)",Measurement by a working standard radiometer,13035-15091,Thermometry Metrology Department,6250.0,Thermometry Metrology Department,6,"measurement, detector, additional, frequency, irradance"
53.0,Measurement of integrated absolute irradance of a light source,400 nm to 500 nm,0.0357,"6,250 for the first lamp 
(per range)
+ 3,130 for any additional lamp of the same type
(per range)",Measurement by a working standard radiometer,13035-15098,Thermometry Metrology Department,6250.0,Thermometry Metrology Department,6,"measurement, detector, additional, frequency, irradance"
72.0,UVC Intregrated irradiance of customer's source,220 nm to 280 nm,0.054,"6,400 per probe for the first irradiance level point
+ 2,900 for any additional irradiance level point",Measurement by reference UVC meter,13035-32093,Thermometry Metrology Department,6400.0,Thermometry Metrology Department,0,"gauge, calibration, testing, machine, laser"
68.0,Measurement of integrated absolute irradance of a light source,"320 nm to 400 nm
(UVA)",0.042,"6,130 
(per range)",Measurement by a working standard radiometer,13035-35090,Thermometry Metrology Department,6130.0,Thermometry Metrology Department,6,"measurement, detector, additional, frequency, irradance"
69.0,Measurement of integrated absolute irradance of a light source,"260 nm to 320 nm
(UVB)",0.064,,,13035-35091,Thermometry Metrology Department,7880.0,Thermometry Metrology Department,6,"measurement, detector, additional, frequency, irradance"
70.0,Measurement of integrated absolute irradance of a light source,400 nm to 500 nm,0.0357,,,13035-35098,Thermometry Metrology Department,7880.0,Thermometry Metrology Department,6,"measurement, detector, additional, frequency, irradance"
,Spectral irradiance of a tungsten- 1 halogen lamp (FEL and Ushio type),"250 nm ??? 430 nm
430 nm <?? 1 100 nm
 100 nm <?? 1 800 nm
 1 800 nm <?? 2 400 nm","3.6% to 2.2%
2.2% to 1.7%
2.1% to 3.2%
3.2% to 6.8%","11,250 for the first range of the first lamp
+ 5,630 for the first range of any additional lamp of the same type + 3,750 for any additional range",By scanning measurements against a set of two spectral irradiance  standard lamps using a double subtractive monochromator,13037-13011,Thermometry Metrology Department,11250.0,Thermometry Metrology Department,0,"gauge, calibration, testing, machine, laser"
49.0,Spectral irradiance of a duterium lamp,200 nm to 400 nm,5.3% to 12%,"13,750 for the first lamp
+ 5,630 for any additional lamp",By scanning measurements against a spectral irradiance reference national standard lamp using a double subtractive monochromator,13037-13012,Thermometry Metrology Department,13750.0,Thermometry Metrology Department,0,"gauge, calibration, testing, machine, laser"
54.0,Spectral radiance of radiance source,"Wavelength range: 320 nm to 1 100 nm
Bandwidth: 4.0 nm
Correlated color temperature (CCT)
2 000 K ? CCT ? 6 500 K",2.6% to 7.0%,"20,000 for the first calibration point + 5,000 for any additional point",Comparison method for relative spectral measurement and direct measurement for absolute luminance by a reference luminance meter.,13037-13021,Thermometry Metrology Department,20000.0,Thermometry Metrology Department,0,"gauge, calibration, testing, machine, laser"
28.0,Absolute spectral irradiance responsivity of a spectroradiometer with irradiance probe,200 nm to 1 700 nm," Greater than or equal to  
2.6%","11,250 for scanning type and 6,250 for diode-array type",Direct measurement against a set of two FEL working standard lamps ,13038-12023,Thermometry Metrology Department,11250.0,Thermometry Metrology Department,0,"gauge, calibration, testing, machine, laser"
48.0,Spectral irradiance responsivity of low-sense UV and blue-wavelength spectroradiometer,"Wavelength: 200 nm ? ? ?  500 nm
Power level: 0.002 W?m-2?nm-1 to 1 W?m-2?nm-1","³ 4.7%, varied by DUT, wavelength, bandwdith and power level","10,000 / Irradiance level",Comparison against reference spectroradiometer using 300 W Xe lamp,13038-12024,Thermometry Metrology Department,10000.0,Thermometry Metrology Department,0,"gauge, calibration, testing, machine, laser"
30.0,Absolute spectral radiance responsivity,"Radiance: 0.000 5 W.sr-1. m-2.nm-1
Type of source: Tungsten-based integrating sphere source",2.8% to 7.6%,"7,500 for diode array type spectrometer
10,000 for scanning type spectrometer",Direct measurement on reference radiance gauge ,13038-12030,Thermometry Metrology Department,7500.0,Thermometry Metrology Department,0,"gauge, calibration, testing, machine, laser"
45.0,Responsivity of PAR radiometer,400 nm to 700 nm,2.00%,"6,250 per probe for the first irradiance level point + 3,130 for any additional irradiance level point

",Direct measurement against a set of two FEL working standard lamps ,13038-12120,Thermometry Metrology Department,6250.0,Thermometry Metrology Department,0,"gauge, calibration, testing, machine, laser"
29.0,Relative spectral radiance responsivity of a spectroradiometer with radiance probe,250 nm to 2 500 nm," Greater than or equal to  
2.5%","11,250 for scanning type and 6,250 for diode-array type",Direct measurement against a set of two FEL working standard lamps ,13039-12030,Thermometry Metrology Department,11250.0,Thermometry Metrology Department,0,"gauge, calibration, testing, machine, laser"
62.0,Correlated color temperature of a general source,"2 600 K to 3 200 K (tungsten lamp)
2 600 K to 7 500 K (discharge lamp, LED)","13 K (tungsten lamp)
14 K to 33 K (discharge lamp, LED)","6,500
(+ 500 for chromaticity coordinate)",Spectroradiometer and photometric bench,13041-15021,Thermometry Metrology Department,6500.0,Thermometry Metrology Department,0,"gauge, calibration, testing, machine, laser"
64.0,Correlated color temperature response of a color temperature meter,"2 600 K to 3 200 K (tungsten source)
2 600 K to 10 000 K (spectrally tunable LED source)","13 K (tungsten source)
25 K to 133 K (spectrally tunable LED source)","6,500 for the first calibration point + 1,000 for any additional point",Spectroradiometer,13041-15030,Thermometry Metrology Department,6500.0,Thermometry Metrology Department,0,"gauge, calibration, testing, machine, laser"
63.0,Emitted color of a general source,-,"0.001 (tungsten lamp)
0.002 (discharge lamp, LED)","6,500
(+ 500 for correlated color temperature)",Spectroradiometer and photometric bench,13041-15040,Thermometry Metrology Department,6500.0,Thermometry Metrology Department,0,"gauge, calibration, testing, machine, laser"
65.0,Chromaticity response of a colorimeter,-,"0.001 (tungsten source)
0.002 (spectrally tunable LED source)","6,500 for the first calibration point + 1,000 for any additional point",Spectroradiometer,13041-15050,Thermometry Metrology Department,6500.0,Thermometry Metrology Department,0,"gauge, calibration, testing, machine, laser"
16.0,Averaged luminous intensity of a single-packaged LED,0.1 cd to 50 cd,"2.4% to 3.3%
varied with LED color  ","15,000 for the first LED (CIE condition A and B) + 7,500 for any additional LED of the same type","Photometric bench, spectroradiometer and reference lamps",13045-11012,Thermometry Metrology Department,15000.0,Thermometry Metrology Department,0,"gauge, calibration, testing, machine, laser"
11.0,Luminous flux of a single-packaged LED,0.1 lm to 100 lm,"2.1% to 2.6% 
varied with LED color","12,500 for the first LED + 6,250 for any additional LED of the same type","Integrating sphere
(Geometric measurement conditions: full)",13045-11032,Thermometry Metrology Department,12500.0,Thermometry Metrology Department,0,"gauge, calibration, testing, machine, laser"
,Spectral responsivity of a PV device,"Wavelength: 300 nm ? ? ?  1200 nm
Power level: 0.2 mW to 4 mW","2.0%, varied by DUT, wavelength and power level","10,000 for the first bias light level + 5,000 for additional bias light level",IEC 60904-8 Clause 7,13050-12001,Thermometry Metrology Department,10000.0,Thermometry Metrology Department,0,"gauge, calibration, testing, machine, laser"
2511.0,Spectral responsivity of a PV device,"Wavelength: 300 nm ? ? ?  1200 nm
Power level: 0.2 mW to 4 mW","2.0%, varied by DUT, wavelength and power level","10,000 for the first bias light level + 5,000 for additional bias light level",IEC 60904-8 Clause 7,13050-12001,Thermometry Metrology Department,10000.0,Thermometry Metrology Department,0,"gauge, calibration, testing, machine, laser"
73.0,Sensitivity of a pyranometer,(600 to 1000) W/m2,0.03,10000,Comparison to a reference pyranometer in accordance with ISO 9847:2023 Type B1,13050-31001,Thermometry Metrology Department,10000.0,Acoustic and Vibration,0,"gauge, calibration, testing, machine, laser"
,Adjustment Charge,,,25 % of the calibration cost of each range ,,14000 - 10001,Acoustic and Vibration,25.0,Mechanical  Metrology Department,0,"gauge, calibration, testing, machine, laser"
,"Measurement Microphone type LS1P 
by the reciprocity technique (Pressure sensitivity level)",20 Hz to 10 kHz,0.04 dB to 0.07 dB,"10,630/piece",,14010 - 11101,Acoustic and Vibration,10630.0,Acoustic and Vibration,6,"measurement, detector, additional, frequency, irradance"
,"Measurement Microphone type LS2P 
by the reciprocity technique (Pressure sensitivity level)",20 Hz  to 20 kHz,0.04 dB to 0.10 dB,"10,630/piece",,14010 - 11102,Acoustic and Vibration,10630.0,Acoustic and Vibration,6,"measurement, detector, additional, frequency, irradance"
,Measurement Microphone by the insert voltage technique                        (pressure sensitivity level),250 Hz and 1 kHz,0.08 dB,"5,130/piece",,14010 - 11103,Acoustic and Vibration,5130.0,Acoustic and Vibration,6,"measurement, detector, additional, frequency, irradance"
,Measurement Microphone by the comparison method                             (free-field sensitivity level),31.5 Hz to 16 kHz 74 dB,0.1 dB to 0.4 dB,"7,880/piece",,14010 - 11201,Acoustic and Vibration,7880.0,Acoustic and Vibration,6,"measurement, detector, additional, frequency, irradance"
,"Measurement Microphone type WS2 by the insert voltage
technique (microphone sensitivity) and by The electrostatic
actuator (frequency respone)",20 Hz to 20 kHz," Sensitivity : 0.10 dB
Frequency Response :
0.10 to 0.30 dB
","7,500/piece",,14010 - 11202,Acoustic and Vibration,7500.0,Acoustic and Vibration,6,"measurement, detector, additional, frequency, irradance"
,"Measurement Microphone type WS3 
by the insert voltage technique (microphone sensitivity) 
by The electrostatic actuator or coupler comparison (frequency
respone)",20 Hz to 20 kHz,"Sensitivity : 0.10 dB
Frequency Response : 
0.10 to 0.30 d","7,500/piece",,14010 - 11203,Acoustic and Vibration,7500.0,Acoustic and Vibration,6,"measurement, detector, additional, frequency, irradance"
,Pistonphone or Sound Calibrator,"74 dB to 124 dB
250 Hz,  1kHz",0.08 dB,"4,880 first level
1,000/next level",,14010 - 12101,Acoustic and Vibration,4880.0,Acoustic and Vibration,0,"gauge, calibration, testing, machine, laser"
,"Multifunction Acoustic Calibrator or 
Multi-frequency Sound Calibrator","74 dB to 124 dB
31.5 Hz to 16 kHz",0.09 dB,"16,880/piece",,14010 - 12201,Acoustic and Vibration,16880.0,Acoustic and Vibration,0,"gauge, calibration, testing, machine, laser"
,Sound Level Meter,Based on IEC 61672 Part 3,"Class 1, 2","10,880/piece",,14010 - 13101,Acoustic and Vibration,10880.0,Acoustic and Vibration,7,"meter, power, phase, ac, wattmeter"
,Sound Level Meter,Based on IEC 61672 Part 3,"Class 1, 2","10,880/piece",,14010 - 13101,Acoustic and Vibration,10880.0,Acoustic and Vibration,7,"meter, power, phase, ac, wattmeter"
,Sound Level Meter (Free-field sound pressure response level and absolute sensitivity),31.5 Hz to 16 kHz 74 dB,0.2 dB to 0.4 dB,"7,880/piece",,14010 - 13201,Acoustic and Vibration,7880.0,Acoustic and Vibration,0,"gauge, calibration, testing, machine, laser"
,Sound Exposure Meter or Noise Dose Meter for a frequency,range of 63 Hz – 8 kHz,,"17,500 Baht",,14010 - 13301,Acoustic and Vibration,17500.0,Acoustic and Vibration,7,"meter, power, phase, ac, wattmeter"
,Audiometer with supra-aural earphone for a frequency,125 Hz - 8 kHz,,"7,500 Baht",,14010 - 14101,Acoustic and Vibration,7500.0,Electrical  Metrology Department,0,"gauge, calibration, testing, machine, laser"
,Bone-conduction pure-tone audiometer,250 Hz - 4 kHz,"Type 1, 2, 3 áÅÐ 4","7,500/piece",,14010 - 14501,Acoustic and Vibration,7500.0,Chemical Metrology  Department,0,"gauge, calibration, testing, machine, laser"
,"Sound Absorption Coeficients of Materials
for low frequency",50 Hz - 1.6 kHz,7.10%,"5,000/piece",,14010 - 67001,Acoustic and Vibration,5000.0,Acoustic and Vibration,0,"gauge, calibration, testing, machine, laser"
,"Sound Absorption Coeficients of Materials
for high frequency",500 Hz - 6.4 kHz,7.10%,"5,000/piece",,14010 - 67002,Acoustic and Vibration,5000.0,Acoustic and Vibration,0,"gauge, calibration, testing, machine, laser"
,Sound Transmission Loss of Materials for frequency,50 Hz - 6.4 kHz,3.80%,"8,750 Baht",,14010 - 67003,Acoustic and Vibration,8750.0,Acoustic and Vibration,0,"gauge, calibration, testing, machine, laser"
,Tuning Fork,500 Hz - 5 kHz, 0.8 Hz," 3,125/piece",,"14010 - 67101
",Acoustic and Vibration,3125.0,Mechanical  Metrology Department,0,"gauge, calibration, testing, machine, laser"
,Absorption Coefficient of Material,80 Hz to 6300 Hz,1.5% to 4.0%,"3,500/piece",,14010 - 99001,Acoustic and Vibration,3500.0,Electrical  Metrology Department,0,"gauge, calibration, testing, machine, laser"
,Sound Calibration/Pistonphone,"74 dB to 124 dB, 250 Hz, 1 kHz",,,,14010-12101,Acoustic and Vibration,7880.0,Acoustic and Vibration,0,"gauge, calibration, testing, machine, laser"
,Sound Level Meter Based on IEC61672 Part 3,Based on IEC 61672 Part 3,,,,14010-13101,Acoustic and Vibration,7880.0,Acoustic and Vibration,7,"meter, power, phase, ac, wattmeter"
,Ear Simulator,100 Hz - 16 kHz,"100 Hz to 12.5kHz : 0.4 dB 
>12.5 kHz to 16 kHz : 0.5 dB","8,750/piece",,14010-14401,Acoustic and Vibration,8750.0,Thermometry Metrology Department,0,"gauge, calibration, testing, machine, laser"
,Dental Scaler (Noise Measurement) Based On ISO 22374,20 Hz - 40 kHz,as specification,"3,750/piece",,14010-67301,Acoustic and Vibration,3750.0,Chemical Metrology  Department,6,"measurement, detector, additional, frequency, irradance"
,Vibration Meter,"10 m/s2  to 100 m/s2
50 Hz to 5 kHz",1.00%,"10,000/piece",,14020 - 11101,Acoustic and Vibration,10000.0,Acoustic and Vibration,7,"meter, power, phase, ac, wattmeter"
,Vibration meter at Low frequency,"1 m/s2 to 100 m/s2
1 Hz to 160 Hz",1.00%,"10,000/piece",,14020 - 11102,Acoustic and Vibration,10000.0,Acoustic and Vibration,7,"meter, power, phase, ac, wattmeter"
,Vibration Meter for Low frequency by comparison with standard accelerometer.,"1 m/s² to 100 m/s²
10 Hz to 5kH",1.00%,"15,000/piece",,14020 - 11103,Acoustic and Vibration,15000.0,Acoustic and Vibration,7,"meter, power, phase, ac, wattmeter"
,Vibration Calibrator,"10 m/s2  to 100 m/s2
50 Hz to 5 kHz",1.00%,"5,000 first point
1,250/next point",,14020 - 12101,Acoustic and Vibration,5000.0,Acoustic and Vibration,0,"gauge, calibration, testing, machine, laser"
,Mobile vibration calibrator based on ISO16063-44,"1 m/s2  to 100 m/s2 
40 Hz to 5 kHz","1.2 % for Acceleration 
1 %   for  Frequency
1 %   for  Distortion","35,000 /first 8 points
5,000/next point",,14020 - 12102,Acoustic and Vibration,35000.0,Acoustic and Vibration,0,"gauge, calibration, testing, machine, laser"
,"Accelerometer by Laser Interferometry 
(charge sensitivity)","10 m/s2 to 200 m/s2
40 Hz to 800 Hz
10 m/s2 to 370 m/s2
> 800 Hz to 5 kHz","0.5 %
0.8 %","13,750/piece",,14020 - 13101,Acoustic and Vibration,13750.0,Acoustic and Vibration,0,"gauge, calibration, testing, machine, laser"
,"Accelerometer by comparison to  
reference transducer (charge sensitivity)","10 m/s2  to 100 m/s2
50 Hz to 5 kHz",1.00%,"8,750 first point
1,250/next point",,14020 - 13102,Acoustic and Vibration,8750.0,Acoustic and Vibration,0,"gauge, calibration, testing, machine, laser"
,Shock Transducer by Laser interferometry,20 g to 500 g,1.00%,"11,250 /piece",,14020 - 13201,Acoustic and Vibration,11250.0,Acoustic and Vibration,0,"gauge, calibration, testing, machine, laser"
,"Shock Transducer by comparison to 
reference transducer (shock sensitivity)","20 g to 10,000 g
0.1 ms - 3 ms",4.50%,"7,000 first point
 1,000/next point",,14020 - 13202,Acoustic and Vibration,7000.0,Acoustic and Vibration,0,"gauge, calibration, testing, machine, laser"
,"Accelerometer by Laser Interferometry 
(voltage sensitivity)","10 m/s2 to 200 m/s2
50 Hz to 800 Hz
10 m/s2 to 370 m/s2
> 800 Hz to 5 kHz","0.5 %
0.8 %","13,750/piece",,14020 - 13301,Acoustic and Vibration,13750.0,Acoustic and Vibration,0,"gauge, calibration, testing, machine, laser"
,"Accelerometer by Laser Interferometry
(Voltage sensitivity in modulus)","0.3 m/s2 to 10 m/s2
1 Hz to 160 Hz",1%,"13,000/piece",,14020 - 13302,Acoustic and Vibration,13000.0,Acoustic and Vibration,0,"gauge, calibration, testing, machine, laser"
,"Accelerometer by Laser Interferometry
(Phase shift of Voltage transducer type)","0.3 m/s2 to 10 m/s2
1 Hz to 160 Hz",1.0 degree,"13,000/piece",,14020 - 13303,Acoustic and Vibration,13000.0,Acoustic and Vibration,0,"gauge, calibration, testing, machine, laser"
,"Accelerometer by Laser Interferometry
(Voltage sensitivity in modulus with Phase shift)","0.3 m/s2 to 10 m/s2
1 Hz to 160 Hz",1.0% and 1.0 degree,"15,000/piece",,14020 - 13304,Acoustic and Vibration,15000.0,Acoustic and Vibration,0,"gauge, calibration, testing, machine, laser"
,"Accelerometer by comparison to reference transducer (voltage
sensitivity)","0.3 m/s2 to 10 m/s2
1 Hz-80Hz",1.00%,"8,750/piece",,14020 - 13305,Acoustic and Vibration,8750.0,Acoustic and Vibration,0,"gauge, calibration, testing, machine, laser"
,"Accelerometer by comparison to
reference transducer (Voltage sensitivity)","10 m/s2 to 100 m/s2
40 Hz to 5 kHz",1.00%,"10,000/piece",,14020 - 13306,Acoustic and Vibration,10000.0,Acoustic and Vibration,0,"gauge, calibration, testing, machine, laser"
,"Laser Vibrometer by comparison to
reference vibrometer (modulus)","10 m/s2 to 50 m/s2
40 Hz to 5 kHz",0.50%,"50,000/piece",,14020 - 13401,Acoustic and Vibration,50000.0,Acoustic and Vibration,0,"gauge, calibration, testing, machine, laser"
,Tachometer (Beam of infrared LED technique),"900 RPM to 99,000 RPM",1.00%,"5,000/piece",,14020 - 18102,Acoustic and Vibration,5000.0,Acoustic and Vibration,0,"gauge, calibration, testing, machine, laser"
,Stroboscope,210 RPM to7500 RPM ,1.00%,"5,000/piece",,14020 - 18103,Acoustic and Vibration,5000.0,Mechanical  Metrology Department,0,"gauge, calibration, testing, machine, laser"
,Charge Amplifier,20 Hz to 10 kHz,0.10%,"5,380/piece",,14020 - 19101,Acoustic and Vibration,5380.0,Acoustic and Vibration,0,"gauge, calibration, testing, machine, laser"
,Conditioning Amplifier (Voltage Amplifier),40 Hz to 5 kHz,0.10%,"6,250/piece",,14020 - 19102,Acoustic and Vibration,6250.0,Acoustic and Vibration,0,"gauge, calibration, testing, machine, laser"
,Conditioing Amplifier (ICP Amplifier),40 Hz to 5 kHz,0.10%,"6,250/piece",,14020 - 19103,Acoustic and Vibration,6250.0,Acoustic and Vibration,0,"gauge, calibration, testing, machine, laser"
,Electrical Controller,"Analog Input Voltage:23 mV to 6 V 
analog input charge 15 to 7000 pC 
Frequency: 10 hz to 100 kHz ","?0.5 mV/V for Frequency 10 – 40 Hz
?0.4 mV/V for Frequency 40 Hz – 1 kHz
?0.5 mV/V for Frequency 1 – 20 kHz
?0.8 mV/V for Frequency 20 – 50 kHz
?1.6 mV/V for Frequency 50 – 100 kHz
?0.7 fC/pC for Frequency 10 – 40 Hz
?0.6 fC/pC for Frequency 40 Hz – 1 kHz
?0.7 fC/pC for Frequency 1 – 20 kHz
?1.0 fC/pC for Frequency 20 – 50 kHz
?1.8  fC/pC for Frequency 50 – 100 kHz","60,000 /piece",,14020 - 19104,Acoustic and Vibration,60000.0,Acoustic and Vibration,0,"gauge, calibration, testing, machine, laser"
,Low-frequency vibration sensor,"Vertical direction:0.1 Hz to 100 Hz
Horizontal direction: 0.1 to 80 Hz",1.00%,"20,000 /piece",,14020-11104,Acoustic and Vibration,20000.0,Acoustic and Vibration,0,"gauge, calibration, testing, machine, laser"
2535.0,Seismic sensor jointed with digitizer by laser interferometer,"Horizontal and Vertical directions: 0.1 to 10 Hz
Horizontal and Vertical directions: >10 to 80 Hz","2.0%
7.0%","12,500 / piece",,14020-11105,Acoustic and Vibration,12500.0,Dimensional Metrology Department,0,"gauge, calibration, testing, machine, laser"
,Vibration Table áºº onsite,10 Hz-100 Hz ,,,,14020-12102,Acoustic and Vibration,7880.0,Acoustic and Vibration,0,"gauge, calibration, testing, machine, laser"
2533.0,Shock accelerometer by comparison to a reference accelerometer based on ISO 16063-22 (Charge sensitivity in modulus),"2000 m/s2 to 100000 m/s2
Duration Time 0.08 ms to 1.6 ms",0.03,"15,000 / first 3 points
3,000/ next point",,14020-13202,Acoustic and Vibration,15000.0,Acoustic and Vibration,0,"gauge, calibration, testing, machine, laser"
2531.0,"Shock Accelerometer by laser interferometry
(Charge sensitivity in modulus)","50 m/s2 to 2000 m/s2
Duration Time 1.6 ms to 6.0 ms",0.01,"20,000 / first 3 points
4,000/ next point",,14020-13203,Acoustic and Vibration,20000.0,Acoustic and Vibration,0,"gauge, calibration, testing, machine, laser"
,Vibration sensor-voltage sensitivity,40 Hz - 5 kHz,,,,14020-13306,Acoustic and Vibration,7880.0,Acoustic and Vibration,0,"gauge, calibration, testing, machine, laser"
,Laser Vibrometer  base on ISO 16063-41 for low frequency,"0.1 Hz to less than 0.4 Hz
0.4 Hz to 40 Hz
more than 40 Hz to 160 Hz","1.0 %
0.5%
2.0%","50,000/piece",,14020-13402,Acoustic and Vibration,50000.0,Acoustic and Vibration,0,"gauge, calibration, testing, machine, laser"
,Laser Vibrometer  base on ISO 16063-41 for medium frequency,"50 Hz to 15 kHz
more than 15 kHz to 20 kHz","0.5%
1.0%","50,000/piece",,14020-13403,Acoustic and Vibration,50000.0,Acoustic and Vibration,0,"gauge, calibration, testing, machine, laser"
2534.0,Shock accelerometer by comparison to a reference accelerometer based on ISO 16063-22 (Voltage sensitivity in modulus),"2000 m/s2 to 100000 m/s2
Duration Time 0.08 ms to 1.6 ms",0.03,"15,000 / first 3 points
3,000/ next point",,14020-13404,Acoustic and Vibration,15000.0,Acoustic and Vibration,0,"gauge, calibration, testing, machine, laser"
2532.0,"Shock accelerometer by laser interferometry
(Voltage sensitivity in modulus)","50 m/s2 to 2000 m/s2
Duration Time 1.6 ms to 6.0 ms",0.01,"20,000 / first 3 points
4,000/ next point",,14020-13405,Acoustic and Vibration,20000.0,Acoustic and Vibration,0,"gauge, calibration, testing, machine, laser"
,Pendulum Shock (on-site),500 m/s2 to 5000 m/s2,5%,"31,250/piece",,14020-13601,Acoustic and Vibration,31250.0,Acoustic and Vibration,0,"gauge, calibration, testing, machine, laser"
,Laser Vibrometer,20 kHz,3.50%,"4,375/point",,14020-18101,Acoustic and Vibration,4375.0,Acoustic and Vibration,0,"gauge, calibration, testing, machine, laser"
,"Displacement (Unloaded scaler), Frequency  (Dental scaler)","0.1 µm to 220.0 µm.
18 kHz to 20 kHz","5.0%
2.0%","11,250/piece",,14020-18104,Acoustic and Vibration,11250.0,Acoustic and Vibration,0,"gauge, calibration, testing, machine, laser"
,Tachometer (Engine Ignition Signal with Sparking Plug (Simulation Set)),"120 RPM to 36,000 RPM",1%,"5,000 /piece",,14020-18105,Acoustic and Vibration,5000.0,Mechanical  Metrology Department,0,"gauge, calibration, testing, machine, laser"
2528.0,Tachometer and RPM Meter (Vibration Technique),"120 RPM to 21,000 RPM",0.01,"5,000/piece",,14020-18106,Acoustic and Vibration,5000.0,Acoustic and Vibration,7,"meter, power, phase, ac, wattmeter"
2529.0,GPS/GNSS Speed Calibration Dynamics Test (Field Test) onsite,10 km/h to 160 km/h,"? 0.2 km/h for speed 10 km/h to 100 km/h
? 0.25 km/h for speed >100 km/h to 160 km/h","55,000/piece",,14020-18107,Acoustic and Vibration,55000.0,Dimensional Metrology Department,0,"gauge, calibration, testing, machine, laser"
,Accelerometer,2 Hz to 50 Hz,,,,14020-19102,Acoustic and Vibration,7880.0,Acoustic and Vibration,0,"gauge, calibration, testing, machine, laser"
,Safety Belt,11 Hz-40 Hz ,,,,14020-19103,Acoustic and Vibration,7880.0,Mechanical  Metrology Department,0,"gauge, calibration, testing, machine, laser"
,Coniditioning amplifier,ICP mode at frequency range: 40 Hz - 5 kHz ,,,,14020-19103,Acoustic and Vibration,7880.0,Acoustic and Vibration,0,"gauge, calibration, testing, machine, laser"
2530.0,Electrical Generator,"10 mV, 100 mV, 1 V, and 10V","0.05% for Range 10 V
0.10% for Range 1 V
0.15% for Range 100 mV
1.0% for Range 10 mV","12,500 / piece",,14020-19105,Acoustic and Vibration,12500.0,Electrical  Metrology Department,0,"gauge, calibration, testing, machine, laser"
,Coniditioning amplifier,Voltage mode at frequency rang:40 Hz - 5 Hz,,,,14020-19120,Acoustic and Vibration,7880.0,Acoustic and Vibration,0,"gauge, calibration, testing, machine, laser"
,Ultrasound Power Meter,"1 MHz to 20 MHz
1mW to 1000 mW",3.9 % to 13.7 %,"10,000/piece",,14030 - 11101,Acoustic and Vibration,10000.0,Electrical  Metrology Department,7,"meter, power, phase, ac, wattmeter"
,Ultrasonic Transducer (ultrasonic transducer and generator),"0.5 W to 10 W
1 MHz 
0.5 W to 4 W 
3 MHz 
0.5 W to 2 W","6.0 %
7.0%
7.0%","12,500/piece",,14030 - 11102,Acoustic and Vibration,12500.0,Acoustic and Vibration,0,"gauge, calibration, testing, machine, laser"
,Ultrasonic Transducer,"1 MHz to 20 MHz
1mW to 1000 mW",3.9 % to 13.7 %,"11,700/piece",,14030 - 12101,Acoustic and Vibration,11700.0,Acoustic and Vibration,0,"gauge, calibration, testing, machine, laser"
,Ultrasound Power in Medical Device (Therapeutic Ultrasound) - Onsite Service,,,"3,000",,14030 - 15101,Acoustic and Vibration,3000.0,Acoustic and Vibration,0,"gauge, calibration, testing, machine, laser"
,Ultrasound Power Meter for Physiotherap,1 MHz,,,,14030-11101,Acoustic and Vibration,7880.0,Electrical  Metrology Department,7,"meter, power, phase, ac, wattmeter"
,Ultrasound Power Calibration System,"¾ÔÊÑÂ¡ÒÃÇÑ´ÂèÒ¹¤ÇÒÁ¶Õè 1,3 áÅÐ 5 àÁ¡¡ÃÐàÎÔÃµ«ì ·Õè¢¹Ò´¡ÓÅÑ§ 0.5 ÇÑµµì",,,,14030-11101,Acoustic and Vibration,7880.0,Acoustic and Vibration,7,"meter, power, phase, ac, wattmeter"
,Ultrasound Power Meter,"Power:0.5 W to 10 W/ Frequency 1 MHz
Power:0.5 W to 10 W/ Frequency 3 MHz
Power:0.5 W to 2 W/ Frequency 5 MHz",,,,14030-11101,Acoustic and Vibration,7880.0,Electrical  Metrology Department,7,"meter, power, phase, ac, wattmeter"
,Ultrasonic Transducer,"¾ÔÊÑÂ¡ÒÃÇÑ´ÂèÒ¹¤ÇÒÁ¶Õè 1, 3 áÅÐ 5 àÁ¡¡ÐàÎÔÃµ«ì·Õè¢¹Ò´¡ÓÅÑ§ 1, 2, 4, 8 áÅÐ 10 ÇÑµµì",,,,14030-11102,Acoustic and Vibration,7880.0,Acoustic and Vibration,0,"gauge, calibration, testing, machine, laser"
2527.0,"Ultrasound Power and Time Accuracy (Therapeutic Ultrasound) -
Onsite Service","1 MHz to 3 MHz / 0.5 W to 10.0 W
1 MHz to 3 MHz / 60 s and 240 s","8.00%
1.00%","5,000/piece",,14030-11103,Acoustic and Vibration,5000.0,Acoustic and Vibration,0,"gauge, calibration, testing, machine, laser"
,Needle hydrophone (free-field sensitivity - hydrophone),"Frequency : ranges: 0.5 MHz-15MHz,2 MHz,3MHz,4 MHz,5MHz,10MHz,15MHz",13.0% to 14.0%,"24,375/piece",,14033 - 11101,Acoustic and Vibration,24375.0,Acoustic and Vibration,0,"gauge, calibration, testing, machine, laser"
,Immersion Ultrasonic Transducer,1 Mhz to 15 MHz  50 kPa to <20MPa rms,14.40% to 15.30%,"7,500/piece",,14033 - 13101,Acoustic and Vibration,7500.0,Acoustic and Vibration,0,"gauge, calibration, testing, machine, laser"
,Ultrasound Check Source,100 mW to 1 W,6%,"10,000/piece",,14033 - 13111,Acoustic and Vibration,10000.0,Acoustic and Vibration,0,"gauge, calibration, testing, machine, laser"
,Ultrasund transducer for physiotherapy(Planar Scanning Method),"1 Mhz ,3 MHz  50 kPa to <20MPa rms",17.00%,"7,500/piece",,14033 - 63301,Acoustic and Vibration,7500.0,Acoustic and Vibration,0,"gauge, calibration, testing, machine, laser"
,Ultrasonic transducer measurement(Effective radiation area(Aer)and the beam non-uniformity ratio(Rbn)),Frequency :  1 MHz  Frequency :  3 MHz,(Aer)7.0% (Rbn) 7.0% (f awf) 4.0% (Aer) 7.0% (Rbn)7.0% (f awf) 4.0%,7500 THB/1 ¤ÇÒÁ¶Õè,,14033 - 63302,Acoustic and Vibration,7500.0,Acoustic and Vibration,0,"gauge, calibration, testing, machine, laser"
,Ultrasound Check Source,"Frequency 3.5 MHz, Power : 100 mW and 1 W Uncertainty 6%",,,,14033-13111,Acoustic and Vibration,7880.0,Acoustic and Vibration,0,"gauge, calibration, testing, machine, laser"
,Effective radiation area (AER) and Beam non-uniformity ratio (RBN),Frequency : 1 MHz,,,,14033-63302,Acoustic and Vibration,7880.0,Acoustic and Vibration,0,"gauge, calibration, testing, machine, laser"
,Extensometer,"        10%-100%         
","According to 
","17,500",,"15000 - 11010
",Innovation and Measuring Devices Development Group,17500.0,Innovation and Measuring Devices Development Group,0,"gauge, calibration, testing, machine, laser"
,Extensometer,"1%-10%,
      10%-100%           
","ISO 9513
","22,500",,15000 - 11020,Innovation and Measuring Devices Development Group,22500.0,Innovation and Measuring Devices Development Group,0,"gauge, calibration, testing, machine, laser"
,Extensometer,"0.1%-1%,
1%-10%,
       10%-100%           
",,"30,000",,15000 - 11030,Innovation and Measuring Devices Development Group,30000.0,Innovation and Measuring Devices Development Group,0,"gauge, calibration, testing, machine, laser"
,Gauge length for Extensometer,All sizes,,"2,500/ea",,15000 - 11040,Innovation and Measuring Devices Development Group,2500.0,Innovation and Measuring Devices Development Group,0,"gauge, calibration, testing, machine, laser"
,Jig figure,All side,According to specification,"2,500/hour",,15000 - 11050,Innovation and Measuring Devices Development Group,2500.0,Mechanical  Metrology Department,0,"gauge, calibration, testing, machine, laser"
,Revers engineering,All sizes,According to Specification,"3,000/ea",,15000 - 11060,Innovation and Measuring Devices Development Group,3000.0,Mechanical  Metrology Department,0,"gauge, calibration, testing, machine, laser"
,3D Inspection,All sizes,According to Specification,"2,500/ea",,15000 - 11070,Innovation and Measuring Devices Development Group,2500.0,Dimensional Metrology Department,0,"gauge, calibration, testing, machine, laser"
,Displacement Measuring Devices,10% - 100%,According to CP-Inutm 1013,5000,,15000 - 11080,Innovation and Measuring Devices Development Group,5000.0,Mechanical  Metrology Department,0,"gauge, calibration, testing, machine, laser"
,Extensometer Calibration Apparatus,,,"17,500",,15000 - 11090,Innovation and Measuring Devices Development Group,17500.0,Innovation and Measuring Devices Development Group,0,"gauge, calibration, testing, machine, laser"
,Extensometer Calibration Apparatus,,,"22,500",,15000 - 11100,Innovation and Measuring Devices Development Group,22500.0,Innovation and Measuring Devices Development Group,0,"gauge, calibration, testing, machine, laser"
,Extensometer Calibration Apparatus,,,"30,000",,15000 - 11110,Innovation and Measuring Devices Development Group,30000.0,Innovation and Measuring Devices Development Group,0,"gauge, calibration, testing, machine, laser"
,V-notch Charpy Impact CR,,,"18,530/set",,15000 - 22010,Innovation and Measuring Devices Development Group,18530.0,Innovation and Measuring Devices Development Group,0,"gauge, calibration, testing, machine, laser"
,V-notch Charpy Impact CRM,"30 J ± 10 J
","According to ISO148-3

","18,530/set
",,15000 - 22010,Innovation and Measuring Devices Development Group,18530.0,Innovation and Measuring Devices Development Group,0,"gauge, calibration, testing, machine, laser"
,V-notch Charpy Impact CRM,"100 J ± 10 J
","According to ISO148-3

","18,530/set
",,15000 - 22020,Innovation and Measuring Devices Development Group,18530.0,Innovation and Measuring Devices Development Group,0,"gauge, calibration, testing, machine, laser"
,V-notch Charpy Impact CR,,,"18,530/set",,15000 - 22020,Innovation and Measuring Devices Development Group,18530.0,Innovation and Measuring Devices Development Group,0,"gauge, calibration, testing, machine, laser"
,"Data link for small tool (Mirometer, Vernier, Dial, Micrometer Head, Height gauge)",,,"30,000/ea",,15000 - 22030,Innovation and Measuring Devices Development Group,30000.0,Innovation and Measuring Devices Development Group,0,"gauge, calibration, testing, machine, laser"
,"Data link for small tool
 (Mirometer, Vernier, Dial,
Micrometer Head, Height gauge)",2 devices,," 30,000/ea",,"15000 - 22030
",Innovation and Measuring Devices Development Group,30000.0,Innovation and Measuring Devices Development Group,0,"gauge, calibration, testing, machine, laser"
,"Data link for small tool (Mirometer, Vernier, Dial, Micrometer Head, Height gauge)",,,"40,000/ea",,15000 - 22040,Innovation and Measuring Devices Development Group,40000.0,Innovation and Measuring Devices Development Group,0,"gauge, calibration, testing, machine, laser"
,"Data link for small tool
 (Mirometer, Vernier, Dial,
Micrometer Head, Height gauge)",4 devices,," 40,000/ea",,"15000 - 22040
",Innovation and Measuring Devices Development Group,40000.0,Innovation and Measuring Devices Development Group,0,"gauge, calibration, testing, machine, laser"
,"Data link for small tool (Mirometer, Vernier, Dial, Micrometer Head, Height gauge)",,,"60,000/ea",,15000 - 22050,Innovation and Measuring Devices Development Group,60000.0,Innovation and Measuring Devices Development Group,0,"gauge, calibration, testing, machine, laser"
,"Data link for small tool
 (Mirometer, Vernier, Dial,
Micrometer Head, Height gauge)",8 devices,," 60,000/ea",,"15000 - 22050
",Innovation and Measuring Devices Development Group,60000.0,Innovation and Measuring Devices Development Group,0,"gauge, calibration, testing, machine, laser"
,Data link for instrument,,,"30,000/ea",,15000 - 22060,Innovation and Measuring Devices Development Group,30000.0,Innovation and Measuring Devices Development Group,0,"gauge, calibration, testing, machine, laser"
,Data link for instrument,2 devices,," 30,000/ea",,"15000 - 22060
",Innovation and Measuring Devices Development Group,30000.0,Innovation and Measuring Devices Development Group,0,"gauge, calibration, testing, machine, laser"
,Data link for instrument,,,"40,000/ea",,15000 - 22070,Innovation and Measuring Devices Development Group,40000.0,Innovation and Measuring Devices Development Group,0,"gauge, calibration, testing, machine, laser"
,Data link for instrument,4 devices,," 40,000/ea",,"15000 - 22070
",Innovation and Measuring Devices Development Group,40000.0,Innovation and Measuring Devices Development Group,0,"gauge, calibration, testing, machine, laser"
,Software I-link for instrument,,,"15,000",,15000 - 22080,Innovation and Measuring Devices Development Group,15000.0,Innovation and Measuring Devices Development Group,0,"gauge, calibration, testing, machine, laser"
,Software I-link for instrument,1 devices,,"15,000",,"15000 - 22080
",Innovation and Measuring Devices Development Group,15000.0,Innovation and Measuring Devices Development Group,0,"gauge, calibration, testing, machine, laser"
,Software I-link for instrument,,,"35,000",,15000 - 22090,Innovation and Measuring Devices Development Group,35000.0,Innovation and Measuring Devices Development Group,0,"gauge, calibration, testing, machine, laser"
,Software I-link for instrument,1 devices,,"35,000",,"15000 - 22090
",Innovation and Measuring Devices Development Group,35000.0,Innovation and Measuring Devices Development Group,0,"gauge, calibration, testing, machine, laser"
,V-notch Charpy Impact CRM ASTM E23,,,"18,530/set",,15000 - 22100,Innovation and Measuring Devices Development Group,18530.0,Innovation and Measuring Devices Development Group,0,"gauge, calibration, testing, machine, laser"
,V-notch Charpy Impact CRM ASTM E23,,,"18,530/set",,15000 - 22110,Innovation and Measuring Devices Development Group,18530.0,Innovation and Measuring Devices Development Group,0,"gauge, calibration, testing, machine, laser"
,V-notch Charpy Impact CRM ASTM E23,,,"18,530/set",,15000 - 22120,Innovation and Measuring Devices Development Group,18530.0,Innovation and Measuring Devices Development Group,0,"gauge, calibration, testing, machine, laser"
,Extensometer,"    10%-100%         
","According to 
","17,500",,15000 - 31010,Innovation and Measuring Devices Development Group,17500.0,Innovation and Measuring Devices Development Group,0,"gauge, calibration, testing, machine, laser"
,Extensometer,"1%-10%,
       10%-100%           
","ISO 9513
","22,500",,15000 - 31020,Innovation and Measuring Devices Development Group,22500.0,Innovation and Measuring Devices Development Group,0,"gauge, calibration, testing, machine, laser"
,Extensometer,"0.1%-1%,
1%-10%,
   10%-100%           
",,"30,000",,15000 - 31030,Innovation and Measuring Devices Development Group,30000.0,Innovation and Measuring Devices Development Group,0,"gauge, calibration, testing, machine, laser"
,Gauge length for Extensometer,,,"2,500/ea",,15000 - 31040,Innovation and Measuring Devices Development Group,2500.0,Innovation and Measuring Devices Development Group,0,"gauge, calibration, testing, machine, laser"
,Callibration of metellic -charpy pendulum Testing Machine,,,"100,000",,15000 - 31050,Innovation and Measuring Devices Development Group,100000.0,Mechanical  Metrology Department,0,"gauge, calibration, testing, machine, laser"
,Calibration of metallic -charpy pendulum Testing Machine,Low(<40J) and high (?40J)energy,According to ISO148-2,"40,450",,15000 - 31051,Innovation and Measuring Devices Development Group,40450.0,Innovation and Measuring Devices Development Group,0,"gauge, calibration, testing, machine, laser"
,Calibration of metallic -charpy pendulum Testing Machine,Low(<40J) and high (?40J)energy,According to ISO148-2,"71,500",,15000 - 31052,Innovation and Measuring Devices Development Group,71500.0,Innovation and Measuring Devices Development Group,0,"gauge, calibration, testing, machine, laser"
,Calibration of metallic -charpy pendulum Testing Machine,Low(<40J) and high (?40J)energy,According to ISO148-2,"22,710",,15000 - 31053,Innovation and Measuring Devices Development Group,22710.0,Innovation and Measuring Devices Development Group,0,"gauge, calibration, testing, machine, laser"
,Jig Fixture,,,"2,500/hour",,15000 - 31060,Innovation and Measuring Devices Development Group,2500.0,Mechanical  Metrology Department,0,"gauge, calibration, testing, machine, laser"
,Reverse engineering,All sizes,According to Specification,"3,000/ea","IGES,STEP File",15000 - 31070,Innovation and Measuring Devices Development Group,3000.0,Mechanical  Metrology Department,0,"gauge, calibration, testing, machine, laser"
,3D Inspection,All sizes,According to Specification,"2,500/ea",STL File,15000 - 31080,Innovation and Measuring Devices Development Group,2500.0,Dimensional Metrology Department,0,"gauge, calibration, testing, machine, laser"
,Displacement Measuring Devices,10%-100% ,According to CP-INutm 1013 ,"5,000",,15000 - 31090,Innovation and Measuring Devices Development Group,5000.0,Mechanical  Metrology Department,0,"gauge, calibration, testing, machine, laser"
,"Calibration of Plastics – Verification of Charpy, Izod Impact testing Machine",,,"18,000 / Impact type",,15000 - 31100,Innovation and Measuring Devices Development Group,18000.0,Mechanical  Metrology Department,0,"gauge, calibration, testing, machine, laser"
,Extensometer Calibration Apparatus,,,"17,500",,15000 - 31110,Innovation and Measuring Devices Development Group,17500.0,Innovation and Measuring Devices Development Group,0,"gauge, calibration, testing, machine, laser"
,Extensometer Calibration Apparatus,,,"22,500",,15000 - 31120,Innovation and Measuring Devices Development Group,22500.0,Innovation and Measuring Devices Development Group,0,"gauge, calibration, testing, machine, laser"
,Extensometer Calibration Apparatus,,,"30,000",,15000 - 31130,Innovation and Measuring Devices Development Group,30000.0,Innovation and Measuring Devices Development Group,0,"gauge, calibration, testing, machine, laser"
,Calibration of pendulum-type hammer impact machines for use with plastic specimens ASTM D256 (Izod,,,"18,000 / Impact type",,15000 - 31200,Innovation and Measuring Devices Development Group,18000.0,Dimensional Metrology Department,0,"gauge, calibration, testing, machine, laser"
,Calibration of Gauge length Calibrator,,,"25,000",,15000 - 31300,Innovation and Measuring Devices Development Group,25000.0,Dimensional Metrology Department,0,"gauge, calibration, testing, machine, laser"
,Robot calibration,All sizes,,"10,000",,15000 - 31400,Innovation and Measuring Devices Development Group,10000.0,Innovation and Measuring Devices Development Group,0,"gauge, calibration, testing, machine, laser"
,Machine Calibration,All sizes,,"10,000 / 1 axis",,15000 - 31500,Innovation and Measuring Devices Development Group,10000.0,Mechanical  Metrology Department,0,"gauge, calibration, testing, machine, laser"
,Twin robot measurement,All sizes,,"10,000",,15000 - 31600,Innovation and Measuring Devices Development Group,10000.0,Electrical  Metrology Department,6,"measurement, detector, additional, frequency, irradance"
,Displacement Measuring Systems and Devices Used in Material Testing Machines,"Displacement length up to 2,000 mm.",According toASTM E2309/E2309M-16,"6,250",,15000 - 31700,Innovation and Measuring Devices Development Group,6250.0,Mechanical  Metrology Department,0,"gauge, calibration, testing, machine, laser"
,Speed for material testing machines,"Speed 0.05 mm/Min to 2,500 mm/Min.",According toASTM E2658-15,"6,250",,15000 - 31800,Innovation and Measuring Devices Development Group,6250.0,Mechanical  Metrology Department,0,"gauge, calibration, testing, machine, laser"
,Callibration of metellic -charpy pendulum Testing Machine,"Low(<40J) and high (?40J)energy 

","According to ISO148-2

","81,250
",,15000 - 32010,Innovation and Measuring Devices Development Group,81250.0,Mechanical  Metrology Department,0,"gauge, calibration, testing, machine, laser"
2526.0,Calibration of spring hammers,0 - 2 J,Environmental testing-Part 2-75: Tests - Test Eh: Hammer tests According to IEC 60068-2-75 ,"3,500/ea",,15000-12000,Innovation and Measuring Devices Development Group,3500.0,Innovation and Measuring Devices Development Group,0,"gauge, calibration, testing, machine, laser"
,Ventilator Analyzer,"Airway pressure (0 to 150) hPa
Tidal volumes (30 to 600) mL
Oxygen concentration (30 to 100)%","Pressure 0.15 mbar
Volume 0.7%
Oxygen concentration 0.55%","7,500",,"16000-10000
",Medical Metrology Program,7500.0,Electrical  Metrology Department,0,"gauge, calibration, testing, machine, laser"
,Pulse rate of NIBP Simulator,(30 to 200) BPM,0.50 BPM,"3,500",,"16000-10001
",Medical Metrology Program,3500.0,Mechanical  Metrology Department,0,"gauge, calibration, testing, machine, laser"
,Volume of syringe,(30 to 200) BPM,0.50 BPM,"2,500",,"16000-10002
",Medical Metrology Program,2500.0,Mechanical  Metrology Department,0,"gauge, calibration, testing, machine, laser"
,"Infusion pump analyzer
- Flow rate","1 mL/h to 300 mL/h
","0.55%rdg
","4500/chanel+4,500
at 1 mL/h",CP-MMP 1003,16000-10003,Medical Metrology Program,4500.0,Mechanical  Metrology Department,0,"gauge, calibration, testing, machine, laser"
,"Infusion pump analyzer
- Occlusion pressure","100 mmHg to 1,200 mmHg",14 mmHg ,"4500/chanel+4,500
at 1 mL/h",CP-MMP 1003,16000-10003,Medical Metrology Program,4500.0,Mechanical  Metrology Department,0,"gauge, calibration, testing, machine, laser"
,"Vital signs simulator
- Pulse rate of NIBP",30-300 BPM,0.5 BPM ,"7,000",CP-MMP 1004,16000-10004,Medical Metrology Program,7000.0,Medical Metrology Program,0,"gauge, calibration, testing, machine, laser"
,"Vital signs simulator
- NIBP simulator 
- staitc pressure",0-300 mmHg,0.5 mmHg,"7,000",CP-MMP 1004,16000-10004,Medical Metrology Program,7000.0,Mechanical  Metrology Department,0,"gauge, calibration, testing, machine, laser"
,#NAME?,30-300 BPM,0.1 BPM ,"3,500",CP-MMP 1004,16000-10005,Medical Metrology Program,3500.0,Mechanical  Metrology Department,0,"gauge, calibration, testing, machine, laser"
,#NAME?,0 to 20 mV/V,0.015% + 0.00032 mV/V,"3,500",CP-MMP 1004,16000-10006,Medical Metrology Program,3500.0,Mechanical  Metrology Department,0,"gauge, calibration, testing, machine, laser"
,#NAME?,1-25 kW,0.03%,"3,500",CP-MMP 1004,16000-10007,Medical Metrology Program,3500.0,Mechanical  Metrology Department,0,"gauge, calibration, testing, machine, laser"
,#NAME?,"0.2-7
mV
",0.010 mV,"3,500",CP-MMP 1004,16000-10008,Medical Metrology Program,3500.0,Mechanical  Metrology Department,0,"gauge, calibration, testing, machine, laser"
,#NAME?,30-300 BPM,0.6 BPM,"3,500",CP-MMP 1004,"16000-10009
",Medical Metrology Program,3500.0,Mechanical  Metrology Department,0,"gauge, calibration, testing, machine, laser"
,PT Sound Level Meter,,,"7,254 ºÒ·","¤èÒ¨Ñ´à»ÃÕÂºà·ÕÂº 7,254 ºÒ· äÁèÃÇÁ vat",pt1,Acoustic and Vibration,7254.0,Acoustic and Vibration,7,"meter, power, phase, ac, wattmeter"
